2026-08-07 07:56:36 | sleep.utils.seed               | INFO  | Seeded all RNGs with seed=1 (deterministic_algorithms=False)
==============================================================================
EXPERIMENT 08: Multi-Cycle Continual Learning
  Method:     sleep
  Cycles:     10
  Batch size: 20
==============================================================================
  Loaded 200 facts (will run 10 cycles of 20 each)

Loading model: /workspace/models/qwen2.5-1.5b (eager attention)
[transformers] `torch_dtype` is deprecated! Use `dtype` instead!
Loading weights:   0%|          | 0/338 [00:00<?, ?it/s]Loading weights:  28%|██▊       | 93/338 [00:00<00:00, 879.94it/s]Loading weights:  54%|█████▎    | 181/338 [00:00<00:00, 674.63it/s]Loading weights:  75%|███████▍  | 252/338 [00:00<00:00, 515.30it/s]Loading weights:  91%|█████████ | 308/338 [00:00<00:00, 473.42it/s]Loading weights: 100%|██████████| 338/338 [00:00<00:00, 545.40it/s]
  Model: 1.544B params
2026-08-07 07:56:50 | sleep.weights.lora             | INFO  | LoRA target modules for llama: ['v_proj', 'o_proj']
2026-08-07 07:56:50 | sleep.weights.lora             | INFO  | LoRA config: rank=16, alpha=32, layers=[19, 20, 21, 22, 23, 24, 25, 26, 27] (of 28 total), targets=['v_proj', 'o_proj']
2026-08-07 07:56:50 | sleep.weights.lora             | INFO  | Created LoRA adapter 'w_fast': 700416 trainable parameters (0.0454% of base model)
2026-08-07 07:56:50 | sleep.weights.lora             | INFO  | LoRA target modules for llama: ['v_proj', 'o_proj']
2026-08-07 07:56:50 | sleep.weights.lora             | INFO  | LoRA config: rank=16, alpha=32, layers=[19, 20, 21, 22, 23, 24, 25, 26, 27] (of 28 total), targets=['v_proj', 'o_proj']
2026-08-07 07:56:50 | sleep.weights.lora             | INFO  | Dual adapters ready: w_fast=700416 params, w_cons=700416 params
/usr/local/lib/python3.11/dist-packages/peft/tuners/tuners_utils.py:2193: UserWarning: Adapter cannot be set when the model is merged. Unmerging the model first.
  warnings.warn("Adapter cannot be set when the model is merged. Unmerging the model first.")
2026-08-07 07:56:50 | sleep.weights.fast_update      | INFO  | FastWeightUpdater initialized: 36 parameter groups, alpha_base=1.00e-04, momentum=0.90
2026-08-07 07:56:50 | sleep.weights.plasticity       | INFO  | Adapted layers: [19, 20, 21, 22, 23, 24, 25, 26, 27] (top 33% of 28 layers)
2026-08-07 07:56:50 | sleep.weights.plasticity       | INFO  | Computed Frobenius norms for 196 base model weight matrices.
2026-08-07 07:56:50 | sleep.weights.kv_injection     | INFO  | KVInjector installed on 9 layers: [19, 20, 21, 22, 23, 24, 25, 26, 27]
2026-08-07 07:56:50 | sleep.weights                  | INFO  | KV memory mode enabled | adapted_layers=[19, 20, 21, 22, 23, 24, 25, 26, 27] | num_kv_heads=2 | head_dim=128 | max_total_tokens=20000 | top_k=64 | device=cuda:0 | dtype=torch.bfloat16
2026-08-07 07:56:50 | sleep.weights                  | INFO  | DualWeightSystem initialized | W_fast: 700,416 params | W_cons: 700,416 params | Adapted layers: [19, 20, 21, 22, 23, 24, 25, 26, 27] | Plasticity: 0.514–0.937 | KV bank installed
/usr/local/lib/python3.11/dist-packages/peft/tuners/lora/layer.py:983: UserWarning: Already unmerged. Nothing to do.
  warnings.warn("Already unmerged. Nothing to do.")
2026-08-07 07:56:50 | sleep.sleep_engine.quality     | INFO  | Baseline surprise computed: mu_surprise=1.7083 nats over 54 tokens

Measuring baseline PPL on controls...
2026-08-07 07:56:50 | sleep.evaluation.preservation  | INFO  | Perplexity evaluation: PPL=5.5125 (mean_loss=1.7070, 54 tokens)
  Baseline PPL: 5.5125
2026-08-07 07:56:50 | sleep.experiment.08            | INFO  | ======================================================================
2026-08-07 07:56:50 | sleep.experiment.08            | INFO  | [SLEEP Cycle 1] Wake phase: 20 facts
2026-08-07 07:56:50 | sleep.experiment.08            | INFO  | ======================================================================
2026-08-07 07:56:50 | sleep.tagging                  | INFO  | step=1 | 2 tags created from 2 spans | buffer: 2/7718 (0.0%)
2026-08-07 07:56:50 | sleep.tagging                  | INFO  | step=2 | 1 tags created from 1 spans | buffer: 3/7718 (0.0%)
2026-08-07 07:56:51 | sleep.tagging                  | INFO  | step=3 | 1 tags created from 1 spans | buffer: 4/7718 (0.1%)
2026-08-07 07:56:51 | sleep.tagging                  | INFO  | step=4 | 1 tags created from 1 spans | buffer: 5/7718 (0.1%)
2026-08-07 07:56:51 | sleep.tagging                  | INFO  | step=6 | 1 tags created from 1 spans | buffer: 6/7718 (0.1%)
2026-08-07 07:56:51 | sleep.tagging                  | INFO  | step=7 | 1 tags created from 1 spans | buffer: 7/7718 (0.1%)
2026-08-07 07:56:51 | sleep.tagging                  | INFO  | step=9 | 1 tags created from 1 spans | buffer: 8/7718 (0.1%)
2026-08-07 07:56:51 | sleep.tagging                  | INFO  | step=12 | 1 tags created from 1 spans | buffer: 9/7718 (0.1%)
2026-08-07 07:56:51 | sleep.tagging                  | INFO  | step=13 | 1 tags created from 1 spans | buffer: 10/7718 (0.1%)
2026-08-07 07:56:51 | sleep.tagging                  | INFO  | step=14 | 1 tags created from 1 spans | buffer: 11/7718 (0.1%)
2026-08-07 07:56:51 | sleep.tagging                  | INFO  | step=16 | 1 tags created from 1 spans | buffer: 12/7718 (0.2%)
2026-08-07 07:56:51 | sleep.tagging                  | INFO  | step=17 | 1 tags created from 1 spans | buffer: 13/7718 (0.2%)
2026-08-07 07:56:51 | sleep.tagging                  | INFO  | step=18 | 1 tags created from 1 spans | buffer: 14/7718 (0.2%)
2026-08-07 07:56:51 | sleep.experiment.08            | INFO  | [Cycle 1] Wake summary: 20 facts -> 13 KV writes; bank: 549/20000 tokens
2026-08-07 07:56:51 | sleep.prp                      | INFO  | step=20 | PRP update: 4/771 allocated (1%) | +4 -0 | threshold=0.389 | mean_score=0.353
2026-08-07 07:56:51 | sleep.experiment.08            | INFO  | [Cycle 1] PRP: 4 allocated, 4 consolidation candidates
2026-08-07 07:56:51 | sleep.sleep_engine             | INFO  | === Sleep cycle START | 4 candidates ===
2026-08-07 07:56:51 | sleep.sleep_engine             | INFO  | Phase 1/5: GENERATE (strategy=original)
2026-08-07 07:56:51 | sleep.sleep_engine             | INFO  | KV memory injection: DISABLED
2026-08-07 07:56:51 | sleep.sleep_engine             | INFO  | Phase 1 (original strategy): 4 unique-source replays from 4 candidates
2026-08-07 07:56:51 | sleep.sleep_engine             | INFO  | Phase 1 complete: 4/4 replays generated
2026-08-07 07:56:51 | sleep.sleep_engine             | INFO  | Phase 2/5: QUALITY CHECK
2026-08-07 07:56:52 | sleep.sleep_engine             | INFO  | Phase 2 complete: 4/4 replays accepted
2026-08-07 07:56:52 | sleep.sleep_engine             | INFO  | Phase 3/5: TRAIN (4 accepted replays)
2026-08-07 07:56:52 | sleep.sleep_engine             | INFO  | KV memory injection: DISABLED
2026-08-07 07:56:52 | sleep.weights.plasticity       | INFO  | Saved checkpoint for adapter 'w_cons': 36 parameters.
2026-08-07 07:56:52 | sleep.weights.plasticity       | INFO  | Saved checkpoint for adapter 'w_cons': 36 parameters.
2026-08-07 07:56:52 | sleep.sleep_engine.train       | INFO  | Starting sleep training | n_steps=100 | n_replay=4 | lr=1.00e-04 | device=cuda
2026-08-07 07:56:53 | sleep.sleep_engine.train       | INFO  |   step 10/100 | loss=2.9768 | mean_loss=2.9901 | eta=9 | lr=1.00e-04
2026-08-07 07:56:54 | sleep.weights.plasticity       | INFO  | Hard-clipped 1 w_cons parameters to delta_max=0.0200 bound.
2026-08-07 07:56:54 | sleep.weights.plasticity       | INFO  | Hard-clipped 1 w_cons parameters to delta_max=0.0200 bound.
2026-08-07 07:56:54 | sleep.sleep_engine.train       | INFO  |   step 20/100 | loss=2.8075 | mean_loss=2.9291 | eta=9 | lr=9.70e-05
2026-08-07 07:56:54 | sleep.weights.plasticity       | INFO  | Hard-clipped 1 w_cons parameters to delta_max=0.0200 bound.
2026-08-07 07:56:55 | sleep.weights.plasticity       | INFO  | Hard-clipped 1 w_cons parameters to delta_max=0.0200 bound.
2026-08-07 07:56:55 | sleep.weights.plasticity       | INFO  | Hard-clipped 2 w_cons parameters to delta_max=0.0200 bound.
2026-08-07 07:56:55 | sleep.weights.plasticity       | INFO  | Hard-clipped 4 w_cons parameters to delta_max=0.0200 bound.
2026-08-07 07:56:55 | sleep.weights.plasticity       | INFO  | Hard-clipped 4 w_cons parameters to delta_max=0.0200 bound.
2026-08-07 07:56:55 | sleep.weights.plasticity       | INFO  | Hard-clipped 5 w_cons parameters to delta_max=0.0200 bound.
2026-08-07 07:56:55 | sleep.weights.plasticity       | INFO  | Hard-clipped 5 w_cons parameters to delta_max=0.0200 bound.
2026-08-07 07:56:55 | sleep.weights.plasticity       | INFO  | Hard-clipped 6 w_cons parameters to delta_max=0.0200 bound.
2026-08-07 07:56:55 | sleep.weights.plasticity       | INFO  | Hard-clipped 6 w_cons parameters to delta_max=0.0200 bound.
2026-08-07 07:56:56 | sleep.weights.plasticity       | INFO  | Hard-clipped 6 w_cons parameters to delta_max=0.0200 bound.
2026-08-07 07:56:56 | sleep.sleep_engine.train       | INFO  |   step 30/100 | loss=2.6017 | mean_loss=2.8240 | eta=4 | lr=8.83e-05
2026-08-07 07:56:56 | sleep.weights.plasticity       | INFO  | Hard-clipped 7 w_cons parameters to delta_max=0.0200 bound.
2026-08-07 07:56:56 | sleep.weights.plasticity       | INFO  | Hard-clipped 7 w_cons parameters to delta_max=0.0200 bound.
2026-08-07 07:56:56 | sleep.weights.plasticity       | INFO  | Hard-clipped 7 w_cons parameters to delta_max=0.0200 bound.
2026-08-07 07:56:56 | sleep.weights.plasticity       | INFO  | Hard-clipped 7 w_cons parameters to delta_max=0.0200 bound.
2026-08-07 07:56:56 | sleep.weights.plasticity       | INFO  | Hard-clipped 7 w_cons parameters to delta_max=0.0200 bound.
2026-08-07 07:56:56 | sleep.weights.plasticity       | INFO  | Hard-clipped 8 w_cons parameters to delta_max=0.0200 bound.
2026-08-07 07:56:57 | sleep.weights.plasticity       | INFO  | Hard-clipped 9 w_cons parameters to delta_max=0.0200 bound.
2026-08-07 07:56:57 | sleep.weights.plasticity       | INFO  | Hard-clipped 9 w_cons parameters to delta_max=0.0200 bound.
2026-08-07 07:56:57 | sleep.weights.plasticity       | INFO  | Hard-clipped 9 w_cons parameters to delta_max=0.0200 bound.
2026-08-07 07:56:57 | sleep.weights.plasticity       | INFO  | Hard-clipped 11 w_cons parameters to delta_max=0.0200 bound.
2026-08-07 07:56:57 | sleep.sleep_engine.train       | INFO  |   step 40/100 | loss=2.2318 | mean_loss=2.7166 | eta=4 | lr=7.50e-05
2026-08-07 07:56:57 | sleep.weights.plasticity       | INFO  | Hard-clipped 12 w_cons parameters to delta_max=0.0200 bound.
2026-08-07 07:56:57 | sleep.weights.plasticity       | INFO  | Hard-clipped 13 w_cons parameters to delta_max=0.0200 bound.
2026-08-07 07:56:57 | sleep.weights.plasticity       | INFO  | Hard-clipped 15 w_cons parameters to delta_max=0.0200 bound.
2026-08-07 07:56:57 | sleep.weights.plasticity       | INFO  | Hard-clipped 15 w_cons parameters to delta_max=0.0200 bound.
2026-08-07 07:56:58 | sleep.weights.plasticity       | INFO  | Hard-clipped 15 w_cons parameters to delta_max=0.0200 bound.
2026-08-07 07:56:58 | sleep.weights.plasticity       | INFO  | Hard-clipped 15 w_cons parameters to delta_max=0.0200 bound.
2026-08-07 07:56:58 | sleep.weights.plasticity       | INFO  | Hard-clipped 17 w_cons parameters to delta_max=0.0200 bound.
2026-08-07 07:56:58 | sleep.weights.plasticity       | INFO  | Hard-clipped 17 w_cons parameters to delta_max=0.0200 bound.
2026-08-07 07:56:58 | sleep.weights.plasticity       | INFO  | Hard-clipped 17 w_cons parameters to delta_max=0.0200 bound.
2026-08-07 07:56:58 | sleep.weights.plasticity       | INFO  | Hard-clipped 18 w_cons parameters to delta_max=0.0200 bound.
2026-08-07 07:56:58 | sleep.sleep_engine.train       | INFO  |   step 50/100 | loss=2.0740 | mean_loss=2.5953 | eta=4 | lr=5.87e-05
2026-08-07 07:56:58 | sleep.weights.plasticity       | INFO  | Hard-clipped 18 w_cons parameters to delta_max=0.0200 bound.
2026-08-07 07:56:59 | sleep.weights.plasticity       | INFO  | Hard-clipped 18 w_cons parameters to delta_max=0.0200 bound.
2026-08-07 07:56:59 | sleep.weights.plasticity       | INFO  | Hard-clipped 19 w_cons parameters to delta_max=0.0200 bound.
2026-08-07 07:56:59 | sleep.weights.plasticity       | INFO  | Hard-clipped 19 w_cons parameters to delta_max=0.0200 bound.
2026-08-07 07:56:59 | sleep.weights.plasticity       | INFO  | Hard-clipped 19 w_cons parameters to delta_max=0.0200 bound.
2026-08-07 07:56:59 | sleep.weights.plasticity       | INFO  | Hard-clipped 19 w_cons parameters to delta_max=0.0200 bound.
2026-08-07 07:56:59 | sleep.weights.plasticity       | INFO  | Hard-clipped 20 w_cons parameters to delta_max=0.0200 bound.
2026-08-07 07:56:59 | sleep.weights.plasticity       | INFO  | Hard-clipped 20 w_cons parameters to delta_max=0.0200 bound.
2026-08-07 07:56:59 | sleep.weights.plasticity       | INFO  | Hard-clipped 21 w_cons parameters to delta_max=0.0200 bound.
2026-08-07 07:57:00 | sleep.weights.plasticity       | INFO  | Hard-clipped 21 w_cons parameters to delta_max=0.0200 bound.
2026-08-07 07:57:00 | sleep.sleep_engine.train       | INFO  |   step 60/100 | loss=1.7860 | mean_loss=2.4781 | eta=4 | lr=4.13e-05
2026-08-07 07:57:00 | sleep.weights.plasticity       | INFO  | Hard-clipped 21 w_cons parameters to delta_max=0.0200 bound.
2026-08-07 07:57:00 | sleep.weights.plasticity       | INFO  | Hard-clipped 21 w_cons parameters to delta_max=0.0200 bound.
2026-08-07 07:57:00 | sleep.weights.plasticity       | INFO  | Hard-clipped 21 w_cons parameters to delta_max=0.0200 bound.
2026-08-07 07:57:00 | sleep.weights.plasticity       | INFO  | Hard-clipped 22 w_cons parameters to delta_max=0.0200 bound.
2026-08-07 07:57:00 | sleep.weights.plasticity       | INFO  | Hard-clipped 23 w_cons parameters to delta_max=0.0200 bound.
2026-08-07 07:57:00 | sleep.weights.plasticity       | INFO  | Hard-clipped 23 w_cons parameters to delta_max=0.0200 bound.
2026-08-07 07:57:01 | sleep.weights.plasticity       | INFO  | Hard-clipped 24 w_cons parameters to delta_max=0.0200 bound.
2026-08-07 07:57:01 | sleep.weights.plasticity       | INFO  | Hard-clipped 24 w_cons parameters to delta_max=0.0200 bound.
2026-08-07 07:57:01 | sleep.weights.plasticity       | INFO  | Hard-clipped 24 w_cons parameters to delta_max=0.0200 bound.
2026-08-07 07:57:01 | sleep.weights.plasticity       | INFO  | Hard-clipped 24 w_cons parameters to delta_max=0.0200 bound.
2026-08-07 07:57:01 | sleep.sleep_engine.train       | INFO  |   step 70/100 | loss=1.7051 | mean_loss=2.3774 | eta=4 | lr=2.50e-05
2026-08-07 07:57:01 | sleep.weights.plasticity       | INFO  | Hard-clipped 24 w_cons parameters to delta_max=0.0200 bound.
2026-08-07 07:57:01 | sleep.weights.plasticity       | INFO  | Hard-clipped 24 w_cons parameters to delta_max=0.0200 bound.
2026-08-07 07:57:01 | sleep.weights.plasticity       | INFO  | Hard-clipped 24 w_cons parameters to delta_max=0.0200 bound.
2026-08-07 07:57:01 | sleep.weights.plasticity       | INFO  | Hard-clipped 24 w_cons parameters to delta_max=0.0200 bound.
2026-08-07 07:57:02 | sleep.weights.plasticity       | INFO  | Hard-clipped 24 w_cons parameters to delta_max=0.0200 bound.
2026-08-07 07:57:02 | sleep.weights.plasticity       | INFO  | Hard-clipped 24 w_cons parameters to delta_max=0.0200 bound.
2026-08-07 07:57:02 | sleep.weights.plasticity       | INFO  | Hard-clipped 25 w_cons parameters to delta_max=0.0200 bound.
2026-08-07 07:57:02 | sleep.weights.plasticity       | INFO  | Hard-clipped 25 w_cons parameters to delta_max=0.0200 bound.
2026-08-07 07:57:02 | sleep.weights.plasticity       | INFO  | Hard-clipped 25 w_cons parameters to delta_max=0.0200 bound.
2026-08-07 07:57:02 | sleep.weights.plasticity       | INFO  | Hard-clipped 25 w_cons parameters to delta_max=0.0200 bound.
2026-08-07 07:57:02 | sleep.sleep_engine.train       | INFO  |   step 80/100 | loss=1.6750 | mean_loss=2.2904 | eta=9 | lr=1.17e-05
2026-08-07 07:57:02 | sleep.weights.plasticity       | INFO  | Hard-clipped 25 w_cons parameters to delta_max=0.0200 bound.
2026-08-07 07:57:03 | sleep.weights.plasticity       | INFO  | Hard-clipped 25 w_cons parameters to delta_max=0.0200 bound.
2026-08-07 07:57:03 | sleep.weights.plasticity       | INFO  | Hard-clipped 25 w_cons parameters to delta_max=0.0200 bound.
2026-08-07 07:57:03 | sleep.weights.plasticity       | INFO  | Hard-clipped 25 w_cons parameters to delta_max=0.0200 bound.
2026-08-07 07:57:03 | sleep.weights.plasticity       | INFO  | Hard-clipped 25 w_cons parameters to delta_max=0.0200 bound.
2026-08-07 07:57:03 | sleep.weights.plasticity       | INFO  | Hard-clipped 25 w_cons parameters to delta_max=0.0200 bound.
2026-08-07 07:57:03 | sleep.weights.plasticity       | INFO  | Hard-clipped 25 w_cons parameters to delta_max=0.0200 bound.
2026-08-07 07:57:03 | sleep.weights.plasticity       | INFO  | Hard-clipped 25 w_cons parameters to delta_max=0.0200 bound.
2026-08-07 07:57:03 | sleep.weights.plasticity       | INFO  | Hard-clipped 25 w_cons parameters to delta_max=0.0200 bound.
2026-08-07 07:57:04 | sleep.weights.plasticity       | INFO  | Hard-clipped 25 w_cons parameters to delta_max=0.0200 bound.
2026-08-07 07:57:04 | sleep.sleep_engine.train       | INFO  |   step 90/100 | loss=1.6760 | mean_loss=2.2203 | eta=9 | lr=3.02e-06
2026-08-07 07:57:04 | sleep.weights.plasticity       | INFO  | Hard-clipped 25 w_cons parameters to delta_max=0.0200 bound.
2026-08-07 07:57:04 | sleep.weights.plasticity       | INFO  | Hard-clipped 25 w_cons parameters to delta_max=0.0200 bound.
2026-08-07 07:57:04 | sleep.weights.plasticity       | INFO  | Hard-clipped 25 w_cons parameters to delta_max=0.0200 bound.
2026-08-07 07:57:04 | sleep.weights.plasticity       | INFO  | Hard-clipped 25 w_cons parameters to delta_max=0.0200 bound.
2026-08-07 07:57:04 | sleep.weights.plasticity       | INFO  | Hard-clipped 25 w_cons parameters to delta_max=0.0200 bound.
2026-08-07 07:57:04 | sleep.weights.plasticity       | INFO  | Hard-clipped 25 w_cons parameters to delta_max=0.0200 bound.
2026-08-07 07:57:05 | sleep.weights.plasticity       | INFO  | Hard-clipped 25 w_cons parameters to delta_max=0.0200 bound.
2026-08-07 07:57:05 | sleep.weights.plasticity       | INFO  | Hard-clipped 25 w_cons parameters to delta_max=0.0200 bound.
2026-08-07 07:57:05 | sleep.weights.plasticity       | INFO  | Hard-clipped 25 w_cons parameters to delta_max=0.0200 bound.
2026-08-07 07:57:05 | sleep.weights.plasticity       | INFO  | Hard-clipped 25 w_cons parameters to delta_max=0.0200 bound.
2026-08-07 07:57:05 | sleep.sleep_engine.train       | INFO  |   step 100/100 | loss=1.6663 | mean_loss=2.1652 | eta=9 | lr=0.00e+00
2026-08-07 07:57:05 | sleep.sleep_engine.train       | INFO  | Sleep training complete | n_steps=100 | final_loss=1.6663 | mean_loss=2.1652
2026-08-07 07:57:05 | sleep.metrics                  | INFO  | summary | {'sleep_train/final_loss': 1.6663371324539185, 'sleep_train/mean_loss': 2.165220046043396, 'sleep_train/n_steps': 100}
2026-08-07 07:57:05 | sleep.sleep_engine             | INFO  | Phase 3 complete: 100 steps, final_loss=1.6663, mean_loss=2.1652
2026-08-07 07:57:05 | sleep.sleep_engine             | INFO  | Phase 4/5: PPL CHECK (skipped — no benchmark data)
2026-08-07 07:57:05 | sleep.sleep_engine             | INFO  | Phase 5/5: VALIDATE & CLEANUP
2026-08-07 07:57:05 | sleep.weights.plasticity       | INFO  | Saved checkpoint for adapter 'w_cons': 36 parameters.
2026-08-07 07:57:05 | sleep.weights.plasticity       | INFO  | Restored 36 parameters for adapter 'w_cons' from checkpoint.
2026-08-07 07:57:05 | sleep.weights.plasticity       | INFO  | Restored 36 parameters for adapter 'w_cons' from checkpoint.
2026-08-07 07:57:05 | sleep.sleep_engine.cleanup     | INFO  | Cleanup complete | passed=4 | failed=0 | permanently_removed=0
2026-08-07 07:57:05 | sleep.sleep_engine             | INFO  | Phase 5 complete: consolidated=4, failed=0, permanently_removed=0
2026-08-07 07:57:05 | sleep.metrics                  | INFO  | summary | {'sleep_engine/n_candidates': 4, 'sleep_engine/n_replays_generated': 4, 'sleep_engine/n_replays_accepted': 4, 'sleep_engine/n_consolidated': 4, 'sleep_engine/n_failed': 0, 'sleep_engine/n_permanently_removed': 0, 'sleep_engine/rolled_back': False}
2026-08-07 07:57:05 | sleep.weights.kv_memory        | INFO  | bank cleared: freed 13 tags / 549 tokens
2026-08-07 07:57:05 | sleep.sleep_engine             | INFO  | KV bank cleared (13 entries removed)
2026-08-07 07:57:05 | sleep.sleep_engine             | INFO  | KV memory injection: ENABLED
2026-08-07 07:57:05 | sleep.sleep_engine             | INFO  | === Sleep cycle END ===
[transformers] The attention mask is not set and cannot be inferred from input because pad token is same as eos token. As a consequence, you may observe unexpected behavior. Please pass your input's `attention_mask` to obtain reliable results.
2026-08-07 07:57:30 | sleep.evaluation.recall        | INFO  | Recall evaluation: DRA=0.0000 across 20 cases
2026-08-07 07:57:54 | sleep.evaluation.recall        | INFO  | Recall evaluation: DRA=0.0000 across 20 cases
2026-08-07 07:57:55 | sleep.evaluation.preservation  | INFO  | Perplexity evaluation: PPL=5.7145 (mean_loss=1.7430, 54 tokens)
2026-08-07 07:57:55 | sleep.evaluation.preservation  | INFO  | BCP: 1.0366 (current_ppl=5.7145, original_ppl=5.5125)
2026-08-07 07:57:55 | sleep.experiment.08            | INFO  | [sleep Cycle 1 EVAL] DRA cumulative=0.000 (0/20 hits); DRA current=0.000 (0/20 hits); BCP=1.0366
2026-08-07 07:57:55 | sleep.experiment.08            | INFO  | ======================================================================
2026-08-07 07:57:55 | sleep.experiment.08            | INFO  | [SLEEP Cycle 2] Wake phase: 20 facts
2026-08-07 07:57:55 | sleep.experiment.08            | INFO  | ======================================================================
2026-08-07 07:57:55 | sleep.tagging                  | INFO  | step=21 | 2 tags created from 2 spans | buffer: 16/7718 (0.2%)
2026-08-07 07:57:55 | sleep.tagging                  | INFO  | step=22 | 1 tags created from 1 spans | buffer: 17/7718 (0.2%)
2026-08-07 07:57:55 | sleep.tagging                  | INFO  | step=23 | 1 tags created from 1 spans | buffer: 18/7718 (0.2%)
2026-08-07 07:57:55 | sleep.tagging                  | INFO  | step=24 | 1 tags created from 1 spans | buffer: 19/7718 (0.2%)
2026-08-07 07:57:55 | sleep.tagging                  | INFO  | step=26 | 1 tags created from 1 spans | buffer: 20/7718 (0.3%)
2026-08-07 07:57:55 | sleep.tagging                  | INFO  | step=27 | 1 tags created from 1 spans | buffer: 21/7718 (0.3%)
2026-08-07 07:57:55 | sleep.tagging                  | INFO  | step=31 | 1 tags created from 1 spans | buffer: 22/7718 (0.3%)
2026-08-07 07:57:55 | sleep.tagging                  | INFO  | step=33 | 1 tags created from 1 spans | buffer: 23/7718 (0.3%)
2026-08-07 07:57:55 | sleep.tagging                  | INFO  | step=34 | 1 tags created from 1 spans | buffer: 24/7718 (0.3%)
2026-08-07 07:57:55 | sleep.tagging                  | INFO  | step=35 | 1 tags created from 1 spans | buffer: 25/7718 (0.3%)
2026-08-07 07:57:55 | sleep.tagging                  | INFO  | step=36 | 1 tags created from 1 spans | buffer: 26/7718 (0.3%)
2026-08-07 07:57:55 | sleep.tagging                  | INFO  | step=37 | 2 tags created from 2 spans | buffer: 28/7718 (0.4%)
2026-08-07 07:57:56 | sleep.tagging                  | INFO  | step=38 | 1 tags created from 1 spans | buffer: 29/7718 (0.4%)
2026-08-07 07:57:56 | sleep.experiment.08            | INFO  | [Cycle 2] Wake summary: 20 facts -> 13 KV writes; bank: 540/20000 tokens
2026-08-07 07:57:56 | sleep.prp                      | INFO  | step=40 | PRP update: 8/771 allocated (1%) | +4 -0 | threshold=0.369 | mean_score=0.333
2026-08-07 07:57:56 | sleep.experiment.08            | INFO  | [Cycle 2] PRP: 8 allocated, 8 consolidation candidates
2026-08-07 07:57:56 | sleep.sleep_engine             | INFO  | === Sleep cycle START | 8 candidates ===
2026-08-07 07:57:56 | sleep.sleep_engine             | INFO  | Phase 1/5: GENERATE (strategy=original)
2026-08-07 07:57:56 | sleep.sleep_engine             | INFO  | KV memory injection: DISABLED
2026-08-07 07:57:56 | sleep.sleep_engine             | INFO  | Phase 1 (original strategy): 4 unique-source replays from 8 candidates
2026-08-07 07:57:56 | sleep.sleep_engine             | INFO  | Phase 1 complete: 4/8 replays generated
2026-08-07 07:57:56 | sleep.sleep_engine             | INFO  | Phase 2/5: QUALITY CHECK
2026-08-07 07:57:56 | sleep.sleep_engine             | INFO  | Phase 2 complete: 4/4 replays accepted
2026-08-07 07:57:56 | sleep.sleep_engine             | INFO  | Phase 3/5: TRAIN (4 accepted replays)
2026-08-07 07:57:56 | sleep.sleep_engine             | INFO  | KV memory injection: DISABLED
2026-08-07 07:57:56 | sleep.weights.plasticity       | INFO  | Saved checkpoint for adapter 'w_cons': 36 parameters.
2026-08-07 07:57:56 | sleep.weights.plasticity       | INFO  | Saved checkpoint for adapter 'w_cons': 36 parameters.
2026-08-07 07:57:56 | sleep.sleep_engine.train       | INFO  | Starting sleep training | n_steps=100 | n_replay=4 | lr=1.00e-04 | device=cuda
2026-08-07 07:57:57 | sleep.sleep_engine.train       | INFO  |   step 10/100 | loss=2.1023 | mean_loss=2.2390 | eta=9 | lr=1.00e-04
2026-08-07 07:57:58 | sleep.weights.plasticity       | INFO  | Hard-clipped 1 w_cons parameters to delta_max=0.0200 bound.
2026-08-07 07:57:58 | sleep.weights.plasticity       | INFO  | Hard-clipped 1 w_cons parameters to delta_max=0.0200 bound.
2026-08-07 07:57:58 | sleep.weights.plasticity       | INFO  | Hard-clipped 1 w_cons parameters to delta_max=0.0200 bound.
2026-08-07 07:57:58 | sleep.sleep_engine.train       | INFO  |   step 20/100 | loss=1.5649 | mean_loss=2.0217 | eta=9 | lr=9.70e-05
2026-08-07 07:57:58 | sleep.weights.plasticity       | INFO  | Hard-clipped 1 w_cons parameters to delta_max=0.0200 bound.
2026-08-07 07:57:58 | sleep.weights.plasticity       | INFO  | Hard-clipped 1 w_cons parameters to delta_max=0.0200 bound.
2026-08-07 07:57:58 | sleep.weights.plasticity       | INFO  | Hard-clipped 2 w_cons parameters to delta_max=0.0200 bound.
2026-08-07 07:57:59 | sleep.weights.plasticity       | INFO  | Hard-clipped 2 w_cons parameters to delta_max=0.0200 bound.
2026-08-07 07:57:59 | sleep.weights.plasticity       | INFO  | Hard-clipped 3 w_cons parameters to delta_max=0.0200 bound.
2026-08-07 07:57:59 | sleep.weights.plasticity       | INFO  | Hard-clipped 4 w_cons parameters to delta_max=0.0200 bound.
2026-08-07 07:57:59 | sleep.weights.plasticity       | INFO  | Hard-clipped 5 w_cons parameters to delta_max=0.0200 bound.
2026-08-07 07:57:59 | sleep.weights.plasticity       | INFO  | Hard-clipped 5 w_cons parameters to delta_max=0.0200 bound.
2026-08-07 07:57:59 | sleep.weights.plasticity       | INFO  | Hard-clipped 5 w_cons parameters to delta_max=0.0200 bound.
2026-08-07 07:57:59 | sleep.weights.plasticity       | INFO  | Hard-clipped 6 w_cons parameters to delta_max=0.0200 bound.
2026-08-07 07:57:59 | sleep.sleep_engine.train       | INFO  |   step 30/100 | loss=1.2020 | mean_loss=1.7962 | eta=4 | lr=8.83e-05
2026-08-07 07:57:59 | sleep.weights.plasticity       | INFO  | Hard-clipped 6 w_cons parameters to delta_max=0.0200 bound.
2026-08-07 07:58:00 | sleep.weights.plasticity       | INFO  | Hard-clipped 6 w_cons parameters to delta_max=0.0200 bound.
2026-08-07 07:58:00 | sleep.weights.plasticity       | INFO  | Hard-clipped 6 w_cons parameters to delta_max=0.0200 bound.
2026-08-07 07:58:00 | sleep.weights.plasticity       | INFO  | Hard-clipped 6 w_cons parameters to delta_max=0.0200 bound.
2026-08-07 07:58:00 | sleep.weights.plasticity       | INFO  | Hard-clipped 7 w_cons parameters to delta_max=0.0200 bound.
2026-08-07 07:58:00 | sleep.weights.plasticity       | INFO  | Hard-clipped 7 w_cons parameters to delta_max=0.0200 bound.
2026-08-07 07:58:00 | sleep.weights.plasticity       | INFO  | Hard-clipped 7 w_cons parameters to delta_max=0.0200 bound.
2026-08-07 07:58:00 | sleep.weights.plasticity       | INFO  | Hard-clipped 8 w_cons parameters to delta_max=0.0200 bound.
2026-08-07 07:58:00 | sleep.weights.plasticity       | INFO  | Hard-clipped 8 w_cons parameters to delta_max=0.0200 bound.
2026-08-07 07:58:00 | sleep.weights.plasticity       | INFO  | Hard-clipped 8 w_cons parameters to delta_max=0.0200 bound.
2026-08-07 07:58:00 | sleep.sleep_engine.train       | INFO  |   step 40/100 | loss=0.8422 | mean_loss=1.5894 | eta=4 | lr=7.50e-05
2026-08-07 07:58:01 | sleep.weights.plasticity       | INFO  | Hard-clipped 8 w_cons parameters to delta_max=0.0200 bound.
2026-08-07 07:58:01 | sleep.weights.plasticity       | INFO  | Hard-clipped 8 w_cons parameters to delta_max=0.0200 bound.
2026-08-07 07:58:01 | sleep.weights.plasticity       | INFO  | Hard-clipped 8 w_cons parameters to delta_max=0.0200 bound.
2026-08-07 07:58:01 | sleep.weights.plasticity       | INFO  | Hard-clipped 9 w_cons parameters to delta_max=0.0200 bound.
2026-08-07 07:58:01 | sleep.weights.plasticity       | INFO  | Hard-clipped 9 w_cons parameters to delta_max=0.0200 bound.
2026-08-07 07:58:01 | sleep.weights.plasticity       | INFO  | Hard-clipped 9 w_cons parameters to delta_max=0.0200 bound.
2026-08-07 07:58:01 | sleep.weights.plasticity       | INFO  | Hard-clipped 9 w_cons parameters to delta_max=0.0200 bound.
2026-08-07 07:58:01 | sleep.weights.plasticity       | INFO  | Hard-clipped 9 w_cons parameters to delta_max=0.0200 bound.
2026-08-07 07:58:02 | sleep.weights.plasticity       | INFO  | Hard-clipped 9 w_cons parameters to delta_max=0.0200 bound.
2026-08-07 07:58:02 | sleep.weights.plasticity       | INFO  | Hard-clipped 11 w_cons parameters to delta_max=0.0200 bound.
2026-08-07 07:58:02 | sleep.sleep_engine.train       | INFO  |   step 50/100 | loss=0.5564 | mean_loss=1.4095 | eta=4 | lr=5.87e-05
2026-08-07 07:58:02 | sleep.weights.plasticity       | INFO  | Hard-clipped 11 w_cons parameters to delta_max=0.0200 bound.
2026-08-07 07:58:02 | sleep.weights.plasticity       | INFO  | Hard-clipped 11 w_cons parameters to delta_max=0.0200 bound.
2026-08-07 07:58:02 | sleep.weights.plasticity       | INFO  | Hard-clipped 11 w_cons parameters to delta_max=0.0200 bound.
2026-08-07 07:58:02 | sleep.weights.plasticity       | INFO  | Hard-clipped 11 w_cons parameters to delta_max=0.0200 bound.
2026-08-07 07:58:02 | sleep.weights.plasticity       | INFO  | Hard-clipped 11 w_cons parameters to delta_max=0.0200 bound.
2026-08-07 07:58:02 | sleep.weights.plasticity       | INFO  | Hard-clipped 11 w_cons parameters to delta_max=0.0200 bound.
2026-08-07 07:58:02 | sleep.weights.plasticity       | INFO  | Hard-clipped 11 w_cons parameters to delta_max=0.0200 bound.
2026-08-07 07:58:03 | sleep.weights.plasticity       | INFO  | Hard-clipped 12 w_cons parameters to delta_max=0.0200 bound.
2026-08-07 07:58:03 | sleep.weights.plasticity       | INFO  | Hard-clipped 12 w_cons parameters to delta_max=0.0200 bound.
2026-08-07 07:58:03 | sleep.weights.plasticity       | INFO  | Hard-clipped 12 w_cons parameters to delta_max=0.0200 bound.
2026-08-07 07:58:03 | sleep.sleep_engine.train       | INFO  |   step 60/100 | loss=0.4425 | mean_loss=1.2612 | eta=4 | lr=4.13e-05
2026-08-07 07:58:03 | sleep.weights.plasticity       | INFO  | Hard-clipped 12 w_cons parameters to delta_max=0.0200 bound.
2026-08-07 07:58:03 | sleep.weights.plasticity       | INFO  | Hard-clipped 12 w_cons parameters to delta_max=0.0200 bound.
2026-08-07 07:58:03 | sleep.weights.plasticity       | INFO  | Hard-clipped 12 w_cons parameters to delta_max=0.0200 bound.
2026-08-07 07:58:03 | sleep.weights.plasticity       | INFO  | Hard-clipped 12 w_cons parameters to delta_max=0.0200 bound.
2026-08-07 07:58:03 | sleep.weights.plasticity       | INFO  | Hard-clipped 13 w_cons parameters to delta_max=0.0200 bound.
2026-08-07 07:58:04 | sleep.weights.plasticity       | INFO  | Hard-clipped 13 w_cons parameters to delta_max=0.0200 bound.
2026-08-07 07:58:04 | sleep.weights.plasticity       | INFO  | Hard-clipped 13 w_cons parameters to delta_max=0.0200 bound.
2026-08-07 07:58:04 | sleep.weights.plasticity       | INFO  | Hard-clipped 13 w_cons parameters to delta_max=0.0200 bound.
2026-08-07 07:58:04 | sleep.weights.plasticity       | INFO  | Hard-clipped 13 w_cons parameters to delta_max=0.0200 bound.
2026-08-07 07:58:04 | sleep.weights.plasticity       | INFO  | Hard-clipped 14 w_cons parameters to delta_max=0.0200 bound.
2026-08-07 07:58:04 | sleep.sleep_engine.train       | INFO  |   step 70/100 | loss=0.3925 | mean_loss=1.1398 | eta=4 | lr=2.50e-05
2026-08-07 07:58:04 | sleep.weights.plasticity       | INFO  | Hard-clipped 14 w_cons parameters to delta_max=0.0200 bound.
2026-08-07 07:58:04 | sleep.weights.plasticity       | INFO  | Hard-clipped 14 w_cons parameters to delta_max=0.0200 bound.
2026-08-07 07:58:04 | sleep.weights.plasticity       | INFO  | Hard-clipped 14 w_cons parameters to delta_max=0.0200 bound.
2026-08-07 07:58:04 | sleep.weights.plasticity       | INFO  | Hard-clipped 14 w_cons parameters to delta_max=0.0200 bound.
2026-08-07 07:58:05 | sleep.weights.plasticity       | INFO  | Hard-clipped 14 w_cons parameters to delta_max=0.0200 bound.
2026-08-07 07:58:05 | sleep.weights.plasticity       | INFO  | Hard-clipped 14 w_cons parameters to delta_max=0.0200 bound.
2026-08-07 07:58:05 | sleep.weights.plasticity       | INFO  | Hard-clipped 15 w_cons parameters to delta_max=0.0200 bound.
2026-08-07 07:58:05 | sleep.weights.plasticity       | INFO  | Hard-clipped 15 w_cons parameters to delta_max=0.0200 bound.
2026-08-07 07:58:05 | sleep.weights.plasticity       | INFO  | Hard-clipped 15 w_cons parameters to delta_max=0.0200 bound.
2026-08-07 07:58:05 | sleep.weights.plasticity       | INFO  | Hard-clipped 15 w_cons parameters to delta_max=0.0200 bound.
2026-08-07 07:58:05 | sleep.sleep_engine.train       | INFO  |   step 80/100 | loss=0.3245 | mean_loss=1.0418 | eta=9 | lr=1.17e-05
2026-08-07 07:58:05 | sleep.weights.plasticity       | INFO  | Hard-clipped 15 w_cons parameters to delta_max=0.0200 bound.
2026-08-07 07:58:05 | sleep.weights.plasticity       | INFO  | Hard-clipped 15 w_cons parameters to delta_max=0.0200 bound.
2026-08-07 07:58:06 | sleep.weights.plasticity       | INFO  | Hard-clipped 15 w_cons parameters to delta_max=0.0200 bound.
2026-08-07 07:58:06 | sleep.weights.plasticity       | INFO  | Hard-clipped 15 w_cons parameters to delta_max=0.0200 bound.
2026-08-07 07:58:06 | sleep.weights.plasticity       | INFO  | Hard-clipped 15 w_cons parameters to delta_max=0.0200 bound.
2026-08-07 07:58:06 | sleep.weights.plasticity       | INFO  | Hard-clipped 15 w_cons parameters to delta_max=0.0200 bound.
2026-08-07 07:58:06 | sleep.weights.plasticity       | INFO  | Hard-clipped 15 w_cons parameters to delta_max=0.0200 bound.
2026-08-07 07:58:06 | sleep.weights.plasticity       | INFO  | Hard-clipped 15 w_cons parameters to delta_max=0.0200 bound.
2026-08-07 07:58:06 | sleep.weights.plasticity       | INFO  | Hard-clipped 15 w_cons parameters to delta_max=0.0200 bound.
2026-08-07 07:58:06 | sleep.weights.plasticity       | INFO  | Hard-clipped 15 w_cons parameters to delta_max=0.0200 bound.
2026-08-07 07:58:06 | sleep.sleep_engine.train       | INFO  |   step 90/100 | loss=0.3168 | mean_loss=0.9610 | eta=9 | lr=3.02e-06
2026-08-07 07:58:06 | sleep.weights.plasticity       | INFO  | Hard-clipped 15 w_cons parameters to delta_max=0.0200 bound.
2026-08-07 07:58:07 | sleep.weights.plasticity       | INFO  | Hard-clipped 15 w_cons parameters to delta_max=0.0200 bound.
2026-08-07 07:58:07 | sleep.weights.plasticity       | INFO  | Hard-clipped 15 w_cons parameters to delta_max=0.0200 bound.
2026-08-07 07:58:07 | sleep.weights.plasticity       | INFO  | Hard-clipped 15 w_cons parameters to delta_max=0.0200 bound.
2026-08-07 07:58:07 | sleep.weights.plasticity       | INFO  | Hard-clipped 15 w_cons parameters to delta_max=0.0200 bound.
2026-08-07 07:58:07 | sleep.weights.plasticity       | INFO  | Hard-clipped 15 w_cons parameters to delta_max=0.0200 bound.
2026-08-07 07:58:07 | sleep.weights.plasticity       | INFO  | Hard-clipped 15 w_cons parameters to delta_max=0.0200 bound.
2026-08-07 07:58:07 | sleep.weights.plasticity       | INFO  | Hard-clipped 15 w_cons parameters to delta_max=0.0200 bound.
2026-08-07 07:58:07 | sleep.weights.plasticity       | INFO  | Hard-clipped 15 w_cons parameters to delta_max=0.0200 bound.
2026-08-07 07:58:08 | sleep.weights.plasticity       | INFO  | Hard-clipped 15 w_cons parameters to delta_max=0.0200 bound.
2026-08-07 07:58:08 | sleep.sleep_engine.train       | INFO  |   step 100/100 | loss=0.2885 | mean_loss=0.8949 | eta=9 | lr=0.00e+00
2026-08-07 07:58:08 | sleep.sleep_engine.train       | INFO  | Sleep training complete | n_steps=100 | final_loss=0.2885 | mean_loss=0.8949
2026-08-07 07:58:08 | sleep.metrics                  | INFO  | summary | {'sleep_train/final_loss': 0.28849872946739197, 'sleep_train/mean_loss': 0.8949156355857849, 'sleep_train/n_steps': 100}
2026-08-07 07:58:08 | sleep.sleep_engine             | INFO  | Phase 3 complete: 100 steps, final_loss=0.2885, mean_loss=0.8949
2026-08-07 07:58:08 | sleep.sleep_engine             | INFO  | Phase 4/5: PPL CHECK (skipped — no benchmark data)
2026-08-07 07:58:08 | sleep.sleep_engine             | INFO  | Phase 5/5: VALIDATE & CLEANUP
2026-08-07 07:58:08 | sleep.weights.plasticity       | INFO  | Saved checkpoint for adapter 'w_cons': 36 parameters.
2026-08-07 07:58:08 | sleep.weights.plasticity       | INFO  | Restored 36 parameters for adapter 'w_cons' from checkpoint.
2026-08-07 07:58:08 | sleep.weights.plasticity       | INFO  | Restored 36 parameters for adapter 'w_cons' from checkpoint.
2026-08-07 07:58:08 | sleep.sleep_engine.cleanup     | INFO  | Cleanup complete | passed=4 | failed=4 | permanently_removed=0
2026-08-07 07:58:08 | sleep.sleep_engine             | INFO  | Phase 5 complete: consolidated=4, failed=4, permanently_removed=0
2026-08-07 07:58:08 | sleep.metrics                  | INFO  | summary | {'sleep_engine/n_candidates': 8, 'sleep_engine/n_replays_generated': 4, 'sleep_engine/n_replays_accepted': 4, 'sleep_engine/n_consolidated': 4, 'sleep_engine/n_failed': 4, 'sleep_engine/n_permanently_removed': 0, 'sleep_engine/rolled_back': False}
2026-08-07 07:58:08 | sleep.weights.kv_memory        | INFO  | bank cleared: freed 13 tags / 540 tokens
2026-08-07 07:58:08 | sleep.sleep_engine             | INFO  | KV bank cleared (13 entries removed)
2026-08-07 07:58:08 | sleep.sleep_engine             | INFO  | KV memory injection: ENABLED
2026-08-07 07:58:08 | sleep.sleep_engine             | INFO  | === Sleep cycle END ===
2026-08-07 07:58:56 | sleep.evaluation.recall        | INFO  | Recall evaluation: DRA=0.0917 across 40 cases
2026-08-07 07:59:19 | sleep.evaluation.recall        | INFO  | Recall evaluation: DRA=0.1333 across 20 cases
2026-08-07 07:59:19 | sleep.evaluation.preservation  | INFO  | Perplexity evaluation: PPL=16.1222 (mean_loss=2.7802, 54 tokens)
2026-08-07 07:59:19 | sleep.evaluation.preservation  | INFO  | BCP: 2.9247 (current_ppl=16.1222, original_ppl=5.5125)
2026-08-07 07:59:19 | sleep.experiment.08            | INFO  | [sleep Cycle 2 EVAL] DRA cumulative=0.092 (8/40 hits); DRA current=0.133 (5/20 hits); BCP=2.9247
2026-08-07 07:59:19 | sleep.experiment.08            | INFO  | ======================================================================
2026-08-07 07:59:19 | sleep.experiment.08            | INFO  | [SLEEP Cycle 3] Wake phase: 20 facts
2026-08-07 07:59:19 | sleep.experiment.08            | INFO  | ======================================================================
2026-08-07 07:59:19 | sleep.tagging                  | INFO  | step=41 | 1 tags created from 1 spans | buffer: 30/7718 (0.4%)
2026-08-07 07:59:19 | sleep.tagging                  | INFO  | step=42 | 1 tags created from 1 spans | buffer: 31/7718 (0.4%)
2026-08-07 07:59:20 | sleep.tagging                  | INFO  | step=43 | 1 tags created from 1 spans | buffer: 32/7718 (0.4%)
2026-08-07 07:59:20 | sleep.tagging                  | INFO  | step=44 | 1 tags created from 1 spans | buffer: 33/7718 (0.4%)
2026-08-07 07:59:20 | sleep.tagging                  | INFO  | step=45 | 1 tags created from 1 spans | buffer: 34/7718 (0.4%)
2026-08-07 07:59:20 | sleep.tagging                  | INFO  | step=46 | 1 tags created from 1 spans | buffer: 35/7718 (0.5%)
2026-08-07 07:59:20 | sleep.tagging                  | INFO  | step=47 | 1 tags created from 1 spans | buffer: 36/7718 (0.5%)
2026-08-07 07:59:20 | sleep.tagging                  | INFO  | step=51 | 2 tags created from 2 spans | buffer: 38/7718 (0.5%)
2026-08-07 07:59:20 | sleep.tagging                  | INFO  | step=52 | 1 tags created from 1 spans | buffer: 39/7718 (0.5%)
2026-08-07 07:59:20 | sleep.tagging                  | INFO  | step=53 | 1 tags created from 1 spans | buffer: 40/7718 (0.5%)
2026-08-07 07:59:20 | sleep.tagging                  | INFO  | step=54 | 1 tags created from 1 spans | buffer: 41/7718 (0.5%)
2026-08-07 07:59:20 | sleep.tagging                  | INFO  | step=56 | 1 tags created from 1 spans | buffer: 42/7718 (0.5%)
2026-08-07 07:59:20 | sleep.tagging                  | INFO  | step=57 | 1 tags created from 1 spans | buffer: 43/7718 (0.6%)
2026-08-07 07:59:20 | sleep.experiment.08            | INFO  | [Cycle 3] Wake summary: 20 facts -> 13 KV writes; bank: 535/20000 tokens
2026-08-07 07:59:20 | sleep.prp                      | INFO  | step=60 | PRP update: 13/771 allocated (2%) | +9 -0 | threshold=0.348 | mean_score=0.319
2026-08-07 07:59:20 | sleep.experiment.08            | INFO  | [Cycle 3] PRP: 13 allocated, 13 consolidation candidates
2026-08-07 07:59:20 | sleep.sleep_engine             | INFO  | === Sleep cycle START | 13 candidates ===
2026-08-07 07:59:20 | sleep.sleep_engine             | INFO  | Phase 1/5: GENERATE (strategy=original)
2026-08-07 07:59:20 | sleep.sleep_engine             | INFO  | KV memory injection: DISABLED
2026-08-07 07:59:20 | sleep.sleep_engine             | INFO  | Phase 1 (original strategy): 6 unique-source replays from 13 candidates
2026-08-07 07:59:20 | sleep.sleep_engine             | INFO  | Phase 1 complete: 6/13 replays generated
2026-08-07 07:59:20 | sleep.sleep_engine             | INFO  | Phase 2/5: QUALITY CHECK
2026-08-07 07:59:21 | sleep.sleep_engine.quality     | INFO  | Quality check REJECTED (similarity): Replay drifted too far from original experience (cosine similarity 0.4961 < theta_quality 0.5)
2026-08-07 07:59:21 | sleep.sleep_engine.quality     | INFO  | Quality check REJECTED (similarity): Replay drifted too far from original experience (cosine similarity 0.3750 < theta_quality 0.5)
2026-08-07 07:59:21 | sleep.sleep_engine.quality     | INFO  | Quality check REJECTED (similarity): Replay drifted too far from original experience (cosine similarity 0.2695 < theta_quality 0.5)
2026-08-07 07:59:21 | sleep.sleep_engine             | INFO  | Phase 2 complete: 3/6 replays accepted
2026-08-07 07:59:21 | sleep.sleep_engine             | INFO  | Phase 3/5: TRAIN (3 accepted replays)
2026-08-07 07:59:21 | sleep.sleep_engine             | INFO  | KV memory injection: DISABLED
2026-08-07 07:59:21 | sleep.weights.plasticity       | INFO  | Saved checkpoint for adapter 'w_cons': 36 parameters.
2026-08-07 07:59:21 | sleep.weights.plasticity       | INFO  | Saved checkpoint for adapter 'w_cons': 36 parameters.
2026-08-07 07:59:21 | sleep.sleep_engine.train       | INFO  | Starting sleep training | n_steps=100 | n_replay=3 | lr=1.00e-04 | device=cuda
2026-08-07 07:59:22 | sleep.sleep_engine.train       | INFO  |   step 10/100 | loss=3.7237 | mean_loss=4.2388 | eta=9 | lr=1.00e-04
2026-08-07 07:59:23 | sleep.sleep_engine.train       | INFO  |   step 20/100 | loss=2.4779 | mean_loss=3.5704 | eta=9 | lr=9.70e-05
2026-08-07 07:59:24 | sleep.sleep_engine.train       | INFO  |   step 30/100 | loss=1.6050 | mean_loss=3.0537 | eta=4 | lr=8.83e-05
2026-08-07 07:59:25 | sleep.weights.plasticity       | INFO  | Hard-clipped 1 w_cons parameters to delta_max=0.0200 bound.
2026-08-07 07:59:25 | sleep.weights.plasticity       | INFO  | Hard-clipped 1 w_cons parameters to delta_max=0.0200 bound.
2026-08-07 07:59:25 | sleep.weights.plasticity       | INFO  | Hard-clipped 1 w_cons parameters to delta_max=0.0200 bound.
2026-08-07 07:59:25 | sleep.weights.plasticity       | INFO  | Hard-clipped 1 w_cons parameters to delta_max=0.0200 bound.
2026-08-07 07:59:25 | sleep.weights.plasticity       | INFO  | Hard-clipped 1 w_cons parameters to delta_max=0.0200 bound.
2026-08-07 07:59:25 | sleep.weights.plasticity       | INFO  | Hard-clipped 1 w_cons parameters to delta_max=0.0200 bound.
2026-08-07 07:59:25 | sleep.sleep_engine.train       | INFO  |   step 40/100 | loss=0.8790 | mean_loss=2.5855 | eta=4 | lr=7.50e-05
2026-08-07 07:59:25 | sleep.weights.plasticity       | INFO  | Hard-clipped 1 w_cons parameters to delta_max=0.0200 bound.
2026-08-07 07:59:25 | sleep.weights.plasticity       | INFO  | Hard-clipped 1 w_cons parameters to delta_max=0.0200 bound.
2026-08-07 07:59:26 | sleep.weights.plasticity       | INFO  | Hard-clipped 1 w_cons parameters to delta_max=0.0200 bound.
2026-08-07 07:59:26 | sleep.weights.plasticity       | INFO  | Hard-clipped 1 w_cons parameters to delta_max=0.0200 bound.
2026-08-07 07:59:26 | sleep.weights.plasticity       | INFO  | Hard-clipped 1 w_cons parameters to delta_max=0.0200 bound.
2026-08-07 07:59:26 | sleep.weights.plasticity       | INFO  | Hard-clipped 1 w_cons parameters to delta_max=0.0200 bound.
2026-08-07 07:59:26 | sleep.weights.plasticity       | INFO  | Hard-clipped 1 w_cons parameters to delta_max=0.0200 bound.
2026-08-07 07:59:26 | sleep.weights.plasticity       | INFO  | Hard-clipped 2 w_cons parameters to delta_max=0.0200 bound.
2026-08-07 07:59:26 | sleep.weights.plasticity       | INFO  | Hard-clipped 2 w_cons parameters to delta_max=0.0200 bound.
2026-08-07 07:59:26 | sleep.weights.plasticity       | INFO  | Hard-clipped 2 w_cons parameters to delta_max=0.0200 bound.
2026-08-07 07:59:26 | sleep.sleep_engine.train       | INFO  |   step 50/100 | loss=0.4306 | mean_loss=2.1910 | eta=4 | lr=5.87e-05
2026-08-07 07:59:26 | sleep.weights.plasticity       | INFO  | Hard-clipped 2 w_cons parameters to delta_max=0.0200 bound.
2026-08-07 07:59:27 | sleep.weights.plasticity       | INFO  | Hard-clipped 2 w_cons parameters to delta_max=0.0200 bound.
2026-08-07 07:59:27 | sleep.weights.plasticity       | INFO  | Hard-clipped 2 w_cons parameters to delta_max=0.0200 bound.
2026-08-07 07:59:27 | sleep.weights.plasticity       | INFO  | Hard-clipped 3 w_cons parameters to delta_max=0.0200 bound.
2026-08-07 07:59:27 | sleep.weights.plasticity       | INFO  | Hard-clipped 4 w_cons parameters to delta_max=0.0200 bound.
2026-08-07 07:59:27 | sleep.weights.plasticity       | INFO  | Hard-clipped 4 w_cons parameters to delta_max=0.0200 bound.
2026-08-07 07:59:27 | sleep.weights.plasticity       | INFO  | Hard-clipped 4 w_cons parameters to delta_max=0.0200 bound.
2026-08-07 07:59:27 | sleep.weights.plasticity       | INFO  | Hard-clipped 4 w_cons parameters to delta_max=0.0200 bound.
2026-08-07 07:59:27 | sleep.weights.plasticity       | INFO  | Hard-clipped 4 w_cons parameters to delta_max=0.0200 bound.
2026-08-07 07:59:28 | sleep.weights.plasticity       | INFO  | Hard-clipped 4 w_cons parameters to delta_max=0.0200 bound.
2026-08-07 07:59:28 | sleep.sleep_engine.train       | INFO  |   step 60/100 | loss=0.2142 | mean_loss=1.8744 | eta=4 | lr=4.13e-05
2026-08-07 07:59:28 | sleep.weights.plasticity       | INFO  | Hard-clipped 5 w_cons parameters to delta_max=0.0200 bound.
2026-08-07 07:59:28 | sleep.weights.plasticity       | INFO  | Hard-clipped 5 w_cons parameters to delta_max=0.0200 bound.
2026-08-07 07:59:28 | sleep.weights.plasticity       | INFO  | Hard-clipped 5 w_cons parameters to delta_max=0.0200 bound.
2026-08-07 07:59:28 | sleep.weights.plasticity       | INFO  | Hard-clipped 5 w_cons parameters to delta_max=0.0200 bound.
2026-08-07 07:59:28 | sleep.weights.plasticity       | INFO  | Hard-clipped 5 w_cons parameters to delta_max=0.0200 bound.
2026-08-07 07:59:28 | sleep.weights.plasticity       | INFO  | Hard-clipped 5 w_cons parameters to delta_max=0.0200 bound.
2026-08-07 07:59:28 | sleep.weights.plasticity       | INFO  | Hard-clipped 5 w_cons parameters to delta_max=0.0200 bound.
2026-08-07 07:59:28 | sleep.weights.plasticity       | INFO  | Hard-clipped 5 w_cons parameters to delta_max=0.0200 bound.
2026-08-07 07:59:29 | sleep.weights.plasticity       | INFO  | Hard-clipped 5 w_cons parameters to delta_max=0.0200 bound.
2026-08-07 07:59:29 | sleep.weights.plasticity       | INFO  | Hard-clipped 5 w_cons parameters to delta_max=0.0200 bound.
2026-08-07 07:59:29 | sleep.sleep_engine.train       | INFO  |   step 70/100 | loss=0.1197 | mean_loss=1.6289 | eta=4 | lr=2.50e-05
2026-08-07 07:59:29 | sleep.weights.plasticity       | INFO  | Hard-clipped 5 w_cons parameters to delta_max=0.0200 bound.
2026-08-07 07:59:29 | sleep.weights.plasticity       | INFO  | Hard-clipped 5 w_cons parameters to delta_max=0.0200 bound.
2026-08-07 07:59:29 | sleep.weights.plasticity       | INFO  | Hard-clipped 5 w_cons parameters to delta_max=0.0200 bound.
2026-08-07 07:59:29 | sleep.weights.plasticity       | INFO  | Hard-clipped 5 w_cons parameters to delta_max=0.0200 bound.
2026-08-07 07:59:29 | sleep.weights.plasticity       | INFO  | Hard-clipped 5 w_cons parameters to delta_max=0.0200 bound.
2026-08-07 07:59:29 | sleep.weights.plasticity       | INFO  | Hard-clipped 5 w_cons parameters to delta_max=0.0200 bound.
2026-08-07 07:59:29 | sleep.weights.plasticity       | INFO  | Hard-clipped 5 w_cons parameters to delta_max=0.0200 bound.
2026-08-07 07:59:30 | sleep.weights.plasticity       | INFO  | Hard-clipped 5 w_cons parameters to delta_max=0.0200 bound.
2026-08-07 07:59:30 | sleep.weights.plasticity       | INFO  | Hard-clipped 5 w_cons parameters to delta_max=0.0200 bound.
2026-08-07 07:59:30 | sleep.weights.plasticity       | INFO  | Hard-clipped 5 w_cons parameters to delta_max=0.0200 bound.
2026-08-07 07:59:30 | sleep.sleep_engine.train       | INFO  |   step 80/100 | loss=0.0921 | mean_loss=1.4381 | eta=9 | lr=1.17e-05
2026-08-07 07:59:30 | sleep.weights.plasticity       | INFO  | Hard-clipped 5 w_cons parameters to delta_max=0.0200 bound.
2026-08-07 07:59:30 | sleep.weights.plasticity       | INFO  | Hard-clipped 5 w_cons parameters to delta_max=0.0200 bound.
2026-08-07 07:59:30 | sleep.weights.plasticity       | INFO  | Hard-clipped 5 w_cons parameters to delta_max=0.0200 bound.
2026-08-07 07:59:30 | sleep.weights.plasticity       | INFO  | Hard-clipped 5 w_cons parameters to delta_max=0.0200 bound.
2026-08-07 07:59:30 | sleep.weights.plasticity       | INFO  | Hard-clipped 5 w_cons parameters to delta_max=0.0200 bound.
2026-08-07 07:59:31 | sleep.weights.plasticity       | INFO  | Hard-clipped 5 w_cons parameters to delta_max=0.0200 bound.
2026-08-07 07:59:31 | sleep.weights.plasticity       | INFO  | Hard-clipped 5 w_cons parameters to delta_max=0.0200 bound.
2026-08-07 07:59:31 | sleep.weights.plasticity       | INFO  | Hard-clipped 5 w_cons parameters to delta_max=0.0200 bound.
2026-08-07 07:59:31 | sleep.weights.plasticity       | INFO  | Hard-clipped 5 w_cons parameters to delta_max=0.0200 bound.
2026-08-07 07:59:31 | sleep.weights.plasticity       | INFO  | Hard-clipped 5 w_cons parameters to delta_max=0.0200 bound.
2026-08-07 07:59:31 | sleep.sleep_engine.train       | INFO  |   step 90/100 | loss=0.0829 | mean_loss=1.2877 | eta=9 | lr=3.02e-06
2026-08-07 07:59:31 | sleep.weights.plasticity       | INFO  | Hard-clipped 5 w_cons parameters to delta_max=0.0200 bound.
2026-08-07 07:59:31 | sleep.weights.plasticity       | INFO  | Hard-clipped 5 w_cons parameters to delta_max=0.0200 bound.
2026-08-07 07:59:31 | sleep.weights.plasticity       | INFO  | Hard-clipped 5 w_cons parameters to delta_max=0.0200 bound.
2026-08-07 07:59:31 | sleep.weights.plasticity       | INFO  | Hard-clipped 5 w_cons parameters to delta_max=0.0200 bound.
2026-08-07 07:59:32 | sleep.weights.plasticity       | INFO  | Hard-clipped 5 w_cons parameters to delta_max=0.0200 bound.
2026-08-07 07:59:32 | sleep.weights.plasticity       | INFO  | Hard-clipped 5 w_cons parameters to delta_max=0.0200 bound.
2026-08-07 07:59:32 | sleep.weights.plasticity       | INFO  | Hard-clipped 5 w_cons parameters to delta_max=0.0200 bound.
2026-08-07 07:59:32 | sleep.weights.plasticity       | INFO  | Hard-clipped 5 w_cons parameters to delta_max=0.0200 bound.
2026-08-07 07:59:32 | sleep.weights.plasticity       | INFO  | Hard-clipped 5 w_cons parameters to delta_max=0.0200 bound.
2026-08-07 07:59:32 | sleep.weights.plasticity       | INFO  | Hard-clipped 5 w_cons parameters to delta_max=0.0200 bound.
2026-08-07 07:59:32 | sleep.sleep_engine.train       | INFO  |   step 100/100 | loss=0.0835 | mean_loss=1.1665 | eta=9 | lr=0.00e+00
2026-08-07 07:59:32 | sleep.sleep_engine.train       | INFO  | Sleep training complete | n_steps=100 | final_loss=0.0835 | mean_loss=1.1665
2026-08-07 07:59:32 | sleep.metrics                  | INFO  | summary | {'sleep_train/final_loss': 0.08349362015724182, 'sleep_train/mean_loss': 1.1665278200805187, 'sleep_train/n_steps': 100}
2026-08-07 07:59:32 | sleep.sleep_engine             | INFO  | Phase 3 complete: 100 steps, final_loss=0.0835, mean_loss=1.1665
2026-08-07 07:59:32 | sleep.sleep_engine             | INFO  | Phase 4/5: PPL CHECK (skipped — no benchmark data)
2026-08-07 07:59:32 | sleep.sleep_engine             | INFO  | Phase 5/5: VALIDATE & CLEANUP
2026-08-07 07:59:32 | sleep.weights.plasticity       | INFO  | Saved checkpoint for adapter 'w_cons': 36 parameters.
2026-08-07 07:59:32 | sleep.weights.plasticity       | INFO  | Restored 36 parameters for adapter 'w_cons' from checkpoint.
2026-08-07 07:59:32 | sleep.weights.plasticity       | INFO  | Restored 36 parameters for adapter 'w_cons' from checkpoint.
2026-08-07 07:59:33 | sleep.sleep_engine.cleanup     | INFO  | Cleanup complete | passed=3 | failed=10 | permanently_removed=0
2026-08-07 07:59:33 | sleep.sleep_engine             | INFO  | Phase 5 complete: consolidated=3, failed=10, permanently_removed=0
2026-08-07 07:59:33 | sleep.metrics                  | INFO  | summary | {'sleep_engine/n_candidates': 13, 'sleep_engine/n_replays_generated': 6, 'sleep_engine/n_replays_accepted': 3, 'sleep_engine/n_consolidated': 3, 'sleep_engine/n_failed': 10, 'sleep_engine/n_permanently_removed': 0, 'sleep_engine/rolled_back': False}
2026-08-07 07:59:33 | sleep.weights.kv_memory        | INFO  | bank cleared: freed 13 tags / 535 tokens
2026-08-07 07:59:33 | sleep.sleep_engine             | INFO  | KV bank cleared (13 entries removed)
2026-08-07 07:59:33 | sleep.sleep_engine             | INFO  | KV memory injection: ENABLED
2026-08-07 07:59:33 | sleep.sleep_engine             | INFO  | === Sleep cycle END ===
2026-08-07 08:00:43 | sleep.evaluation.recall        | INFO  | Recall evaluation: DRA=0.0111 across 60 cases
2026-08-07 08:01:06 | sleep.evaluation.recall        | INFO  | Recall evaluation: DRA=0.0000 across 20 cases
2026-08-07 08:01:06 | sleep.evaluation.preservation  | INFO  | Perplexity evaluation: PPL=128.8878 (mean_loss=4.8589, 54 tokens)
2026-08-07 08:01:06 | sleep.evaluation.preservation  | INFO  | BCP: 23.3811 (current_ppl=128.8878, original_ppl=5.5125)
2026-08-07 08:01:06 | sleep.experiment.08            | INFO  | [sleep Cycle 3 EVAL] DRA cumulative=0.011 (2/60 hits); DRA current=0.000 (0/20 hits); BCP=23.3811
2026-08-07 08:01:06 | sleep.experiment.08            | INFO  | ======================================================================
2026-08-07 08:01:06 | sleep.experiment.08            | INFO  | [SLEEP Cycle 4] Wake phase: 20 facts
2026-08-07 08:01:06 | sleep.experiment.08            | INFO  | ======================================================================
2026-08-07 08:01:06 | sleep.tagging                  | INFO  | step=61 | 2 tags created from 2 spans | buffer: 45/7718 (0.6%)
2026-08-07 08:01:06 | sleep.tagging                  | INFO  | step=62 | 1 tags created from 1 spans | buffer: 46/7718 (0.6%)
2026-08-07 08:01:07 | sleep.tagging                  | INFO  | step=63 | 2 tags created from 2 spans | buffer: 48/7718 (0.6%)
2026-08-07 08:01:07 | sleep.tagging                  | INFO  | step=64 | 2 tags created from 2 spans | buffer: 50/7718 (0.6%)
2026-08-07 08:01:07 | sleep.tagging                  | INFO  | step=66 | 1 tags created from 1 spans | buffer: 51/7718 (0.7%)
2026-08-07 08:01:07 | sleep.tagging                  | INFO  | step=67 | 1 tags created from 1 spans | buffer: 52/7718 (0.7%)
2026-08-07 08:01:07 | sleep.tagging                  | INFO  | step=68 | 1 tags created from 1 spans | buffer: 53/7718 (0.7%)
2026-08-07 08:01:07 | sleep.tagging                  | INFO  | step=69 | 1 tags created from 1 spans | buffer: 54/7718 (0.7%)
2026-08-07 08:01:07 | sleep.tagging                  | INFO  | step=71 | 2 tags created from 2 spans | buffer: 56/7718 (0.7%)
2026-08-07 08:01:07 | sleep.tagging                  | INFO  | step=73 | 1 tags created from 1 spans | buffer: 57/7718 (0.7%)
2026-08-07 08:01:07 | sleep.tagging                  | INFO  | step=74 | 1 tags created from 1 spans | buffer: 58/7718 (0.8%)
2026-08-07 08:01:07 | sleep.tagging                  | INFO  | step=75 | 1 tags created from 1 spans | buffer: 59/7718 (0.8%)
2026-08-07 08:01:07 | sleep.tagging                  | INFO  | step=76 | 1 tags created from 1 spans | buffer: 60/7718 (0.8%)
2026-08-07 08:01:07 | sleep.tagging                  | INFO  | step=77 | 1 tags created from 1 spans | buffer: 61/7718 (0.8%)
2026-08-07 08:01:07 | sleep.tagging                  | INFO  | step=78 | 1 tags created from 1 spans | buffer: 62/7718 (0.8%)
2026-08-07 08:01:07 | sleep.tagging                  | INFO  | step=79 | 1 tags created from 1 spans | buffer: 63/7718 (0.8%)
2026-08-07 08:01:08 | sleep.experiment.08            | INFO  | [Cycle 4] Wake summary: 20 facts -> 16 KV writes; bank: 676/20000 tokens
2026-08-07 08:01:08 | sleep.prp                      | INFO  | step=80 | PRP update: 14/771 allocated (2%) | +11 -0 | threshold=0.327 | mean_score=0.301
2026-08-07 08:01:08 | sleep.experiment.08            | INFO  | [Cycle 4] PRP: 14 allocated, 14 consolidation candidates
2026-08-07 08:01:08 | sleep.sleep_engine             | INFO  | === Sleep cycle START | 14 candidates ===
2026-08-07 08:01:08 | sleep.sleep_engine             | INFO  | Phase 1/5: GENERATE (strategy=original)
2026-08-07 08:01:08 | sleep.sleep_engine             | INFO  | KV memory injection: DISABLED
2026-08-07 08:01:08 | sleep.sleep_engine             | INFO  | Phase 1 (original strategy): 6 unique-source replays from 14 candidates
2026-08-07 08:01:08 | sleep.sleep_engine             | INFO  | Phase 1 complete: 6/14 replays generated
2026-08-07 08:01:08 | sleep.sleep_engine             | INFO  | Phase 2/5: QUALITY CHECK
2026-08-07 08:01:08 | sleep.sleep_engine.quality     | INFO  | Quality check REJECTED (similarity): Replay drifted too far from original experience (cosine similarity 0.1084 < theta_quality 0.5)
2026-08-07 08:01:08 | sleep.sleep_engine.quality     | INFO  | Quality check REJECTED (similarity): Replay drifted too far from original experience (cosine similarity 0.1226 < theta_quality 0.5)
2026-08-07 08:01:08 | sleep.sleep_engine.quality     | INFO  | Quality check REJECTED (similarity): Replay drifted too far from original experience (cosine similarity 0.4043 < theta_quality 0.5)
2026-08-07 08:01:08 | sleep.sleep_engine.quality     | INFO  | Quality check REJECTED (similarity): Replay drifted too far from original experience (cosine similarity 0.1299 < theta_quality 0.5)
2026-08-07 08:01:08 | sleep.sleep_engine.quality     | INFO  | Quality check REJECTED (similarity): Replay drifted too far from original experience (cosine similarity 0.1240 < theta_quality 0.5)
2026-08-07 08:01:08 | sleep.sleep_engine.quality     | INFO  | Quality check REJECTED (similarity): Replay drifted too far from original experience (cosine similarity 0.2334 < theta_quality 0.5)
2026-08-07 08:01:08 | sleep.sleep_engine             | INFO  | Phase 2 complete: 0/6 replays accepted
2026-08-07 08:01:08 | sleep.sleep_engine             | INFO  | No replays accepted — skipping training, marking all candidates as failed
2026-08-07 08:01:08 | sleep.sleep_engine.cleanup     | INFO  | Cleanup complete | passed=0 | failed=14 | permanently_removed=0
2026-08-07 08:01:08 | sleep.sleep_engine             | INFO  | KV memory injection: ENABLED
2026-08-07 08:01:08 | sleep.sleep_engine             | INFO  | === Sleep cycle END (no accepted replays) ===
2026-08-07 08:02:43 | sleep.evaluation.recall        | INFO  | Recall evaluation: DRA=0.0083 across 80 cases
2026-08-07 08:03:07 | sleep.evaluation.recall        | INFO  | Recall evaluation: DRA=0.0000 across 20 cases
2026-08-07 08:03:07 | sleep.evaluation.preservation  | INFO  | Perplexity evaluation: PPL=128.8788 (mean_loss=4.8589, 54 tokens)
2026-08-07 08:03:07 | sleep.evaluation.preservation  | INFO  | BCP: 23.3794 (current_ppl=128.8788, original_ppl=5.5125)
2026-08-07 08:03:07 | sleep.experiment.08            | INFO  | [sleep Cycle 4 EVAL] DRA cumulative=0.008 (2/80 hits); DRA current=0.000 (0/20 hits); BCP=23.3794
2026-08-07 08:03:07 | sleep.experiment.08            | INFO  | ======================================================================
2026-08-07 08:03:07 | sleep.experiment.08            | INFO  | [SLEEP Cycle 5] Wake phase: 20 facts
2026-08-07 08:03:07 | sleep.experiment.08            | INFO  | ======================================================================
2026-08-07 08:03:07 | sleep.tagging                  | INFO  | step=81 | 2 tags created from 2 spans | buffer: 65/7718 (0.8%)
2026-08-07 08:03:07 | sleep.tagging                  | INFO  | step=82 | 1 tags created from 1 spans | buffer: 66/7718 (0.9%)
2026-08-07 08:03:07 | sleep.tagging                  | INFO  | step=84 | 1 tags created from 1 spans | buffer: 67/7718 (0.9%)
2026-08-07 08:03:07 | sleep.tagging                  | INFO  | step=86 | 1 tags created from 1 spans | buffer: 68/7718 (0.9%)
2026-08-07 08:03:07 | sleep.tagging                  | INFO  | step=89 | 1 tags created from 1 spans | buffer: 69/7718 (0.9%)
2026-08-07 08:03:07 | sleep.tagging                  | INFO  | step=91 | 1 tags created from 1 spans | buffer: 70/7718 (0.9%)
2026-08-07 08:03:07 | sleep.tagging                  | INFO  | step=92 | 1 tags created from 1 spans | buffer: 71/7718 (0.9%)
2026-08-07 08:03:08 | sleep.tagging                  | INFO  | step=93 | 1 tags created from 1 spans | buffer: 72/7718 (0.9%)
2026-08-07 08:03:08 | sleep.tagging                  | INFO  | step=94 | 2 tags created from 2 spans | buffer: 74/7718 (1.0%)
2026-08-07 08:03:08 | sleep.tagging                  | INFO  | step=95 | 1 tags created from 1 spans | buffer: 75/7718 (1.0%)
2026-08-07 08:03:08 | sleep.tagging                  | INFO  | step=96 | 1 tags created from 1 spans | buffer: 76/7718 (1.0%)
2026-08-07 08:03:08 | sleep.experiment.08            | INFO  | [Cycle 5] Wake summary: 20 facts -> 11 KV writes; bank: 1115/20000 tokens
2026-08-07 08:03:08 | sleep.prp                      | INFO  | step=100 | PRP update: 24/771 allocated (3%) | +24 -0 | threshold=0.370 | mean_score=0.344
2026-08-07 08:03:08 | sleep.experiment.08            | INFO  | [Cycle 5] PRP: 24 allocated, 24 consolidation candidates
2026-08-07 08:03:08 | sleep.sleep_engine             | INFO  | === Sleep cycle START | 24 candidates ===
2026-08-07 08:03:08 | sleep.sleep_engine             | INFO  | Phase 1/5: GENERATE (strategy=original)
2026-08-07 08:03:08 | sleep.sleep_engine             | INFO  | KV memory injection: DISABLED
2026-08-07 08:03:08 | sleep.sleep_engine             | INFO  | Phase 1 (original strategy): 9 unique-source replays from 24 candidates
2026-08-07 08:03:08 | sleep.sleep_engine             | INFO  | Phase 1 complete: 9/24 replays generated
2026-08-07 08:03:08 | sleep.sleep_engine             | INFO  | Phase 2/5: QUALITY CHECK
2026-08-07 08:03:08 | sleep.sleep_engine.quality     | INFO  | Quality check REJECTED (similarity): Replay drifted too far from original experience (cosine similarity 0.4609 < theta_quality 0.5)
2026-08-07 08:03:08 | sleep.sleep_engine.quality     | INFO  | Quality check REJECTED (similarity): Replay drifted too far from original experience (cosine similarity 0.0830 < theta_quality 0.5)
2026-08-07 08:03:08 | sleep.sleep_engine.quality     | INFO  | Quality check REJECTED (similarity): Replay drifted too far from original experience (cosine similarity 0.2539 < theta_quality 0.5)
2026-08-07 08:03:08 | sleep.sleep_engine.quality     | INFO  | Quality check REJECTED (similarity): Replay drifted too far from original experience (cosine similarity 0.1816 < theta_quality 0.5)
2026-08-07 08:03:08 | sleep.sleep_engine.quality     | INFO  | Quality check REJECTED (similarity): Replay drifted too far from original experience (cosine similarity 0.2520 < theta_quality 0.5)
2026-08-07 08:03:08 | sleep.sleep_engine.quality     | INFO  | Quality check REJECTED (similarity): Replay drifted too far from original experience (cosine similarity 0.1523 < theta_quality 0.5)
2026-08-07 08:03:08 | sleep.sleep_engine.quality     | INFO  | Quality check REJECTED (similarity): Replay drifted too far from original experience (cosine similarity 0.3555 < theta_quality 0.5)
2026-08-07 08:03:08 | sleep.sleep_engine.quality     | INFO  | Quality check REJECTED (similarity): Replay drifted too far from original experience (cosine similarity 0.3789 < theta_quality 0.5)
2026-08-07 08:03:08 | sleep.sleep_engine             | INFO  | Phase 2 complete: 1/9 replays accepted
2026-08-07 08:03:08 | sleep.sleep_engine             | INFO  | Phase 3/5: TRAIN (1 accepted replays)
2026-08-07 08:03:08 | sleep.sleep_engine             | INFO  | KV memory injection: DISABLED
2026-08-07 08:03:08 | sleep.weights.plasticity       | INFO  | Saved checkpoint for adapter 'w_cons': 36 parameters.
2026-08-07 08:03:08 | sleep.weights.plasticity       | INFO  | Saved checkpoint for adapter 'w_cons': 36 parameters.
2026-08-07 08:03:08 | sleep.sleep_engine.train       | INFO  | Starting sleep training | n_steps=100 | n_replay=1 | lr=1.00e-04 | device=cuda
2026-08-07 08:03:09 | sleep.sleep_engine.train       | INFO  |   step 10/100 | loss=5.2768 | mean_loss=6.8633 | eta=9 | lr=1.00e-04
2026-08-07 08:03:10 | sleep.sleep_engine.train       | INFO  |   step 20/100 | loss=3.0992 | mean_loss=5.3622 | eta=9 | lr=9.70e-05
2026-08-07 08:03:11 | sleep.sleep_engine.train       | INFO  |   step 30/100 | loss=1.3968 | mean_loss=4.3108 | eta=4 | lr=8.83e-05
2026-08-07 08:03:12 | sleep.weights.plasticity       | INFO  | Hard-clipped 1 w_cons parameters to delta_max=0.0200 bound.
2026-08-07 08:03:12 | sleep.weights.plasticity       | INFO  | Hard-clipped 1 w_cons parameters to delta_max=0.0200 bound.
2026-08-07 08:03:12 | sleep.weights.plasticity       | INFO  | Hard-clipped 1 w_cons parameters to delta_max=0.0200 bound.
2026-08-07 08:03:12 | sleep.weights.plasticity       | INFO  | Hard-clipped 2 w_cons parameters to delta_max=0.0200 bound.
2026-08-07 08:03:12 | sleep.sleep_engine.train       | INFO  |   step 40/100 | loss=0.3340 | mean_loss=3.4085 | eta=4 | lr=7.50e-05
2026-08-07 08:03:12 | sleep.weights.plasticity       | INFO  | Hard-clipped 2 w_cons parameters to delta_max=0.0200 bound.
2026-08-07 08:03:12 | sleep.weights.plasticity       | INFO  | Hard-clipped 2 w_cons parameters to delta_max=0.0200 bound.
2026-08-07 08:03:12 | sleep.weights.plasticity       | INFO  | Hard-clipped 2 w_cons parameters to delta_max=0.0200 bound.
2026-08-07 08:03:12 | sleep.weights.plasticity       | INFO  | Hard-clipped 2 w_cons parameters to delta_max=0.0200 bound.
2026-08-07 08:03:13 | sleep.weights.plasticity       | INFO  | Hard-clipped 2 w_cons parameters to delta_max=0.0200 bound.
2026-08-07 08:03:13 | sleep.weights.plasticity       | INFO  | Hard-clipped 2 w_cons parameters to delta_max=0.0200 bound.
2026-08-07 08:03:13 | sleep.weights.plasticity       | INFO  | Hard-clipped 2 w_cons parameters to delta_max=0.0200 bound.
2026-08-07 08:03:13 | sleep.weights.plasticity       | INFO  | Hard-clipped 2 w_cons parameters to delta_max=0.0200 bound.
2026-08-07 08:03:13 | sleep.weights.plasticity       | INFO  | Hard-clipped 2 w_cons parameters to delta_max=0.0200 bound.
2026-08-07 08:03:13 | sleep.weights.plasticity       | INFO  | Hard-clipped 2 w_cons parameters to delta_max=0.0200 bound.
2026-08-07 08:03:13 | sleep.sleep_engine.train       | INFO  |   step 50/100 | loss=0.0202 | mean_loss=2.7480 | eta=4 | lr=5.87e-05
2026-08-07 08:03:13 | sleep.weights.plasticity       | INFO  | Hard-clipped 2 w_cons parameters to delta_max=0.0200 bound.
2026-08-07 08:03:13 | sleep.weights.plasticity       | INFO  | Hard-clipped 3 w_cons parameters to delta_max=0.0200 bound.
2026-08-07 08:03:13 | sleep.weights.plasticity       | INFO  | Hard-clipped 3 w_cons parameters to delta_max=0.0200 bound.
2026-08-07 08:03:13 | sleep.weights.plasticity       | INFO  | Hard-clipped 3 w_cons parameters to delta_max=0.0200 bound.
2026-08-07 08:03:14 | sleep.weights.plasticity       | INFO  | Hard-clipped 3 w_cons parameters to delta_max=0.0200 bound.
2026-08-07 08:03:14 | sleep.weights.plasticity       | INFO  | Hard-clipped 3 w_cons parameters to delta_max=0.0200 bound.
2026-08-07 08:03:14 | sleep.weights.plasticity       | INFO  | Hard-clipped 3 w_cons parameters to delta_max=0.0200 bound.
2026-08-07 08:03:14 | sleep.weights.plasticity       | INFO  | Hard-clipped 3 w_cons parameters to delta_max=0.0200 bound.
2026-08-07 08:03:14 | sleep.weights.plasticity       | INFO  | Hard-clipped 3 w_cons parameters to delta_max=0.0200 bound.
2026-08-07 08:03:14 | sleep.weights.plasticity       | INFO  | Hard-clipped 3 w_cons parameters to delta_max=0.0200 bound.
2026-08-07 08:03:14 | sleep.sleep_engine.train       | INFO  |   step 60/100 | loss=0.0041 | mean_loss=2.2913 | eta=4 | lr=4.13e-05
2026-08-07 08:03:14 | sleep.weights.plasticity       | INFO  | Hard-clipped 3 w_cons parameters to delta_max=0.0200 bound.
2026-08-07 08:03:14 | sleep.weights.plasticity       | INFO  | Hard-clipped 3 w_cons parameters to delta_max=0.0200 bound.
2026-08-07 08:03:14 | sleep.weights.plasticity       | INFO  | Hard-clipped 3 w_cons parameters to delta_max=0.0200 bound.
2026-08-07 08:03:14 | sleep.weights.plasticity       | INFO  | Hard-clipped 3 w_cons parameters to delta_max=0.0200 bound.
2026-08-07 08:03:15 | sleep.weights.plasticity       | INFO  | Hard-clipped 3 w_cons parameters to delta_max=0.0200 bound.
2026-08-07 08:03:15 | sleep.weights.plasticity       | INFO  | Hard-clipped 3 w_cons parameters to delta_max=0.0200 bound.
2026-08-07 08:03:15 | sleep.weights.plasticity       | INFO  | Hard-clipped 3 w_cons parameters to delta_max=0.0200 bound.
2026-08-07 08:03:15 | sleep.weights.plasticity       | INFO  | Hard-clipped 3 w_cons parameters to delta_max=0.0200 bound.
2026-08-07 08:03:15 | sleep.weights.plasticity       | INFO  | Hard-clipped 3 w_cons parameters to delta_max=0.0200 bound.
2026-08-07 08:03:15 | sleep.weights.plasticity       | INFO  | Hard-clipped 3 w_cons parameters to delta_max=0.0200 bound.
2026-08-07 08:03:15 | sleep.sleep_engine.train       | INFO  |   step 70/100 | loss=0.0024 | mean_loss=1.9644 | eta=4 | lr=2.50e-05
2026-08-07 08:03:15 | sleep.weights.plasticity       | INFO  | Hard-clipped 3 w_cons parameters to delta_max=0.0200 bound.
2026-08-07 08:03:15 | sleep.weights.plasticity       | INFO  | Hard-clipped 3 w_cons parameters to delta_max=0.0200 bound.
2026-08-07 08:03:15 | sleep.weights.plasticity       | INFO  | Hard-clipped 3 w_cons parameters to delta_max=0.0200 bound.
2026-08-07 08:03:15 | sleep.weights.plasticity       | INFO  | Hard-clipped 3 w_cons parameters to delta_max=0.0200 bound.
2026-08-07 08:03:15 | sleep.weights.plasticity       | INFO  | Hard-clipped 3 w_cons parameters to delta_max=0.0200 bound.
2026-08-07 08:03:16 | sleep.weights.plasticity       | INFO  | Hard-clipped 3 w_cons parameters to delta_max=0.0200 bound.
2026-08-07 08:03:16 | sleep.weights.plasticity       | INFO  | Hard-clipped 3 w_cons parameters to delta_max=0.0200 bound.
2026-08-07 08:03:16 | sleep.weights.plasticity       | INFO  | Hard-clipped 3 w_cons parameters to delta_max=0.0200 bound.
2026-08-07 08:03:16 | sleep.weights.plasticity       | INFO  | Hard-clipped 3 w_cons parameters to delta_max=0.0200 bound.
2026-08-07 08:03:16 | sleep.weights.plasticity       | INFO  | Hard-clipped 3 w_cons parameters to delta_max=0.0200 bound.
2026-08-07 08:03:16 | sleep.sleep_engine.train       | INFO  |   step 80/100 | loss=0.0020 | mean_loss=1.7192 | eta=9 | lr=1.17e-05
2026-08-07 08:03:16 | sleep.weights.plasticity       | INFO  | Hard-clipped 3 w_cons parameters to delta_max=0.0200 bound.
2026-08-07 08:03:16 | sleep.weights.plasticity       | INFO  | Hard-clipped 3 w_cons parameters to delta_max=0.0200 bound.
2026-08-07 08:03:16 | sleep.weights.plasticity       | INFO  | Hard-clipped 3 w_cons parameters to delta_max=0.0200 bound.
2026-08-07 08:03:16 | sleep.weights.plasticity       | INFO  | Hard-clipped 3 w_cons parameters to delta_max=0.0200 bound.
2026-08-07 08:03:16 | sleep.weights.plasticity       | INFO  | Hard-clipped 3 w_cons parameters to delta_max=0.0200 bound.
2026-08-07 08:03:17 | sleep.weights.plasticity       | INFO  | Hard-clipped 3 w_cons parameters to delta_max=0.0200 bound.
2026-08-07 08:03:17 | sleep.weights.plasticity       | INFO  | Hard-clipped 3 w_cons parameters to delta_max=0.0200 bound.
2026-08-07 08:03:17 | sleep.weights.plasticity       | INFO  | Hard-clipped 3 w_cons parameters to delta_max=0.0200 bound.
2026-08-07 08:03:17 | sleep.weights.plasticity       | INFO  | Hard-clipped 3 w_cons parameters to delta_max=0.0200 bound.
2026-08-07 08:03:17 | sleep.weights.plasticity       | INFO  | Hard-clipped 3 w_cons parameters to delta_max=0.0200 bound.
2026-08-07 08:03:17 | sleep.sleep_engine.train       | INFO  |   step 90/100 | loss=0.0019 | mean_loss=1.5283 | eta=9 | lr=3.02e-06
2026-08-07 08:03:17 | sleep.weights.plasticity       | INFO  | Hard-clipped 3 w_cons parameters to delta_max=0.0200 bound.
2026-08-07 08:03:17 | sleep.weights.plasticity       | INFO  | Hard-clipped 3 w_cons parameters to delta_max=0.0200 bound.
2026-08-07 08:03:17 | sleep.weights.plasticity       | INFO  | Hard-clipped 3 w_cons parameters to delta_max=0.0200 bound.
2026-08-07 08:03:17 | sleep.weights.plasticity       | INFO  | Hard-clipped 3 w_cons parameters to delta_max=0.0200 bound.
2026-08-07 08:03:17 | sleep.weights.plasticity       | INFO  | Hard-clipped 3 w_cons parameters to delta_max=0.0200 bound.
2026-08-07 08:03:18 | sleep.weights.plasticity       | INFO  | Hard-clipped 3 w_cons parameters to delta_max=0.0200 bound.
2026-08-07 08:03:18 | sleep.weights.plasticity       | INFO  | Hard-clipped 3 w_cons parameters to delta_max=0.0200 bound.
2026-08-07 08:03:18 | sleep.weights.plasticity       | INFO  | Hard-clipped 3 w_cons parameters to delta_max=0.0200 bound.
2026-08-07 08:03:18 | sleep.weights.plasticity       | INFO  | Hard-clipped 3 w_cons parameters to delta_max=0.0200 bound.
2026-08-07 08:03:18 | sleep.weights.plasticity       | INFO  | Hard-clipped 3 w_cons parameters to delta_max=0.0200 bound.
2026-08-07 08:03:18 | sleep.sleep_engine.train       | INFO  |   step 100/100 | loss=0.0018 | mean_loss=1.3757 | eta=9 | lr=0.00e+00
2026-08-07 08:03:18 | sleep.sleep_engine.train       | INFO  | Sleep training complete | n_steps=100 | final_loss=0.0018 | mean_loss=1.3757
2026-08-07 08:03:18 | sleep.metrics                  | INFO  | summary | {'sleep_train/final_loss': 0.0018106980714946985, 'sleep_train/mean_loss': 1.3756929711438715, 'sleep_train/n_steps': 100}
2026-08-07 08:03:18 | sleep.sleep_engine             | INFO  | Phase 3 complete: 100 steps, final_loss=0.0018, mean_loss=1.3757
2026-08-07 08:03:18 | sleep.sleep_engine             | INFO  | Phase 4/5: PPL CHECK (skipped — no benchmark data)
2026-08-07 08:03:18 | sleep.sleep_engine             | INFO  | Phase 5/5: VALIDATE & CLEANUP
2026-08-07 08:03:18 | sleep.weights.plasticity       | INFO  | Saved checkpoint for adapter 'w_cons': 36 parameters.
2026-08-07 08:03:18 | sleep.weights.plasticity       | INFO  | Restored 36 parameters for adapter 'w_cons' from checkpoint.
2026-08-07 08:03:18 | sleep.weights.plasticity       | INFO  | Restored 36 parameters for adapter 'w_cons' from checkpoint.
2026-08-07 08:03:19 | sleep.sleep_engine.cleanup     | INFO  | Cleanup complete | passed=1 | failed=23 | permanently_removed=0
2026-08-07 08:03:19 | sleep.sleep_engine             | INFO  | Phase 5 complete: consolidated=1, failed=23, permanently_removed=0
2026-08-07 08:03:19 | sleep.metrics                  | INFO  | summary | {'sleep_engine/n_candidates': 24, 'sleep_engine/n_replays_generated': 9, 'sleep_engine/n_replays_accepted': 1, 'sleep_engine/n_consolidated': 1, 'sleep_engine/n_failed': 23, 'sleep_engine/n_permanently_removed': 0, 'sleep_engine/rolled_back': False}
2026-08-07 08:03:19 | sleep.weights.kv_memory        | INFO  | bank cleared: freed 27 tags / 1115 tokens
2026-08-07 08:03:19 | sleep.sleep_engine             | INFO  | KV bank cleared (27 entries removed)
2026-08-07 08:03:19 | sleep.sleep_engine             | INFO  | KV memory injection: ENABLED
2026-08-07 08:03:19 | sleep.sleep_engine             | INFO  | === Sleep cycle END ===
2026-08-07 08:05:24 | sleep.evaluation.recall        | INFO  | Recall evaluation: DRA=0.0167 across 100 cases
2026-08-07 08:05:51 | sleep.evaluation.recall        | INFO  | Recall evaluation: DRA=0.0333 across 20 cases
2026-08-07 08:05:51 | sleep.evaluation.preservation  | INFO  | Perplexity evaluation: PPL=1251.6921 (mean_loss=7.1323, 54 tokens)
2026-08-07 08:05:51 | sleep.evaluation.preservation  | INFO  | BCP: 227.0647 (current_ppl=1251.6921, original_ppl=5.5125)
2026-08-07 08:05:51 | sleep.experiment.08            | INFO  | [sleep Cycle 5 EVAL] DRA cumulative=0.017 (5/100 hits); DRA current=0.033 (2/20 hits); BCP=227.0647
2026-08-07 08:05:51 | sleep.experiment.08            | INFO  | ======================================================================
2026-08-07 08:05:51 | sleep.experiment.08            | INFO  | [SLEEP Cycle 6] Wake phase: 20 facts
2026-08-07 08:05:51 | sleep.experiment.08            | INFO  | ======================================================================
2026-08-07 08:05:51 | sleep.tagging                  | INFO  | step=101 | 1 tags created from 1 spans | buffer: 77/7718 (1.0%)
2026-08-07 08:05:51 | sleep.tagging                  | INFO  | step=102 | 1 tags created from 1 spans | buffer: 78/7718 (1.0%)
2026-08-07 08:05:51 | sleep.tagging                  | INFO  | step=104 | 1 tags created from 1 spans | buffer: 79/7718 (1.0%)
2026-08-07 08:05:51 | sleep.tagging                  | INFO  | step=105 | 1 tags created from 1 spans | buffer: 80/7718 (1.0%)
2026-08-07 08:05:51 | sleep.tagging                  | INFO  | step=106 | 1 tags created from 1 spans | buffer: 81/7718 (1.0%)
2026-08-07 08:05:51 | sleep.tagging                  | INFO  | step=109 | 1 tags created from 1 spans | buffer: 82/7718 (1.1%)
2026-08-07 08:05:51 | sleep.tagging                  | INFO  | step=111 | 1 tags created from 1 spans | buffer: 83/7718 (1.1%)
2026-08-07 08:05:51 | sleep.tagging                  | INFO  | step=113 | 1 tags created from 1 spans | buffer: 84/7718 (1.1%)
2026-08-07 08:05:52 | sleep.tagging                  | INFO  | step=114 | 1 tags created from 1 spans | buffer: 85/7718 (1.1%)
2026-08-07 08:05:52 | sleep.tagging                  | INFO  | step=115 | 1 tags created from 1 spans | buffer: 86/7718 (1.1%)
2026-08-07 08:05:52 | sleep.tagging                  | INFO  | step=116 | 1 tags created from 1 spans | buffer: 87/7718 (1.1%)
2026-08-07 08:05:52 | sleep.tagging                  | INFO  | step=117 | 1 tags created from 1 spans | buffer: 88/7718 (1.1%)
2026-08-07 08:05:52 | sleep.tagging                  | INFO  | step=119 | 1 tags created from 1 spans | buffer: 89/7718 (1.2%)
2026-08-07 08:05:52 | sleep.experiment.08            | INFO  | [Cycle 6] Wake summary: 20 facts -> 13 KV writes; bank: 526/20000 tokens
2026-08-07 08:05:52 | sleep.prp                      | INFO  | step=120 | PRP update: 22/771 allocated (3%) | +21 -0 | threshold=0.287 | mean_score=0.266
2026-08-07 08:05:52 | sleep.experiment.08            | INFO  | [Cycle 6] PRP: 22 allocated, 22 consolidation candidates
2026-08-07 08:05:52 | sleep.sleep_engine             | INFO  | === Sleep cycle START | 22 candidates ===
2026-08-07 08:05:52 | sleep.sleep_engine             | INFO  | Phase 1/5: GENERATE (strategy=original)
2026-08-07 08:05:52 | sleep.sleep_engine             | INFO  | KV memory injection: DISABLED
2026-08-07 08:05:52 | sleep.sleep_engine             | INFO  | Phase 1 (original strategy): 10 unique-source replays from 22 candidates
2026-08-07 08:05:52 | sleep.sleep_engine             | INFO  | Phase 1 complete: 10/22 replays generated
2026-08-07 08:05:52 | sleep.sleep_engine             | INFO  | Phase 2/5: QUALITY CHECK
2026-08-07 08:05:52 | sleep.sleep_engine.quality     | INFO  | Quality check REJECTED (similarity): Replay drifted too far from original experience (cosine similarity 0.1787 < theta_quality 0.5)
2026-08-07 08:05:52 | sleep.sleep_engine.quality     | INFO  | Quality check REJECTED (similarity): Replay drifted too far from original experience (cosine similarity 0.1924 < theta_quality 0.5)
2026-08-07 08:05:52 | sleep.sleep_engine.quality     | INFO  | Quality check REJECTED (similarity): Replay drifted too far from original experience (cosine similarity 0.1216 < theta_quality 0.5)
2026-08-07 08:05:52 | sleep.sleep_engine.quality     | INFO  | Quality check REJECTED (similarity): Replay drifted too far from original experience (cosine similarity 0.3047 < theta_quality 0.5)
2026-08-07 08:05:52 | sleep.sleep_engine.quality     | INFO  | Quality check REJECTED (similarity): Replay drifted too far from original experience (cosine similarity 0.1172 < theta_quality 0.5)
2026-08-07 08:05:52 | sleep.sleep_engine.quality     | INFO  | Quality check REJECTED (similarity): Replay drifted too far from original experience (cosine similarity 0.3008 < theta_quality 0.5)
2026-08-07 08:05:52 | sleep.sleep_engine.quality     | INFO  | Quality check REJECTED (similarity): Replay drifted too far from original experience (cosine similarity 0.2490 < theta_quality 0.5)
2026-08-07 08:05:52 | sleep.sleep_engine.quality     | INFO  | Quality check REJECTED (similarity): Replay drifted too far from original experience (cosine similarity 0.4297 < theta_quality 0.5)
2026-08-07 08:05:52 | sleep.sleep_engine.quality     | INFO  | Quality check REJECTED (similarity): Replay drifted too far from original experience (cosine similarity 0.1641 < theta_quality 0.5)
2026-08-07 08:05:52 | sleep.sleep_engine.quality     | INFO  | Quality check REJECTED (similarity): Replay drifted too far from original experience (cosine similarity 0.2617 < theta_quality 0.5)
2026-08-07 08:05:52 | sleep.sleep_engine             | INFO  | Phase 2 complete: 0/10 replays accepted
2026-08-07 08:05:52 | sleep.sleep_engine             | INFO  | No replays accepted — skipping training, marking all candidates as failed
2026-08-07 08:05:52 | sleep.sleep_engine.cleanup     | INFO  | Cleanup complete | passed=0 | failed=22 | permanently_removed=0
2026-08-07 08:05:52 | sleep.sleep_engine             | INFO  | KV memory injection: ENABLED
2026-08-07 08:05:52 | sleep.sleep_engine             | INFO  | === Sleep cycle END (no accepted replays) ===
2026-08-07 08:08:21 | sleep.evaluation.recall        | INFO  | Recall evaluation: DRA=0.0111 across 120 cases
2026-08-07 08:08:45 | sleep.evaluation.recall        | INFO  | Recall evaluation: DRA=0.0000 across 20 cases
2026-08-07 08:08:45 | sleep.evaluation.preservation  | INFO  | Perplexity evaluation: PPL=1257.1592 (mean_loss=7.1366, 54 tokens)
2026-08-07 08:08:45 | sleep.evaluation.preservation  | INFO  | BCP: 228.0565 (current_ppl=1257.1592, original_ppl=5.5125)
2026-08-07 08:08:45 | sleep.experiment.08            | INFO  | [sleep Cycle 6 EVAL] DRA cumulative=0.011 (4/120 hits); DRA current=0.000 (0/20 hits); BCP=228.0565
2026-08-07 08:08:45 | sleep.experiment.08            | INFO  | ======================================================================
2026-08-07 08:08:45 | sleep.experiment.08            | INFO  | [SLEEP Cycle 7] Wake phase: 20 facts
2026-08-07 08:08:45 | sleep.experiment.08            | INFO  | ======================================================================
2026-08-07 08:08:45 | sleep.tagging                  | INFO  | step=121 | 1 tags created from 1 spans | buffer: 90/7718 (1.2%)
2026-08-07 08:08:46 | sleep.tagging                  | INFO  | step=122 | 1 tags created from 1 spans | buffer: 91/7718 (1.2%)
2026-08-07 08:08:46 | sleep.tagging                  | INFO  | step=124 | 1 tags created from 1 spans | buffer: 92/7718 (1.2%)
2026-08-07 08:08:46 | sleep.tagging                  | INFO  | step=126 | 1 tags created from 1 spans | buffer: 93/7718 (1.2%)
2026-08-07 08:08:46 | sleep.tagging                  | INFO  | step=127 | 2 tags created from 2 spans | buffer: 95/7718 (1.2%)
2026-08-07 08:08:46 | sleep.tagging                  | INFO  | step=129 | 1 tags created from 1 spans | buffer: 96/7718 (1.2%)
2026-08-07 08:08:46 | sleep.tagging                  | INFO  | step=131 | 2 tags created from 2 spans | buffer: 98/7718 (1.3%)
2026-08-07 08:08:46 | sleep.tagging                  | INFO  | step=132 | 1 tags created from 1 spans | buffer: 99/7718 (1.3%)
2026-08-07 08:08:46 | sleep.tagging                  | INFO  | step=134 | 1 tags created from 1 spans | buffer: 100/7718 (1.3%)
2026-08-07 08:08:46 | sleep.tagging                  | INFO  | step=135 | 1 tags created from 1 spans | buffer: 101/7718 (1.3%)
2026-08-07 08:08:46 | sleep.tagging                  | INFO  | step=136 | 1 tags created from 1 spans | buffer: 102/7718 (1.3%)
2026-08-07 08:08:46 | sleep.tagging                  | INFO  | step=137 | 1 tags created from 1 spans | buffer: 103/7718 (1.3%)
2026-08-07 08:08:46 | sleep.tagging                  | INFO  | step=139 | 1 tags created from 1 spans | buffer: 104/7718 (1.3%)
2026-08-07 08:08:46 | sleep.experiment.08            | INFO  | [Cycle 7] Wake summary: 20 facts -> 13 KV writes; bank: 1054/20000 tokens
2026-08-07 08:08:46 | sleep.prp                      | INFO  | step=140 | PRP update: 17/771 allocated (2%) | +17 -0 | threshold=0.280 | mean_score=0.259
2026-08-07 08:08:46 | sleep.experiment.08            | INFO  | [Cycle 7] PRP: 17 allocated, 17 consolidation candidates
2026-08-07 08:08:46 | sleep.sleep_engine             | INFO  | === Sleep cycle START | 17 candidates ===
2026-08-07 08:08:46 | sleep.sleep_engine             | INFO  | Phase 1/5: GENERATE (strategy=original)
2026-08-07 08:08:46 | sleep.sleep_engine             | INFO  | KV memory injection: DISABLED
2026-08-07 08:08:46 | sleep.sleep_engine             | INFO  | Phase 1 (original strategy): 8 unique-source replays from 17 candidates
2026-08-07 08:08:46 | sleep.sleep_engine             | INFO  | Phase 1 complete: 8/17 replays generated
2026-08-07 08:08:46 | sleep.sleep_engine             | INFO  | Phase 2/5: QUALITY CHECK
2026-08-07 08:08:47 | sleep.sleep_engine.quality     | INFO  | Quality check REJECTED (similarity): Replay drifted too far from original experience (cosine similarity 0.3535 < theta_quality 0.5)
2026-08-07 08:08:47 | sleep.sleep_engine.quality     | INFO  | Quality check REJECTED (similarity): Replay drifted too far from original experience (cosine similarity 0.1631 < theta_quality 0.5)
2026-08-07 08:08:47 | sleep.sleep_engine.quality     | INFO  | Quality check REJECTED (similarity): Replay drifted too far from original experience (cosine similarity 0.1396 < theta_quality 0.5)
2026-08-07 08:08:47 | sleep.sleep_engine.quality     | INFO  | Quality check REJECTED (similarity): Replay drifted too far from original experience (cosine similarity 0.3203 < theta_quality 0.5)
2026-08-07 08:08:47 | sleep.sleep_engine.quality     | INFO  | Quality check REJECTED (similarity): Replay drifted too far from original experience (cosine similarity 0.3398 < theta_quality 0.5)
2026-08-07 08:08:47 | sleep.sleep_engine.quality     | INFO  | Quality check REJECTED (similarity): Replay drifted too far from original experience (cosine similarity 0.2168 < theta_quality 0.5)
2026-08-07 08:08:47 | sleep.sleep_engine.quality     | INFO  | Quality check REJECTED (similarity): Replay drifted too far from original experience (cosine similarity 0.3691 < theta_quality 0.5)
2026-08-07 08:08:47 | sleep.sleep_engine.quality     | INFO  | Quality check REJECTED (similarity): Replay drifted too far from original experience (cosine similarity 0.3535 < theta_quality 0.5)
2026-08-07 08:08:47 | sleep.sleep_engine             | INFO  | Phase 2 complete: 0/8 replays accepted
2026-08-07 08:08:47 | sleep.sleep_engine             | INFO  | No replays accepted — skipping training, marking all candidates as failed
2026-08-07 08:08:47 | sleep.sleep_engine.cleanup     | INFO  | Cleanup complete | passed=0 | failed=17 | permanently_removed=0
2026-08-07 08:08:47 | sleep.sleep_engine             | INFO  | KV memory injection: ENABLED
2026-08-07 08:08:47 | sleep.sleep_engine             | INFO  | === Sleep cycle END (no accepted replays) ===
2026-08-07 08:11:40 | sleep.evaluation.recall        | INFO  | Recall evaluation: DRA=0.0167 across 140 cases
2026-08-07 08:12:06 | sleep.evaluation.recall        | INFO  | Recall evaluation: DRA=0.0333 across 20 cases
2026-08-07 08:12:06 | sleep.evaluation.preservation  | INFO  | Perplexity evaluation: PPL=1271.8000 (mean_loss=7.1482, 54 tokens)
2026-08-07 08:12:06 | sleep.evaluation.preservation  | INFO  | BCP: 230.7124 (current_ppl=1271.8000, original_ppl=5.5125)
2026-08-07 08:12:06 | sleep.experiment.08            | INFO  | [sleep Cycle 7 EVAL] DRA cumulative=0.017 (7/140 hits); DRA current=0.033 (2/20 hits); BCP=230.7124
2026-08-07 08:12:06 | sleep.experiment.08            | INFO  | ======================================================================
2026-08-07 08:12:06 | sleep.experiment.08            | INFO  | [SLEEP Cycle 8] Wake phase: 20 facts
2026-08-07 08:12:06 | sleep.experiment.08            | INFO  | ======================================================================
2026-08-07 08:12:06 | sleep.tagging                  | INFO  | step=141 | 2 tags created from 2 spans | buffer: 106/7718 (1.4%)
2026-08-07 08:12:06 | sleep.tagging                  | INFO  | step=142 | 1 tags created from 1 spans | buffer: 107/7718 (1.4%)
2026-08-07 08:12:06 | sleep.tagging                  | INFO  | step=143 | 1 tags created from 1 spans | buffer: 108/7718 (1.4%)
2026-08-07 08:12:06 | sleep.tagging                  | INFO  | step=144 | 1 tags created from 1 spans | buffer: 109/7718 (1.4%)
2026-08-07 08:12:06 | sleep.tagging                  | INFO  | step=145 | 1 tags created from 1 spans | buffer: 110/7718 (1.4%)
2026-08-07 08:12:06 | sleep.tagging                  | INFO  | step=149 | 1 tags created from 1 spans | buffer: 111/7718 (1.4%)
2026-08-07 08:12:06 | sleep.tagging                  | INFO  | step=151 | 2 tags created from 2 spans | buffer: 113/7718 (1.5%)
2026-08-07 08:12:06 | sleep.tagging                  | INFO  | step=153 | 1 tags created from 1 spans | buffer: 114/7718 (1.5%)
2026-08-07 08:12:06 | sleep.tagging                  | INFO  | step=154 | 1 tags created from 1 spans | buffer: 115/7718 (1.5%)
2026-08-07 08:12:06 | sleep.tagging                  | INFO  | step=156 | 1 tags created from 1 spans | buffer: 116/7718 (1.5%)
2026-08-07 08:12:07 | sleep.tagging                  | INFO  | step=158 | 1 tags created from 1 spans | buffer: 117/7718 (1.5%)
2026-08-07 08:12:07 | sleep.experiment.08            | INFO  | [Cycle 8] Wake summary: 20 facts -> 11 KV writes; bank: 1509/20000 tokens
2026-08-07 08:12:07 | sleep.prp                      | INFO  | step=160 | PRP update: 18/771 allocated (2%) | +18 -0 | threshold=0.303 | mean_score=0.278
2026-08-07 08:12:07 | sleep.experiment.08            | INFO  | [Cycle 8] PRP: 18 allocated, 18 consolidation candidates
2026-08-07 08:12:07 | sleep.sleep_engine             | INFO  | === Sleep cycle START | 18 candidates ===
2026-08-07 08:12:07 | sleep.sleep_engine             | INFO  | Phase 1/5: GENERATE (strategy=original)
2026-08-07 08:12:07 | sleep.sleep_engine             | INFO  | KV memory injection: DISABLED
2026-08-07 08:12:07 | sleep.sleep_engine             | INFO  | Phase 1 (original strategy): 11 unique-source replays from 18 candidates
2026-08-07 08:12:07 | sleep.sleep_engine             | INFO  | Phase 1 complete: 11/18 replays generated
2026-08-07 08:12:07 | sleep.sleep_engine             | INFO  | Phase 2/5: QUALITY CHECK
2026-08-07 08:12:07 | sleep.sleep_engine.quality     | INFO  | Quality check REJECTED (similarity): Replay drifted too far from original experience (cosine similarity 0.1982 < theta_quality 0.5)
2026-08-07 08:12:07 | sleep.sleep_engine.quality     | INFO  | Quality check REJECTED (similarity): Replay drifted too far from original experience (cosine similarity 0.1631 < theta_quality 0.5)
2026-08-07 08:12:07 | sleep.sleep_engine.quality     | INFO  | Quality check REJECTED (similarity): Replay drifted too far from original experience (cosine similarity 0.1357 < theta_quality 0.5)
2026-08-07 08:12:07 | sleep.sleep_engine.quality     | INFO  | Quality check REJECTED (similarity): Replay drifted too far from original experience (cosine similarity 0.2441 < theta_quality 0.5)
2026-08-07 08:12:07 | sleep.sleep_engine.quality     | INFO  | Quality check REJECTED (similarity): Replay drifted too far from original experience (cosine similarity 0.1885 < theta_quality 0.5)
2026-08-07 08:12:07 | sleep.sleep_engine.quality     | INFO  | Quality check REJECTED (similarity): Replay drifted too far from original experience (cosine similarity 0.2383 < theta_quality 0.5)
2026-08-07 08:12:07 | sleep.sleep_engine.quality     | INFO  | Quality check REJECTED (similarity): Replay drifted too far from original experience (cosine similarity 0.1641 < theta_quality 0.5)
2026-08-07 08:12:07 | sleep.sleep_engine.quality     | INFO  | Quality check REJECTED (similarity): Replay drifted too far from original experience (cosine similarity 0.2441 < theta_quality 0.5)
2026-08-07 08:12:07 | sleep.sleep_engine.quality     | INFO  | Quality check REJECTED (similarity): Replay drifted too far from original experience (cosine similarity 0.3809 < theta_quality 0.5)
2026-08-07 08:12:07 | sleep.sleep_engine.quality     | INFO  | Quality check REJECTED (similarity): Replay drifted too far from original experience (cosine similarity 0.4473 < theta_quality 0.5)
2026-08-07 08:12:07 | sleep.sleep_engine.quality     | INFO  | Quality check REJECTED (similarity): Replay drifted too far from original experience (cosine similarity 0.4180 < theta_quality 0.5)
2026-08-07 08:12:07 | sleep.sleep_engine             | INFO  | Phase 2 complete: 0/11 replays accepted
2026-08-07 08:12:07 | sleep.sleep_engine             | INFO  | No replays accepted — skipping training, marking all candidates as failed
2026-08-07 08:12:07 | sleep.sleep_engine.cleanup     | INFO  | Cleanup complete | passed=0 | failed=18 | permanently_removed=0
2026-08-07 08:12:07 | sleep.sleep_engine             | INFO  | KV memory injection: ENABLED
2026-08-07 08:12:07 | sleep.sleep_engine             | INFO  | === Sleep cycle END (no accepted replays) ===
2026-08-07 08:15:26 | sleep.evaluation.recall        | INFO  | Recall evaluation: DRA=0.0146 across 160 cases
2026-08-07 08:15:51 | sleep.evaluation.recall        | INFO  | Recall evaluation: DRA=0.0000 across 20 cases
2026-08-07 08:15:51 | sleep.evaluation.preservation  | INFO  | Perplexity evaluation: PPL=1287.9283 (mean_loss=7.1608, 54 tokens)
2026-08-07 08:15:51 | sleep.evaluation.preservation  | INFO  | BCP: 233.6382 (current_ppl=1287.9283, original_ppl=5.5125)
2026-08-07 08:15:51 | sleep.experiment.08            | INFO  | [sleep Cycle 8 EVAL] DRA cumulative=0.015 (7/160 hits); DRA current=0.000 (0/20 hits); BCP=233.6382
2026-08-07 08:15:51 | sleep.experiment.08            | INFO  | ======================================================================
2026-08-07 08:15:51 | sleep.experiment.08            | INFO  | [SLEEP Cycle 9] Wake phase: 20 facts
2026-08-07 08:15:51 | sleep.experiment.08            | INFO  | ======================================================================
2026-08-07 08:15:51 | sleep.tagging                  | INFO  | step=161 | 2 tags created from 2 spans | buffer: 119/7718 (1.5%)
2026-08-07 08:15:52 | sleep.tagging                  | INFO  | step=162 | 1 tags created from 1 spans | buffer: 120/7718 (1.6%)
2026-08-07 08:15:52 | sleep.tagging                  | INFO  | step=164 | 1 tags created from 1 spans | buffer: 121/7718 (1.6%)
2026-08-07 08:15:52 | sleep.tagging                  | INFO  | step=166 | 1 tags created from 1 spans | buffer: 122/7718 (1.6%)
2026-08-07 08:15:52 | sleep.tagging                  | INFO  | step=167 | 2 tags created from 2 spans | buffer: 124/7718 (1.6%)
2026-08-07 08:15:52 | sleep.tagging                  | INFO  | step=168 | 1 tags created from 1 spans | buffer: 125/7718 (1.6%)
2026-08-07 08:15:52 | sleep.tagging                  | INFO  | step=171 | 1 tags created from 1 spans | buffer: 126/7718 (1.6%)
2026-08-07 08:15:52 | sleep.tagging                  | INFO  | step=173 | 1 tags created from 1 spans | buffer: 127/7718 (1.6%)
2026-08-07 08:15:52 | sleep.tagging                  | INFO  | step=174 | 2 tags created from 2 spans | buffer: 129/7718 (1.7%)
2026-08-07 08:15:52 | sleep.tagging                  | INFO  | step=175 | 1 tags created from 1 spans | buffer: 130/7718 (1.7%)
2026-08-07 08:15:52 | sleep.tagging                  | INFO  | step=176 | 1 tags created from 1 spans | buffer: 131/7718 (1.7%)
2026-08-07 08:15:52 | sleep.tagging                  | INFO  | step=178 | 1 tags created from 1 spans | buffer: 132/7718 (1.7%)
2026-08-07 08:15:52 | sleep.tagging                  | INFO  | step=179 | 1 tags created from 1 spans | buffer: 133/7718 (1.7%)
2026-08-07 08:15:53 | sleep.experiment.08            | INFO  | [Cycle 9] Wake summary: 20 facts -> 13 KV writes; bank: 2047/20000 tokens
2026-08-07 08:15:53 | sleep.prp                      | INFO  | step=180 | PRP update: 24/771 allocated (3%) | +24 -0 | threshold=0.305 | mean_score=0.280
2026-08-07 08:15:53 | sleep.experiment.08            | INFO  | [Cycle 9] PRP: 24 allocated, 24 consolidation candidates
2026-08-07 08:15:53 | sleep.sleep_engine             | INFO  | === Sleep cycle START | 24 candidates ===
2026-08-07 08:15:53 | sleep.sleep_engine             | INFO  | Phase 1/5: GENERATE (strategy=original)
2026-08-07 08:15:53 | sleep.sleep_engine             | INFO  | KV memory injection: DISABLED
2026-08-07 08:15:53 | sleep.sleep_engine             | INFO  | Phase 1 (original strategy): 13 unique-source replays from 24 candidates
2026-08-07 08:15:53 | sleep.sleep_engine             | INFO  | Phase 1 complete: 13/24 replays generated
2026-08-07 08:15:53 | sleep.sleep_engine             | INFO  | Phase 2/5: QUALITY CHECK
2026-08-07 08:15:53 | sleep.sleep_engine.quality     | INFO  | Quality check REJECTED (similarity): Replay drifted too far from original experience (cosine similarity 0.2012 < theta_quality 0.5)
2026-08-07 08:15:53 | sleep.sleep_engine.quality     | INFO  | Quality check REJECTED (similarity): Replay drifted too far from original experience (cosine similarity 0.2949 < theta_quality 0.5)
2026-08-07 08:15:53 | sleep.sleep_engine.quality     | INFO  | Quality check REJECTED (similarity): Replay drifted too far from original experience (cosine similarity 0.1367 < theta_quality 0.5)
2026-08-07 08:15:53 | sleep.sleep_engine.quality     | INFO  | Quality check REJECTED (similarity): Replay drifted too far from original experience (cosine similarity 0.1836 < theta_quality 0.5)
2026-08-07 08:15:53 | sleep.sleep_engine.quality     | INFO  | Quality check REJECTED (similarity): Replay drifted too far from original experience (cosine similarity 0.2754 < theta_quality 0.5)
2026-08-07 08:15:53 | sleep.sleep_engine.quality     | INFO  | Quality check REJECTED (similarity): Replay drifted too far from original experience (cosine similarity 0.2812 < theta_quality 0.5)
2026-08-07 08:15:53 | sleep.sleep_engine.quality     | INFO  | Quality check REJECTED (similarity): Replay drifted too far from original experience (cosine similarity 0.3164 < theta_quality 0.5)
2026-08-07 08:15:53 | sleep.sleep_engine.quality     | INFO  | Quality check REJECTED (similarity): Replay drifted too far from original experience (cosine similarity 0.1943 < theta_quality 0.5)
2026-08-07 08:15:53 | sleep.sleep_engine.quality     | INFO  | Quality check REJECTED (similarity): Replay drifted too far from original experience (cosine similarity 0.1660 < theta_quality 0.5)
2026-08-07 08:15:53 | sleep.sleep_engine.quality     | INFO  | Quality check REJECTED (similarity): Replay drifted too far from original experience (cosine similarity 0.3633 < theta_quality 0.5)
2026-08-07 08:15:53 | sleep.sleep_engine.quality     | INFO  | Quality check REJECTED (similarity): Replay drifted too far from original experience (cosine similarity 0.3887 < theta_quality 0.5)
2026-08-07 08:15:53 | sleep.sleep_engine.quality     | INFO  | Quality check REJECTED (similarity): Replay drifted too far from original experience (cosine similarity 0.4395 < theta_quality 0.5)
2026-08-07 08:15:53 | sleep.sleep_engine.quality     | INFO  | Quality check REJECTED (similarity): Replay drifted too far from original experience (cosine similarity 0.2441 < theta_quality 0.5)
2026-08-07 08:15:53 | sleep.sleep_engine             | INFO  | Phase 2 complete: 0/13 replays accepted
2026-08-07 08:15:53 | sleep.sleep_engine             | INFO  | No replays accepted — skipping training, marking all candidates as failed
2026-08-07 08:15:53 | sleep.sleep_engine.cleanup     | INFO  | Cleanup complete | passed=0 | failed=24 | permanently_removed=0
2026-08-07 08:15:53 | sleep.sleep_engine             | INFO  | KV memory injection: ENABLED
2026-08-07 08:15:53 | sleep.sleep_engine             | INFO  | === Sleep cycle END (no accepted replays) ===
2026-08-07 08:19:37 | sleep.evaluation.recall        | INFO  | Recall evaluation: DRA=0.0167 across 180 cases
2026-08-07 08:20:02 | sleep.evaluation.recall        | INFO  | Recall evaluation: DRA=0.0000 across 20 cases
2026-08-07 08:20:03 | sleep.evaluation.preservation  | INFO  | Perplexity evaluation: PPL=1250.2532 (mean_loss=7.1311, 54 tokens)
2026-08-07 08:20:03 | sleep.evaluation.preservation  | INFO  | BCP: 226.8037 (current_ppl=1250.2532, original_ppl=5.5125)
2026-08-07 08:20:03 | sleep.experiment.08            | INFO  | [sleep Cycle 9 EVAL] DRA cumulative=0.017 (8/180 hits); DRA current=0.000 (0/20 hits); BCP=226.8037
2026-08-07 08:20:03 | sleep.experiment.08            | INFO  | ======================================================================
2026-08-07 08:20:03 | sleep.experiment.08            | INFO  | [SLEEP Cycle 10] Wake phase: 20 facts
2026-08-07 08:20:03 | sleep.experiment.08            | INFO  | ======================================================================
2026-08-07 08:20:03 | sleep.tagging                  | INFO  | step=181 | 1 tags created from 1 spans | buffer: 134/7718 (1.7%)
2026-08-07 08:20:03 | sleep.tagging                  | INFO  | step=182 | 1 tags created from 1 spans | buffer: 135/7718 (1.7%)
2026-08-07 08:20:03 | sleep.tagging                  | INFO  | step=184 | 1 tags created from 1 spans | buffer: 136/7718 (1.8%)
2026-08-07 08:20:03 | sleep.tagging                  | INFO  | step=185 | 1 tags created from 1 spans | buffer: 137/7718 (1.8%)
2026-08-07 08:20:03 | sleep.tagging                  | INFO  | step=186 | 1 tags created from 1 spans | buffer: 138/7718 (1.8%)
2026-08-07 08:20:03 | sleep.tagging                  | INFO  | step=187 | 1 tags created from 1 spans | buffer: 139/7718 (1.8%)
2026-08-07 08:20:03 | sleep.tagging                  | INFO  | step=189 | 1 tags created from 1 spans | buffer: 140/7718 (1.8%)
2026-08-07 08:20:03 | sleep.tagging                  | INFO  | step=191 | 2 tags created from 2 spans | buffer: 142/7718 (1.8%)
2026-08-07 08:20:03 | sleep.tagging                  | INFO  | step=192 | 1 tags created from 1 spans | buffer: 143/7718 (1.9%)
2026-08-07 08:20:03 | sleep.tagging                  | INFO  | step=193 | 1 tags created from 1 spans | buffer: 144/7718 (1.9%)
2026-08-07 08:20:03 | sleep.tagging                  | INFO  | step=194 | 1 tags created from 1 spans | buffer: 145/7718 (1.9%)
2026-08-07 08:20:03 | sleep.tagging                  | INFO  | step=196 | 1 tags created from 1 spans | buffer: 146/7718 (1.9%)
2026-08-07 08:20:04 | sleep.tagging                  | INFO  | step=197 | 1 tags created from 1 spans | buffer: 147/7718 (1.9%)
2026-08-07 08:20:04 | sleep.experiment.08            | INFO  | [Cycle 10] Wake summary: 20 facts -> 13 KV writes; bank: 2588/20000 tokens
2026-08-07 08:20:04 | sleep.prp                      | INFO  | step=200 | PRP update: 27/771 allocated (4%) | +27 -0 | threshold=0.290 | mean_score=0.267
2026-08-07 08:20:04 | sleep.experiment.08            | INFO  | [Cycle 10] PRP: 27 allocated, 27 consolidation candidates
2026-08-07 08:20:04 | sleep.sleep_engine             | INFO  | === Sleep cycle START | 27 candidates ===
2026-08-07 08:20:04 | sleep.sleep_engine             | INFO  | Phase 1/5: GENERATE (strategy=original)
2026-08-07 08:20:04 | sleep.sleep_engine             | INFO  | KV memory injection: DISABLED
2026-08-07 08:20:04 | sleep.sleep_engine             | INFO  | Phase 1 (original strategy): 12 unique-source replays from 27 candidates
2026-08-07 08:20:04 | sleep.sleep_engine             | INFO  | Phase 1 complete: 12/27 replays generated
2026-08-07 08:20:04 | sleep.sleep_engine             | INFO  | Phase 2/5: QUALITY CHECK
2026-08-07 08:20:04 | sleep.sleep_engine.quality     | INFO  | Quality check REJECTED (similarity): Replay drifted too far from original experience (cosine similarity 0.2158 < theta_quality 0.5)
2026-08-07 08:20:04 | sleep.sleep_engine.quality     | INFO  | Quality check REJECTED (similarity): Replay drifted too far from original experience (cosine similarity 0.1895 < theta_quality 0.5)
2026-08-07 08:20:04 | sleep.sleep_engine.quality     | INFO  | Quality check REJECTED (similarity): Replay drifted too far from original experience (cosine similarity 0.1846 < theta_quality 0.5)
2026-08-07 08:20:04 | sleep.sleep_engine.quality     | INFO  | Quality check REJECTED (similarity): Replay drifted too far from original experience (cosine similarity 0.1445 < theta_quality 0.5)
2026-08-07 08:20:04 | sleep.sleep_engine.quality     | INFO  | Quality check REJECTED (similarity): Replay drifted too far from original experience (cosine similarity 0.3105 < theta_quality 0.5)
2026-08-07 08:20:04 | sleep.sleep_engine.quality     | INFO  | Quality check REJECTED (similarity): Replay drifted too far from original experience (cosine similarity 0.2021 < theta_quality 0.5)
2026-08-07 08:20:04 | sleep.sleep_engine.quality     | INFO  | Quality check REJECTED (similarity): Replay drifted too far from original experience (cosine similarity 0.3945 < theta_quality 0.5)
2026-08-07 08:20:04 | sleep.sleep_engine.quality     | INFO  | Quality check REJECTED (similarity): Replay drifted too far from original experience (cosine similarity 0.3613 < theta_quality 0.5)
2026-08-07 08:20:04 | sleep.sleep_engine.quality     | INFO  | Quality check REJECTED (similarity): Replay drifted too far from original experience (cosine similarity 0.1787 < theta_quality 0.5)
2026-08-07 08:20:04 | sleep.sleep_engine.quality     | INFO  | Quality check REJECTED (similarity): Replay drifted too far from original experience (cosine similarity 0.2207 < theta_quality 0.5)
2026-08-07 08:20:04 | sleep.sleep_engine.quality     | INFO  | Quality check REJECTED (similarity): Replay drifted too far from original experience (cosine similarity 0.4336 < theta_quality 0.5)
2026-08-07 08:20:04 | sleep.sleep_engine.quality     | INFO  | Quality check REJECTED (similarity): Replay drifted too far from original experience (cosine similarity 0.3691 < theta_quality 0.5)
2026-08-07 08:20:04 | sleep.sleep_engine             | INFO  | Phase 2 complete: 0/12 replays accepted
2026-08-07 08:20:04 | sleep.sleep_engine             | INFO  | No replays accepted — skipping training, marking all candidates as failed
2026-08-07 08:20:04 | sleep.sleep_engine.cleanup     | INFO  | Cleanup complete | passed=0 | failed=27 | permanently_removed=0
2026-08-07 08:20:04 | sleep.sleep_engine             | INFO  | KV memory injection: ENABLED
2026-08-07 08:20:04 | sleep.sleep_engine             | INFO  | === Sleep cycle END (no accepted replays) ===
2026-08-07 08:24:12 | sleep.evaluation.recall        | INFO  | Recall evaluation: DRA=0.0117 across 200 cases
2026-08-07 08:24:36 | sleep.evaluation.recall        | INFO  | Recall evaluation: DRA=0.0000 across 20 cases
2026-08-07 08:24:36 | sleep.evaluation.preservation  | INFO  | Perplexity evaluation: PPL=1268.5842 (mean_loss=7.1457, 54 tokens)
2026-08-07 08:24:36 | sleep.evaluation.preservation  | INFO  | BCP: 230.1290 (current_ppl=1268.5842, original_ppl=5.5125)
2026-08-07 08:24:36 | sleep.experiment.08            | INFO  | [sleep Cycle 10 EVAL] DRA cumulative=0.012 (7/200 hits); DRA current=0.000 (0/20 hits); BCP=230.1290

==============================================================================
MULTI-CYCLE SUMMARY (sleep)
==============================================================================
Cycle  Cum N   DRA cum    DRA cur    BCP       
--------------------------------------------------
1      20      0.0000     0.0000     1.0366    
2      40      0.0917     0.1333     2.9247    
3      60      0.0111     0.0000     23.3811   
4      80      0.0083     0.0000     23.3794   
5      100     0.0167     0.0333     227.0647  
6      120     0.0111     0.0000     228.0565  
7      140     0.0167     0.0333     230.7124  
8      160     0.0146     0.0000     233.6382  
9      180     0.0167     0.0000     226.8037  
10     200     0.0117     0.0000     230.1290  

Results saved to: /workspace/results/qwen1.5b_multicycle_sleep_10c_s1.json
