2026-08-07 06:55:43 | sleep.utils.seed               | INFO  | Seeded all RNGs with seed=0 (deterministic_algorithms=False)
==============================================================================
EXPERIMENT 08: Multi-Cycle Continual Learning
  Method:     sleep
  Cycles:     10
  Batch size: 20
==============================================================================
  Loaded 200 facts (will run 10 cycles of 20 each)

Loading model: /workspace/models/qwen2.5-1.5b (eager attention)
[transformers] `torch_dtype` is deprecated! Use `dtype` instead!
Loading weights:   0%|          | 0/338 [00:00<?, ?it/s]Loading weights: 100%|██████████| 338/338 [00:00<00:00, 5215.55it/s]
  Model: 1.544B params
2026-08-07 06:55:45 | sleep.weights.lora             | INFO  | LoRA target modules for llama: ['v_proj', 'o_proj']
2026-08-07 06:55:45 | sleep.weights.lora             | INFO  | LoRA config: rank=16, alpha=32, layers=[19, 20, 21, 22, 23, 24, 25, 26, 27] (of 28 total), targets=['v_proj', 'o_proj']
2026-08-07 06:55:45 | sleep.weights.lora             | INFO  | Created LoRA adapter 'w_fast': 700416 trainable parameters (0.0454% of base model)
2026-08-07 06:55:45 | sleep.weights.lora             | INFO  | LoRA target modules for llama: ['v_proj', 'o_proj']
2026-08-07 06:55:45 | sleep.weights.lora             | INFO  | LoRA config: rank=16, alpha=32, layers=[19, 20, 21, 22, 23, 24, 25, 26, 27] (of 28 total), targets=['v_proj', 'o_proj']
2026-08-07 06:55:45 | sleep.weights.lora             | INFO  | Dual adapters ready: w_fast=700416 params, w_cons=700416 params
/usr/local/lib/python3.11/dist-packages/peft/tuners/tuners_utils.py:2193: UserWarning: Adapter cannot be set when the model is merged. Unmerging the model first.
  warnings.warn("Adapter cannot be set when the model is merged. Unmerging the model first.")
2026-08-07 06:55:45 | sleep.weights.fast_update      | INFO  | FastWeightUpdater initialized: 36 parameter groups, alpha_base=1.00e-04, momentum=0.90
2026-08-07 06:55:45 | sleep.weights.plasticity       | INFO  | Adapted layers: [19, 20, 21, 22, 23, 24, 25, 26, 27] (top 33% of 28 layers)
2026-08-07 06:55:45 | sleep.weights.plasticity       | INFO  | Computed Frobenius norms for 196 base model weight matrices.
2026-08-07 06:55:45 | sleep.weights.kv_injection     | INFO  | KVInjector installed on 9 layers: [19, 20, 21, 22, 23, 24, 25, 26, 27]
2026-08-07 06:55:45 | sleep.weights                  | INFO  | KV memory mode enabled | adapted_layers=[19, 20, 21, 22, 23, 24, 25, 26, 27] | num_kv_heads=2 | head_dim=128 | max_total_tokens=20000 | top_k=64 | device=cuda:0 | dtype=torch.bfloat16
2026-08-07 06:55:45 | sleep.weights                  | INFO  | DualWeightSystem initialized | W_fast: 700,416 params | W_cons: 700,416 params | Adapted layers: [19, 20, 21, 22, 23, 24, 25, 26, 27] | Plasticity: 0.514–0.937 | KV bank installed
/usr/local/lib/python3.11/dist-packages/peft/tuners/lora/layer.py:983: UserWarning: Already unmerged. Nothing to do.
  warnings.warn("Already unmerged. Nothing to do.")
2026-08-07 06:55:46 | sleep.sleep_engine.quality     | INFO  | Baseline surprise computed: mu_surprise=1.7083 nats over 54 tokens

Measuring baseline PPL on controls...
2026-08-07 06:55:46 | sleep.evaluation.preservation  | INFO  | Perplexity evaluation: PPL=5.5125 (mean_loss=1.7070, 54 tokens)
  Baseline PPL: 5.5125
2026-08-07 06:55:46 | sleep.experiment.08            | INFO  | ======================================================================
2026-08-07 06:55:46 | sleep.experiment.08            | INFO  | [SLEEP Cycle 1] Wake phase: 20 facts
2026-08-07 06:55:46 | sleep.experiment.08            | INFO  | ======================================================================
2026-08-07 06:55:46 | sleep.tagging                  | INFO  | step=1 | 2 tags created from 2 spans | buffer: 2/7718 (0.0%)
2026-08-07 06:55:46 | sleep.tagging                  | INFO  | step=2 | 1 tags created from 1 spans | buffer: 3/7718 (0.0%)
2026-08-07 06:55:46 | sleep.tagging                  | INFO  | step=3 | 1 tags created from 1 spans | buffer: 4/7718 (0.1%)
2026-08-07 06:55:46 | sleep.tagging                  | INFO  | step=4 | 1 tags created from 1 spans | buffer: 5/7718 (0.1%)
2026-08-07 06:55:46 | sleep.tagging                  | INFO  | step=6 | 1 tags created from 1 spans | buffer: 6/7718 (0.1%)
2026-08-07 06:55:46 | sleep.tagging                  | INFO  | step=7 | 1 tags created from 1 spans | buffer: 7/7718 (0.1%)
2026-08-07 06:55:46 | sleep.tagging                  | INFO  | step=9 | 1 tags created from 1 spans | buffer: 8/7718 (0.1%)
2026-08-07 06:55:46 | sleep.tagging                  | INFO  | step=12 | 1 tags created from 1 spans | buffer: 9/7718 (0.1%)
2026-08-07 06:55:47 | sleep.tagging                  | INFO  | step=13 | 1 tags created from 1 spans | buffer: 10/7718 (0.1%)
2026-08-07 06:55:47 | sleep.tagging                  | INFO  | step=14 | 1 tags created from 1 spans | buffer: 11/7718 (0.1%)
2026-08-07 06:55:47 | sleep.tagging                  | INFO  | step=16 | 1 tags created from 1 spans | buffer: 12/7718 (0.2%)
2026-08-07 06:55:47 | sleep.tagging                  | INFO  | step=17 | 1 tags created from 1 spans | buffer: 13/7718 (0.2%)
2026-08-07 06:55:47 | sleep.tagging                  | INFO  | step=18 | 1 tags created from 1 spans | buffer: 14/7718 (0.2%)
2026-08-07 06:55:47 | sleep.experiment.08            | INFO  | [Cycle 1] Wake summary: 20 facts -> 13 KV writes; bank: 549/20000 tokens
2026-08-07 06:55:47 | sleep.prp                      | INFO  | step=20 | PRP update: 4/771 allocated (1%) | +4 -0 | threshold=0.389 | mean_score=0.353
2026-08-07 06:55:47 | sleep.experiment.08            | INFO  | [Cycle 1] PRP: 4 allocated, 4 consolidation candidates
2026-08-07 06:55:47 | sleep.sleep_engine             | INFO  | === Sleep cycle START | 4 candidates ===
2026-08-07 06:55:47 | sleep.sleep_engine             | INFO  | Phase 1/5: GENERATE (strategy=original)
2026-08-07 06:55:47 | sleep.sleep_engine             | INFO  | KV memory injection: DISABLED
2026-08-07 06:55:47 | sleep.sleep_engine             | INFO  | Phase 1 (original strategy): 4 unique-source replays from 4 candidates
2026-08-07 06:55:47 | sleep.sleep_engine             | INFO  | Phase 1 complete: 4/4 replays generated
2026-08-07 06:55:47 | sleep.sleep_engine             | INFO  | Phase 2/5: QUALITY CHECK
2026-08-07 06:55:47 | sleep.sleep_engine             | INFO  | Phase 2 complete: 4/4 replays accepted
2026-08-07 06:55:47 | sleep.sleep_engine             | INFO  | Phase 3/5: TRAIN (4 accepted replays)
2026-08-07 06:55:47 | sleep.sleep_engine             | INFO  | KV memory injection: DISABLED
2026-08-07 06:55:47 | sleep.weights.plasticity       | INFO  | Saved checkpoint for adapter 'w_cons': 36 parameters.
2026-08-07 06:55:47 | sleep.weights.plasticity       | INFO  | Saved checkpoint for adapter 'w_cons': 36 parameters.
2026-08-07 06:55:47 | sleep.sleep_engine.train       | INFO  | Starting sleep training | n_steps=100 | n_replay=4 | lr=1.00e-04 | device=cuda
2026-08-07 06:55:48 | sleep.sleep_engine.train       | INFO  |   step 10/100 | loss=2.9483 | mean_loss=2.9669 | eta=9 | lr=1.00e-04
2026-08-07 06:55:50 | sleep.weights.plasticity       | INFO  | Hard-clipped 1 w_cons parameters to delta_max=0.0200 bound.
2026-08-07 06:55:50 | sleep.weights.plasticity       | INFO  | Hard-clipped 1 w_cons parameters to delta_max=0.0200 bound.
2026-08-07 06:55:50 | sleep.sleep_engine.train       | INFO  |   step 20/100 | loss=2.6984 | mean_loss=2.8953 | eta=9 | lr=9.70e-05
2026-08-07 06:55:50 | sleep.weights.plasticity       | INFO  | Hard-clipped 1 w_cons parameters to delta_max=0.0200 bound.
2026-08-07 06:55:50 | sleep.weights.plasticity       | INFO  | Hard-clipped 1 w_cons parameters to delta_max=0.0200 bound.
2026-08-07 06:55:50 | sleep.weights.plasticity       | INFO  | Hard-clipped 2 w_cons parameters to delta_max=0.0200 bound.
2026-08-07 06:55:50 | sleep.weights.plasticity       | INFO  | Hard-clipped 4 w_cons parameters to delta_max=0.0200 bound.
2026-08-07 06:55:50 | sleep.weights.plasticity       | INFO  | Hard-clipped 5 w_cons parameters to delta_max=0.0200 bound.
2026-08-07 06:55:51 | sleep.weights.plasticity       | INFO  | Hard-clipped 5 w_cons parameters to delta_max=0.0200 bound.
2026-08-07 06:55:51 | sleep.weights.plasticity       | INFO  | Hard-clipped 5 w_cons parameters to delta_max=0.0200 bound.
2026-08-07 06:55:51 | sleep.weights.plasticity       | INFO  | Hard-clipped 6 w_cons parameters to delta_max=0.0200 bound.
2026-08-07 06:55:51 | sleep.weights.plasticity       | INFO  | Hard-clipped 6 w_cons parameters to delta_max=0.0200 bound.
2026-08-07 06:55:51 | sleep.weights.plasticity       | INFO  | Hard-clipped 6 w_cons parameters to delta_max=0.0200 bound.
2026-08-07 06:55:51 | sleep.sleep_engine.train       | INFO  |   step 30/100 | loss=2.4643 | mean_loss=2.8113 | eta=4 | lr=8.83e-05
2026-08-07 06:55:51 | sleep.weights.plasticity       | INFO  | Hard-clipped 7 w_cons parameters to delta_max=0.0200 bound.
2026-08-07 06:55:51 | sleep.weights.plasticity       | INFO  | Hard-clipped 7 w_cons parameters to delta_max=0.0200 bound.
2026-08-07 06:55:51 | sleep.weights.plasticity       | INFO  | Hard-clipped 7 w_cons parameters to delta_max=0.0200 bound.
2026-08-07 06:55:52 | sleep.weights.plasticity       | INFO  | Hard-clipped 7 w_cons parameters to delta_max=0.0200 bound.
2026-08-07 06:55:52 | sleep.weights.plasticity       | INFO  | Hard-clipped 8 w_cons parameters to delta_max=0.0200 bound.
2026-08-07 06:55:52 | sleep.weights.plasticity       | INFO  | Hard-clipped 8 w_cons parameters to delta_max=0.0200 bound.
2026-08-07 06:55:52 | sleep.weights.plasticity       | INFO  | Hard-clipped 9 w_cons parameters to delta_max=0.0200 bound.
2026-08-07 06:55:52 | sleep.weights.plasticity       | INFO  | Hard-clipped 9 w_cons parameters to delta_max=0.0200 bound.
2026-08-07 06:55:52 | sleep.weights.plasticity       | INFO  | Hard-clipped 9 w_cons parameters to delta_max=0.0200 bound.
2026-08-07 06:55:52 | sleep.weights.plasticity       | INFO  | Hard-clipped 11 w_cons parameters to delta_max=0.0200 bound.
2026-08-07 06:55:52 | sleep.sleep_engine.train       | INFO  |   step 40/100 | loss=2.2249 | mean_loss=2.7030 | eta=4 | lr=7.50e-05
2026-08-07 06:55:53 | sleep.weights.plasticity       | INFO  | Hard-clipped 12 w_cons parameters to delta_max=0.0200 bound.
2026-08-07 06:55:53 | sleep.weights.plasticity       | INFO  | Hard-clipped 14 w_cons parameters to delta_max=0.0200 bound.
2026-08-07 06:55:53 | sleep.weights.plasticity       | INFO  | Hard-clipped 15 w_cons parameters to delta_max=0.0200 bound.
2026-08-07 06:55:53 | sleep.weights.plasticity       | INFO  | Hard-clipped 15 w_cons parameters to delta_max=0.0200 bound.
2026-08-07 06:55:53 | sleep.weights.plasticity       | INFO  | Hard-clipped 15 w_cons parameters to delta_max=0.0200 bound.
2026-08-07 06:55:53 | sleep.weights.plasticity       | INFO  | Hard-clipped 16 w_cons parameters to delta_max=0.0200 bound.
2026-08-07 06:55:53 | sleep.weights.plasticity       | INFO  | Hard-clipped 17 w_cons parameters to delta_max=0.0200 bound.
2026-08-07 06:55:53 | sleep.weights.plasticity       | INFO  | Hard-clipped 17 w_cons parameters to delta_max=0.0200 bound.
2026-08-07 06:55:54 | sleep.weights.plasticity       | INFO  | Hard-clipped 17 w_cons parameters to delta_max=0.0200 bound.
2026-08-07 06:55:54 | sleep.weights.plasticity       | INFO  | Hard-clipped 18 w_cons parameters to delta_max=0.0200 bound.
2026-08-07 06:55:54 | sleep.sleep_engine.train       | INFO  |   step 50/100 | loss=1.9064 | mean_loss=2.5843 | eta=4 | lr=5.87e-05
2026-08-07 06:55:54 | sleep.weights.plasticity       | INFO  | Hard-clipped 18 w_cons parameters to delta_max=0.0200 bound.
2026-08-07 06:55:54 | sleep.weights.plasticity       | INFO  | Hard-clipped 18 w_cons parameters to delta_max=0.0200 bound.
2026-08-07 06:55:54 | sleep.weights.plasticity       | INFO  | Hard-clipped 18 w_cons parameters to delta_max=0.0200 bound.
2026-08-07 06:55:54 | sleep.weights.plasticity       | INFO  | Hard-clipped 19 w_cons parameters to delta_max=0.0200 bound.
2026-08-07 06:55:54 | sleep.weights.plasticity       | INFO  | Hard-clipped 19 w_cons parameters to delta_max=0.0200 bound.
2026-08-07 06:55:55 | sleep.weights.plasticity       | INFO  | Hard-clipped 19 w_cons parameters to delta_max=0.0200 bound.
2026-08-07 06:55:55 | sleep.weights.plasticity       | INFO  | Hard-clipped 19 w_cons parameters to delta_max=0.0200 bound.
2026-08-07 06:55:55 | sleep.weights.plasticity       | INFO  | Hard-clipped 19 w_cons parameters to delta_max=0.0200 bound.
2026-08-07 06:55:55 | sleep.weights.plasticity       | INFO  | Hard-clipped 20 w_cons parameters to delta_max=0.0200 bound.
2026-08-07 06:55:55 | sleep.weights.plasticity       | INFO  | Hard-clipped 21 w_cons parameters to delta_max=0.0200 bound.
2026-08-07 06:55:55 | sleep.sleep_engine.train       | INFO  |   step 60/100 | loss=1.9285 | mean_loss=2.4676 | eta=4 | lr=4.13e-05
2026-08-07 06:55:55 | sleep.weights.plasticity       | INFO  | Hard-clipped 21 w_cons parameters to delta_max=0.0200 bound.
2026-08-07 06:55:55 | sleep.weights.plasticity       | INFO  | Hard-clipped 21 w_cons parameters to delta_max=0.0200 bound.
2026-08-07 06:55:55 | sleep.weights.plasticity       | INFO  | Hard-clipped 21 w_cons parameters to delta_max=0.0200 bound.
2026-08-07 06:55:56 | sleep.weights.plasticity       | INFO  | Hard-clipped 22 w_cons parameters to delta_max=0.0200 bound.
2026-08-07 06:55:56 | sleep.weights.plasticity       | INFO  | Hard-clipped 22 w_cons parameters to delta_max=0.0200 bound.
2026-08-07 06:55:56 | sleep.weights.plasticity       | INFO  | Hard-clipped 23 w_cons parameters to delta_max=0.0200 bound.
2026-08-07 06:55:56 | sleep.weights.plasticity       | INFO  | Hard-clipped 24 w_cons parameters to delta_max=0.0200 bound.
2026-08-07 06:55:56 | sleep.weights.plasticity       | INFO  | Hard-clipped 24 w_cons parameters to delta_max=0.0200 bound.
2026-08-07 06:55:56 | sleep.weights.plasticity       | INFO  | Hard-clipped 24 w_cons parameters to delta_max=0.0200 bound.
2026-08-07 06:55:56 | sleep.weights.plasticity       | INFO  | Hard-clipped 24 w_cons parameters to delta_max=0.0200 bound.
2026-08-07 06:55:56 | sleep.sleep_engine.train       | INFO  |   step 70/100 | loss=1.6477 | mean_loss=2.3605 | eta=4 | lr=2.50e-05
2026-08-07 06:55:56 | sleep.weights.plasticity       | INFO  | Hard-clipped 24 w_cons parameters to delta_max=0.0200 bound.
2026-08-07 06:55:57 | sleep.weights.plasticity       | INFO  | Hard-clipped 24 w_cons parameters to delta_max=0.0200 bound.
2026-08-07 06:55:57 | sleep.weights.plasticity       | INFO  | Hard-clipped 24 w_cons parameters to delta_max=0.0200 bound.
2026-08-07 06:55:57 | sleep.weights.plasticity       | INFO  | Hard-clipped 24 w_cons parameters to delta_max=0.0200 bound.
2026-08-07 06:55:57 | sleep.weights.plasticity       | INFO  | Hard-clipped 24 w_cons parameters to delta_max=0.0200 bound.
2026-08-07 06:55:57 | sleep.weights.plasticity       | INFO  | Hard-clipped 24 w_cons parameters to delta_max=0.0200 bound.
2026-08-07 06:55:57 | sleep.weights.plasticity       | INFO  | Hard-clipped 25 w_cons parameters to delta_max=0.0200 bound.
2026-08-07 06:55:57 | sleep.weights.plasticity       | INFO  | Hard-clipped 25 w_cons parameters to delta_max=0.0200 bound.
2026-08-07 06:55:58 | sleep.weights.plasticity       | INFO  | Hard-clipped 25 w_cons parameters to delta_max=0.0200 bound.
2026-08-07 06:55:58 | sleep.weights.plasticity       | INFO  | Hard-clipped 25 w_cons parameters to delta_max=0.0200 bound.
2026-08-07 06:55:58 | sleep.sleep_engine.train       | INFO  |   step 80/100 | loss=1.7512 | mean_loss=2.2660 | eta=9 | lr=1.17e-05
2026-08-07 06:55:58 | sleep.weights.plasticity       | INFO  | Hard-clipped 25 w_cons parameters to delta_max=0.0200 bound.
2026-08-07 06:55:58 | sleep.weights.plasticity       | INFO  | Hard-clipped 25 w_cons parameters to delta_max=0.0200 bound.
2026-08-07 06:55:58 | sleep.weights.plasticity       | INFO  | Hard-clipped 25 w_cons parameters to delta_max=0.0200 bound.
2026-08-07 06:55:58 | sleep.weights.plasticity       | INFO  | Hard-clipped 25 w_cons parameters to delta_max=0.0200 bound.
2026-08-07 06:55:58 | sleep.weights.plasticity       | INFO  | Hard-clipped 25 w_cons parameters to delta_max=0.0200 bound.
2026-08-07 06:55:58 | sleep.weights.plasticity       | INFO  | Hard-clipped 25 w_cons parameters to delta_max=0.0200 bound.
2026-08-07 06:55:59 | sleep.weights.plasticity       | INFO  | Hard-clipped 25 w_cons parameters to delta_max=0.0200 bound.
2026-08-07 06:55:59 | sleep.weights.plasticity       | INFO  | Hard-clipped 25 w_cons parameters to delta_max=0.0200 bound.
2026-08-07 06:55:59 | sleep.weights.plasticity       | INFO  | Hard-clipped 25 w_cons parameters to delta_max=0.0200 bound.
2026-08-07 06:55:59 | sleep.weights.plasticity       | INFO  | Hard-clipped 25 w_cons parameters to delta_max=0.0200 bound.
2026-08-07 06:55:59 | sleep.sleep_engine.train       | INFO  |   step 90/100 | loss=1.5473 | mean_loss=2.1904 | eta=9 | lr=3.02e-06
2026-08-07 06:55:59 | sleep.weights.plasticity       | INFO  | Hard-clipped 25 w_cons parameters to delta_max=0.0200 bound.
2026-08-07 06:55:59 | sleep.weights.plasticity       | INFO  | Hard-clipped 25 w_cons parameters to delta_max=0.0200 bound.
2026-08-07 06:55:59 | sleep.weights.plasticity       | INFO  | Hard-clipped 25 w_cons parameters to delta_max=0.0200 bound.
2026-08-07 06:56:00 | sleep.weights.plasticity       | INFO  | Hard-clipped 25 w_cons parameters to delta_max=0.0200 bound.
2026-08-07 06:56:00 | sleep.weights.plasticity       | INFO  | Hard-clipped 25 w_cons parameters to delta_max=0.0200 bound.
2026-08-07 06:56:00 | sleep.weights.plasticity       | INFO  | Hard-clipped 25 w_cons parameters to delta_max=0.0200 bound.
2026-08-07 06:56:00 | sleep.weights.plasticity       | INFO  | Hard-clipped 25 w_cons parameters to delta_max=0.0200 bound.
2026-08-07 06:56:00 | sleep.weights.plasticity       | INFO  | Hard-clipped 25 w_cons parameters to delta_max=0.0200 bound.
2026-08-07 06:56:00 | sleep.weights.plasticity       | INFO  | Hard-clipped 25 w_cons parameters to delta_max=0.0200 bound.
2026-08-07 06:56:00 | sleep.weights.plasticity       | INFO  | Hard-clipped 25 w_cons parameters to delta_max=0.0200 bound.
2026-08-07 06:56:00 | sleep.sleep_engine.train       | INFO  |   step 100/100 | loss=1.6162 | mean_loss=2.1293 | eta=9 | lr=0.00e+00
2026-08-07 06:56:00 | sleep.sleep_engine.train       | INFO  | Sleep training complete | n_steps=100 | final_loss=1.6162 | mean_loss=2.1293
2026-08-07 06:56:00 | sleep.metrics                  | INFO  | summary | {'sleep_train/final_loss': 1.6162424087524414, 'sleep_train/mean_loss': 2.12927627325058, 'sleep_train/n_steps': 100}
2026-08-07 06:56:00 | sleep.sleep_engine             | INFO  | Phase 3 complete: 100 steps, final_loss=1.6162, mean_loss=2.1293
2026-08-07 06:56:00 | sleep.sleep_engine             | INFO  | Phase 4/5: PPL CHECK (skipped — no benchmark data)
2026-08-07 06:56:00 | sleep.sleep_engine             | INFO  | Phase 5/5: VALIDATE & CLEANUP
2026-08-07 06:56:00 | sleep.weights.plasticity       | INFO  | Saved checkpoint for adapter 'w_cons': 36 parameters.
2026-08-07 06:56:00 | sleep.weights.plasticity       | INFO  | Restored 36 parameters for adapter 'w_cons' from checkpoint.
2026-08-07 06:56:00 | sleep.weights.plasticity       | INFO  | Restored 36 parameters for adapter 'w_cons' from checkpoint.
2026-08-07 06:56:01 | sleep.sleep_engine.cleanup     | INFO  | Cleanup complete | passed=4 | failed=0 | permanently_removed=0
2026-08-07 06:56:01 | sleep.sleep_engine             | INFO  | Phase 5 complete: consolidated=4, failed=0, permanently_removed=0
2026-08-07 06:56:01 | sleep.metrics                  | INFO  | summary | {'sleep_engine/n_candidates': 4, 'sleep_engine/n_replays_generated': 4, 'sleep_engine/n_replays_accepted': 4, 'sleep_engine/n_consolidated': 4, 'sleep_engine/n_failed': 0, 'sleep_engine/n_permanently_removed': 0, 'sleep_engine/rolled_back': False}
2026-08-07 06:56:01 | sleep.weights.kv_memory        | INFO  | bank cleared: freed 13 tags / 549 tokens
2026-08-07 06:56:01 | sleep.sleep_engine             | INFO  | KV bank cleared (13 entries removed)
2026-08-07 06:56:01 | sleep.sleep_engine             | INFO  | KV memory injection: ENABLED
2026-08-07 06:56:01 | sleep.sleep_engine             | INFO  | === Sleep cycle END ===
[transformers] The attention mask is not set and cannot be inferred from input because pad token is same as eos token. As a consequence, you may observe unexpected behavior. Please pass your input's `attention_mask` to obtain reliable results.
2026-08-07 06:56:25 | sleep.evaluation.recall        | INFO  | Recall evaluation: DRA=0.0000 across 20 cases
2026-08-07 06:56:49 | sleep.evaluation.recall        | INFO  | Recall evaluation: DRA=0.0000 across 20 cases
2026-08-07 06:56:49 | sleep.evaluation.preservation  | INFO  | Perplexity evaluation: PPL=5.7454 (mean_loss=1.7484, 54 tokens)
2026-08-07 06:56:49 | sleep.evaluation.preservation  | INFO  | BCP: 1.0423 (current_ppl=5.7454, original_ppl=5.5125)
2026-08-07 06:56:49 | sleep.experiment.08            | INFO  | [sleep Cycle 1 EVAL] DRA cumulative=0.000 (0/20 hits); DRA current=0.000 (0/20 hits); BCP=1.0423
2026-08-07 06:56:49 | sleep.experiment.08            | INFO  | ======================================================================
2026-08-07 06:56:49 | sleep.experiment.08            | INFO  | [SLEEP Cycle 2] Wake phase: 20 facts
2026-08-07 06:56:49 | sleep.experiment.08            | INFO  | ======================================================================
2026-08-07 06:56:49 | sleep.tagging                  | INFO  | step=21 | 2 tags created from 2 spans | buffer: 16/7718 (0.2%)
2026-08-07 06:56:49 | sleep.tagging                  | INFO  | step=22 | 1 tags created from 1 spans | buffer: 17/7718 (0.2%)
2026-08-07 06:56:49 | sleep.tagging                  | INFO  | step=23 | 1 tags created from 1 spans | buffer: 18/7718 (0.2%)
2026-08-07 06:56:49 | sleep.tagging                  | INFO  | step=24 | 1 tags created from 1 spans | buffer: 19/7718 (0.2%)
2026-08-07 06:56:49 | sleep.tagging                  | INFO  | step=26 | 1 tags created from 1 spans | buffer: 20/7718 (0.3%)
2026-08-07 06:56:49 | sleep.tagging                  | INFO  | step=27 | 1 tags created from 1 spans | buffer: 21/7718 (0.3%)
2026-08-07 06:56:49 | sleep.tagging                  | INFO  | step=31 | 1 tags created from 1 spans | buffer: 22/7718 (0.3%)
2026-08-07 06:56:50 | sleep.tagging                  | INFO  | step=33 | 1 tags created from 1 spans | buffer: 23/7718 (0.3%)
2026-08-07 06:56:50 | sleep.tagging                  | INFO  | step=34 | 1 tags created from 1 spans | buffer: 24/7718 (0.3%)
2026-08-07 06:56:50 | sleep.tagging                  | INFO  | step=35 | 1 tags created from 1 spans | buffer: 25/7718 (0.3%)
2026-08-07 06:56:50 | sleep.tagging                  | INFO  | step=36 | 1 tags created from 1 spans | buffer: 26/7718 (0.3%)
2026-08-07 06:56:50 | sleep.tagging                  | INFO  | step=37 | 2 tags created from 2 spans | buffer: 28/7718 (0.4%)
2026-08-07 06:56:50 | sleep.tagging                  | INFO  | step=38 | 1 tags created from 1 spans | buffer: 29/7718 (0.4%)
2026-08-07 06:56:50 | sleep.experiment.08            | INFO  | [Cycle 2] Wake summary: 20 facts -> 13 KV writes; bank: 540/20000 tokens
2026-08-07 06:56:50 | sleep.prp                      | INFO  | step=40 | PRP update: 8/771 allocated (1%) | +4 -0 | threshold=0.369 | mean_score=0.333
2026-08-07 06:56:50 | sleep.experiment.08            | INFO  | [Cycle 2] PRP: 8 allocated, 8 consolidation candidates
2026-08-07 06:56:50 | sleep.sleep_engine             | INFO  | === Sleep cycle START | 8 candidates ===
2026-08-07 06:56:50 | sleep.sleep_engine             | INFO  | Phase 1/5: GENERATE (strategy=original)
2026-08-07 06:56:50 | sleep.sleep_engine             | INFO  | KV memory injection: DISABLED
2026-08-07 06:56:50 | sleep.sleep_engine             | INFO  | Phase 1 (original strategy): 4 unique-source replays from 8 candidates
2026-08-07 06:56:50 | sleep.sleep_engine             | INFO  | Phase 1 complete: 4/8 replays generated
2026-08-07 06:56:50 | sleep.sleep_engine             | INFO  | Phase 2/5: QUALITY CHECK
2026-08-07 06:56:50 | sleep.sleep_engine             | INFO  | Phase 2 complete: 4/4 replays accepted
2026-08-07 06:56:50 | sleep.sleep_engine             | INFO  | Phase 3/5: TRAIN (4 accepted replays)
2026-08-07 06:56:50 | sleep.sleep_engine             | INFO  | KV memory injection: DISABLED
2026-08-07 06:56:50 | sleep.weights.plasticity       | INFO  | Saved checkpoint for adapter 'w_cons': 36 parameters.
2026-08-07 06:56:50 | sleep.weights.plasticity       | INFO  | Saved checkpoint for adapter 'w_cons': 36 parameters.
2026-08-07 06:56:50 | sleep.sleep_engine.train       | INFO  | Starting sleep training | n_steps=100 | n_replay=4 | lr=1.00e-04 | device=cuda
2026-08-07 06:56:51 | sleep.sleep_engine.train       | INFO  |   step 10/100 | loss=2.0393 | mean_loss=2.1799 | eta=9 | lr=1.00e-04
2026-08-07 06:56:52 | sleep.weights.plasticity       | INFO  | Hard-clipped 1 w_cons parameters to delta_max=0.0200 bound.
2026-08-07 06:56:52 | sleep.weights.plasticity       | INFO  | Hard-clipped 1 w_cons parameters to delta_max=0.0200 bound.
2026-08-07 06:56:52 | sleep.weights.plasticity       | INFO  | Hard-clipped 1 w_cons parameters to delta_max=0.0200 bound.
2026-08-07 06:56:52 | sleep.sleep_engine.train       | INFO  |   step 20/100 | loss=1.5170 | mean_loss=1.9635 | eta=9 | lr=9.70e-05
2026-08-07 06:56:53 | sleep.weights.plasticity       | INFO  | Hard-clipped 1 w_cons parameters to delta_max=0.0200 bound.
2026-08-07 06:56:53 | sleep.weights.plasticity       | INFO  | Hard-clipped 1 w_cons parameters to delta_max=0.0200 bound.
2026-08-07 06:56:53 | sleep.weights.plasticity       | INFO  | Hard-clipped 2 w_cons parameters to delta_max=0.0200 bound.
2026-08-07 06:56:53 | sleep.weights.plasticity       | INFO  | Hard-clipped 2 w_cons parameters to delta_max=0.0200 bound.
2026-08-07 06:56:53 | sleep.weights.plasticity       | INFO  | Hard-clipped 3 w_cons parameters to delta_max=0.0200 bound.
2026-08-07 06:56:53 | sleep.weights.plasticity       | INFO  | Hard-clipped 4 w_cons parameters to delta_max=0.0200 bound.
2026-08-07 06:56:53 | sleep.weights.plasticity       | INFO  | Hard-clipped 4 w_cons parameters to delta_max=0.0200 bound.
2026-08-07 06:56:53 | sleep.weights.plasticity       | INFO  | Hard-clipped 5 w_cons parameters to delta_max=0.0200 bound.
2026-08-07 06:56:54 | sleep.weights.plasticity       | INFO  | Hard-clipped 5 w_cons parameters to delta_max=0.0200 bound.
2026-08-07 06:56:54 | sleep.weights.plasticity       | INFO  | Hard-clipped 5 w_cons parameters to delta_max=0.0200 bound.
2026-08-07 06:56:54 | sleep.sleep_engine.train       | INFO  |   step 30/100 | loss=1.1424 | mean_loss=1.7402 | eta=4 | lr=8.83e-05
2026-08-07 06:56:54 | sleep.weights.plasticity       | INFO  | Hard-clipped 6 w_cons parameters to delta_max=0.0200 bound.
2026-08-07 06:56:54 | sleep.weights.plasticity       | INFO  | Hard-clipped 6 w_cons parameters to delta_max=0.0200 bound.
2026-08-07 06:56:54 | sleep.weights.plasticity       | INFO  | Hard-clipped 6 w_cons parameters to delta_max=0.0200 bound.
2026-08-07 06:56:54 | sleep.weights.plasticity       | INFO  | Hard-clipped 6 w_cons parameters to delta_max=0.0200 bound.
2026-08-07 06:56:54 | sleep.weights.plasticity       | INFO  | Hard-clipped 6 w_cons parameters to delta_max=0.0200 bound.
2026-08-07 06:56:54 | sleep.weights.plasticity       | INFO  | Hard-clipped 7 w_cons parameters to delta_max=0.0200 bound.
2026-08-07 06:56:54 | sleep.weights.plasticity       | INFO  | Hard-clipped 7 w_cons parameters to delta_max=0.0200 bound.
2026-08-07 06:56:55 | sleep.weights.plasticity       | INFO  | Hard-clipped 7 w_cons parameters to delta_max=0.0200 bound.
2026-08-07 06:56:55 | sleep.weights.plasticity       | INFO  | Hard-clipped 7 w_cons parameters to delta_max=0.0200 bound.
2026-08-07 06:56:55 | sleep.weights.plasticity       | INFO  | Hard-clipped 8 w_cons parameters to delta_max=0.0200 bound.
2026-08-07 06:56:55 | sleep.sleep_engine.train       | INFO  |   step 40/100 | loss=0.8266 | mean_loss=1.5331 | eta=4 | lr=7.50e-05
2026-08-07 06:56:55 | sleep.weights.plasticity       | INFO  | Hard-clipped 8 w_cons parameters to delta_max=0.0200 bound.
2026-08-07 06:56:55 | sleep.weights.plasticity       | INFO  | Hard-clipped 8 w_cons parameters to delta_max=0.0200 bound.
2026-08-07 06:56:55 | sleep.weights.plasticity       | INFO  | Hard-clipped 8 w_cons parameters to delta_max=0.0200 bound.
2026-08-07 06:56:55 | sleep.weights.plasticity       | INFO  | Hard-clipped 8 w_cons parameters to delta_max=0.0200 bound.
2026-08-07 06:56:55 | sleep.weights.plasticity       | INFO  | Hard-clipped 9 w_cons parameters to delta_max=0.0200 bound.
2026-08-07 06:56:56 | sleep.weights.plasticity       | INFO  | Hard-clipped 9 w_cons parameters to delta_max=0.0200 bound.
2026-08-07 06:56:56 | sleep.weights.plasticity       | INFO  | Hard-clipped 9 w_cons parameters to delta_max=0.0200 bound.
2026-08-07 06:56:56 | sleep.weights.plasticity       | INFO  | Hard-clipped 9 w_cons parameters to delta_max=0.0200 bound.
2026-08-07 06:56:56 | sleep.weights.plasticity       | INFO  | Hard-clipped 9 w_cons parameters to delta_max=0.0200 bound.
2026-08-07 06:56:56 | sleep.weights.plasticity       | INFO  | Hard-clipped 11 w_cons parameters to delta_max=0.0200 bound.
2026-08-07 06:56:56 | sleep.sleep_engine.train       | INFO  |   step 50/100 | loss=0.6030 | mean_loss=1.3555 | eta=4 | lr=5.87e-05
2026-08-07 06:56:56 | sleep.weights.plasticity       | INFO  | Hard-clipped 11 w_cons parameters to delta_max=0.0200 bound.
2026-08-07 06:56:56 | sleep.weights.plasticity       | INFO  | Hard-clipped 11 w_cons parameters to delta_max=0.0200 bound.
2026-08-07 06:56:56 | sleep.weights.plasticity       | INFO  | Hard-clipped 11 w_cons parameters to delta_max=0.0200 bound.
2026-08-07 06:56:56 | sleep.weights.plasticity       | INFO  | Hard-clipped 11 w_cons parameters to delta_max=0.0200 bound.
2026-08-07 06:56:57 | sleep.weights.plasticity       | INFO  | Hard-clipped 11 w_cons parameters to delta_max=0.0200 bound.
2026-08-07 06:56:57 | sleep.weights.plasticity       | INFO  | Hard-clipped 11 w_cons parameters to delta_max=0.0200 bound.
2026-08-07 06:56:57 | sleep.weights.plasticity       | INFO  | Hard-clipped 11 w_cons parameters to delta_max=0.0200 bound.
2026-08-07 06:56:57 | sleep.weights.plasticity       | INFO  | Hard-clipped 12 w_cons parameters to delta_max=0.0200 bound.
2026-08-07 06:56:57 | sleep.weights.plasticity       | INFO  | Hard-clipped 12 w_cons parameters to delta_max=0.0200 bound.
2026-08-07 06:56:57 | sleep.weights.plasticity       | INFO  | Hard-clipped 12 w_cons parameters to delta_max=0.0200 bound.
2026-08-07 06:56:57 | sleep.sleep_engine.train       | INFO  |   step 60/100 | loss=0.4032 | mean_loss=1.2093 | eta=4 | lr=4.13e-05
2026-08-07 06:56:57 | sleep.weights.plasticity       | INFO  | Hard-clipped 12 w_cons parameters to delta_max=0.0200 bound.
2026-08-07 06:56:57 | sleep.weights.plasticity       | INFO  | Hard-clipped 12 w_cons parameters to delta_max=0.0200 bound.
2026-08-07 06:56:58 | sleep.weights.plasticity       | INFO  | Hard-clipped 12 w_cons parameters to delta_max=0.0200 bound.
2026-08-07 06:56:58 | sleep.weights.plasticity       | INFO  | Hard-clipped 12 w_cons parameters to delta_max=0.0200 bound.
2026-08-07 06:56:58 | sleep.weights.plasticity       | INFO  | Hard-clipped 12 w_cons parameters to delta_max=0.0200 bound.
2026-08-07 06:56:58 | sleep.weights.plasticity       | INFO  | Hard-clipped 12 w_cons parameters to delta_max=0.0200 bound.
2026-08-07 06:56:58 | sleep.weights.plasticity       | INFO  | Hard-clipped 12 w_cons parameters to delta_max=0.0200 bound.
2026-08-07 06:56:58 | sleep.weights.plasticity       | INFO  | Hard-clipped 14 w_cons parameters to delta_max=0.0200 bound.
2026-08-07 06:56:58 | sleep.weights.plasticity       | INFO  | Hard-clipped 14 w_cons parameters to delta_max=0.0200 bound.
2026-08-07 06:56:58 | sleep.weights.plasticity       | INFO  | Hard-clipped 14 w_cons parameters to delta_max=0.0200 bound.
2026-08-07 06:56:58 | sleep.sleep_engine.train       | INFO  |   step 70/100 | loss=0.2973 | mean_loss=1.0881 | eta=4 | lr=2.50e-05
2026-08-07 06:56:58 | sleep.weights.plasticity       | INFO  | Hard-clipped 14 w_cons parameters to delta_max=0.0200 bound.
2026-08-07 06:56:59 | sleep.weights.plasticity       | INFO  | Hard-clipped 14 w_cons parameters to delta_max=0.0200 bound.
2026-08-07 06:56:59 | sleep.weights.plasticity       | INFO  | Hard-clipped 14 w_cons parameters to delta_max=0.0200 bound.
2026-08-07 06:56:59 | sleep.weights.plasticity       | INFO  | Hard-clipped 14 w_cons parameters to delta_max=0.0200 bound.
2026-08-07 06:56:59 | sleep.weights.plasticity       | INFO  | Hard-clipped 14 w_cons parameters to delta_max=0.0200 bound.
2026-08-07 06:56:59 | sleep.weights.plasticity       | INFO  | Hard-clipped 14 w_cons parameters to delta_max=0.0200 bound.
2026-08-07 06:56:59 | sleep.weights.plasticity       | INFO  | Hard-clipped 14 w_cons parameters to delta_max=0.0200 bound.
2026-08-07 06:56:59 | sleep.weights.plasticity       | INFO  | Hard-clipped 14 w_cons parameters to delta_max=0.0200 bound.
2026-08-07 06:56:59 | sleep.weights.plasticity       | INFO  | Hard-clipped 14 w_cons parameters to delta_max=0.0200 bound.
2026-08-07 06:57:00 | sleep.weights.plasticity       | INFO  | Hard-clipped 14 w_cons parameters to delta_max=0.0200 bound.
2026-08-07 06:57:00 | sleep.sleep_engine.train       | INFO  |   step 80/100 | loss=0.2736 | mean_loss=0.9907 | eta=9 | lr=1.17e-05
2026-08-07 06:57:00 | sleep.weights.plasticity       | INFO  | Hard-clipped 14 w_cons parameters to delta_max=0.0200 bound.
2026-08-07 06:57:00 | sleep.weights.plasticity       | INFO  | Hard-clipped 15 w_cons parameters to delta_max=0.0200 bound.
2026-08-07 06:57:00 | sleep.weights.plasticity       | INFO  | Hard-clipped 15 w_cons parameters to delta_max=0.0200 bound.
2026-08-07 06:57:00 | sleep.weights.plasticity       | INFO  | Hard-clipped 15 w_cons parameters to delta_max=0.0200 bound.
2026-08-07 06:57:00 | sleep.weights.plasticity       | INFO  | Hard-clipped 15 w_cons parameters to delta_max=0.0200 bound.
2026-08-07 06:57:00 | sleep.weights.plasticity       | INFO  | Hard-clipped 15 w_cons parameters to delta_max=0.0200 bound.
2026-08-07 06:57:00 | sleep.weights.plasticity       | INFO  | Hard-clipped 15 w_cons parameters to delta_max=0.0200 bound.
2026-08-07 06:57:00 | sleep.weights.plasticity       | INFO  | Hard-clipped 15 w_cons parameters to delta_max=0.0200 bound.
2026-08-07 06:57:01 | sleep.weights.plasticity       | INFO  | Hard-clipped 15 w_cons parameters to delta_max=0.0200 bound.
2026-08-07 06:57:01 | sleep.weights.plasticity       | INFO  | Hard-clipped 15 w_cons parameters to delta_max=0.0200 bound.
2026-08-07 06:57:01 | sleep.sleep_engine.train       | INFO  |   step 90/100 | loss=0.2605 | mean_loss=0.9106 | eta=9 | lr=3.02e-06
2026-08-07 06:57:01 | sleep.weights.plasticity       | INFO  | Hard-clipped 15 w_cons parameters to delta_max=0.0200 bound.
2026-08-07 06:57:01 | sleep.weights.plasticity       | INFO  | Hard-clipped 15 w_cons parameters to delta_max=0.0200 bound.
2026-08-07 06:57:01 | sleep.weights.plasticity       | INFO  | Hard-clipped 15 w_cons parameters to delta_max=0.0200 bound.
2026-08-07 06:57:01 | sleep.weights.plasticity       | INFO  | Hard-clipped 15 w_cons parameters to delta_max=0.0200 bound.
2026-08-07 06:57:01 | sleep.weights.plasticity       | INFO  | Hard-clipped 15 w_cons parameters to delta_max=0.0200 bound.
2026-08-07 06:57:01 | sleep.weights.plasticity       | INFO  | Hard-clipped 15 w_cons parameters to delta_max=0.0200 bound.
2026-08-07 06:57:02 | sleep.weights.plasticity       | INFO  | Hard-clipped 15 w_cons parameters to delta_max=0.0200 bound.
2026-08-07 06:57:02 | sleep.weights.plasticity       | INFO  | Hard-clipped 15 w_cons parameters to delta_max=0.0200 bound.
2026-08-07 06:57:02 | sleep.weights.plasticity       | INFO  | Hard-clipped 15 w_cons parameters to delta_max=0.0200 bound.
2026-08-07 06:57:02 | sleep.weights.plasticity       | INFO  | Hard-clipped 15 w_cons parameters to delta_max=0.0200 bound.
2026-08-07 06:57:02 | sleep.sleep_engine.train       | INFO  |   step 100/100 | loss=0.2876 | mean_loss=0.8460 | eta=9 | lr=0.00e+00
2026-08-07 06:57:02 | sleep.sleep_engine.train       | INFO  | Sleep training complete | n_steps=100 | final_loss=0.2876 | mean_loss=0.8460
2026-08-07 06:57:02 | sleep.metrics                  | INFO  | summary | {'sleep_train/final_loss': 0.28762581944465637, 'sleep_train/mean_loss': 0.8460196501016617, 'sleep_train/n_steps': 100}
2026-08-07 06:57:02 | sleep.sleep_engine             | INFO  | Phase 3 complete: 100 steps, final_loss=0.2876, mean_loss=0.8460
2026-08-07 06:57:02 | sleep.sleep_engine             | INFO  | Phase 4/5: PPL CHECK (skipped — no benchmark data)
2026-08-07 06:57:02 | sleep.sleep_engine             | INFO  | Phase 5/5: VALIDATE & CLEANUP
2026-08-07 06:57:02 | sleep.weights.plasticity       | INFO  | Saved checkpoint for adapter 'w_cons': 36 parameters.
2026-08-07 06:57:02 | sleep.weights.plasticity       | INFO  | Restored 36 parameters for adapter 'w_cons' from checkpoint.
2026-08-07 06:57:02 | sleep.weights.plasticity       | INFO  | Restored 36 parameters for adapter 'w_cons' from checkpoint.
2026-08-07 06:57:02 | sleep.sleep_engine.cleanup     | INFO  | Cleanup complete | passed=4 | failed=4 | permanently_removed=0
2026-08-07 06:57:02 | sleep.sleep_engine             | INFO  | Phase 5 complete: consolidated=4, failed=4, permanently_removed=0
2026-08-07 06:57:02 | sleep.metrics                  | INFO  | summary | {'sleep_engine/n_candidates': 8, 'sleep_engine/n_replays_generated': 4, 'sleep_engine/n_replays_accepted': 4, 'sleep_engine/n_consolidated': 4, 'sleep_engine/n_failed': 4, 'sleep_engine/n_permanently_removed': 0, 'sleep_engine/rolled_back': False}
2026-08-07 06:57:02 | sleep.weights.kv_memory        | INFO  | bank cleared: freed 13 tags / 540 tokens
2026-08-07 06:57:02 | sleep.sleep_engine             | INFO  | KV bank cleared (13 entries removed)
2026-08-07 06:57:02 | sleep.sleep_engine             | INFO  | KV memory injection: ENABLED
2026-08-07 06:57:02 | sleep.sleep_engine             | INFO  | === Sleep cycle END ===
2026-08-07 06:57:49 | sleep.evaluation.recall        | INFO  | Recall evaluation: DRA=0.0750 across 40 cases
2026-08-07 06:58:12 | sleep.evaluation.recall        | INFO  | Recall evaluation: DRA=0.1167 across 20 cases
2026-08-07 06:58:12 | sleep.evaluation.preservation  | INFO  | Perplexity evaluation: PPL=22.1756 (mean_loss=3.0990, 54 tokens)
2026-08-07 06:58:12 | sleep.evaluation.preservation  | INFO  | BCP: 4.0228 (current_ppl=22.1756, original_ppl=5.5125)
2026-08-07 06:58:12 | sleep.experiment.08            | INFO  | [sleep Cycle 2 EVAL] DRA cumulative=0.075 (6/40 hits); DRA current=0.117 (4/20 hits); BCP=4.0228
2026-08-07 06:58:12 | sleep.experiment.08            | INFO  | ======================================================================
2026-08-07 06:58:12 | sleep.experiment.08            | INFO  | [SLEEP Cycle 3] Wake phase: 20 facts
2026-08-07 06:58:12 | sleep.experiment.08            | INFO  | ======================================================================
2026-08-07 06:58:12 | sleep.tagging                  | INFO  | step=41 | 1 tags created from 1 spans | buffer: 30/7718 (0.4%)
2026-08-07 06:58:12 | sleep.tagging                  | INFO  | step=42 | 1 tags created from 1 spans | buffer: 31/7718 (0.4%)
2026-08-07 06:58:12 | sleep.tagging                  | INFO  | step=43 | 1 tags created from 1 spans | buffer: 32/7718 (0.4%)
2026-08-07 06:58:12 | sleep.tagging                  | INFO  | step=44 | 1 tags created from 1 spans | buffer: 33/7718 (0.4%)
2026-08-07 06:58:12 | sleep.tagging                  | INFO  | step=45 | 1 tags created from 1 spans | buffer: 34/7718 (0.4%)
2026-08-07 06:58:12 | sleep.tagging                  | INFO  | step=46 | 1 tags created from 1 spans | buffer: 35/7718 (0.5%)
2026-08-07 06:58:12 | sleep.tagging                  | INFO  | step=47 | 1 tags created from 1 spans | buffer: 36/7718 (0.5%)
2026-08-07 06:58:12 | sleep.tagging                  | INFO  | step=51 | 2 tags created from 2 spans | buffer: 38/7718 (0.5%)
2026-08-07 06:58:12 | sleep.tagging                  | INFO  | step=52 | 1 tags created from 1 spans | buffer: 39/7718 (0.5%)
2026-08-07 06:58:12 | sleep.tagging                  | INFO  | step=53 | 1 tags created from 1 spans | buffer: 40/7718 (0.5%)
2026-08-07 06:58:12 | sleep.tagging                  | INFO  | step=54 | 1 tags created from 1 spans | buffer: 41/7718 (0.5%)
2026-08-07 06:58:13 | sleep.tagging                  | INFO  | step=56 | 1 tags created from 1 spans | buffer: 42/7718 (0.5%)
2026-08-07 06:58:13 | sleep.tagging                  | INFO  | step=57 | 1 tags created from 1 spans | buffer: 43/7718 (0.6%)
2026-08-07 06:58:13 | sleep.experiment.08            | INFO  | [Cycle 3] Wake summary: 20 facts -> 13 KV writes; bank: 535/20000 tokens
2026-08-07 06:58:13 | sleep.prp                      | INFO  | step=60 | PRP update: 13/771 allocated (2%) | +9 -0 | threshold=0.348 | mean_score=0.319
2026-08-07 06:58:13 | sleep.experiment.08            | INFO  | [Cycle 3] PRP: 13 allocated, 13 consolidation candidates
2026-08-07 06:58:13 | sleep.sleep_engine             | INFO  | === Sleep cycle START | 13 candidates ===
2026-08-07 06:58:13 | sleep.sleep_engine             | INFO  | Phase 1/5: GENERATE (strategy=original)
2026-08-07 06:58:13 | sleep.sleep_engine             | INFO  | KV memory injection: DISABLED
2026-08-07 06:58:13 | sleep.sleep_engine             | INFO  | Phase 1 (original strategy): 6 unique-source replays from 13 candidates
2026-08-07 06:58:13 | sleep.sleep_engine             | INFO  | Phase 1 complete: 6/13 replays generated
2026-08-07 06:58:13 | sleep.sleep_engine             | INFO  | Phase 2/5: QUALITY CHECK
2026-08-07 06:58:13 | sleep.sleep_engine.quality     | INFO  | Quality check REJECTED (similarity): Replay drifted too far from original experience (cosine similarity 0.4297 < theta_quality 0.5)
2026-08-07 06:58:13 | sleep.sleep_engine.quality     | INFO  | Quality check REJECTED (similarity): Replay drifted too far from original experience (cosine similarity 0.2793 < theta_quality 0.5)
2026-08-07 06:58:13 | sleep.sleep_engine.quality     | INFO  | Quality check REJECTED (similarity): Replay drifted too far from original experience (cosine similarity 0.0364 < theta_quality 0.5)
2026-08-07 06:58:13 | sleep.sleep_engine.quality     | INFO  | Quality check REJECTED (similarity): Replay drifted too far from original experience (cosine similarity 0.4238 < theta_quality 0.5)
2026-08-07 06:58:13 | sleep.sleep_engine.quality     | INFO  | Quality check REJECTED (similarity): Replay drifted too far from original experience (cosine similarity 0.0103 < theta_quality 0.5)
2026-08-07 06:58:13 | sleep.sleep_engine             | INFO  | Phase 2 complete: 1/6 replays accepted
2026-08-07 06:58:13 | sleep.sleep_engine             | INFO  | Phase 3/5: TRAIN (1 accepted replays)
2026-08-07 06:58:13 | sleep.sleep_engine             | INFO  | KV memory injection: DISABLED
2026-08-07 06:58:13 | sleep.weights.plasticity       | INFO  | Saved checkpoint for adapter 'w_cons': 36 parameters.
2026-08-07 06:58:13 | sleep.weights.plasticity       | INFO  | Saved checkpoint for adapter 'w_cons': 36 parameters.
2026-08-07 06:58:13 | sleep.sleep_engine.train       | INFO  | Starting sleep training | n_steps=100 | n_replay=1 | lr=1.00e-04 | device=cuda
2026-08-07 06:58:14 | sleep.sleep_engine.train       | INFO  |   step 10/100 | loss=2.5023 | mean_loss=3.1397 | eta=9 | lr=1.00e-04
2026-08-07 06:58:15 | sleep.sleep_engine.train       | INFO  |   step 20/100 | loss=1.0596 | mean_loss=2.4020 | eta=9 | lr=9.70e-05
2026-08-07 06:58:16 | sleep.sleep_engine.train       | INFO  |   step 30/100 | loss=0.2482 | mean_loss=1.7872 | eta=4 | lr=8.83e-05
2026-08-07 06:58:16 | sleep.weights.plasticity       | INFO  | Hard-clipped 1 w_cons parameters to delta_max=0.0200 bound.
2026-08-07 06:58:17 | sleep.weights.plasticity       | INFO  | Hard-clipped 1 w_cons parameters to delta_max=0.0200 bound.
2026-08-07 06:58:17 | sleep.weights.plasticity       | INFO  | Hard-clipped 1 w_cons parameters to delta_max=0.0200 bound.
2026-08-07 06:58:17 | sleep.weights.plasticity       | INFO  | Hard-clipped 1 w_cons parameters to delta_max=0.0200 bound.
2026-08-07 06:58:17 | sleep.weights.plasticity       | INFO  | Hard-clipped 1 w_cons parameters to delta_max=0.0200 bound.
2026-08-07 06:58:17 | sleep.weights.plasticity       | INFO  | Hard-clipped 1 w_cons parameters to delta_max=0.0200 bound.
2026-08-07 06:58:17 | sleep.weights.plasticity       | INFO  | Hard-clipped 1 w_cons parameters to delta_max=0.0200 bound.
2026-08-07 06:58:17 | sleep.weights.plasticity       | INFO  | Hard-clipped 1 w_cons parameters to delta_max=0.0200 bound.
2026-08-07 06:58:17 | sleep.weights.plasticity       | INFO  | Hard-clipped 1 w_cons parameters to delta_max=0.0200 bound.
2026-08-07 06:58:17 | sleep.weights.plasticity       | INFO  | Hard-clipped 1 w_cons parameters to delta_max=0.0200 bound.
2026-08-07 06:58:17 | sleep.sleep_engine.train       | INFO  |   step 40/100 | loss=0.0180 | mean_loss=1.3605 | eta=4 | lr=7.50e-05
2026-08-07 06:58:18 | sleep.weights.plasticity       | INFO  | Hard-clipped 1 w_cons parameters to delta_max=0.0200 bound.
2026-08-07 06:58:18 | sleep.weights.plasticity       | INFO  | Hard-clipped 2 w_cons parameters to delta_max=0.0200 bound.
2026-08-07 06:58:18 | sleep.weights.plasticity       | INFO  | Hard-clipped 2 w_cons parameters to delta_max=0.0200 bound.
2026-08-07 06:58:18 | sleep.weights.plasticity       | INFO  | Hard-clipped 2 w_cons parameters to delta_max=0.0200 bound.
2026-08-07 06:58:18 | sleep.weights.plasticity       | INFO  | Hard-clipped 2 w_cons parameters to delta_max=0.0200 bound.
2026-08-07 06:58:18 | sleep.weights.plasticity       | INFO  | Hard-clipped 2 w_cons parameters to delta_max=0.0200 bound.
2026-08-07 06:58:18 | sleep.weights.plasticity       | INFO  | Hard-clipped 3 w_cons parameters to delta_max=0.0200 bound.
2026-08-07 06:58:18 | sleep.weights.plasticity       | INFO  | Hard-clipped 3 w_cons parameters to delta_max=0.0200 bound.
2026-08-07 06:58:19 | sleep.weights.plasticity       | INFO  | Hard-clipped 3 w_cons parameters to delta_max=0.0200 bound.
2026-08-07 06:58:19 | sleep.weights.plasticity       | INFO  | Hard-clipped 3 w_cons parameters to delta_max=0.0200 bound.
2026-08-07 06:58:19 | sleep.sleep_engine.train       | INFO  |   step 50/100 | loss=0.0046 | mean_loss=1.0901 | eta=4 | lr=5.87e-05
2026-08-07 06:58:19 | sleep.weights.plasticity       | INFO  | Hard-clipped 3 w_cons parameters to delta_max=0.0200 bound.
2026-08-07 06:58:19 | sleep.weights.plasticity       | INFO  | Hard-clipped 3 w_cons parameters to delta_max=0.0200 bound.
2026-08-07 06:58:19 | sleep.weights.plasticity       | INFO  | Hard-clipped 3 w_cons parameters to delta_max=0.0200 bound.
2026-08-07 06:58:19 | sleep.weights.plasticity       | INFO  | Hard-clipped 3 w_cons parameters to delta_max=0.0200 bound.
2026-08-07 06:58:19 | sleep.weights.plasticity       | INFO  | Hard-clipped 3 w_cons parameters to delta_max=0.0200 bound.
2026-08-07 06:58:19 | sleep.weights.plasticity       | INFO  | Hard-clipped 3 w_cons parameters to delta_max=0.0200 bound.
2026-08-07 06:58:19 | sleep.weights.plasticity       | INFO  | Hard-clipped 3 w_cons parameters to delta_max=0.0200 bound.
2026-08-07 06:58:20 | sleep.weights.plasticity       | INFO  | Hard-clipped 3 w_cons parameters to delta_max=0.0200 bound.
2026-08-07 06:58:20 | sleep.weights.plasticity       | INFO  | Hard-clipped 4 w_cons parameters to delta_max=0.0200 bound.
2026-08-07 06:58:20 | sleep.weights.plasticity       | INFO  | Hard-clipped 4 w_cons parameters to delta_max=0.0200 bound.
2026-08-07 06:58:20 | sleep.sleep_engine.train       | INFO  |   step 60/100 | loss=0.0025 | mean_loss=0.9089 | eta=4 | lr=4.13e-05
2026-08-07 06:58:20 | sleep.weights.plasticity       | INFO  | Hard-clipped 4 w_cons parameters to delta_max=0.0200 bound.
2026-08-07 06:58:20 | sleep.weights.plasticity       | INFO  | Hard-clipped 4 w_cons parameters to delta_max=0.0200 bound.
2026-08-07 06:58:20 | sleep.weights.plasticity       | INFO  | Hard-clipped 4 w_cons parameters to delta_max=0.0200 bound.
2026-08-07 06:58:20 | sleep.weights.plasticity       | INFO  | Hard-clipped 4 w_cons parameters to delta_max=0.0200 bound.
2026-08-07 06:58:20 | sleep.weights.plasticity       | INFO  | Hard-clipped 4 w_cons parameters to delta_max=0.0200 bound.
2026-08-07 06:58:20 | sleep.weights.plasticity       | INFO  | Hard-clipped 4 w_cons parameters to delta_max=0.0200 bound.
2026-08-07 06:58:21 | sleep.weights.plasticity       | INFO  | Hard-clipped 4 w_cons parameters to delta_max=0.0200 bound.
2026-08-07 06:58:21 | sleep.weights.plasticity       | INFO  | Hard-clipped 5 w_cons parameters to delta_max=0.0200 bound.
2026-08-07 06:58:21 | sleep.weights.plasticity       | INFO  | Hard-clipped 5 w_cons parameters to delta_max=0.0200 bound.
2026-08-07 06:58:21 | sleep.weights.plasticity       | INFO  | Hard-clipped 5 w_cons parameters to delta_max=0.0200 bound.
2026-08-07 06:58:21 | sleep.sleep_engine.train       | INFO  |   step 70/100 | loss=0.0019 | mean_loss=0.7794 | eta=4 | lr=2.50e-05
2026-08-07 06:58:21 | sleep.weights.plasticity       | INFO  | Hard-clipped 5 w_cons parameters to delta_max=0.0200 bound.
2026-08-07 06:58:21 | sleep.weights.plasticity       | INFO  | Hard-clipped 5 w_cons parameters to delta_max=0.0200 bound.
2026-08-07 06:58:21 | sleep.weights.plasticity       | INFO  | Hard-clipped 5 w_cons parameters to delta_max=0.0200 bound.
2026-08-07 06:58:21 | sleep.weights.plasticity       | INFO  | Hard-clipped 5 w_cons parameters to delta_max=0.0200 bound.
2026-08-07 06:58:21 | sleep.weights.plasticity       | INFO  | Hard-clipped 5 w_cons parameters to delta_max=0.0200 bound.
2026-08-07 06:58:22 | sleep.weights.plasticity       | INFO  | Hard-clipped 5 w_cons parameters to delta_max=0.0200 bound.
2026-08-07 06:58:22 | sleep.weights.plasticity       | INFO  | Hard-clipped 5 w_cons parameters to delta_max=0.0200 bound.
2026-08-07 06:58:22 | sleep.weights.plasticity       | INFO  | Hard-clipped 5 w_cons parameters to delta_max=0.0200 bound.
2026-08-07 06:58:22 | sleep.weights.plasticity       | INFO  | Hard-clipped 5 w_cons parameters to delta_max=0.0200 bound.
2026-08-07 06:58:22 | sleep.weights.plasticity       | INFO  | Hard-clipped 5 w_cons parameters to delta_max=0.0200 bound.
2026-08-07 06:58:22 | sleep.sleep_engine.train       | INFO  |   step 80/100 | loss=0.0017 | mean_loss=0.6822 | eta=9 | lr=1.17e-05
2026-08-07 06:58:22 | sleep.weights.plasticity       | INFO  | Hard-clipped 5 w_cons parameters to delta_max=0.0200 bound.
2026-08-07 06:58:22 | sleep.weights.plasticity       | INFO  | Hard-clipped 5 w_cons parameters to delta_max=0.0200 bound.
2026-08-07 06:58:22 | sleep.weights.plasticity       | INFO  | Hard-clipped 5 w_cons parameters to delta_max=0.0200 bound.
2026-08-07 06:58:23 | sleep.weights.plasticity       | INFO  | Hard-clipped 5 w_cons parameters to delta_max=0.0200 bound.
2026-08-07 06:58:23 | sleep.weights.plasticity       | INFO  | Hard-clipped 5 w_cons parameters to delta_max=0.0200 bound.
2026-08-07 06:58:23 | sleep.weights.plasticity       | INFO  | Hard-clipped 5 w_cons parameters to delta_max=0.0200 bound.
2026-08-07 06:58:23 | sleep.weights.plasticity       | INFO  | Hard-clipped 5 w_cons parameters to delta_max=0.0200 bound.
2026-08-07 06:58:23 | sleep.weights.plasticity       | INFO  | Hard-clipped 5 w_cons parameters to delta_max=0.0200 bound.
2026-08-07 06:58:23 | sleep.weights.plasticity       | INFO  | Hard-clipped 5 w_cons parameters to delta_max=0.0200 bound.
2026-08-07 06:58:23 | sleep.weights.plasticity       | INFO  | Hard-clipped 5 w_cons parameters to delta_max=0.0200 bound.
2026-08-07 06:58:23 | sleep.sleep_engine.train       | INFO  |   step 90/100 | loss=0.0016 | mean_loss=0.6066 | eta=9 | lr=3.02e-06
2026-08-07 06:58:23 | sleep.weights.plasticity       | INFO  | Hard-clipped 5 w_cons parameters to delta_max=0.0200 bound.
2026-08-07 06:58:23 | sleep.weights.plasticity       | INFO  | Hard-clipped 5 w_cons parameters to delta_max=0.0200 bound.
2026-08-07 06:58:24 | sleep.weights.plasticity       | INFO  | Hard-clipped 5 w_cons parameters to delta_max=0.0200 bound.
2026-08-07 06:58:24 | sleep.weights.plasticity       | INFO  | Hard-clipped 5 w_cons parameters to delta_max=0.0200 bound.
2026-08-07 06:58:24 | sleep.weights.plasticity       | INFO  | Hard-clipped 5 w_cons parameters to delta_max=0.0200 bound.
2026-08-07 06:58:24 | sleep.weights.plasticity       | INFO  | Hard-clipped 5 w_cons parameters to delta_max=0.0200 bound.
2026-08-07 06:58:24 | sleep.weights.plasticity       | INFO  | Hard-clipped 5 w_cons parameters to delta_max=0.0200 bound.
2026-08-07 06:58:24 | sleep.weights.plasticity       | INFO  | Hard-clipped 5 w_cons parameters to delta_max=0.0200 bound.
2026-08-07 06:58:24 | sleep.weights.plasticity       | INFO  | Hard-clipped 5 w_cons parameters to delta_max=0.0200 bound.
2026-08-07 06:58:24 | sleep.weights.plasticity       | INFO  | Hard-clipped 5 w_cons parameters to delta_max=0.0200 bound.
2026-08-07 06:58:24 | sleep.sleep_engine.train       | INFO  |   step 100/100 | loss=0.0016 | mean_loss=0.5461 | eta=9 | lr=0.00e+00
2026-08-07 06:58:24 | sleep.sleep_engine.train       | INFO  | Sleep training complete | n_steps=100 | final_loss=0.0016 | mean_loss=0.5461
2026-08-07 06:58:24 | sleep.metrics                  | INFO  | summary | {'sleep_train/final_loss': 0.0015911057125777006, 'sleep_train/mean_loss': 0.5460654547228478, 'sleep_train/n_steps': 100}
2026-08-07 06:58:24 | sleep.sleep_engine             | INFO  | Phase 3 complete: 100 steps, final_loss=0.0016, mean_loss=0.5461
2026-08-07 06:58:24 | sleep.sleep_engine             | INFO  | Phase 4/5: PPL CHECK (skipped — no benchmark data)
2026-08-07 06:58:24 | sleep.sleep_engine             | INFO  | Phase 5/5: VALIDATE & CLEANUP
2026-08-07 06:58:24 | sleep.weights.plasticity       | INFO  | Saved checkpoint for adapter 'w_cons': 36 parameters.
2026-08-07 06:58:24 | sleep.weights.plasticity       | INFO  | Restored 36 parameters for adapter 'w_cons' from checkpoint.
2026-08-07 06:58:25 | sleep.weights.plasticity       | INFO  | Restored 36 parameters for adapter 'w_cons' from checkpoint.
2026-08-07 06:58:25 | sleep.sleep_engine.cleanup     | INFO  | Cleanup complete | passed=2 | failed=11 | permanently_removed=0
2026-08-07 06:58:25 | sleep.sleep_engine             | INFO  | Phase 5 complete: consolidated=2, failed=11, permanently_removed=0
2026-08-07 06:58:25 | sleep.metrics                  | INFO  | summary | {'sleep_engine/n_candidates': 13, 'sleep_engine/n_replays_generated': 6, 'sleep_engine/n_replays_accepted': 1, 'sleep_engine/n_consolidated': 2, 'sleep_engine/n_failed': 11, 'sleep_engine/n_permanently_removed': 0, 'sleep_engine/rolled_back': False}
2026-08-07 06:58:25 | sleep.weights.kv_memory        | INFO  | bank cleared: freed 13 tags / 535 tokens
2026-08-07 06:58:25 | sleep.sleep_engine             | INFO  | KV bank cleared (13 entries removed)
2026-08-07 06:58:25 | sleep.sleep_engine             | INFO  | KV memory injection: ENABLED
2026-08-07 06:58:25 | sleep.sleep_engine             | INFO  | === Sleep cycle END ===
2026-08-07 06:59:40 | sleep.evaluation.recall        | INFO  | Recall evaluation: DRA=0.0667 across 60 cases
2026-08-07 07:00:06 | sleep.evaluation.recall        | INFO  | Recall evaluation: DRA=0.1000 across 20 cases
2026-08-07 07:00:07 | sleep.evaluation.preservation  | INFO  | Perplexity evaluation: PPL=87.4643 (mean_loss=4.4712, 54 tokens)
2026-08-07 07:00:07 | sleep.evaluation.preservation  | INFO  | BCP: 15.8666 (current_ppl=87.4643, original_ppl=5.5125)
2026-08-07 07:00:07 | sleep.experiment.08            | INFO  | [sleep Cycle 3 EVAL] DRA cumulative=0.067 (10/60 hits); DRA current=0.100 (4/20 hits); BCP=15.8666
2026-08-07 07:00:07 | sleep.experiment.08            | INFO  | ======================================================================
2026-08-07 07:00:07 | sleep.experiment.08            | INFO  | [SLEEP Cycle 4] Wake phase: 20 facts
2026-08-07 07:00:07 | sleep.experiment.08            | INFO  | ======================================================================
2026-08-07 07:00:07 | sleep.tagging                  | INFO  | step=61 | 2 tags created from 2 spans | buffer: 45/7718 (0.6%)
2026-08-07 07:00:07 | sleep.tagging                  | INFO  | step=62 | 1 tags created from 1 spans | buffer: 46/7718 (0.6%)
2026-08-07 07:00:07 | sleep.tagging                  | INFO  | step=63 | 2 tags created from 2 spans | buffer: 48/7718 (0.6%)
2026-08-07 07:00:07 | sleep.tagging                  | INFO  | step=64 | 2 tags created from 2 spans | buffer: 50/7718 (0.6%)
2026-08-07 07:00:07 | sleep.tagging                  | INFO  | step=66 | 1 tags created from 1 spans | buffer: 51/7718 (0.7%)
2026-08-07 07:00:07 | sleep.tagging                  | INFO  | step=67 | 1 tags created from 1 spans | buffer: 52/7718 (0.7%)
2026-08-07 07:00:07 | sleep.tagging                  | INFO  | step=68 | 1 tags created from 1 spans | buffer: 53/7718 (0.7%)
2026-08-07 07:00:07 | sleep.tagging                  | INFO  | step=69 | 1 tags created from 1 spans | buffer: 54/7718 (0.7%)
2026-08-07 07:00:07 | sleep.tagging                  | INFO  | step=71 | 2 tags created from 2 spans | buffer: 56/7718 (0.7%)
2026-08-07 07:00:07 | sleep.tagging                  | INFO  | step=73 | 1 tags created from 1 spans | buffer: 57/7718 (0.7%)
2026-08-07 07:00:07 | sleep.tagging                  | INFO  | step=74 | 1 tags created from 1 spans | buffer: 58/7718 (0.8%)
2026-08-07 07:00:07 | sleep.tagging                  | INFO  | step=75 | 1 tags created from 1 spans | buffer: 59/7718 (0.8%)
2026-08-07 07:00:07 | sleep.tagging                  | INFO  | step=76 | 1 tags created from 1 spans | buffer: 60/7718 (0.8%)
2026-08-07 07:00:08 | sleep.tagging                  | INFO  | step=77 | 1 tags created from 1 spans | buffer: 61/7718 (0.8%)
2026-08-07 07:00:08 | sleep.tagging                  | INFO  | step=78 | 1 tags created from 1 spans | buffer: 62/7718 (0.8%)
2026-08-07 07:00:08 | sleep.tagging                  | INFO  | step=79 | 1 tags created from 1 spans | buffer: 63/7718 (0.8%)
2026-08-07 07:00:08 | sleep.experiment.08            | INFO  | [Cycle 4] Wake summary: 20 facts -> 16 KV writes; bank: 676/20000 tokens
2026-08-07 07:00:08 | sleep.prp                      | INFO  | step=80 | PRP update: 14/771 allocated (2%) | +12 -0 | threshold=0.325 | mean_score=0.299
2026-08-07 07:00:08 | sleep.experiment.08            | INFO  | [Cycle 4] PRP: 14 allocated, 14 consolidation candidates
2026-08-07 07:00:08 | sleep.sleep_engine             | INFO  | === Sleep cycle START | 14 candidates ===
2026-08-07 07:00:08 | sleep.sleep_engine             | INFO  | Phase 1/5: GENERATE (strategy=original)
2026-08-07 07:00:08 | sleep.sleep_engine             | INFO  | KV memory injection: DISABLED
2026-08-07 07:00:08 | sleep.sleep_engine             | INFO  | Phase 1 (original strategy): 7 unique-source replays from 14 candidates
2026-08-07 07:00:08 | sleep.sleep_engine             | INFO  | Phase 1 complete: 7/14 replays generated
2026-08-07 07:00:08 | sleep.sleep_engine             | INFO  | Phase 2/5: QUALITY CHECK
2026-08-07 07:00:08 | sleep.sleep_engine.quality     | INFO  | Quality check REJECTED (similarity): Replay drifted too far from original experience (cosine similarity -0.1260 < theta_quality 0.5)
2026-08-07 07:00:08 | sleep.sleep_engine.quality     | INFO  | Quality check REJECTED (similarity): Replay drifted too far from original experience (cosine similarity -0.1484 < theta_quality 0.5)
2026-08-07 07:00:08 | sleep.sleep_engine.quality     | INFO  | Quality check REJECTED (similarity): Replay drifted too far from original experience (cosine similarity 0.0645 < theta_quality 0.5)
2026-08-07 07:00:08 | sleep.sleep_engine.quality     | INFO  | Quality check REJECTED (similarity): Replay drifted too far from original experience (cosine similarity 0.0635 < theta_quality 0.5)
2026-08-07 07:00:08 | sleep.sleep_engine.quality     | INFO  | Quality check REJECTED (similarity): Replay drifted too far from original experience (cosine similarity -0.1016 < theta_quality 0.5)
2026-08-07 07:00:08 | sleep.sleep_engine.quality     | INFO  | Quality check REJECTED (similarity): Replay drifted too far from original experience (cosine similarity 0.1245 < theta_quality 0.5)
2026-08-07 07:00:08 | sleep.sleep_engine.quality     | INFO  | Quality check REJECTED (similarity): Replay drifted too far from original experience (cosine similarity -0.0894 < theta_quality 0.5)
2026-08-07 07:00:08 | sleep.sleep_engine             | INFO  | Phase 2 complete: 0/7 replays accepted
2026-08-07 07:00:08 | sleep.sleep_engine             | INFO  | No replays accepted — skipping training, marking all candidates as failed
2026-08-07 07:00:08 | sleep.sleep_engine.cleanup     | INFO  | Cleanup complete | passed=0 | failed=14 | permanently_removed=0
2026-08-07 07:00:08 | sleep.sleep_engine             | INFO  | KV memory injection: ENABLED
2026-08-07 07:00:08 | sleep.sleep_engine             | INFO  | === Sleep cycle END (no accepted replays) ===
2026-08-07 07:01:47 | sleep.evaluation.recall        | INFO  | Recall evaluation: DRA=0.0542 across 80 cases
2026-08-07 07:02:13 | sleep.evaluation.recall        | INFO  | Recall evaluation: DRA=0.0167 across 20 cases
2026-08-07 07:02:13 | sleep.evaluation.preservation  | INFO  | Perplexity evaluation: PPL=87.3947 (mean_loss=4.4704, 54 tokens)
2026-08-07 07:02:13 | sleep.evaluation.preservation  | INFO  | BCP: 15.8539 (current_ppl=87.3947, original_ppl=5.5125)
2026-08-07 07:02:13 | sleep.experiment.08            | INFO  | [sleep Cycle 4 EVAL] DRA cumulative=0.054 (11/80 hits); DRA current=0.017 (1/20 hits); BCP=15.8539
2026-08-07 07:02:13 | sleep.experiment.08            | INFO  | ======================================================================
2026-08-07 07:02:13 | sleep.experiment.08            | INFO  | [SLEEP Cycle 5] Wake phase: 20 facts
2026-08-07 07:02:13 | sleep.experiment.08            | INFO  | ======================================================================
2026-08-07 07:02:13 | sleep.tagging                  | INFO  | step=81 | 2 tags created from 2 spans | buffer: 65/7718 (0.8%)
2026-08-07 07:02:13 | sleep.tagging                  | INFO  | step=82 | 1 tags created from 1 spans | buffer: 66/7718 (0.9%)
2026-08-07 07:02:13 | sleep.tagging                  | INFO  | step=84 | 1 tags created from 1 spans | buffer: 67/7718 (0.9%)
2026-08-07 07:02:13 | sleep.tagging                  | INFO  | step=86 | 1 tags created from 1 spans | buffer: 68/7718 (0.9%)
2026-08-07 07:02:14 | sleep.tagging                  | INFO  | step=89 | 1 tags created from 1 spans | buffer: 69/7718 (0.9%)
2026-08-07 07:02:14 | sleep.tagging                  | INFO  | step=91 | 1 tags created from 1 spans | buffer: 70/7718 (0.9%)
2026-08-07 07:02:14 | sleep.tagging                  | INFO  | step=92 | 1 tags created from 1 spans | buffer: 71/7718 (0.9%)
2026-08-07 07:02:14 | sleep.tagging                  | INFO  | step=93 | 1 tags created from 1 spans | buffer: 72/7718 (0.9%)
2026-08-07 07:02:14 | sleep.tagging                  | INFO  | step=94 | 2 tags created from 2 spans | buffer: 74/7718 (1.0%)
2026-08-07 07:02:14 | sleep.tagging                  | INFO  | step=95 | 1 tags created from 1 spans | buffer: 75/7718 (1.0%)
2026-08-07 07:02:14 | sleep.tagging                  | INFO  | step=96 | 1 tags created from 1 spans | buffer: 76/7718 (1.0%)
2026-08-07 07:02:14 | sleep.experiment.08            | INFO  | [Cycle 5] Wake summary: 20 facts -> 11 KV writes; bank: 1115/20000 tokens
2026-08-07 07:02:14 | sleep.prp                      | INFO  | step=100 | PRP update: 23/771 allocated (3%) | +23 -0 | threshold=0.369 | mean_score=0.343
2026-08-07 07:02:14 | sleep.experiment.08            | INFO  | [Cycle 5] PRP: 23 allocated, 23 consolidation candidates
2026-08-07 07:02:14 | sleep.sleep_engine             | INFO  | === Sleep cycle START | 23 candidates ===
2026-08-07 07:02:14 | sleep.sleep_engine             | INFO  | Phase 1/5: GENERATE (strategy=original)
2026-08-07 07:02:14 | sleep.sleep_engine             | INFO  | KV memory injection: DISABLED
2026-08-07 07:02:14 | sleep.sleep_engine             | INFO  | Phase 1 (original strategy): 9 unique-source replays from 23 candidates
2026-08-07 07:02:14 | sleep.sleep_engine             | INFO  | Phase 1 complete: 9/23 replays generated
2026-08-07 07:02:14 | sleep.sleep_engine             | INFO  | Phase 2/5: QUALITY CHECK
2026-08-07 07:02:14 | sleep.sleep_engine.quality     | INFO  | Quality check REJECTED (similarity): Replay drifted too far from original experience (cosine similarity 0.3848 < theta_quality 0.5)
2026-08-07 07:02:14 | sleep.sleep_engine.quality     | INFO  | Quality check REJECTED (similarity): Replay drifted too far from original experience (cosine similarity -0.1357 < theta_quality 0.5)
2026-08-07 07:02:14 | sleep.sleep_engine.quality     | INFO  | Quality check REJECTED (similarity): Replay drifted too far from original experience (cosine similarity 0.2109 < theta_quality 0.5)
2026-08-07 07:02:14 | sleep.sleep_engine.quality     | INFO  | Quality check REJECTED (similarity): Replay drifted too far from original experience (cosine similarity 0.0208 < theta_quality 0.5)
2026-08-07 07:02:14 | sleep.sleep_engine.quality     | INFO  | Quality check REJECTED (similarity): Replay drifted too far from original experience (cosine similarity 0.2080 < theta_quality 0.5)
2026-08-07 07:02:14 | sleep.sleep_engine.quality     | INFO  | Quality check REJECTED (similarity): Replay drifted too far from original experience (cosine similarity -0.0664 < theta_quality 0.5)
2026-08-07 07:02:14 | sleep.sleep_engine.quality     | INFO  | Quality check REJECTED (similarity): Replay drifted too far from original experience (cosine similarity 0.0549 < theta_quality 0.5)
2026-08-07 07:02:14 | sleep.sleep_engine.quality     | INFO  | Quality check REJECTED (similarity): Replay drifted too far from original experience (cosine similarity 0.4102 < theta_quality 0.5)
2026-08-07 07:02:14 | sleep.sleep_engine.quality     | INFO  | Quality check REJECTED (similarity): Replay drifted too far from original experience (cosine similarity 0.2012 < theta_quality 0.5)
2026-08-07 07:02:14 | sleep.sleep_engine             | INFO  | Phase 2 complete: 0/9 replays accepted
2026-08-07 07:02:14 | sleep.sleep_engine             | INFO  | No replays accepted — skipping training, marking all candidates as failed
2026-08-07 07:02:14 | sleep.sleep_engine.cleanup     | INFO  | Cleanup complete | passed=0 | failed=23 | permanently_removed=0
2026-08-07 07:02:14 | sleep.sleep_engine             | INFO  | KV memory injection: ENABLED
2026-08-07 07:02:14 | sleep.sleep_engine             | INFO  | === Sleep cycle END (no accepted replays) ===
2026-08-07 07:04:20 | sleep.evaluation.recall        | INFO  | Recall evaluation: DRA=0.0667 across 100 cases
2026-08-07 07:04:45 | sleep.evaluation.recall        | INFO  | Recall evaluation: DRA=0.0667 across 20 cases
2026-08-07 07:04:45 | sleep.evaluation.preservation  | INFO  | Perplexity evaluation: PPL=87.8512 (mean_loss=4.4756, 54 tokens)
2026-08-07 07:04:45 | sleep.evaluation.preservation  | INFO  | BCP: 15.9368 (current_ppl=87.8512, original_ppl=5.5125)
2026-08-07 07:04:45 | sleep.experiment.08            | INFO  | [sleep Cycle 5 EVAL] DRA cumulative=0.067 (18/100 hits); DRA current=0.067 (4/20 hits); BCP=15.9368
2026-08-07 07:04:45 | sleep.experiment.08            | INFO  | ======================================================================
2026-08-07 07:04:45 | sleep.experiment.08            | INFO  | [SLEEP Cycle 6] Wake phase: 20 facts
2026-08-07 07:04:45 | sleep.experiment.08            | INFO  | ======================================================================
2026-08-07 07:04:45 | sleep.tagging                  | INFO  | step=101 | 1 tags created from 1 spans | buffer: 77/7718 (1.0%)
2026-08-07 07:04:45 | sleep.tagging                  | INFO  | step=102 | 1 tags created from 1 spans | buffer: 78/7718 (1.0%)
2026-08-07 07:04:45 | sleep.tagging                  | INFO  | step=104 | 1 tags created from 1 spans | buffer: 79/7718 (1.0%)
2026-08-07 07:04:45 | sleep.tagging                  | INFO  | step=105 | 1 tags created from 1 spans | buffer: 80/7718 (1.0%)
2026-08-07 07:04:46 | sleep.tagging                  | INFO  | step=106 | 1 tags created from 1 spans | buffer: 81/7718 (1.0%)
2026-08-07 07:04:46 | sleep.tagging                  | INFO  | step=108 | 1 tags created from 1 spans | buffer: 82/7718 (1.1%)
2026-08-07 07:04:46 | sleep.tagging                  | INFO  | step=109 | 1 tags created from 1 spans | buffer: 83/7718 (1.1%)
2026-08-07 07:04:46 | sleep.tagging                  | INFO  | step=111 | 1 tags created from 1 spans | buffer: 84/7718 (1.1%)
2026-08-07 07:04:46 | sleep.tagging                  | INFO  | step=113 | 1 tags created from 1 spans | buffer: 85/7718 (1.1%)
2026-08-07 07:04:46 | sleep.tagging                  | INFO  | step=114 | 1 tags created from 1 spans | buffer: 86/7718 (1.1%)
2026-08-07 07:04:46 | sleep.tagging                  | INFO  | step=115 | 1 tags created from 1 spans | buffer: 87/7718 (1.1%)
2026-08-07 07:04:46 | sleep.tagging                  | INFO  | step=116 | 1 tags created from 1 spans | buffer: 88/7718 (1.1%)
2026-08-07 07:04:46 | sleep.tagging                  | INFO  | step=117 | 1 tags created from 1 spans | buffer: 89/7718 (1.2%)
2026-08-07 07:04:46 | sleep.tagging                  | INFO  | step=119 | 1 tags created from 1 spans | buffer: 90/7718 (1.2%)
2026-08-07 07:04:46 | sleep.experiment.08            | INFO  | [Cycle 6] Wake summary: 20 facts -> 14 KV writes; bank: 1686/20000 tokens
2026-08-07 07:04:46 | sleep.prp                      | INFO  | step=120 | PRP update: 22/771 allocated (3%) | +22 -0 | threshold=0.287 | mean_score=0.266
2026-08-07 07:04:46 | sleep.experiment.08            | INFO  | [Cycle 6] PRP: 22 allocated, 22 consolidation candidates
2026-08-07 07:04:46 | sleep.sleep_engine             | INFO  | === Sleep cycle START | 22 candidates ===
2026-08-07 07:04:46 | sleep.sleep_engine             | INFO  | Phase 1/5: GENERATE (strategy=original)
2026-08-07 07:04:46 | sleep.sleep_engine             | INFO  | KV memory injection: DISABLED
2026-08-07 07:04:46 | sleep.sleep_engine             | INFO  | Phase 1 (original strategy): 11 unique-source replays from 22 candidates
2026-08-07 07:04:46 | sleep.sleep_engine             | INFO  | Phase 1 complete: 11/22 replays generated
2026-08-07 07:04:46 | sleep.sleep_engine             | INFO  | Phase 2/5: QUALITY CHECK
2026-08-07 07:04:46 | sleep.sleep_engine.quality     | INFO  | Quality check REJECTED (similarity): Replay drifted too far from original experience (cosine similarity -0.1514 < theta_quality 0.5)
2026-08-07 07:04:46 | sleep.sleep_engine.quality     | INFO  | Quality check REJECTED (similarity): Replay drifted too far from original experience (cosine similarity -0.1514 < theta_quality 0.5)
2026-08-07 07:04:46 | sleep.sleep_engine.quality     | INFO  | Quality check REJECTED (similarity): Replay drifted too far from original experience (cosine similarity 0.0522 < theta_quality 0.5)
2026-08-07 07:04:46 | sleep.sleep_engine.quality     | INFO  | Quality check REJECTED (similarity): Replay drifted too far from original experience (cosine similarity 0.2354 < theta_quality 0.5)
2026-08-07 07:04:46 | sleep.sleep_engine.quality     | INFO  | Quality check REJECTED (similarity): Replay drifted too far from original experience (cosine similarity 0.0496 < theta_quality 0.5)
2026-08-07 07:04:46 | sleep.sleep_engine.quality     | INFO  | Quality check REJECTED (similarity): Replay drifted too far from original experience (cosine similarity 0.0664 < theta_quality 0.5)
2026-08-07 07:04:47 | sleep.sleep_engine.quality     | INFO  | Quality check REJECTED (similarity): Replay drifted too far from original experience (cosine similarity -0.0051 < theta_quality 0.5)
2026-08-07 07:04:47 | sleep.sleep_engine.quality     | INFO  | Quality check REJECTED (similarity): Replay drifted too far from original experience (cosine similarity 0.1328 < theta_quality 0.5)
2026-08-07 07:04:47 | sleep.sleep_engine.quality     | INFO  | Quality check REJECTED (similarity): Replay drifted too far from original experience (cosine similarity 0.2617 < theta_quality 0.5)
2026-08-07 07:04:47 | sleep.sleep_engine.quality     | INFO  | Quality check REJECTED (similarity): Replay drifted too far from original experience (cosine similarity 0.0186 < theta_quality 0.5)
2026-08-07 07:04:47 | sleep.sleep_engine.quality     | INFO  | Quality check REJECTED (similarity): Replay drifted too far from original experience (cosine similarity 0.1387 < theta_quality 0.5)
2026-08-07 07:04:47 | sleep.sleep_engine             | INFO  | Phase 2 complete: 0/11 replays accepted
2026-08-07 07:04:47 | sleep.sleep_engine             | INFO  | No replays accepted — skipping training, marking all candidates as failed
2026-08-07 07:04:47 | sleep.sleep_engine.cleanup     | INFO  | Cleanup complete | passed=0 | failed=22 | permanently_removed=0
2026-08-07 07:04:47 | sleep.sleep_engine             | INFO  | KV memory injection: ENABLED
2026-08-07 07:04:47 | sleep.sleep_engine             | INFO  | === Sleep cycle END (no accepted replays) ===
2026-08-07 07:07:18 | sleep.evaluation.recall        | INFO  | Recall evaluation: DRA=0.0500 across 120 cases
2026-08-07 07:07:44 | sleep.evaluation.recall        | INFO  | Recall evaluation: DRA=0.0333 across 20 cases
2026-08-07 07:07:44 | sleep.evaluation.preservation  | INFO  | Perplexity evaluation: PPL=88.3786 (mean_loss=4.4816, 54 tokens)
2026-08-07 07:07:44 | sleep.evaluation.preservation  | INFO  | BCP: 16.0324 (current_ppl=88.3786, original_ppl=5.5125)
2026-08-07 07:07:44 | sleep.experiment.08            | INFO  | [sleep Cycle 6 EVAL] DRA cumulative=0.050 (16/120 hits); DRA current=0.033 (2/20 hits); BCP=16.0324
2026-08-07 07:07:44 | sleep.experiment.08            | INFO  | ======================================================================
2026-08-07 07:07:44 | sleep.experiment.08            | INFO  | [SLEEP Cycle 7] Wake phase: 20 facts
2026-08-07 07:07:44 | sleep.experiment.08            | INFO  | ======================================================================
2026-08-07 07:07:44 | sleep.tagging                  | INFO  | step=121 | 1 tags created from 1 spans | buffer: 91/7718 (1.2%)
2026-08-07 07:07:44 | sleep.tagging                  | INFO  | step=122 | 1 tags created from 1 spans | buffer: 92/7718 (1.2%)
2026-08-07 07:07:44 | sleep.tagging                  | INFO  | step=124 | 1 tags created from 1 spans | buffer: 93/7718 (1.2%)
2026-08-07 07:07:44 | sleep.tagging                  | INFO  | step=126 | 1 tags created from 1 spans | buffer: 94/7718 (1.2%)
2026-08-07 07:07:44 | sleep.tagging                  | INFO  | step=127 | 2 tags created from 2 spans | buffer: 96/7718 (1.2%)
2026-08-07 07:07:45 | sleep.tagging                  | INFO  | step=131 | 2 tags created from 2 spans | buffer: 98/7718 (1.3%)
2026-08-07 07:07:45 | sleep.tagging                  | INFO  | step=132 | 1 tags created from 1 spans | buffer: 99/7718 (1.3%)
2026-08-07 07:07:45 | sleep.tagging                  | INFO  | step=134 | 1 tags created from 1 spans | buffer: 100/7718 (1.3%)
2026-08-07 07:07:45 | sleep.tagging                  | INFO  | step=135 | 1 tags created from 1 spans | buffer: 101/7718 (1.3%)
2026-08-07 07:07:45 | sleep.tagging                  | INFO  | step=136 | 1 tags created from 1 spans | buffer: 102/7718 (1.3%)
2026-08-07 07:07:45 | sleep.tagging                  | INFO  | step=137 | 1 tags created from 1 spans | buffer: 103/7718 (1.3%)
2026-08-07 07:07:45 | sleep.tagging                  | INFO  | step=139 | 1 tags created from 1 spans | buffer: 104/7718 (1.3%)
2026-08-07 07:07:45 | sleep.experiment.08            | INFO  | [Cycle 7] Wake summary: 20 facts -> 12 KV writes; bank: 2169/20000 tokens
2026-08-07 07:07:45 | sleep.prp                      | INFO  | step=140 | PRP update: 16/771 allocated (2%) | +16 -0 | threshold=0.279 | mean_score=0.258
2026-08-07 07:07:45 | sleep.experiment.08            | INFO  | [Cycle 7] PRP: 16 allocated, 16 consolidation candidates
2026-08-07 07:07:45 | sleep.sleep_engine             | INFO  | === Sleep cycle START | 16 candidates ===
2026-08-07 07:07:45 | sleep.sleep_engine             | INFO  | Phase 1/5: GENERATE (strategy=original)
2026-08-07 07:07:45 | sleep.sleep_engine             | INFO  | KV memory injection: DISABLED
2026-08-07 07:07:45 | sleep.sleep_engine             | INFO  | Phase 1 (original strategy): 7 unique-source replays from 16 candidates
2026-08-07 07:07:45 | sleep.sleep_engine             | INFO  | Phase 1 complete: 7/16 replays generated
2026-08-07 07:07:45 | sleep.sleep_engine             | INFO  | Phase 2/5: QUALITY CHECK
2026-08-07 07:07:45 | sleep.sleep_engine.quality     | INFO  | Quality check REJECTED (similarity): Replay drifted too far from original experience (cosine similarity 0.3379 < theta_quality 0.5)
2026-08-07 07:07:45 | sleep.sleep_engine.quality     | INFO  | Quality check REJECTED (similarity): Replay drifted too far from original experience (cosine similarity -0.1377 < theta_quality 0.5)
2026-08-07 07:07:45 | sleep.sleep_engine.quality     | INFO  | Quality check REJECTED (similarity): Replay drifted too far from original experience (cosine similarity 0.1260 < theta_quality 0.5)
2026-08-07 07:07:45 | sleep.sleep_engine.quality     | INFO  | Quality check REJECTED (similarity): Replay drifted too far from original experience (cosine similarity 0.0447 < theta_quality 0.5)
2026-08-07 07:07:45 | sleep.sleep_engine.quality     | INFO  | Quality check REJECTED (similarity): Replay drifted too far from original experience (cosine similarity 0.2080 < theta_quality 0.5)
2026-08-07 07:07:45 | sleep.sleep_engine.quality     | INFO  | Quality check REJECTED (similarity): Replay drifted too far from original experience (cosine similarity -0.0684 < theta_quality 0.5)
2026-08-07 07:07:45 | sleep.sleep_engine.quality     | INFO  | Quality check REJECTED (similarity): Replay drifted too far from original experience (cosine similarity 0.1904 < theta_quality 0.5)
2026-08-07 07:07:45 | sleep.sleep_engine             | INFO  | Phase 2 complete: 0/7 replays accepted
2026-08-07 07:07:45 | sleep.sleep_engine             | INFO  | No replays accepted — skipping training, marking all candidates as failed
2026-08-07 07:07:45 | sleep.sleep_engine.cleanup     | INFO  | Cleanup complete | passed=0 | failed=16 | permanently_removed=0
2026-08-07 07:07:45 | sleep.sleep_engine             | INFO  | KV memory injection: ENABLED
2026-08-07 07:07:45 | sleep.sleep_engine             | INFO  | === Sleep cycle END (no accepted replays) ===
2026-08-07 07:10:43 | sleep.evaluation.recall        | INFO  | Recall evaluation: DRA=0.0571 across 140 cases
2026-08-07 07:11:09 | sleep.evaluation.recall        | INFO  | Recall evaluation: DRA=0.0333 across 20 cases
2026-08-07 07:11:09 | sleep.evaluation.preservation  | INFO  | Perplexity evaluation: PPL=87.5782 (mean_loss=4.4725, 54 tokens)
2026-08-07 07:11:09 | sleep.evaluation.preservation  | INFO  | BCP: 15.8872 (current_ppl=87.5782, original_ppl=5.5125)
2026-08-07 07:11:09 | sleep.experiment.08            | INFO  | [sleep Cycle 7 EVAL] DRA cumulative=0.057 (21/140 hits); DRA current=0.033 (2/20 hits); BCP=15.8872
2026-08-07 07:11:09 | sleep.experiment.08            | INFO  | ======================================================================
2026-08-07 07:11:09 | sleep.experiment.08            | INFO  | [SLEEP Cycle 8] Wake phase: 20 facts
2026-08-07 07:11:09 | sleep.experiment.08            | INFO  | ======================================================================
2026-08-07 07:11:09 | sleep.tagging                  | INFO  | step=141 | 2 tags created from 2 spans | buffer: 106/7718 (1.4%)
2026-08-07 07:11:09 | sleep.tagging                  | INFO  | step=142 | 1 tags created from 1 spans | buffer: 107/7718 (1.4%)
2026-08-07 07:11:09 | sleep.tagging                  | INFO  | step=143 | 1 tags created from 1 spans | buffer: 108/7718 (1.4%)
2026-08-07 07:11:09 | sleep.tagging                  | INFO  | step=144 | 1 tags created from 1 spans | buffer: 109/7718 (1.4%)
2026-08-07 07:11:09 | sleep.tagging                  | INFO  | step=145 | 1 tags created from 1 spans | buffer: 110/7718 (1.4%)
2026-08-07 07:11:09 | sleep.tagging                  | INFO  | step=149 | 1 tags created from 1 spans | buffer: 111/7718 (1.4%)
2026-08-07 07:11:09 | sleep.tagging                  | INFO  | step=151 | 2 tags created from 2 spans | buffer: 113/7718 (1.5%)
2026-08-07 07:11:10 | sleep.tagging                  | INFO  | step=153 | 1 tags created from 1 spans | buffer: 114/7718 (1.5%)
2026-08-07 07:11:10 | sleep.tagging                  | INFO  | step=154 | 1 tags created from 1 spans | buffer: 115/7718 (1.5%)
2026-08-07 07:11:10 | sleep.tagging                  | INFO  | step=156 | 1 tags created from 1 spans | buffer: 116/7718 (1.5%)
2026-08-07 07:11:10 | sleep.tagging                  | INFO  | step=158 | 1 tags created from 1 spans | buffer: 117/7718 (1.5%)
2026-08-07 07:11:10 | sleep.experiment.08            | INFO  | [Cycle 8] Wake summary: 20 facts -> 11 KV writes; bank: 2624/20000 tokens
2026-08-07 07:11:10 | sleep.prp                      | INFO  | step=160 | PRP update: 18/771 allocated (2%) | +18 -0 | threshold=0.302 | mean_score=0.277
2026-08-07 07:11:10 | sleep.experiment.08            | INFO  | [Cycle 8] PRP: 18 allocated, 18 consolidation candidates
2026-08-07 07:11:10 | sleep.sleep_engine             | INFO  | === Sleep cycle START | 18 candidates ===
2026-08-07 07:11:10 | sleep.sleep_engine             | INFO  | Phase 1/5: GENERATE (strategy=original)
2026-08-07 07:11:10 | sleep.sleep_engine             | INFO  | KV memory injection: DISABLED
2026-08-07 07:11:10 | sleep.sleep_engine             | INFO  | Phase 1 (original strategy): 11 unique-source replays from 18 candidates
2026-08-07 07:11:10 | sleep.sleep_engine             | INFO  | Phase 1 complete: 11/18 replays generated
2026-08-07 07:11:10 | sleep.sleep_engine             | INFO  | Phase 2/5: QUALITY CHECK
2026-08-07 07:11:10 | sleep.sleep_engine.quality     | INFO  | Quality check REJECTED (similarity): Replay drifted too far from original experience (cosine similarity 0.0019 < theta_quality 0.5)
2026-08-07 07:11:10 | sleep.sleep_engine.quality     | INFO  | Quality check REJECTED (similarity): Replay drifted too far from original experience (cosine similarity -0.1299 < theta_quality 0.5)
2026-08-07 07:11:10 | sleep.sleep_engine.quality     | INFO  | Quality check REJECTED (similarity): Replay drifted too far from original experience (cosine similarity -0.1494 < theta_quality 0.5)
2026-08-07 07:11:10 | sleep.sleep_engine.quality     | INFO  | Quality check REJECTED (similarity): Replay drifted too far from original experience (cosine similarity 0.0664 < theta_quality 0.5)
2026-08-07 07:11:10 | sleep.sleep_engine.quality     | INFO  | Quality check REJECTED (similarity): Replay drifted too far from original experience (cosine similarity 0.0297 < theta_quality 0.5)
2026-08-07 07:11:10 | sleep.sleep_engine.quality     | INFO  | Quality check REJECTED (similarity): Replay drifted too far from original experience (cosine similarity 0.1187 < theta_quality 0.5)
2026-08-07 07:11:10 | sleep.sleep_engine.quality     | INFO  | Quality check REJECTED (similarity): Replay drifted too far from original experience (cosine similarity -0.0227 < theta_quality 0.5)
2026-08-07 07:11:10 | sleep.sleep_engine.quality     | INFO  | Quality check REJECTED (similarity): Replay drifted too far from original experience (cosine similarity 0.1943 < theta_quality 0.5)
2026-08-07 07:11:10 | sleep.sleep_engine.quality     | INFO  | Quality check REJECTED (similarity): Replay drifted too far from original experience (cosine similarity 0.3105 < theta_quality 0.5)
2026-08-07 07:11:10 | sleep.sleep_engine.quality     | INFO  | Quality check REJECTED (similarity): Replay drifted too far from original experience (cosine similarity 0.2598 < theta_quality 0.5)
2026-08-07 07:11:10 | sleep.sleep_engine.quality     | INFO  | Quality check REJECTED (similarity): Replay drifted too far from original experience (cosine similarity 0.0547 < theta_quality 0.5)
2026-08-07 07:11:10 | sleep.sleep_engine             | INFO  | Phase 2 complete: 0/11 replays accepted
2026-08-07 07:11:10 | sleep.sleep_engine             | INFO  | No replays accepted — skipping training, marking all candidates as failed
2026-08-07 07:11:10 | sleep.sleep_engine.cleanup     | INFO  | Cleanup complete | passed=0 | failed=18 | permanently_removed=0
2026-08-07 07:11:10 | sleep.sleep_engine             | INFO  | KV memory injection: ENABLED
2026-08-07 07:11:10 | sleep.sleep_engine             | INFO  | === Sleep cycle END (no accepted replays) ===
2026-08-07 07:14:35 | sleep.evaluation.recall        | INFO  | Recall evaluation: DRA=0.0521 across 160 cases
2026-08-07 07:15:01 | sleep.evaluation.recall        | INFO  | Recall evaluation: DRA=0.0333 across 20 cases
2026-08-07 07:15:01 | sleep.evaluation.preservation  | INFO  | Perplexity evaluation: PPL=87.7467 (mean_loss=4.4745, 54 tokens)
2026-08-07 07:15:01 | sleep.evaluation.preservation  | INFO  | BCP: 15.9178 (current_ppl=87.7467, original_ppl=5.5125)
2026-08-07 07:15:01 | sleep.experiment.08            | INFO  | [sleep Cycle 8 EVAL] DRA cumulative=0.052 (23/160 hits); DRA current=0.033 (2/20 hits); BCP=15.9178
2026-08-07 07:15:01 | sleep.experiment.08            | INFO  | ======================================================================
2026-08-07 07:15:01 | sleep.experiment.08            | INFO  | [SLEEP Cycle 9] Wake phase: 20 facts
2026-08-07 07:15:01 | sleep.experiment.08            | INFO  | ======================================================================
2026-08-07 07:15:01 | sleep.tagging                  | INFO  | step=161 | 2 tags created from 2 spans | buffer: 119/7718 (1.5%)
2026-08-07 07:15:01 | sleep.tagging                  | INFO  | step=162 | 1 tags created from 1 spans | buffer: 120/7718 (1.6%)
2026-08-07 07:15:02 | sleep.tagging                  | INFO  | step=164 | 1 tags created from 1 spans | buffer: 121/7718 (1.6%)
2026-08-07 07:15:02 | sleep.tagging                  | INFO  | step=166 | 1 tags created from 1 spans | buffer: 122/7718 (1.6%)
2026-08-07 07:15:02 | sleep.tagging                  | INFO  | step=167 | 2 tags created from 2 spans | buffer: 124/7718 (1.6%)
2026-08-07 07:15:02 | sleep.tagging                  | INFO  | step=168 | 1 tags created from 1 spans | buffer: 125/7718 (1.6%)
2026-08-07 07:15:02 | sleep.tagging                  | INFO  | step=171 | 1 tags created from 1 spans | buffer: 126/7718 (1.6%)
2026-08-07 07:15:02 | sleep.tagging                  | INFO  | step=173 | 1 tags created from 1 spans | buffer: 127/7718 (1.6%)
2026-08-07 07:15:02 | sleep.tagging                  | INFO  | step=174 | 2 tags created from 2 spans | buffer: 129/7718 (1.7%)
2026-08-07 07:15:02 | sleep.tagging                  | INFO  | step=175 | 1 tags created from 1 spans | buffer: 130/7718 (1.7%)
2026-08-07 07:15:02 | sleep.tagging                  | INFO  | step=176 | 1 tags created from 1 spans | buffer: 131/7718 (1.7%)
2026-08-07 07:15:02 | sleep.tagging                  | INFO  | step=178 | 1 tags created from 1 spans | buffer: 132/7718 (1.7%)
2026-08-07 07:15:02 | sleep.tagging                  | INFO  | step=179 | 1 tags created from 1 spans | buffer: 133/7718 (1.7%)
2026-08-07 07:15:02 | sleep.experiment.08            | INFO  | [Cycle 9] Wake summary: 20 facts -> 13 KV writes; bank: 3162/20000 tokens
2026-08-07 07:15:02 | sleep.prp                      | INFO  | step=180 | PRP update: 22/771 allocated (3%) | +22 -0 | threshold=0.305 | mean_score=0.280
2026-08-07 07:15:02 | sleep.experiment.08            | INFO  | [Cycle 9] PRP: 22 allocated, 22 consolidation candidates
2026-08-07 07:15:02 | sleep.sleep_engine             | INFO  | === Sleep cycle START | 22 candidates ===
2026-08-07 07:15:02 | sleep.sleep_engine             | INFO  | Phase 1/5: GENERATE (strategy=original)
2026-08-07 07:15:02 | sleep.sleep_engine             | INFO  | KV memory injection: DISABLED
2026-08-07 07:15:02 | sleep.sleep_engine             | INFO  | Phase 1 (original strategy): 13 unique-source replays from 22 candidates
2026-08-07 07:15:02 | sleep.sleep_engine             | INFO  | Phase 1 complete: 13/22 replays generated
2026-08-07 07:15:02 | sleep.sleep_engine             | INFO  | Phase 2/5: QUALITY CHECK
2026-08-07 07:15:02 | sleep.sleep_engine.quality     | INFO  | Quality check REJECTED (similarity): Replay drifted too far from original experience (cosine similarity -0.0050 < theta_quality 0.5)
2026-08-07 07:15:02 | sleep.sleep_engine.quality     | INFO  | Quality check REJECTED (similarity): Replay drifted too far from original experience (cosine similarity 0.1738 < theta_quality 0.5)
2026-08-07 07:15:02 | sleep.sleep_engine.quality     | INFO  | Quality check REJECTED (similarity): Replay drifted too far from original experience (cosine similarity 0.0781 < theta_quality 0.5)
2026-08-07 07:15:02 | sleep.sleep_engine.quality     | INFO  | Quality check REJECTED (similarity): Replay drifted too far from original experience (cosine similarity -0.1367 < theta_quality 0.5)
2026-08-07 07:15:03 | sleep.sleep_engine.quality     | INFO  | Quality check REJECTED (similarity): Replay drifted too far from original experience (cosine similarity 0.1357 < theta_quality 0.5)
2026-08-07 07:15:03 | sleep.sleep_engine.quality     | INFO  | Quality check REJECTED (similarity): Replay drifted too far from original experience (cosine similarity 0.1562 < theta_quality 0.5)
2026-08-07 07:15:03 | sleep.sleep_engine.quality     | INFO  | Quality check REJECTED (similarity): Replay drifted too far from original experience (cosine similarity 0.1855 < theta_quality 0.5)
2026-08-07 07:15:03 | sleep.sleep_engine.quality     | INFO  | Quality check REJECTED (similarity): Replay drifted too far from original experience (cosine similarity 0.1543 < theta_quality 0.5)
2026-08-07 07:15:03 | sleep.sleep_engine.quality     | INFO  | Quality check REJECTED (similarity): Replay drifted too far from original experience (cosine similarity -0.0942 < theta_quality 0.5)
2026-08-07 07:15:03 | sleep.sleep_engine.quality     | INFO  | Quality check REJECTED (similarity): Replay drifted too far from original experience (cosine similarity 0.0603 < theta_quality 0.5)
2026-08-07 07:15:03 | sleep.sleep_engine.quality     | INFO  | Quality check REJECTED (similarity): Replay drifted too far from original experience (cosine similarity 0.3477 < theta_quality 0.5)
2026-08-07 07:15:03 | sleep.sleep_engine.quality     | INFO  | Quality check REJECTED (similarity): Replay drifted too far from original experience (cosine similarity 0.2930 < theta_quality 0.5)
2026-08-07 07:15:03 | sleep.sleep_engine.quality     | INFO  | Quality check REJECTED (similarity): Replay drifted too far from original experience (cosine similarity -0.0199 < theta_quality 0.5)
2026-08-07 07:15:03 | sleep.sleep_engine             | INFO  | Phase 2 complete: 0/13 replays accepted
2026-08-07 07:15:03 | sleep.sleep_engine             | INFO  | No replays accepted — skipping training, marking all candidates as failed
2026-08-07 07:15:03 | sleep.sleep_engine.cleanup     | INFO  | Cleanup complete | passed=0 | failed=22 | permanently_removed=0
2026-08-07 07:15:03 | sleep.sleep_engine             | INFO  | KV memory injection: ENABLED
2026-08-07 07:15:03 | sleep.sleep_engine             | INFO  | === Sleep cycle END (no accepted replays) ===
2026-08-07 07:18:55 | sleep.evaluation.recall        | INFO  | Recall evaluation: DRA=0.0519 across 180 cases
2026-08-07 07:19:21 | sleep.evaluation.recall        | INFO  | Recall evaluation: DRA=0.0333 across 20 cases
2026-08-07 07:19:21 | sleep.evaluation.preservation  | INFO  | Perplexity evaluation: PPL=88.5548 (mean_loss=4.4836, 54 tokens)
2026-08-07 07:19:21 | sleep.evaluation.preservation  | INFO  | BCP: 16.0644 (current_ppl=88.5548, original_ppl=5.5125)
2026-08-07 07:19:21 | sleep.experiment.08            | INFO  | [sleep Cycle 9 EVAL] DRA cumulative=0.052 (26/180 hits); DRA current=0.033 (2/20 hits); BCP=16.0644
2026-08-07 07:19:21 | sleep.experiment.08            | INFO  | ======================================================================
2026-08-07 07:19:21 | sleep.experiment.08            | INFO  | [SLEEP Cycle 10] Wake phase: 20 facts
2026-08-07 07:19:21 | sleep.experiment.08            | INFO  | ======================================================================
2026-08-07 07:19:21 | sleep.tagging                  | INFO  | step=181 | 1 tags created from 1 spans | buffer: 134/7718 (1.7%)
2026-08-07 07:19:21 | sleep.tagging                  | INFO  | step=182 | 1 tags created from 1 spans | buffer: 135/7718 (1.7%)
2026-08-07 07:19:21 | sleep.tagging                  | INFO  | step=184 | 1 tags created from 1 spans | buffer: 136/7718 (1.8%)
2026-08-07 07:19:21 | sleep.tagging                  | INFO  | step=185 | 1 tags created from 1 spans | buffer: 137/7718 (1.8%)
2026-08-07 07:19:21 | sleep.tagging                  | INFO  | step=186 | 1 tags created from 1 spans | buffer: 138/7718 (1.8%)
2026-08-07 07:19:21 | sleep.tagging                  | INFO  | step=187 | 1 tags created from 1 spans | buffer: 139/7718 (1.8%)
2026-08-07 07:19:21 | sleep.tagging                  | INFO  | step=189 | 1 tags created from 1 spans | buffer: 140/7718 (1.8%)
2026-08-07 07:19:22 | sleep.tagging                  | INFO  | step=191 | 2 tags created from 2 spans | buffer: 142/7718 (1.8%)
2026-08-07 07:19:22 | sleep.tagging                  | INFO  | step=192 | 1 tags created from 1 spans | buffer: 143/7718 (1.9%)
2026-08-07 07:19:22 | sleep.tagging                  | INFO  | step=193 | 1 tags created from 1 spans | buffer: 144/7718 (1.9%)
2026-08-07 07:19:22 | sleep.tagging                  | INFO  | step=194 | 1 tags created from 1 spans | buffer: 145/7718 (1.9%)
2026-08-07 07:19:22 | sleep.tagging                  | INFO  | step=196 | 1 tags created from 1 spans | buffer: 146/7718 (1.9%)
2026-08-07 07:19:22 | sleep.tagging                  | INFO  | step=197 | 1 tags created from 1 spans | buffer: 147/7718 (1.9%)
2026-08-07 07:19:22 | sleep.experiment.08            | INFO  | [Cycle 10] Wake summary: 20 facts -> 13 KV writes; bank: 3703/20000 tokens
2026-08-07 07:19:22 | sleep.prp                      | INFO  | step=200 | PRP update: 29/771 allocated (4%) | +29 -0 | threshold=0.290 | mean_score=0.268
2026-08-07 07:19:22 | sleep.experiment.08            | INFO  | [Cycle 10] PRP: 29 allocated, 29 consolidation candidates
2026-08-07 07:19:22 | sleep.sleep_engine             | INFO  | === Sleep cycle START | 29 candidates ===
2026-08-07 07:19:22 | sleep.sleep_engine             | INFO  | Phase 1/5: GENERATE (strategy=original)
2026-08-07 07:19:22 | sleep.sleep_engine             | INFO  | KV memory injection: DISABLED
2026-08-07 07:19:22 | sleep.sleep_engine             | INFO  | Phase 1 (original strategy): 12 unique-source replays from 29 candidates
2026-08-07 07:19:22 | sleep.sleep_engine             | INFO  | Phase 1 complete: 12/29 replays generated
2026-08-07 07:19:22 | sleep.sleep_engine             | INFO  | Phase 2/5: QUALITY CHECK
2026-08-07 07:19:22 | sleep.sleep_engine.quality     | INFO  | Quality check REJECTED (similarity): Replay drifted too far from original experience (cosine similarity -0.0154 < theta_quality 0.5)
2026-08-07 07:19:22 | sleep.sleep_engine.quality     | INFO  | Quality check REJECTED (similarity): Replay drifted too far from original experience (cosine similarity -0.1738 < theta_quality 0.5)
2026-08-07 07:19:22 | sleep.sleep_engine.quality     | INFO  | Quality check REJECTED (similarity): Replay drifted too far from original experience (cosine similarity 0.1543 < theta_quality 0.5)
2026-08-07 07:19:22 | sleep.sleep_engine.quality     | INFO  | Quality check REJECTED (similarity): Replay drifted too far from original experience (cosine similarity -0.1387 < theta_quality 0.5)
2026-08-07 07:19:22 | sleep.sleep_engine.quality     | INFO  | Quality check REJECTED (similarity): Replay drifted too far from original experience (cosine similarity 0.1650 < theta_quality 0.5)
2026-08-07 07:19:22 | sleep.sleep_engine.quality     | INFO  | Quality check REJECTED (similarity): Replay drifted too far from original experience (cosine similarity 0.0569 < theta_quality 0.5)
2026-08-07 07:19:22 | sleep.sleep_engine.quality     | INFO  | Quality check REJECTED (similarity): Replay drifted too far from original experience (cosine similarity 0.3301 < theta_quality 0.5)
2026-08-07 07:19:22 | sleep.sleep_engine.quality     | INFO  | Quality check REJECTED (similarity): Replay drifted too far from original experience (cosine similarity 0.3418 < theta_quality 0.5)
2026-08-07 07:19:22 | sleep.sleep_engine.quality     | INFO  | Quality check REJECTED (similarity): Replay drifted too far from original experience (cosine similarity 0.0153 < theta_quality 0.5)
2026-08-07 07:19:22 | sleep.sleep_engine.quality     | INFO  | Quality check REJECTED (similarity): Replay drifted too far from original experience (cosine similarity 0.0884 < theta_quality 0.5)
2026-08-07 07:19:22 | sleep.sleep_engine.quality     | INFO  | Quality check REJECTED (similarity): Replay drifted too far from original experience (cosine similarity 0.2969 < theta_quality 0.5)
2026-08-07 07:19:22 | sleep.sleep_engine.quality     | INFO  | Quality check REJECTED (similarity): Replay drifted too far from original experience (cosine similarity 0.0562 < theta_quality 0.5)
2026-08-07 07:19:22 | sleep.sleep_engine             | INFO  | Phase 2 complete: 0/12 replays accepted
2026-08-07 07:19:22 | sleep.sleep_engine             | INFO  | No replays accepted — skipping training, marking all candidates as failed
2026-08-07 07:19:22 | sleep.sleep_engine.cleanup     | INFO  | Cleanup complete | passed=0 | failed=29 | permanently_removed=0
2026-08-07 07:19:22 | sleep.sleep_engine             | INFO  | KV memory injection: ENABLED
2026-08-07 07:19:22 | sleep.sleep_engine             | INFO  | === Sleep cycle END (no accepted replays) ===
2026-08-07 07:23:38 | sleep.evaluation.recall        | INFO  | Recall evaluation: DRA=0.0450 across 200 cases
2026-08-07 07:24:04 | sleep.evaluation.recall        | INFO  | Recall evaluation: DRA=0.0167 across 20 cases
2026-08-07 07:24:04 | sleep.evaluation.preservation  | INFO  | Perplexity evaluation: PPL=87.9528 (mean_loss=4.4768, 54 tokens)
2026-08-07 07:24:04 | sleep.evaluation.preservation  | INFO  | BCP: 15.9552 (current_ppl=87.9528, original_ppl=5.5125)
2026-08-07 07:24:04 | sleep.experiment.08            | INFO  | [sleep Cycle 10 EVAL] DRA cumulative=0.045 (25/200 hits); DRA current=0.017 (1/20 hits); BCP=15.9552

==============================================================================
MULTI-CYCLE SUMMARY (sleep)
==============================================================================
Cycle  Cum N   DRA cum    DRA cur    BCP       
--------------------------------------------------
1      20      0.0000     0.0000     1.0423    
2      40      0.0750     0.1167     4.0228    
3      60      0.0667     0.1000     15.8666   
4      80      0.0542     0.0167     15.8539   
5      100     0.0667     0.0667     15.9368   
6      120     0.0500     0.0333     16.0324   
7      140     0.0571     0.0333     15.8872   
8      160     0.0521     0.0333     15.9178   
9      180     0.0519     0.0333     16.0644   
10     200     0.0450     0.0167     15.9552   

Results saved to: /workspace/results/qwen1.5b_multicycle_sleep_10c_s0.json
