2026-08-11 18:53:27 | sleep.utils.seed               | INFO  | Seeded all RNGs with seed=1 (deterministic_algorithms=False)
2026-08-11 18:53:27 | sleep.experiment.13            | INFO  | ======================================================================
2026-08-11 18:53:27 | sleep.experiment.13            | INFO  | EXPERIMENT 13: Full pipeline v2 | recipe=paraphrase_ce | seed=1
2026-08-11 18:53:27 | sleep.experiment.13            | INFO  | ======================================================================
2026-08-11 18:53:27 | sleep.experiment.13            | INFO  | Safety overrides: {'delta_max': (0.01, 0.03)}
Loading weights:   0%|          | 0/291 [00:00<?, ?it/s]Loading weights: 100%|██████████| 291/291 [00:00<00:00, 6301.40it/s]
2026-08-11 18:53:33 | sleep.experiment.common        | INFO  | Loaded /workspace/models/llama-3.1-8b | dtype=bfloat16 | attn=eager | device=cuda | layers=32
2026-08-11 18:53:33 | sleep.experiment.13            | INFO  | Loaded 200 facts (paraphrased: True)
2026-08-11 18:53:33 | sleep.weights.lora             | INFO  | LoRA target modules for llama: ['up_proj', 'down_proj']
2026-08-11 18:53:33 | sleep.weights.lora             | INFO  | LoRA config: rank=16, alpha=32, selection=middle, layers=[10, 11, 12, 13, 14, 15, 16, 17, 18, 19, 20] (of 32 total), targets=['up_proj', 'down_proj']
2026-08-11 18:53:34 | sleep.weights.lora             | INFO  | Created LoRA adapter 'w_fast': 6488064 trainable parameters (0.0807% of base model)
2026-08-11 18:53:34 | sleep.weights.lora             | INFO  | LoRA target modules for llama: ['up_proj', 'down_proj']
2026-08-11 18:53:34 | sleep.weights.lora             | INFO  | LoRA config: rank=16, alpha=32, selection=middle, layers=[10, 11, 12, 13, 14, 15, 16, 17, 18, 19, 20] (of 32 total), targets=['up_proj', 'down_proj']
2026-08-11 18:53:35 | sleep.weights.lora             | INFO  | Dual adapters ready: w_fast=6488064 params, w_cons=6488064 params
/usr/local/lib/python3.11/dist-packages/peft/tuners/tuners_utils.py:2193: UserWarning: Adapter cannot be set when the model is merged. Unmerging the model first.
  warnings.warn("Adapter cannot be set when the model is merged. Unmerging the model first.")
2026-08-11 18:53:35 | sleep.weights.fast_update      | INFO  | FastWeightUpdater initialized: 44 parameter groups, alpha_base=1.00e-04, momentum=0.90
2026-08-11 18:53:35 | sleep.weights.plasticity       | INFO  | Adapted layers: [10, 11, 12, 13, 14, 15, 16, 17, 18, 19, 20] (middle 33% of 32 layers)
2026-08-11 18:53:35 | sleep.weights.plasticity       | INFO  | Injection layers: [22, 23, 24, 25, 26, 27, 28, 29, 30, 31] (top 33% of 32 layers)
2026-08-11 18:53:35 | sleep.weights.plasticity       | INFO  | Computed Frobenius norms for 224 base model weight matrices.
2026-08-11 18:53:35 | sleep.weights.kv_injection     | INFO  | KVInjector installed on 10 layers: [22, 23, 24, 25, 26, 27, 28, 29, 30, 31]
2026-08-11 18:53:35 | sleep.weights                  | INFO  | KV memory mode enabled | adapted_layers=[10, 11, 12, 13, 14, 15, 16, 17, 18, 19, 20] | num_kv_heads=8 | head_dim=128 | max_total_tokens=20000 | top_k=64 | device=cuda:0 | dtype=torch.bfloat16
2026-08-11 18:53:35 | sleep.weights                  | INFO  | DualWeightSystem initialized | W_fast: 6,488,064 params | W_cons: 6,488,064 params | Adapted layers: [10, 11, 12, 13, 14, 15, 16, 17, 18, 19, 20] | Plasticity: 0.188–0.452 | KV bank installed
2026-08-11 18:53:35 | sleep.experiment.13            | INFO  | Adapter layers: [10, 11, 12, 13, 14, 15, 16, 17, 18, 19, 20] | injection layers: [22, 23, 24, 25, 26, 27, 28, 29, 30, 31]
/usr/local/lib/python3.11/dist-packages/peft/tuners/lora/layer.py:983: UserWarning: Already unmerged. Nothing to do.
  warnings.warn("Already unmerged. Nothing to do.")
2026-08-11 18:53:35 | sleep.evaluation.preservation  | INFO  | Perplexity evaluation: PPL=9.1220 (mean_loss=2.2107, 31 tokens)
2026-08-11 18:53:35 | sleep.experiment.13            | INFO  | WAKE: feeding 200 facts
2026-08-11 18:53:36 | sleep.tagging                  | INFO  | step=1 | 2 tags created from 2 spans | buffer: 2/40216 (0.0%)
2026-08-11 18:53:36 | sleep.tagging                  | INFO  | step=2 | 1 tags created from 1 spans | buffer: 3/40216 (0.0%)
2026-08-11 18:53:36 | sleep.tagging                  | INFO  | step=3 | 2 tags created from 2 spans | buffer: 5/40216 (0.0%)
2026-08-11 18:53:36 | sleep.tagging                  | INFO  | step=4 | 1 tags created from 1 spans | buffer: 6/40216 (0.0%)
2026-08-11 18:53:36 | sleep.tagging                  | INFO  | step=7 | 1 tags created from 1 spans | buffer: 7/40216 (0.0%)
2026-08-11 18:53:36 | sleep.tagging                  | INFO  | step=8 | 1 tags created from 1 spans | buffer: 8/40216 (0.0%)
2026-08-11 18:53:36 | sleep.tagging                  | INFO  | step=11 | 1 tags created from 1 spans | buffer: 9/40216 (0.0%)
2026-08-11 18:53:37 | sleep.tagging                  | INFO  | step=12 | 1 tags created from 1 spans | buffer: 10/40216 (0.0%)
2026-08-11 18:53:37 | sleep.tagging                  | INFO  | step=13 | 1 tags created from 1 spans | buffer: 11/40216 (0.0%)
2026-08-11 18:53:37 | sleep.tagging                  | INFO  | step=14 | 1 tags created from 1 spans | buffer: 12/40216 (0.0%)
2026-08-11 18:53:37 | sleep.tagging                  | INFO  | step=17 | 1 tags created from 1 spans | buffer: 13/40216 (0.0%)
2026-08-11 18:53:37 | sleep.tagging                  | INFO  | step=18 | 1 tags created from 1 spans | buffer: 14/40216 (0.0%)
2026-08-11 18:53:37 | sleep.tagging                  | INFO  | step=21 | 1 tags created from 1 spans | buffer: 15/40216 (0.0%)
2026-08-11 18:53:37 | sleep.tagging                  | INFO  | step=22 | 1 tags created from 1 spans | buffer: 16/40216 (0.0%)
2026-08-11 18:53:38 | sleep.tagging                  | INFO  | step=23 | 1 tags created from 1 spans | buffer: 17/40216 (0.0%)
2026-08-11 18:53:38 | sleep.tagging                  | INFO  | step=24 | 1 tags created from 1 spans | buffer: 18/40216 (0.0%)
2026-08-11 18:53:38 | sleep.tagging                  | INFO  | step=26 | 1 tags created from 1 spans | buffer: 19/40216 (0.0%)
2026-08-11 18:53:38 | sleep.tagging                  | INFO  | step=31 | 1 tags created from 1 spans | buffer: 20/40216 (0.0%)
2026-08-11 18:53:38 | sleep.tagging                  | INFO  | step=32 | 1 tags created from 1 spans | buffer: 21/40216 (0.1%)
2026-08-11 18:53:38 | sleep.tagging                  | INFO  | step=33 | 1 tags created from 1 spans | buffer: 22/40216 (0.1%)
2026-08-11 18:53:38 | sleep.tagging                  | INFO  | step=35 | 1 tags created from 1 spans | buffer: 23/40216 (0.1%)
2026-08-11 18:53:39 | sleep.tagging                  | INFO  | step=36 | 1 tags created from 1 spans | buffer: 24/40216 (0.1%)
2026-08-11 18:53:39 | sleep.tagging                  | INFO  | step=37 | 1 tags created from 1 spans | buffer: 25/40216 (0.1%)
2026-08-11 18:53:39 | sleep.tagging                  | INFO  | step=38 | 1 tags created from 1 spans | buffer: 26/40216 (0.1%)
2026-08-11 18:53:39 | sleep.tagging                  | INFO  | step=39 | 1 tags created from 1 spans | buffer: 27/40216 (0.1%)
2026-08-11 18:53:39 | sleep.tagging                  | INFO  | step=41 | 1 tags created from 1 spans | buffer: 28/40216 (0.1%)
2026-08-11 18:53:39 | sleep.tagging                  | INFO  | step=42 | 1 tags created from 1 spans | buffer: 29/40216 (0.1%)
2026-08-11 18:53:39 | sleep.tagging                  | INFO  | step=44 | 1 tags created from 1 spans | buffer: 30/40216 (0.1%)
2026-08-11 18:53:39 | sleep.tagging                  | INFO  | step=45 | 1 tags created from 1 spans | buffer: 31/40216 (0.1%)
2026-08-11 18:53:39 | sleep.tagging                  | INFO  | step=46 | 1 tags created from 1 spans | buffer: 32/40216 (0.1%)
2026-08-11 18:53:40 | sleep.tagging                  | INFO  | step=47 | 1 tags created from 1 spans | buffer: 33/40216 (0.1%)
2026-08-11 18:53:40 | sleep.tagging                  | INFO  | step=49 | 1 tags created from 1 spans | buffer: 34/40216 (0.1%)
2026-08-11 18:53:40 | sleep.tagging                  | INFO  | step=51 | 2 tags created from 2 spans | buffer: 36/40216 (0.1%)
2026-08-11 18:53:40 | sleep.tagging                  | INFO  | step=52 | 1 tags created from 1 spans | buffer: 37/40216 (0.1%)
2026-08-11 18:53:40 | sleep.tagging                  | INFO  | step=53 | 1 tags created from 1 spans | buffer: 38/40216 (0.1%)
2026-08-11 18:53:40 | sleep.tagging                  | INFO  | step=54 | 1 tags created from 1 spans | buffer: 39/40216 (0.1%)
2026-08-11 18:53:40 | sleep.tagging                  | INFO  | step=56 | 1 tags created from 1 spans | buffer: 40/40216 (0.1%)
2026-08-11 18:53:40 | sleep.tagging                  | INFO  | step=57 | 1 tags created from 1 spans | buffer: 41/40216 (0.1%)
2026-08-11 18:53:41 | sleep.tagging                  | INFO  | step=58 | 1 tags created from 1 spans | buffer: 42/40216 (0.1%)
2026-08-11 18:53:41 | sleep.tagging                  | INFO  | step=61 | 1 tags created from 1 spans | buffer: 43/40216 (0.1%)
2026-08-11 18:53:41 | sleep.tagging                  | INFO  | step=62 | 1 tags created from 1 spans | buffer: 44/40216 (0.1%)
2026-08-11 18:53:41 | sleep.tagging                  | INFO  | step=63 | 1 tags created from 1 spans | buffer: 45/40216 (0.1%)
2026-08-11 18:53:41 | sleep.tagging                  | INFO  | step=64 | 1 tags created from 1 spans | buffer: 46/40216 (0.1%)
2026-08-11 18:53:41 | sleep.tagging                  | INFO  | step=66 | 1 tags created from 1 spans | buffer: 47/40216 (0.1%)
2026-08-11 18:53:41 | sleep.tagging                  | INFO  | step=67 | 2 tags created from 2 spans | buffer: 49/40216 (0.1%)
2026-08-11 18:53:42 | sleep.tagging                  | INFO  | step=68 | 1 tags created from 1 spans | buffer: 50/40216 (0.1%)
2026-08-11 18:53:42 | sleep.tagging                  | INFO  | step=69 | 1 tags created from 1 spans | buffer: 51/40216 (0.1%)
2026-08-11 18:53:42 | sleep.tagging                  | INFO  | step=71 | 1 tags created from 1 spans | buffer: 52/40216 (0.1%)
2026-08-11 18:53:42 | sleep.tagging                  | INFO  | step=73 | 1 tags created from 1 spans | buffer: 53/40216 (0.1%)
2026-08-11 18:53:42 | sleep.tagging                  | INFO  | step=74 | 1 tags created from 1 spans | buffer: 54/40216 (0.1%)
2026-08-11 18:53:42 | sleep.tagging                  | INFO  | step=75 | 1 tags created from 1 spans | buffer: 55/40216 (0.1%)
2026-08-11 18:53:42 | sleep.tagging                  | INFO  | step=76 | 1 tags created from 1 spans | buffer: 56/40216 (0.1%)
2026-08-11 18:53:42 | sleep.tagging                  | INFO  | step=77 | 1 tags created from 1 spans | buffer: 57/40216 (0.1%)
2026-08-11 18:53:43 | sleep.tagging                  | INFO  | step=81 | 1 tags created from 1 spans | buffer: 58/40216 (0.1%)
2026-08-11 18:53:43 | sleep.tagging                  | INFO  | step=82 | 1 tags created from 1 spans | buffer: 59/40216 (0.1%)
2026-08-11 18:53:43 | sleep.tagging                  | INFO  | step=83 | 1 tags created from 1 spans | buffer: 60/40216 (0.1%)
2026-08-11 18:53:43 | sleep.tagging                  | INFO  | step=86 | 1 tags created from 1 spans | buffer: 61/40216 (0.2%)
2026-08-11 18:53:43 | sleep.tagging                  | INFO  | step=87 | 1 tags created from 1 spans | buffer: 62/40216 (0.2%)
2026-08-11 18:53:43 | sleep.tagging                  | INFO  | step=89 | 1 tags created from 1 spans | buffer: 63/40216 (0.2%)
2026-08-11 18:53:44 | sleep.tagging                  | INFO  | step=91 | 1 tags created from 1 spans | buffer: 64/40216 (0.2%)
2026-08-11 18:53:44 | sleep.tagging                  | INFO  | step=93 | 1 tags created from 1 spans | buffer: 65/40216 (0.2%)
2026-08-11 18:53:44 | sleep.tagging                  | INFO  | step=94 | 1 tags created from 1 spans | buffer: 66/40216 (0.2%)
2026-08-11 18:53:44 | sleep.tagging                  | INFO  | step=97 | 2 tags created from 2 spans | buffer: 68/40216 (0.2%)
2026-08-11 18:53:44 | sleep.tagging                  | INFO  | step=101 | 1 tags created from 1 spans | buffer: 69/40216 (0.2%)
2026-08-11 18:53:44 | sleep.tagging                  | INFO  | step=102 | 1 tags created from 1 spans | buffer: 70/40216 (0.2%)
2026-08-11 18:53:44 | sleep.tagging                  | INFO  | step=103 | 1 tags created from 1 spans | buffer: 71/40216 (0.2%)
2026-08-11 18:53:45 | sleep.tagging                  | INFO  | step=104 | 1 tags created from 1 spans | buffer: 72/40216 (0.2%)
2026-08-11 18:53:45 | sleep.tagging                  | INFO  | step=105 | 1 tags created from 1 spans | buffer: 73/40216 (0.2%)
2026-08-11 18:53:45 | sleep.tagging                  | INFO  | step=106 | 1 tags created from 1 spans | buffer: 74/40216 (0.2%)
2026-08-11 18:53:45 | sleep.tagging                  | INFO  | step=111 | 1 tags created from 1 spans | buffer: 75/40216 (0.2%)
2026-08-11 18:53:45 | sleep.tagging                  | INFO  | step=113 | 1 tags created from 1 spans | buffer: 76/40216 (0.2%)
2026-08-11 18:53:45 | sleep.tagging                  | INFO  | step=114 | 1 tags created from 1 spans | buffer: 77/40216 (0.2%)
2026-08-11 18:53:45 | sleep.tagging                  | INFO  | step=115 | 1 tags created from 1 spans | buffer: 78/40216 (0.2%)
2026-08-11 18:53:46 | sleep.tagging                  | INFO  | step=116 | 1 tags created from 1 spans | buffer: 79/40216 (0.2%)
2026-08-11 18:53:46 | sleep.tagging                  | INFO  | step=117 | 1 tags created from 1 spans | buffer: 80/40216 (0.2%)
2026-08-11 18:53:46 | sleep.tagging                  | INFO  | step=121 | 1 tags created from 1 spans | buffer: 81/40216 (0.2%)
2026-08-11 18:53:46 | sleep.tagging                  | INFO  | step=122 | 1 tags created from 1 spans | buffer: 82/40216 (0.2%)
2026-08-11 18:53:46 | sleep.tagging                  | INFO  | step=123 | 1 tags created from 1 spans | buffer: 83/40216 (0.2%)
2026-08-11 18:53:46 | sleep.tagging                  | INFO  | step=124 | 1 tags created from 1 spans | buffer: 84/40216 (0.2%)
2026-08-11 18:53:46 | sleep.tagging                  | INFO  | step=125 | 1 tags created from 1 spans | buffer: 85/40216 (0.2%)
2026-08-11 18:53:47 | sleep.tagging                  | INFO  | step=127 | 1 tags created from 1 spans | buffer: 86/40216 (0.2%)
2026-08-11 18:53:47 | sleep.tagging                  | INFO  | step=128 | 1 tags created from 1 spans | buffer: 87/40216 (0.2%)
2026-08-11 18:53:47 | sleep.tagging                  | INFO  | step=129 | 1 tags created from 1 spans | buffer: 88/40216 (0.2%)
2026-08-11 18:53:47 | sleep.tagging                  | INFO  | step=132 | 1 tags created from 1 spans | buffer: 89/40216 (0.2%)
2026-08-11 18:53:47 | sleep.tagging                  | INFO  | step=133 | 1 tags created from 1 spans | buffer: 90/40216 (0.2%)
2026-08-11 18:53:47 | sleep.tagging                  | INFO  | step=134 | 1 tags created from 1 spans | buffer: 91/40216 (0.2%)
2026-08-11 18:53:47 | sleep.tagging                  | INFO  | step=135 | 1 tags created from 1 spans | buffer: 92/40216 (0.2%)
2026-08-11 18:53:47 | sleep.tagging                  | INFO  | step=136 | 1 tags created from 1 spans | buffer: 93/40216 (0.2%)
2026-08-11 18:53:47 | sleep.tagging                  | INFO  | step=138 | 1 tags created from 1 spans | buffer: 94/40216 (0.2%)
2026-08-11 18:53:48 | sleep.tagging                  | INFO  | step=139 | 1 tags created from 1 spans | buffer: 95/40216 (0.2%)
2026-08-11 18:53:48 | sleep.tagging                  | INFO  | step=141 | 1 tags created from 1 spans | buffer: 96/40216 (0.2%)
2026-08-11 18:53:48 | sleep.tagging                  | INFO  | step=142 | 1 tags created from 1 spans | buffer: 97/40216 (0.2%)
2026-08-11 18:53:48 | sleep.tagging                  | INFO  | step=144 | 1 tags created from 1 spans | buffer: 98/40216 (0.2%)
2026-08-11 18:53:48 | sleep.tagging                  | INFO  | step=148 | 1 tags created from 1 spans | buffer: 99/40216 (0.2%)
2026-08-11 18:53:48 | sleep.tagging                  | INFO  | step=149 | 1 tags created from 1 spans | buffer: 100/40216 (0.2%)
2026-08-11 18:53:48 | sleep.tagging                  | INFO  | step=151 | 1 tags created from 1 spans | buffer: 101/40216 (0.3%)
2026-08-11 18:53:49 | sleep.tagging                  | INFO  | step=152 | 2 tags created from 2 spans | buffer: 103/40216 (0.3%)
2026-08-11 18:53:49 | sleep.tagging                  | INFO  | step=153 | 1 tags created from 1 spans | buffer: 104/40216 (0.3%)
2026-08-11 18:53:49 | sleep.tagging                  | INFO  | step=154 | 1 tags created from 1 spans | buffer: 105/40216 (0.3%)
2026-08-11 18:53:49 | sleep.tagging                  | INFO  | step=155 | 1 tags created from 1 spans | buffer: 106/40216 (0.3%)
2026-08-11 18:53:49 | sleep.tagging                  | INFO  | step=156 | 1 tags created from 1 spans | buffer: 107/40216 (0.3%)
2026-08-11 18:53:49 | sleep.tagging                  | INFO  | step=158 | 1 tags created from 1 spans | buffer: 108/40216 (0.3%)
2026-08-11 18:53:49 | sleep.tagging                  | INFO  | step=161 | 1 tags created from 1 spans | buffer: 109/40216 (0.3%)
2026-08-11 18:53:49 | sleep.tagging                  | INFO  | step=162 | 1 tags created from 1 spans | buffer: 110/40216 (0.3%)
2026-08-11 18:53:50 | sleep.tagging                  | INFO  | step=163 | 1 tags created from 1 spans | buffer: 111/40216 (0.3%)
2026-08-11 18:53:50 | sleep.tagging                  | INFO  | step=164 | 1 tags created from 1 spans | buffer: 112/40216 (0.3%)
2026-08-11 18:53:50 | sleep.tagging                  | INFO  | step=166 | 1 tags created from 1 spans | buffer: 113/40216 (0.3%)
2026-08-11 18:53:50 | sleep.tagging                  | INFO  | step=167 | 1 tags created from 1 spans | buffer: 114/40216 (0.3%)
2026-08-11 18:53:50 | sleep.tagging                  | INFO  | step=168 | 1 tags created from 1 spans | buffer: 115/40216 (0.3%)
2026-08-11 18:53:50 | sleep.tagging                  | INFO  | step=173 | 1 tags created from 1 spans | buffer: 116/40216 (0.3%)
2026-08-11 18:53:50 | sleep.tagging                  | INFO  | step=174 | 1 tags created from 1 spans | buffer: 117/40216 (0.3%)
2026-08-11 18:53:51 | sleep.tagging                  | INFO  | step=175 | 1 tags created from 1 spans | buffer: 118/40216 (0.3%)
2026-08-11 18:53:51 | sleep.tagging                  | INFO  | step=176 | 1 tags created from 1 spans | buffer: 119/40216 (0.3%)
2026-08-11 18:53:51 | sleep.tagging                  | INFO  | step=177 | 2 tags created from 2 spans | buffer: 121/40216 (0.3%)
2026-08-11 18:53:51 | sleep.tagging                  | INFO  | step=179 | 1 tags created from 1 spans | buffer: 122/40216 (0.3%)
2026-08-11 18:53:51 | sleep.tagging                  | INFO  | step=181 | 1 tags created from 1 spans | buffer: 123/40216 (0.3%)
2026-08-11 18:53:51 | sleep.tagging                  | INFO  | step=182 | 1 tags created from 1 spans | buffer: 124/40216 (0.3%)
2026-08-11 18:53:51 | sleep.tagging                  | INFO  | step=183 | 1 tags created from 1 spans | buffer: 125/40216 (0.3%)
2026-08-11 18:53:51 | sleep.tagging                  | INFO  | step=184 | 1 tags created from 1 spans | buffer: 126/40216 (0.3%)
2026-08-11 18:53:52 | sleep.tagging                  | INFO  | step=186 | 1 tags created from 1 spans | buffer: 127/40216 (0.3%)
2026-08-11 18:53:52 | sleep.tagging                  | INFO  | step=187 | 1 tags created from 1 spans | buffer: 128/40216 (0.3%)
2026-08-11 18:53:52 | sleep.tagging                  | INFO  | step=191 | 1 tags created from 1 spans | buffer: 129/40216 (0.3%)
2026-08-11 18:53:52 | sleep.tagging                  | INFO  | step=192 | 1 tags created from 1 spans | buffer: 130/40216 (0.3%)
2026-08-11 18:53:52 | sleep.tagging                  | INFO  | step=193 | 1 tags created from 1 spans | buffer: 131/40216 (0.3%)
2026-08-11 18:53:52 | sleep.tagging                  | INFO  | step=194 | 1 tags created from 1 spans | buffer: 132/40216 (0.3%)
2026-08-11 18:53:52 | sleep.tagging                  | INFO  | step=196 | 1 tags created from 1 spans | buffer: 133/40216 (0.3%)
2026-08-11 18:53:53 | sleep.tagging                  | INFO  | step=197 | 2 tags created from 2 spans | buffer: 135/40216 (0.3%)
2026-08-11 18:53:53 | sleep.experiment.13            | INFO  | WAKE done: 135 tags, 127 episodes in bank
2026-08-11 18:53:53 | sleep.prp                      | INFO  | step=200 | PRP update: 40/4021 allocated (1%) | +40 -0 | threshold=0.313 | mean_score=0.280
2026-08-11 18:53:53 | sleep.experiment.13            | INFO  | PRP: 40/135 allocated
2026-08-11 18:53:53 | sleep.sleep_engine             | INFO  | === Sleep cycle START | 40 candidates ===
2026-08-11 18:53:53 | sleep.sleep_engine             | INFO  | Phase 1/5: GENERATE (strategy=paraphrase)
2026-08-11 18:53:53 | sleep.sleep_engine             | INFO  | KV memory injection: DISABLED
2026-08-11 18:53:53 | sleep.sleep_engine             | INFO  | Phase 1 (paraphrase strategy): 928 wordings from 40 unique sources (40 candidates)
[transformers] Ignoring clean_up_tokenization_spaces=True for BPE tokenizer TokenizersBackend. The clean_up_tokenization post-processing step is designed for WordPiece tokenizers and is destructive for BPE (it strips spaces before punctuation). Set clean_up_tokenization_spaces=False to suppress this warning, or set clean_up_tokenization_spaces_for_bpe_even_though_it_will_corrupt_output=True to force cleanup anyway.
2026-08-11 18:53:53 | sleep.sleep_engine             | INFO  | Phase 1 complete: 928/40 replays generated
2026-08-11 18:53:53 | sleep.sleep_engine             | INFO  | Phase 2/5: QUALITY CHECK
2026-08-11 18:53:53 | sleep.sleep_engine             | INFO  | Phase 2 complete: 928/928 replays accepted
2026-08-11 18:53:53 | sleep.sleep_engine             | INFO  | Phase 3/5: TRAIN (928 accepted replays)
2026-08-11 18:53:53 | sleep.sleep_engine             | INFO  | KV memory injection: DISABLED
2026-08-11 18:53:53 | sleep.weights.plasticity       | INFO  | Saved checkpoint for adapter 'w_cons': 44 parameters.
2026-08-11 18:53:53 | sleep.weights.plasticity       | INFO  | Saved checkpoint for adapter 'w_cons': 44 parameters.
2026-08-11 18:53:53 | sleep.sleep_engine.train       | INFO  | Starting sleep training | n_steps=1500 | n_replay=928 | lr=1.00e-04 | device=cuda
2026-08-11 18:54:22 | sleep.weights.plasticity       | INFO  | Hard-clipped 1 w_cons parameters to delta_max=0.0300 bound.
2026-08-11 18:54:22 | sleep.weights.plasticity       | INFO  | Hard-clipped 1 w_cons parameters to delta_max=0.0300 bound.
2026-08-11 18:54:23 | sleep.weights.plasticity       | INFO  | Hard-clipped 2 w_cons parameters to delta_max=0.0300 bound.
2026-08-11 18:54:23 | sleep.weights.plasticity       | INFO  | Hard-clipped 2 w_cons parameters to delta_max=0.0300 bound.
2026-08-11 18:54:24 | sleep.weights.plasticity       | INFO  | Hard-clipped 2 w_cons parameters to delta_max=0.0300 bound.
2026-08-11 18:54:24 | sleep.weights.plasticity       | INFO  | Hard-clipped 2 w_cons parameters to delta_max=0.0300 bound.
2026-08-11 18:54:25 | sleep.weights.plasticity       | INFO  | Hard-clipped 3 w_cons parameters to delta_max=0.0300 bound.
2026-08-11 18:54:25 | sleep.weights.plasticity       | INFO  | Hard-clipped 3 w_cons parameters to delta_max=0.0300 bound.
2026-08-11 18:54:26 | sleep.weights.plasticity       | INFO  | Hard-clipped 3 w_cons parameters to delta_max=0.0300 bound.
2026-08-11 18:54:26 | sleep.weights.plasticity       | INFO  | Hard-clipped 4 w_cons parameters to delta_max=0.0300 bound.
2026-08-11 18:54:27 | sleep.weights.plasticity       | INFO  | Hard-clipped 4 w_cons parameters to delta_max=0.0300 bound.
2026-08-11 18:54:27 | sleep.weights.plasticity       | INFO  | Hard-clipped 4 w_cons parameters to delta_max=0.0300 bound.
2026-08-11 18:54:28 | sleep.weights.plasticity       | INFO  | Hard-clipped 4 w_cons parameters to delta_max=0.0300 bound.
2026-08-11 18:54:28 | sleep.weights.plasticity       | INFO  | Hard-clipped 4 w_cons parameters to delta_max=0.0300 bound.
2026-08-11 18:54:29 | sleep.weights.plasticity       | INFO  | Hard-clipped 4 w_cons parameters to delta_max=0.0300 bound.
2026-08-11 18:54:29 | sleep.weights.plasticity       | INFO  | Hard-clipped 4 w_cons parameters to delta_max=0.0300 bound.
2026-08-11 18:54:30 | sleep.weights.plasticity       | INFO  | Hard-clipped 5 w_cons parameters to delta_max=0.0300 bound.
2026-08-11 18:54:30 | sleep.weights.plasticity       | INFO  | Hard-clipped 5 w_cons parameters to delta_max=0.0300 bound.
2026-08-11 18:54:31 | sleep.weights.plasticity       | INFO  | Hard-clipped 5 w_cons parameters to delta_max=0.0300 bound.
2026-08-11 18:54:31 | sleep.weights.plasticity       | INFO  | Hard-clipped 5 w_cons parameters to delta_max=0.0300 bound.
2026-08-11 18:54:32 | sleep.weights.plasticity       | INFO  | Hard-clipped 5 w_cons parameters to delta_max=0.0300 bound.
2026-08-11 18:54:32 | sleep.weights.plasticity       | INFO  | Hard-clipped 5 w_cons parameters to delta_max=0.0300 bound.
2026-08-11 18:54:33 | sleep.weights.plasticity       | INFO  | Hard-clipped 6 w_cons parameters to delta_max=0.0300 bound.
2026-08-11 18:54:33 | sleep.weights.plasticity       | INFO  | Hard-clipped 6 w_cons parameters to delta_max=0.0300 bound.
2026-08-11 18:54:34 | sleep.weights.plasticity       | INFO  | Hard-clipped 6 w_cons parameters to delta_max=0.0300 bound.
2026-08-11 18:54:34 | sleep.weights.plasticity       | INFO  | Hard-clipped 6 w_cons parameters to delta_max=0.0300 bound.
2026-08-11 18:54:35 | sleep.weights.plasticity       | INFO  | Hard-clipped 7 w_cons parameters to delta_max=0.0300 bound.
2026-08-11 18:54:35 | sleep.weights.plasticity       | INFO  | Hard-clipped 7 w_cons parameters to delta_max=0.0300 bound.
2026-08-11 18:54:36 | sleep.weights.plasticity       | INFO  | Hard-clipped 7 w_cons parameters to delta_max=0.0300 bound.
2026-08-11 18:54:36 | sleep.weights.plasticity       | INFO  | Hard-clipped 7 w_cons parameters to delta_max=0.0300 bound.
2026-08-11 18:54:37 | sleep.weights.plasticity       | INFO  | Hard-clipped 7 w_cons parameters to delta_max=0.0300 bound.
2026-08-11 18:54:37 | sleep.weights.plasticity       | INFO  | Hard-clipped 7 w_cons parameters to delta_max=0.0300 bound.
2026-08-11 18:54:38 | sleep.weights.plasticity       | INFO  | Hard-clipped 8 w_cons parameters to delta_max=0.0300 bound.
2026-08-11 18:54:38 | sleep.weights.plasticity       | INFO  | Hard-clipped 8 w_cons parameters to delta_max=0.0300 bound.
2026-08-11 18:54:39 | sleep.weights.plasticity       | INFO  | Hard-clipped 9 w_cons parameters to delta_max=0.0300 bound.
2026-08-11 18:54:39 | sleep.weights.plasticity       | INFO  | Hard-clipped 9 w_cons parameters to delta_max=0.0300 bound.
2026-08-11 18:54:40 | sleep.weights.plasticity       | INFO  | Hard-clipped 9 w_cons parameters to delta_max=0.0300 bound.
2026-08-11 18:54:40 | sleep.weights.plasticity       | INFO  | Hard-clipped 9 w_cons parameters to delta_max=0.0300 bound.
2026-08-11 18:54:41 | sleep.weights.plasticity       | INFO  | Hard-clipped 9 w_cons parameters to delta_max=0.0300 bound.
2026-08-11 18:54:41 | sleep.weights.plasticity       | INFO  | Hard-clipped 10 w_cons parameters to delta_max=0.0300 bound.
2026-08-11 18:54:42 | sleep.weights.plasticity       | INFO  | Hard-clipped 10 w_cons parameters to delta_max=0.0300 bound.
2026-08-11 18:54:42 | sleep.weights.plasticity       | INFO  | Hard-clipped 10 w_cons parameters to delta_max=0.0300 bound.
2026-08-11 18:54:43 | sleep.weights.plasticity       | INFO  | Hard-clipped 10 w_cons parameters to delta_max=0.0300 bound.
2026-08-11 18:54:43 | sleep.weights.plasticity       | INFO  | Hard-clipped 10 w_cons parameters to delta_max=0.0300 bound.
2026-08-11 18:54:44 | sleep.weights.plasticity       | INFO  | Hard-clipped 10 w_cons parameters to delta_max=0.0300 bound.
2026-08-11 18:54:44 | sleep.weights.plasticity       | INFO  | Hard-clipped 10 w_cons parameters to delta_max=0.0300 bound.
2026-08-11 18:54:45 | sleep.weights.plasticity       | INFO  | Hard-clipped 10 w_cons parameters to delta_max=0.0300 bound.
2026-08-11 18:54:45 | sleep.weights.plasticity       | INFO  | Hard-clipped 10 w_cons parameters to delta_max=0.0300 bound.
2026-08-11 18:54:46 | sleep.weights.plasticity       | INFO  | Hard-clipped 10 w_cons parameters to delta_max=0.0300 bound.
2026-08-11 18:54:46 | sleep.weights.plasticity       | INFO  | Hard-clipped 10 w_cons parameters to delta_max=0.0300 bound.
2026-08-11 18:54:47 | sleep.weights.plasticity       | INFO  | Hard-clipped 11 w_cons parameters to delta_max=0.0300 bound.
2026-08-11 18:54:47 | sleep.weights.plasticity       | INFO  | Hard-clipped 11 w_cons parameters to delta_max=0.0300 bound.
2026-08-11 18:54:48 | sleep.weights.plasticity       | INFO  | Hard-clipped 11 w_cons parameters to delta_max=0.0300 bound.
2026-08-11 18:54:48 | sleep.weights.plasticity       | INFO  | Hard-clipped 11 w_cons parameters to delta_max=0.0300 bound.
2026-08-11 18:54:49 | sleep.weights.plasticity       | INFO  | Hard-clipped 11 w_cons parameters to delta_max=0.0300 bound.
2026-08-11 18:54:50 | sleep.weights.plasticity       | INFO  | Hard-clipped 12 w_cons parameters to delta_max=0.0300 bound.
2026-08-11 18:54:50 | sleep.weights.plasticity       | INFO  | Hard-clipped 12 w_cons parameters to delta_max=0.0300 bound.
2026-08-11 18:54:51 | sleep.weights.plasticity       | INFO  | Hard-clipped 12 w_cons parameters to delta_max=0.0300 bound.
2026-08-11 18:54:51 | sleep.weights.plasticity       | INFO  | Hard-clipped 12 w_cons parameters to delta_max=0.0300 bound.
2026-08-11 18:54:52 | sleep.weights.plasticity       | INFO  | Hard-clipped 12 w_cons parameters to delta_max=0.0300 bound.
2026-08-11 18:54:52 | sleep.weights.plasticity       | INFO  | Hard-clipped 11 w_cons parameters to delta_max=0.0300 bound.
2026-08-11 18:54:53 | sleep.weights.plasticity       | INFO  | Hard-clipped 11 w_cons parameters to delta_max=0.0300 bound.
2026-08-11 18:54:53 | sleep.weights.plasticity       | INFO  | Hard-clipped 11 w_cons parameters to delta_max=0.0300 bound.
2026-08-11 18:54:54 | sleep.weights.plasticity       | INFO  | Hard-clipped 11 w_cons parameters to delta_max=0.0300 bound.
2026-08-11 18:54:54 | sleep.weights.plasticity       | INFO  | Hard-clipped 13 w_cons parameters to delta_max=0.0300 bound.
2026-08-11 18:54:55 | sleep.weights.plasticity       | INFO  | Hard-clipped 13 w_cons parameters to delta_max=0.0300 bound.
2026-08-11 18:54:55 | sleep.weights.plasticity       | INFO  | Hard-clipped 13 w_cons parameters to delta_max=0.0300 bound.
2026-08-11 18:54:56 | sleep.weights.plasticity       | INFO  | Hard-clipped 13 w_cons parameters to delta_max=0.0300 bound.
2026-08-11 18:54:56 | sleep.weights.plasticity       | INFO  | Hard-clipped 14 w_cons parameters to delta_max=0.0300 bound.
2026-08-11 18:54:57 | sleep.weights.plasticity       | INFO  | Hard-clipped 14 w_cons parameters to delta_max=0.0300 bound.
2026-08-11 18:54:57 | sleep.weights.plasticity       | INFO  | Hard-clipped 14 w_cons parameters to delta_max=0.0300 bound.
2026-08-11 18:54:58 | sleep.weights.plasticity       | INFO  | Hard-clipped 15 w_cons parameters to delta_max=0.0300 bound.
2026-08-11 18:54:58 | sleep.weights.plasticity       | INFO  | Hard-clipped 15 w_cons parameters to delta_max=0.0300 bound.
2026-08-11 18:54:59 | sleep.weights.plasticity       | INFO  | Hard-clipped 15 w_cons parameters to delta_max=0.0300 bound.
2026-08-11 18:54:59 | sleep.weights.plasticity       | INFO  | Hard-clipped 15 w_cons parameters to delta_max=0.0300 bound.
2026-08-11 18:55:00 | sleep.weights.plasticity       | INFO  | Hard-clipped 15 w_cons parameters to delta_max=0.0300 bound.
2026-08-11 18:55:00 | sleep.weights.plasticity       | INFO  | Hard-clipped 15 w_cons parameters to delta_max=0.0300 bound.
2026-08-11 18:55:01 | sleep.weights.plasticity       | INFO  | Hard-clipped 15 w_cons parameters to delta_max=0.0300 bound.
2026-08-11 18:55:01 | sleep.weights.plasticity       | INFO  | Hard-clipped 15 w_cons parameters to delta_max=0.0300 bound.
2026-08-11 18:55:02 | sleep.weights.plasticity       | INFO  | Hard-clipped 15 w_cons parameters to delta_max=0.0300 bound.
2026-08-11 18:55:02 | sleep.weights.plasticity       | INFO  | Hard-clipped 16 w_cons parameters to delta_max=0.0300 bound.
2026-08-11 18:55:03 | sleep.weights.plasticity       | INFO  | Hard-clipped 17 w_cons parameters to delta_max=0.0300 bound.
2026-08-11 18:55:03 | sleep.weights.plasticity       | INFO  | Hard-clipped 17 w_cons parameters to delta_max=0.0300 bound.
2026-08-11 18:55:04 | sleep.weights.plasticity       | INFO  | Hard-clipped 17 w_cons parameters to delta_max=0.0300 bound.
2026-08-11 18:55:04 | sleep.weights.plasticity       | INFO  | Hard-clipped 17 w_cons parameters to delta_max=0.0300 bound.
2026-08-11 18:55:05 | sleep.weights.plasticity       | INFO  | Hard-clipped 17 w_cons parameters to delta_max=0.0300 bound.
2026-08-11 18:55:05 | sleep.weights.plasticity       | INFO  | Hard-clipped 17 w_cons parameters to delta_max=0.0300 bound.
2026-08-11 18:55:06 | sleep.weights.plasticity       | INFO  | Hard-clipped 17 w_cons parameters to delta_max=0.0300 bound.
2026-08-11 18:55:06 | sleep.weights.plasticity       | INFO  | Hard-clipped 18 w_cons parameters to delta_max=0.0300 bound.
2026-08-11 18:55:07 | sleep.weights.plasticity       | INFO  | Hard-clipped 18 w_cons parameters to delta_max=0.0300 bound.
2026-08-11 18:55:07 | sleep.weights.plasticity       | INFO  | Hard-clipped 18 w_cons parameters to delta_max=0.0300 bound.
2026-08-11 18:55:08 | sleep.weights.plasticity       | INFO  | Hard-clipped 18 w_cons parameters to delta_max=0.0300 bound.
2026-08-11 18:55:08 | sleep.weights.plasticity       | INFO  | Hard-clipped 18 w_cons parameters to delta_max=0.0300 bound.
2026-08-11 18:55:09 | sleep.weights.plasticity       | INFO  | Hard-clipped 18 w_cons parameters to delta_max=0.0300 bound.
2026-08-11 18:55:09 | sleep.weights.plasticity       | INFO  | Hard-clipped 18 w_cons parameters to delta_max=0.0300 bound.
2026-08-11 18:55:09 | sleep.sleep_engine.train       | INFO  |   step 150/1500 | loss=0.8466 | mean_loss=2.4376 | eta=9 | lr=1.00e-04
2026-08-11 18:55:10 | sleep.weights.plasticity       | INFO  | Hard-clipped 18 w_cons parameters to delta_max=0.0300 bound.
2026-08-11 18:55:10 | sleep.weights.plasticity       | INFO  | Hard-clipped 18 w_cons parameters to delta_max=0.0300 bound.
2026-08-11 18:55:11 | sleep.weights.plasticity       | INFO  | Hard-clipped 18 w_cons parameters to delta_max=0.0300 bound.
2026-08-11 18:55:11 | sleep.weights.plasticity       | INFO  | Hard-clipped 18 w_cons parameters to delta_max=0.0300 bound.
2026-08-11 18:55:12 | sleep.weights.plasticity       | INFO  | Hard-clipped 18 w_cons parameters to delta_max=0.0300 bound.
2026-08-11 18:55:12 | sleep.weights.plasticity       | INFO  | Hard-clipped 18 w_cons parameters to delta_max=0.0300 bound.
2026-08-11 18:55:13 | sleep.weights.plasticity       | INFO  | Hard-clipped 18 w_cons parameters to delta_max=0.0300 bound.
2026-08-11 18:55:13 | sleep.weights.plasticity       | INFO  | Hard-clipped 18 w_cons parameters to delta_max=0.0300 bound.
2026-08-11 18:55:14 | sleep.weights.plasticity       | INFO  | Hard-clipped 18 w_cons parameters to delta_max=0.0300 bound.
2026-08-11 18:55:14 | sleep.weights.plasticity       | INFO  | Hard-clipped 18 w_cons parameters to delta_max=0.0300 bound.
2026-08-11 18:55:15 | sleep.weights.plasticity       | INFO  | Hard-clipped 18 w_cons parameters to delta_max=0.0300 bound.
2026-08-11 18:55:16 | sleep.weights.plasticity       | INFO  | Hard-clipped 18 w_cons parameters to delta_max=0.0300 bound.
2026-08-11 18:55:16 | sleep.weights.plasticity       | INFO  | Hard-clipped 18 w_cons parameters to delta_max=0.0300 bound.
2026-08-11 18:55:17 | sleep.weights.plasticity       | INFO  | Hard-clipped 18 w_cons parameters to delta_max=0.0300 bound.
2026-08-11 18:55:17 | sleep.weights.plasticity       | INFO  | Hard-clipped 18 w_cons parameters to delta_max=0.0300 bound.
2026-08-11 18:55:18 | sleep.weights.plasticity       | INFO  | Hard-clipped 18 w_cons parameters to delta_max=0.0300 bound.
2026-08-11 18:55:18 | sleep.weights.plasticity       | INFO  | Hard-clipped 18 w_cons parameters to delta_max=0.0300 bound.
2026-08-11 18:55:19 | sleep.weights.plasticity       | INFO  | Hard-clipped 18 w_cons parameters to delta_max=0.0300 bound.
2026-08-11 18:55:19 | sleep.weights.plasticity       | INFO  | Hard-clipped 19 w_cons parameters to delta_max=0.0300 bound.
2026-08-11 18:55:20 | sleep.weights.plasticity       | INFO  | Hard-clipped 19 w_cons parameters to delta_max=0.0300 bound.
2026-08-11 18:55:20 | sleep.weights.plasticity       | INFO  | Hard-clipped 20 w_cons parameters to delta_max=0.0300 bound.
2026-08-11 18:55:21 | sleep.weights.plasticity       | INFO  | Hard-clipped 20 w_cons parameters to delta_max=0.0300 bound.
2026-08-11 18:55:21 | sleep.weights.plasticity       | INFO  | Hard-clipped 20 w_cons parameters to delta_max=0.0300 bound.
2026-08-11 18:55:22 | sleep.weights.plasticity       | INFO  | Hard-clipped 20 w_cons parameters to delta_max=0.0300 bound.
2026-08-11 18:55:22 | sleep.weights.plasticity       | INFO  | Hard-clipped 20 w_cons parameters to delta_max=0.0300 bound.
2026-08-11 18:55:23 | sleep.weights.plasticity       | INFO  | Hard-clipped 20 w_cons parameters to delta_max=0.0300 bound.
2026-08-11 18:55:23 | sleep.weights.plasticity       | INFO  | Hard-clipped 20 w_cons parameters to delta_max=0.0300 bound.
2026-08-11 18:55:24 | sleep.weights.plasticity       | INFO  | Hard-clipped 20 w_cons parameters to delta_max=0.0300 bound.
2026-08-11 18:55:24 | sleep.weights.plasticity       | INFO  | Hard-clipped 20 w_cons parameters to delta_max=0.0300 bound.
2026-08-11 18:55:25 | sleep.weights.plasticity       | INFO  | Hard-clipped 20 w_cons parameters to delta_max=0.0300 bound.
2026-08-11 18:55:25 | sleep.weights.plasticity       | INFO  | Hard-clipped 20 w_cons parameters to delta_max=0.0300 bound.
2026-08-11 18:55:26 | sleep.weights.plasticity       | INFO  | Hard-clipped 20 w_cons parameters to delta_max=0.0300 bound.
2026-08-11 18:55:26 | sleep.weights.plasticity       | INFO  | Hard-clipped 20 w_cons parameters to delta_max=0.0300 bound.
2026-08-11 18:55:27 | sleep.weights.plasticity       | INFO  | Hard-clipped 20 w_cons parameters to delta_max=0.0300 bound.
2026-08-11 18:55:27 | sleep.weights.plasticity       | INFO  | Hard-clipped 20 w_cons parameters to delta_max=0.0300 bound.
2026-08-11 18:55:28 | sleep.weights.plasticity       | INFO  | Hard-clipped 20 w_cons parameters to delta_max=0.0300 bound.
2026-08-11 18:55:28 | sleep.weights.plasticity       | INFO  | Hard-clipped 20 w_cons parameters to delta_max=0.0300 bound.
2026-08-11 18:55:29 | sleep.weights.plasticity       | INFO  | Hard-clipped 19 w_cons parameters to delta_max=0.0300 bound.
2026-08-11 18:55:29 | sleep.weights.plasticity       | INFO  | Hard-clipped 19 w_cons parameters to delta_max=0.0300 bound.
2026-08-11 18:55:30 | sleep.weights.plasticity       | INFO  | Hard-clipped 19 w_cons parameters to delta_max=0.0300 bound.
2026-08-11 18:55:30 | sleep.weights.plasticity       | INFO  | Hard-clipped 20 w_cons parameters to delta_max=0.0300 bound.
2026-08-11 18:55:31 | sleep.weights.plasticity       | INFO  | Hard-clipped 20 w_cons parameters to delta_max=0.0300 bound.
2026-08-11 18:55:31 | sleep.weights.plasticity       | INFO  | Hard-clipped 20 w_cons parameters to delta_max=0.0300 bound.
2026-08-11 18:55:32 | sleep.weights.plasticity       | INFO  | Hard-clipped 21 w_cons parameters to delta_max=0.0300 bound.
2026-08-11 18:55:32 | sleep.weights.plasticity       | INFO  | Hard-clipped 21 w_cons parameters to delta_max=0.0300 bound.
2026-08-11 18:55:33 | sleep.weights.plasticity       | INFO  | Hard-clipped 21 w_cons parameters to delta_max=0.0300 bound.
2026-08-11 18:55:33 | sleep.weights.plasticity       | INFO  | Hard-clipped 21 w_cons parameters to delta_max=0.0300 bound.
2026-08-11 18:55:34 | sleep.weights.plasticity       | INFO  | Hard-clipped 21 w_cons parameters to delta_max=0.0300 bound.
2026-08-11 18:55:34 | sleep.weights.plasticity       | INFO  | Hard-clipped 21 w_cons parameters to delta_max=0.0300 bound.
2026-08-11 18:55:35 | sleep.weights.plasticity       | INFO  | Hard-clipped 21 w_cons parameters to delta_max=0.0300 bound.
2026-08-11 18:55:35 | sleep.weights.plasticity       | INFO  | Hard-clipped 21 w_cons parameters to delta_max=0.0300 bound.
2026-08-11 18:55:36 | sleep.weights.plasticity       | INFO  | Hard-clipped 21 w_cons parameters to delta_max=0.0300 bound.
2026-08-11 18:55:36 | sleep.weights.plasticity       | INFO  | Hard-clipped 21 w_cons parameters to delta_max=0.0300 bound.
2026-08-11 18:55:37 | sleep.weights.plasticity       | INFO  | Hard-clipped 21 w_cons parameters to delta_max=0.0300 bound.
2026-08-11 18:55:37 | sleep.weights.plasticity       | INFO  | Hard-clipped 21 w_cons parameters to delta_max=0.0300 bound.
2026-08-11 18:55:38 | sleep.weights.plasticity       | INFO  | Hard-clipped 21 w_cons parameters to delta_max=0.0300 bound.
2026-08-11 18:55:38 | sleep.weights.plasticity       | INFO  | Hard-clipped 21 w_cons parameters to delta_max=0.0300 bound.
2026-08-11 18:55:39 | sleep.weights.plasticity       | INFO  | Hard-clipped 21 w_cons parameters to delta_max=0.0300 bound.
2026-08-11 18:55:39 | sleep.weights.plasticity       | INFO  | Hard-clipped 21 w_cons parameters to delta_max=0.0300 bound.
2026-08-11 18:55:40 | sleep.weights.plasticity       | INFO  | Hard-clipped 21 w_cons parameters to delta_max=0.0300 bound.
2026-08-11 18:55:40 | sleep.weights.plasticity       | INFO  | Hard-clipped 21 w_cons parameters to delta_max=0.0300 bound.
2026-08-11 18:55:41 | sleep.weights.plasticity       | INFO  | Hard-clipped 21 w_cons parameters to delta_max=0.0300 bound.
2026-08-11 18:55:41 | sleep.weights.plasticity       | INFO  | Hard-clipped 21 w_cons parameters to delta_max=0.0300 bound.
2026-08-11 18:55:42 | sleep.weights.plasticity       | INFO  | Hard-clipped 22 w_cons parameters to delta_max=0.0300 bound.
2026-08-11 18:55:42 | sleep.weights.plasticity       | INFO  | Hard-clipped 22 w_cons parameters to delta_max=0.0300 bound.
2026-08-11 18:55:43 | sleep.weights.plasticity       | INFO  | Hard-clipped 22 w_cons parameters to delta_max=0.0300 bound.
2026-08-11 18:55:43 | sleep.weights.plasticity       | INFO  | Hard-clipped 22 w_cons parameters to delta_max=0.0300 bound.
2026-08-11 18:55:44 | sleep.weights.plasticity       | INFO  | Hard-clipped 22 w_cons parameters to delta_max=0.0300 bound.
2026-08-11 18:55:44 | sleep.weights.plasticity       | INFO  | Hard-clipped 22 w_cons parameters to delta_max=0.0300 bound.
2026-08-11 18:55:45 | sleep.weights.plasticity       | INFO  | Hard-clipped 22 w_cons parameters to delta_max=0.0300 bound.
2026-08-11 18:55:45 | sleep.weights.plasticity       | INFO  | Hard-clipped 22 w_cons parameters to delta_max=0.0300 bound.
2026-08-11 18:55:46 | sleep.weights.plasticity       | INFO  | Hard-clipped 23 w_cons parameters to delta_max=0.0300 bound.
2026-08-11 18:55:46 | sleep.weights.plasticity       | INFO  | Hard-clipped 23 w_cons parameters to delta_max=0.0300 bound.
2026-08-11 18:55:47 | sleep.weights.plasticity       | INFO  | Hard-clipped 23 w_cons parameters to delta_max=0.0300 bound.
2026-08-11 18:55:47 | sleep.weights.plasticity       | INFO  | Hard-clipped 23 w_cons parameters to delta_max=0.0300 bound.
2026-08-11 18:55:48 | sleep.weights.plasticity       | INFO  | Hard-clipped 23 w_cons parameters to delta_max=0.0300 bound.
2026-08-11 18:55:48 | sleep.weights.plasticity       | INFO  | Hard-clipped 23 w_cons parameters to delta_max=0.0300 bound.
2026-08-11 18:55:49 | sleep.weights.plasticity       | INFO  | Hard-clipped 23 w_cons parameters to delta_max=0.0300 bound.
2026-08-11 18:55:49 | sleep.weights.plasticity       | INFO  | Hard-clipped 23 w_cons parameters to delta_max=0.0300 bound.
2026-08-11 18:55:50 | sleep.weights.plasticity       | INFO  | Hard-clipped 23 w_cons parameters to delta_max=0.0300 bound.
2026-08-11 18:55:50 | sleep.weights.plasticity       | INFO  | Hard-clipped 23 w_cons parameters to delta_max=0.0300 bound.
2026-08-11 18:55:51 | sleep.weights.plasticity       | INFO  | Hard-clipped 23 w_cons parameters to delta_max=0.0300 bound.
2026-08-11 18:55:51 | sleep.weights.plasticity       | INFO  | Hard-clipped 24 w_cons parameters to delta_max=0.0300 bound.
2026-08-11 18:55:52 | sleep.weights.plasticity       | INFO  | Hard-clipped 24 w_cons parameters to delta_max=0.0300 bound.
2026-08-11 18:55:52 | sleep.weights.plasticity       | INFO  | Hard-clipped 24 w_cons parameters to delta_max=0.0300 bound.
2026-08-11 18:55:53 | sleep.weights.plasticity       | INFO  | Hard-clipped 24 w_cons parameters to delta_max=0.0300 bound.
2026-08-11 18:55:53 | sleep.weights.plasticity       | INFO  | Hard-clipped 24 w_cons parameters to delta_max=0.0300 bound.
2026-08-11 18:55:54 | sleep.weights.plasticity       | INFO  | Hard-clipped 25 w_cons parameters to delta_max=0.0300 bound.
2026-08-11 18:55:54 | sleep.weights.plasticity       | INFO  | Hard-clipped 25 w_cons parameters to delta_max=0.0300 bound.
2026-08-11 18:55:55 | sleep.weights.plasticity       | INFO  | Hard-clipped 25 w_cons parameters to delta_max=0.0300 bound.
2026-08-11 18:55:55 | sleep.weights.plasticity       | INFO  | Hard-clipped 25 w_cons parameters to delta_max=0.0300 bound.
2026-08-11 18:55:56 | sleep.weights.plasticity       | INFO  | Hard-clipped 25 w_cons parameters to delta_max=0.0300 bound.
2026-08-11 18:55:56 | sleep.weights.plasticity       | INFO  | Hard-clipped 25 w_cons parameters to delta_max=0.0300 bound.
2026-08-11 18:55:57 | sleep.weights.plasticity       | INFO  | Hard-clipped 25 w_cons parameters to delta_max=0.0300 bound.
2026-08-11 18:55:57 | sleep.weights.plasticity       | INFO  | Hard-clipped 25 w_cons parameters to delta_max=0.0300 bound.
2026-08-11 18:55:58 | sleep.weights.plasticity       | INFO  | Hard-clipped 25 w_cons parameters to delta_max=0.0300 bound.
2026-08-11 18:55:59 | sleep.weights.plasticity       | INFO  | Hard-clipped 26 w_cons parameters to delta_max=0.0300 bound.
2026-08-11 18:55:59 | sleep.weights.plasticity       | INFO  | Hard-clipped 26 w_cons parameters to delta_max=0.0300 bound.
2026-08-11 18:56:00 | sleep.weights.plasticity       | INFO  | Hard-clipped 26 w_cons parameters to delta_max=0.0300 bound.
2026-08-11 18:56:00 | sleep.weights.plasticity       | INFO  | Hard-clipped 26 w_cons parameters to delta_max=0.0300 bound.
2026-08-11 18:56:01 | sleep.weights.plasticity       | INFO  | Hard-clipped 26 w_cons parameters to delta_max=0.0300 bound.
2026-08-11 18:56:01 | sleep.weights.plasticity       | INFO  | Hard-clipped 26 w_cons parameters to delta_max=0.0300 bound.
2026-08-11 18:56:02 | sleep.weights.plasticity       | INFO  | Hard-clipped 26 w_cons parameters to delta_max=0.0300 bound.
2026-08-11 18:56:02 | sleep.weights.plasticity       | INFO  | Hard-clipped 26 w_cons parameters to delta_max=0.0300 bound.
2026-08-11 18:56:03 | sleep.weights.plasticity       | INFO  | Hard-clipped 26 w_cons parameters to delta_max=0.0300 bound.
2026-08-11 18:56:03 | sleep.weights.plasticity       | INFO  | Hard-clipped 26 w_cons parameters to delta_max=0.0300 bound.
2026-08-11 18:56:04 | sleep.weights.plasticity       | INFO  | Hard-clipped 26 w_cons parameters to delta_max=0.0300 bound.
2026-08-11 18:56:04 | sleep.weights.plasticity       | INFO  | Hard-clipped 26 w_cons parameters to delta_max=0.0300 bound.
2026-08-11 18:56:05 | sleep.weights.plasticity       | INFO  | Hard-clipped 26 w_cons parameters to delta_max=0.0300 bound.
2026-08-11 18:56:05 | sleep.weights.plasticity       | INFO  | Hard-clipped 26 w_cons parameters to delta_max=0.0300 bound.
2026-08-11 18:56:06 | sleep.weights.plasticity       | INFO  | Hard-clipped 26 w_cons parameters to delta_max=0.0300 bound.
2026-08-11 18:56:06 | sleep.weights.plasticity       | INFO  | Hard-clipped 26 w_cons parameters to delta_max=0.0300 bound.
2026-08-11 18:56:07 | sleep.weights.plasticity       | INFO  | Hard-clipped 27 w_cons parameters to delta_max=0.0300 bound.
2026-08-11 18:56:07 | sleep.weights.plasticity       | INFO  | Hard-clipped 27 w_cons parameters to delta_max=0.0300 bound.
2026-08-11 18:56:08 | sleep.weights.plasticity       | INFO  | Hard-clipped 27 w_cons parameters to delta_max=0.0300 bound.
2026-08-11 18:56:08 | sleep.weights.plasticity       | INFO  | Hard-clipped 27 w_cons parameters to delta_max=0.0300 bound.
2026-08-11 18:56:09 | sleep.weights.plasticity       | INFO  | Hard-clipped 27 w_cons parameters to delta_max=0.0300 bound.
2026-08-11 18:56:09 | sleep.weights.plasticity       | INFO  | Hard-clipped 27 w_cons parameters to delta_max=0.0300 bound.
2026-08-11 18:56:09 | sleep.weights.plasticity       | INFO  | Hard-clipped 27 w_cons parameters to delta_max=0.0300 bound.
2026-08-11 18:56:10 | sleep.weights.plasticity       | INFO  | Hard-clipped 27 w_cons parameters to delta_max=0.0300 bound.
2026-08-11 18:56:11 | sleep.weights.plasticity       | INFO  | Hard-clipped 27 w_cons parameters to delta_max=0.0300 bound.
2026-08-11 18:56:11 | sleep.weights.plasticity       | INFO  | Hard-clipped 27 w_cons parameters to delta_max=0.0300 bound.
2026-08-11 18:56:11 | sleep.weights.plasticity       | INFO  | Hard-clipped 27 w_cons parameters to delta_max=0.0300 bound.
2026-08-11 18:56:12 | sleep.weights.plasticity       | INFO  | Hard-clipped 27 w_cons parameters to delta_max=0.0300 bound.
2026-08-11 18:56:12 | sleep.weights.plasticity       | INFO  | Hard-clipped 27 w_cons parameters to delta_max=0.0300 bound.
2026-08-11 18:56:13 | sleep.weights.plasticity       | INFO  | Hard-clipped 28 w_cons parameters to delta_max=0.0300 bound.
2026-08-11 18:56:13 | sleep.weights.plasticity       | INFO  | Hard-clipped 28 w_cons parameters to delta_max=0.0300 bound.
2026-08-11 18:56:14 | sleep.weights.plasticity       | INFO  | Hard-clipped 28 w_cons parameters to delta_max=0.0300 bound.
2026-08-11 18:56:14 | sleep.weights.plasticity       | INFO  | Hard-clipped 28 w_cons parameters to delta_max=0.0300 bound.
2026-08-11 18:56:15 | sleep.weights.plasticity       | INFO  | Hard-clipped 28 w_cons parameters to delta_max=0.0300 bound.
2026-08-11 18:56:16 | sleep.weights.plasticity       | INFO  | Hard-clipped 28 w_cons parameters to delta_max=0.0300 bound.
2026-08-11 18:56:16 | sleep.weights.plasticity       | INFO  | Hard-clipped 28 w_cons parameters to delta_max=0.0300 bound.
2026-08-11 18:56:17 | sleep.weights.plasticity       | INFO  | Hard-clipped 28 w_cons parameters to delta_max=0.0300 bound.
2026-08-11 18:56:17 | sleep.weights.plasticity       | INFO  | Hard-clipped 28 w_cons parameters to delta_max=0.0300 bound.
2026-08-11 18:56:18 | sleep.weights.plasticity       | INFO  | Hard-clipped 27 w_cons parameters to delta_max=0.0300 bound.
2026-08-11 18:56:18 | sleep.weights.plasticity       | INFO  | Hard-clipped 28 w_cons parameters to delta_max=0.0300 bound.
2026-08-11 18:56:19 | sleep.weights.plasticity       | INFO  | Hard-clipped 28 w_cons parameters to delta_max=0.0300 bound.
2026-08-11 18:56:19 | sleep.weights.plasticity       | INFO  | Hard-clipped 28 w_cons parameters to delta_max=0.0300 bound.
2026-08-11 18:56:20 | sleep.weights.plasticity       | INFO  | Hard-clipped 28 w_cons parameters to delta_max=0.0300 bound.
2026-08-11 18:56:20 | sleep.weights.plasticity       | INFO  | Hard-clipped 28 w_cons parameters to delta_max=0.0300 bound.
2026-08-11 18:56:21 | sleep.weights.plasticity       | INFO  | Hard-clipped 28 w_cons parameters to delta_max=0.0300 bound.
2026-08-11 18:56:21 | sleep.weights.plasticity       | INFO  | Hard-clipped 28 w_cons parameters to delta_max=0.0300 bound.
2026-08-11 18:56:22 | sleep.weights.plasticity       | INFO  | Hard-clipped 27 w_cons parameters to delta_max=0.0300 bound.
2026-08-11 18:56:22 | sleep.weights.plasticity       | INFO  | Hard-clipped 28 w_cons parameters to delta_max=0.0300 bound.
2026-08-11 18:56:23 | sleep.weights.plasticity       | INFO  | Hard-clipped 28 w_cons parameters to delta_max=0.0300 bound.
2026-08-11 18:56:23 | sleep.weights.plasticity       | INFO  | Hard-clipped 27 w_cons parameters to delta_max=0.0300 bound.
2026-08-11 18:56:24 | sleep.weights.plasticity       | INFO  | Hard-clipped 27 w_cons parameters to delta_max=0.0300 bound.
2026-08-11 18:56:24 | sleep.weights.plasticity       | INFO  | Hard-clipped 28 w_cons parameters to delta_max=0.0300 bound.
2026-08-11 18:56:25 | sleep.weights.plasticity       | INFO  | Hard-clipped 28 w_cons parameters to delta_max=0.0300 bound.
2026-08-11 18:56:25 | sleep.weights.plasticity       | INFO  | Hard-clipped 28 w_cons parameters to delta_max=0.0300 bound.
2026-08-11 18:56:25 | sleep.sleep_engine.train       | INFO  |   step 300/1500 | loss=0.4987 | mean_loss=1.5181 | eta=9 | lr=9.70e-05
2026-08-11 18:56:26 | sleep.weights.plasticity       | INFO  | Hard-clipped 28 w_cons parameters to delta_max=0.0300 bound.
2026-08-11 18:56:26 | sleep.weights.plasticity       | INFO  | Hard-clipped 28 w_cons parameters to delta_max=0.0300 bound.
2026-08-11 18:56:27 | sleep.weights.plasticity       | INFO  | Hard-clipped 28 w_cons parameters to delta_max=0.0300 bound.
2026-08-11 18:56:27 | sleep.weights.plasticity       | INFO  | Hard-clipped 28 w_cons parameters to delta_max=0.0300 bound.
2026-08-11 18:56:28 | sleep.weights.plasticity       | INFO  | Hard-clipped 28 w_cons parameters to delta_max=0.0300 bound.
2026-08-11 18:56:28 | sleep.weights.plasticity       | INFO  | Hard-clipped 28 w_cons parameters to delta_max=0.0300 bound.
2026-08-11 18:56:29 | sleep.weights.plasticity       | INFO  | Hard-clipped 27 w_cons parameters to delta_max=0.0300 bound.
2026-08-11 18:56:29 | sleep.weights.plasticity       | INFO  | Hard-clipped 28 w_cons parameters to delta_max=0.0300 bound.
2026-08-11 18:56:30 | sleep.weights.plasticity       | INFO  | Hard-clipped 28 w_cons parameters to delta_max=0.0300 bound.
2026-08-11 18:56:30 | sleep.weights.plasticity       | INFO  | Hard-clipped 28 w_cons parameters to delta_max=0.0300 bound.
2026-08-11 18:56:31 | sleep.weights.plasticity       | INFO  | Hard-clipped 28 w_cons parameters to delta_max=0.0300 bound.
2026-08-11 18:56:31 | sleep.weights.plasticity       | INFO  | Hard-clipped 28 w_cons parameters to delta_max=0.0300 bound.
2026-08-11 18:56:32 | sleep.weights.plasticity       | INFO  | Hard-clipped 28 w_cons parameters to delta_max=0.0300 bound.
2026-08-11 18:56:32 | sleep.weights.plasticity       | INFO  | Hard-clipped 28 w_cons parameters to delta_max=0.0300 bound.
2026-08-11 18:56:33 | sleep.weights.plasticity       | INFO  | Hard-clipped 28 w_cons parameters to delta_max=0.0300 bound.
2026-08-11 18:56:33 | sleep.weights.plasticity       | INFO  | Hard-clipped 28 w_cons parameters to delta_max=0.0300 bound.
2026-08-11 18:56:34 | sleep.weights.plasticity       | INFO  | Hard-clipped 28 w_cons parameters to delta_max=0.0300 bound.
2026-08-11 18:56:34 | sleep.weights.plasticity       | INFO  | Hard-clipped 28 w_cons parameters to delta_max=0.0300 bound.
2026-08-11 18:56:35 | sleep.weights.plasticity       | INFO  | Hard-clipped 28 w_cons parameters to delta_max=0.0300 bound.
2026-08-11 18:56:35 | sleep.weights.plasticity       | INFO  | Hard-clipped 28 w_cons parameters to delta_max=0.0300 bound.
2026-08-11 18:56:36 | sleep.weights.plasticity       | INFO  | Hard-clipped 28 w_cons parameters to delta_max=0.0300 bound.
2026-08-11 18:56:36 | sleep.weights.plasticity       | INFO  | Hard-clipped 28 w_cons parameters to delta_max=0.0300 bound.
2026-08-11 18:56:37 | sleep.weights.plasticity       | INFO  | Hard-clipped 28 w_cons parameters to delta_max=0.0300 bound.
2026-08-11 18:56:37 | sleep.weights.plasticity       | INFO  | Hard-clipped 28 w_cons parameters to delta_max=0.0300 bound.
2026-08-11 18:56:38 | sleep.weights.plasticity       | INFO  | Hard-clipped 27 w_cons parameters to delta_max=0.0300 bound.
2026-08-11 18:56:38 | sleep.weights.plasticity       | INFO  | Hard-clipped 27 w_cons parameters to delta_max=0.0300 bound.
2026-08-11 18:56:39 | sleep.weights.plasticity       | INFO  | Hard-clipped 28 w_cons parameters to delta_max=0.0300 bound.
2026-08-11 18:56:39 | sleep.weights.plasticity       | INFO  | Hard-clipped 28 w_cons parameters to delta_max=0.0300 bound.
2026-08-11 18:56:40 | sleep.weights.plasticity       | INFO  | Hard-clipped 28 w_cons parameters to delta_max=0.0300 bound.
2026-08-11 18:56:40 | sleep.weights.plasticity       | INFO  | Hard-clipped 28 w_cons parameters to delta_max=0.0300 bound.
2026-08-11 18:56:41 | sleep.weights.plasticity       | INFO  | Hard-clipped 28 w_cons parameters to delta_max=0.0300 bound.
2026-08-11 18:56:41 | sleep.weights.plasticity       | INFO  | Hard-clipped 28 w_cons parameters to delta_max=0.0300 bound.
2026-08-11 18:56:42 | sleep.weights.plasticity       | INFO  | Hard-clipped 28 w_cons parameters to delta_max=0.0300 bound.
2026-08-11 18:56:42 | sleep.weights.plasticity       | INFO  | Hard-clipped 28 w_cons parameters to delta_max=0.0300 bound.
2026-08-11 18:56:43 | sleep.weights.plasticity       | INFO  | Hard-clipped 28 w_cons parameters to delta_max=0.0300 bound.
2026-08-11 18:56:43 | sleep.weights.plasticity       | INFO  | Hard-clipped 28 w_cons parameters to delta_max=0.0300 bound.
2026-08-11 18:56:44 | sleep.weights.plasticity       | INFO  | Hard-clipped 28 w_cons parameters to delta_max=0.0300 bound.
2026-08-11 18:56:44 | sleep.weights.plasticity       | INFO  | Hard-clipped 28 w_cons parameters to delta_max=0.0300 bound.
2026-08-11 18:56:45 | sleep.weights.plasticity       | INFO  | Hard-clipped 28 w_cons parameters to delta_max=0.0300 bound.
2026-08-11 18:56:45 | sleep.weights.plasticity       | INFO  | Hard-clipped 29 w_cons parameters to delta_max=0.0300 bound.
2026-08-11 18:56:46 | sleep.weights.plasticity       | INFO  | Hard-clipped 29 w_cons parameters to delta_max=0.0300 bound.
2026-08-11 18:56:47 | sleep.weights.plasticity       | INFO  | Hard-clipped 29 w_cons parameters to delta_max=0.0300 bound.
2026-08-11 18:56:47 | sleep.weights.plasticity       | INFO  | Hard-clipped 29 w_cons parameters to delta_max=0.0300 bound.
2026-08-11 18:56:48 | sleep.weights.plasticity       | INFO  | Hard-clipped 29 w_cons parameters to delta_max=0.0300 bound.
2026-08-11 18:56:48 | sleep.weights.plasticity       | INFO  | Hard-clipped 28 w_cons parameters to delta_max=0.0300 bound.
2026-08-11 18:56:49 | sleep.weights.plasticity       | INFO  | Hard-clipped 30 w_cons parameters to delta_max=0.0300 bound.
2026-08-11 18:56:49 | sleep.weights.plasticity       | INFO  | Hard-clipped 30 w_cons parameters to delta_max=0.0300 bound.
2026-08-11 18:56:50 | sleep.weights.plasticity       | INFO  | Hard-clipped 30 w_cons parameters to delta_max=0.0300 bound.
2026-08-11 18:56:50 | sleep.weights.plasticity       | INFO  | Hard-clipped 30 w_cons parameters to delta_max=0.0300 bound.
2026-08-11 18:56:51 | sleep.weights.plasticity       | INFO  | Hard-clipped 29 w_cons parameters to delta_max=0.0300 bound.
2026-08-11 18:56:51 | sleep.weights.plasticity       | INFO  | Hard-clipped 28 w_cons parameters to delta_max=0.0300 bound.
2026-08-11 18:56:52 | sleep.weights.plasticity       | INFO  | Hard-clipped 29 w_cons parameters to delta_max=0.0300 bound.
2026-08-11 18:56:52 | sleep.weights.plasticity       | INFO  | Hard-clipped 30 w_cons parameters to delta_max=0.0300 bound.
2026-08-11 18:56:53 | sleep.weights.plasticity       | INFO  | Hard-clipped 30 w_cons parameters to delta_max=0.0300 bound.
2026-08-11 18:56:53 | sleep.weights.plasticity       | INFO  | Hard-clipped 29 w_cons parameters to delta_max=0.0300 bound.
2026-08-11 18:56:54 | sleep.weights.plasticity       | INFO  | Hard-clipped 30 w_cons parameters to delta_max=0.0300 bound.
2026-08-11 18:56:54 | sleep.weights.plasticity       | INFO  | Hard-clipped 30 w_cons parameters to delta_max=0.0300 bound.
2026-08-11 18:56:55 | sleep.weights.plasticity       | INFO  | Hard-clipped 30 w_cons parameters to delta_max=0.0300 bound.
2026-08-11 18:56:55 | sleep.weights.plasticity       | INFO  | Hard-clipped 30 w_cons parameters to delta_max=0.0300 bound.
2026-08-11 18:56:56 | sleep.weights.plasticity       | INFO  | Hard-clipped 30 w_cons parameters to delta_max=0.0300 bound.
2026-08-11 18:56:56 | sleep.weights.plasticity       | INFO  | Hard-clipped 30 w_cons parameters to delta_max=0.0300 bound.
2026-08-11 18:56:57 | sleep.weights.plasticity       | INFO  | Hard-clipped 30 w_cons parameters to delta_max=0.0300 bound.
2026-08-11 18:56:57 | sleep.weights.plasticity       | INFO  | Hard-clipped 30 w_cons parameters to delta_max=0.0300 bound.
2026-08-11 18:56:58 | sleep.weights.plasticity       | INFO  | Hard-clipped 30 w_cons parameters to delta_max=0.0300 bound.
2026-08-11 18:56:58 | sleep.weights.plasticity       | INFO  | Hard-clipped 30 w_cons parameters to delta_max=0.0300 bound.
2026-08-11 18:56:59 | sleep.weights.plasticity       | INFO  | Hard-clipped 30 w_cons parameters to delta_max=0.0300 bound.
2026-08-11 18:56:59 | sleep.weights.plasticity       | INFO  | Hard-clipped 30 w_cons parameters to delta_max=0.0300 bound.
2026-08-11 18:57:00 | sleep.weights.plasticity       | INFO  | Hard-clipped 30 w_cons parameters to delta_max=0.0300 bound.
2026-08-11 18:57:00 | sleep.weights.plasticity       | INFO  | Hard-clipped 30 w_cons parameters to delta_max=0.0300 bound.
2026-08-11 18:57:01 | sleep.weights.plasticity       | INFO  | Hard-clipped 29 w_cons parameters to delta_max=0.0300 bound.
2026-08-11 18:57:01 | sleep.weights.plasticity       | INFO  | Hard-clipped 30 w_cons parameters to delta_max=0.0300 bound.
2026-08-11 18:57:02 | sleep.weights.plasticity       | INFO  | Hard-clipped 29 w_cons parameters to delta_max=0.0300 bound.
2026-08-11 18:57:02 | sleep.weights.plasticity       | INFO  | Hard-clipped 29 w_cons parameters to delta_max=0.0300 bound.
2026-08-11 18:57:03 | sleep.weights.plasticity       | INFO  | Hard-clipped 29 w_cons parameters to delta_max=0.0300 bound.
2026-08-11 18:57:03 | sleep.weights.plasticity       | INFO  | Hard-clipped 31 w_cons parameters to delta_max=0.0300 bound.
2026-08-11 18:57:04 | sleep.weights.plasticity       | INFO  | Hard-clipped 31 w_cons parameters to delta_max=0.0300 bound.
2026-08-11 18:57:04 | sleep.weights.plasticity       | INFO  | Hard-clipped 31 w_cons parameters to delta_max=0.0300 bound.
2026-08-11 18:57:05 | sleep.weights.plasticity       | INFO  | Hard-clipped 31 w_cons parameters to delta_max=0.0300 bound.
2026-08-11 18:57:05 | sleep.weights.plasticity       | INFO  | Hard-clipped 31 w_cons parameters to delta_max=0.0300 bound.
2026-08-11 18:57:06 | sleep.weights.plasticity       | INFO  | Hard-clipped 31 w_cons parameters to delta_max=0.0300 bound.
2026-08-11 18:57:07 | sleep.weights.plasticity       | INFO  | Hard-clipped 31 w_cons parameters to delta_max=0.0300 bound.
2026-08-11 18:57:07 | sleep.weights.plasticity       | INFO  | Hard-clipped 31 w_cons parameters to delta_max=0.0300 bound.
2026-08-11 18:57:08 | sleep.weights.plasticity       | INFO  | Hard-clipped 30 w_cons parameters to delta_max=0.0300 bound.
2026-08-11 18:57:08 | sleep.weights.plasticity       | INFO  | Hard-clipped 30 w_cons parameters to delta_max=0.0300 bound.
2026-08-11 18:57:09 | sleep.weights.plasticity       | INFO  | Hard-clipped 30 w_cons parameters to delta_max=0.0300 bound.
2026-08-11 18:57:09 | sleep.weights.plasticity       | INFO  | Hard-clipped 29 w_cons parameters to delta_max=0.0300 bound.
2026-08-11 18:57:10 | sleep.weights.plasticity       | INFO  | Hard-clipped 30 w_cons parameters to delta_max=0.0300 bound.
2026-08-11 18:57:10 | sleep.weights.plasticity       | INFO  | Hard-clipped 31 w_cons parameters to delta_max=0.0300 bound.
2026-08-11 18:57:11 | sleep.weights.plasticity       | INFO  | Hard-clipped 31 w_cons parameters to delta_max=0.0300 bound.
2026-08-11 18:57:11 | sleep.weights.plasticity       | INFO  | Hard-clipped 32 w_cons parameters to delta_max=0.0300 bound.
2026-08-11 18:57:12 | sleep.weights.plasticity       | INFO  | Hard-clipped 32 w_cons parameters to delta_max=0.0300 bound.
2026-08-11 18:57:12 | sleep.weights.plasticity       | INFO  | Hard-clipped 31 w_cons parameters to delta_max=0.0300 bound.
2026-08-11 18:57:13 | sleep.weights.plasticity       | INFO  | Hard-clipped 32 w_cons parameters to delta_max=0.0300 bound.
2026-08-11 18:57:13 | sleep.weights.plasticity       | INFO  | Hard-clipped 32 w_cons parameters to delta_max=0.0300 bound.
2026-08-11 18:57:14 | sleep.weights.plasticity       | INFO  | Hard-clipped 32 w_cons parameters to delta_max=0.0300 bound.
2026-08-11 18:57:14 | sleep.weights.plasticity       | INFO  | Hard-clipped 32 w_cons parameters to delta_max=0.0300 bound.
2026-08-11 18:57:15 | sleep.weights.plasticity       | INFO  | Hard-clipped 32 w_cons parameters to delta_max=0.0300 bound.
2026-08-11 18:57:15 | sleep.weights.plasticity       | INFO  | Hard-clipped 32 w_cons parameters to delta_max=0.0300 bound.
2026-08-11 18:57:16 | sleep.weights.plasticity       | INFO  | Hard-clipped 32 w_cons parameters to delta_max=0.0300 bound.
2026-08-11 18:57:16 | sleep.weights.plasticity       | INFO  | Hard-clipped 32 w_cons parameters to delta_max=0.0300 bound.
2026-08-11 18:57:17 | sleep.weights.plasticity       | INFO  | Hard-clipped 31 w_cons parameters to delta_max=0.0300 bound.
2026-08-11 18:57:17 | sleep.weights.plasticity       | INFO  | Hard-clipped 29 w_cons parameters to delta_max=0.0300 bound.
2026-08-11 18:57:18 | sleep.weights.plasticity       | INFO  | Hard-clipped 32 w_cons parameters to delta_max=0.0300 bound.
2026-08-11 18:57:18 | sleep.weights.plasticity       | INFO  | Hard-clipped 32 w_cons parameters to delta_max=0.0300 bound.
2026-08-11 18:57:19 | sleep.weights.plasticity       | INFO  | Hard-clipped 32 w_cons parameters to delta_max=0.0300 bound.
2026-08-11 18:57:19 | sleep.weights.plasticity       | INFO  | Hard-clipped 32 w_cons parameters to delta_max=0.0300 bound.
2026-08-11 18:57:20 | sleep.weights.plasticity       | INFO  | Hard-clipped 32 w_cons parameters to delta_max=0.0300 bound.
2026-08-11 18:57:20 | sleep.weights.plasticity       | INFO  | Hard-clipped 31 w_cons parameters to delta_max=0.0300 bound.
2026-08-11 18:57:21 | sleep.weights.plasticity       | INFO  | Hard-clipped 31 w_cons parameters to delta_max=0.0300 bound.
2026-08-11 18:57:21 | sleep.weights.plasticity       | INFO  | Hard-clipped 31 w_cons parameters to delta_max=0.0300 bound.
2026-08-11 18:57:22 | sleep.weights.plasticity       | INFO  | Hard-clipped 31 w_cons parameters to delta_max=0.0300 bound.
2026-08-11 18:57:22 | sleep.weights.plasticity       | INFO  | Hard-clipped 30 w_cons parameters to delta_max=0.0300 bound.
2026-08-11 18:57:23 | sleep.weights.plasticity       | INFO  | Hard-clipped 29 w_cons parameters to delta_max=0.0300 bound.
2026-08-11 18:57:23 | sleep.weights.plasticity       | INFO  | Hard-clipped 30 w_cons parameters to delta_max=0.0300 bound.
2026-08-11 18:57:24 | sleep.weights.plasticity       | INFO  | Hard-clipped 30 w_cons parameters to delta_max=0.0300 bound.
2026-08-11 18:57:24 | sleep.weights.plasticity       | INFO  | Hard-clipped 28 w_cons parameters to delta_max=0.0300 bound.
2026-08-11 18:57:25 | sleep.weights.plasticity       | INFO  | Hard-clipped 30 w_cons parameters to delta_max=0.0300 bound.
2026-08-11 18:57:25 | sleep.weights.plasticity       | INFO  | Hard-clipped 30 w_cons parameters to delta_max=0.0300 bound.
2026-08-11 18:57:26 | sleep.weights.plasticity       | INFO  | Hard-clipped 32 w_cons parameters to delta_max=0.0300 bound.
2026-08-11 18:57:26 | sleep.weights.plasticity       | INFO  | Hard-clipped 32 w_cons parameters to delta_max=0.0300 bound.
2026-08-11 18:57:27 | sleep.weights.plasticity       | INFO  | Hard-clipped 32 w_cons parameters to delta_max=0.0300 bound.
2026-08-11 18:57:27 | sleep.weights.plasticity       | INFO  | Hard-clipped 32 w_cons parameters to delta_max=0.0300 bound.
2026-08-11 18:57:28 | sleep.weights.plasticity       | INFO  | Hard-clipped 32 w_cons parameters to delta_max=0.0300 bound.
2026-08-11 18:57:28 | sleep.weights.plasticity       | INFO  | Hard-clipped 32 w_cons parameters to delta_max=0.0300 bound.
2026-08-11 18:57:29 | sleep.weights.plasticity       | INFO  | Hard-clipped 33 w_cons parameters to delta_max=0.0300 bound.
2026-08-11 18:57:30 | sleep.weights.plasticity       | INFO  | Hard-clipped 32 w_cons parameters to delta_max=0.0300 bound.
2026-08-11 18:57:30 | sleep.weights.plasticity       | INFO  | Hard-clipped 32 w_cons parameters to delta_max=0.0300 bound.
2026-08-11 18:57:31 | sleep.weights.plasticity       | INFO  | Hard-clipped 32 w_cons parameters to delta_max=0.0300 bound.
2026-08-11 18:57:31 | sleep.weights.plasticity       | INFO  | Hard-clipped 32 w_cons parameters to delta_max=0.0300 bound.
2026-08-11 18:57:32 | sleep.weights.plasticity       | INFO  | Hard-clipped 32 w_cons parameters to delta_max=0.0300 bound.
2026-08-11 18:57:32 | sleep.weights.plasticity       | INFO  | Hard-clipped 32 w_cons parameters to delta_max=0.0300 bound.
2026-08-11 18:57:33 | sleep.weights.plasticity       | INFO  | Hard-clipped 32 w_cons parameters to delta_max=0.0300 bound.
2026-08-11 18:57:33 | sleep.weights.plasticity       | INFO  | Hard-clipped 32 w_cons parameters to delta_max=0.0300 bound.
2026-08-11 18:57:34 | sleep.weights.plasticity       | INFO  | Hard-clipped 32 w_cons parameters to delta_max=0.0300 bound.
2026-08-11 18:57:34 | sleep.weights.plasticity       | INFO  | Hard-clipped 32 w_cons parameters to delta_max=0.0300 bound.
2026-08-11 18:57:35 | sleep.weights.plasticity       | INFO  | Hard-clipped 32 w_cons parameters to delta_max=0.0300 bound.
2026-08-11 18:57:35 | sleep.weights.plasticity       | INFO  | Hard-clipped 32 w_cons parameters to delta_max=0.0300 bound.
2026-08-11 18:57:36 | sleep.weights.plasticity       | INFO  | Hard-clipped 32 w_cons parameters to delta_max=0.0300 bound.
2026-08-11 18:57:36 | sleep.weights.plasticity       | INFO  | Hard-clipped 31 w_cons parameters to delta_max=0.0300 bound.
2026-08-11 18:57:37 | sleep.weights.plasticity       | INFO  | Hard-clipped 32 w_cons parameters to delta_max=0.0300 bound.
2026-08-11 18:57:37 | sleep.weights.plasticity       | INFO  | Hard-clipped 33 w_cons parameters to delta_max=0.0300 bound.
2026-08-11 18:57:38 | sleep.weights.plasticity       | INFO  | Hard-clipped 33 w_cons parameters to delta_max=0.0300 bound.
2026-08-11 18:57:38 | sleep.weights.plasticity       | INFO  | Hard-clipped 33 w_cons parameters to delta_max=0.0300 bound.
2026-08-11 18:57:39 | sleep.weights.plasticity       | INFO  | Hard-clipped 33 w_cons parameters to delta_max=0.0300 bound.
2026-08-11 18:57:39 | sleep.weights.plasticity       | INFO  | Hard-clipped 33 w_cons parameters to delta_max=0.0300 bound.
2026-08-11 18:57:40 | sleep.weights.plasticity       | INFO  | Hard-clipped 33 w_cons parameters to delta_max=0.0300 bound.
2026-08-11 18:57:40 | sleep.weights.plasticity       | INFO  | Hard-clipped 33 w_cons parameters to delta_max=0.0300 bound.
2026-08-11 18:57:41 | sleep.weights.plasticity       | INFO  | Hard-clipped 33 w_cons parameters to delta_max=0.0300 bound.
2026-08-11 18:57:41 | sleep.weights.plasticity       | INFO  | Hard-clipped 33 w_cons parameters to delta_max=0.0300 bound.
2026-08-11 18:57:42 | sleep.weights.plasticity       | INFO  | Hard-clipped 33 w_cons parameters to delta_max=0.0300 bound.
2026-08-11 18:57:42 | sleep.sleep_engine.train       | INFO  |   step 450/1500 | loss=0.4552 | mean_loss=1.1703 | eta=4 | lr=8.83e-05
2026-08-11 18:57:42 | sleep.weights.plasticity       | INFO  | Hard-clipped 33 w_cons parameters to delta_max=0.0300 bound.
2026-08-11 18:57:43 | sleep.weights.plasticity       | INFO  | Hard-clipped 33 w_cons parameters to delta_max=0.0300 bound.
2026-08-11 18:57:43 | sleep.weights.plasticity       | INFO  | Hard-clipped 33 w_cons parameters to delta_max=0.0300 bound.
2026-08-11 18:57:44 | sleep.weights.plasticity       | INFO  | Hard-clipped 33 w_cons parameters to delta_max=0.0300 bound.
2026-08-11 18:57:44 | sleep.weights.plasticity       | INFO  | Hard-clipped 33 w_cons parameters to delta_max=0.0300 bound.
2026-08-11 18:57:45 | sleep.weights.plasticity       | INFO  | Hard-clipped 33 w_cons parameters to delta_max=0.0300 bound.
2026-08-11 18:57:45 | sleep.weights.plasticity       | INFO  | Hard-clipped 33 w_cons parameters to delta_max=0.0300 bound.
2026-08-11 18:57:46 | sleep.weights.plasticity       | INFO  | Hard-clipped 33 w_cons parameters to delta_max=0.0300 bound.
2026-08-11 18:57:46 | sleep.weights.plasticity       | INFO  | Hard-clipped 32 w_cons parameters to delta_max=0.0300 bound.
2026-08-11 18:57:47 | sleep.weights.plasticity       | INFO  | Hard-clipped 32 w_cons parameters to delta_max=0.0300 bound.
2026-08-11 18:57:47 | sleep.weights.plasticity       | INFO  | Hard-clipped 30 w_cons parameters to delta_max=0.0300 bound.
2026-08-11 18:57:48 | sleep.weights.plasticity       | INFO  | Hard-clipped 30 w_cons parameters to delta_max=0.0300 bound.
2026-08-11 18:57:48 | sleep.weights.plasticity       | INFO  | Hard-clipped 30 w_cons parameters to delta_max=0.0300 bound.
2026-08-11 18:57:49 | sleep.weights.plasticity       | INFO  | Hard-clipped 31 w_cons parameters to delta_max=0.0300 bound.
2026-08-11 18:57:49 | sleep.weights.plasticity       | INFO  | Hard-clipped 32 w_cons parameters to delta_max=0.0300 bound.
2026-08-11 18:57:50 | sleep.weights.plasticity       | INFO  | Hard-clipped 33 w_cons parameters to delta_max=0.0300 bound.
2026-08-11 18:57:50 | sleep.weights.plasticity       | INFO  | Hard-clipped 34 w_cons parameters to delta_max=0.0300 bound.
2026-08-11 18:57:51 | sleep.weights.plasticity       | INFO  | Hard-clipped 33 w_cons parameters to delta_max=0.0300 bound.
2026-08-11 18:57:51 | sleep.weights.plasticity       | INFO  | Hard-clipped 33 w_cons parameters to delta_max=0.0300 bound.
2026-08-11 18:57:52 | sleep.weights.plasticity       | INFO  | Hard-clipped 34 w_cons parameters to delta_max=0.0300 bound.
2026-08-11 18:57:52 | sleep.weights.plasticity       | INFO  | Hard-clipped 34 w_cons parameters to delta_max=0.0300 bound.
2026-08-11 18:57:53 | sleep.weights.plasticity       | INFO  | Hard-clipped 34 w_cons parameters to delta_max=0.0300 bound.
2026-08-11 18:57:53 | sleep.weights.plasticity       | INFO  | Hard-clipped 34 w_cons parameters to delta_max=0.0300 bound.
2026-08-11 18:57:54 | sleep.weights.plasticity       | INFO  | Hard-clipped 34 w_cons parameters to delta_max=0.0300 bound.
2026-08-11 18:57:54 | sleep.weights.plasticity       | INFO  | Hard-clipped 33 w_cons parameters to delta_max=0.0300 bound.
2026-08-11 18:57:55 | sleep.weights.plasticity       | INFO  | Hard-clipped 33 w_cons parameters to delta_max=0.0300 bound.
2026-08-11 18:57:55 | sleep.weights.plasticity       | INFO  | Hard-clipped 33 w_cons parameters to delta_max=0.0300 bound.
2026-08-11 18:57:56 | sleep.weights.plasticity       | INFO  | Hard-clipped 32 w_cons parameters to delta_max=0.0300 bound.
2026-08-11 18:57:56 | sleep.weights.plasticity       | INFO  | Hard-clipped 33 w_cons parameters to delta_max=0.0300 bound.
2026-08-11 18:57:57 | sleep.weights.plasticity       | INFO  | Hard-clipped 34 w_cons parameters to delta_max=0.0300 bound.
2026-08-11 18:57:57 | sleep.weights.plasticity       | INFO  | Hard-clipped 34 w_cons parameters to delta_max=0.0300 bound.
2026-08-11 18:57:58 | sleep.weights.plasticity       | INFO  | Hard-clipped 34 w_cons parameters to delta_max=0.0300 bound.
2026-08-11 18:57:59 | sleep.weights.plasticity       | INFO  | Hard-clipped 34 w_cons parameters to delta_max=0.0300 bound.
2026-08-11 18:57:59 | sleep.weights.plasticity       | INFO  | Hard-clipped 34 w_cons parameters to delta_max=0.0300 bound.
2026-08-11 18:58:00 | sleep.weights.plasticity       | INFO  | Hard-clipped 34 w_cons parameters to delta_max=0.0300 bound.
2026-08-11 18:58:00 | sleep.weights.plasticity       | INFO  | Hard-clipped 34 w_cons parameters to delta_max=0.0300 bound.
2026-08-11 18:58:01 | sleep.weights.plasticity       | INFO  | Hard-clipped 35 w_cons parameters to delta_max=0.0300 bound.
2026-08-11 18:58:01 | sleep.weights.plasticity       | INFO  | Hard-clipped 32 w_cons parameters to delta_max=0.0300 bound.
2026-08-11 18:58:02 | sleep.weights.plasticity       | INFO  | Hard-clipped 33 w_cons parameters to delta_max=0.0300 bound.
2026-08-11 18:58:02 | sleep.weights.plasticity       | INFO  | Hard-clipped 32 w_cons parameters to delta_max=0.0300 bound.
2026-08-11 18:58:03 | sleep.weights.plasticity       | INFO  | Hard-clipped 33 w_cons parameters to delta_max=0.0300 bound.
2026-08-11 18:58:03 | sleep.weights.plasticity       | INFO  | Hard-clipped 33 w_cons parameters to delta_max=0.0300 bound.
2026-08-11 18:58:04 | sleep.weights.plasticity       | INFO  | Hard-clipped 33 w_cons parameters to delta_max=0.0300 bound.
2026-08-11 18:58:04 | sleep.weights.plasticity       | INFO  | Hard-clipped 33 w_cons parameters to delta_max=0.0300 bound.
2026-08-11 18:58:05 | sleep.weights.plasticity       | INFO  | Hard-clipped 34 w_cons parameters to delta_max=0.0300 bound.
2026-08-11 18:58:05 | sleep.weights.plasticity       | INFO  | Hard-clipped 34 w_cons parameters to delta_max=0.0300 bound.
2026-08-11 18:58:06 | sleep.weights.plasticity       | INFO  | Hard-clipped 34 w_cons parameters to delta_max=0.0300 bound.
2026-08-11 18:58:06 | sleep.weights.plasticity       | INFO  | Hard-clipped 35 w_cons parameters to delta_max=0.0300 bound.
2026-08-11 18:58:07 | sleep.weights.plasticity       | INFO  | Hard-clipped 35 w_cons parameters to delta_max=0.0300 bound.
2026-08-11 18:58:07 | sleep.weights.plasticity       | INFO  | Hard-clipped 33 w_cons parameters to delta_max=0.0300 bound.
2026-08-11 18:58:08 | sleep.weights.plasticity       | INFO  | Hard-clipped 31 w_cons parameters to delta_max=0.0300 bound.
2026-08-11 18:58:08 | sleep.weights.plasticity       | INFO  | Hard-clipped 31 w_cons parameters to delta_max=0.0300 bound.
2026-08-11 18:58:09 | sleep.weights.plasticity       | INFO  | Hard-clipped 31 w_cons parameters to delta_max=0.0300 bound.
2026-08-11 18:58:09 | sleep.weights.plasticity       | INFO  | Hard-clipped 31 w_cons parameters to delta_max=0.0300 bound.
2026-08-11 18:58:10 | sleep.weights.plasticity       | INFO  | Hard-clipped 31 w_cons parameters to delta_max=0.0300 bound.
2026-08-11 18:58:10 | sleep.weights.plasticity       | INFO  | Hard-clipped 32 w_cons parameters to delta_max=0.0300 bound.
2026-08-11 18:58:11 | sleep.weights.plasticity       | INFO  | Hard-clipped 32 w_cons parameters to delta_max=0.0300 bound.
2026-08-11 18:58:11 | sleep.weights.plasticity       | INFO  | Hard-clipped 34 w_cons parameters to delta_max=0.0300 bound.
2026-08-11 18:58:12 | sleep.weights.plasticity       | INFO  | Hard-clipped 35 w_cons parameters to delta_max=0.0300 bound.
2026-08-11 18:58:12 | sleep.weights.plasticity       | INFO  | Hard-clipped 35 w_cons parameters to delta_max=0.0300 bound.
2026-08-11 18:58:13 | sleep.weights.plasticity       | INFO  | Hard-clipped 35 w_cons parameters to delta_max=0.0300 bound.
2026-08-11 18:58:13 | sleep.weights.plasticity       | INFO  | Hard-clipped 35 w_cons parameters to delta_max=0.0300 bound.
2026-08-11 18:58:14 | sleep.weights.plasticity       | INFO  | Hard-clipped 35 w_cons parameters to delta_max=0.0300 bound.
2026-08-11 18:58:14 | sleep.weights.plasticity       | INFO  | Hard-clipped 35 w_cons parameters to delta_max=0.0300 bound.
2026-08-11 18:58:15 | sleep.weights.plasticity       | INFO  | Hard-clipped 35 w_cons parameters to delta_max=0.0300 bound.
2026-08-11 18:58:15 | sleep.weights.plasticity       | INFO  | Hard-clipped 35 w_cons parameters to delta_max=0.0300 bound.
2026-08-11 18:58:16 | sleep.weights.plasticity       | INFO  | Hard-clipped 35 w_cons parameters to delta_max=0.0300 bound.
2026-08-11 18:58:16 | sleep.weights.plasticity       | INFO  | Hard-clipped 35 w_cons parameters to delta_max=0.0300 bound.
2026-08-11 18:58:17 | sleep.weights.plasticity       | INFO  | Hard-clipped 35 w_cons parameters to delta_max=0.0300 bound.
2026-08-11 18:58:17 | sleep.weights.plasticity       | INFO  | Hard-clipped 35 w_cons parameters to delta_max=0.0300 bound.
2026-08-11 18:58:18 | sleep.weights.plasticity       | INFO  | Hard-clipped 34 w_cons parameters to delta_max=0.0300 bound.
2026-08-11 18:58:18 | sleep.weights.plasticity       | INFO  | Hard-clipped 35 w_cons parameters to delta_max=0.0300 bound.
2026-08-11 18:58:19 | sleep.weights.plasticity       | INFO  | Hard-clipped 35 w_cons parameters to delta_max=0.0300 bound.
2026-08-11 18:58:19 | sleep.weights.plasticity       | INFO  | Hard-clipped 35 w_cons parameters to delta_max=0.0300 bound.
2026-08-11 18:58:20 | sleep.weights.plasticity       | INFO  | Hard-clipped 35 w_cons parameters to delta_max=0.0300 bound.
2026-08-11 18:58:20 | sleep.weights.plasticity       | INFO  | Hard-clipped 35 w_cons parameters to delta_max=0.0300 bound.
2026-08-11 18:58:21 | sleep.weights.plasticity       | INFO  | Hard-clipped 35 w_cons parameters to delta_max=0.0300 bound.
2026-08-11 18:58:21 | sleep.weights.plasticity       | INFO  | Hard-clipped 35 w_cons parameters to delta_max=0.0300 bound.
2026-08-11 18:58:22 | sleep.weights.plasticity       | INFO  | Hard-clipped 35 w_cons parameters to delta_max=0.0300 bound.
2026-08-11 18:58:22 | sleep.weights.plasticity       | INFO  | Hard-clipped 35 w_cons parameters to delta_max=0.0300 bound.
2026-08-11 18:58:23 | sleep.weights.plasticity       | INFO  | Hard-clipped 35 w_cons parameters to delta_max=0.0300 bound.
2026-08-11 18:58:23 | sleep.weights.plasticity       | INFO  | Hard-clipped 35 w_cons parameters to delta_max=0.0300 bound.
2026-08-11 18:58:24 | sleep.weights.plasticity       | INFO  | Hard-clipped 35 w_cons parameters to delta_max=0.0300 bound.
2026-08-11 18:58:24 | sleep.weights.plasticity       | INFO  | Hard-clipped 35 w_cons parameters to delta_max=0.0300 bound.
2026-08-11 18:58:25 | sleep.weights.plasticity       | INFO  | Hard-clipped 35 w_cons parameters to delta_max=0.0300 bound.
2026-08-11 18:58:25 | sleep.weights.plasticity       | INFO  | Hard-clipped 35 w_cons parameters to delta_max=0.0300 bound.
2026-08-11 18:58:26 | sleep.weights.plasticity       | INFO  | Hard-clipped 35 w_cons parameters to delta_max=0.0300 bound.
2026-08-11 18:58:26 | sleep.weights.plasticity       | INFO  | Hard-clipped 35 w_cons parameters to delta_max=0.0300 bound.
2026-08-11 18:58:27 | sleep.weights.plasticity       | INFO  | Hard-clipped 35 w_cons parameters to delta_max=0.0300 bound.
2026-08-11 18:58:27 | sleep.weights.plasticity       | INFO  | Hard-clipped 35 w_cons parameters to delta_max=0.0300 bound.
2026-08-11 18:58:28 | sleep.weights.plasticity       | INFO  | Hard-clipped 35 w_cons parameters to delta_max=0.0300 bound.
2026-08-11 18:58:28 | sleep.weights.plasticity       | INFO  | Hard-clipped 36 w_cons parameters to delta_max=0.0300 bound.
2026-08-11 18:58:29 | sleep.weights.plasticity       | INFO  | Hard-clipped 36 w_cons parameters to delta_max=0.0300 bound.
2026-08-11 18:58:29 | sleep.weights.plasticity       | INFO  | Hard-clipped 36 w_cons parameters to delta_max=0.0300 bound.
2026-08-11 18:58:30 | sleep.weights.plasticity       | INFO  | Hard-clipped 36 w_cons parameters to delta_max=0.0300 bound.
2026-08-11 18:58:31 | sleep.weights.plasticity       | INFO  | Hard-clipped 36 w_cons parameters to delta_max=0.0300 bound.
2026-08-11 18:58:31 | sleep.weights.plasticity       | INFO  | Hard-clipped 36 w_cons parameters to delta_max=0.0300 bound.
2026-08-11 18:58:31 | sleep.weights.plasticity       | INFO  | Hard-clipped 36 w_cons parameters to delta_max=0.0300 bound.
2026-08-11 18:58:32 | sleep.weights.plasticity       | INFO  | Hard-clipped 36 w_cons parameters to delta_max=0.0300 bound.
2026-08-11 18:58:32 | sleep.weights.plasticity       | INFO  | Hard-clipped 36 w_cons parameters to delta_max=0.0300 bound.
2026-08-11 18:58:33 | sleep.weights.plasticity       | INFO  | Hard-clipped 36 w_cons parameters to delta_max=0.0300 bound.
2026-08-11 18:58:33 | sleep.weights.plasticity       | INFO  | Hard-clipped 36 w_cons parameters to delta_max=0.0300 bound.
2026-08-11 18:58:34 | sleep.weights.plasticity       | INFO  | Hard-clipped 36 w_cons parameters to delta_max=0.0300 bound.
2026-08-11 18:58:34 | sleep.weights.plasticity       | INFO  | Hard-clipped 35 w_cons parameters to delta_max=0.0300 bound.
2026-08-11 18:58:35 | sleep.weights.plasticity       | INFO  | Hard-clipped 35 w_cons parameters to delta_max=0.0300 bound.
2026-08-11 18:58:35 | sleep.weights.plasticity       | INFO  | Hard-clipped 35 w_cons parameters to delta_max=0.0300 bound.
2026-08-11 18:58:36 | sleep.weights.plasticity       | INFO  | Hard-clipped 35 w_cons parameters to delta_max=0.0300 bound.
2026-08-11 18:58:36 | sleep.weights.plasticity       | INFO  | Hard-clipped 30 w_cons parameters to delta_max=0.0300 bound.
2026-08-11 18:58:37 | sleep.weights.plasticity       | INFO  | Hard-clipped 29 w_cons parameters to delta_max=0.0300 bound.
2026-08-11 18:58:37 | sleep.weights.plasticity       | INFO  | Hard-clipped 27 w_cons parameters to delta_max=0.0300 bound.
2026-08-11 18:58:38 | sleep.weights.plasticity       | INFO  | Hard-clipped 26 w_cons parameters to delta_max=0.0300 bound.
2026-08-11 18:58:38 | sleep.weights.plasticity       | INFO  | Hard-clipped 26 w_cons parameters to delta_max=0.0300 bound.
2026-08-11 18:58:39 | sleep.weights.plasticity       | INFO  | Hard-clipped 28 w_cons parameters to delta_max=0.0300 bound.
2026-08-11 18:58:39 | sleep.weights.plasticity       | INFO  | Hard-clipped 27 w_cons parameters to delta_max=0.0300 bound.
2026-08-11 18:58:40 | sleep.weights.plasticity       | INFO  | Hard-clipped 28 w_cons parameters to delta_max=0.0300 bound.
2026-08-11 18:58:40 | sleep.weights.plasticity       | INFO  | Hard-clipped 28 w_cons parameters to delta_max=0.0300 bound.
2026-08-11 18:58:41 | sleep.weights.plasticity       | INFO  | Hard-clipped 28 w_cons parameters to delta_max=0.0300 bound.
2026-08-11 18:58:41 | sleep.weights.plasticity       | INFO  | Hard-clipped 30 w_cons parameters to delta_max=0.0300 bound.
2026-08-11 18:58:42 | sleep.weights.plasticity       | INFO  | Hard-clipped 31 w_cons parameters to delta_max=0.0300 bound.
2026-08-11 18:58:42 | sleep.weights.plasticity       | INFO  | Hard-clipped 30 w_cons parameters to delta_max=0.0300 bound.
2026-08-11 18:58:43 | sleep.weights.plasticity       | INFO  | Hard-clipped 33 w_cons parameters to delta_max=0.0300 bound.
2026-08-11 18:58:43 | sleep.weights.plasticity       | INFO  | Hard-clipped 34 w_cons parameters to delta_max=0.0300 bound.
2026-08-11 18:58:44 | sleep.weights.plasticity       | INFO  | Hard-clipped 35 w_cons parameters to delta_max=0.0300 bound.
2026-08-11 18:58:44 | sleep.weights.plasticity       | INFO  | Hard-clipped 35 w_cons parameters to delta_max=0.0300 bound.
2026-08-11 18:58:45 | sleep.weights.plasticity       | INFO  | Hard-clipped 36 w_cons parameters to delta_max=0.0300 bound.
2026-08-11 18:58:45 | sleep.weights.plasticity       | INFO  | Hard-clipped 37 w_cons parameters to delta_max=0.0300 bound.
2026-08-11 18:58:46 | sleep.weights.plasticity       | INFO  | Hard-clipped 37 w_cons parameters to delta_max=0.0300 bound.
2026-08-11 18:58:46 | sleep.weights.plasticity       | INFO  | Hard-clipped 38 w_cons parameters to delta_max=0.0300 bound.
2026-08-11 18:58:47 | sleep.weights.plasticity       | INFO  | Hard-clipped 38 w_cons parameters to delta_max=0.0300 bound.
2026-08-11 18:58:48 | sleep.weights.plasticity       | INFO  | Hard-clipped 37 w_cons parameters to delta_max=0.0300 bound.
2026-08-11 18:58:48 | sleep.weights.plasticity       | INFO  | Hard-clipped 37 w_cons parameters to delta_max=0.0300 bound.
2026-08-11 18:58:49 | sleep.weights.plasticity       | INFO  | Hard-clipped 37 w_cons parameters to delta_max=0.0300 bound.
2026-08-11 18:58:49 | sleep.weights.plasticity       | INFO  | Hard-clipped 37 w_cons parameters to delta_max=0.0300 bound.
2026-08-11 18:58:50 | sleep.weights.plasticity       | INFO  | Hard-clipped 37 w_cons parameters to delta_max=0.0300 bound.
2026-08-11 18:58:50 | sleep.weights.plasticity       | INFO  | Hard-clipped 37 w_cons parameters to delta_max=0.0300 bound.
2026-08-11 18:58:51 | sleep.weights.plasticity       | INFO  | Hard-clipped 37 w_cons parameters to delta_max=0.0300 bound.
2026-08-11 18:58:51 | sleep.weights.plasticity       | INFO  | Hard-clipped 38 w_cons parameters to delta_max=0.0300 bound.
2026-08-11 18:58:52 | sleep.weights.plasticity       | INFO  | Hard-clipped 38 w_cons parameters to delta_max=0.0300 bound.
2026-08-11 18:58:52 | sleep.weights.plasticity       | INFO  | Hard-clipped 38 w_cons parameters to delta_max=0.0300 bound.
2026-08-11 18:58:53 | sleep.weights.plasticity       | INFO  | Hard-clipped 38 w_cons parameters to delta_max=0.0300 bound.
2026-08-11 18:58:53 | sleep.weights.plasticity       | INFO  | Hard-clipped 38 w_cons parameters to delta_max=0.0300 bound.
2026-08-11 18:58:54 | sleep.weights.plasticity       | INFO  | Hard-clipped 36 w_cons parameters to delta_max=0.0300 bound.
2026-08-11 18:58:54 | sleep.weights.plasticity       | INFO  | Hard-clipped 34 w_cons parameters to delta_max=0.0300 bound.
2026-08-11 18:58:55 | sleep.weights.plasticity       | INFO  | Hard-clipped 31 w_cons parameters to delta_max=0.0300 bound.
2026-08-11 18:58:55 | sleep.weights.plasticity       | INFO  | Hard-clipped 33 w_cons parameters to delta_max=0.0300 bound.
2026-08-11 18:58:56 | sleep.weights.plasticity       | INFO  | Hard-clipped 33 w_cons parameters to delta_max=0.0300 bound.
2026-08-11 18:58:56 | sleep.weights.plasticity       | INFO  | Hard-clipped 34 w_cons parameters to delta_max=0.0300 bound.
2026-08-11 18:58:57 | sleep.weights.plasticity       | INFO  | Hard-clipped 35 w_cons parameters to delta_max=0.0300 bound.
2026-08-11 18:58:57 | sleep.weights.plasticity       | INFO  | Hard-clipped 36 w_cons parameters to delta_max=0.0300 bound.
2026-08-11 18:58:58 | sleep.weights.plasticity       | INFO  | Hard-clipped 36 w_cons parameters to delta_max=0.0300 bound.
2026-08-11 18:58:58 | sleep.sleep_engine.train       | INFO  |   step 600/1500 | loss=0.3190 | mean_loss=0.9714 | eta=4 | lr=7.50e-05
2026-08-11 18:58:58 | sleep.weights.plasticity       | INFO  | Hard-clipped 34 w_cons parameters to delta_max=0.0300 bound.
2026-08-11 18:58:59 | sleep.weights.plasticity       | INFO  | Hard-clipped 25 w_cons parameters to delta_max=0.0300 bound.
2026-08-11 18:58:59 | sleep.weights.plasticity       | INFO  | Hard-clipped 33 w_cons parameters to delta_max=0.0300 bound.
2026-08-11 18:59:00 | sleep.weights.plasticity       | INFO  | Hard-clipped 34 w_cons parameters to delta_max=0.0300 bound.
2026-08-11 18:59:00 | sleep.weights.plasticity       | INFO  | Hard-clipped 36 w_cons parameters to delta_max=0.0300 bound.
2026-08-11 18:59:01 | sleep.weights.plasticity       | INFO  | Hard-clipped 37 w_cons parameters to delta_max=0.0300 bound.
2026-08-11 18:59:01 | sleep.weights.plasticity       | INFO  | Hard-clipped 37 w_cons parameters to delta_max=0.0300 bound.
2026-08-11 18:59:02 | sleep.weights.plasticity       | INFO  | Hard-clipped 37 w_cons parameters to delta_max=0.0300 bound.
2026-08-11 18:59:02 | sleep.weights.plasticity       | INFO  | Hard-clipped 36 w_cons parameters to delta_max=0.0300 bound.
2026-08-11 18:59:03 | sleep.weights.plasticity       | INFO  | Hard-clipped 37 w_cons parameters to delta_max=0.0300 bound.
2026-08-11 18:59:03 | sleep.weights.plasticity       | INFO  | Hard-clipped 37 w_cons parameters to delta_max=0.0300 bound.
2026-08-11 18:59:04 | sleep.weights.plasticity       | INFO  | Hard-clipped 36 w_cons parameters to delta_max=0.0300 bound.
2026-08-11 18:59:04 | sleep.weights.plasticity       | INFO  | Hard-clipped 36 w_cons parameters to delta_max=0.0300 bound.
2026-08-11 18:59:05 | sleep.weights.plasticity       | INFO  | Hard-clipped 37 w_cons parameters to delta_max=0.0300 bound.
2026-08-11 18:59:05 | sleep.weights.plasticity       | INFO  | Hard-clipped 38 w_cons parameters to delta_max=0.0300 bound.
2026-08-11 18:59:06 | sleep.weights.plasticity       | INFO  | Hard-clipped 37 w_cons parameters to delta_max=0.0300 bound.
2026-08-11 18:59:06 | sleep.weights.plasticity       | INFO  | Hard-clipped 37 w_cons parameters to delta_max=0.0300 bound.
2026-08-11 18:59:07 | sleep.weights.plasticity       | INFO  | Hard-clipped 37 w_cons parameters to delta_max=0.0300 bound.
2026-08-11 18:59:07 | sleep.weights.plasticity       | INFO  | Hard-clipped 37 w_cons parameters to delta_max=0.0300 bound.
2026-08-11 18:59:08 | sleep.weights.plasticity       | INFO  | Hard-clipped 38 w_cons parameters to delta_max=0.0300 bound.
2026-08-11 18:59:08 | sleep.weights.plasticity       | INFO  | Hard-clipped 38 w_cons parameters to delta_max=0.0300 bound.
2026-08-11 18:59:09 | sleep.weights.plasticity       | INFO  | Hard-clipped 38 w_cons parameters to delta_max=0.0300 bound.
2026-08-11 18:59:09 | sleep.weights.plasticity       | INFO  | Hard-clipped 36 w_cons parameters to delta_max=0.0300 bound.
2026-08-11 18:59:10 | sleep.weights.plasticity       | INFO  | Hard-clipped 36 w_cons parameters to delta_max=0.0300 bound.
2026-08-11 18:59:10 | sleep.weights.plasticity       | INFO  | Hard-clipped 37 w_cons parameters to delta_max=0.0300 bound.
2026-08-11 18:59:11 | sleep.weights.plasticity       | INFO  | Hard-clipped 37 w_cons parameters to delta_max=0.0300 bound.
2026-08-11 18:59:11 | sleep.weights.plasticity       | INFO  | Hard-clipped 38 w_cons parameters to delta_max=0.0300 bound.
2026-08-11 18:59:12 | sleep.weights.plasticity       | INFO  | Hard-clipped 29 w_cons parameters to delta_max=0.0300 bound.
2026-08-11 18:59:12 | sleep.weights.plasticity       | INFO  | Hard-clipped 29 w_cons parameters to delta_max=0.0300 bound.
2026-08-11 18:59:13 | sleep.weights.plasticity       | INFO  | Hard-clipped 31 w_cons parameters to delta_max=0.0300 bound.
2026-08-11 18:59:13 | sleep.weights.plasticity       | INFO  | Hard-clipped 38 w_cons parameters to delta_max=0.0300 bound.
2026-08-11 18:59:14 | sleep.weights.plasticity       | INFO  | Hard-clipped 37 w_cons parameters to delta_max=0.0300 bound.
2026-08-11 18:59:14 | sleep.weights.plasticity       | INFO  | Hard-clipped 36 w_cons parameters to delta_max=0.0300 bound.
2026-08-11 18:59:15 | sleep.weights.plasticity       | INFO  | Hard-clipped 34 w_cons parameters to delta_max=0.0300 bound.
2026-08-11 18:59:15 | sleep.weights.plasticity       | INFO  | Hard-clipped 37 w_cons parameters to delta_max=0.0300 bound.
2026-08-11 18:59:16 | sleep.weights.plasticity       | INFO  | Hard-clipped 37 w_cons parameters to delta_max=0.0300 bound.
2026-08-11 18:59:16 | sleep.weights.plasticity       | INFO  | Hard-clipped 35 w_cons parameters to delta_max=0.0300 bound.
2026-08-11 18:59:17 | sleep.weights.plasticity       | INFO  | Hard-clipped 36 w_cons parameters to delta_max=0.0300 bound.
2026-08-11 18:59:17 | sleep.weights.plasticity       | INFO  | Hard-clipped 36 w_cons parameters to delta_max=0.0300 bound.
2026-08-11 18:59:18 | sleep.weights.plasticity       | INFO  | Hard-clipped 37 w_cons parameters to delta_max=0.0300 bound.
2026-08-11 18:59:18 | sleep.weights.plasticity       | INFO  | Hard-clipped 38 w_cons parameters to delta_max=0.0300 bound.
2026-08-11 18:59:19 | sleep.weights.plasticity       | INFO  | Hard-clipped 38 w_cons parameters to delta_max=0.0300 bound.
2026-08-11 18:59:19 | sleep.weights.plasticity       | INFO  | Hard-clipped 38 w_cons parameters to delta_max=0.0300 bound.
2026-08-11 18:59:20 | sleep.weights.plasticity       | INFO  | Hard-clipped 38 w_cons parameters to delta_max=0.0300 bound.
2026-08-11 18:59:20 | sleep.weights.plasticity       | INFO  | Hard-clipped 33 w_cons parameters to delta_max=0.0300 bound.
2026-08-11 18:59:21 | sleep.weights.plasticity       | INFO  | Hard-clipped 32 w_cons parameters to delta_max=0.0300 bound.
2026-08-11 18:59:21 | sleep.weights.plasticity       | INFO  | Hard-clipped 30 w_cons parameters to delta_max=0.0300 bound.
2026-08-11 18:59:22 | sleep.weights.plasticity       | INFO  | Hard-clipped 32 w_cons parameters to delta_max=0.0300 bound.
2026-08-11 18:59:22 | sleep.weights.plasticity       | INFO  | Hard-clipped 33 w_cons parameters to delta_max=0.0300 bound.
2026-08-11 18:59:23 | sleep.weights.plasticity       | INFO  | Hard-clipped 34 w_cons parameters to delta_max=0.0300 bound.
2026-08-11 18:59:23 | sleep.weights.plasticity       | INFO  | Hard-clipped 35 w_cons parameters to delta_max=0.0300 bound.
2026-08-11 18:59:24 | sleep.weights.plasticity       | INFO  | Hard-clipped 36 w_cons parameters to delta_max=0.0300 bound.
2026-08-11 18:59:24 | sleep.weights.plasticity       | INFO  | Hard-clipped 37 w_cons parameters to delta_max=0.0300 bound.
2026-08-11 18:59:25 | sleep.weights.plasticity       | INFO  | Hard-clipped 37 w_cons parameters to delta_max=0.0300 bound.
2026-08-11 18:59:25 | sleep.weights.plasticity       | INFO  | Hard-clipped 38 w_cons parameters to delta_max=0.0300 bound.
2026-08-11 18:59:26 | sleep.weights.plasticity       | INFO  | Hard-clipped 37 w_cons parameters to delta_max=0.0300 bound.
2026-08-11 18:59:26 | sleep.weights.plasticity       | INFO  | Hard-clipped 38 w_cons parameters to delta_max=0.0300 bound.
2026-08-11 18:59:27 | sleep.weights.plasticity       | INFO  | Hard-clipped 38 w_cons parameters to delta_max=0.0300 bound.
2026-08-11 18:59:27 | sleep.weights.plasticity       | INFO  | Hard-clipped 38 w_cons parameters to delta_max=0.0300 bound.
2026-08-11 18:59:28 | sleep.weights.plasticity       | INFO  | Hard-clipped 38 w_cons parameters to delta_max=0.0300 bound.
2026-08-11 18:59:28 | sleep.weights.plasticity       | INFO  | Hard-clipped 36 w_cons parameters to delta_max=0.0300 bound.
2026-08-11 18:59:29 | sleep.weights.plasticity       | INFO  | Hard-clipped 38 w_cons parameters to delta_max=0.0300 bound.
2026-08-11 18:59:29 | sleep.weights.plasticity       | INFO  | Hard-clipped 37 w_cons parameters to delta_max=0.0300 bound.
2026-08-11 18:59:30 | sleep.weights.plasticity       | INFO  | Hard-clipped 39 w_cons parameters to delta_max=0.0300 bound.
2026-08-11 18:59:30 | sleep.weights.plasticity       | INFO  | Hard-clipped 39 w_cons parameters to delta_max=0.0300 bound.
2026-08-11 18:59:31 | sleep.weights.plasticity       | INFO  | Hard-clipped 39 w_cons parameters to delta_max=0.0300 bound.
2026-08-11 18:59:31 | sleep.weights.plasticity       | INFO  | Hard-clipped 39 w_cons parameters to delta_max=0.0300 bound.
2026-08-11 18:59:32 | sleep.weights.plasticity       | INFO  | Hard-clipped 38 w_cons parameters to delta_max=0.0300 bound.
2026-08-11 18:59:32 | sleep.weights.plasticity       | INFO  | Hard-clipped 37 w_cons parameters to delta_max=0.0300 bound.
2026-08-11 18:59:33 | sleep.weights.plasticity       | INFO  | Hard-clipped 34 w_cons parameters to delta_max=0.0300 bound.
2026-08-11 18:59:33 | sleep.weights.plasticity       | INFO  | Hard-clipped 26 w_cons parameters to delta_max=0.0300 bound.
2026-08-11 18:59:34 | sleep.weights.plasticity       | INFO  | Hard-clipped 28 w_cons parameters to delta_max=0.0300 bound.
2026-08-11 18:59:34 | sleep.weights.plasticity       | INFO  | Hard-clipped 28 w_cons parameters to delta_max=0.0300 bound.
2026-08-11 18:59:35 | sleep.weights.plasticity       | INFO  | Hard-clipped 31 w_cons parameters to delta_max=0.0300 bound.
2026-08-11 18:59:35 | sleep.weights.plasticity       | INFO  | Hard-clipped 36 w_cons parameters to delta_max=0.0300 bound.
2026-08-11 18:59:36 | sleep.weights.plasticity       | INFO  | Hard-clipped 38 w_cons parameters to delta_max=0.0300 bound.
2026-08-11 18:59:36 | sleep.weights.plasticity       | INFO  | Hard-clipped 38 w_cons parameters to delta_max=0.0300 bound.
2026-08-11 18:59:37 | sleep.weights.plasticity       | INFO  | Hard-clipped 38 w_cons parameters to delta_max=0.0300 bound.
2026-08-11 18:59:37 | sleep.weights.plasticity       | INFO  | Hard-clipped 36 w_cons parameters to delta_max=0.0300 bound.
2026-08-11 18:59:38 | sleep.weights.plasticity       | INFO  | Hard-clipped 36 w_cons parameters to delta_max=0.0300 bound.
2026-08-11 18:59:38 | sleep.weights.plasticity       | INFO  | Hard-clipped 34 w_cons parameters to delta_max=0.0300 bound.
2026-08-11 18:59:39 | sleep.weights.plasticity       | INFO  | Hard-clipped 34 w_cons parameters to delta_max=0.0300 bound.
2026-08-11 18:59:39 | sleep.weights.plasticity       | INFO  | Hard-clipped 34 w_cons parameters to delta_max=0.0300 bound.
2026-08-11 18:59:40 | sleep.weights.plasticity       | INFO  | Hard-clipped 34 w_cons parameters to delta_max=0.0300 bound.
2026-08-11 18:59:40 | sleep.weights.plasticity       | INFO  | Hard-clipped 34 w_cons parameters to delta_max=0.0300 bound.
2026-08-11 18:59:41 | sleep.weights.plasticity       | INFO  | Hard-clipped 34 w_cons parameters to delta_max=0.0300 bound.
2026-08-11 18:59:41 | sleep.weights.plasticity       | INFO  | Hard-clipped 34 w_cons parameters to delta_max=0.0300 bound.
2026-08-11 18:59:42 | sleep.weights.plasticity       | INFO  | Hard-clipped 34 w_cons parameters to delta_max=0.0300 bound.
2026-08-11 18:59:42 | sleep.weights.plasticity       | INFO  | Hard-clipped 35 w_cons parameters to delta_max=0.0300 bound.
2026-08-11 18:59:43 | sleep.weights.plasticity       | INFO  | Hard-clipped 36 w_cons parameters to delta_max=0.0300 bound.
2026-08-11 18:59:43 | sleep.weights.plasticity       | INFO  | Hard-clipped 36 w_cons parameters to delta_max=0.0300 bound.
2026-08-11 18:59:44 | sleep.weights.plasticity       | INFO  | Hard-clipped 36 w_cons parameters to delta_max=0.0300 bound.
2026-08-11 18:59:44 | sleep.weights.plasticity       | INFO  | Hard-clipped 36 w_cons parameters to delta_max=0.0300 bound.
2026-08-11 18:59:45 | sleep.weights.plasticity       | INFO  | Hard-clipped 36 w_cons parameters to delta_max=0.0300 bound.
2026-08-11 18:59:46 | sleep.weights.plasticity       | INFO  | Hard-clipped 37 w_cons parameters to delta_max=0.0300 bound.
2026-08-11 18:59:46 | sleep.weights.plasticity       | INFO  | Hard-clipped 37 w_cons parameters to delta_max=0.0300 bound.
2026-08-11 18:59:47 | sleep.weights.plasticity       | INFO  | Hard-clipped 37 w_cons parameters to delta_max=0.0300 bound.
2026-08-11 18:59:47 | sleep.weights.plasticity       | INFO  | Hard-clipped 37 w_cons parameters to delta_max=0.0300 bound.
2026-08-11 18:59:48 | sleep.weights.plasticity       | INFO  | Hard-clipped 37 w_cons parameters to delta_max=0.0300 bound.
2026-08-11 18:59:48 | sleep.weights.plasticity       | INFO  | Hard-clipped 37 w_cons parameters to delta_max=0.0300 bound.
2026-08-11 18:59:49 | sleep.weights.plasticity       | INFO  | Hard-clipped 37 w_cons parameters to delta_max=0.0300 bound.
2026-08-11 18:59:49 | sleep.weights.plasticity       | INFO  | Hard-clipped 37 w_cons parameters to delta_max=0.0300 bound.
2026-08-11 18:59:50 | sleep.weights.plasticity       | INFO  | Hard-clipped 38 w_cons parameters to delta_max=0.0300 bound.
2026-08-11 18:59:50 | sleep.weights.plasticity       | INFO  | Hard-clipped 38 w_cons parameters to delta_max=0.0300 bound.
2026-08-11 18:59:51 | sleep.weights.plasticity       | INFO  | Hard-clipped 38 w_cons parameters to delta_max=0.0300 bound.
2026-08-11 18:59:51 | sleep.weights.plasticity       | INFO  | Hard-clipped 37 w_cons parameters to delta_max=0.0300 bound.
2026-08-11 18:59:52 | sleep.weights.plasticity       | INFO  | Hard-clipped 35 w_cons parameters to delta_max=0.0300 bound.
2026-08-11 18:59:52 | sleep.weights.plasticity       | INFO  | Hard-clipped 32 w_cons parameters to delta_max=0.0300 bound.
2026-08-11 18:59:53 | sleep.weights.plasticity       | INFO  | Hard-clipped 28 w_cons parameters to delta_max=0.0300 bound.
2026-08-11 18:59:53 | sleep.weights.plasticity       | INFO  | Hard-clipped 29 w_cons parameters to delta_max=0.0300 bound.
2026-08-11 18:59:54 | sleep.weights.plasticity       | INFO  | Hard-clipped 31 w_cons parameters to delta_max=0.0300 bound.
2026-08-11 18:59:54 | sleep.weights.plasticity       | INFO  | Hard-clipped 32 w_cons parameters to delta_max=0.0300 bound.
2026-08-11 18:59:55 | sleep.weights.plasticity       | INFO  | Hard-clipped 34 w_cons parameters to delta_max=0.0300 bound.
2026-08-11 18:59:55 | sleep.weights.plasticity       | INFO  | Hard-clipped 34 w_cons parameters to delta_max=0.0300 bound.
2026-08-11 18:59:56 | sleep.weights.plasticity       | INFO  | Hard-clipped 34 w_cons parameters to delta_max=0.0300 bound.
2026-08-11 18:59:56 | sleep.weights.plasticity       | INFO  | Hard-clipped 36 w_cons parameters to delta_max=0.0300 bound.
2026-08-11 18:59:57 | sleep.weights.plasticity       | INFO  | Hard-clipped 37 w_cons parameters to delta_max=0.0300 bound.
2026-08-11 18:59:57 | sleep.weights.plasticity       | INFO  | Hard-clipped 37 w_cons parameters to delta_max=0.0300 bound.
2026-08-11 18:59:58 | sleep.weights.plasticity       | INFO  | Hard-clipped 37 w_cons parameters to delta_max=0.0300 bound.
2026-08-11 18:59:58 | sleep.weights.plasticity       | INFO  | Hard-clipped 37 w_cons parameters to delta_max=0.0300 bound.
2026-08-11 18:59:59 | sleep.weights.plasticity       | INFO  | Hard-clipped 35 w_cons parameters to delta_max=0.0300 bound.
2026-08-11 18:59:59 | sleep.weights.plasticity       | INFO  | Hard-clipped 36 w_cons parameters to delta_max=0.0300 bound.
2026-08-11 19:00:00 | sleep.weights.plasticity       | INFO  | Hard-clipped 36 w_cons parameters to delta_max=0.0300 bound.
2026-08-11 19:00:00 | sleep.weights.plasticity       | INFO  | Hard-clipped 36 w_cons parameters to delta_max=0.0300 bound.
2026-08-11 19:00:01 | sleep.weights.plasticity       | INFO  | Hard-clipped 37 w_cons parameters to delta_max=0.0300 bound.
2026-08-11 19:00:01 | sleep.weights.plasticity       | INFO  | Hard-clipped 32 w_cons parameters to delta_max=0.0300 bound.
2026-08-11 19:00:02 | sleep.weights.plasticity       | INFO  | Hard-clipped 33 w_cons parameters to delta_max=0.0300 bound.
2026-08-11 19:00:02 | sleep.weights.plasticity       | INFO  | Hard-clipped 33 w_cons parameters to delta_max=0.0300 bound.
2026-08-11 19:00:03 | sleep.weights.plasticity       | INFO  | Hard-clipped 31 w_cons parameters to delta_max=0.0300 bound.
2026-08-11 19:00:03 | sleep.weights.plasticity       | INFO  | Hard-clipped 32 w_cons parameters to delta_max=0.0300 bound.
2026-08-11 19:00:04 | sleep.weights.plasticity       | INFO  | Hard-clipped 33 w_cons parameters to delta_max=0.0300 bound.
2026-08-11 19:00:04 | sleep.weights.plasticity       | INFO  | Hard-clipped 33 w_cons parameters to delta_max=0.0300 bound.
2026-08-11 19:00:05 | sleep.weights.plasticity       | INFO  | Hard-clipped 34 w_cons parameters to delta_max=0.0300 bound.
2026-08-11 19:00:05 | sleep.weights.plasticity       | INFO  | Hard-clipped 35 w_cons parameters to delta_max=0.0300 bound.
2026-08-11 19:00:06 | sleep.weights.plasticity       | INFO  | Hard-clipped 35 w_cons parameters to delta_max=0.0300 bound.
2026-08-11 19:00:06 | sleep.weights.plasticity       | INFO  | Hard-clipped 35 w_cons parameters to delta_max=0.0300 bound.
2026-08-11 19:00:07 | sleep.weights.plasticity       | INFO  | Hard-clipped 37 w_cons parameters to delta_max=0.0300 bound.
2026-08-11 19:00:07 | sleep.weights.plasticity       | INFO  | Hard-clipped 38 w_cons parameters to delta_max=0.0300 bound.
2026-08-11 19:00:08 | sleep.weights.plasticity       | INFO  | Hard-clipped 34 w_cons parameters to delta_max=0.0300 bound.
2026-08-11 19:00:08 | sleep.weights.plasticity       | INFO  | Hard-clipped 29 w_cons parameters to delta_max=0.0300 bound.
2026-08-11 19:00:09 | sleep.weights.plasticity       | INFO  | Hard-clipped 21 w_cons parameters to delta_max=0.0300 bound.
2026-08-11 19:00:09 | sleep.weights.plasticity       | INFO  | Hard-clipped 29 w_cons parameters to delta_max=0.0300 bound.
2026-08-11 19:00:10 | sleep.weights.plasticity       | INFO  | Hard-clipped 31 w_cons parameters to delta_max=0.0300 bound.
2026-08-11 19:00:10 | sleep.weights.plasticity       | INFO  | Hard-clipped 32 w_cons parameters to delta_max=0.0300 bound.
2026-08-11 19:00:11 | sleep.weights.plasticity       | INFO  | Hard-clipped 33 w_cons parameters to delta_max=0.0300 bound.
2026-08-11 19:00:11 | sleep.weights.plasticity       | INFO  | Hard-clipped 36 w_cons parameters to delta_max=0.0300 bound.
2026-08-11 19:00:12 | sleep.weights.plasticity       | INFO  | Hard-clipped 38 w_cons parameters to delta_max=0.0300 bound.
2026-08-11 19:00:12 | sleep.weights.plasticity       | INFO  | Hard-clipped 39 w_cons parameters to delta_max=0.0300 bound.
2026-08-11 19:00:13 | sleep.weights.plasticity       | INFO  | Hard-clipped 39 w_cons parameters to delta_max=0.0300 bound.
2026-08-11 19:00:13 | sleep.weights.plasticity       | INFO  | Hard-clipped 39 w_cons parameters to delta_max=0.0300 bound.
2026-08-11 19:00:13 | sleep.sleep_engine.train       | INFO  |   step 750/1500 | loss=0.2904 | mean_loss=0.8393 | eta=4 | lr=5.87e-05
2026-08-11 19:00:14 | sleep.weights.plasticity       | INFO  | Hard-clipped 39 w_cons parameters to delta_max=0.0300 bound.
2026-08-11 19:00:15 | sleep.weights.plasticity       | INFO  | Hard-clipped 39 w_cons parameters to delta_max=0.0300 bound.
2026-08-11 19:00:15 | sleep.weights.plasticity       | INFO  | Hard-clipped 38 w_cons parameters to delta_max=0.0300 bound.
2026-08-11 19:00:16 | sleep.weights.plasticity       | INFO  | Hard-clipped 37 w_cons parameters to delta_max=0.0300 bound.
2026-08-11 19:00:16 | sleep.weights.plasticity       | INFO  | Hard-clipped 37 w_cons parameters to delta_max=0.0300 bound.
2026-08-11 19:00:17 | sleep.weights.plasticity       | INFO  | Hard-clipped 37 w_cons parameters to delta_max=0.0300 bound.
2026-08-11 19:00:17 | sleep.weights.plasticity       | INFO  | Hard-clipped 38 w_cons parameters to delta_max=0.0300 bound.
2026-08-11 19:00:18 | sleep.weights.plasticity       | INFO  | Hard-clipped 36 w_cons parameters to delta_max=0.0300 bound.
2026-08-11 19:00:18 | sleep.weights.plasticity       | INFO  | Hard-clipped 34 w_cons parameters to delta_max=0.0300 bound.
2026-08-11 19:00:19 | sleep.weights.plasticity       | INFO  | Hard-clipped 32 w_cons parameters to delta_max=0.0300 bound.
2026-08-11 19:00:19 | sleep.weights.plasticity       | INFO  | Hard-clipped 35 w_cons parameters to delta_max=0.0300 bound.
2026-08-11 19:00:20 | sleep.weights.plasticity       | INFO  | Hard-clipped 35 w_cons parameters to delta_max=0.0300 bound.
2026-08-11 19:00:20 | sleep.weights.plasticity       | INFO  | Hard-clipped 30 w_cons parameters to delta_max=0.0300 bound.
2026-08-11 19:00:21 | sleep.weights.plasticity       | INFO  | Hard-clipped 29 w_cons parameters to delta_max=0.0300 bound.
2026-08-11 19:00:21 | sleep.weights.plasticity       | INFO  | Hard-clipped 27 w_cons parameters to delta_max=0.0300 bound.
2026-08-11 19:00:22 | sleep.weights.plasticity       | INFO  | Hard-clipped 30 w_cons parameters to delta_max=0.0300 bound.
2026-08-11 19:00:22 | sleep.weights.plasticity       | INFO  | Hard-clipped 32 w_cons parameters to delta_max=0.0300 bound.
2026-08-11 19:00:23 | sleep.weights.plasticity       | INFO  | Hard-clipped 32 w_cons parameters to delta_max=0.0300 bound.
2026-08-11 19:00:23 | sleep.weights.plasticity       | INFO  | Hard-clipped 33 w_cons parameters to delta_max=0.0300 bound.
2026-08-11 19:00:24 | sleep.weights.plasticity       | INFO  | Hard-clipped 31 w_cons parameters to delta_max=0.0300 bound.
2026-08-11 19:00:24 | sleep.weights.plasticity       | INFO  | Hard-clipped 30 w_cons parameters to delta_max=0.0300 bound.
2026-08-11 19:00:25 | sleep.weights.plasticity       | INFO  | Hard-clipped 31 w_cons parameters to delta_max=0.0300 bound.
2026-08-11 19:00:25 | sleep.weights.plasticity       | INFO  | Hard-clipped 33 w_cons parameters to delta_max=0.0300 bound.
2026-08-11 19:00:26 | sleep.weights.plasticity       | INFO  | Hard-clipped 34 w_cons parameters to delta_max=0.0300 bound.
2026-08-11 19:00:26 | sleep.weights.plasticity       | INFO  | Hard-clipped 38 w_cons parameters to delta_max=0.0300 bound.
2026-08-11 19:00:27 | sleep.weights.plasticity       | INFO  | Hard-clipped 38 w_cons parameters to delta_max=0.0300 bound.
2026-08-11 19:00:27 | sleep.weights.plasticity       | INFO  | Hard-clipped 39 w_cons parameters to delta_max=0.0300 bound.
2026-08-11 19:00:28 | sleep.weights.plasticity       | INFO  | Hard-clipped 39 w_cons parameters to delta_max=0.0300 bound.
2026-08-11 19:00:28 | sleep.weights.plasticity       | INFO  | Hard-clipped 38 w_cons parameters to delta_max=0.0300 bound.
2026-08-11 19:00:29 | sleep.weights.plasticity       | INFO  | Hard-clipped 37 w_cons parameters to delta_max=0.0300 bound.
2026-08-11 19:00:29 | sleep.weights.plasticity       | INFO  | Hard-clipped 37 w_cons parameters to delta_max=0.0300 bound.
2026-08-11 19:00:30 | sleep.weights.plasticity       | INFO  | Hard-clipped 37 w_cons parameters to delta_max=0.0300 bound.
2026-08-11 19:00:30 | sleep.weights.plasticity       | INFO  | Hard-clipped 37 w_cons parameters to delta_max=0.0300 bound.
2026-08-11 19:00:31 | sleep.weights.plasticity       | INFO  | Hard-clipped 37 w_cons parameters to delta_max=0.0300 bound.
2026-08-11 19:00:31 | sleep.weights.plasticity       | INFO  | Hard-clipped 37 w_cons parameters to delta_max=0.0300 bound.
2026-08-11 19:00:32 | sleep.weights.plasticity       | INFO  | Hard-clipped 37 w_cons parameters to delta_max=0.0300 bound.
2026-08-11 19:00:32 | sleep.weights.plasticity       | INFO  | Hard-clipped 37 w_cons parameters to delta_max=0.0300 bound.
2026-08-11 19:00:33 | sleep.weights.plasticity       | INFO  | Hard-clipped 38 w_cons parameters to delta_max=0.0300 bound.
2026-08-11 19:00:34 | sleep.weights.plasticity       | INFO  | Hard-clipped 39 w_cons parameters to delta_max=0.0300 bound.
2026-08-11 19:00:34 | sleep.weights.plasticity       | INFO  | Hard-clipped 39 w_cons parameters to delta_max=0.0300 bound.
2026-08-11 19:00:35 | sleep.weights.plasticity       | INFO  | Hard-clipped 39 w_cons parameters to delta_max=0.0300 bound.
2026-08-11 19:00:35 | sleep.weights.plasticity       | INFO  | Hard-clipped 39 w_cons parameters to delta_max=0.0300 bound.
2026-08-11 19:00:36 | sleep.weights.plasticity       | INFO  | Hard-clipped 39 w_cons parameters to delta_max=0.0300 bound.
2026-08-11 19:00:36 | sleep.weights.plasticity       | INFO  | Hard-clipped 39 w_cons parameters to delta_max=0.0300 bound.
2026-08-11 19:00:37 | sleep.weights.plasticity       | INFO  | Hard-clipped 38 w_cons parameters to delta_max=0.0300 bound.
2026-08-11 19:00:37 | sleep.weights.plasticity       | INFO  | Hard-clipped 38 w_cons parameters to delta_max=0.0300 bound.
2026-08-11 19:00:38 | sleep.weights.plasticity       | INFO  | Hard-clipped 31 w_cons parameters to delta_max=0.0300 bound.
2026-08-11 19:00:38 | sleep.weights.plasticity       | INFO  | Hard-clipped 38 w_cons parameters to delta_max=0.0300 bound.
2026-08-11 19:00:39 | sleep.weights.plasticity       | INFO  | Hard-clipped 39 w_cons parameters to delta_max=0.0300 bound.
2026-08-11 19:00:39 | sleep.weights.plasticity       | INFO  | Hard-clipped 39 w_cons parameters to delta_max=0.0300 bound.
2026-08-11 19:00:40 | sleep.weights.plasticity       | INFO  | Hard-clipped 39 w_cons parameters to delta_max=0.0300 bound.
2026-08-11 19:00:40 | sleep.weights.plasticity       | INFO  | Hard-clipped 39 w_cons parameters to delta_max=0.0300 bound.
2026-08-11 19:00:41 | sleep.weights.plasticity       | INFO  | Hard-clipped 35 w_cons parameters to delta_max=0.0300 bound.
2026-08-11 19:00:41 | sleep.weights.plasticity       | INFO  | Hard-clipped 33 w_cons parameters to delta_max=0.0300 bound.
2026-08-11 19:00:42 | sleep.weights.plasticity       | INFO  | Hard-clipped 32 w_cons parameters to delta_max=0.0300 bound.
2026-08-11 19:00:42 | sleep.weights.plasticity       | INFO  | Hard-clipped 30 w_cons parameters to delta_max=0.0300 bound.
2026-08-11 19:00:43 | sleep.weights.plasticity       | INFO  | Hard-clipped 27 w_cons parameters to delta_max=0.0300 bound.
2026-08-11 19:00:43 | sleep.weights.plasticity       | INFO  | Hard-clipped 27 w_cons parameters to delta_max=0.0300 bound.
2026-08-11 19:00:44 | sleep.weights.plasticity       | INFO  | Hard-clipped 28 w_cons parameters to delta_max=0.0300 bound.
2026-08-11 19:00:44 | sleep.weights.plasticity       | INFO  | Hard-clipped 29 w_cons parameters to delta_max=0.0300 bound.
2026-08-11 19:00:45 | sleep.weights.plasticity       | INFO  | Hard-clipped 31 w_cons parameters to delta_max=0.0300 bound.
2026-08-11 19:00:45 | sleep.weights.plasticity       | INFO  | Hard-clipped 31 w_cons parameters to delta_max=0.0300 bound.
2026-08-11 19:00:46 | sleep.weights.plasticity       | INFO  | Hard-clipped 20 w_cons parameters to delta_max=0.0300 bound.
2026-08-11 19:00:46 | sleep.weights.plasticity       | INFO  | Hard-clipped 25 w_cons parameters to delta_max=0.0300 bound.
2026-08-11 19:00:47 | sleep.weights.plasticity       | INFO  | Hard-clipped 33 w_cons parameters to delta_max=0.0300 bound.
2026-08-11 19:00:47 | sleep.weights.plasticity       | INFO  | Hard-clipped 34 w_cons parameters to delta_max=0.0300 bound.
2026-08-11 19:00:48 | sleep.weights.plasticity       | INFO  | Hard-clipped 33 w_cons parameters to delta_max=0.0300 bound.
2026-08-11 19:00:48 | sleep.weights.plasticity       | INFO  | Hard-clipped 34 w_cons parameters to delta_max=0.0300 bound.
2026-08-11 19:00:49 | sleep.weights.plasticity       | INFO  | Hard-clipped 34 w_cons parameters to delta_max=0.0300 bound.
2026-08-11 19:00:49 | sleep.weights.plasticity       | INFO  | Hard-clipped 34 w_cons parameters to delta_max=0.0300 bound.
2026-08-11 19:00:50 | sleep.weights.plasticity       | INFO  | Hard-clipped 34 w_cons parameters to delta_max=0.0300 bound.
2026-08-11 19:00:50 | sleep.weights.plasticity       | INFO  | Hard-clipped 32 w_cons parameters to delta_max=0.0300 bound.
2026-08-11 19:00:51 | sleep.weights.plasticity       | INFO  | Hard-clipped 33 w_cons parameters to delta_max=0.0300 bound.
2026-08-11 19:00:51 | sleep.weights.plasticity       | INFO  | Hard-clipped 33 w_cons parameters to delta_max=0.0300 bound.
2026-08-11 19:00:52 | sleep.weights.plasticity       | INFO  | Hard-clipped 32 w_cons parameters to delta_max=0.0300 bound.
2026-08-11 19:00:52 | sleep.weights.plasticity       | INFO  | Hard-clipped 33 w_cons parameters to delta_max=0.0300 bound.
2026-08-11 19:00:53 | sleep.weights.plasticity       | INFO  | Hard-clipped 33 w_cons parameters to delta_max=0.0300 bound.
2026-08-11 19:00:53 | sleep.weights.plasticity       | INFO  | Hard-clipped 33 w_cons parameters to delta_max=0.0300 bound.
2026-08-11 19:00:54 | sleep.weights.plasticity       | INFO  | Hard-clipped 31 w_cons parameters to delta_max=0.0300 bound.
2026-08-11 19:00:54 | sleep.weights.plasticity       | INFO  | Hard-clipped 32 w_cons parameters to delta_max=0.0300 bound.
2026-08-11 19:00:55 | sleep.weights.plasticity       | INFO  | Hard-clipped 31 w_cons parameters to delta_max=0.0300 bound.
2026-08-11 19:00:55 | sleep.weights.plasticity       | INFO  | Hard-clipped 31 w_cons parameters to delta_max=0.0300 bound.
2026-08-11 19:00:56 | sleep.weights.plasticity       | INFO  | Hard-clipped 31 w_cons parameters to delta_max=0.0300 bound.
2026-08-11 19:00:56 | sleep.weights.plasticity       | INFO  | Hard-clipped 33 w_cons parameters to delta_max=0.0300 bound.
2026-08-11 19:00:57 | sleep.weights.plasticity       | INFO  | Hard-clipped 34 w_cons parameters to delta_max=0.0300 bound.
2026-08-11 19:00:57 | sleep.weights.plasticity       | INFO  | Hard-clipped 35 w_cons parameters to delta_max=0.0300 bound.
2026-08-11 19:00:58 | sleep.weights.plasticity       | INFO  | Hard-clipped 37 w_cons parameters to delta_max=0.0300 bound.
2026-08-11 19:00:59 | sleep.weights.plasticity       | INFO  | Hard-clipped 37 w_cons parameters to delta_max=0.0300 bound.
2026-08-11 19:00:59 | sleep.weights.plasticity       | INFO  | Hard-clipped 37 w_cons parameters to delta_max=0.0300 bound.
2026-08-11 19:01:00 | sleep.weights.plasticity       | INFO  | Hard-clipped 37 w_cons parameters to delta_max=0.0300 bound.
2026-08-11 19:01:00 | sleep.weights.plasticity       | INFO  | Hard-clipped 37 w_cons parameters to delta_max=0.0300 bound.
2026-08-11 19:01:01 | sleep.weights.plasticity       | INFO  | Hard-clipped 36 w_cons parameters to delta_max=0.0300 bound.
2026-08-11 19:01:01 | sleep.weights.plasticity       | INFO  | Hard-clipped 36 w_cons parameters to delta_max=0.0300 bound.
2026-08-11 19:01:02 | sleep.weights.plasticity       | INFO  | Hard-clipped 34 w_cons parameters to delta_max=0.0300 bound.
2026-08-11 19:01:02 | sleep.weights.plasticity       | INFO  | Hard-clipped 33 w_cons parameters to delta_max=0.0300 bound.
2026-08-11 19:01:03 | sleep.weights.plasticity       | INFO  | Hard-clipped 26 w_cons parameters to delta_max=0.0300 bound.
2026-08-11 19:01:03 | sleep.weights.plasticity       | INFO  | Hard-clipped 18 w_cons parameters to delta_max=0.0300 bound.
2026-08-11 19:01:04 | sleep.weights.plasticity       | INFO  | Hard-clipped 13 w_cons parameters to delta_max=0.0300 bound.
2026-08-11 19:01:04 | sleep.weights.plasticity       | INFO  | Hard-clipped 13 w_cons parameters to delta_max=0.0300 bound.
2026-08-11 19:01:05 | sleep.weights.plasticity       | INFO  | Hard-clipped 17 w_cons parameters to delta_max=0.0300 bound.
2026-08-11 19:01:05 | sleep.weights.plasticity       | INFO  | Hard-clipped 18 w_cons parameters to delta_max=0.0300 bound.
2026-08-11 19:01:06 | sleep.weights.plasticity       | INFO  | Hard-clipped 26 w_cons parameters to delta_max=0.0300 bound.
2026-08-11 19:01:06 | sleep.weights.plasticity       | INFO  | Hard-clipped 30 w_cons parameters to delta_max=0.0300 bound.
2026-08-11 19:01:06 | sleep.weights.plasticity       | INFO  | Hard-clipped 35 w_cons parameters to delta_max=0.0300 bound.
2026-08-11 19:01:07 | sleep.weights.plasticity       | INFO  | Hard-clipped 35 w_cons parameters to delta_max=0.0300 bound.
2026-08-11 19:01:08 | sleep.weights.plasticity       | INFO  | Hard-clipped 35 w_cons parameters to delta_max=0.0300 bound.
2026-08-11 19:01:08 | sleep.weights.plasticity       | INFO  | Hard-clipped 35 w_cons parameters to delta_max=0.0300 bound.
2026-08-11 19:01:09 | sleep.weights.plasticity       | INFO  | Hard-clipped 37 w_cons parameters to delta_max=0.0300 bound.
2026-08-11 19:01:09 | sleep.weights.plasticity       | INFO  | Hard-clipped 37 w_cons parameters to delta_max=0.0300 bound.
2026-08-11 19:01:10 | sleep.weights.plasticity       | INFO  | Hard-clipped 37 w_cons parameters to delta_max=0.0300 bound.
2026-08-11 19:01:10 | sleep.weights.plasticity       | INFO  | Hard-clipped 38 w_cons parameters to delta_max=0.0300 bound.
2026-08-11 19:01:11 | sleep.weights.plasticity       | INFO  | Hard-clipped 38 w_cons parameters to delta_max=0.0300 bound.
2026-08-11 19:01:11 | sleep.weights.plasticity       | INFO  | Hard-clipped 36 w_cons parameters to delta_max=0.0300 bound.
2026-08-11 19:01:12 | sleep.weights.plasticity       | INFO  | Hard-clipped 35 w_cons parameters to delta_max=0.0300 bound.
2026-08-11 19:01:12 | sleep.weights.plasticity       | INFO  | Hard-clipped 34 w_cons parameters to delta_max=0.0300 bound.
2026-08-11 19:01:13 | sleep.weights.plasticity       | INFO  | Hard-clipped 32 w_cons parameters to delta_max=0.0300 bound.
2026-08-11 19:01:13 | sleep.weights.plasticity       | INFO  | Hard-clipped 32 w_cons parameters to delta_max=0.0300 bound.
2026-08-11 19:01:14 | sleep.weights.plasticity       | INFO  | Hard-clipped 34 w_cons parameters to delta_max=0.0300 bound.
2026-08-11 19:01:14 | sleep.weights.plasticity       | INFO  | Hard-clipped 34 w_cons parameters to delta_max=0.0300 bound.
2026-08-11 19:01:14 | sleep.weights.plasticity       | INFO  | Hard-clipped 34 w_cons parameters to delta_max=0.0300 bound.
2026-08-11 19:01:15 | sleep.weights.plasticity       | INFO  | Hard-clipped 32 w_cons parameters to delta_max=0.0300 bound.
2026-08-11 19:01:16 | sleep.weights.plasticity       | INFO  | Hard-clipped 31 w_cons parameters to delta_max=0.0300 bound.
2026-08-11 19:01:16 | sleep.weights.plasticity       | INFO  | Hard-clipped 29 w_cons parameters to delta_max=0.0300 bound.
2026-08-11 19:01:17 | sleep.weights.plasticity       | INFO  | Hard-clipped 32 w_cons parameters to delta_max=0.0300 bound.
2026-08-11 19:01:17 | sleep.weights.plasticity       | INFO  | Hard-clipped 34 w_cons parameters to delta_max=0.0300 bound.
2026-08-11 19:01:18 | sleep.weights.plasticity       | INFO  | Hard-clipped 34 w_cons parameters to delta_max=0.0300 bound.
2026-08-11 19:01:18 | sleep.weights.plasticity       | INFO  | Hard-clipped 35 w_cons parameters to delta_max=0.0300 bound.
2026-08-11 19:01:19 | sleep.weights.plasticity       | INFO  | Hard-clipped 36 w_cons parameters to delta_max=0.0300 bound.
2026-08-11 19:01:19 | sleep.weights.plasticity       | INFO  | Hard-clipped 37 w_cons parameters to delta_max=0.0300 bound.
2026-08-11 19:01:20 | sleep.weights.plasticity       | INFO  | Hard-clipped 38 w_cons parameters to delta_max=0.0300 bound.
2026-08-11 19:01:20 | sleep.weights.plasticity       | INFO  | Hard-clipped 38 w_cons parameters to delta_max=0.0300 bound.
2026-08-11 19:01:21 | sleep.weights.plasticity       | INFO  | Hard-clipped 38 w_cons parameters to delta_max=0.0300 bound.
2026-08-11 19:01:21 | sleep.weights.plasticity       | INFO  | Hard-clipped 38 w_cons parameters to delta_max=0.0300 bound.
2026-08-11 19:01:22 | sleep.weights.plasticity       | INFO  | Hard-clipped 38 w_cons parameters to delta_max=0.0300 bound.
2026-08-11 19:01:22 | sleep.weights.plasticity       | INFO  | Hard-clipped 38 w_cons parameters to delta_max=0.0300 bound.
2026-08-11 19:01:23 | sleep.weights.plasticity       | INFO  | Hard-clipped 38 w_cons parameters to delta_max=0.0300 bound.
2026-08-11 19:01:23 | sleep.weights.plasticity       | INFO  | Hard-clipped 38 w_cons parameters to delta_max=0.0300 bound.
2026-08-11 19:01:24 | sleep.weights.plasticity       | INFO  | Hard-clipped 37 w_cons parameters to delta_max=0.0300 bound.
2026-08-11 19:01:24 | sleep.weights.plasticity       | INFO  | Hard-clipped 38 w_cons parameters to delta_max=0.0300 bound.
2026-08-11 19:01:25 | sleep.weights.plasticity       | INFO  | Hard-clipped 37 w_cons parameters to delta_max=0.0300 bound.
2026-08-11 19:01:25 | sleep.weights.plasticity       | INFO  | Hard-clipped 37 w_cons parameters to delta_max=0.0300 bound.
2026-08-11 19:01:26 | sleep.weights.plasticity       | INFO  | Hard-clipped 35 w_cons parameters to delta_max=0.0300 bound.
2026-08-11 19:01:26 | sleep.weights.plasticity       | INFO  | Hard-clipped 31 w_cons parameters to delta_max=0.0300 bound.
2026-08-11 19:01:27 | sleep.weights.plasticity       | INFO  | Hard-clipped 31 w_cons parameters to delta_max=0.0300 bound.
2026-08-11 19:01:27 | sleep.weights.plasticity       | INFO  | Hard-clipped 31 w_cons parameters to delta_max=0.0300 bound.
2026-08-11 19:01:28 | sleep.weights.plasticity       | INFO  | Hard-clipped 32 w_cons parameters to delta_max=0.0300 bound.
2026-08-11 19:01:28 | sleep.weights.plasticity       | INFO  | Hard-clipped 35 w_cons parameters to delta_max=0.0300 bound.
2026-08-11 19:01:29 | sleep.weights.plasticity       | INFO  | Hard-clipped 36 w_cons parameters to delta_max=0.0300 bound.
2026-08-11 19:01:29 | sleep.weights.plasticity       | INFO  | Hard-clipped 36 w_cons parameters to delta_max=0.0300 bound.
2026-08-11 19:01:30 | sleep.weights.plasticity       | INFO  | Hard-clipped 37 w_cons parameters to delta_max=0.0300 bound.
2026-08-11 19:01:30 | sleep.sleep_engine.train       | INFO  |   step 900/1500 | loss=0.2715 | mean_loss=0.7485 | eta=4 | lr=4.13e-05
2026-08-11 19:01:30 | sleep.weights.plasticity       | INFO  | Hard-clipped 37 w_cons parameters to delta_max=0.0300 bound.
2026-08-11 19:01:31 | sleep.weights.plasticity       | INFO  | Hard-clipped 37 w_cons parameters to delta_max=0.0300 bound.
2026-08-11 19:01:31 | sleep.weights.plasticity       | INFO  | Hard-clipped 37 w_cons parameters to delta_max=0.0300 bound.
2026-08-11 19:01:32 | sleep.weights.plasticity       | INFO  | Hard-clipped 31 w_cons parameters to delta_max=0.0300 bound.
2026-08-11 19:01:32 | sleep.weights.plasticity       | INFO  | Hard-clipped 31 w_cons parameters to delta_max=0.0300 bound.
2026-08-11 19:01:33 | sleep.weights.plasticity       | INFO  | Hard-clipped 35 w_cons parameters to delta_max=0.0300 bound.
2026-08-11 19:01:33 | sleep.weights.plasticity       | INFO  | Hard-clipped 34 w_cons parameters to delta_max=0.0300 bound.
2026-08-11 19:01:34 | sleep.weights.plasticity       | INFO  | Hard-clipped 28 w_cons parameters to delta_max=0.0300 bound.
2026-08-11 19:01:34 | sleep.weights.plasticity       | INFO  | Hard-clipped 26 w_cons parameters to delta_max=0.0300 bound.
2026-08-11 19:01:35 | sleep.weights.plasticity       | INFO  | Hard-clipped 26 w_cons parameters to delta_max=0.0300 bound.
2026-08-11 19:01:35 | sleep.weights.plasticity       | INFO  | Hard-clipped 20 w_cons parameters to delta_max=0.0300 bound.
2026-08-11 19:01:36 | sleep.weights.plasticity       | INFO  | Hard-clipped 23 w_cons parameters to delta_max=0.0300 bound.
2026-08-11 19:01:37 | sleep.weights.plasticity       | INFO  | Hard-clipped 24 w_cons parameters to delta_max=0.0300 bound.
2026-08-11 19:01:37 | sleep.weights.plasticity       | INFO  | Hard-clipped 23 w_cons parameters to delta_max=0.0300 bound.
2026-08-11 19:01:38 | sleep.weights.plasticity       | INFO  | Hard-clipped 20 w_cons parameters to delta_max=0.0300 bound.
2026-08-11 19:01:38 | sleep.weights.plasticity       | INFO  | Hard-clipped 18 w_cons parameters to delta_max=0.0300 bound.
2026-08-11 19:01:39 | sleep.weights.plasticity       | INFO  | Hard-clipped 15 w_cons parameters to delta_max=0.0300 bound.
2026-08-11 19:01:39 | sleep.weights.plasticity       | INFO  | Hard-clipped 18 w_cons parameters to delta_max=0.0300 bound.
2026-08-11 19:01:40 | sleep.weights.plasticity       | INFO  | Hard-clipped 19 w_cons parameters to delta_max=0.0300 bound.
2026-08-11 19:01:40 | sleep.weights.plasticity       | INFO  | Hard-clipped 21 w_cons parameters to delta_max=0.0300 bound.
2026-08-11 19:01:41 | sleep.weights.plasticity       | INFO  | Hard-clipped 24 w_cons parameters to delta_max=0.0300 bound.
2026-08-11 19:01:41 | sleep.weights.plasticity       | INFO  | Hard-clipped 26 w_cons parameters to delta_max=0.0300 bound.
2026-08-11 19:01:42 | sleep.weights.plasticity       | INFO  | Hard-clipped 32 w_cons parameters to delta_max=0.0300 bound.
2026-08-11 19:01:42 | sleep.weights.plasticity       | INFO  | Hard-clipped 32 w_cons parameters to delta_max=0.0300 bound.
2026-08-11 19:01:43 | sleep.weights.plasticity       | INFO  | Hard-clipped 32 w_cons parameters to delta_max=0.0300 bound.
2026-08-11 19:01:43 | sleep.weights.plasticity       | INFO  | Hard-clipped 32 w_cons parameters to delta_max=0.0300 bound.
2026-08-11 19:01:44 | sleep.weights.plasticity       | INFO  | Hard-clipped 33 w_cons parameters to delta_max=0.0300 bound.
2026-08-11 19:01:44 | sleep.weights.plasticity       | INFO  | Hard-clipped 34 w_cons parameters to delta_max=0.0300 bound.
2026-08-11 19:01:45 | sleep.weights.plasticity       | INFO  | Hard-clipped 34 w_cons parameters to delta_max=0.0300 bound.
2026-08-11 19:01:45 | sleep.weights.plasticity       | INFO  | Hard-clipped 34 w_cons parameters to delta_max=0.0300 bound.
2026-08-11 19:01:46 | sleep.weights.plasticity       | INFO  | Hard-clipped 34 w_cons parameters to delta_max=0.0300 bound.
2026-08-11 19:01:46 | sleep.weights.plasticity       | INFO  | Hard-clipped 36 w_cons parameters to delta_max=0.0300 bound.
2026-08-11 19:01:47 | sleep.weights.plasticity       | INFO  | Hard-clipped 34 w_cons parameters to delta_max=0.0300 bound.
2026-08-11 19:01:47 | sleep.weights.plasticity       | INFO  | Hard-clipped 36 w_cons parameters to delta_max=0.0300 bound.
2026-08-11 19:01:48 | sleep.weights.plasticity       | INFO  | Hard-clipped 36 w_cons parameters to delta_max=0.0300 bound.
2026-08-11 19:01:48 | sleep.weights.plasticity       | INFO  | Hard-clipped 36 w_cons parameters to delta_max=0.0300 bound.
2026-08-11 19:01:49 | sleep.weights.plasticity       | INFO  | Hard-clipped 38 w_cons parameters to delta_max=0.0300 bound.
2026-08-11 19:01:49 | sleep.weights.plasticity       | INFO  | Hard-clipped 38 w_cons parameters to delta_max=0.0300 bound.
2026-08-11 19:01:50 | sleep.weights.plasticity       | INFO  | Hard-clipped 38 w_cons parameters to delta_max=0.0300 bound.
2026-08-11 19:01:50 | sleep.weights.plasticity       | INFO  | Hard-clipped 38 w_cons parameters to delta_max=0.0300 bound.
2026-08-11 19:01:51 | sleep.weights.plasticity       | INFO  | Hard-clipped 38 w_cons parameters to delta_max=0.0300 bound.
2026-08-11 19:01:51 | sleep.weights.plasticity       | INFO  | Hard-clipped 38 w_cons parameters to delta_max=0.0300 bound.
2026-08-11 19:01:52 | sleep.weights.plasticity       | INFO  | Hard-clipped 37 w_cons parameters to delta_max=0.0300 bound.
2026-08-11 19:01:52 | sleep.weights.plasticity       | INFO  | Hard-clipped 26 w_cons parameters to delta_max=0.0300 bound.
2026-08-11 19:01:53 | sleep.weights.plasticity       | INFO  | Hard-clipped 28 w_cons parameters to delta_max=0.0300 bound.
2026-08-11 19:01:53 | sleep.weights.plasticity       | INFO  | Hard-clipped 30 w_cons parameters to delta_max=0.0300 bound.
2026-08-11 19:01:54 | sleep.weights.plasticity       | INFO  | Hard-clipped 31 w_cons parameters to delta_max=0.0300 bound.
2026-08-11 19:01:54 | sleep.weights.plasticity       | INFO  | Hard-clipped 34 w_cons parameters to delta_max=0.0300 bound.
2026-08-11 19:01:55 | sleep.weights.plasticity       | INFO  | Hard-clipped 35 w_cons parameters to delta_max=0.0300 bound.
2026-08-11 19:01:55 | sleep.weights.plasticity       | INFO  | Hard-clipped 31 w_cons parameters to delta_max=0.0300 bound.
2026-08-11 19:01:56 | sleep.weights.plasticity       | INFO  | Hard-clipped 21 w_cons parameters to delta_max=0.0300 bound.
2026-08-11 19:01:56 | sleep.weights.plasticity       | INFO  | Hard-clipped 30 w_cons parameters to delta_max=0.0300 bound.
2026-08-11 19:01:57 | sleep.weights.plasticity       | INFO  | Hard-clipped 32 w_cons parameters to delta_max=0.0300 bound.
2026-08-11 19:01:57 | sleep.weights.plasticity       | INFO  | Hard-clipped 31 w_cons parameters to delta_max=0.0300 bound.
2026-08-11 19:01:58 | sleep.weights.plasticity       | INFO  | Hard-clipped 29 w_cons parameters to delta_max=0.0300 bound.
2026-08-11 19:01:58 | sleep.weights.plasticity       | INFO  | Hard-clipped 31 w_cons parameters to delta_max=0.0300 bound.
2026-08-11 19:01:59 | sleep.weights.plasticity       | INFO  | Hard-clipped 33 w_cons parameters to delta_max=0.0300 bound.
2026-08-11 19:01:59 | sleep.weights.plasticity       | INFO  | Hard-clipped 34 w_cons parameters to delta_max=0.0300 bound.
2026-08-11 19:02:00 | sleep.weights.plasticity       | INFO  | Hard-clipped 36 w_cons parameters to delta_max=0.0300 bound.
2026-08-11 19:02:01 | sleep.weights.plasticity       | INFO  | Hard-clipped 36 w_cons parameters to delta_max=0.0300 bound.
2026-08-11 19:02:01 | sleep.weights.plasticity       | INFO  | Hard-clipped 36 w_cons parameters to delta_max=0.0300 bound.
2026-08-11 19:02:02 | sleep.weights.plasticity       | INFO  | Hard-clipped 36 w_cons parameters to delta_max=0.0300 bound.
2026-08-11 19:02:02 | sleep.weights.plasticity       | INFO  | Hard-clipped 28 w_cons parameters to delta_max=0.0300 bound.
2026-08-11 19:02:02 | sleep.weights.plasticity       | INFO  | Hard-clipped 27 w_cons parameters to delta_max=0.0300 bound.
2026-08-11 19:02:03 | sleep.weights.plasticity       | INFO  | Hard-clipped 25 w_cons parameters to delta_max=0.0300 bound.
2026-08-11 19:02:03 | sleep.weights.plasticity       | INFO  | Hard-clipped 20 w_cons parameters to delta_max=0.0300 bound.
2026-08-11 19:02:04 | sleep.weights.plasticity       | INFO  | Hard-clipped 19 w_cons parameters to delta_max=0.0300 bound.
2026-08-11 19:02:04 | sleep.weights.plasticity       | INFO  | Hard-clipped 22 w_cons parameters to delta_max=0.0300 bound.
2026-08-11 19:02:05 | sleep.weights.plasticity       | INFO  | Hard-clipped 22 w_cons parameters to delta_max=0.0300 bound.
2026-08-11 19:02:05 | sleep.weights.plasticity       | INFO  | Hard-clipped 20 w_cons parameters to delta_max=0.0300 bound.
2026-08-11 19:02:06 | sleep.weights.plasticity       | INFO  | Hard-clipped 13 w_cons parameters to delta_max=0.0300 bound.
2026-08-11 19:02:06 | sleep.weights.plasticity       | INFO  | Hard-clipped 14 w_cons parameters to delta_max=0.0300 bound.
2026-08-11 19:02:07 | sleep.weights.plasticity       | INFO  | Hard-clipped 18 w_cons parameters to delta_max=0.0300 bound.
2026-08-11 19:02:08 | sleep.weights.plasticity       | INFO  | Hard-clipped 21 w_cons parameters to delta_max=0.0300 bound.
2026-08-11 19:02:08 | sleep.weights.plasticity       | INFO  | Hard-clipped 22 w_cons parameters to delta_max=0.0300 bound.
2026-08-11 19:02:09 | sleep.weights.plasticity       | INFO  | Hard-clipped 23 w_cons parameters to delta_max=0.0300 bound.
2026-08-11 19:02:09 | sleep.weights.plasticity       | INFO  | Hard-clipped 22 w_cons parameters to delta_max=0.0300 bound.
2026-08-11 19:02:10 | sleep.weights.plasticity       | INFO  | Hard-clipped 21 w_cons parameters to delta_max=0.0300 bound.
2026-08-11 19:02:10 | sleep.weights.plasticity       | INFO  | Hard-clipped 24 w_cons parameters to delta_max=0.0300 bound.
2026-08-11 19:02:11 | sleep.weights.plasticity       | INFO  | Hard-clipped 25 w_cons parameters to delta_max=0.0300 bound.
2026-08-11 19:02:11 | sleep.weights.plasticity       | INFO  | Hard-clipped 26 w_cons parameters to delta_max=0.0300 bound.
2026-08-11 19:02:12 | sleep.weights.plasticity       | INFO  | Hard-clipped 26 w_cons parameters to delta_max=0.0300 bound.
2026-08-11 19:02:12 | sleep.weights.plasticity       | INFO  | Hard-clipped 30 w_cons parameters to delta_max=0.0300 bound.
2026-08-11 19:02:13 | sleep.weights.plasticity       | INFO  | Hard-clipped 33 w_cons parameters to delta_max=0.0300 bound.
2026-08-11 19:02:13 | sleep.weights.plasticity       | INFO  | Hard-clipped 35 w_cons parameters to delta_max=0.0300 bound.
2026-08-11 19:02:14 | sleep.weights.plasticity       | INFO  | Hard-clipped 36 w_cons parameters to delta_max=0.0300 bound.
2026-08-11 19:02:14 | sleep.weights.plasticity       | INFO  | Hard-clipped 36 w_cons parameters to delta_max=0.0300 bound.
2026-08-11 19:02:15 | sleep.weights.plasticity       | INFO  | Hard-clipped 36 w_cons parameters to delta_max=0.0300 bound.
2026-08-11 19:02:15 | sleep.weights.plasticity       | INFO  | Hard-clipped 36 w_cons parameters to delta_max=0.0300 bound.
2026-08-11 19:02:16 | sleep.weights.plasticity       | INFO  | Hard-clipped 37 w_cons parameters to delta_max=0.0300 bound.
2026-08-11 19:02:16 | sleep.weights.plasticity       | INFO  | Hard-clipped 37 w_cons parameters to delta_max=0.0300 bound.
2026-08-11 19:02:17 | sleep.weights.plasticity       | INFO  | Hard-clipped 37 w_cons parameters to delta_max=0.0300 bound.
2026-08-11 19:02:17 | sleep.weights.plasticity       | INFO  | Hard-clipped 38 w_cons parameters to delta_max=0.0300 bound.
2026-08-11 19:02:18 | sleep.weights.plasticity       | INFO  | Hard-clipped 38 w_cons parameters to delta_max=0.0300 bound.
2026-08-11 19:02:18 | sleep.weights.plasticity       | INFO  | Hard-clipped 38 w_cons parameters to delta_max=0.0300 bound.
2026-08-11 19:02:19 | sleep.weights.plasticity       | INFO  | Hard-clipped 38 w_cons parameters to delta_max=0.0300 bound.
2026-08-11 19:02:19 | sleep.weights.plasticity       | INFO  | Hard-clipped 38 w_cons parameters to delta_max=0.0300 bound.
2026-08-11 19:02:20 | sleep.weights.plasticity       | INFO  | Hard-clipped 38 w_cons parameters to delta_max=0.0300 bound.
2026-08-11 19:02:20 | sleep.weights.plasticity       | INFO  | Hard-clipped 38 w_cons parameters to delta_max=0.0300 bound.
2026-08-11 19:02:21 | sleep.weights.plasticity       | INFO  | Hard-clipped 39 w_cons parameters to delta_max=0.0300 bound.
2026-08-11 19:02:21 | sleep.weights.plasticity       | INFO  | Hard-clipped 39 w_cons parameters to delta_max=0.0300 bound.
2026-08-11 19:02:22 | sleep.weights.plasticity       | INFO  | Hard-clipped 39 w_cons parameters to delta_max=0.0300 bound.
2026-08-11 19:02:22 | sleep.weights.plasticity       | INFO  | Hard-clipped 38 w_cons parameters to delta_max=0.0300 bound.
2026-08-11 19:02:23 | sleep.weights.plasticity       | INFO  | Hard-clipped 34 w_cons parameters to delta_max=0.0300 bound.
2026-08-11 19:02:23 | sleep.weights.plasticity       | INFO  | Hard-clipped 32 w_cons parameters to delta_max=0.0300 bound.
2026-08-11 19:02:24 | sleep.weights.plasticity       | INFO  | Hard-clipped 28 w_cons parameters to delta_max=0.0300 bound.
2026-08-11 19:02:24 | sleep.weights.plasticity       | INFO  | Hard-clipped 23 w_cons parameters to delta_max=0.0300 bound.
2026-08-11 19:02:25 | sleep.weights.plasticity       | INFO  | Hard-clipped 22 w_cons parameters to delta_max=0.0300 bound.
2026-08-11 19:02:25 | sleep.weights.plasticity       | INFO  | Hard-clipped 24 w_cons parameters to delta_max=0.0300 bound.
2026-08-11 19:02:26 | sleep.weights.plasticity       | INFO  | Hard-clipped 23 w_cons parameters to delta_max=0.0300 bound.
2026-08-11 19:02:26 | sleep.weights.plasticity       | INFO  | Hard-clipped 21 w_cons parameters to delta_max=0.0300 bound.
2026-08-11 19:02:27 | sleep.weights.plasticity       | INFO  | Hard-clipped 20 w_cons parameters to delta_max=0.0300 bound.
2026-08-11 19:02:27 | sleep.weights.plasticity       | INFO  | Hard-clipped 21 w_cons parameters to delta_max=0.0300 bound.
2026-08-11 19:02:28 | sleep.weights.plasticity       | INFO  | Hard-clipped 21 w_cons parameters to delta_max=0.0300 bound.
2026-08-11 19:02:28 | sleep.weights.plasticity       | INFO  | Hard-clipped 21 w_cons parameters to delta_max=0.0300 bound.
2026-08-11 19:02:29 | sleep.weights.plasticity       | INFO  | Hard-clipped 22 w_cons parameters to delta_max=0.0300 bound.
2026-08-11 19:02:29 | sleep.weights.plasticity       | INFO  | Hard-clipped 23 w_cons parameters to delta_max=0.0300 bound.
2026-08-11 19:02:30 | sleep.weights.plasticity       | INFO  | Hard-clipped 23 w_cons parameters to delta_max=0.0300 bound.
2026-08-11 19:02:30 | sleep.weights.plasticity       | INFO  | Hard-clipped 23 w_cons parameters to delta_max=0.0300 bound.
2026-08-11 19:02:31 | sleep.weights.plasticity       | INFO  | Hard-clipped 23 w_cons parameters to delta_max=0.0300 bound.
2026-08-11 19:02:31 | sleep.weights.plasticity       | INFO  | Hard-clipped 24 w_cons parameters to delta_max=0.0300 bound.
2026-08-11 19:02:32 | sleep.weights.plasticity       | INFO  | Hard-clipped 24 w_cons parameters to delta_max=0.0300 bound.
2026-08-11 19:02:33 | sleep.weights.plasticity       | INFO  | Hard-clipped 25 w_cons parameters to delta_max=0.0300 bound.
2026-08-11 19:02:33 | sleep.weights.plasticity       | INFO  | Hard-clipped 27 w_cons parameters to delta_max=0.0300 bound.
2026-08-11 19:02:34 | sleep.weights.plasticity       | INFO  | Hard-clipped 27 w_cons parameters to delta_max=0.0300 bound.
2026-08-11 19:02:34 | sleep.weights.plasticity       | INFO  | Hard-clipped 28 w_cons parameters to delta_max=0.0300 bound.
2026-08-11 19:02:35 | sleep.weights.plasticity       | INFO  | Hard-clipped 27 w_cons parameters to delta_max=0.0300 bound.
2026-08-11 19:02:35 | sleep.weights.plasticity       | INFO  | Hard-clipped 28 w_cons parameters to delta_max=0.0300 bound.
2026-08-11 19:02:36 | sleep.weights.plasticity       | INFO  | Hard-clipped 29 w_cons parameters to delta_max=0.0300 bound.
2026-08-11 19:02:36 | sleep.weights.plasticity       | INFO  | Hard-clipped 29 w_cons parameters to delta_max=0.0300 bound.
2026-08-11 19:02:37 | sleep.weights.plasticity       | INFO  | Hard-clipped 30 w_cons parameters to delta_max=0.0300 bound.
2026-08-11 19:02:37 | sleep.weights.plasticity       | INFO  | Hard-clipped 32 w_cons parameters to delta_max=0.0300 bound.
2026-08-11 19:02:38 | sleep.weights.plasticity       | INFO  | Hard-clipped 32 w_cons parameters to delta_max=0.0300 bound.
2026-08-11 19:02:38 | sleep.weights.plasticity       | INFO  | Hard-clipped 32 w_cons parameters to delta_max=0.0300 bound.
2026-08-11 19:02:39 | sleep.weights.plasticity       | INFO  | Hard-clipped 33 w_cons parameters to delta_max=0.0300 bound.
2026-08-11 19:02:39 | sleep.weights.plasticity       | INFO  | Hard-clipped 34 w_cons parameters to delta_max=0.0300 bound.
2026-08-11 19:02:40 | sleep.weights.plasticity       | INFO  | Hard-clipped 33 w_cons parameters to delta_max=0.0300 bound.
2026-08-11 19:02:40 | sleep.weights.plasticity       | INFO  | Hard-clipped 33 w_cons parameters to delta_max=0.0300 bound.
2026-08-11 19:02:41 | sleep.weights.plasticity       | INFO  | Hard-clipped 33 w_cons parameters to delta_max=0.0300 bound.
2026-08-11 19:02:41 | sleep.weights.plasticity       | INFO  | Hard-clipped 33 w_cons parameters to delta_max=0.0300 bound.
2026-08-11 19:02:42 | sleep.weights.plasticity       | INFO  | Hard-clipped 32 w_cons parameters to delta_max=0.0300 bound.
2026-08-11 19:02:42 | sleep.weights.plasticity       | INFO  | Hard-clipped 35 w_cons parameters to delta_max=0.0300 bound.
2026-08-11 19:02:43 | sleep.weights.plasticity       | INFO  | Hard-clipped 35 w_cons parameters to delta_max=0.0300 bound.
2026-08-11 19:02:43 | sleep.weights.plasticity       | INFO  | Hard-clipped 34 w_cons parameters to delta_max=0.0300 bound.
2026-08-11 19:02:44 | sleep.weights.plasticity       | INFO  | Hard-clipped 35 w_cons parameters to delta_max=0.0300 bound.
2026-08-11 19:02:44 | sleep.weights.plasticity       | INFO  | Hard-clipped 36 w_cons parameters to delta_max=0.0300 bound.
2026-08-11 19:02:45 | sleep.weights.plasticity       | INFO  | Hard-clipped 37 w_cons parameters to delta_max=0.0300 bound.
2026-08-11 19:02:45 | sleep.weights.plasticity       | INFO  | Hard-clipped 36 w_cons parameters to delta_max=0.0300 bound.
2026-08-11 19:02:46 | sleep.weights.plasticity       | INFO  | Hard-clipped 32 w_cons parameters to delta_max=0.0300 bound.
2026-08-11 19:02:46 | sleep.weights.plasticity       | INFO  | Hard-clipped 35 w_cons parameters to delta_max=0.0300 bound.
2026-08-11 19:02:46 | sleep.sleep_engine.train       | INFO  |   step 1050/1500 | loss=0.2622 | mean_loss=0.6820 | eta=4 | lr=2.50e-05
2026-08-11 19:02:47 | sleep.weights.plasticity       | INFO  | Hard-clipped 36 w_cons parameters to delta_max=0.0300 bound.
2026-08-11 19:02:47 | sleep.weights.plasticity       | INFO  | Hard-clipped 35 w_cons parameters to delta_max=0.0300 bound.
2026-08-11 19:02:48 | sleep.weights.plasticity       | INFO  | Hard-clipped 34 w_cons parameters to delta_max=0.0300 bound.
2026-08-11 19:02:48 | sleep.weights.plasticity       | INFO  | Hard-clipped 34 w_cons parameters to delta_max=0.0300 bound.
2026-08-11 19:02:49 | sleep.weights.plasticity       | INFO  | Hard-clipped 33 w_cons parameters to delta_max=0.0300 bound.
2026-08-11 19:02:49 | sleep.weights.plasticity       | INFO  | Hard-clipped 29 w_cons parameters to delta_max=0.0300 bound.
2026-08-11 19:02:50 | sleep.weights.plasticity       | INFO  | Hard-clipped 29 w_cons parameters to delta_max=0.0300 bound.
2026-08-11 19:02:50 | sleep.weights.plasticity       | INFO  | Hard-clipped 19 w_cons parameters to delta_max=0.0300 bound.
2026-08-11 19:02:51 | sleep.weights.plasticity       | INFO  | Hard-clipped 21 w_cons parameters to delta_max=0.0300 bound.
2026-08-11 19:02:51 | sleep.weights.plasticity       | INFO  | Hard-clipped 22 w_cons parameters to delta_max=0.0300 bound.
2026-08-11 19:02:52 | sleep.weights.plasticity       | INFO  | Hard-clipped 25 w_cons parameters to delta_max=0.0300 bound.
2026-08-11 19:02:52 | sleep.weights.plasticity       | INFO  | Hard-clipped 25 w_cons parameters to delta_max=0.0300 bound.
2026-08-11 19:02:53 | sleep.weights.plasticity       | INFO  | Hard-clipped 27 w_cons parameters to delta_max=0.0300 bound.
2026-08-11 19:02:53 | sleep.weights.plasticity       | INFO  | Hard-clipped 30 w_cons parameters to delta_max=0.0300 bound.
2026-08-11 19:02:54 | sleep.weights.plasticity       | INFO  | Hard-clipped 33 w_cons parameters to delta_max=0.0300 bound.
2026-08-11 19:02:54 | sleep.weights.plasticity       | INFO  | Hard-clipped 26 w_cons parameters to delta_max=0.0300 bound.
2026-08-11 19:02:55 | sleep.weights.plasticity       | INFO  | Hard-clipped 29 w_cons parameters to delta_max=0.0300 bound.
2026-08-11 19:02:55 | sleep.weights.plasticity       | INFO  | Hard-clipped 35 w_cons parameters to delta_max=0.0300 bound.
2026-08-11 19:02:56 | sleep.weights.plasticity       | INFO  | Hard-clipped 31 w_cons parameters to delta_max=0.0300 bound.
2026-08-11 19:02:56 | sleep.weights.plasticity       | INFO  | Hard-clipped 35 w_cons parameters to delta_max=0.0300 bound.
2026-08-11 19:02:57 | sleep.weights.plasticity       | INFO  | Hard-clipped 36 w_cons parameters to delta_max=0.0300 bound.
2026-08-11 19:02:57 | sleep.weights.plasticity       | INFO  | Hard-clipped 36 w_cons parameters to delta_max=0.0300 bound.
2026-08-11 19:02:58 | sleep.weights.plasticity       | INFO  | Hard-clipped 37 w_cons parameters to delta_max=0.0300 bound.
2026-08-11 19:02:58 | sleep.weights.plasticity       | INFO  | Hard-clipped 37 w_cons parameters to delta_max=0.0300 bound.
2026-08-11 19:02:59 | sleep.weights.plasticity       | INFO  | Hard-clipped 37 w_cons parameters to delta_max=0.0300 bound.
2026-08-11 19:02:59 | sleep.weights.plasticity       | INFO  | Hard-clipped 37 w_cons parameters to delta_max=0.0300 bound.
2026-08-11 19:03:00 | sleep.weights.plasticity       | INFO  | Hard-clipped 37 w_cons parameters to delta_max=0.0300 bound.
2026-08-11 19:03:00 | sleep.weights.plasticity       | INFO  | Hard-clipped 37 w_cons parameters to delta_max=0.0300 bound.
2026-08-11 19:03:01 | sleep.weights.plasticity       | INFO  | Hard-clipped 36 w_cons parameters to delta_max=0.0300 bound.
2026-08-11 19:03:02 | sleep.weights.plasticity       | INFO  | Hard-clipped 34 w_cons parameters to delta_max=0.0300 bound.
2026-08-11 19:03:02 | sleep.weights.plasticity       | INFO  | Hard-clipped 32 w_cons parameters to delta_max=0.0300 bound.
2026-08-11 19:03:03 | sleep.weights.plasticity       | INFO  | Hard-clipped 33 w_cons parameters to delta_max=0.0300 bound.
2026-08-11 19:03:03 | sleep.weights.plasticity       | INFO  | Hard-clipped 34 w_cons parameters to delta_max=0.0300 bound.
2026-08-11 19:03:04 | sleep.weights.plasticity       | INFO  | Hard-clipped 34 w_cons parameters to delta_max=0.0300 bound.
2026-08-11 19:03:04 | sleep.weights.plasticity       | INFO  | Hard-clipped 35 w_cons parameters to delta_max=0.0300 bound.
2026-08-11 19:03:05 | sleep.weights.plasticity       | INFO  | Hard-clipped 37 w_cons parameters to delta_max=0.0300 bound.
2026-08-11 19:03:05 | sleep.weights.plasticity       | INFO  | Hard-clipped 35 w_cons parameters to delta_max=0.0300 bound.
2026-08-11 19:03:06 | sleep.weights.plasticity       | INFO  | Hard-clipped 36 w_cons parameters to delta_max=0.0300 bound.
2026-08-11 19:03:06 | sleep.weights.plasticity       | INFO  | Hard-clipped 37 w_cons parameters to delta_max=0.0300 bound.
2026-08-11 19:03:07 | sleep.weights.plasticity       | INFO  | Hard-clipped 39 w_cons parameters to delta_max=0.0300 bound.
2026-08-11 19:03:07 | sleep.weights.plasticity       | INFO  | Hard-clipped 39 w_cons parameters to delta_max=0.0300 bound.
2026-08-11 19:03:08 | sleep.weights.plasticity       | INFO  | Hard-clipped 39 w_cons parameters to delta_max=0.0300 bound.
2026-08-11 19:03:08 | sleep.weights.plasticity       | INFO  | Hard-clipped 39 w_cons parameters to delta_max=0.0300 bound.
2026-08-11 19:03:09 | sleep.weights.plasticity       | INFO  | Hard-clipped 39 w_cons parameters to delta_max=0.0300 bound.
2026-08-11 19:03:09 | sleep.weights.plasticity       | INFO  | Hard-clipped 34 w_cons parameters to delta_max=0.0300 bound.
2026-08-11 19:03:09 | sleep.weights.plasticity       | INFO  | Hard-clipped 29 w_cons parameters to delta_max=0.0300 bound.
2026-08-11 19:03:10 | sleep.weights.plasticity       | INFO  | Hard-clipped 26 w_cons parameters to delta_max=0.0300 bound.
2026-08-11 19:03:11 | sleep.weights.plasticity       | INFO  | Hard-clipped 32 w_cons parameters to delta_max=0.0300 bound.
2026-08-11 19:03:11 | sleep.weights.plasticity       | INFO  | Hard-clipped 29 w_cons parameters to delta_max=0.0300 bound.
2026-08-11 19:03:12 | sleep.weights.plasticity       | INFO  | Hard-clipped 29 w_cons parameters to delta_max=0.0300 bound.
2026-08-11 19:03:12 | sleep.weights.plasticity       | INFO  | Hard-clipped 29 w_cons parameters to delta_max=0.0300 bound.
2026-08-11 19:03:13 | sleep.weights.plasticity       | INFO  | Hard-clipped 30 w_cons parameters to delta_max=0.0300 bound.
2026-08-11 19:03:13 | sleep.weights.plasticity       | INFO  | Hard-clipped 31 w_cons parameters to delta_max=0.0300 bound.
2026-08-11 19:03:14 | sleep.weights.plasticity       | INFO  | Hard-clipped 29 w_cons parameters to delta_max=0.0300 bound.
2026-08-11 19:03:14 | sleep.weights.plasticity       | INFO  | Hard-clipped 31 w_cons parameters to delta_max=0.0300 bound.
2026-08-11 19:03:15 | sleep.weights.plasticity       | INFO  | Hard-clipped 24 w_cons parameters to delta_max=0.0300 bound.
2026-08-11 19:03:15 | sleep.weights.plasticity       | INFO  | Hard-clipped 30 w_cons parameters to delta_max=0.0300 bound.
2026-08-11 19:03:16 | sleep.weights.plasticity       | INFO  | Hard-clipped 35 w_cons parameters to delta_max=0.0300 bound.
2026-08-11 19:03:16 | sleep.weights.plasticity       | INFO  | Hard-clipped 36 w_cons parameters to delta_max=0.0300 bound.
2026-08-11 19:03:17 | sleep.weights.plasticity       | INFO  | Hard-clipped 36 w_cons parameters to delta_max=0.0300 bound.
2026-08-11 19:03:17 | sleep.weights.plasticity       | INFO  | Hard-clipped 37 w_cons parameters to delta_max=0.0300 bound.
2026-08-11 19:03:18 | sleep.weights.plasticity       | INFO  | Hard-clipped 37 w_cons parameters to delta_max=0.0300 bound.
2026-08-11 19:03:18 | sleep.weights.plasticity       | INFO  | Hard-clipped 36 w_cons parameters to delta_max=0.0300 bound.
2026-08-11 19:03:19 | sleep.weights.plasticity       | INFO  | Hard-clipped 36 w_cons parameters to delta_max=0.0300 bound.
2026-08-11 19:03:19 | sleep.weights.plasticity       | INFO  | Hard-clipped 37 w_cons parameters to delta_max=0.0300 bound.
2026-08-11 19:03:20 | sleep.weights.plasticity       | INFO  | Hard-clipped 39 w_cons parameters to delta_max=0.0300 bound.
2026-08-11 19:03:20 | sleep.weights.plasticity       | INFO  | Hard-clipped 40 w_cons parameters to delta_max=0.0300 bound.
2026-08-11 19:03:21 | sleep.weights.plasticity       | INFO  | Hard-clipped 40 w_cons parameters to delta_max=0.0300 bound.
2026-08-11 19:03:21 | sleep.weights.plasticity       | INFO  | Hard-clipped 30 w_cons parameters to delta_max=0.0300 bound.
2026-08-11 19:03:22 | sleep.weights.plasticity       | INFO  | Hard-clipped 32 w_cons parameters to delta_max=0.0300 bound.
2026-08-11 19:03:22 | sleep.weights.plasticity       | INFO  | Hard-clipped 33 w_cons parameters to delta_max=0.0300 bound.
2026-08-11 19:03:23 | sleep.weights.plasticity       | INFO  | Hard-clipped 28 w_cons parameters to delta_max=0.0300 bound.
2026-08-11 19:03:23 | sleep.weights.plasticity       | INFO  | Hard-clipped 33 w_cons parameters to delta_max=0.0300 bound.
2026-08-11 19:03:24 | sleep.weights.plasticity       | INFO  | Hard-clipped 33 w_cons parameters to delta_max=0.0300 bound.
2026-08-11 19:03:24 | sleep.weights.plasticity       | INFO  | Hard-clipped 35 w_cons parameters to delta_max=0.0300 bound.
2026-08-11 19:03:25 | sleep.weights.plasticity       | INFO  | Hard-clipped 34 w_cons parameters to delta_max=0.0300 bound.
2026-08-11 19:03:25 | sleep.weights.plasticity       | INFO  | Hard-clipped 32 w_cons parameters to delta_max=0.0300 bound.
2026-08-11 19:03:26 | sleep.weights.plasticity       | INFO  | Hard-clipped 30 w_cons parameters to delta_max=0.0300 bound.
2026-08-11 19:03:26 | sleep.weights.plasticity       | INFO  | Hard-clipped 29 w_cons parameters to delta_max=0.0300 bound.
2026-08-11 19:03:27 | sleep.weights.plasticity       | INFO  | Hard-clipped 31 w_cons parameters to delta_max=0.0300 bound.
2026-08-11 19:03:27 | sleep.weights.plasticity       | INFO  | Hard-clipped 30 w_cons parameters to delta_max=0.0300 bound.
2026-08-11 19:03:28 | sleep.weights.plasticity       | INFO  | Hard-clipped 29 w_cons parameters to delta_max=0.0300 bound.
2026-08-11 19:03:28 | sleep.weights.plasticity       | INFO  | Hard-clipped 30 w_cons parameters to delta_max=0.0300 bound.
2026-08-11 19:03:28 | sleep.weights.plasticity       | INFO  | Hard-clipped 30 w_cons parameters to delta_max=0.0300 bound.
2026-08-11 19:03:29 | sleep.weights.plasticity       | INFO  | Hard-clipped 29 w_cons parameters to delta_max=0.0300 bound.
2026-08-11 19:03:30 | sleep.weights.plasticity       | INFO  | Hard-clipped 29 w_cons parameters to delta_max=0.0300 bound.
2026-08-11 19:03:30 | sleep.weights.plasticity       | INFO  | Hard-clipped 26 w_cons parameters to delta_max=0.0300 bound.
2026-08-11 19:03:31 | sleep.weights.plasticity       | INFO  | Hard-clipped 26 w_cons parameters to delta_max=0.0300 bound.
2026-08-11 19:03:31 | sleep.weights.plasticity       | INFO  | Hard-clipped 28 w_cons parameters to delta_max=0.0300 bound.
2026-08-11 19:03:31 | sleep.weights.plasticity       | INFO  | Hard-clipped 30 w_cons parameters to delta_max=0.0300 bound.
2026-08-11 19:03:32 | sleep.weights.plasticity       | INFO  | Hard-clipped 30 w_cons parameters to delta_max=0.0300 bound.
2026-08-11 19:03:33 | sleep.weights.plasticity       | INFO  | Hard-clipped 30 w_cons parameters to delta_max=0.0300 bound.
2026-08-11 19:03:33 | sleep.weights.plasticity       | INFO  | Hard-clipped 31 w_cons parameters to delta_max=0.0300 bound.
2026-08-11 19:03:34 | sleep.weights.plasticity       | INFO  | Hard-clipped 35 w_cons parameters to delta_max=0.0300 bound.
2026-08-11 19:03:34 | sleep.weights.plasticity       | INFO  | Hard-clipped 35 w_cons parameters to delta_max=0.0300 bound.
2026-08-11 19:03:35 | sleep.weights.plasticity       | INFO  | Hard-clipped 35 w_cons parameters to delta_max=0.0300 bound.
2026-08-11 19:03:35 | sleep.weights.plasticity       | INFO  | Hard-clipped 35 w_cons parameters to delta_max=0.0300 bound.
2026-08-11 19:03:36 | sleep.weights.plasticity       | INFO  | Hard-clipped 35 w_cons parameters to delta_max=0.0300 bound.
2026-08-11 19:03:36 | sleep.weights.plasticity       | INFO  | Hard-clipped 39 w_cons parameters to delta_max=0.0300 bound.
2026-08-11 19:03:37 | sleep.weights.plasticity       | INFO  | Hard-clipped 39 w_cons parameters to delta_max=0.0300 bound.
2026-08-11 19:03:37 | sleep.weights.plasticity       | INFO  | Hard-clipped 38 w_cons parameters to delta_max=0.0300 bound.
2026-08-11 19:03:38 | sleep.weights.plasticity       | INFO  | Hard-clipped 38 w_cons parameters to delta_max=0.0300 bound.
2026-08-11 19:03:38 | sleep.weights.plasticity       | INFO  | Hard-clipped 33 w_cons parameters to delta_max=0.0300 bound.
2026-08-11 19:03:39 | sleep.weights.plasticity       | INFO  | Hard-clipped 24 w_cons parameters to delta_max=0.0300 bound.
2026-08-11 19:03:39 | sleep.weights.plasticity       | INFO  | Hard-clipped 22 w_cons parameters to delta_max=0.0300 bound.
2026-08-11 19:03:40 | sleep.weights.plasticity       | INFO  | Hard-clipped 23 w_cons parameters to delta_max=0.0300 bound.
2026-08-11 19:03:40 | sleep.weights.plasticity       | INFO  | Hard-clipped 25 w_cons parameters to delta_max=0.0300 bound.
2026-08-11 19:03:41 | sleep.weights.plasticity       | INFO  | Hard-clipped 24 w_cons parameters to delta_max=0.0300 bound.
2026-08-11 19:03:41 | sleep.weights.plasticity       | INFO  | Hard-clipped 27 w_cons parameters to delta_max=0.0300 bound.
2026-08-11 19:03:42 | sleep.weights.plasticity       | INFO  | Hard-clipped 26 w_cons parameters to delta_max=0.0300 bound.
2026-08-11 19:03:42 | sleep.weights.plasticity       | INFO  | Hard-clipped 25 w_cons parameters to delta_max=0.0300 bound.
2026-08-11 19:03:43 | sleep.weights.plasticity       | INFO  | Hard-clipped 29 w_cons parameters to delta_max=0.0300 bound.
2026-08-11 19:03:43 | sleep.weights.plasticity       | INFO  | Hard-clipped 31 w_cons parameters to delta_max=0.0300 bound.
2026-08-11 19:03:44 | sleep.weights.plasticity       | INFO  | Hard-clipped 32 w_cons parameters to delta_max=0.0300 bound.
2026-08-11 19:03:44 | sleep.weights.plasticity       | INFO  | Hard-clipped 37 w_cons parameters to delta_max=0.0300 bound.
2026-08-11 19:03:45 | sleep.weights.plasticity       | INFO  | Hard-clipped 36 w_cons parameters to delta_max=0.0300 bound.
2026-08-11 19:03:45 | sleep.weights.plasticity       | INFO  | Hard-clipped 35 w_cons parameters to delta_max=0.0300 bound.
2026-08-11 19:03:46 | sleep.weights.plasticity       | INFO  | Hard-clipped 35 w_cons parameters to delta_max=0.0300 bound.
2026-08-11 19:03:46 | sleep.weights.plasticity       | INFO  | Hard-clipped 35 w_cons parameters to delta_max=0.0300 bound.
2026-08-11 19:03:47 | sleep.weights.plasticity       | INFO  | Hard-clipped 36 w_cons parameters to delta_max=0.0300 bound.
2026-08-11 19:03:47 | sleep.weights.plasticity       | INFO  | Hard-clipped 36 w_cons parameters to delta_max=0.0300 bound.
2026-08-11 19:03:48 | sleep.weights.plasticity       | INFO  | Hard-clipped 36 w_cons parameters to delta_max=0.0300 bound.
2026-08-11 19:03:48 | sleep.weights.plasticity       | INFO  | Hard-clipped 36 w_cons parameters to delta_max=0.0300 bound.
2026-08-11 19:03:49 | sleep.weights.plasticity       | INFO  | Hard-clipped 36 w_cons parameters to delta_max=0.0300 bound.
2026-08-11 19:03:49 | sleep.weights.plasticity       | INFO  | Hard-clipped 36 w_cons parameters to delta_max=0.0300 bound.
2026-08-11 19:03:50 | sleep.weights.plasticity       | INFO  | Hard-clipped 36 w_cons parameters to delta_max=0.0300 bound.
2026-08-11 19:03:50 | sleep.weights.plasticity       | INFO  | Hard-clipped 36 w_cons parameters to delta_max=0.0300 bound.
2026-08-11 19:03:51 | sleep.weights.plasticity       | INFO  | Hard-clipped 35 w_cons parameters to delta_max=0.0300 bound.
2026-08-11 19:03:51 | sleep.weights.plasticity       | INFO  | Hard-clipped 36 w_cons parameters to delta_max=0.0300 bound.
2026-08-11 19:03:52 | sleep.weights.plasticity       | INFO  | Hard-clipped 36 w_cons parameters to delta_max=0.0300 bound.
2026-08-11 19:03:52 | sleep.weights.plasticity       | INFO  | Hard-clipped 36 w_cons parameters to delta_max=0.0300 bound.
2026-08-11 19:03:53 | sleep.weights.plasticity       | INFO  | Hard-clipped 36 w_cons parameters to delta_max=0.0300 bound.
2026-08-11 19:03:53 | sleep.weights.plasticity       | INFO  | Hard-clipped 36 w_cons parameters to delta_max=0.0300 bound.
2026-08-11 19:03:54 | sleep.weights.plasticity       | INFO  | Hard-clipped 36 w_cons parameters to delta_max=0.0300 bound.
2026-08-11 19:03:54 | sleep.weights.plasticity       | INFO  | Hard-clipped 36 w_cons parameters to delta_max=0.0300 bound.
2026-08-11 19:03:55 | sleep.weights.plasticity       | INFO  | Hard-clipped 35 w_cons parameters to delta_max=0.0300 bound.
2026-08-11 19:03:55 | sleep.weights.plasticity       | INFO  | Hard-clipped 36 w_cons parameters to delta_max=0.0300 bound.
2026-08-11 19:03:56 | sleep.weights.plasticity       | INFO  | Hard-clipped 29 w_cons parameters to delta_max=0.0300 bound.
2026-08-11 19:03:56 | sleep.weights.plasticity       | INFO  | Hard-clipped 36 w_cons parameters to delta_max=0.0300 bound.
2026-08-11 19:03:57 | sleep.weights.plasticity       | INFO  | Hard-clipped 38 w_cons parameters to delta_max=0.0300 bound.
2026-08-11 19:03:57 | sleep.weights.plasticity       | INFO  | Hard-clipped 36 w_cons parameters to delta_max=0.0300 bound.
2026-08-11 19:03:58 | sleep.weights.plasticity       | INFO  | Hard-clipped 29 w_cons parameters to delta_max=0.0300 bound.
2026-08-11 19:03:58 | sleep.weights.plasticity       | INFO  | Hard-clipped 38 w_cons parameters to delta_max=0.0300 bound.
2026-08-11 19:03:59 | sleep.weights.plasticity       | INFO  | Hard-clipped 31 w_cons parameters to delta_max=0.0300 bound.
2026-08-11 19:03:59 | sleep.weights.plasticity       | INFO  | Hard-clipped 36 w_cons parameters to delta_max=0.0300 bound.
2026-08-11 19:04:00 | sleep.weights.plasticity       | INFO  | Hard-clipped 37 w_cons parameters to delta_max=0.0300 bound.
2026-08-11 19:04:00 | sleep.weights.plasticity       | INFO  | Hard-clipped 35 w_cons parameters to delta_max=0.0300 bound.
2026-08-11 19:04:01 | sleep.weights.plasticity       | INFO  | Hard-clipped 36 w_cons parameters to delta_max=0.0300 bound.
2026-08-11 19:04:01 | sleep.weights.plasticity       | INFO  | Hard-clipped 37 w_cons parameters to delta_max=0.0300 bound.
2026-08-11 19:04:02 | sleep.weights.plasticity       | INFO  | Hard-clipped 36 w_cons parameters to delta_max=0.0300 bound.
2026-08-11 19:04:02 | sleep.sleep_engine.train       | INFO  |   step 1200/1500 | loss=0.2649 | mean_loss=0.6313 | eta=9 | lr=1.17e-05
2026-08-11 19:04:03 | sleep.weights.plasticity       | INFO  | Hard-clipped 36 w_cons parameters to delta_max=0.0300 bound.
2026-08-11 19:04:03 | sleep.weights.plasticity       | INFO  | Hard-clipped 37 w_cons parameters to delta_max=0.0300 bound.
2026-08-11 19:04:04 | sleep.weights.plasticity       | INFO  | Hard-clipped 38 w_cons parameters to delta_max=0.0300 bound.
2026-08-11 19:04:04 | sleep.weights.plasticity       | INFO  | Hard-clipped 38 w_cons parameters to delta_max=0.0300 bound.
2026-08-11 19:04:05 | sleep.weights.plasticity       | INFO  | Hard-clipped 38 w_cons parameters to delta_max=0.0300 bound.
2026-08-11 19:04:05 | sleep.weights.plasticity       | INFO  | Hard-clipped 39 w_cons parameters to delta_max=0.0300 bound.
2026-08-11 19:04:06 | sleep.weights.plasticity       | INFO  | Hard-clipped 39 w_cons parameters to delta_max=0.0300 bound.
2026-08-11 19:04:06 | sleep.weights.plasticity       | INFO  | Hard-clipped 32 w_cons parameters to delta_max=0.0300 bound.
2026-08-11 19:04:07 | sleep.weights.plasticity       | INFO  | Hard-clipped 36 w_cons parameters to delta_max=0.0300 bound.
2026-08-11 19:04:07 | sleep.weights.plasticity       | INFO  | Hard-clipped 38 w_cons parameters to delta_max=0.0300 bound.
2026-08-11 19:04:08 | sleep.weights.plasticity       | INFO  | Hard-clipped 36 w_cons parameters to delta_max=0.0300 bound.
2026-08-11 19:04:08 | sleep.weights.plasticity       | INFO  | Hard-clipped 39 w_cons parameters to delta_max=0.0300 bound.
2026-08-11 19:04:09 | sleep.weights.plasticity       | INFO  | Hard-clipped 40 w_cons parameters to delta_max=0.0300 bound.
2026-08-11 19:04:09 | sleep.weights.plasticity       | INFO  | Hard-clipped 40 w_cons parameters to delta_max=0.0300 bound.
2026-08-11 19:04:10 | sleep.weights.plasticity       | INFO  | Hard-clipped 40 w_cons parameters to delta_max=0.0300 bound.
2026-08-11 19:04:10 | sleep.weights.plasticity       | INFO  | Hard-clipped 40 w_cons parameters to delta_max=0.0300 bound.
2026-08-11 19:04:11 | sleep.weights.plasticity       | INFO  | Hard-clipped 40 w_cons parameters to delta_max=0.0300 bound.
2026-08-11 19:04:11 | sleep.weights.plasticity       | INFO  | Hard-clipped 40 w_cons parameters to delta_max=0.0300 bound.
2026-08-11 19:04:12 | sleep.weights.plasticity       | INFO  | Hard-clipped 40 w_cons parameters to delta_max=0.0300 bound.
2026-08-11 19:04:12 | sleep.weights.plasticity       | INFO  | Hard-clipped 39 w_cons parameters to delta_max=0.0300 bound.
2026-08-11 19:04:13 | sleep.weights.plasticity       | INFO  | Hard-clipped 36 w_cons parameters to delta_max=0.0300 bound.
2026-08-11 19:04:13 | sleep.weights.plasticity       | INFO  | Hard-clipped 29 w_cons parameters to delta_max=0.0300 bound.
2026-08-11 19:04:14 | sleep.weights.plasticity       | INFO  | Hard-clipped 26 w_cons parameters to delta_max=0.0300 bound.
2026-08-11 19:04:14 | sleep.weights.plasticity       | INFO  | Hard-clipped 27 w_cons parameters to delta_max=0.0300 bound.
2026-08-11 19:04:15 | sleep.weights.plasticity       | INFO  | Hard-clipped 27 w_cons parameters to delta_max=0.0300 bound.
2026-08-11 19:04:15 | sleep.weights.plasticity       | INFO  | Hard-clipped 29 w_cons parameters to delta_max=0.0300 bound.
2026-08-11 19:04:16 | sleep.weights.plasticity       | INFO  | Hard-clipped 29 w_cons parameters to delta_max=0.0300 bound.
2026-08-11 19:04:16 | sleep.weights.plasticity       | INFO  | Hard-clipped 30 w_cons parameters to delta_max=0.0300 bound.
2026-08-11 19:04:17 | sleep.weights.plasticity       | INFO  | Hard-clipped 27 w_cons parameters to delta_max=0.0300 bound.
2026-08-11 19:04:17 | sleep.weights.plasticity       | INFO  | Hard-clipped 27 w_cons parameters to delta_max=0.0300 bound.
2026-08-11 19:04:18 | sleep.weights.plasticity       | INFO  | Hard-clipped 28 w_cons parameters to delta_max=0.0300 bound.
2026-08-11 19:04:18 | sleep.weights.plasticity       | INFO  | Hard-clipped 29 w_cons parameters to delta_max=0.0300 bound.
2026-08-11 19:04:19 | sleep.weights.plasticity       | INFO  | Hard-clipped 32 w_cons parameters to delta_max=0.0300 bound.
2026-08-11 19:04:19 | sleep.weights.plasticity       | INFO  | Hard-clipped 32 w_cons parameters to delta_max=0.0300 bound.
2026-08-11 19:04:20 | sleep.weights.plasticity       | INFO  | Hard-clipped 32 w_cons parameters to delta_max=0.0300 bound.
2026-08-11 19:04:20 | sleep.weights.plasticity       | INFO  | Hard-clipped 21 w_cons parameters to delta_max=0.0300 bound.
2026-08-11 19:04:21 | sleep.weights.plasticity       | INFO  | Hard-clipped 29 w_cons parameters to delta_max=0.0300 bound.
2026-08-11 19:04:21 | sleep.weights.plasticity       | INFO  | Hard-clipped 28 w_cons parameters to delta_max=0.0300 bound.
2026-08-11 19:04:22 | sleep.weights.plasticity       | INFO  | Hard-clipped 25 w_cons parameters to delta_max=0.0300 bound.
2026-08-11 19:04:22 | sleep.weights.plasticity       | INFO  | Hard-clipped 18 w_cons parameters to delta_max=0.0300 bound.
2026-08-11 19:04:23 | sleep.weights.plasticity       | INFO  | Hard-clipped 19 w_cons parameters to delta_max=0.0300 bound.
2026-08-11 19:04:23 | sleep.weights.plasticity       | INFO  | Hard-clipped 18 w_cons parameters to delta_max=0.0300 bound.
2026-08-11 19:04:24 | sleep.weights.plasticity       | INFO  | Hard-clipped 21 w_cons parameters to delta_max=0.0300 bound.
2026-08-11 19:04:24 | sleep.weights.plasticity       | INFO  | Hard-clipped 23 w_cons parameters to delta_max=0.0300 bound.
2026-08-11 19:04:25 | sleep.weights.plasticity       | INFO  | Hard-clipped 25 w_cons parameters to delta_max=0.0300 bound.
2026-08-11 19:04:25 | sleep.weights.plasticity       | INFO  | Hard-clipped 29 w_cons parameters to delta_max=0.0300 bound.
2026-08-11 19:04:26 | sleep.weights.plasticity       | INFO  | Hard-clipped 29 w_cons parameters to delta_max=0.0300 bound.
2026-08-11 19:04:26 | sleep.weights.plasticity       | INFO  | Hard-clipped 30 w_cons parameters to delta_max=0.0300 bound.
2026-08-11 19:04:27 | sleep.weights.plasticity       | INFO  | Hard-clipped 31 w_cons parameters to delta_max=0.0300 bound.
2026-08-11 19:04:27 | sleep.weights.plasticity       | INFO  | Hard-clipped 33 w_cons parameters to delta_max=0.0300 bound.
2026-08-11 19:04:28 | sleep.weights.plasticity       | INFO  | Hard-clipped 34 w_cons parameters to delta_max=0.0300 bound.
2026-08-11 19:04:28 | sleep.weights.plasticity       | INFO  | Hard-clipped 34 w_cons parameters to delta_max=0.0300 bound.
2026-08-11 19:04:29 | sleep.weights.plasticity       | INFO  | Hard-clipped 34 w_cons parameters to delta_max=0.0300 bound.
2026-08-11 19:04:29 | sleep.weights.plasticity       | INFO  | Hard-clipped 36 w_cons parameters to delta_max=0.0300 bound.
2026-08-11 19:04:30 | sleep.weights.plasticity       | INFO  | Hard-clipped 36 w_cons parameters to delta_max=0.0300 bound.
2026-08-11 19:04:30 | sleep.weights.plasticity       | INFO  | Hard-clipped 36 w_cons parameters to delta_max=0.0300 bound.
2026-08-11 19:04:31 | sleep.weights.plasticity       | INFO  | Hard-clipped 36 w_cons parameters to delta_max=0.0300 bound.
2026-08-11 19:04:31 | sleep.weights.plasticity       | INFO  | Hard-clipped 36 w_cons parameters to delta_max=0.0300 bound.
2026-08-11 19:04:32 | sleep.weights.plasticity       | INFO  | Hard-clipped 37 w_cons parameters to delta_max=0.0300 bound.
2026-08-11 19:04:32 | sleep.weights.plasticity       | INFO  | Hard-clipped 38 w_cons parameters to delta_max=0.0300 bound.
2026-08-11 19:04:33 | sleep.weights.plasticity       | INFO  | Hard-clipped 38 w_cons parameters to delta_max=0.0300 bound.
2026-08-11 19:04:33 | sleep.weights.plasticity       | INFO  | Hard-clipped 38 w_cons parameters to delta_max=0.0300 bound.
2026-08-11 19:04:34 | sleep.weights.plasticity       | INFO  | Hard-clipped 38 w_cons parameters to delta_max=0.0300 bound.
2026-08-11 19:04:34 | sleep.weights.plasticity       | INFO  | Hard-clipped 39 w_cons parameters to delta_max=0.0300 bound.
2026-08-11 19:04:35 | sleep.weights.plasticity       | INFO  | Hard-clipped 39 w_cons parameters to delta_max=0.0300 bound.
2026-08-11 19:04:35 | sleep.weights.plasticity       | INFO  | Hard-clipped 40 w_cons parameters to delta_max=0.0300 bound.
2026-08-11 19:04:36 | sleep.weights.plasticity       | INFO  | Hard-clipped 40 w_cons parameters to delta_max=0.0300 bound.
2026-08-11 19:04:36 | sleep.weights.plasticity       | INFO  | Hard-clipped 39 w_cons parameters to delta_max=0.0300 bound.
2026-08-11 19:04:37 | sleep.weights.plasticity       | INFO  | Hard-clipped 39 w_cons parameters to delta_max=0.0300 bound.
2026-08-11 19:04:37 | sleep.weights.plasticity       | INFO  | Hard-clipped 39 w_cons parameters to delta_max=0.0300 bound.
2026-08-11 19:04:38 | sleep.weights.plasticity       | INFO  | Hard-clipped 39 w_cons parameters to delta_max=0.0300 bound.
2026-08-11 19:04:38 | sleep.weights.plasticity       | INFO  | Hard-clipped 36 w_cons parameters to delta_max=0.0300 bound.
2026-08-11 19:04:39 | sleep.weights.plasticity       | INFO  | Hard-clipped 38 w_cons parameters to delta_max=0.0300 bound.
2026-08-11 19:04:39 | sleep.weights.plasticity       | INFO  | Hard-clipped 39 w_cons parameters to delta_max=0.0300 bound.
2026-08-11 19:04:40 | sleep.weights.plasticity       | INFO  | Hard-clipped 33 w_cons parameters to delta_max=0.0300 bound.
2026-08-11 19:04:40 | sleep.weights.plasticity       | INFO  | Hard-clipped 28 w_cons parameters to delta_max=0.0300 bound.
2026-08-11 19:04:41 | sleep.weights.plasticity       | INFO  | Hard-clipped 35 w_cons parameters to delta_max=0.0300 bound.
2026-08-11 19:04:41 | sleep.weights.plasticity       | INFO  | Hard-clipped 37 w_cons parameters to delta_max=0.0300 bound.
2026-08-11 19:04:42 | sleep.weights.plasticity       | INFO  | Hard-clipped 32 w_cons parameters to delta_max=0.0300 bound.
2026-08-11 19:04:42 | sleep.weights.plasticity       | INFO  | Hard-clipped 27 w_cons parameters to delta_max=0.0300 bound.
2026-08-11 19:04:43 | sleep.weights.plasticity       | INFO  | Hard-clipped 22 w_cons parameters to delta_max=0.0300 bound.
2026-08-11 19:04:43 | sleep.weights.plasticity       | INFO  | Hard-clipped 23 w_cons parameters to delta_max=0.0300 bound.
2026-08-11 19:04:44 | sleep.weights.plasticity       | INFO  | Hard-clipped 24 w_cons parameters to delta_max=0.0300 bound.
2026-08-11 19:04:44 | sleep.weights.plasticity       | INFO  | Hard-clipped 24 w_cons parameters to delta_max=0.0300 bound.
2026-08-11 19:04:45 | sleep.weights.plasticity       | INFO  | Hard-clipped 24 w_cons parameters to delta_max=0.0300 bound.
2026-08-11 19:04:45 | sleep.weights.plasticity       | INFO  | Hard-clipped 25 w_cons parameters to delta_max=0.0300 bound.
2026-08-11 19:04:46 | sleep.weights.plasticity       | INFO  | Hard-clipped 25 w_cons parameters to delta_max=0.0300 bound.
2026-08-11 19:04:46 | sleep.weights.plasticity       | INFO  | Hard-clipped 25 w_cons parameters to delta_max=0.0300 bound.
2026-08-11 19:04:47 | sleep.weights.plasticity       | INFO  | Hard-clipped 25 w_cons parameters to delta_max=0.0300 bound.
2026-08-11 19:04:47 | sleep.weights.plasticity       | INFO  | Hard-clipped 24 w_cons parameters to delta_max=0.0300 bound.
2026-08-11 19:04:48 | sleep.weights.plasticity       | INFO  | Hard-clipped 25 w_cons parameters to delta_max=0.0300 bound.
2026-08-11 19:04:48 | sleep.weights.plasticity       | INFO  | Hard-clipped 25 w_cons parameters to delta_max=0.0300 bound.
2026-08-11 19:04:49 | sleep.weights.plasticity       | INFO  | Hard-clipped 24 w_cons parameters to delta_max=0.0300 bound.
2026-08-11 19:04:49 | sleep.weights.plasticity       | INFO  | Hard-clipped 24 w_cons parameters to delta_max=0.0300 bound.
2026-08-11 19:04:50 | sleep.weights.plasticity       | INFO  | Hard-clipped 26 w_cons parameters to delta_max=0.0300 bound.
2026-08-11 19:04:50 | sleep.weights.plasticity       | INFO  | Hard-clipped 26 w_cons parameters to delta_max=0.0300 bound.
2026-08-11 19:04:51 | sleep.weights.plasticity       | INFO  | Hard-clipped 20 w_cons parameters to delta_max=0.0300 bound.
2026-08-11 19:04:51 | sleep.weights.plasticity       | INFO  | Hard-clipped 14 w_cons parameters to delta_max=0.0300 bound.
2026-08-11 19:04:52 | sleep.weights.plasticity       | INFO  | Hard-clipped 19 w_cons parameters to delta_max=0.0300 bound.
2026-08-11 19:04:53 | sleep.weights.plasticity       | INFO  | Hard-clipped 21 w_cons parameters to delta_max=0.0300 bound.
2026-08-11 19:04:53 | sleep.weights.plasticity       | INFO  | Hard-clipped 22 w_cons parameters to delta_max=0.0300 bound.
2026-08-11 19:04:54 | sleep.weights.plasticity       | INFO  | Hard-clipped 25 w_cons parameters to delta_max=0.0300 bound.
2026-08-11 19:04:54 | sleep.weights.plasticity       | INFO  | Hard-clipped 26 w_cons parameters to delta_max=0.0300 bound.
2026-08-11 19:04:55 | sleep.weights.plasticity       | INFO  | Hard-clipped 26 w_cons parameters to delta_max=0.0300 bound.
2026-08-11 19:04:55 | sleep.weights.plasticity       | INFO  | Hard-clipped 26 w_cons parameters to delta_max=0.0300 bound.
2026-08-11 19:04:56 | sleep.weights.plasticity       | INFO  | Hard-clipped 26 w_cons parameters to delta_max=0.0300 bound.
2026-08-11 19:04:56 | sleep.weights.plasticity       | INFO  | Hard-clipped 27 w_cons parameters to delta_max=0.0300 bound.
2026-08-11 19:04:57 | sleep.weights.plasticity       | INFO  | Hard-clipped 30 w_cons parameters to delta_max=0.0300 bound.
2026-08-11 19:04:57 | sleep.weights.plasticity       | INFO  | Hard-clipped 30 w_cons parameters to delta_max=0.0300 bound.
2026-08-11 19:04:58 | sleep.weights.plasticity       | INFO  | Hard-clipped 28 w_cons parameters to delta_max=0.0300 bound.
2026-08-11 19:04:58 | sleep.weights.plasticity       | INFO  | Hard-clipped 29 w_cons parameters to delta_max=0.0300 bound.
2026-08-11 19:04:59 | sleep.weights.plasticity       | INFO  | Hard-clipped 28 w_cons parameters to delta_max=0.0300 bound.
2026-08-11 19:04:59 | sleep.weights.plasticity       | INFO  | Hard-clipped 29 w_cons parameters to delta_max=0.0300 bound.
2026-08-11 19:05:00 | sleep.weights.plasticity       | INFO  | Hard-clipped 29 w_cons parameters to delta_max=0.0300 bound.
2026-08-11 19:05:00 | sleep.weights.plasticity       | INFO  | Hard-clipped 30 w_cons parameters to delta_max=0.0300 bound.
2026-08-11 19:05:01 | sleep.weights.plasticity       | INFO  | Hard-clipped 32 w_cons parameters to delta_max=0.0300 bound.
2026-08-11 19:05:01 | sleep.weights.plasticity       | INFO  | Hard-clipped 32 w_cons parameters to delta_max=0.0300 bound.
2026-08-11 19:05:02 | sleep.weights.plasticity       | INFO  | Hard-clipped 32 w_cons parameters to delta_max=0.0300 bound.
2026-08-11 19:05:02 | sleep.weights.plasticity       | INFO  | Hard-clipped 33 w_cons parameters to delta_max=0.0300 bound.
2026-08-11 19:05:03 | sleep.weights.plasticity       | INFO  | Hard-clipped 29 w_cons parameters to delta_max=0.0300 bound.
2026-08-11 19:05:03 | sleep.weights.plasticity       | INFO  | Hard-clipped 34 w_cons parameters to delta_max=0.0300 bound.
2026-08-11 19:05:04 | sleep.weights.plasticity       | INFO  | Hard-clipped 28 w_cons parameters to delta_max=0.0300 bound.
2026-08-11 19:05:04 | sleep.weights.plasticity       | INFO  | Hard-clipped 33 w_cons parameters to delta_max=0.0300 bound.
2026-08-11 19:05:05 | sleep.weights.plasticity       | INFO  | Hard-clipped 24 w_cons parameters to delta_max=0.0300 bound.
2026-08-11 19:05:05 | sleep.weights.plasticity       | INFO  | Hard-clipped 21 w_cons parameters to delta_max=0.0300 bound.
2026-08-11 19:05:06 | sleep.weights.plasticity       | INFO  | Hard-clipped 19 w_cons parameters to delta_max=0.0300 bound.
2026-08-11 19:05:06 | sleep.weights.plasticity       | INFO  | Hard-clipped 23 w_cons parameters to delta_max=0.0300 bound.
2026-08-11 19:05:07 | sleep.weights.plasticity       | INFO  | Hard-clipped 20 w_cons parameters to delta_max=0.0300 bound.
2026-08-11 19:05:07 | sleep.weights.plasticity       | INFO  | Hard-clipped 19 w_cons parameters to delta_max=0.0300 bound.
2026-08-11 19:05:08 | sleep.weights.plasticity       | INFO  | Hard-clipped 21 w_cons parameters to delta_max=0.0300 bound.
2026-08-11 19:05:08 | sleep.weights.plasticity       | INFO  | Hard-clipped 23 w_cons parameters to delta_max=0.0300 bound.
2026-08-11 19:05:09 | sleep.weights.plasticity       | INFO  | Hard-clipped 19 w_cons parameters to delta_max=0.0300 bound.
2026-08-11 19:05:09 | sleep.weights.plasticity       | INFO  | Hard-clipped 18 w_cons parameters to delta_max=0.0300 bound.
2026-08-11 19:05:10 | sleep.weights.plasticity       | INFO  | Hard-clipped 17 w_cons parameters to delta_max=0.0300 bound.
2026-08-11 19:05:10 | sleep.weights.plasticity       | INFO  | Hard-clipped 18 w_cons parameters to delta_max=0.0300 bound.
2026-08-11 19:05:11 | sleep.weights.plasticity       | INFO  | Hard-clipped 21 w_cons parameters to delta_max=0.0300 bound.
2026-08-11 19:05:11 | sleep.weights.plasticity       | INFO  | Hard-clipped 18 w_cons parameters to delta_max=0.0300 bound.
2026-08-11 19:05:12 | sleep.weights.plasticity       | INFO  | Hard-clipped 10 w_cons parameters to delta_max=0.0300 bound.
2026-08-11 19:05:13 | sleep.weights.plasticity       | INFO  | Hard-clipped 10 w_cons parameters to delta_max=0.0300 bound.
2026-08-11 19:05:13 | sleep.weights.plasticity       | INFO  | Hard-clipped 12 w_cons parameters to delta_max=0.0300 bound.
2026-08-11 19:05:14 | sleep.weights.plasticity       | INFO  | Hard-clipped 8 w_cons parameters to delta_max=0.0300 bound.
2026-08-11 19:05:14 | sleep.weights.plasticity       | INFO  | Hard-clipped 11 w_cons parameters to delta_max=0.0300 bound.
2026-08-11 19:05:15 | sleep.weights.plasticity       | INFO  | Hard-clipped 9 w_cons parameters to delta_max=0.0300 bound.
2026-08-11 19:05:15 | sleep.weights.plasticity       | INFO  | Hard-clipped 11 w_cons parameters to delta_max=0.0300 bound.
2026-08-11 19:05:16 | sleep.weights.plasticity       | INFO  | Hard-clipped 11 w_cons parameters to delta_max=0.0300 bound.
2026-08-11 19:05:16 | sleep.weights.plasticity       | INFO  | Hard-clipped 11 w_cons parameters to delta_max=0.0300 bound.
2026-08-11 19:05:17 | sleep.weights.plasticity       | INFO  | Hard-clipped 16 w_cons parameters to delta_max=0.0300 bound.
2026-08-11 19:05:17 | sleep.weights.plasticity       | INFO  | Hard-clipped 18 w_cons parameters to delta_max=0.0300 bound.
2026-08-11 19:05:18 | sleep.weights.plasticity       | INFO  | Hard-clipped 17 w_cons parameters to delta_max=0.0300 bound.
2026-08-11 19:05:18 | sleep.weights.plasticity       | INFO  | Hard-clipped 18 w_cons parameters to delta_max=0.0300 bound.
2026-08-11 19:05:18 | sleep.sleep_engine.train       | INFO  |   step 1350/1500 | loss=0.2666 | mean_loss=0.5915 | eta=9 | lr=3.02e-06
2026-08-11 19:05:19 | sleep.weights.plasticity       | INFO  | Hard-clipped 16 w_cons parameters to delta_max=0.0300 bound.
2026-08-11 19:05:19 | sleep.weights.plasticity       | INFO  | Hard-clipped 18 w_cons parameters to delta_max=0.0300 bound.
2026-08-11 19:05:20 | sleep.weights.plasticity       | INFO  | Hard-clipped 21 w_cons parameters to delta_max=0.0300 bound.
2026-08-11 19:05:20 | sleep.weights.plasticity       | INFO  | Hard-clipped 25 w_cons parameters to delta_max=0.0300 bound.
2026-08-11 19:05:21 | sleep.weights.plasticity       | INFO  | Hard-clipped 25 w_cons parameters to delta_max=0.0300 bound.
2026-08-11 19:05:21 | sleep.weights.plasticity       | INFO  | Hard-clipped 25 w_cons parameters to delta_max=0.0300 bound.
2026-08-11 19:05:22 | sleep.weights.plasticity       | INFO  | Hard-clipped 25 w_cons parameters to delta_max=0.0300 bound.
2026-08-11 19:05:22 | sleep.weights.plasticity       | INFO  | Hard-clipped 26 w_cons parameters to delta_max=0.0300 bound.
2026-08-11 19:05:23 | sleep.weights.plasticity       | INFO  | Hard-clipped 27 w_cons parameters to delta_max=0.0300 bound.
2026-08-11 19:05:23 | sleep.weights.plasticity       | INFO  | Hard-clipped 27 w_cons parameters to delta_max=0.0300 bound.
2026-08-11 19:05:24 | sleep.weights.plasticity       | INFO  | Hard-clipped 26 w_cons parameters to delta_max=0.0300 bound.
2026-08-11 19:05:24 | sleep.weights.plasticity       | INFO  | Hard-clipped 26 w_cons parameters to delta_max=0.0300 bound.
2026-08-11 19:05:25 | sleep.weights.plasticity       | INFO  | Hard-clipped 24 w_cons parameters to delta_max=0.0300 bound.
2026-08-11 19:05:25 | sleep.weights.plasticity       | INFO  | Hard-clipped 25 w_cons parameters to delta_max=0.0300 bound.
2026-08-11 19:05:26 | sleep.weights.plasticity       | INFO  | Hard-clipped 24 w_cons parameters to delta_max=0.0300 bound.
2026-08-11 19:05:26 | sleep.weights.plasticity       | INFO  | Hard-clipped 26 w_cons parameters to delta_max=0.0300 bound.
2026-08-11 19:05:27 | sleep.weights.plasticity       | INFO  | Hard-clipped 24 w_cons parameters to delta_max=0.0300 bound.
2026-08-11 19:05:27 | sleep.weights.plasticity       | INFO  | Hard-clipped 23 w_cons parameters to delta_max=0.0300 bound.
2026-08-11 19:05:28 | sleep.weights.plasticity       | INFO  | Hard-clipped 23 w_cons parameters to delta_max=0.0300 bound.
2026-08-11 19:05:28 | sleep.weights.plasticity       | INFO  | Hard-clipped 23 w_cons parameters to delta_max=0.0300 bound.
2026-08-11 19:05:29 | sleep.weights.plasticity       | INFO  | Hard-clipped 25 w_cons parameters to delta_max=0.0300 bound.
2026-08-11 19:05:29 | sleep.weights.plasticity       | INFO  | Hard-clipped 26 w_cons parameters to delta_max=0.0300 bound.
2026-08-11 19:05:30 | sleep.weights.plasticity       | INFO  | Hard-clipped 27 w_cons parameters to delta_max=0.0300 bound.
2026-08-11 19:05:30 | sleep.weights.plasticity       | INFO  | Hard-clipped 28 w_cons parameters to delta_max=0.0300 bound.
2026-08-11 19:05:31 | sleep.weights.plasticity       | INFO  | Hard-clipped 28 w_cons parameters to delta_max=0.0300 bound.
2026-08-11 19:05:31 | sleep.weights.plasticity       | INFO  | Hard-clipped 29 w_cons parameters to delta_max=0.0300 bound.
2026-08-11 19:05:32 | sleep.weights.plasticity       | INFO  | Hard-clipped 31 w_cons parameters to delta_max=0.0300 bound.
2026-08-11 19:05:32 | sleep.weights.plasticity       | INFO  | Hard-clipped 31 w_cons parameters to delta_max=0.0300 bound.
2026-08-11 19:05:33 | sleep.weights.plasticity       | INFO  | Hard-clipped 31 w_cons parameters to delta_max=0.0300 bound.
2026-08-11 19:05:33 | sleep.weights.plasticity       | INFO  | Hard-clipped 31 w_cons parameters to delta_max=0.0300 bound.
2026-08-11 19:05:34 | sleep.weights.plasticity       | INFO  | Hard-clipped 32 w_cons parameters to delta_max=0.0300 bound.
2026-08-11 19:05:34 | sleep.weights.plasticity       | INFO  | Hard-clipped 32 w_cons parameters to delta_max=0.0300 bound.
2026-08-11 19:05:35 | sleep.weights.plasticity       | INFO  | Hard-clipped 32 w_cons parameters to delta_max=0.0300 bound.
2026-08-11 19:05:35 | sleep.weights.plasticity       | INFO  | Hard-clipped 31 w_cons parameters to delta_max=0.0300 bound.
2026-08-11 19:05:36 | sleep.weights.plasticity       | INFO  | Hard-clipped 29 w_cons parameters to delta_max=0.0300 bound.
2026-08-11 19:05:36 | sleep.weights.plasticity       | INFO  | Hard-clipped 29 w_cons parameters to delta_max=0.0300 bound.
2026-08-11 19:05:37 | sleep.weights.plasticity       | INFO  | Hard-clipped 27 w_cons parameters to delta_max=0.0300 bound.
2026-08-11 19:05:37 | sleep.weights.plasticity       | INFO  | Hard-clipped 27 w_cons parameters to delta_max=0.0300 bound.
2026-08-11 19:05:38 | sleep.weights.plasticity       | INFO  | Hard-clipped 23 w_cons parameters to delta_max=0.0300 bound.
2026-08-11 19:05:38 | sleep.weights.plasticity       | INFO  | Hard-clipped 27 w_cons parameters to delta_max=0.0300 bound.
2026-08-11 19:05:39 | sleep.weights.plasticity       | INFO  | Hard-clipped 21 w_cons parameters to delta_max=0.0300 bound.
2026-08-11 19:05:39 | sleep.weights.plasticity       | INFO  | Hard-clipped 14 w_cons parameters to delta_max=0.0300 bound.
2026-08-11 19:05:40 | sleep.weights.plasticity       | INFO  | Hard-clipped 14 w_cons parameters to delta_max=0.0300 bound.
2026-08-11 19:05:40 | sleep.weights.plasticity       | INFO  | Hard-clipped 16 w_cons parameters to delta_max=0.0300 bound.
2026-08-11 19:05:41 | sleep.weights.plasticity       | INFO  | Hard-clipped 9 w_cons parameters to delta_max=0.0300 bound.
2026-08-11 19:05:41 | sleep.weights.plasticity       | INFO  | Hard-clipped 8 w_cons parameters to delta_max=0.0300 bound.
2026-08-11 19:05:42 | sleep.weights.plasticity       | INFO  | Hard-clipped 12 w_cons parameters to delta_max=0.0300 bound.
2026-08-11 19:05:42 | sleep.weights.plasticity       | INFO  | Hard-clipped 14 w_cons parameters to delta_max=0.0300 bound.
2026-08-11 19:05:43 | sleep.weights.plasticity       | INFO  | Hard-clipped 15 w_cons parameters to delta_max=0.0300 bound.
2026-08-11 19:05:44 | sleep.weights.plasticity       | INFO  | Hard-clipped 12 w_cons parameters to delta_max=0.0300 bound.
2026-08-11 19:05:44 | sleep.weights.plasticity       | INFO  | Hard-clipped 13 w_cons parameters to delta_max=0.0300 bound.
2026-08-11 19:05:45 | sleep.weights.plasticity       | INFO  | Hard-clipped 16 w_cons parameters to delta_max=0.0300 bound.
2026-08-11 19:05:45 | sleep.weights.plasticity       | INFO  | Hard-clipped 18 w_cons parameters to delta_max=0.0300 bound.
2026-08-11 19:05:46 | sleep.weights.plasticity       | INFO  | Hard-clipped 19 w_cons parameters to delta_max=0.0300 bound.
2026-08-11 19:05:46 | sleep.weights.plasticity       | INFO  | Hard-clipped 22 w_cons parameters to delta_max=0.0300 bound.
2026-08-11 19:05:47 | sleep.weights.plasticity       | INFO  | Hard-clipped 25 w_cons parameters to delta_max=0.0300 bound.
2026-08-11 19:05:47 | sleep.weights.plasticity       | INFO  | Hard-clipped 27 w_cons parameters to delta_max=0.0300 bound.
2026-08-11 19:05:48 | sleep.weights.plasticity       | INFO  | Hard-clipped 28 w_cons parameters to delta_max=0.0300 bound.
2026-08-11 19:05:48 | sleep.weights.plasticity       | INFO  | Hard-clipped 31 w_cons parameters to delta_max=0.0300 bound.
2026-08-11 19:05:49 | sleep.weights.plasticity       | INFO  | Hard-clipped 32 w_cons parameters to delta_max=0.0300 bound.
2026-08-11 19:05:49 | sleep.weights.plasticity       | INFO  | Hard-clipped 32 w_cons parameters to delta_max=0.0300 bound.
2026-08-11 19:05:50 | sleep.weights.plasticity       | INFO  | Hard-clipped 33 w_cons parameters to delta_max=0.0300 bound.
2026-08-11 19:05:50 | sleep.weights.plasticity       | INFO  | Hard-clipped 35 w_cons parameters to delta_max=0.0300 bound.
2026-08-11 19:05:51 | sleep.weights.plasticity       | INFO  | Hard-clipped 36 w_cons parameters to delta_max=0.0300 bound.
2026-08-11 19:05:51 | sleep.weights.plasticity       | INFO  | Hard-clipped 36 w_cons parameters to delta_max=0.0300 bound.
2026-08-11 19:05:52 | sleep.weights.plasticity       | INFO  | Hard-clipped 36 w_cons parameters to delta_max=0.0300 bound.
2026-08-11 19:05:52 | sleep.weights.plasticity       | INFO  | Hard-clipped 36 w_cons parameters to delta_max=0.0300 bound.
2026-08-11 19:05:53 | sleep.weights.plasticity       | INFO  | Hard-clipped 36 w_cons parameters to delta_max=0.0300 bound.
2026-08-11 19:05:53 | sleep.weights.plasticity       | INFO  | Hard-clipped 35 w_cons parameters to delta_max=0.0300 bound.
2026-08-11 19:05:54 | sleep.weights.plasticity       | INFO  | Hard-clipped 35 w_cons parameters to delta_max=0.0300 bound.
2026-08-11 19:05:54 | sleep.weights.plasticity       | INFO  | Hard-clipped 35 w_cons parameters to delta_max=0.0300 bound.
2026-08-11 19:05:55 | sleep.weights.plasticity       | INFO  | Hard-clipped 35 w_cons parameters to delta_max=0.0300 bound.
2026-08-11 19:05:55 | sleep.weights.plasticity       | INFO  | Hard-clipped 35 w_cons parameters to delta_max=0.0300 bound.
2026-08-11 19:05:56 | sleep.weights.plasticity       | INFO  | Hard-clipped 35 w_cons parameters to delta_max=0.0300 bound.
2026-08-11 19:05:56 | sleep.weights.plasticity       | INFO  | Hard-clipped 35 w_cons parameters to delta_max=0.0300 bound.
2026-08-11 19:05:57 | sleep.weights.plasticity       | INFO  | Hard-clipped 26 w_cons parameters to delta_max=0.0300 bound.
2026-08-11 19:05:57 | sleep.weights.plasticity       | INFO  | Hard-clipped 32 w_cons parameters to delta_max=0.0300 bound.
2026-08-11 19:05:58 | sleep.weights.plasticity       | INFO  | Hard-clipped 32 w_cons parameters to delta_max=0.0300 bound.
2026-08-11 19:05:58 | sleep.weights.plasticity       | INFO  | Hard-clipped 32 w_cons parameters to delta_max=0.0300 bound.
2026-08-11 19:05:59 | sleep.weights.plasticity       | INFO  | Hard-clipped 30 w_cons parameters to delta_max=0.0300 bound.
2026-08-11 19:05:59 | sleep.weights.plasticity       | INFO  | Hard-clipped 32 w_cons parameters to delta_max=0.0300 bound.
2026-08-11 19:06:00 | sleep.weights.plasticity       | INFO  | Hard-clipped 31 w_cons parameters to delta_max=0.0300 bound.
2026-08-11 19:06:00 | sleep.weights.plasticity       | INFO  | Hard-clipped 31 w_cons parameters to delta_max=0.0300 bound.
2026-08-11 19:06:01 | sleep.weights.plasticity       | INFO  | Hard-clipped 31 w_cons parameters to delta_max=0.0300 bound.
2026-08-11 19:06:01 | sleep.weights.plasticity       | INFO  | Hard-clipped 31 w_cons parameters to delta_max=0.0300 bound.
2026-08-11 19:06:02 | sleep.weights.plasticity       | INFO  | Hard-clipped 32 w_cons parameters to delta_max=0.0300 bound.
2026-08-11 19:06:02 | sleep.weights.plasticity       | INFO  | Hard-clipped 32 w_cons parameters to delta_max=0.0300 bound.
2026-08-11 19:06:03 | sleep.weights.plasticity       | INFO  | Hard-clipped 33 w_cons parameters to delta_max=0.0300 bound.
2026-08-11 19:06:03 | sleep.weights.plasticity       | INFO  | Hard-clipped 37 w_cons parameters to delta_max=0.0300 bound.
2026-08-11 19:06:04 | sleep.weights.plasticity       | INFO  | Hard-clipped 37 w_cons parameters to delta_max=0.0300 bound.
2026-08-11 19:06:04 | sleep.weights.plasticity       | INFO  | Hard-clipped 37 w_cons parameters to delta_max=0.0300 bound.
2026-08-11 19:06:05 | sleep.weights.plasticity       | INFO  | Hard-clipped 36 w_cons parameters to delta_max=0.0300 bound.
2026-08-11 19:06:05 | sleep.weights.plasticity       | INFO  | Hard-clipped 36 w_cons parameters to delta_max=0.0300 bound.
2026-08-11 19:06:06 | sleep.weights.plasticity       | INFO  | Hard-clipped 36 w_cons parameters to delta_max=0.0300 bound.
2026-08-11 19:06:06 | sleep.weights.plasticity       | INFO  | Hard-clipped 36 w_cons parameters to delta_max=0.0300 bound.
2026-08-11 19:06:07 | sleep.weights.plasticity       | INFO  | Hard-clipped 28 w_cons parameters to delta_max=0.0300 bound.
2026-08-11 19:06:07 | sleep.weights.plasticity       | INFO  | Hard-clipped 28 w_cons parameters to delta_max=0.0300 bound.
2026-08-11 19:06:08 | sleep.weights.plasticity       | INFO  | Hard-clipped 28 w_cons parameters to delta_max=0.0300 bound.
2026-08-11 19:06:08 | sleep.weights.plasticity       | INFO  | Hard-clipped 29 w_cons parameters to delta_max=0.0300 bound.
2026-08-11 19:06:09 | sleep.weights.plasticity       | INFO  | Hard-clipped 27 w_cons parameters to delta_max=0.0300 bound.
2026-08-11 19:06:09 | sleep.weights.plasticity       | INFO  | Hard-clipped 34 w_cons parameters to delta_max=0.0300 bound.
2026-08-11 19:06:10 | sleep.weights.plasticity       | INFO  | Hard-clipped 35 w_cons parameters to delta_max=0.0300 bound.
2026-08-11 19:06:10 | sleep.weights.plasticity       | INFO  | Hard-clipped 35 w_cons parameters to delta_max=0.0300 bound.
2026-08-11 19:06:11 | sleep.weights.plasticity       | INFO  | Hard-clipped 35 w_cons parameters to delta_max=0.0300 bound.
2026-08-11 19:06:11 | sleep.weights.plasticity       | INFO  | Hard-clipped 35 w_cons parameters to delta_max=0.0300 bound.
2026-08-11 19:06:12 | sleep.weights.plasticity       | INFO  | Hard-clipped 35 w_cons parameters to delta_max=0.0300 bound.
2026-08-11 19:06:12 | sleep.weights.plasticity       | INFO  | Hard-clipped 35 w_cons parameters to delta_max=0.0300 bound.
2026-08-11 19:06:13 | sleep.weights.plasticity       | INFO  | Hard-clipped 35 w_cons parameters to delta_max=0.0300 bound.
2026-08-11 19:06:13 | sleep.weights.plasticity       | INFO  | Hard-clipped 35 w_cons parameters to delta_max=0.0300 bound.
2026-08-11 19:06:14 | sleep.weights.plasticity       | INFO  | Hard-clipped 35 w_cons parameters to delta_max=0.0300 bound.
2026-08-11 19:06:14 | sleep.weights.plasticity       | INFO  | Hard-clipped 35 w_cons parameters to delta_max=0.0300 bound.
2026-08-11 19:06:15 | sleep.weights.plasticity       | INFO  | Hard-clipped 35 w_cons parameters to delta_max=0.0300 bound.
2026-08-11 19:06:15 | sleep.weights.plasticity       | INFO  | Hard-clipped 35 w_cons parameters to delta_max=0.0300 bound.
2026-08-11 19:06:16 | sleep.weights.plasticity       | INFO  | Hard-clipped 32 w_cons parameters to delta_max=0.0300 bound.
2026-08-11 19:06:16 | sleep.weights.plasticity       | INFO  | Hard-clipped 32 w_cons parameters to delta_max=0.0300 bound.
2026-08-11 19:06:17 | sleep.weights.plasticity       | INFO  | Hard-clipped 35 w_cons parameters to delta_max=0.0300 bound.
2026-08-11 19:06:17 | sleep.weights.plasticity       | INFO  | Hard-clipped 34 w_cons parameters to delta_max=0.0300 bound.
2026-08-11 19:06:18 | sleep.weights.plasticity       | INFO  | Hard-clipped 34 w_cons parameters to delta_max=0.0300 bound.
2026-08-11 19:06:18 | sleep.weights.plasticity       | INFO  | Hard-clipped 35 w_cons parameters to delta_max=0.0300 bound.
2026-08-11 19:06:19 | sleep.weights.plasticity       | INFO  | Hard-clipped 31 w_cons parameters to delta_max=0.0300 bound.
2026-08-11 19:06:19 | sleep.weights.plasticity       | INFO  | Hard-clipped 31 w_cons parameters to delta_max=0.0300 bound.
2026-08-11 19:06:20 | sleep.weights.plasticity       | INFO  | Hard-clipped 25 w_cons parameters to delta_max=0.0300 bound.
2026-08-11 19:06:20 | sleep.weights.plasticity       | INFO  | Hard-clipped 24 w_cons parameters to delta_max=0.0300 bound.
2026-08-11 19:06:21 | sleep.weights.plasticity       | INFO  | Hard-clipped 27 w_cons parameters to delta_max=0.0300 bound.
2026-08-11 19:06:21 | sleep.weights.plasticity       | INFO  | Hard-clipped 26 w_cons parameters to delta_max=0.0300 bound.
2026-08-11 19:06:22 | sleep.weights.plasticity       | INFO  | Hard-clipped 24 w_cons parameters to delta_max=0.0300 bound.
2026-08-11 19:06:22 | sleep.weights.plasticity       | INFO  | Hard-clipped 25 w_cons parameters to delta_max=0.0300 bound.
2026-08-11 19:06:23 | sleep.weights.plasticity       | INFO  | Hard-clipped 24 w_cons parameters to delta_max=0.0300 bound.
2026-08-11 19:06:23 | sleep.weights.plasticity       | INFO  | Hard-clipped 27 w_cons parameters to delta_max=0.0300 bound.
2026-08-11 19:06:24 | sleep.weights.plasticity       | INFO  | Hard-clipped 27 w_cons parameters to delta_max=0.0300 bound.
2026-08-11 19:06:24 | sleep.weights.plasticity       | INFO  | Hard-clipped 26 w_cons parameters to delta_max=0.0300 bound.
2026-08-11 19:06:25 | sleep.weights.plasticity       | INFO  | Hard-clipped 26 w_cons parameters to delta_max=0.0300 bound.
2026-08-11 19:06:26 | sleep.weights.plasticity       | INFO  | Hard-clipped 27 w_cons parameters to delta_max=0.0300 bound.
2026-08-11 19:06:26 | sleep.weights.plasticity       | INFO  | Hard-clipped 29 w_cons parameters to delta_max=0.0300 bound.
2026-08-11 19:06:27 | sleep.weights.plasticity       | INFO  | Hard-clipped 29 w_cons parameters to delta_max=0.0300 bound.
2026-08-11 19:06:27 | sleep.weights.plasticity       | INFO  | Hard-clipped 29 w_cons parameters to delta_max=0.0300 bound.
2026-08-11 19:06:28 | sleep.weights.plasticity       | INFO  | Hard-clipped 29 w_cons parameters to delta_max=0.0300 bound.
2026-08-11 19:06:28 | sleep.weights.plasticity       | INFO  | Hard-clipped 30 w_cons parameters to delta_max=0.0300 bound.
2026-08-11 19:06:29 | sleep.weights.plasticity       | INFO  | Hard-clipped 28 w_cons parameters to delta_max=0.0300 bound.
2026-08-11 19:06:29 | sleep.weights.plasticity       | INFO  | Hard-clipped 29 w_cons parameters to delta_max=0.0300 bound.
2026-08-11 19:06:30 | sleep.weights.plasticity       | INFO  | Hard-clipped 26 w_cons parameters to delta_max=0.0300 bound.
2026-08-11 19:06:30 | sleep.weights.plasticity       | INFO  | Hard-clipped 30 w_cons parameters to delta_max=0.0300 bound.
2026-08-11 19:06:31 | sleep.weights.plasticity       | INFO  | Hard-clipped 27 w_cons parameters to delta_max=0.0300 bound.
2026-08-11 19:06:31 | sleep.weights.plasticity       | INFO  | Hard-clipped 25 w_cons parameters to delta_max=0.0300 bound.
2026-08-11 19:06:32 | sleep.weights.plasticity       | INFO  | Hard-clipped 25 w_cons parameters to delta_max=0.0300 bound.
2026-08-11 19:06:32 | sleep.weights.plasticity       | INFO  | Hard-clipped 19 w_cons parameters to delta_max=0.0300 bound.
2026-08-11 19:06:33 | sleep.weights.plasticity       | INFO  | Hard-clipped 19 w_cons parameters to delta_max=0.0300 bound.
2026-08-11 19:06:33 | sleep.weights.plasticity       | INFO  | Hard-clipped 18 w_cons parameters to delta_max=0.0300 bound.
2026-08-11 19:06:34 | sleep.weights.plasticity       | INFO  | Hard-clipped 13 w_cons parameters to delta_max=0.0300 bound.
2026-08-11 19:06:34 | sleep.weights.plasticity       | INFO  | Hard-clipped 10 w_cons parameters to delta_max=0.0300 bound.
2026-08-11 19:06:34 | sleep.sleep_engine.train       | INFO  |   step 1500/1500 | loss=0.2611 | mean_loss=0.5593 | eta=9 | lr=0.00e+00
2026-08-11 19:06:34 | sleep.sleep_engine.train       | INFO  | Sleep training complete | n_steps=1500 | final_loss=0.2611 | mean_loss=0.5593
2026-08-11 19:06:34 | sleep.metrics                  | INFO  | summary | {'sleep_train/final_loss': 0.2610722482204437, 'sleep_train/mean_loss': 0.5593011431396008, 'sleep_train/n_steps': 1500}
2026-08-11 19:06:34 | sleep.sleep_engine             | INFO  | Phase 3 complete: 1500 steps, final_loss=0.2611, mean_loss=0.5593
2026-08-11 19:06:34 | sleep.sleep_engine             | INFO  | Phase 4/5: PPL CHECK (skipped — no benchmark data)
2026-08-11 19:06:34 | sleep.sleep_engine             | INFO  | Phase 5/5: VALIDATE & CLEANUP
2026-08-11 19:06:34 | sleep.weights.plasticity       | INFO  | Saved checkpoint for adapter 'w_cons': 44 parameters.
2026-08-11 19:06:34 | sleep.weights.plasticity       | INFO  | Restored 44 parameters for adapter 'w_cons' from checkpoint.
2026-08-11 19:06:36 | sleep.weights.plasticity       | INFO  | Restored 44 parameters for adapter 'w_cons' from checkpoint.
[transformers] The attention mask is not set and cannot be inferred from input because pad token is same as eos token. As a consequence, you may observe unexpected behavior. Please pass your input's `attention_mask` to obtain reliable results.
2026-08-11 19:07:34 | sleep.sleep_engine             | INFO  | Two-stage validation: 40/40 passed surprise, 28 also passed the mini-recall gate (self-grading gap = 12)
2026-08-11 19:07:34 | sleep.sleep_engine.cleanup     | INFO  | Cleanup complete | passed=28 | failed=12 | permanently_removed=0
2026-08-11 19:07:34 | sleep.sleep_engine             | INFO  | Phase 5 complete: consolidated=28, failed=12, permanently_removed=0
2026-08-11 19:07:34 | sleep.metrics                  | INFO  | summary | {'sleep_engine/n_candidates': 40, 'sleep_engine/n_replays_generated': 928, 'sleep_engine/n_replays_accepted': 928, 'sleep_engine/n_consolidated': 28, 'sleep_engine/n_failed': 12, 'sleep_engine/n_permanently_removed': 0, 'sleep_engine/rolled_back': False}
2026-08-11 19:07:34 | sleep.weights.kv_memory        | INFO  | bank cleared: freed 127 tags / 4914 tokens
2026-08-11 19:07:34 | sleep.sleep_engine             | INFO  | KV bank cleared (127 entries removed)
2026-08-11 19:07:34 | sleep.sleep_engine             | INFO  | KV memory injection: ENABLED
2026-08-11 19:07:34 | sleep.sleep_engine             | INFO  | === Sleep cycle END ===
2026-08-11 19:07:42 | sleep.evaluation.recall_formats | INFO  | MC recall: accuracy=0.2500, mean_correct_prob=0.2420 across 200 facts
2026-08-11 19:10:07 | sleep.evaluation.recall_formats | INFO  | Cloze recall: accuracy=0.2200 across 200 facts
2026-08-11 19:16:08 | sleep.evaluation.recall_formats | INFO  | Free-form recall (greedy): mean_score=0.1650, accuracy=0.2950 across 200 facts
2026-08-11 19:16:08 | sleep.evaluation.preservation  | INFO  | Perplexity evaluation: PPL=18.0643 (mean_loss=2.8939, 31 tokens)
2026-08-11 19:16:08 | sleep.evaluation.preservation  | INFO  | BCP: 1.9803 (current_ppl=18.0643, original_ppl=9.1220)
2026-08-11 19:17:19 | sleep.evaluation.recall_formats | INFO  | Free-form recall (greedy): mean_score=0.5167, accuracy=0.7000 across 40 facts
2026-08-11 19:17:19 | sleep.experiment.common        | INFO  | Wrote results to /workspace/results/d2_llama_s1.json

================================================================
FULL PIPELINE v2 — recipe=paraphrase_ce seed=1
================================================================
  tags=135  PRP=40  consolidated=28  recall-gate=28
  DRA (greedy):   0.1650  (trained subset: 0.5167 over 40)
  cloze:          0.2200
  MC:             0.2500
  BCP:            1.9803
  rolled_back:    False
  Results: /workspace/results/d2_llama_s1.json
2026-08-11 19:17:19 | sleep.weights.kv_injection     | INFO  | KVInjector uninstalled from 10 layers
