2026-08-11 19:40:12 | sleep.utils.seed               | INFO  | Seeded all RNGs with seed=3 (deterministic_algorithms=False)
2026-08-11 19:40:12 | sleep.experiment.13            | INFO  | ======================================================================
2026-08-11 19:40:12 | sleep.experiment.13            | INFO  | EXPERIMENT 13: Full pipeline v2 | recipe=paraphrase_ce | seed=3
2026-08-11 19:40:12 | sleep.experiment.13            | INFO  | ======================================================================
2026-08-11 19:40:12 | sleep.experiment.13            | INFO  | Safety overrides: {'delta_max': (0.01, 0.03)}
Loading weights:   0%|          | 0/291 [00:00<?, ?it/s]Loading weights: 100%|██████████| 291/291 [00:00<00:00, 4570.38it/s]
2026-08-11 19:40:18 | sleep.experiment.common        | INFO  | Loaded /workspace/models/llama-3.1-8b | dtype=bfloat16 | attn=eager | device=cuda | layers=32
2026-08-11 19:40:18 | sleep.experiment.13            | INFO  | Loaded 200 facts (paraphrased: True)
2026-08-11 19:40:18 | sleep.weights.lora             | INFO  | LoRA target modules for llama: ['up_proj', 'down_proj']
2026-08-11 19:40:18 | sleep.weights.lora             | INFO  | LoRA config: rank=16, alpha=32, selection=middle, layers=[10, 11, 12, 13, 14, 15, 16, 17, 18, 19, 20] (of 32 total), targets=['up_proj', 'down_proj']
2026-08-11 19:40:18 | sleep.weights.lora             | INFO  | Created LoRA adapter 'w_fast': 6488064 trainable parameters (0.0807% of base model)
2026-08-11 19:40:18 | sleep.weights.lora             | INFO  | LoRA target modules for llama: ['up_proj', 'down_proj']
2026-08-11 19:40:18 | sleep.weights.lora             | INFO  | LoRA config: rank=16, alpha=32, selection=middle, layers=[10, 11, 12, 13, 14, 15, 16, 17, 18, 19, 20] (of 32 total), targets=['up_proj', 'down_proj']
2026-08-11 19:40:19 | sleep.weights.lora             | INFO  | Dual adapters ready: w_fast=6488064 params, w_cons=6488064 params
/usr/local/lib/python3.11/dist-packages/peft/tuners/tuners_utils.py:2193: UserWarning: Adapter cannot be set when the model is merged. Unmerging the model first.
  warnings.warn("Adapter cannot be set when the model is merged. Unmerging the model first.")
2026-08-11 19:40:19 | sleep.weights.fast_update      | INFO  | FastWeightUpdater initialized: 44 parameter groups, alpha_base=1.00e-04, momentum=0.90
2026-08-11 19:40:19 | sleep.weights.plasticity       | INFO  | Adapted layers: [10, 11, 12, 13, 14, 15, 16, 17, 18, 19, 20] (middle 33% of 32 layers)
2026-08-11 19:40:19 | sleep.weights.plasticity       | INFO  | Injection layers: [22, 23, 24, 25, 26, 27, 28, 29, 30, 31] (top 33% of 32 layers)
2026-08-11 19:40:19 | sleep.weights.plasticity       | INFO  | Computed Frobenius norms for 224 base model weight matrices.
2026-08-11 19:40:19 | sleep.weights.kv_injection     | INFO  | KVInjector installed on 10 layers: [22, 23, 24, 25, 26, 27, 28, 29, 30, 31]
2026-08-11 19:40:19 | sleep.weights                  | INFO  | KV memory mode enabled | adapted_layers=[10, 11, 12, 13, 14, 15, 16, 17, 18, 19, 20] | num_kv_heads=8 | head_dim=128 | max_total_tokens=20000 | top_k=64 | device=cuda:0 | dtype=torch.bfloat16
2026-08-11 19:40:19 | sleep.weights                  | INFO  | DualWeightSystem initialized | W_fast: 6,488,064 params | W_cons: 6,488,064 params | Adapted layers: [10, 11, 12, 13, 14, 15, 16, 17, 18, 19, 20] | Plasticity: 0.188–0.452 | KV bank installed
2026-08-11 19:40:19 | sleep.experiment.13            | INFO  | Adapter layers: [10, 11, 12, 13, 14, 15, 16, 17, 18, 19, 20] | injection layers: [22, 23, 24, 25, 26, 27, 28, 29, 30, 31]
/usr/local/lib/python3.11/dist-packages/peft/tuners/lora/layer.py:983: UserWarning: Already unmerged. Nothing to do.
  warnings.warn("Already unmerged. Nothing to do.")
2026-08-11 19:40:20 | sleep.evaluation.preservation  | INFO  | Perplexity evaluation: PPL=9.1220 (mean_loss=2.2107, 31 tokens)
2026-08-11 19:40:20 | sleep.experiment.13            | INFO  | WAKE: feeding 200 facts
2026-08-11 19:40:20 | sleep.tagging                  | INFO  | step=1 | 2 tags created from 2 spans | buffer: 2/40216 (0.0%)
2026-08-11 19:40:20 | sleep.tagging                  | INFO  | step=2 | 1 tags created from 1 spans | buffer: 3/40216 (0.0%)
2026-08-11 19:40:20 | sleep.tagging                  | INFO  | step=3 | 2 tags created from 2 spans | buffer: 5/40216 (0.0%)
2026-08-11 19:40:20 | sleep.tagging                  | INFO  | step=4 | 1 tags created from 1 spans | buffer: 6/40216 (0.0%)
2026-08-11 19:40:21 | sleep.tagging                  | INFO  | step=7 | 1 tags created from 1 spans | buffer: 7/40216 (0.0%)
2026-08-11 19:40:21 | sleep.tagging                  | INFO  | step=8 | 1 tags created from 1 spans | buffer: 8/40216 (0.0%)
2026-08-11 19:40:21 | sleep.tagging                  | INFO  | step=11 | 1 tags created from 1 spans | buffer: 9/40216 (0.0%)
2026-08-11 19:40:21 | sleep.tagging                  | INFO  | step=12 | 1 tags created from 1 spans | buffer: 10/40216 (0.0%)
2026-08-11 19:40:21 | sleep.tagging                  | INFO  | step=13 | 1 tags created from 1 spans | buffer: 11/40216 (0.0%)
2026-08-11 19:40:21 | sleep.tagging                  | INFO  | step=14 | 1 tags created from 1 spans | buffer: 12/40216 (0.0%)
2026-08-11 19:40:21 | sleep.tagging                  | INFO  | step=17 | 1 tags created from 1 spans | buffer: 13/40216 (0.0%)
2026-08-11 19:40:21 | sleep.tagging                  | INFO  | step=18 | 1 tags created from 1 spans | buffer: 14/40216 (0.0%)
2026-08-11 19:40:22 | sleep.tagging                  | INFO  | step=21 | 1 tags created from 1 spans | buffer: 15/40216 (0.0%)
2026-08-11 19:40:22 | sleep.tagging                  | INFO  | step=22 | 1 tags created from 1 spans | buffer: 16/40216 (0.0%)
2026-08-11 19:40:22 | sleep.tagging                  | INFO  | step=23 | 1 tags created from 1 spans | buffer: 17/40216 (0.0%)
2026-08-11 19:40:22 | sleep.tagging                  | INFO  | step=24 | 1 tags created from 1 spans | buffer: 18/40216 (0.0%)
2026-08-11 19:40:22 | sleep.tagging                  | INFO  | step=26 | 1 tags created from 1 spans | buffer: 19/40216 (0.0%)
2026-08-11 19:40:22 | sleep.tagging                  | INFO  | step=31 | 1 tags created from 1 spans | buffer: 20/40216 (0.0%)
2026-08-11 19:40:23 | sleep.tagging                  | INFO  | step=32 | 1 tags created from 1 spans | buffer: 21/40216 (0.1%)
2026-08-11 19:40:23 | sleep.tagging                  | INFO  | step=33 | 1 tags created from 1 spans | buffer: 22/40216 (0.1%)
2026-08-11 19:40:23 | sleep.tagging                  | INFO  | step=35 | 1 tags created from 1 spans | buffer: 23/40216 (0.1%)
2026-08-11 19:40:23 | sleep.tagging                  | INFO  | step=36 | 1 tags created from 1 spans | buffer: 24/40216 (0.1%)
2026-08-11 19:40:23 | sleep.tagging                  | INFO  | step=37 | 1 tags created from 1 spans | buffer: 25/40216 (0.1%)
2026-08-11 19:40:23 | sleep.tagging                  | INFO  | step=38 | 1 tags created from 1 spans | buffer: 26/40216 (0.1%)
2026-08-11 19:40:23 | sleep.tagging                  | INFO  | step=39 | 1 tags created from 1 spans | buffer: 27/40216 (0.1%)
2026-08-11 19:40:23 | sleep.tagging                  | INFO  | step=41 | 1 tags created from 1 spans | buffer: 28/40216 (0.1%)
2026-08-11 19:40:23 | sleep.tagging                  | INFO  | step=42 | 1 tags created from 1 spans | buffer: 29/40216 (0.1%)
2026-08-11 19:40:24 | sleep.tagging                  | INFO  | step=44 | 1 tags created from 1 spans | buffer: 30/40216 (0.1%)
2026-08-11 19:40:24 | sleep.tagging                  | INFO  | step=45 | 1 tags created from 1 spans | buffer: 31/40216 (0.1%)
2026-08-11 19:40:24 | sleep.tagging                  | INFO  | step=46 | 1 tags created from 1 spans | buffer: 32/40216 (0.1%)
2026-08-11 19:40:24 | sleep.tagging                  | INFO  | step=47 | 1 tags created from 1 spans | buffer: 33/40216 (0.1%)
2026-08-11 19:40:24 | sleep.tagging                  | INFO  | step=49 | 1 tags created from 1 spans | buffer: 34/40216 (0.1%)
2026-08-11 19:40:24 | sleep.tagging                  | INFO  | step=51 | 2 tags created from 2 spans | buffer: 36/40216 (0.1%)
2026-08-11 19:40:24 | sleep.tagging                  | INFO  | step=52 | 1 tags created from 1 spans | buffer: 37/40216 (0.1%)
2026-08-11 19:40:24 | sleep.tagging                  | INFO  | step=53 | 1 tags created from 1 spans | buffer: 38/40216 (0.1%)
2026-08-11 19:40:25 | sleep.tagging                  | INFO  | step=54 | 1 tags created from 1 spans | buffer: 39/40216 (0.1%)
2026-08-11 19:40:25 | sleep.tagging                  | INFO  | step=56 | 1 tags created from 1 spans | buffer: 40/40216 (0.1%)
2026-08-11 19:40:25 | sleep.tagging                  | INFO  | step=57 | 1 tags created from 1 spans | buffer: 41/40216 (0.1%)
2026-08-11 19:40:25 | sleep.tagging                  | INFO  | step=58 | 1 tags created from 1 spans | buffer: 42/40216 (0.1%)
2026-08-11 19:40:25 | sleep.tagging                  | INFO  | step=61 | 1 tags created from 1 spans | buffer: 43/40216 (0.1%)
2026-08-11 19:40:25 | sleep.tagging                  | INFO  | step=62 | 1 tags created from 1 spans | buffer: 44/40216 (0.1%)
2026-08-11 19:40:25 | sleep.tagging                  | INFO  | step=63 | 1 tags created from 1 spans | buffer: 45/40216 (0.1%)
2026-08-11 19:40:25 | sleep.tagging                  | INFO  | step=64 | 1 tags created from 1 spans | buffer: 46/40216 (0.1%)
2026-08-11 19:40:26 | sleep.tagging                  | INFO  | step=66 | 1 tags created from 1 spans | buffer: 47/40216 (0.1%)
2026-08-11 19:40:26 | sleep.tagging                  | INFO  | step=67 | 2 tags created from 2 spans | buffer: 49/40216 (0.1%)
2026-08-11 19:40:26 | sleep.tagging                  | INFO  | step=68 | 1 tags created from 1 spans | buffer: 50/40216 (0.1%)
2026-08-11 19:40:26 | sleep.tagging                  | INFO  | step=69 | 1 tags created from 1 spans | buffer: 51/40216 (0.1%)
2026-08-11 19:40:26 | sleep.tagging                  | INFO  | step=71 | 1 tags created from 1 spans | buffer: 52/40216 (0.1%)
2026-08-11 19:40:26 | sleep.tagging                  | INFO  | step=73 | 1 tags created from 1 spans | buffer: 53/40216 (0.1%)
2026-08-11 19:40:26 | sleep.tagging                  | INFO  | step=74 | 1 tags created from 1 spans | buffer: 54/40216 (0.1%)
2026-08-11 19:40:26 | sleep.tagging                  | INFO  | step=75 | 1 tags created from 1 spans | buffer: 55/40216 (0.1%)
2026-08-11 19:40:26 | sleep.tagging                  | INFO  | step=76 | 1 tags created from 1 spans | buffer: 56/40216 (0.1%)
2026-08-11 19:40:27 | sleep.tagging                  | INFO  | step=77 | 1 tags created from 1 spans | buffer: 57/40216 (0.1%)
2026-08-11 19:40:27 | sleep.tagging                  | INFO  | step=81 | 1 tags created from 1 spans | buffer: 58/40216 (0.1%)
2026-08-11 19:40:27 | sleep.tagging                  | INFO  | step=82 | 1 tags created from 1 spans | buffer: 59/40216 (0.1%)
2026-08-11 19:40:27 | sleep.tagging                  | INFO  | step=83 | 1 tags created from 1 spans | buffer: 60/40216 (0.1%)
2026-08-11 19:40:27 | sleep.tagging                  | INFO  | step=86 | 1 tags created from 1 spans | buffer: 61/40216 (0.2%)
2026-08-11 19:40:27 | sleep.tagging                  | INFO  | step=87 | 1 tags created from 1 spans | buffer: 62/40216 (0.2%)
2026-08-11 19:40:27 | sleep.tagging                  | INFO  | step=89 | 1 tags created from 1 spans | buffer: 63/40216 (0.2%)
2026-08-11 19:40:28 | sleep.tagging                  | INFO  | step=91 | 1 tags created from 1 spans | buffer: 64/40216 (0.2%)
2026-08-11 19:40:28 | sleep.tagging                  | INFO  | step=93 | 1 tags created from 1 spans | buffer: 65/40216 (0.2%)
2026-08-11 19:40:28 | sleep.tagging                  | INFO  | step=94 | 1 tags created from 1 spans | buffer: 66/40216 (0.2%)
2026-08-11 19:40:28 | sleep.tagging                  | INFO  | step=97 | 2 tags created from 2 spans | buffer: 68/40216 (0.2%)
2026-08-11 19:40:28 | sleep.tagging                  | INFO  | step=101 | 1 tags created from 1 spans | buffer: 69/40216 (0.2%)
2026-08-11 19:40:28 | sleep.tagging                  | INFO  | step=102 | 1 tags created from 1 spans | buffer: 70/40216 (0.2%)
2026-08-11 19:40:28 | sleep.tagging                  | INFO  | step=103 | 1 tags created from 1 spans | buffer: 71/40216 (0.2%)
2026-08-11 19:40:29 | sleep.tagging                  | INFO  | step=104 | 1 tags created from 1 spans | buffer: 72/40216 (0.2%)
2026-08-11 19:40:29 | sleep.tagging                  | INFO  | step=105 | 1 tags created from 1 spans | buffer: 73/40216 (0.2%)
2026-08-11 19:40:29 | sleep.tagging                  | INFO  | step=106 | 1 tags created from 1 spans | buffer: 74/40216 (0.2%)
2026-08-11 19:40:29 | sleep.tagging                  | INFO  | step=111 | 1 tags created from 1 spans | buffer: 75/40216 (0.2%)
2026-08-11 19:40:29 | sleep.tagging                  | INFO  | step=113 | 1 tags created from 1 spans | buffer: 76/40216 (0.2%)
2026-08-11 19:40:29 | sleep.tagging                  | INFO  | step=114 | 1 tags created from 1 spans | buffer: 77/40216 (0.2%)
2026-08-11 19:40:29 | sleep.tagging                  | INFO  | step=115 | 1 tags created from 1 spans | buffer: 78/40216 (0.2%)
2026-08-11 19:40:29 | sleep.tagging                  | INFO  | step=116 | 1 tags created from 1 spans | buffer: 79/40216 (0.2%)
2026-08-11 19:40:30 | sleep.tagging                  | INFO  | step=117 | 1 tags created from 1 spans | buffer: 80/40216 (0.2%)
2026-08-11 19:40:30 | sleep.tagging                  | INFO  | step=121 | 1 tags created from 1 spans | buffer: 81/40216 (0.2%)
2026-08-11 19:40:30 | sleep.tagging                  | INFO  | step=122 | 1 tags created from 1 spans | buffer: 82/40216 (0.2%)
2026-08-11 19:40:30 | sleep.tagging                  | INFO  | step=123 | 1 tags created from 1 spans | buffer: 83/40216 (0.2%)
2026-08-11 19:40:30 | sleep.tagging                  | INFO  | step=124 | 1 tags created from 1 spans | buffer: 84/40216 (0.2%)
2026-08-11 19:40:30 | sleep.tagging                  | INFO  | step=125 | 1 tags created from 1 spans | buffer: 85/40216 (0.2%)
2026-08-11 19:40:30 | sleep.tagging                  | INFO  | step=127 | 1 tags created from 1 spans | buffer: 86/40216 (0.2%)
2026-08-11 19:40:30 | sleep.tagging                  | INFO  | step=128 | 1 tags created from 1 spans | buffer: 87/40216 (0.2%)
2026-08-11 19:40:31 | sleep.tagging                  | INFO  | step=129 | 1 tags created from 1 spans | buffer: 88/40216 (0.2%)
2026-08-11 19:40:31 | sleep.tagging                  | INFO  | step=132 | 1 tags created from 1 spans | buffer: 89/40216 (0.2%)
2026-08-11 19:40:31 | sleep.tagging                  | INFO  | step=133 | 1 tags created from 1 spans | buffer: 90/40216 (0.2%)
2026-08-11 19:40:31 | sleep.tagging                  | INFO  | step=134 | 1 tags created from 1 spans | buffer: 91/40216 (0.2%)
2026-08-11 19:40:31 | sleep.tagging                  | INFO  | step=135 | 1 tags created from 1 spans | buffer: 92/40216 (0.2%)
2026-08-11 19:40:31 | sleep.tagging                  | INFO  | step=136 | 1 tags created from 1 spans | buffer: 93/40216 (0.2%)
2026-08-11 19:40:31 | sleep.tagging                  | INFO  | step=138 | 1 tags created from 1 spans | buffer: 94/40216 (0.2%)
2026-08-11 19:40:31 | sleep.tagging                  | INFO  | step=139 | 1 tags created from 1 spans | buffer: 95/40216 (0.2%)
2026-08-11 19:40:32 | sleep.tagging                  | INFO  | step=141 | 1 tags created from 1 spans | buffer: 96/40216 (0.2%)
2026-08-11 19:40:32 | sleep.tagging                  | INFO  | step=142 | 1 tags created from 1 spans | buffer: 97/40216 (0.2%)
2026-08-11 19:40:32 | sleep.tagging                  | INFO  | step=144 | 1 tags created from 1 spans | buffer: 98/40216 (0.2%)
2026-08-11 19:40:32 | sleep.tagging                  | INFO  | step=148 | 1 tags created from 1 spans | buffer: 99/40216 (0.2%)
2026-08-11 19:40:32 | sleep.tagging                  | INFO  | step=149 | 1 tags created from 1 spans | buffer: 100/40216 (0.2%)
2026-08-11 19:40:32 | sleep.tagging                  | INFO  | step=151 | 1 tags created from 1 spans | buffer: 101/40216 (0.3%)
2026-08-11 19:40:32 | sleep.tagging                  | INFO  | step=152 | 2 tags created from 2 spans | buffer: 103/40216 (0.3%)
2026-08-11 19:40:32 | sleep.tagging                  | INFO  | step=153 | 1 tags created from 1 spans | buffer: 104/40216 (0.3%)
2026-08-11 19:40:33 | sleep.tagging                  | INFO  | step=154 | 1 tags created from 1 spans | buffer: 105/40216 (0.3%)
2026-08-11 19:40:33 | sleep.tagging                  | INFO  | step=155 | 1 tags created from 1 spans | buffer: 106/40216 (0.3%)
2026-08-11 19:40:33 | sleep.tagging                  | INFO  | step=156 | 1 tags created from 1 spans | buffer: 107/40216 (0.3%)
2026-08-11 19:40:33 | sleep.tagging                  | INFO  | step=158 | 1 tags created from 1 spans | buffer: 108/40216 (0.3%)
2026-08-11 19:40:33 | sleep.tagging                  | INFO  | step=161 | 1 tags created from 1 spans | buffer: 109/40216 (0.3%)
2026-08-11 19:40:33 | sleep.tagging                  | INFO  | step=162 | 1 tags created from 1 spans | buffer: 110/40216 (0.3%)
2026-08-11 19:40:33 | sleep.tagging                  | INFO  | step=163 | 1 tags created from 1 spans | buffer: 111/40216 (0.3%)
2026-08-11 19:40:33 | sleep.tagging                  | INFO  | step=164 | 1 tags created from 1 spans | buffer: 112/40216 (0.3%)
2026-08-11 19:40:34 | sleep.tagging                  | INFO  | step=166 | 1 tags created from 1 spans | buffer: 113/40216 (0.3%)
2026-08-11 19:40:34 | sleep.tagging                  | INFO  | step=167 | 1 tags created from 1 spans | buffer: 114/40216 (0.3%)
2026-08-11 19:40:34 | sleep.tagging                  | INFO  | step=168 | 1 tags created from 1 spans | buffer: 115/40216 (0.3%)
2026-08-11 19:40:34 | sleep.tagging                  | INFO  | step=173 | 1 tags created from 1 spans | buffer: 116/40216 (0.3%)
2026-08-11 19:40:34 | sleep.tagging                  | INFO  | step=174 | 1 tags created from 1 spans | buffer: 117/40216 (0.3%)
2026-08-11 19:40:34 | sleep.tagging                  | INFO  | step=175 | 1 tags created from 1 spans | buffer: 118/40216 (0.3%)
2026-08-11 19:40:34 | sleep.tagging                  | INFO  | step=176 | 1 tags created from 1 spans | buffer: 119/40216 (0.3%)
2026-08-11 19:40:34 | sleep.tagging                  | INFO  | step=177 | 2 tags created from 2 spans | buffer: 121/40216 (0.3%)
2026-08-11 19:40:35 | sleep.tagging                  | INFO  | step=179 | 1 tags created from 1 spans | buffer: 122/40216 (0.3%)
2026-08-11 19:40:35 | sleep.tagging                  | INFO  | step=181 | 1 tags created from 1 spans | buffer: 123/40216 (0.3%)
2026-08-11 19:40:35 | sleep.tagging                  | INFO  | step=182 | 1 tags created from 1 spans | buffer: 124/40216 (0.3%)
2026-08-11 19:40:35 | sleep.tagging                  | INFO  | step=183 | 1 tags created from 1 spans | buffer: 125/40216 (0.3%)
2026-08-11 19:40:35 | sleep.tagging                  | INFO  | step=184 | 1 tags created from 1 spans | buffer: 126/40216 (0.3%)
2026-08-11 19:40:35 | sleep.tagging                  | INFO  | step=186 | 1 tags created from 1 spans | buffer: 127/40216 (0.3%)
2026-08-11 19:40:35 | sleep.tagging                  | INFO  | step=187 | 1 tags created from 1 spans | buffer: 128/40216 (0.3%)
2026-08-11 19:40:36 | sleep.tagging                  | INFO  | step=191 | 1 tags created from 1 spans | buffer: 129/40216 (0.3%)
2026-08-11 19:40:36 | sleep.tagging                  | INFO  | step=192 | 1 tags created from 1 spans | buffer: 130/40216 (0.3%)
2026-08-11 19:40:36 | sleep.tagging                  | INFO  | step=193 | 1 tags created from 1 spans | buffer: 131/40216 (0.3%)
2026-08-11 19:40:36 | sleep.tagging                  | INFO  | step=194 | 1 tags created from 1 spans | buffer: 132/40216 (0.3%)
2026-08-11 19:40:36 | sleep.tagging                  | INFO  | step=196 | 1 tags created from 1 spans | buffer: 133/40216 (0.3%)
2026-08-11 19:40:36 | sleep.tagging                  | INFO  | step=197 | 2 tags created from 2 spans | buffer: 135/40216 (0.3%)
2026-08-11 19:40:36 | sleep.experiment.13            | INFO  | WAKE done: 135 tags, 127 episodes in bank
2026-08-11 19:40:36 | sleep.prp                      | INFO  | step=200 | PRP update: 45/4021 allocated (1%) | +45 -0 | threshold=0.297 | mean_score=0.266
2026-08-11 19:40:36 | sleep.experiment.13            | INFO  | PRP: 45/135 allocated
2026-08-11 19:40:36 | sleep.sleep_engine             | INFO  | === Sleep cycle START | 45 candidates ===
2026-08-11 19:40:36 | sleep.sleep_engine             | INFO  | Phase 1/5: GENERATE (strategy=paraphrase)
2026-08-11 19:40:36 | sleep.sleep_engine             | INFO  | KV memory injection: DISABLED
2026-08-11 19:40:37 | sleep.sleep_engine             | INFO  | Phase 1 (paraphrase strategy): 1038 wordings from 45 unique sources (45 candidates)
[transformers] Ignoring clean_up_tokenization_spaces=True for BPE tokenizer TokenizersBackend. The clean_up_tokenization post-processing step is designed for WordPiece tokenizers and is destructive for BPE (it strips spaces before punctuation). Set clean_up_tokenization_spaces=False to suppress this warning, or set clean_up_tokenization_spaces_for_bpe_even_though_it_will_corrupt_output=True to force cleanup anyway.
2026-08-11 19:40:37 | sleep.sleep_engine             | INFO  | Phase 1 complete: 1038/45 replays generated
2026-08-11 19:40:37 | sleep.sleep_engine             | INFO  | Phase 2/5: QUALITY CHECK
2026-08-11 19:40:37 | sleep.sleep_engine             | INFO  | Phase 2 complete: 1038/1038 replays accepted
2026-08-11 19:40:37 | sleep.sleep_engine             | INFO  | Phase 3/5: TRAIN (1038 accepted replays)
2026-08-11 19:40:37 | sleep.sleep_engine             | INFO  | KV memory injection: DISABLED
2026-08-11 19:40:37 | sleep.weights.plasticity       | INFO  | Saved checkpoint for adapter 'w_cons': 44 parameters.
2026-08-11 19:40:37 | sleep.weights.plasticity       | INFO  | Saved checkpoint for adapter 'w_cons': 44 parameters.
2026-08-11 19:40:37 | sleep.sleep_engine.train       | INFO  | Starting sleep training | n_steps=1500 | n_replay=1038 | lr=1.00e-04 | device=cuda
2026-08-11 19:41:04 | sleep.weights.plasticity       | INFO  | Hard-clipped 1 w_cons parameters to delta_max=0.0300 bound.
2026-08-11 19:41:05 | sleep.weights.plasticity       | INFO  | Hard-clipped 1 w_cons parameters to delta_max=0.0300 bound.
2026-08-11 19:41:05 | sleep.weights.plasticity       | INFO  | Hard-clipped 2 w_cons parameters to delta_max=0.0300 bound.
2026-08-11 19:41:06 | sleep.weights.plasticity       | INFO  | Hard-clipped 2 w_cons parameters to delta_max=0.0300 bound.
2026-08-11 19:41:06 | sleep.weights.plasticity       | INFO  | Hard-clipped 2 w_cons parameters to delta_max=0.0300 bound.
2026-08-11 19:41:06 | sleep.weights.plasticity       | INFO  | Hard-clipped 3 w_cons parameters to delta_max=0.0300 bound.
2026-08-11 19:41:07 | sleep.weights.plasticity       | INFO  | Hard-clipped 3 w_cons parameters to delta_max=0.0300 bound.
2026-08-11 19:41:07 | sleep.weights.plasticity       | INFO  | Hard-clipped 3 w_cons parameters to delta_max=0.0300 bound.
2026-08-11 19:41:08 | sleep.weights.plasticity       | INFO  | Hard-clipped 3 w_cons parameters to delta_max=0.0300 bound.
2026-08-11 19:41:08 | sleep.weights.plasticity       | INFO  | Hard-clipped 3 w_cons parameters to delta_max=0.0300 bound.
2026-08-11 19:41:09 | sleep.weights.plasticity       | INFO  | Hard-clipped 4 w_cons parameters to delta_max=0.0300 bound.
2026-08-11 19:41:09 | sleep.weights.plasticity       | INFO  | Hard-clipped 4 w_cons parameters to delta_max=0.0300 bound.
2026-08-11 19:41:10 | sleep.weights.plasticity       | INFO  | Hard-clipped 4 w_cons parameters to delta_max=0.0300 bound.
2026-08-11 19:41:10 | sleep.weights.plasticity       | INFO  | Hard-clipped 4 w_cons parameters to delta_max=0.0300 bound.
2026-08-11 19:41:11 | sleep.weights.plasticity       | INFO  | Hard-clipped 4 w_cons parameters to delta_max=0.0300 bound.
2026-08-11 19:41:11 | sleep.weights.plasticity       | INFO  | Hard-clipped 5 w_cons parameters to delta_max=0.0300 bound.
2026-08-11 19:41:12 | sleep.weights.plasticity       | INFO  | Hard-clipped 5 w_cons parameters to delta_max=0.0300 bound.
2026-08-11 19:41:12 | sleep.weights.plasticity       | INFO  | Hard-clipped 5 w_cons parameters to delta_max=0.0300 bound.
2026-08-11 19:41:13 | sleep.weights.plasticity       | INFO  | Hard-clipped 5 w_cons parameters to delta_max=0.0300 bound.
2026-08-11 19:41:13 | sleep.weights.plasticity       | INFO  | Hard-clipped 5 w_cons parameters to delta_max=0.0300 bound.
2026-08-11 19:41:14 | sleep.weights.plasticity       | INFO  | Hard-clipped 5 w_cons parameters to delta_max=0.0300 bound.
2026-08-11 19:41:14 | sleep.weights.plasticity       | INFO  | Hard-clipped 6 w_cons parameters to delta_max=0.0300 bound.
2026-08-11 19:41:15 | sleep.weights.plasticity       | INFO  | Hard-clipped 6 w_cons parameters to delta_max=0.0300 bound.
2026-08-11 19:41:15 | sleep.weights.plasticity       | INFO  | Hard-clipped 6 w_cons parameters to delta_max=0.0300 bound.
2026-08-11 19:41:16 | sleep.weights.plasticity       | INFO  | Hard-clipped 6 w_cons parameters to delta_max=0.0300 bound.
2026-08-11 19:41:16 | sleep.weights.plasticity       | INFO  | Hard-clipped 6 w_cons parameters to delta_max=0.0300 bound.
2026-08-11 19:41:17 | sleep.weights.plasticity       | INFO  | Hard-clipped 7 w_cons parameters to delta_max=0.0300 bound.
2026-08-11 19:41:17 | sleep.weights.plasticity       | INFO  | Hard-clipped 7 w_cons parameters to delta_max=0.0300 bound.
2026-08-11 19:41:18 | sleep.weights.plasticity       | INFO  | Hard-clipped 7 w_cons parameters to delta_max=0.0300 bound.
2026-08-11 19:41:18 | sleep.weights.plasticity       | INFO  | Hard-clipped 7 w_cons parameters to delta_max=0.0300 bound.
2026-08-11 19:41:19 | sleep.weights.plasticity       | INFO  | Hard-clipped 7 w_cons parameters to delta_max=0.0300 bound.
2026-08-11 19:41:19 | sleep.weights.plasticity       | INFO  | Hard-clipped 8 w_cons parameters to delta_max=0.0300 bound.
2026-08-11 19:41:20 | sleep.weights.plasticity       | INFO  | Hard-clipped 8 w_cons parameters to delta_max=0.0300 bound.
2026-08-11 19:41:20 | sleep.weights.plasticity       | INFO  | Hard-clipped 9 w_cons parameters to delta_max=0.0300 bound.
2026-08-11 19:41:21 | sleep.weights.plasticity       | INFO  | Hard-clipped 9 w_cons parameters to delta_max=0.0300 bound.
2026-08-11 19:41:21 | sleep.weights.plasticity       | INFO  | Hard-clipped 9 w_cons parameters to delta_max=0.0300 bound.
2026-08-11 19:41:22 | sleep.weights.plasticity       | INFO  | Hard-clipped 9 w_cons parameters to delta_max=0.0300 bound.
2026-08-11 19:41:22 | sleep.weights.plasticity       | INFO  | Hard-clipped 9 w_cons parameters to delta_max=0.0300 bound.
2026-08-11 19:41:23 | sleep.weights.plasticity       | INFO  | Hard-clipped 10 w_cons parameters to delta_max=0.0300 bound.
2026-08-11 19:41:23 | sleep.weights.plasticity       | INFO  | Hard-clipped 11 w_cons parameters to delta_max=0.0300 bound.
2026-08-11 19:41:24 | sleep.weights.plasticity       | INFO  | Hard-clipped 11 w_cons parameters to delta_max=0.0300 bound.
2026-08-11 19:41:24 | sleep.weights.plasticity       | INFO  | Hard-clipped 11 w_cons parameters to delta_max=0.0300 bound.
2026-08-11 19:41:25 | sleep.weights.plasticity       | INFO  | Hard-clipped 11 w_cons parameters to delta_max=0.0300 bound.
2026-08-11 19:41:25 | sleep.weights.plasticity       | INFO  | Hard-clipped 11 w_cons parameters to delta_max=0.0300 bound.
2026-08-11 19:41:26 | sleep.weights.plasticity       | INFO  | Hard-clipped 11 w_cons parameters to delta_max=0.0300 bound.
2026-08-11 19:41:26 | sleep.weights.plasticity       | INFO  | Hard-clipped 11 w_cons parameters to delta_max=0.0300 bound.
2026-08-11 19:41:27 | sleep.weights.plasticity       | INFO  | Hard-clipped 11 w_cons parameters to delta_max=0.0300 bound.
2026-08-11 19:41:27 | sleep.weights.plasticity       | INFO  | Hard-clipped 11 w_cons parameters to delta_max=0.0300 bound.
2026-08-11 19:41:27 | sleep.weights.plasticity       | INFO  | Hard-clipped 11 w_cons parameters to delta_max=0.0300 bound.
2026-08-11 19:41:28 | sleep.weights.plasticity       | INFO  | Hard-clipped 11 w_cons parameters to delta_max=0.0300 bound.
2026-08-11 19:41:28 | sleep.weights.plasticity       | INFO  | Hard-clipped 12 w_cons parameters to delta_max=0.0300 bound.
2026-08-11 19:41:29 | sleep.weights.plasticity       | INFO  | Hard-clipped 12 w_cons parameters to delta_max=0.0300 bound.
2026-08-11 19:41:29 | sleep.weights.plasticity       | INFO  | Hard-clipped 12 w_cons parameters to delta_max=0.0300 bound.
2026-08-11 19:41:30 | sleep.weights.plasticity       | INFO  | Hard-clipped 12 w_cons parameters to delta_max=0.0300 bound.
2026-08-11 19:41:30 | sleep.weights.plasticity       | INFO  | Hard-clipped 12 w_cons parameters to delta_max=0.0300 bound.
2026-08-11 19:41:31 | sleep.weights.plasticity       | INFO  | Hard-clipped 13 w_cons parameters to delta_max=0.0300 bound.
2026-08-11 19:41:31 | sleep.weights.plasticity       | INFO  | Hard-clipped 13 w_cons parameters to delta_max=0.0300 bound.
2026-08-11 19:41:32 | sleep.weights.plasticity       | INFO  | Hard-clipped 13 w_cons parameters to delta_max=0.0300 bound.
2026-08-11 19:41:32 | sleep.weights.plasticity       | INFO  | Hard-clipped 13 w_cons parameters to delta_max=0.0300 bound.
2026-08-11 19:41:33 | sleep.weights.plasticity       | INFO  | Hard-clipped 13 w_cons parameters to delta_max=0.0300 bound.
2026-08-11 19:41:33 | sleep.weights.plasticity       | INFO  | Hard-clipped 13 w_cons parameters to delta_max=0.0300 bound.
2026-08-11 19:41:34 | sleep.weights.plasticity       | INFO  | Hard-clipped 13 w_cons parameters to delta_max=0.0300 bound.
2026-08-11 19:41:34 | sleep.weights.plasticity       | INFO  | Hard-clipped 13 w_cons parameters to delta_max=0.0300 bound.
2026-08-11 19:41:35 | sleep.weights.plasticity       | INFO  | Hard-clipped 13 w_cons parameters to delta_max=0.0300 bound.
2026-08-11 19:41:35 | sleep.weights.plasticity       | INFO  | Hard-clipped 13 w_cons parameters to delta_max=0.0300 bound.
2026-08-11 19:41:36 | sleep.weights.plasticity       | INFO  | Hard-clipped 13 w_cons parameters to delta_max=0.0300 bound.
2026-08-11 19:41:36 | sleep.weights.plasticity       | INFO  | Hard-clipped 13 w_cons parameters to delta_max=0.0300 bound.
2026-08-11 19:41:37 | sleep.weights.plasticity       | INFO  | Hard-clipped 14 w_cons parameters to delta_max=0.0300 bound.
2026-08-11 19:41:37 | sleep.weights.plasticity       | INFO  | Hard-clipped 14 w_cons parameters to delta_max=0.0300 bound.
2026-08-11 19:41:38 | sleep.weights.plasticity       | INFO  | Hard-clipped 14 w_cons parameters to delta_max=0.0300 bound.
2026-08-11 19:41:38 | sleep.weights.plasticity       | INFO  | Hard-clipped 14 w_cons parameters to delta_max=0.0300 bound.
2026-08-11 19:41:39 | sleep.weights.plasticity       | INFO  | Hard-clipped 14 w_cons parameters to delta_max=0.0300 bound.
2026-08-11 19:41:39 | sleep.weights.plasticity       | INFO  | Hard-clipped 15 w_cons parameters to delta_max=0.0300 bound.
2026-08-11 19:41:40 | sleep.weights.plasticity       | INFO  | Hard-clipped 15 w_cons parameters to delta_max=0.0300 bound.
2026-08-11 19:41:40 | sleep.weights.plasticity       | INFO  | Hard-clipped 16 w_cons parameters to delta_max=0.0300 bound.
2026-08-11 19:41:41 | sleep.weights.plasticity       | INFO  | Hard-clipped 16 w_cons parameters to delta_max=0.0300 bound.
2026-08-11 19:41:41 | sleep.weights.plasticity       | INFO  | Hard-clipped 16 w_cons parameters to delta_max=0.0300 bound.
2026-08-11 19:41:42 | sleep.weights.plasticity       | INFO  | Hard-clipped 17 w_cons parameters to delta_max=0.0300 bound.
2026-08-11 19:41:42 | sleep.weights.plasticity       | INFO  | Hard-clipped 17 w_cons parameters to delta_max=0.0300 bound.
2026-08-11 19:41:43 | sleep.weights.plasticity       | INFO  | Hard-clipped 17 w_cons parameters to delta_max=0.0300 bound.
2026-08-11 19:41:43 | sleep.weights.plasticity       | INFO  | Hard-clipped 17 w_cons parameters to delta_max=0.0300 bound.
2026-08-11 19:41:43 | sleep.weights.plasticity       | INFO  | Hard-clipped 17 w_cons parameters to delta_max=0.0300 bound.
2026-08-11 19:41:44 | sleep.weights.plasticity       | INFO  | Hard-clipped 17 w_cons parameters to delta_max=0.0300 bound.
2026-08-11 19:41:44 | sleep.weights.plasticity       | INFO  | Hard-clipped 17 w_cons parameters to delta_max=0.0300 bound.
2026-08-11 19:41:45 | sleep.weights.plasticity       | INFO  | Hard-clipped 17 w_cons parameters to delta_max=0.0300 bound.
2026-08-11 19:41:45 | sleep.weights.plasticity       | INFO  | Hard-clipped 17 w_cons parameters to delta_max=0.0300 bound.
2026-08-11 19:41:46 | sleep.weights.plasticity       | INFO  | Hard-clipped 18 w_cons parameters to delta_max=0.0300 bound.
2026-08-11 19:41:46 | sleep.weights.plasticity       | INFO  | Hard-clipped 18 w_cons parameters to delta_max=0.0300 bound.
2026-08-11 19:41:47 | sleep.weights.plasticity       | INFO  | Hard-clipped 18 w_cons parameters to delta_max=0.0300 bound.
2026-08-11 19:41:47 | sleep.weights.plasticity       | INFO  | Hard-clipped 18 w_cons parameters to delta_max=0.0300 bound.
2026-08-11 19:41:48 | sleep.weights.plasticity       | INFO  | Hard-clipped 18 w_cons parameters to delta_max=0.0300 bound.
2026-08-11 19:41:48 | sleep.weights.plasticity       | INFO  | Hard-clipped 18 w_cons parameters to delta_max=0.0300 bound.
2026-08-11 19:41:49 | sleep.weights.plasticity       | INFO  | Hard-clipped 18 w_cons parameters to delta_max=0.0300 bound.
2026-08-11 19:41:49 | sleep.weights.plasticity       | INFO  | Hard-clipped 18 w_cons parameters to delta_max=0.0300 bound.
2026-08-11 19:41:50 | sleep.weights.plasticity       | INFO  | Hard-clipped 19 w_cons parameters to delta_max=0.0300 bound.
2026-08-11 19:41:50 | sleep.sleep_engine.train       | INFO  |   step 150/1500 | loss=0.7829 | mean_loss=2.4866 | eta=9 | lr=1.00e-04
2026-08-11 19:41:50 | sleep.weights.plasticity       | INFO  | Hard-clipped 19 w_cons parameters to delta_max=0.0300 bound.
2026-08-11 19:41:51 | sleep.weights.plasticity       | INFO  | Hard-clipped 19 w_cons parameters to delta_max=0.0300 bound.
2026-08-11 19:41:51 | sleep.weights.plasticity       | INFO  | Hard-clipped 19 w_cons parameters to delta_max=0.0300 bound.
2026-08-11 19:41:52 | sleep.weights.plasticity       | INFO  | Hard-clipped 18 w_cons parameters to delta_max=0.0300 bound.
2026-08-11 19:41:52 | sleep.weights.plasticity       | INFO  | Hard-clipped 18 w_cons parameters to delta_max=0.0300 bound.
2026-08-11 19:41:53 | sleep.weights.plasticity       | INFO  | Hard-clipped 18 w_cons parameters to delta_max=0.0300 bound.
2026-08-11 19:41:53 | sleep.weights.plasticity       | INFO  | Hard-clipped 19 w_cons parameters to delta_max=0.0300 bound.
2026-08-11 19:41:54 | sleep.weights.plasticity       | INFO  | Hard-clipped 19 w_cons parameters to delta_max=0.0300 bound.
2026-08-11 19:41:54 | sleep.weights.plasticity       | INFO  | Hard-clipped 19 w_cons parameters to delta_max=0.0300 bound.
2026-08-11 19:41:55 | sleep.weights.plasticity       | INFO  | Hard-clipped 19 w_cons parameters to delta_max=0.0300 bound.
2026-08-11 19:41:55 | sleep.weights.plasticity       | INFO  | Hard-clipped 20 w_cons parameters to delta_max=0.0300 bound.
2026-08-11 19:41:56 | sleep.weights.plasticity       | INFO  | Hard-clipped 20 w_cons parameters to delta_max=0.0300 bound.
2026-08-11 19:41:56 | sleep.weights.plasticity       | INFO  | Hard-clipped 20 w_cons parameters to delta_max=0.0300 bound.
2026-08-11 19:41:57 | sleep.weights.plasticity       | INFO  | Hard-clipped 20 w_cons parameters to delta_max=0.0300 bound.
2026-08-11 19:41:57 | sleep.weights.plasticity       | INFO  | Hard-clipped 20 w_cons parameters to delta_max=0.0300 bound.
2026-08-11 19:41:58 | sleep.weights.plasticity       | INFO  | Hard-clipped 20 w_cons parameters to delta_max=0.0300 bound.
2026-08-11 19:41:58 | sleep.weights.plasticity       | INFO  | Hard-clipped 20 w_cons parameters to delta_max=0.0300 bound.
2026-08-11 19:41:59 | sleep.weights.plasticity       | INFO  | Hard-clipped 20 w_cons parameters to delta_max=0.0300 bound.
2026-08-11 19:41:59 | sleep.weights.plasticity       | INFO  | Hard-clipped 20 w_cons parameters to delta_max=0.0300 bound.
2026-08-11 19:42:00 | sleep.weights.plasticity       | INFO  | Hard-clipped 20 w_cons parameters to delta_max=0.0300 bound.
2026-08-11 19:42:00 | sleep.weights.plasticity       | INFO  | Hard-clipped 20 w_cons parameters to delta_max=0.0300 bound.
2026-08-11 19:42:01 | sleep.weights.plasticity       | INFO  | Hard-clipped 20 w_cons parameters to delta_max=0.0300 bound.
2026-08-11 19:42:01 | sleep.weights.plasticity       | INFO  | Hard-clipped 20 w_cons parameters to delta_max=0.0300 bound.
2026-08-11 19:42:02 | sleep.weights.plasticity       | INFO  | Hard-clipped 19 w_cons parameters to delta_max=0.0300 bound.
2026-08-11 19:42:02 | sleep.weights.plasticity       | INFO  | Hard-clipped 19 w_cons parameters to delta_max=0.0300 bound.
2026-08-11 19:42:03 | sleep.weights.plasticity       | INFO  | Hard-clipped 19 w_cons parameters to delta_max=0.0300 bound.
2026-08-11 19:42:03 | sleep.weights.plasticity       | INFO  | Hard-clipped 19 w_cons parameters to delta_max=0.0300 bound.
2026-08-11 19:42:04 | sleep.weights.plasticity       | INFO  | Hard-clipped 19 w_cons parameters to delta_max=0.0300 bound.
2026-08-11 19:42:04 | sleep.weights.plasticity       | INFO  | Hard-clipped 19 w_cons parameters to delta_max=0.0300 bound.
2026-08-11 19:42:05 | sleep.weights.plasticity       | INFO  | Hard-clipped 20 w_cons parameters to delta_max=0.0300 bound.
2026-08-11 19:42:05 | sleep.weights.plasticity       | INFO  | Hard-clipped 20 w_cons parameters to delta_max=0.0300 bound.
2026-08-11 19:42:06 | sleep.weights.plasticity       | INFO  | Hard-clipped 20 w_cons parameters to delta_max=0.0300 bound.
2026-08-11 19:42:06 | sleep.weights.plasticity       | INFO  | Hard-clipped 20 w_cons parameters to delta_max=0.0300 bound.
2026-08-11 19:42:06 | sleep.weights.plasticity       | INFO  | Hard-clipped 20 w_cons parameters to delta_max=0.0300 bound.
2026-08-11 19:42:07 | sleep.weights.plasticity       | INFO  | Hard-clipped 20 w_cons parameters to delta_max=0.0300 bound.
2026-08-11 19:42:07 | sleep.weights.plasticity       | INFO  | Hard-clipped 20 w_cons parameters to delta_max=0.0300 bound.
2026-08-11 19:42:08 | sleep.weights.plasticity       | INFO  | Hard-clipped 20 w_cons parameters to delta_max=0.0300 bound.
2026-08-11 19:42:08 | sleep.weights.plasticity       | INFO  | Hard-clipped 20 w_cons parameters to delta_max=0.0300 bound.
2026-08-11 19:42:09 | sleep.weights.plasticity       | INFO  | Hard-clipped 20 w_cons parameters to delta_max=0.0300 bound.
2026-08-11 19:42:09 | sleep.weights.plasticity       | INFO  | Hard-clipped 20 w_cons parameters to delta_max=0.0300 bound.
2026-08-11 19:42:10 | sleep.weights.plasticity       | INFO  | Hard-clipped 20 w_cons parameters to delta_max=0.0300 bound.
2026-08-11 19:42:10 | sleep.weights.plasticity       | INFO  | Hard-clipped 19 w_cons parameters to delta_max=0.0300 bound.
2026-08-11 19:42:11 | sleep.weights.plasticity       | INFO  | Hard-clipped 19 w_cons parameters to delta_max=0.0300 bound.
2026-08-11 19:42:11 | sleep.weights.plasticity       | INFO  | Hard-clipped 19 w_cons parameters to delta_max=0.0300 bound.
2026-08-11 19:42:12 | sleep.weights.plasticity       | INFO  | Hard-clipped 19 w_cons parameters to delta_max=0.0300 bound.
2026-08-11 19:42:12 | sleep.weights.plasticity       | INFO  | Hard-clipped 19 w_cons parameters to delta_max=0.0300 bound.
2026-08-11 19:42:13 | sleep.weights.plasticity       | INFO  | Hard-clipped 19 w_cons parameters to delta_max=0.0300 bound.
2026-08-11 19:42:13 | sleep.weights.plasticity       | INFO  | Hard-clipped 20 w_cons parameters to delta_max=0.0300 bound.
2026-08-11 19:42:14 | sleep.weights.plasticity       | INFO  | Hard-clipped 20 w_cons parameters to delta_max=0.0300 bound.
2026-08-11 19:42:14 | sleep.weights.plasticity       | INFO  | Hard-clipped 20 w_cons parameters to delta_max=0.0300 bound.
2026-08-11 19:42:15 | sleep.weights.plasticity       | INFO  | Hard-clipped 20 w_cons parameters to delta_max=0.0300 bound.
2026-08-11 19:42:15 | sleep.weights.plasticity       | INFO  | Hard-clipped 20 w_cons parameters to delta_max=0.0300 bound.
2026-08-11 19:42:16 | sleep.weights.plasticity       | INFO  | Hard-clipped 20 w_cons parameters to delta_max=0.0300 bound.
2026-08-11 19:42:16 | sleep.weights.plasticity       | INFO  | Hard-clipped 20 w_cons parameters to delta_max=0.0300 bound.
2026-08-11 19:42:17 | sleep.weights.plasticity       | INFO  | Hard-clipped 20 w_cons parameters to delta_max=0.0300 bound.
2026-08-11 19:42:17 | sleep.weights.plasticity       | INFO  | Hard-clipped 19 w_cons parameters to delta_max=0.0300 bound.
2026-08-11 19:42:18 | sleep.weights.plasticity       | INFO  | Hard-clipped 19 w_cons parameters to delta_max=0.0300 bound.
2026-08-11 19:42:18 | sleep.weights.plasticity       | INFO  | Hard-clipped 20 w_cons parameters to delta_max=0.0300 bound.
2026-08-11 19:42:18 | sleep.weights.plasticity       | INFO  | Hard-clipped 20 w_cons parameters to delta_max=0.0300 bound.
2026-08-11 19:42:19 | sleep.weights.plasticity       | INFO  | Hard-clipped 21 w_cons parameters to delta_max=0.0300 bound.
2026-08-11 19:42:19 | sleep.weights.plasticity       | INFO  | Hard-clipped 22 w_cons parameters to delta_max=0.0300 bound.
2026-08-11 19:42:20 | sleep.weights.plasticity       | INFO  | Hard-clipped 23 w_cons parameters to delta_max=0.0300 bound.
2026-08-11 19:42:20 | sleep.weights.plasticity       | INFO  | Hard-clipped 23 w_cons parameters to delta_max=0.0300 bound.
2026-08-11 19:42:21 | sleep.weights.plasticity       | INFO  | Hard-clipped 23 w_cons parameters to delta_max=0.0300 bound.
2026-08-11 19:42:21 | sleep.weights.plasticity       | INFO  | Hard-clipped 23 w_cons parameters to delta_max=0.0300 bound.
2026-08-11 19:42:22 | sleep.weights.plasticity       | INFO  | Hard-clipped 23 w_cons parameters to delta_max=0.0300 bound.
2026-08-11 19:42:22 | sleep.weights.plasticity       | INFO  | Hard-clipped 23 w_cons parameters to delta_max=0.0300 bound.
2026-08-11 19:42:23 | sleep.weights.plasticity       | INFO  | Hard-clipped 23 w_cons parameters to delta_max=0.0300 bound.
2026-08-11 19:42:23 | sleep.weights.plasticity       | INFO  | Hard-clipped 23 w_cons parameters to delta_max=0.0300 bound.
2026-08-11 19:42:24 | sleep.weights.plasticity       | INFO  | Hard-clipped 24 w_cons parameters to delta_max=0.0300 bound.
2026-08-11 19:42:24 | sleep.weights.plasticity       | INFO  | Hard-clipped 24 w_cons parameters to delta_max=0.0300 bound.
2026-08-11 19:42:25 | sleep.weights.plasticity       | INFO  | Hard-clipped 24 w_cons parameters to delta_max=0.0300 bound.
2026-08-11 19:42:25 | sleep.weights.plasticity       | INFO  | Hard-clipped 24 w_cons parameters to delta_max=0.0300 bound.
2026-08-11 19:42:26 | sleep.weights.plasticity       | INFO  | Hard-clipped 24 w_cons parameters to delta_max=0.0300 bound.
2026-08-11 19:42:26 | sleep.weights.plasticity       | INFO  | Hard-clipped 24 w_cons parameters to delta_max=0.0300 bound.
2026-08-11 19:42:26 | sleep.weights.plasticity       | INFO  | Hard-clipped 24 w_cons parameters to delta_max=0.0300 bound.
2026-08-11 19:42:27 | sleep.weights.plasticity       | INFO  | Hard-clipped 24 w_cons parameters to delta_max=0.0300 bound.
2026-08-11 19:42:27 | sleep.weights.plasticity       | INFO  | Hard-clipped 24 w_cons parameters to delta_max=0.0300 bound.
2026-08-11 19:42:28 | sleep.weights.plasticity       | INFO  | Hard-clipped 24 w_cons parameters to delta_max=0.0300 bound.
2026-08-11 19:42:28 | sleep.weights.plasticity       | INFO  | Hard-clipped 24 w_cons parameters to delta_max=0.0300 bound.
2026-08-11 19:42:29 | sleep.weights.plasticity       | INFO  | Hard-clipped 24 w_cons parameters to delta_max=0.0300 bound.
2026-08-11 19:42:29 | sleep.weights.plasticity       | INFO  | Hard-clipped 24 w_cons parameters to delta_max=0.0300 bound.
2026-08-11 19:42:30 | sleep.weights.plasticity       | INFO  | Hard-clipped 24 w_cons parameters to delta_max=0.0300 bound.
2026-08-11 19:42:30 | sleep.weights.plasticity       | INFO  | Hard-clipped 24 w_cons parameters to delta_max=0.0300 bound.
2026-08-11 19:42:31 | sleep.weights.plasticity       | INFO  | Hard-clipped 24 w_cons parameters to delta_max=0.0300 bound.
2026-08-11 19:42:31 | sleep.weights.plasticity       | INFO  | Hard-clipped 24 w_cons parameters to delta_max=0.0300 bound.
2026-08-11 19:42:32 | sleep.weights.plasticity       | INFO  | Hard-clipped 24 w_cons parameters to delta_max=0.0300 bound.
2026-08-11 19:42:32 | sleep.weights.plasticity       | INFO  | Hard-clipped 24 w_cons parameters to delta_max=0.0300 bound.
2026-08-11 19:42:33 | sleep.weights.plasticity       | INFO  | Hard-clipped 24 w_cons parameters to delta_max=0.0300 bound.
2026-08-11 19:42:33 | sleep.weights.plasticity       | INFO  | Hard-clipped 24 w_cons parameters to delta_max=0.0300 bound.
2026-08-11 19:42:34 | sleep.weights.plasticity       | INFO  | Hard-clipped 24 w_cons parameters to delta_max=0.0300 bound.
2026-08-11 19:42:34 | sleep.weights.plasticity       | INFO  | Hard-clipped 24 w_cons parameters to delta_max=0.0300 bound.
2026-08-11 19:42:35 | sleep.weights.plasticity       | INFO  | Hard-clipped 25 w_cons parameters to delta_max=0.0300 bound.
2026-08-11 19:42:35 | sleep.weights.plasticity       | INFO  | Hard-clipped 26 w_cons parameters to delta_max=0.0300 bound.
2026-08-11 19:42:36 | sleep.weights.plasticity       | INFO  | Hard-clipped 26 w_cons parameters to delta_max=0.0300 bound.
2026-08-11 19:42:36 | sleep.weights.plasticity       | INFO  | Hard-clipped 26 w_cons parameters to delta_max=0.0300 bound.
2026-08-11 19:42:37 | sleep.weights.plasticity       | INFO  | Hard-clipped 26 w_cons parameters to delta_max=0.0300 bound.
2026-08-11 19:42:37 | sleep.weights.plasticity       | INFO  | Hard-clipped 26 w_cons parameters to delta_max=0.0300 bound.
2026-08-11 19:42:38 | sleep.weights.plasticity       | INFO  | Hard-clipped 26 w_cons parameters to delta_max=0.0300 bound.
2026-08-11 19:42:38 | sleep.weights.plasticity       | INFO  | Hard-clipped 26 w_cons parameters to delta_max=0.0300 bound.
2026-08-11 19:42:38 | sleep.weights.plasticity       | INFO  | Hard-clipped 26 w_cons parameters to delta_max=0.0300 bound.
2026-08-11 19:42:39 | sleep.weights.plasticity       | INFO  | Hard-clipped 26 w_cons parameters to delta_max=0.0300 bound.
2026-08-11 19:42:39 | sleep.weights.plasticity       | INFO  | Hard-clipped 26 w_cons parameters to delta_max=0.0300 bound.
2026-08-11 19:42:40 | sleep.weights.plasticity       | INFO  | Hard-clipped 26 w_cons parameters to delta_max=0.0300 bound.
2026-08-11 19:42:40 | sleep.weights.plasticity       | INFO  | Hard-clipped 26 w_cons parameters to delta_max=0.0300 bound.
2026-08-11 19:42:41 | sleep.weights.plasticity       | INFO  | Hard-clipped 26 w_cons parameters to delta_max=0.0300 bound.
2026-08-11 19:42:41 | sleep.weights.plasticity       | INFO  | Hard-clipped 26 w_cons parameters to delta_max=0.0300 bound.
2026-08-11 19:42:42 | sleep.weights.plasticity       | INFO  | Hard-clipped 26 w_cons parameters to delta_max=0.0300 bound.
2026-08-11 19:42:42 | sleep.weights.plasticity       | INFO  | Hard-clipped 26 w_cons parameters to delta_max=0.0300 bound.
2026-08-11 19:42:43 | sleep.weights.plasticity       | INFO  | Hard-clipped 26 w_cons parameters to delta_max=0.0300 bound.
2026-08-11 19:42:43 | sleep.weights.plasticity       | INFO  | Hard-clipped 25 w_cons parameters to delta_max=0.0300 bound.
2026-08-11 19:42:44 | sleep.weights.plasticity       | INFO  | Hard-clipped 26 w_cons parameters to delta_max=0.0300 bound.
2026-08-11 19:42:44 | sleep.weights.plasticity       | INFO  | Hard-clipped 26 w_cons parameters to delta_max=0.0300 bound.
2026-08-11 19:42:45 | sleep.weights.plasticity       | INFO  | Hard-clipped 26 w_cons parameters to delta_max=0.0300 bound.
2026-08-11 19:42:45 | sleep.weights.plasticity       | INFO  | Hard-clipped 26 w_cons parameters to delta_max=0.0300 bound.
2026-08-11 19:42:46 | sleep.weights.plasticity       | INFO  | Hard-clipped 27 w_cons parameters to delta_max=0.0300 bound.
2026-08-11 19:42:46 | sleep.weights.plasticity       | INFO  | Hard-clipped 27 w_cons parameters to delta_max=0.0300 bound.
2026-08-11 19:42:47 | sleep.weights.plasticity       | INFO  | Hard-clipped 27 w_cons parameters to delta_max=0.0300 bound.
2026-08-11 19:42:47 | sleep.weights.plasticity       | INFO  | Hard-clipped 27 w_cons parameters to delta_max=0.0300 bound.
2026-08-11 19:42:48 | sleep.weights.plasticity       | INFO  | Hard-clipped 27 w_cons parameters to delta_max=0.0300 bound.
2026-08-11 19:42:48 | sleep.weights.plasticity       | INFO  | Hard-clipped 27 w_cons parameters to delta_max=0.0300 bound.
2026-08-11 19:42:49 | sleep.weights.plasticity       | INFO  | Hard-clipped 26 w_cons parameters to delta_max=0.0300 bound.
2026-08-11 19:42:49 | sleep.weights.plasticity       | INFO  | Hard-clipped 26 w_cons parameters to delta_max=0.0300 bound.
2026-08-11 19:42:50 | sleep.weights.plasticity       | INFO  | Hard-clipped 26 w_cons parameters to delta_max=0.0300 bound.
2026-08-11 19:42:50 | sleep.weights.plasticity       | INFO  | Hard-clipped 26 w_cons parameters to delta_max=0.0300 bound.
2026-08-11 19:42:51 | sleep.weights.plasticity       | INFO  | Hard-clipped 26 w_cons parameters to delta_max=0.0300 bound.
2026-08-11 19:42:51 | sleep.weights.plasticity       | INFO  | Hard-clipped 26 w_cons parameters to delta_max=0.0300 bound.
2026-08-11 19:42:52 | sleep.weights.plasticity       | INFO  | Hard-clipped 27 w_cons parameters to delta_max=0.0300 bound.
2026-08-11 19:42:52 | sleep.weights.plasticity       | INFO  | Hard-clipped 27 w_cons parameters to delta_max=0.0300 bound.
2026-08-11 19:42:53 | sleep.weights.plasticity       | INFO  | Hard-clipped 27 w_cons parameters to delta_max=0.0300 bound.
2026-08-11 19:42:53 | sleep.weights.plasticity       | INFO  | Hard-clipped 27 w_cons parameters to delta_max=0.0300 bound.
2026-08-11 19:42:54 | sleep.weights.plasticity       | INFO  | Hard-clipped 27 w_cons parameters to delta_max=0.0300 bound.
2026-08-11 19:42:54 | sleep.weights.plasticity       | INFO  | Hard-clipped 27 w_cons parameters to delta_max=0.0300 bound.
2026-08-11 19:42:55 | sleep.weights.plasticity       | INFO  | Hard-clipped 27 w_cons parameters to delta_max=0.0300 bound.
2026-08-11 19:42:55 | sleep.weights.plasticity       | INFO  | Hard-clipped 27 w_cons parameters to delta_max=0.0300 bound.
2026-08-11 19:42:56 | sleep.weights.plasticity       | INFO  | Hard-clipped 27 w_cons parameters to delta_max=0.0300 bound.
2026-08-11 19:42:56 | sleep.weights.plasticity       | INFO  | Hard-clipped 28 w_cons parameters to delta_max=0.0300 bound.
2026-08-11 19:42:57 | sleep.weights.plasticity       | INFO  | Hard-clipped 28 w_cons parameters to delta_max=0.0300 bound.
2026-08-11 19:42:57 | sleep.weights.plasticity       | INFO  | Hard-clipped 28 w_cons parameters to delta_max=0.0300 bound.
2026-08-11 19:42:57 | sleep.weights.plasticity       | INFO  | Hard-clipped 28 w_cons parameters to delta_max=0.0300 bound.
2026-08-11 19:42:58 | sleep.weights.plasticity       | INFO  | Hard-clipped 28 w_cons parameters to delta_max=0.0300 bound.
2026-08-11 19:42:58 | sleep.weights.plasticity       | INFO  | Hard-clipped 28 w_cons parameters to delta_max=0.0300 bound.
2026-08-11 19:42:59 | sleep.weights.plasticity       | INFO  | Hard-clipped 28 w_cons parameters to delta_max=0.0300 bound.
2026-08-11 19:42:59 | sleep.weights.plasticity       | INFO  | Hard-clipped 28 w_cons parameters to delta_max=0.0300 bound.
2026-08-11 19:43:00 | sleep.weights.plasticity       | INFO  | Hard-clipped 28 w_cons parameters to delta_max=0.0300 bound.
2026-08-11 19:43:00 | sleep.weights.plasticity       | INFO  | Hard-clipped 28 w_cons parameters to delta_max=0.0300 bound.
2026-08-11 19:43:01 | sleep.weights.plasticity       | INFO  | Hard-clipped 28 w_cons parameters to delta_max=0.0300 bound.
2026-08-11 19:43:01 | sleep.weights.plasticity       | INFO  | Hard-clipped 26 w_cons parameters to delta_max=0.0300 bound.
2026-08-11 19:43:02 | sleep.weights.plasticity       | INFO  | Hard-clipped 26 w_cons parameters to delta_max=0.0300 bound.
2026-08-11 19:43:02 | sleep.weights.plasticity       | INFO  | Hard-clipped 28 w_cons parameters to delta_max=0.0300 bound.
2026-08-11 19:43:02 | sleep.sleep_engine.train       | INFO  |   step 300/1500 | loss=0.5522 | mean_loss=1.5671 | eta=9 | lr=9.70e-05
2026-08-11 19:43:03 | sleep.weights.plasticity       | INFO  | Hard-clipped 28 w_cons parameters to delta_max=0.0300 bound.
2026-08-11 19:43:03 | sleep.weights.plasticity       | INFO  | Hard-clipped 28 w_cons parameters to delta_max=0.0300 bound.
2026-08-11 19:43:04 | sleep.weights.plasticity       | INFO  | Hard-clipped 28 w_cons parameters to delta_max=0.0300 bound.
2026-08-11 19:43:04 | sleep.weights.plasticity       | INFO  | Hard-clipped 28 w_cons parameters to delta_max=0.0300 bound.
2026-08-11 19:43:05 | sleep.weights.plasticity       | INFO  | Hard-clipped 28 w_cons parameters to delta_max=0.0300 bound.
2026-08-11 19:43:05 | sleep.weights.plasticity       | INFO  | Hard-clipped 28 w_cons parameters to delta_max=0.0300 bound.
2026-08-11 19:43:06 | sleep.weights.plasticity       | INFO  | Hard-clipped 28 w_cons parameters to delta_max=0.0300 bound.
2026-08-11 19:43:06 | sleep.weights.plasticity       | INFO  | Hard-clipped 28 w_cons parameters to delta_max=0.0300 bound.
2026-08-11 19:43:07 | sleep.weights.plasticity       | INFO  | Hard-clipped 28 w_cons parameters to delta_max=0.0300 bound.
2026-08-11 19:43:07 | sleep.weights.plasticity       | INFO  | Hard-clipped 28 w_cons parameters to delta_max=0.0300 bound.
2026-08-11 19:43:08 | sleep.weights.plasticity       | INFO  | Hard-clipped 28 w_cons parameters to delta_max=0.0300 bound.
2026-08-11 19:43:08 | sleep.weights.plasticity       | INFO  | Hard-clipped 28 w_cons parameters to delta_max=0.0300 bound.
2026-08-11 19:43:09 | sleep.weights.plasticity       | INFO  | Hard-clipped 28 w_cons parameters to delta_max=0.0300 bound.
2026-08-11 19:43:09 | sleep.weights.plasticity       | INFO  | Hard-clipped 28 w_cons parameters to delta_max=0.0300 bound.
2026-08-11 19:43:10 | sleep.weights.plasticity       | INFO  | Hard-clipped 28 w_cons parameters to delta_max=0.0300 bound.
2026-08-11 19:43:10 | sleep.weights.plasticity       | INFO  | Hard-clipped 28 w_cons parameters to delta_max=0.0300 bound.
2026-08-11 19:43:11 | sleep.weights.plasticity       | INFO  | Hard-clipped 28 w_cons parameters to delta_max=0.0300 bound.
2026-08-11 19:43:11 | sleep.weights.plasticity       | INFO  | Hard-clipped 28 w_cons parameters to delta_max=0.0300 bound.
2026-08-11 19:43:12 | sleep.weights.plasticity       | INFO  | Hard-clipped 28 w_cons parameters to delta_max=0.0300 bound.
2026-08-11 19:43:12 | sleep.weights.plasticity       | INFO  | Hard-clipped 28 w_cons parameters to delta_max=0.0300 bound.
2026-08-11 19:43:13 | sleep.weights.plasticity       | INFO  | Hard-clipped 28 w_cons parameters to delta_max=0.0300 bound.
2026-08-11 19:43:13 | sleep.weights.plasticity       | INFO  | Hard-clipped 27 w_cons parameters to delta_max=0.0300 bound.
2026-08-11 19:43:14 | sleep.weights.plasticity       | INFO  | Hard-clipped 27 w_cons parameters to delta_max=0.0300 bound.
2026-08-11 19:43:14 | sleep.weights.plasticity       | INFO  | Hard-clipped 27 w_cons parameters to delta_max=0.0300 bound.
2026-08-11 19:43:15 | sleep.weights.plasticity       | INFO  | Hard-clipped 29 w_cons parameters to delta_max=0.0300 bound.
2026-08-11 19:43:15 | sleep.weights.plasticity       | INFO  | Hard-clipped 29 w_cons parameters to delta_max=0.0300 bound.
2026-08-11 19:43:15 | sleep.weights.plasticity       | INFO  | Hard-clipped 29 w_cons parameters to delta_max=0.0300 bound.
2026-08-11 19:43:16 | sleep.weights.plasticity       | INFO  | Hard-clipped 29 w_cons parameters to delta_max=0.0300 bound.
2026-08-11 19:43:16 | sleep.weights.plasticity       | INFO  | Hard-clipped 29 w_cons parameters to delta_max=0.0300 bound.
2026-08-11 19:43:17 | sleep.weights.plasticity       | INFO  | Hard-clipped 29 w_cons parameters to delta_max=0.0300 bound.
2026-08-11 19:43:17 | sleep.weights.plasticity       | INFO  | Hard-clipped 29 w_cons parameters to delta_max=0.0300 bound.
2026-08-11 19:43:18 | sleep.weights.plasticity       | INFO  | Hard-clipped 29 w_cons parameters to delta_max=0.0300 bound.
2026-08-11 19:43:18 | sleep.weights.plasticity       | INFO  | Hard-clipped 29 w_cons parameters to delta_max=0.0300 bound.
2026-08-11 19:43:19 | sleep.weights.plasticity       | INFO  | Hard-clipped 29 w_cons parameters to delta_max=0.0300 bound.
2026-08-11 19:43:19 | sleep.weights.plasticity       | INFO  | Hard-clipped 29 w_cons parameters to delta_max=0.0300 bound.
2026-08-11 19:43:20 | sleep.weights.plasticity       | INFO  | Hard-clipped 29 w_cons parameters to delta_max=0.0300 bound.
2026-08-11 19:43:20 | sleep.weights.plasticity       | INFO  | Hard-clipped 29 w_cons parameters to delta_max=0.0300 bound.
2026-08-11 19:43:21 | sleep.weights.plasticity       | INFO  | Hard-clipped 29 w_cons parameters to delta_max=0.0300 bound.
2026-08-11 19:43:21 | sleep.weights.plasticity       | INFO  | Hard-clipped 29 w_cons parameters to delta_max=0.0300 bound.
2026-08-11 19:43:22 | sleep.weights.plasticity       | INFO  | Hard-clipped 29 w_cons parameters to delta_max=0.0300 bound.
2026-08-11 19:43:22 | sleep.weights.plasticity       | INFO  | Hard-clipped 29 w_cons parameters to delta_max=0.0300 bound.
2026-08-11 19:43:23 | sleep.weights.plasticity       | INFO  | Hard-clipped 30 w_cons parameters to delta_max=0.0300 bound.
2026-08-11 19:43:23 | sleep.weights.plasticity       | INFO  | Hard-clipped 30 w_cons parameters to delta_max=0.0300 bound.
2026-08-11 19:43:24 | sleep.weights.plasticity       | INFO  | Hard-clipped 29 w_cons parameters to delta_max=0.0300 bound.
2026-08-11 19:43:24 | sleep.weights.plasticity       | INFO  | Hard-clipped 28 w_cons parameters to delta_max=0.0300 bound.
2026-08-11 19:43:25 | sleep.weights.plasticity       | INFO  | Hard-clipped 29 w_cons parameters to delta_max=0.0300 bound.
2026-08-11 19:43:25 | sleep.weights.plasticity       | INFO  | Hard-clipped 29 w_cons parameters to delta_max=0.0300 bound.
2026-08-11 19:43:26 | sleep.weights.plasticity       | INFO  | Hard-clipped 29 w_cons parameters to delta_max=0.0300 bound.
2026-08-11 19:43:26 | sleep.weights.plasticity       | INFO  | Hard-clipped 29 w_cons parameters to delta_max=0.0300 bound.
2026-08-11 19:43:27 | sleep.weights.plasticity       | INFO  | Hard-clipped 29 w_cons parameters to delta_max=0.0300 bound.
2026-08-11 19:43:27 | sleep.weights.plasticity       | INFO  | Hard-clipped 28 w_cons parameters to delta_max=0.0300 bound.
2026-08-11 19:43:28 | sleep.weights.plasticity       | INFO  | Hard-clipped 28 w_cons parameters to delta_max=0.0300 bound.
2026-08-11 19:43:28 | sleep.weights.plasticity       | INFO  | Hard-clipped 23 w_cons parameters to delta_max=0.0300 bound.
2026-08-11 19:43:29 | sleep.weights.plasticity       | INFO  | Hard-clipped 23 w_cons parameters to delta_max=0.0300 bound.
2026-08-11 19:43:29 | sleep.weights.plasticity       | INFO  | Hard-clipped 27 w_cons parameters to delta_max=0.0300 bound.
2026-08-11 19:43:30 | sleep.weights.plasticity       | INFO  | Hard-clipped 28 w_cons parameters to delta_max=0.0300 bound.
2026-08-11 19:43:30 | sleep.weights.plasticity       | INFO  | Hard-clipped 29 w_cons parameters to delta_max=0.0300 bound.
2026-08-11 19:43:31 | sleep.weights.plasticity       | INFO  | Hard-clipped 29 w_cons parameters to delta_max=0.0300 bound.
2026-08-11 19:43:31 | sleep.weights.plasticity       | INFO  | Hard-clipped 29 w_cons parameters to delta_max=0.0300 bound.
2026-08-11 19:43:32 | sleep.weights.plasticity       | INFO  | Hard-clipped 30 w_cons parameters to delta_max=0.0300 bound.
2026-08-11 19:43:32 | sleep.weights.plasticity       | INFO  | Hard-clipped 30 w_cons parameters to delta_max=0.0300 bound.
2026-08-11 19:43:33 | sleep.weights.plasticity       | INFO  | Hard-clipped 29 w_cons parameters to delta_max=0.0300 bound.
2026-08-11 19:43:33 | sleep.weights.plasticity       | INFO  | Hard-clipped 29 w_cons parameters to delta_max=0.0300 bound.
2026-08-11 19:43:34 | sleep.weights.plasticity       | INFO  | Hard-clipped 28 w_cons parameters to delta_max=0.0300 bound.
2026-08-11 19:43:34 | sleep.weights.plasticity       | INFO  | Hard-clipped 30 w_cons parameters to delta_max=0.0300 bound.
2026-08-11 19:43:35 | sleep.weights.plasticity       | INFO  | Hard-clipped 30 w_cons parameters to delta_max=0.0300 bound.
2026-08-11 19:43:35 | sleep.weights.plasticity       | INFO  | Hard-clipped 30 w_cons parameters to delta_max=0.0300 bound.
2026-08-11 19:43:36 | sleep.weights.plasticity       | INFO  | Hard-clipped 30 w_cons parameters to delta_max=0.0300 bound.
2026-08-11 19:43:36 | sleep.weights.plasticity       | INFO  | Hard-clipped 30 w_cons parameters to delta_max=0.0300 bound.
2026-08-11 19:43:36 | sleep.weights.plasticity       | INFO  | Hard-clipped 30 w_cons parameters to delta_max=0.0300 bound.
2026-08-11 19:43:37 | sleep.weights.plasticity       | INFO  | Hard-clipped 30 w_cons parameters to delta_max=0.0300 bound.
2026-08-11 19:43:37 | sleep.weights.plasticity       | INFO  | Hard-clipped 30 w_cons parameters to delta_max=0.0300 bound.
2026-08-11 19:43:38 | sleep.weights.plasticity       | INFO  | Hard-clipped 27 w_cons parameters to delta_max=0.0300 bound.
2026-08-11 19:43:38 | sleep.weights.plasticity       | INFO  | Hard-clipped 29 w_cons parameters to delta_max=0.0300 bound.
2026-08-11 19:43:39 | sleep.weights.plasticity       | INFO  | Hard-clipped 28 w_cons parameters to delta_max=0.0300 bound.
2026-08-11 19:43:39 | sleep.weights.plasticity       | INFO  | Hard-clipped 29 w_cons parameters to delta_max=0.0300 bound.
2026-08-11 19:43:40 | sleep.weights.plasticity       | INFO  | Hard-clipped 29 w_cons parameters to delta_max=0.0300 bound.
2026-08-11 19:43:40 | sleep.weights.plasticity       | INFO  | Hard-clipped 30 w_cons parameters to delta_max=0.0300 bound.
2026-08-11 19:43:41 | sleep.weights.plasticity       | INFO  | Hard-clipped 30 w_cons parameters to delta_max=0.0300 bound.
2026-08-11 19:43:41 | sleep.weights.plasticity       | INFO  | Hard-clipped 31 w_cons parameters to delta_max=0.0300 bound.
2026-08-11 19:43:42 | sleep.weights.plasticity       | INFO  | Hard-clipped 31 w_cons parameters to delta_max=0.0300 bound.
2026-08-11 19:43:42 | sleep.weights.plasticity       | INFO  | Hard-clipped 31 w_cons parameters to delta_max=0.0300 bound.
2026-08-11 19:43:43 | sleep.weights.plasticity       | INFO  | Hard-clipped 31 w_cons parameters to delta_max=0.0300 bound.
2026-08-11 19:43:43 | sleep.weights.plasticity       | INFO  | Hard-clipped 31 w_cons parameters to delta_max=0.0300 bound.
2026-08-11 19:43:44 | sleep.weights.plasticity       | INFO  | Hard-clipped 31 w_cons parameters to delta_max=0.0300 bound.
2026-08-11 19:43:44 | sleep.weights.plasticity       | INFO  | Hard-clipped 31 w_cons parameters to delta_max=0.0300 bound.
2026-08-11 19:43:45 | sleep.weights.plasticity       | INFO  | Hard-clipped 31 w_cons parameters to delta_max=0.0300 bound.
2026-08-11 19:43:45 | sleep.weights.plasticity       | INFO  | Hard-clipped 30 w_cons parameters to delta_max=0.0300 bound.
2026-08-11 19:43:46 | sleep.weights.plasticity       | INFO  | Hard-clipped 31 w_cons parameters to delta_max=0.0300 bound.
2026-08-11 19:43:46 | sleep.weights.plasticity       | INFO  | Hard-clipped 31 w_cons parameters to delta_max=0.0300 bound.
2026-08-11 19:43:47 | sleep.weights.plasticity       | INFO  | Hard-clipped 31 w_cons parameters to delta_max=0.0300 bound.
2026-08-11 19:43:47 | sleep.weights.plasticity       | INFO  | Hard-clipped 31 w_cons parameters to delta_max=0.0300 bound.
2026-08-11 19:43:48 | sleep.weights.plasticity       | INFO  | Hard-clipped 31 w_cons parameters to delta_max=0.0300 bound.
2026-08-11 19:43:48 | sleep.weights.plasticity       | INFO  | Hard-clipped 31 w_cons parameters to delta_max=0.0300 bound.
2026-08-11 19:43:49 | sleep.weights.plasticity       | INFO  | Hard-clipped 31 w_cons parameters to delta_max=0.0300 bound.
2026-08-11 19:43:49 | sleep.weights.plasticity       | INFO  | Hard-clipped 31 w_cons parameters to delta_max=0.0300 bound.
2026-08-11 19:43:50 | sleep.weights.plasticity       | INFO  | Hard-clipped 31 w_cons parameters to delta_max=0.0300 bound.
2026-08-11 19:43:50 | sleep.weights.plasticity       | INFO  | Hard-clipped 31 w_cons parameters to delta_max=0.0300 bound.
2026-08-11 19:43:51 | sleep.weights.plasticity       | INFO  | Hard-clipped 31 w_cons parameters to delta_max=0.0300 bound.
2026-08-11 19:43:51 | sleep.weights.plasticity       | INFO  | Hard-clipped 31 w_cons parameters to delta_max=0.0300 bound.
2026-08-11 19:43:52 | sleep.weights.plasticity       | INFO  | Hard-clipped 31 w_cons parameters to delta_max=0.0300 bound.
2026-08-11 19:43:52 | sleep.weights.plasticity       | INFO  | Hard-clipped 31 w_cons parameters to delta_max=0.0300 bound.
2026-08-11 19:43:53 | sleep.weights.plasticity       | INFO  | Hard-clipped 30 w_cons parameters to delta_max=0.0300 bound.
2026-08-11 19:43:53 | sleep.weights.plasticity       | INFO  | Hard-clipped 28 w_cons parameters to delta_max=0.0300 bound.
2026-08-11 19:43:54 | sleep.weights.plasticity       | INFO  | Hard-clipped 28 w_cons parameters to delta_max=0.0300 bound.
2026-08-11 19:43:54 | sleep.weights.plasticity       | INFO  | Hard-clipped 28 w_cons parameters to delta_max=0.0300 bound.
2026-08-11 19:43:55 | sleep.weights.plasticity       | INFO  | Hard-clipped 28 w_cons parameters to delta_max=0.0300 bound.
2026-08-11 19:43:55 | sleep.weights.plasticity       | INFO  | Hard-clipped 28 w_cons parameters to delta_max=0.0300 bound.
2026-08-11 19:43:56 | sleep.weights.plasticity       | INFO  | Hard-clipped 28 w_cons parameters to delta_max=0.0300 bound.
2026-08-11 19:43:56 | sleep.weights.plasticity       | INFO  | Hard-clipped 30 w_cons parameters to delta_max=0.0300 bound.
2026-08-11 19:43:57 | sleep.weights.plasticity       | INFO  | Hard-clipped 31 w_cons parameters to delta_max=0.0300 bound.
2026-08-11 19:43:57 | sleep.weights.plasticity       | INFO  | Hard-clipped 31 w_cons parameters to delta_max=0.0300 bound.
2026-08-11 19:43:58 | sleep.weights.plasticity       | INFO  | Hard-clipped 31 w_cons parameters to delta_max=0.0300 bound.
2026-08-11 19:43:58 | sleep.weights.plasticity       | INFO  | Hard-clipped 31 w_cons parameters to delta_max=0.0300 bound.
2026-08-11 19:43:59 | sleep.weights.plasticity       | INFO  | Hard-clipped 31 w_cons parameters to delta_max=0.0300 bound.
2026-08-11 19:43:59 | sleep.weights.plasticity       | INFO  | Hard-clipped 31 w_cons parameters to delta_max=0.0300 bound.
2026-08-11 19:44:00 | sleep.weights.plasticity       | INFO  | Hard-clipped 30 w_cons parameters to delta_max=0.0300 bound.
2026-08-11 19:44:00 | sleep.weights.plasticity       | INFO  | Hard-clipped 29 w_cons parameters to delta_max=0.0300 bound.
2026-08-11 19:44:01 | sleep.weights.plasticity       | INFO  | Hard-clipped 29 w_cons parameters to delta_max=0.0300 bound.
2026-08-11 19:44:01 | sleep.weights.plasticity       | INFO  | Hard-clipped 29 w_cons parameters to delta_max=0.0300 bound.
2026-08-11 19:44:02 | sleep.weights.plasticity       | INFO  | Hard-clipped 29 w_cons parameters to delta_max=0.0300 bound.
2026-08-11 19:44:02 | sleep.weights.plasticity       | INFO  | Hard-clipped 29 w_cons parameters to delta_max=0.0300 bound.
2026-08-11 19:44:03 | sleep.weights.plasticity       | INFO  | Hard-clipped 29 w_cons parameters to delta_max=0.0300 bound.
2026-08-11 19:44:03 | sleep.weights.plasticity       | INFO  | Hard-clipped 29 w_cons parameters to delta_max=0.0300 bound.
2026-08-11 19:44:04 | sleep.weights.plasticity       | INFO  | Hard-clipped 30 w_cons parameters to delta_max=0.0300 bound.
2026-08-11 19:44:04 | sleep.weights.plasticity       | INFO  | Hard-clipped 30 w_cons parameters to delta_max=0.0300 bound.
2026-08-11 19:44:05 | sleep.weights.plasticity       | INFO  | Hard-clipped 31 w_cons parameters to delta_max=0.0300 bound.
2026-08-11 19:44:05 | sleep.weights.plasticity       | INFO  | Hard-clipped 31 w_cons parameters to delta_max=0.0300 bound.
2026-08-11 19:44:05 | sleep.weights.plasticity       | INFO  | Hard-clipped 32 w_cons parameters to delta_max=0.0300 bound.
2026-08-11 19:44:06 | sleep.weights.plasticity       | INFO  | Hard-clipped 32 w_cons parameters to delta_max=0.0300 bound.
2026-08-11 19:44:06 | sleep.weights.plasticity       | INFO  | Hard-clipped 32 w_cons parameters to delta_max=0.0300 bound.
2026-08-11 19:44:07 | sleep.weights.plasticity       | INFO  | Hard-clipped 32 w_cons parameters to delta_max=0.0300 bound.
2026-08-11 19:44:07 | sleep.weights.plasticity       | INFO  | Hard-clipped 32 w_cons parameters to delta_max=0.0300 bound.
2026-08-11 19:44:08 | sleep.weights.plasticity       | INFO  | Hard-clipped 31 w_cons parameters to delta_max=0.0300 bound.
2026-08-11 19:44:08 | sleep.weights.plasticity       | INFO  | Hard-clipped 31 w_cons parameters to delta_max=0.0300 bound.
2026-08-11 19:44:09 | sleep.weights.plasticity       | INFO  | Hard-clipped 31 w_cons parameters to delta_max=0.0300 bound.
2026-08-11 19:44:09 | sleep.weights.plasticity       | INFO  | Hard-clipped 32 w_cons parameters to delta_max=0.0300 bound.
2026-08-11 19:44:10 | sleep.weights.plasticity       | INFO  | Hard-clipped 32 w_cons parameters to delta_max=0.0300 bound.
2026-08-11 19:44:10 | sleep.weights.plasticity       | INFO  | Hard-clipped 32 w_cons parameters to delta_max=0.0300 bound.
2026-08-11 19:44:11 | sleep.weights.plasticity       | INFO  | Hard-clipped 32 w_cons parameters to delta_max=0.0300 bound.
2026-08-11 19:44:11 | sleep.weights.plasticity       | INFO  | Hard-clipped 32 w_cons parameters to delta_max=0.0300 bound.
2026-08-11 19:44:12 | sleep.weights.plasticity       | INFO  | Hard-clipped 32 w_cons parameters to delta_max=0.0300 bound.
2026-08-11 19:44:12 | sleep.weights.plasticity       | INFO  | Hard-clipped 33 w_cons parameters to delta_max=0.0300 bound.
2026-08-11 19:44:13 | sleep.weights.plasticity       | INFO  | Hard-clipped 33 w_cons parameters to delta_max=0.0300 bound.
2026-08-11 19:44:13 | sleep.weights.plasticity       | INFO  | Hard-clipped 33 w_cons parameters to delta_max=0.0300 bound.
2026-08-11 19:44:14 | sleep.weights.plasticity       | INFO  | Hard-clipped 33 w_cons parameters to delta_max=0.0300 bound.
2026-08-11 19:44:14 | sleep.weights.plasticity       | INFO  | Hard-clipped 33 w_cons parameters to delta_max=0.0300 bound.
2026-08-11 19:44:15 | sleep.weights.plasticity       | INFO  | Hard-clipped 33 w_cons parameters to delta_max=0.0300 bound.
2026-08-11 19:44:15 | sleep.weights.plasticity       | INFO  | Hard-clipped 32 w_cons parameters to delta_max=0.0300 bound.
2026-08-11 19:44:16 | sleep.weights.plasticity       | INFO  | Hard-clipped 32 w_cons parameters to delta_max=0.0300 bound.
2026-08-11 19:44:16 | sleep.sleep_engine.train       | INFO  |   step 450/1500 | loss=0.5155 | mean_loss=1.2104 | eta=4 | lr=8.83e-05
2026-08-11 19:44:16 | sleep.weights.plasticity       | INFO  | Hard-clipped 32 w_cons parameters to delta_max=0.0300 bound.
2026-08-11 19:44:17 | sleep.weights.plasticity       | INFO  | Hard-clipped 32 w_cons parameters to delta_max=0.0300 bound.
2026-08-11 19:44:17 | sleep.weights.plasticity       | INFO  | Hard-clipped 33 w_cons parameters to delta_max=0.0300 bound.
2026-08-11 19:44:18 | sleep.weights.plasticity       | INFO  | Hard-clipped 33 w_cons parameters to delta_max=0.0300 bound.
2026-08-11 19:44:18 | sleep.weights.plasticity       | INFO  | Hard-clipped 33 w_cons parameters to delta_max=0.0300 bound.
2026-08-11 19:44:19 | sleep.weights.plasticity       | INFO  | Hard-clipped 32 w_cons parameters to delta_max=0.0300 bound.
2026-08-11 19:44:19 | sleep.weights.plasticity       | INFO  | Hard-clipped 32 w_cons parameters to delta_max=0.0300 bound.
2026-08-11 19:44:20 | sleep.weights.plasticity       | INFO  | Hard-clipped 33 w_cons parameters to delta_max=0.0300 bound.
2026-08-11 19:44:20 | sleep.weights.plasticity       | INFO  | Hard-clipped 33 w_cons parameters to delta_max=0.0300 bound.
2026-08-11 19:44:21 | sleep.weights.plasticity       | INFO  | Hard-clipped 33 w_cons parameters to delta_max=0.0300 bound.
2026-08-11 19:44:21 | sleep.weights.plasticity       | INFO  | Hard-clipped 33 w_cons parameters to delta_max=0.0300 bound.
2026-08-11 19:44:22 | sleep.weights.plasticity       | INFO  | Hard-clipped 32 w_cons parameters to delta_max=0.0300 bound.
2026-08-11 19:44:22 | sleep.weights.plasticity       | INFO  | Hard-clipped 31 w_cons parameters to delta_max=0.0300 bound.
2026-08-11 19:44:23 | sleep.weights.plasticity       | INFO  | Hard-clipped 30 w_cons parameters to delta_max=0.0300 bound.
2026-08-11 19:44:23 | sleep.weights.plasticity       | INFO  | Hard-clipped 29 w_cons parameters to delta_max=0.0300 bound.
2026-08-11 19:44:24 | sleep.weights.plasticity       | INFO  | Hard-clipped 31 w_cons parameters to delta_max=0.0300 bound.
2026-08-11 19:44:24 | sleep.weights.plasticity       | INFO  | Hard-clipped 31 w_cons parameters to delta_max=0.0300 bound.
2026-08-11 19:44:25 | sleep.weights.plasticity       | INFO  | Hard-clipped 32 w_cons parameters to delta_max=0.0300 bound.
2026-08-11 19:44:25 | sleep.weights.plasticity       | INFO  | Hard-clipped 32 w_cons parameters to delta_max=0.0300 bound.
2026-08-11 19:44:26 | sleep.weights.plasticity       | INFO  | Hard-clipped 32 w_cons parameters to delta_max=0.0300 bound.
2026-08-11 19:44:26 | sleep.weights.plasticity       | INFO  | Hard-clipped 33 w_cons parameters to delta_max=0.0300 bound.
2026-08-11 19:44:27 | sleep.weights.plasticity       | INFO  | Hard-clipped 33 w_cons parameters to delta_max=0.0300 bound.
2026-08-11 19:44:27 | sleep.weights.plasticity       | INFO  | Hard-clipped 33 w_cons parameters to delta_max=0.0300 bound.
2026-08-11 19:44:28 | sleep.weights.plasticity       | INFO  | Hard-clipped 34 w_cons parameters to delta_max=0.0300 bound.
2026-08-11 19:44:28 | sleep.weights.plasticity       | INFO  | Hard-clipped 34 w_cons parameters to delta_max=0.0300 bound.
2026-08-11 19:44:29 | sleep.weights.plasticity       | INFO  | Hard-clipped 34 w_cons parameters to delta_max=0.0300 bound.
2026-08-11 19:44:29 | sleep.weights.plasticity       | INFO  | Hard-clipped 34 w_cons parameters to delta_max=0.0300 bound.
2026-08-11 19:44:30 | sleep.weights.plasticity       | INFO  | Hard-clipped 32 w_cons parameters to delta_max=0.0300 bound.
2026-08-11 19:44:30 | sleep.weights.plasticity       | INFO  | Hard-clipped 29 w_cons parameters to delta_max=0.0300 bound.
2026-08-11 19:44:31 | sleep.weights.plasticity       | INFO  | Hard-clipped 29 w_cons parameters to delta_max=0.0300 bound.
2026-08-11 19:44:31 | sleep.weights.plasticity       | INFO  | Hard-clipped 30 w_cons parameters to delta_max=0.0300 bound.
2026-08-11 19:44:32 | sleep.weights.plasticity       | INFO  | Hard-clipped 32 w_cons parameters to delta_max=0.0300 bound.
2026-08-11 19:44:32 | sleep.weights.plasticity       | INFO  | Hard-clipped 33 w_cons parameters to delta_max=0.0300 bound.
2026-08-11 19:44:33 | sleep.weights.plasticity       | INFO  | Hard-clipped 34 w_cons parameters to delta_max=0.0300 bound.
2026-08-11 19:44:33 | sleep.weights.plasticity       | INFO  | Hard-clipped 34 w_cons parameters to delta_max=0.0300 bound.
2026-08-11 19:44:34 | sleep.weights.plasticity       | INFO  | Hard-clipped 34 w_cons parameters to delta_max=0.0300 bound.
2026-08-11 19:44:34 | sleep.weights.plasticity       | INFO  | Hard-clipped 34 w_cons parameters to delta_max=0.0300 bound.
2026-08-11 19:44:35 | sleep.weights.plasticity       | INFO  | Hard-clipped 34 w_cons parameters to delta_max=0.0300 bound.
2026-08-11 19:44:35 | sleep.weights.plasticity       | INFO  | Hard-clipped 34 w_cons parameters to delta_max=0.0300 bound.
2026-08-11 19:44:36 | sleep.weights.plasticity       | INFO  | Hard-clipped 34 w_cons parameters to delta_max=0.0300 bound.
2026-08-11 19:44:36 | sleep.weights.plasticity       | INFO  | Hard-clipped 34 w_cons parameters to delta_max=0.0300 bound.
2026-08-11 19:44:37 | sleep.weights.plasticity       | INFO  | Hard-clipped 34 w_cons parameters to delta_max=0.0300 bound.
2026-08-11 19:44:37 | sleep.weights.plasticity       | INFO  | Hard-clipped 34 w_cons parameters to delta_max=0.0300 bound.
2026-08-11 19:44:38 | sleep.weights.plasticity       | INFO  | Hard-clipped 35 w_cons parameters to delta_max=0.0300 bound.
2026-08-11 19:44:38 | sleep.weights.plasticity       | INFO  | Hard-clipped 35 w_cons parameters to delta_max=0.0300 bound.
2026-08-11 19:44:39 | sleep.weights.plasticity       | INFO  | Hard-clipped 35 w_cons parameters to delta_max=0.0300 bound.
2026-08-11 19:44:39 | sleep.weights.plasticity       | INFO  | Hard-clipped 35 w_cons parameters to delta_max=0.0300 bound.
2026-08-11 19:44:40 | sleep.weights.plasticity       | INFO  | Hard-clipped 35 w_cons parameters to delta_max=0.0300 bound.
2026-08-11 19:44:40 | sleep.weights.plasticity       | INFO  | Hard-clipped 35 w_cons parameters to delta_max=0.0300 bound.
2026-08-11 19:44:41 | sleep.weights.plasticity       | INFO  | Hard-clipped 35 w_cons parameters to delta_max=0.0300 bound.
2026-08-11 19:44:41 | sleep.weights.plasticity       | INFO  | Hard-clipped 35 w_cons parameters to delta_max=0.0300 bound.
2026-08-11 19:44:41 | sleep.weights.plasticity       | INFO  | Hard-clipped 35 w_cons parameters to delta_max=0.0300 bound.
2026-08-11 19:44:42 | sleep.weights.plasticity       | INFO  | Hard-clipped 35 w_cons parameters to delta_max=0.0300 bound.
2026-08-11 19:44:42 | sleep.weights.plasticity       | INFO  | Hard-clipped 35 w_cons parameters to delta_max=0.0300 bound.
2026-08-11 19:44:43 | sleep.weights.plasticity       | INFO  | Hard-clipped 35 w_cons parameters to delta_max=0.0300 bound.
2026-08-11 19:44:43 | sleep.weights.plasticity       | INFO  | Hard-clipped 35 w_cons parameters to delta_max=0.0300 bound.
2026-08-11 19:44:44 | sleep.weights.plasticity       | INFO  | Hard-clipped 35 w_cons parameters to delta_max=0.0300 bound.
2026-08-11 19:44:44 | sleep.weights.plasticity       | INFO  | Hard-clipped 35 w_cons parameters to delta_max=0.0300 bound.
2026-08-11 19:44:45 | sleep.weights.plasticity       | INFO  | Hard-clipped 34 w_cons parameters to delta_max=0.0300 bound.
2026-08-11 19:44:45 | sleep.weights.plasticity       | INFO  | Hard-clipped 34 w_cons parameters to delta_max=0.0300 bound.
2026-08-11 19:44:46 | sleep.weights.plasticity       | INFO  | Hard-clipped 34 w_cons parameters to delta_max=0.0300 bound.
2026-08-11 19:44:46 | sleep.weights.plasticity       | INFO  | Hard-clipped 35 w_cons parameters to delta_max=0.0300 bound.
2026-08-11 19:44:47 | sleep.weights.plasticity       | INFO  | Hard-clipped 35 w_cons parameters to delta_max=0.0300 bound.
2026-08-11 19:44:47 | sleep.weights.plasticity       | INFO  | Hard-clipped 35 w_cons parameters to delta_max=0.0300 bound.
2026-08-11 19:44:48 | sleep.weights.plasticity       | INFO  | Hard-clipped 35 w_cons parameters to delta_max=0.0300 bound.
2026-08-11 19:44:48 | sleep.weights.plasticity       | INFO  | Hard-clipped 35 w_cons parameters to delta_max=0.0300 bound.
2026-08-11 19:44:49 | sleep.weights.plasticity       | INFO  | Hard-clipped 35 w_cons parameters to delta_max=0.0300 bound.
2026-08-11 19:44:49 | sleep.weights.plasticity       | INFO  | Hard-clipped 35 w_cons parameters to delta_max=0.0300 bound.
2026-08-11 19:44:50 | sleep.weights.plasticity       | INFO  | Hard-clipped 35 w_cons parameters to delta_max=0.0300 bound.
2026-08-11 19:44:50 | sleep.weights.plasticity       | INFO  | Hard-clipped 34 w_cons parameters to delta_max=0.0300 bound.
2026-08-11 19:44:51 | sleep.weights.plasticity       | INFO  | Hard-clipped 34 w_cons parameters to delta_max=0.0300 bound.
2026-08-11 19:44:51 | sleep.weights.plasticity       | INFO  | Hard-clipped 34 w_cons parameters to delta_max=0.0300 bound.
2026-08-11 19:44:52 | sleep.weights.plasticity       | INFO  | Hard-clipped 35 w_cons parameters to delta_max=0.0300 bound.
2026-08-11 19:44:52 | sleep.weights.plasticity       | INFO  | Hard-clipped 35 w_cons parameters to delta_max=0.0300 bound.
2026-08-11 19:44:53 | sleep.weights.plasticity       | INFO  | Hard-clipped 35 w_cons parameters to delta_max=0.0300 bound.
2026-08-11 19:44:53 | sleep.weights.plasticity       | INFO  | Hard-clipped 35 w_cons parameters to delta_max=0.0300 bound.
2026-08-11 19:44:54 | sleep.weights.plasticity       | INFO  | Hard-clipped 35 w_cons parameters to delta_max=0.0300 bound.
2026-08-11 19:44:54 | sleep.weights.plasticity       | INFO  | Hard-clipped 35 w_cons parameters to delta_max=0.0300 bound.
2026-08-11 19:44:55 | sleep.weights.plasticity       | INFO  | Hard-clipped 35 w_cons parameters to delta_max=0.0300 bound.
2026-08-11 19:44:55 | sleep.weights.plasticity       | INFO  | Hard-clipped 35 w_cons parameters to delta_max=0.0300 bound.
2026-08-11 19:44:56 | sleep.weights.plasticity       | INFO  | Hard-clipped 35 w_cons parameters to delta_max=0.0300 bound.
2026-08-11 19:44:56 | sleep.weights.plasticity       | INFO  | Hard-clipped 34 w_cons parameters to delta_max=0.0300 bound.
2026-08-11 19:44:57 | sleep.weights.plasticity       | INFO  | Hard-clipped 34 w_cons parameters to delta_max=0.0300 bound.
2026-08-11 19:44:57 | sleep.weights.plasticity       | INFO  | Hard-clipped 35 w_cons parameters to delta_max=0.0300 bound.
2026-08-11 19:44:58 | sleep.weights.plasticity       | INFO  | Hard-clipped 35 w_cons parameters to delta_max=0.0300 bound.
2026-08-11 19:44:58 | sleep.weights.plasticity       | INFO  | Hard-clipped 35 w_cons parameters to delta_max=0.0300 bound.
2026-08-11 19:44:59 | sleep.weights.plasticity       | INFO  | Hard-clipped 35 w_cons parameters to delta_max=0.0300 bound.
2026-08-11 19:44:59 | sleep.weights.plasticity       | INFO  | Hard-clipped 35 w_cons parameters to delta_max=0.0300 bound.
2026-08-11 19:45:00 | sleep.weights.plasticity       | INFO  | Hard-clipped 35 w_cons parameters to delta_max=0.0300 bound.
2026-08-11 19:45:00 | sleep.weights.plasticity       | INFO  | Hard-clipped 35 w_cons parameters to delta_max=0.0300 bound.
2026-08-11 19:45:01 | sleep.weights.plasticity       | INFO  | Hard-clipped 35 w_cons parameters to delta_max=0.0300 bound.
2026-08-11 19:45:01 | sleep.weights.plasticity       | INFO  | Hard-clipped 35 w_cons parameters to delta_max=0.0300 bound.
2026-08-11 19:45:02 | sleep.weights.plasticity       | INFO  | Hard-clipped 35 w_cons parameters to delta_max=0.0300 bound.
2026-08-11 19:45:02 | sleep.weights.plasticity       | INFO  | Hard-clipped 35 w_cons parameters to delta_max=0.0300 bound.
2026-08-11 19:45:03 | sleep.weights.plasticity       | INFO  | Hard-clipped 35 w_cons parameters to delta_max=0.0300 bound.
2026-08-11 19:45:03 | sleep.weights.plasticity       | INFO  | Hard-clipped 35 w_cons parameters to delta_max=0.0300 bound.
2026-08-11 19:45:04 | sleep.weights.plasticity       | INFO  | Hard-clipped 35 w_cons parameters to delta_max=0.0300 bound.
2026-08-11 19:45:04 | sleep.weights.plasticity       | INFO  | Hard-clipped 35 w_cons parameters to delta_max=0.0300 bound.
2026-08-11 19:45:05 | sleep.weights.plasticity       | INFO  | Hard-clipped 36 w_cons parameters to delta_max=0.0300 bound.
2026-08-11 19:45:05 | sleep.weights.plasticity       | INFO  | Hard-clipped 36 w_cons parameters to delta_max=0.0300 bound.
2026-08-11 19:45:06 | sleep.weights.plasticity       | INFO  | Hard-clipped 36 w_cons parameters to delta_max=0.0300 bound.
2026-08-11 19:45:06 | sleep.weights.plasticity       | INFO  | Hard-clipped 37 w_cons parameters to delta_max=0.0300 bound.
2026-08-11 19:45:07 | sleep.weights.plasticity       | INFO  | Hard-clipped 37 w_cons parameters to delta_max=0.0300 bound.
2026-08-11 19:45:07 | sleep.weights.plasticity       | INFO  | Hard-clipped 37 w_cons parameters to delta_max=0.0300 bound.
2026-08-11 19:45:08 | sleep.weights.plasticity       | INFO  | Hard-clipped 37 w_cons parameters to delta_max=0.0300 bound.
2026-08-11 19:45:08 | sleep.weights.plasticity       | INFO  | Hard-clipped 37 w_cons parameters to delta_max=0.0300 bound.
2026-08-11 19:45:09 | sleep.weights.plasticity       | INFO  | Hard-clipped 36 w_cons parameters to delta_max=0.0300 bound.
2026-08-11 19:45:09 | sleep.weights.plasticity       | INFO  | Hard-clipped 36 w_cons parameters to delta_max=0.0300 bound.
2026-08-11 19:45:10 | sleep.weights.plasticity       | INFO  | Hard-clipped 36 w_cons parameters to delta_max=0.0300 bound.
2026-08-11 19:45:10 | sleep.weights.plasticity       | INFO  | Hard-clipped 36 w_cons parameters to delta_max=0.0300 bound.
2026-08-11 19:45:11 | sleep.weights.plasticity       | INFO  | Hard-clipped 32 w_cons parameters to delta_max=0.0300 bound.
2026-08-11 19:45:11 | sleep.weights.plasticity       | INFO  | Hard-clipped 27 w_cons parameters to delta_max=0.0300 bound.
2026-08-11 19:45:12 | sleep.weights.plasticity       | INFO  | Hard-clipped 26 w_cons parameters to delta_max=0.0300 bound.
2026-08-11 19:45:12 | sleep.weights.plasticity       | INFO  | Hard-clipped 17 w_cons parameters to delta_max=0.0300 bound.
2026-08-11 19:45:13 | sleep.weights.plasticity       | INFO  | Hard-clipped 16 w_cons parameters to delta_max=0.0300 bound.
2026-08-11 19:45:13 | sleep.weights.plasticity       | INFO  | Hard-clipped 17 w_cons parameters to delta_max=0.0300 bound.
2026-08-11 19:45:14 | sleep.weights.plasticity       | INFO  | Hard-clipped 18 w_cons parameters to delta_max=0.0300 bound.
2026-08-11 19:45:14 | sleep.weights.plasticity       | INFO  | Hard-clipped 19 w_cons parameters to delta_max=0.0300 bound.
2026-08-11 19:45:15 | sleep.weights.plasticity       | INFO  | Hard-clipped 22 w_cons parameters to delta_max=0.0300 bound.
2026-08-11 19:45:15 | sleep.weights.plasticity       | INFO  | Hard-clipped 26 w_cons parameters to delta_max=0.0300 bound.
2026-08-11 19:45:16 | sleep.weights.plasticity       | INFO  | Hard-clipped 26 w_cons parameters to delta_max=0.0300 bound.
2026-08-11 19:45:16 | sleep.weights.plasticity       | INFO  | Hard-clipped 28 w_cons parameters to delta_max=0.0300 bound.
2026-08-11 19:45:17 | sleep.weights.plasticity       | INFO  | Hard-clipped 29 w_cons parameters to delta_max=0.0300 bound.
2026-08-11 19:45:17 | sleep.weights.plasticity       | INFO  | Hard-clipped 30 w_cons parameters to delta_max=0.0300 bound.
2026-08-11 19:45:17 | sleep.weights.plasticity       | INFO  | Hard-clipped 33 w_cons parameters to delta_max=0.0300 bound.
2026-08-11 19:45:18 | sleep.weights.plasticity       | INFO  | Hard-clipped 34 w_cons parameters to delta_max=0.0300 bound.
2026-08-11 19:45:18 | sleep.weights.plasticity       | INFO  | Hard-clipped 36 w_cons parameters to delta_max=0.0300 bound.
2026-08-11 19:45:19 | sleep.weights.plasticity       | INFO  | Hard-clipped 36 w_cons parameters to delta_max=0.0300 bound.
2026-08-11 19:45:19 | sleep.weights.plasticity       | INFO  | Hard-clipped 36 w_cons parameters to delta_max=0.0300 bound.
2026-08-11 19:45:20 | sleep.weights.plasticity       | INFO  | Hard-clipped 36 w_cons parameters to delta_max=0.0300 bound.
2026-08-11 19:45:20 | sleep.weights.plasticity       | INFO  | Hard-clipped 36 w_cons parameters to delta_max=0.0300 bound.
2026-08-11 19:45:21 | sleep.weights.plasticity       | INFO  | Hard-clipped 36 w_cons parameters to delta_max=0.0300 bound.
2026-08-11 19:45:21 | sleep.weights.plasticity       | INFO  | Hard-clipped 36 w_cons parameters to delta_max=0.0300 bound.
2026-08-11 19:45:22 | sleep.weights.plasticity       | INFO  | Hard-clipped 36 w_cons parameters to delta_max=0.0300 bound.
2026-08-11 19:45:22 | sleep.weights.plasticity       | INFO  | Hard-clipped 36 w_cons parameters to delta_max=0.0300 bound.
2026-08-11 19:45:23 | sleep.weights.plasticity       | INFO  | Hard-clipped 36 w_cons parameters to delta_max=0.0300 bound.
2026-08-11 19:45:23 | sleep.weights.plasticity       | INFO  | Hard-clipped 36 w_cons parameters to delta_max=0.0300 bound.
2026-08-11 19:45:24 | sleep.weights.plasticity       | INFO  | Hard-clipped 36 w_cons parameters to delta_max=0.0300 bound.
2026-08-11 19:45:24 | sleep.weights.plasticity       | INFO  | Hard-clipped 35 w_cons parameters to delta_max=0.0300 bound.
2026-08-11 19:45:25 | sleep.weights.plasticity       | INFO  | Hard-clipped 36 w_cons parameters to delta_max=0.0300 bound.
2026-08-11 19:45:25 | sleep.weights.plasticity       | INFO  | Hard-clipped 34 w_cons parameters to delta_max=0.0300 bound.
2026-08-11 19:45:26 | sleep.weights.plasticity       | INFO  | Hard-clipped 34 w_cons parameters to delta_max=0.0300 bound.
2026-08-11 19:45:26 | sleep.weights.plasticity       | INFO  | Hard-clipped 35 w_cons parameters to delta_max=0.0300 bound.
2026-08-11 19:45:27 | sleep.weights.plasticity       | INFO  | Hard-clipped 35 w_cons parameters to delta_max=0.0300 bound.
2026-08-11 19:45:27 | sleep.weights.plasticity       | INFO  | Hard-clipped 36 w_cons parameters to delta_max=0.0300 bound.
2026-08-11 19:45:27 | sleep.weights.plasticity       | INFO  | Hard-clipped 37 w_cons parameters to delta_max=0.0300 bound.
2026-08-11 19:45:28 | sleep.weights.plasticity       | INFO  | Hard-clipped 37 w_cons parameters to delta_max=0.0300 bound.
2026-08-11 19:45:28 | sleep.weights.plasticity       | INFO  | Hard-clipped 38 w_cons parameters to delta_max=0.0300 bound.
2026-08-11 19:45:29 | sleep.weights.plasticity       | INFO  | Hard-clipped 38 w_cons parameters to delta_max=0.0300 bound.
2026-08-11 19:45:29 | sleep.weights.plasticity       | INFO  | Hard-clipped 38 w_cons parameters to delta_max=0.0300 bound.
2026-08-11 19:45:29 | sleep.sleep_engine.train       | INFO  |   step 600/1500 | loss=0.3575 | mean_loss=1.0043 | eta=4 | lr=7.50e-05
2026-08-11 19:45:30 | sleep.weights.plasticity       | INFO  | Hard-clipped 38 w_cons parameters to delta_max=0.0300 bound.
2026-08-11 19:45:30 | sleep.weights.plasticity       | INFO  | Hard-clipped 37 w_cons parameters to delta_max=0.0300 bound.
2026-08-11 19:45:31 | sleep.weights.plasticity       | INFO  | Hard-clipped 37 w_cons parameters to delta_max=0.0300 bound.
2026-08-11 19:45:31 | sleep.weights.plasticity       | INFO  | Hard-clipped 34 w_cons parameters to delta_max=0.0300 bound.
2026-08-11 19:45:32 | sleep.weights.plasticity       | INFO  | Hard-clipped 32 w_cons parameters to delta_max=0.0300 bound.
2026-08-11 19:45:32 | sleep.weights.plasticity       | INFO  | Hard-clipped 31 w_cons parameters to delta_max=0.0300 bound.
2026-08-11 19:45:33 | sleep.weights.plasticity       | INFO  | Hard-clipped 32 w_cons parameters to delta_max=0.0300 bound.
2026-08-11 19:45:33 | sleep.weights.plasticity       | INFO  | Hard-clipped 35 w_cons parameters to delta_max=0.0300 bound.
2026-08-11 19:45:34 | sleep.weights.plasticity       | INFO  | Hard-clipped 37 w_cons parameters to delta_max=0.0300 bound.
2026-08-11 19:45:34 | sleep.weights.plasticity       | INFO  | Hard-clipped 38 w_cons parameters to delta_max=0.0300 bound.
2026-08-11 19:45:35 | sleep.weights.plasticity       | INFO  | Hard-clipped 38 w_cons parameters to delta_max=0.0300 bound.
2026-08-11 19:45:35 | sleep.weights.plasticity       | INFO  | Hard-clipped 38 w_cons parameters to delta_max=0.0300 bound.
2026-08-11 19:45:36 | sleep.weights.plasticity       | INFO  | Hard-clipped 38 w_cons parameters to delta_max=0.0300 bound.
2026-08-11 19:45:36 | sleep.weights.plasticity       | INFO  | Hard-clipped 35 w_cons parameters to delta_max=0.0300 bound.
2026-08-11 19:45:37 | sleep.weights.plasticity       | INFO  | Hard-clipped 33 w_cons parameters to delta_max=0.0300 bound.
2026-08-11 19:45:37 | sleep.weights.plasticity       | INFO  | Hard-clipped 31 w_cons parameters to delta_max=0.0300 bound.
2026-08-11 19:45:38 | sleep.weights.plasticity       | INFO  | Hard-clipped 30 w_cons parameters to delta_max=0.0300 bound.
2026-08-11 19:45:38 | sleep.weights.plasticity       | INFO  | Hard-clipped 33 w_cons parameters to delta_max=0.0300 bound.
2026-08-11 19:45:39 | sleep.weights.plasticity       | INFO  | Hard-clipped 34 w_cons parameters to delta_max=0.0300 bound.
2026-08-11 19:45:39 | sleep.weights.plasticity       | INFO  | Hard-clipped 35 w_cons parameters to delta_max=0.0300 bound.
2026-08-11 19:45:40 | sleep.weights.plasticity       | INFO  | Hard-clipped 35 w_cons parameters to delta_max=0.0300 bound.
2026-08-11 19:45:40 | sleep.weights.plasticity       | INFO  | Hard-clipped 35 w_cons parameters to delta_max=0.0300 bound.
2026-08-11 19:45:41 | sleep.weights.plasticity       | INFO  | Hard-clipped 35 w_cons parameters to delta_max=0.0300 bound.
2026-08-11 19:45:41 | sleep.weights.plasticity       | INFO  | Hard-clipped 28 w_cons parameters to delta_max=0.0300 bound.
2026-08-11 19:45:42 | sleep.weights.plasticity       | INFO  | Hard-clipped 33 w_cons parameters to delta_max=0.0300 bound.
2026-08-11 19:45:42 | sleep.weights.plasticity       | INFO  | Hard-clipped 35 w_cons parameters to delta_max=0.0300 bound.
2026-08-11 19:45:43 | sleep.weights.plasticity       | INFO  | Hard-clipped 35 w_cons parameters to delta_max=0.0300 bound.
2026-08-11 19:45:43 | sleep.weights.plasticity       | INFO  | Hard-clipped 37 w_cons parameters to delta_max=0.0300 bound.
2026-08-11 19:45:44 | sleep.weights.plasticity       | INFO  | Hard-clipped 37 w_cons parameters to delta_max=0.0300 bound.
2026-08-11 19:45:44 | sleep.weights.plasticity       | INFO  | Hard-clipped 37 w_cons parameters to delta_max=0.0300 bound.
2026-08-11 19:45:45 | sleep.weights.plasticity       | INFO  | Hard-clipped 38 w_cons parameters to delta_max=0.0300 bound.
2026-08-11 19:45:45 | sleep.weights.plasticity       | INFO  | Hard-clipped 38 w_cons parameters to delta_max=0.0300 bound.
2026-08-11 19:45:45 | sleep.weights.plasticity       | INFO  | Hard-clipped 38 w_cons parameters to delta_max=0.0300 bound.
2026-08-11 19:45:46 | sleep.weights.plasticity       | INFO  | Hard-clipped 38 w_cons parameters to delta_max=0.0300 bound.
2026-08-11 19:45:46 | sleep.weights.plasticity       | INFO  | Hard-clipped 38 w_cons parameters to delta_max=0.0300 bound.
2026-08-11 19:45:47 | sleep.weights.plasticity       | INFO  | Hard-clipped 37 w_cons parameters to delta_max=0.0300 bound.
2026-08-11 19:45:47 | sleep.weights.plasticity       | INFO  | Hard-clipped 37 w_cons parameters to delta_max=0.0300 bound.
2026-08-11 19:45:48 | sleep.weights.plasticity       | INFO  | Hard-clipped 37 w_cons parameters to delta_max=0.0300 bound.
2026-08-11 19:45:48 | sleep.weights.plasticity       | INFO  | Hard-clipped 36 w_cons parameters to delta_max=0.0300 bound.
2026-08-11 19:45:49 | sleep.weights.plasticity       | INFO  | Hard-clipped 36 w_cons parameters to delta_max=0.0300 bound.
2026-08-11 19:45:49 | sleep.weights.plasticity       | INFO  | Hard-clipped 36 w_cons parameters to delta_max=0.0300 bound.
2026-08-11 19:45:50 | sleep.weights.plasticity       | INFO  | Hard-clipped 35 w_cons parameters to delta_max=0.0300 bound.
2026-08-11 19:45:50 | sleep.weights.plasticity       | INFO  | Hard-clipped 34 w_cons parameters to delta_max=0.0300 bound.
2026-08-11 19:45:51 | sleep.weights.plasticity       | INFO  | Hard-clipped 35 w_cons parameters to delta_max=0.0300 bound.
2026-08-11 19:45:51 | sleep.weights.plasticity       | INFO  | Hard-clipped 35 w_cons parameters to delta_max=0.0300 bound.
2026-08-11 19:45:52 | sleep.weights.plasticity       | INFO  | Hard-clipped 36 w_cons parameters to delta_max=0.0300 bound.
2026-08-11 19:45:52 | sleep.weights.plasticity       | INFO  | Hard-clipped 37 w_cons parameters to delta_max=0.0300 bound.
2026-08-11 19:45:53 | sleep.weights.plasticity       | INFO  | Hard-clipped 37 w_cons parameters to delta_max=0.0300 bound.
2026-08-11 19:45:53 | sleep.weights.plasticity       | INFO  | Hard-clipped 36 w_cons parameters to delta_max=0.0300 bound.
2026-08-11 19:45:54 | sleep.weights.plasticity       | INFO  | Hard-clipped 37 w_cons parameters to delta_max=0.0300 bound.
2026-08-11 19:45:54 | sleep.weights.plasticity       | INFO  | Hard-clipped 37 w_cons parameters to delta_max=0.0300 bound.
2026-08-11 19:45:55 | sleep.weights.plasticity       | INFO  | Hard-clipped 37 w_cons parameters to delta_max=0.0300 bound.
2026-08-11 19:45:55 | sleep.weights.plasticity       | INFO  | Hard-clipped 35 w_cons parameters to delta_max=0.0300 bound.
2026-08-11 19:45:56 | sleep.weights.plasticity       | INFO  | Hard-clipped 31 w_cons parameters to delta_max=0.0300 bound.
2026-08-11 19:45:56 | sleep.weights.plasticity       | INFO  | Hard-clipped 28 w_cons parameters to delta_max=0.0300 bound.
2026-08-11 19:45:57 | sleep.weights.plasticity       | INFO  | Hard-clipped 27 w_cons parameters to delta_max=0.0300 bound.
2026-08-11 19:45:57 | sleep.weights.plasticity       | INFO  | Hard-clipped 28 w_cons parameters to delta_max=0.0300 bound.
2026-08-11 19:45:58 | sleep.weights.plasticity       | INFO  | Hard-clipped 29 w_cons parameters to delta_max=0.0300 bound.
2026-08-11 19:45:58 | sleep.weights.plasticity       | INFO  | Hard-clipped 30 w_cons parameters to delta_max=0.0300 bound.
2026-08-11 19:45:59 | sleep.weights.plasticity       | INFO  | Hard-clipped 32 w_cons parameters to delta_max=0.0300 bound.
2026-08-11 19:45:59 | sleep.weights.plasticity       | INFO  | Hard-clipped 32 w_cons parameters to delta_max=0.0300 bound.
2026-08-11 19:46:00 | sleep.weights.plasticity       | INFO  | Hard-clipped 33 w_cons parameters to delta_max=0.0300 bound.
2026-08-11 19:46:00 | sleep.weights.plasticity       | INFO  | Hard-clipped 36 w_cons parameters to delta_max=0.0300 bound.
2026-08-11 19:46:01 | sleep.weights.plasticity       | INFO  | Hard-clipped 36 w_cons parameters to delta_max=0.0300 bound.
2026-08-11 19:46:01 | sleep.weights.plasticity       | INFO  | Hard-clipped 36 w_cons parameters to delta_max=0.0300 bound.
2026-08-11 19:46:02 | sleep.weights.plasticity       | INFO  | Hard-clipped 36 w_cons parameters to delta_max=0.0300 bound.
2026-08-11 19:46:02 | sleep.weights.plasticity       | INFO  | Hard-clipped 37 w_cons parameters to delta_max=0.0300 bound.
2026-08-11 19:46:03 | sleep.weights.plasticity       | INFO  | Hard-clipped 36 w_cons parameters to delta_max=0.0300 bound.
2026-08-11 19:46:03 | sleep.weights.plasticity       | INFO  | Hard-clipped 36 w_cons parameters to delta_max=0.0300 bound.
2026-08-11 19:46:04 | sleep.weights.plasticity       | INFO  | Hard-clipped 30 w_cons parameters to delta_max=0.0300 bound.
2026-08-11 19:46:04 | sleep.weights.plasticity       | INFO  | Hard-clipped 27 w_cons parameters to delta_max=0.0300 bound.
2026-08-11 19:46:05 | sleep.weights.plasticity       | INFO  | Hard-clipped 30 w_cons parameters to delta_max=0.0300 bound.
2026-08-11 19:46:05 | sleep.weights.plasticity       | INFO  | Hard-clipped 29 w_cons parameters to delta_max=0.0300 bound.
2026-08-11 19:46:06 | sleep.weights.plasticity       | INFO  | Hard-clipped 31 w_cons parameters to delta_max=0.0300 bound.
2026-08-11 19:46:06 | sleep.weights.plasticity       | INFO  | Hard-clipped 32 w_cons parameters to delta_max=0.0300 bound.
2026-08-11 19:46:06 | sleep.weights.plasticity       | INFO  | Hard-clipped 33 w_cons parameters to delta_max=0.0300 bound.
2026-08-11 19:46:07 | sleep.weights.plasticity       | INFO  | Hard-clipped 34 w_cons parameters to delta_max=0.0300 bound.
2026-08-11 19:46:07 | sleep.weights.plasticity       | INFO  | Hard-clipped 35 w_cons parameters to delta_max=0.0300 bound.
2026-08-11 19:46:08 | sleep.weights.plasticity       | INFO  | Hard-clipped 35 w_cons parameters to delta_max=0.0300 bound.
2026-08-11 19:46:08 | sleep.weights.plasticity       | INFO  | Hard-clipped 35 w_cons parameters to delta_max=0.0300 bound.
2026-08-11 19:46:09 | sleep.weights.plasticity       | INFO  | Hard-clipped 36 w_cons parameters to delta_max=0.0300 bound.
2026-08-11 19:46:09 | sleep.weights.plasticity       | INFO  | Hard-clipped 37 w_cons parameters to delta_max=0.0300 bound.
2026-08-11 19:46:10 | sleep.weights.plasticity       | INFO  | Hard-clipped 37 w_cons parameters to delta_max=0.0300 bound.
2026-08-11 19:46:10 | sleep.weights.plasticity       | INFO  | Hard-clipped 38 w_cons parameters to delta_max=0.0300 bound.
2026-08-11 19:46:11 | sleep.weights.plasticity       | INFO  | Hard-clipped 38 w_cons parameters to delta_max=0.0300 bound.
2026-08-11 19:46:11 | sleep.weights.plasticity       | INFO  | Hard-clipped 37 w_cons parameters to delta_max=0.0300 bound.
2026-08-11 19:46:12 | sleep.weights.plasticity       | INFO  | Hard-clipped 37 w_cons parameters to delta_max=0.0300 bound.
2026-08-11 19:46:12 | sleep.weights.plasticity       | INFO  | Hard-clipped 37 w_cons parameters to delta_max=0.0300 bound.
2026-08-11 19:46:13 | sleep.weights.plasticity       | INFO  | Hard-clipped 33 w_cons parameters to delta_max=0.0300 bound.
2026-08-11 19:46:13 | sleep.weights.plasticity       | INFO  | Hard-clipped 31 w_cons parameters to delta_max=0.0300 bound.
2026-08-11 19:46:14 | sleep.weights.plasticity       | INFO  | Hard-clipped 32 w_cons parameters to delta_max=0.0300 bound.
2026-08-11 19:46:14 | sleep.weights.plasticity       | INFO  | Hard-clipped 31 w_cons parameters to delta_max=0.0300 bound.
2026-08-11 19:46:15 | sleep.weights.plasticity       | INFO  | Hard-clipped 32 w_cons parameters to delta_max=0.0300 bound.
2026-08-11 19:46:15 | sleep.weights.plasticity       | INFO  | Hard-clipped 32 w_cons parameters to delta_max=0.0300 bound.
2026-08-11 19:46:16 | sleep.weights.plasticity       | INFO  | Hard-clipped 33 w_cons parameters to delta_max=0.0300 bound.
2026-08-11 19:46:16 | sleep.weights.plasticity       | INFO  | Hard-clipped 34 w_cons parameters to delta_max=0.0300 bound.
2026-08-11 19:46:17 | sleep.weights.plasticity       | INFO  | Hard-clipped 34 w_cons parameters to delta_max=0.0300 bound.
2026-08-11 19:46:17 | sleep.weights.plasticity       | INFO  | Hard-clipped 34 w_cons parameters to delta_max=0.0300 bound.
2026-08-11 19:46:18 | sleep.weights.plasticity       | INFO  | Hard-clipped 34 w_cons parameters to delta_max=0.0300 bound.
2026-08-11 19:46:18 | sleep.weights.plasticity       | INFO  | Hard-clipped 34 w_cons parameters to delta_max=0.0300 bound.
2026-08-11 19:46:19 | sleep.weights.plasticity       | INFO  | Hard-clipped 34 w_cons parameters to delta_max=0.0300 bound.
2026-08-11 19:46:19 | sleep.weights.plasticity       | INFO  | Hard-clipped 36 w_cons parameters to delta_max=0.0300 bound.
2026-08-11 19:46:20 | sleep.weights.plasticity       | INFO  | Hard-clipped 38 w_cons parameters to delta_max=0.0300 bound.
2026-08-11 19:46:20 | sleep.weights.plasticity       | INFO  | Hard-clipped 38 w_cons parameters to delta_max=0.0300 bound.
2026-08-11 19:46:21 | sleep.weights.plasticity       | INFO  | Hard-clipped 38 w_cons parameters to delta_max=0.0300 bound.
2026-08-11 19:46:21 | sleep.weights.plasticity       | INFO  | Hard-clipped 37 w_cons parameters to delta_max=0.0300 bound.
2026-08-11 19:46:22 | sleep.weights.plasticity       | INFO  | Hard-clipped 36 w_cons parameters to delta_max=0.0300 bound.
2026-08-11 19:46:22 | sleep.weights.plasticity       | INFO  | Hard-clipped 36 w_cons parameters to delta_max=0.0300 bound.
2026-08-11 19:46:23 | sleep.weights.plasticity       | INFO  | Hard-clipped 35 w_cons parameters to delta_max=0.0300 bound.
2026-08-11 19:46:23 | sleep.weights.plasticity       | INFO  | Hard-clipped 36 w_cons parameters to delta_max=0.0300 bound.
2026-08-11 19:46:24 | sleep.weights.plasticity       | INFO  | Hard-clipped 36 w_cons parameters to delta_max=0.0300 bound.
2026-08-11 19:46:24 | sleep.weights.plasticity       | INFO  | Hard-clipped 36 w_cons parameters to delta_max=0.0300 bound.
2026-08-11 19:46:25 | sleep.weights.plasticity       | INFO  | Hard-clipped 37 w_cons parameters to delta_max=0.0300 bound.
2026-08-11 19:46:25 | sleep.weights.plasticity       | INFO  | Hard-clipped 37 w_cons parameters to delta_max=0.0300 bound.
2026-08-11 19:46:26 | sleep.weights.plasticity       | INFO  | Hard-clipped 37 w_cons parameters to delta_max=0.0300 bound.
2026-08-11 19:46:26 | sleep.weights.plasticity       | INFO  | Hard-clipped 38 w_cons parameters to delta_max=0.0300 bound.
2026-08-11 19:46:27 | sleep.weights.plasticity       | INFO  | Hard-clipped 37 w_cons parameters to delta_max=0.0300 bound.
2026-08-11 19:46:27 | sleep.weights.plasticity       | INFO  | Hard-clipped 35 w_cons parameters to delta_max=0.0300 bound.
2026-08-11 19:46:28 | sleep.weights.plasticity       | INFO  | Hard-clipped 35 w_cons parameters to delta_max=0.0300 bound.
2026-08-11 19:46:28 | sleep.weights.plasticity       | INFO  | Hard-clipped 35 w_cons parameters to delta_max=0.0300 bound.
2026-08-11 19:46:29 | sleep.weights.plasticity       | INFO  | Hard-clipped 36 w_cons parameters to delta_max=0.0300 bound.
2026-08-11 19:46:29 | sleep.weights.plasticity       | INFO  | Hard-clipped 36 w_cons parameters to delta_max=0.0300 bound.
2026-08-11 19:46:30 | sleep.weights.plasticity       | INFO  | Hard-clipped 36 w_cons parameters to delta_max=0.0300 bound.
2026-08-11 19:46:30 | sleep.weights.plasticity       | INFO  | Hard-clipped 36 w_cons parameters to delta_max=0.0300 bound.
2026-08-11 19:46:31 | sleep.weights.plasticity       | INFO  | Hard-clipped 36 w_cons parameters to delta_max=0.0300 bound.
2026-08-11 19:46:31 | sleep.weights.plasticity       | INFO  | Hard-clipped 36 w_cons parameters to delta_max=0.0300 bound.
2026-08-11 19:46:32 | sleep.weights.plasticity       | INFO  | Hard-clipped 37 w_cons parameters to delta_max=0.0300 bound.
2026-08-11 19:46:32 | sleep.weights.plasticity       | INFO  | Hard-clipped 37 w_cons parameters to delta_max=0.0300 bound.
2026-08-11 19:46:33 | sleep.weights.plasticity       | INFO  | Hard-clipped 37 w_cons parameters to delta_max=0.0300 bound.
2026-08-11 19:46:33 | sleep.weights.plasticity       | INFO  | Hard-clipped 37 w_cons parameters to delta_max=0.0300 bound.
2026-08-11 19:46:34 | sleep.weights.plasticity       | INFO  | Hard-clipped 37 w_cons parameters to delta_max=0.0300 bound.
2026-08-11 19:46:34 | sleep.weights.plasticity       | INFO  | Hard-clipped 37 w_cons parameters to delta_max=0.0300 bound.
2026-08-11 19:46:35 | sleep.weights.plasticity       | INFO  | Hard-clipped 35 w_cons parameters to delta_max=0.0300 bound.
2026-08-11 19:46:35 | sleep.weights.plasticity       | INFO  | Hard-clipped 34 w_cons parameters to delta_max=0.0300 bound.
2026-08-11 19:46:36 | sleep.weights.plasticity       | INFO  | Hard-clipped 35 w_cons parameters to delta_max=0.0300 bound.
2026-08-11 19:46:36 | sleep.weights.plasticity       | INFO  | Hard-clipped 34 w_cons parameters to delta_max=0.0300 bound.
2026-08-11 19:46:37 | sleep.weights.plasticity       | INFO  | Hard-clipped 32 w_cons parameters to delta_max=0.0300 bound.
2026-08-11 19:46:37 | sleep.weights.plasticity       | INFO  | Hard-clipped 33 w_cons parameters to delta_max=0.0300 bound.
2026-08-11 19:46:38 | sleep.weights.plasticity       | INFO  | Hard-clipped 34 w_cons parameters to delta_max=0.0300 bound.
2026-08-11 19:46:38 | sleep.weights.plasticity       | INFO  | Hard-clipped 35 w_cons parameters to delta_max=0.0300 bound.
2026-08-11 19:46:39 | sleep.weights.plasticity       | INFO  | Hard-clipped 37 w_cons parameters to delta_max=0.0300 bound.
2026-08-11 19:46:39 | sleep.weights.plasticity       | INFO  | Hard-clipped 37 w_cons parameters to delta_max=0.0300 bound.
2026-08-11 19:46:40 | sleep.weights.plasticity       | INFO  | Hard-clipped 37 w_cons parameters to delta_max=0.0300 bound.
2026-08-11 19:46:40 | sleep.weights.plasticity       | INFO  | Hard-clipped 37 w_cons parameters to delta_max=0.0300 bound.
2026-08-11 19:46:40 | sleep.weights.plasticity       | INFO  | Hard-clipped 37 w_cons parameters to delta_max=0.0300 bound.
2026-08-11 19:46:41 | sleep.weights.plasticity       | INFO  | Hard-clipped 37 w_cons parameters to delta_max=0.0300 bound.
2026-08-11 19:46:41 | sleep.weights.plasticity       | INFO  | Hard-clipped 35 w_cons parameters to delta_max=0.0300 bound.
2026-08-11 19:46:42 | sleep.weights.plasticity       | INFO  | Hard-clipped 34 w_cons parameters to delta_max=0.0300 bound.
2026-08-11 19:46:42 | sleep.weights.plasticity       | INFO  | Hard-clipped 31 w_cons parameters to delta_max=0.0300 bound.
2026-08-11 19:46:43 | sleep.weights.plasticity       | INFO  | Hard-clipped 30 w_cons parameters to delta_max=0.0300 bound.
2026-08-11 19:46:43 | sleep.sleep_engine.train       | INFO  |   step 750/1500 | loss=0.2902 | mean_loss=0.8674 | eta=4 | lr=5.87e-05
2026-08-11 19:46:43 | sleep.weights.plasticity       | INFO  | Hard-clipped 31 w_cons parameters to delta_max=0.0300 bound.
2026-08-11 19:46:44 | sleep.weights.plasticity       | INFO  | Hard-clipped 32 w_cons parameters to delta_max=0.0300 bound.
2026-08-11 19:46:44 | sleep.weights.plasticity       | INFO  | Hard-clipped 34 w_cons parameters to delta_max=0.0300 bound.
2026-08-11 19:46:45 | sleep.weights.plasticity       | INFO  | Hard-clipped 34 w_cons parameters to delta_max=0.0300 bound.
2026-08-11 19:46:45 | sleep.weights.plasticity       | INFO  | Hard-clipped 34 w_cons parameters to delta_max=0.0300 bound.
2026-08-11 19:46:46 | sleep.weights.plasticity       | INFO  | Hard-clipped 35 w_cons parameters to delta_max=0.0300 bound.
2026-08-11 19:46:46 | sleep.weights.plasticity       | INFO  | Hard-clipped 35 w_cons parameters to delta_max=0.0300 bound.
2026-08-11 19:46:47 | sleep.weights.plasticity       | INFO  | Hard-clipped 35 w_cons parameters to delta_max=0.0300 bound.
2026-08-11 19:46:47 | sleep.weights.plasticity       | INFO  | Hard-clipped 37 w_cons parameters to delta_max=0.0300 bound.
2026-08-11 19:46:48 | sleep.weights.plasticity       | INFO  | Hard-clipped 38 w_cons parameters to delta_max=0.0300 bound.
2026-08-11 19:46:48 | sleep.weights.plasticity       | INFO  | Hard-clipped 38 w_cons parameters to delta_max=0.0300 bound.
2026-08-11 19:46:49 | sleep.weights.plasticity       | INFO  | Hard-clipped 37 w_cons parameters to delta_max=0.0300 bound.
2026-08-11 19:46:49 | sleep.weights.plasticity       | INFO  | Hard-clipped 38 w_cons parameters to delta_max=0.0300 bound.
2026-08-11 19:46:50 | sleep.weights.plasticity       | INFO  | Hard-clipped 25 w_cons parameters to delta_max=0.0300 bound.
2026-08-11 19:46:50 | sleep.weights.plasticity       | INFO  | Hard-clipped 22 w_cons parameters to delta_max=0.0300 bound.
2026-08-11 19:46:51 | sleep.weights.plasticity       | INFO  | Hard-clipped 21 w_cons parameters to delta_max=0.0300 bound.
2026-08-11 19:46:51 | sleep.weights.plasticity       | INFO  | Hard-clipped 25 w_cons parameters to delta_max=0.0300 bound.
2026-08-11 19:46:52 | sleep.weights.plasticity       | INFO  | Hard-clipped 29 w_cons parameters to delta_max=0.0300 bound.
2026-08-11 19:46:52 | sleep.weights.plasticity       | INFO  | Hard-clipped 35 w_cons parameters to delta_max=0.0300 bound.
2026-08-11 19:46:53 | sleep.weights.plasticity       | INFO  | Hard-clipped 37 w_cons parameters to delta_max=0.0300 bound.
2026-08-11 19:46:53 | sleep.weights.plasticity       | INFO  | Hard-clipped 37 w_cons parameters to delta_max=0.0300 bound.
2026-08-11 19:46:54 | sleep.weights.plasticity       | INFO  | Hard-clipped 37 w_cons parameters to delta_max=0.0300 bound.
2026-08-11 19:46:54 | sleep.weights.plasticity       | INFO  | Hard-clipped 37 w_cons parameters to delta_max=0.0300 bound.
2026-08-11 19:46:55 | sleep.weights.plasticity       | INFO  | Hard-clipped 37 w_cons parameters to delta_max=0.0300 bound.
2026-08-11 19:46:55 | sleep.weights.plasticity       | INFO  | Hard-clipped 35 w_cons parameters to delta_max=0.0300 bound.
2026-08-11 19:46:55 | sleep.weights.plasticity       | INFO  | Hard-clipped 34 w_cons parameters to delta_max=0.0300 bound.
2026-08-11 19:46:56 | sleep.weights.plasticity       | INFO  | Hard-clipped 32 w_cons parameters to delta_max=0.0300 bound.
2026-08-11 19:46:56 | sleep.weights.plasticity       | INFO  | Hard-clipped 32 w_cons parameters to delta_max=0.0300 bound.
2026-08-11 19:46:57 | sleep.weights.plasticity       | INFO  | Hard-clipped 32 w_cons parameters to delta_max=0.0300 bound.
2026-08-11 19:46:57 | sleep.weights.plasticity       | INFO  | Hard-clipped 32 w_cons parameters to delta_max=0.0300 bound.
2026-08-11 19:46:58 | sleep.weights.plasticity       | INFO  | Hard-clipped 34 w_cons parameters to delta_max=0.0300 bound.
2026-08-11 19:46:58 | sleep.weights.plasticity       | INFO  | Hard-clipped 28 w_cons parameters to delta_max=0.0300 bound.
2026-08-11 19:46:59 | sleep.weights.plasticity       | INFO  | Hard-clipped 27 w_cons parameters to delta_max=0.0300 bound.
2026-08-11 19:46:59 | sleep.weights.plasticity       | INFO  | Hard-clipped 31 w_cons parameters to delta_max=0.0300 bound.
2026-08-11 19:47:00 | sleep.weights.plasticity       | INFO  | Hard-clipped 34 w_cons parameters to delta_max=0.0300 bound.
2026-08-11 19:47:00 | sleep.weights.plasticity       | INFO  | Hard-clipped 36 w_cons parameters to delta_max=0.0300 bound.
2026-08-11 19:47:01 | sleep.weights.plasticity       | INFO  | Hard-clipped 36 w_cons parameters to delta_max=0.0300 bound.
2026-08-11 19:47:01 | sleep.weights.plasticity       | INFO  | Hard-clipped 38 w_cons parameters to delta_max=0.0300 bound.
2026-08-11 19:47:02 | sleep.weights.plasticity       | INFO  | Hard-clipped 38 w_cons parameters to delta_max=0.0300 bound.
2026-08-11 19:47:02 | sleep.weights.plasticity       | INFO  | Hard-clipped 38 w_cons parameters to delta_max=0.0300 bound.
2026-08-11 19:47:03 | sleep.weights.plasticity       | INFO  | Hard-clipped 38 w_cons parameters to delta_max=0.0300 bound.
2026-08-11 19:47:03 | sleep.weights.plasticity       | INFO  | Hard-clipped 38 w_cons parameters to delta_max=0.0300 bound.
2026-08-11 19:47:04 | sleep.weights.plasticity       | INFO  | Hard-clipped 38 w_cons parameters to delta_max=0.0300 bound.
2026-08-11 19:47:04 | sleep.weights.plasticity       | INFO  | Hard-clipped 37 w_cons parameters to delta_max=0.0300 bound.
2026-08-11 19:47:05 | sleep.weights.plasticity       | INFO  | Hard-clipped 36 w_cons parameters to delta_max=0.0300 bound.
2026-08-11 19:47:05 | sleep.weights.plasticity       | INFO  | Hard-clipped 37 w_cons parameters to delta_max=0.0300 bound.
2026-08-11 19:47:06 | sleep.weights.plasticity       | INFO  | Hard-clipped 38 w_cons parameters to delta_max=0.0300 bound.
2026-08-11 19:47:06 | sleep.weights.plasticity       | INFO  | Hard-clipped 38 w_cons parameters to delta_max=0.0300 bound.
2026-08-11 19:47:07 | sleep.weights.plasticity       | INFO  | Hard-clipped 37 w_cons parameters to delta_max=0.0300 bound.
2026-08-11 19:47:07 | sleep.weights.plasticity       | INFO  | Hard-clipped 37 w_cons parameters to delta_max=0.0300 bound.
2026-08-11 19:47:08 | sleep.weights.plasticity       | INFO  | Hard-clipped 37 w_cons parameters to delta_max=0.0300 bound.
2026-08-11 19:47:08 | sleep.weights.plasticity       | INFO  | Hard-clipped 37 w_cons parameters to delta_max=0.0300 bound.
2026-08-11 19:47:09 | sleep.weights.plasticity       | INFO  | Hard-clipped 36 w_cons parameters to delta_max=0.0300 bound.
2026-08-11 19:47:09 | sleep.weights.plasticity       | INFO  | Hard-clipped 36 w_cons parameters to delta_max=0.0300 bound.
2026-08-11 19:47:10 | sleep.weights.plasticity       | INFO  | Hard-clipped 36 w_cons parameters to delta_max=0.0300 bound.
2026-08-11 19:47:10 | sleep.weights.plasticity       | INFO  | Hard-clipped 36 w_cons parameters to delta_max=0.0300 bound.
2026-08-11 19:47:11 | sleep.weights.plasticity       | INFO  | Hard-clipped 33 w_cons parameters to delta_max=0.0300 bound.
2026-08-11 19:47:11 | sleep.weights.plasticity       | INFO  | Hard-clipped 36 w_cons parameters to delta_max=0.0300 bound.
2026-08-11 19:47:12 | sleep.weights.plasticity       | INFO  | Hard-clipped 36 w_cons parameters to delta_max=0.0300 bound.
2026-08-11 19:47:12 | sleep.weights.plasticity       | INFO  | Hard-clipped 36 w_cons parameters to delta_max=0.0300 bound.
2026-08-11 19:47:13 | sleep.weights.plasticity       | INFO  | Hard-clipped 37 w_cons parameters to delta_max=0.0300 bound.
2026-08-11 19:47:13 | sleep.weights.plasticity       | INFO  | Hard-clipped 37 w_cons parameters to delta_max=0.0300 bound.
2026-08-11 19:47:14 | sleep.weights.plasticity       | INFO  | Hard-clipped 36 w_cons parameters to delta_max=0.0300 bound.
2026-08-11 19:47:14 | sleep.weights.plasticity       | INFO  | Hard-clipped 37 w_cons parameters to delta_max=0.0300 bound.
2026-08-11 19:47:14 | sleep.weights.plasticity       | INFO  | Hard-clipped 36 w_cons parameters to delta_max=0.0300 bound.
2026-08-11 19:47:15 | sleep.weights.plasticity       | INFO  | Hard-clipped 37 w_cons parameters to delta_max=0.0300 bound.
2026-08-11 19:47:15 | sleep.weights.plasticity       | INFO  | Hard-clipped 37 w_cons parameters to delta_max=0.0300 bound.
2026-08-11 19:47:16 | sleep.weights.plasticity       | INFO  | Hard-clipped 37 w_cons parameters to delta_max=0.0300 bound.
2026-08-11 19:47:16 | sleep.weights.plasticity       | INFO  | Hard-clipped 37 w_cons parameters to delta_max=0.0300 bound.
2026-08-11 19:47:17 | sleep.weights.plasticity       | INFO  | Hard-clipped 36 w_cons parameters to delta_max=0.0300 bound.
2026-08-11 19:47:17 | sleep.weights.plasticity       | INFO  | Hard-clipped 31 w_cons parameters to delta_max=0.0300 bound.
2026-08-11 19:47:18 | sleep.weights.plasticity       | INFO  | Hard-clipped 28 w_cons parameters to delta_max=0.0300 bound.
2026-08-11 19:47:19 | sleep.weights.plasticity       | INFO  | Hard-clipped 27 w_cons parameters to delta_max=0.0300 bound.
2026-08-11 19:47:19 | sleep.weights.plasticity       | INFO  | Hard-clipped 30 w_cons parameters to delta_max=0.0300 bound.
2026-08-11 19:47:20 | sleep.weights.plasticity       | INFO  | Hard-clipped 28 w_cons parameters to delta_max=0.0300 bound.
2026-08-11 19:47:20 | sleep.weights.plasticity       | INFO  | Hard-clipped 19 w_cons parameters to delta_max=0.0300 bound.
2026-08-11 19:47:21 | sleep.weights.plasticity       | INFO  | Hard-clipped 18 w_cons parameters to delta_max=0.0300 bound.
2026-08-11 19:47:21 | sleep.weights.plasticity       | INFO  | Hard-clipped 16 w_cons parameters to delta_max=0.0300 bound.
2026-08-11 19:47:22 | sleep.weights.plasticity       | INFO  | Hard-clipped 16 w_cons parameters to delta_max=0.0300 bound.
2026-08-11 19:47:22 | sleep.weights.plasticity       | INFO  | Hard-clipped 17 w_cons parameters to delta_max=0.0300 bound.
2026-08-11 19:47:22 | sleep.weights.plasticity       | INFO  | Hard-clipped 20 w_cons parameters to delta_max=0.0300 bound.
2026-08-11 19:47:23 | sleep.weights.plasticity       | INFO  | Hard-clipped 24 w_cons parameters to delta_max=0.0300 bound.
2026-08-11 19:47:23 | sleep.weights.plasticity       | INFO  | Hard-clipped 25 w_cons parameters to delta_max=0.0300 bound.
2026-08-11 19:47:24 | sleep.weights.plasticity       | INFO  | Hard-clipped 26 w_cons parameters to delta_max=0.0300 bound.
2026-08-11 19:47:24 | sleep.weights.plasticity       | INFO  | Hard-clipped 29 w_cons parameters to delta_max=0.0300 bound.
2026-08-11 19:47:25 | sleep.weights.plasticity       | INFO  | Hard-clipped 30 w_cons parameters to delta_max=0.0300 bound.
2026-08-11 19:47:25 | sleep.weights.plasticity       | INFO  | Hard-clipped 31 w_cons parameters to delta_max=0.0300 bound.
2026-08-11 19:47:26 | sleep.weights.plasticity       | INFO  | Hard-clipped 32 w_cons parameters to delta_max=0.0300 bound.
2026-08-11 19:47:26 | sleep.weights.plasticity       | INFO  | Hard-clipped 34 w_cons parameters to delta_max=0.0300 bound.
2026-08-11 19:47:27 | sleep.weights.plasticity       | INFO  | Hard-clipped 35 w_cons parameters to delta_max=0.0300 bound.
2026-08-11 19:47:27 | sleep.weights.plasticity       | INFO  | Hard-clipped 34 w_cons parameters to delta_max=0.0300 bound.
2026-08-11 19:47:28 | sleep.weights.plasticity       | INFO  | Hard-clipped 36 w_cons parameters to delta_max=0.0300 bound.
2026-08-11 19:47:28 | sleep.weights.plasticity       | INFO  | Hard-clipped 35 w_cons parameters to delta_max=0.0300 bound.
2026-08-11 19:47:29 | sleep.weights.plasticity       | INFO  | Hard-clipped 35 w_cons parameters to delta_max=0.0300 bound.
2026-08-11 19:47:29 | sleep.weights.plasticity       | INFO  | Hard-clipped 35 w_cons parameters to delta_max=0.0300 bound.
2026-08-11 19:47:30 | sleep.weights.plasticity       | INFO  | Hard-clipped 36 w_cons parameters to delta_max=0.0300 bound.
2026-08-11 19:47:30 | sleep.weights.plasticity       | INFO  | Hard-clipped 31 w_cons parameters to delta_max=0.0300 bound.
2026-08-11 19:47:30 | sleep.weights.plasticity       | INFO  | Hard-clipped 30 w_cons parameters to delta_max=0.0300 bound.
2026-08-11 19:47:31 | sleep.weights.plasticity       | INFO  | Hard-clipped 23 w_cons parameters to delta_max=0.0300 bound.
2026-08-11 19:47:31 | sleep.weights.plasticity       | INFO  | Hard-clipped 20 w_cons parameters to delta_max=0.0300 bound.
2026-08-11 19:47:32 | sleep.weights.plasticity       | INFO  | Hard-clipped 21 w_cons parameters to delta_max=0.0300 bound.
2026-08-11 19:47:32 | sleep.weights.plasticity       | INFO  | Hard-clipped 22 w_cons parameters to delta_max=0.0300 bound.
2026-08-11 19:47:33 | sleep.weights.plasticity       | INFO  | Hard-clipped 26 w_cons parameters to delta_max=0.0300 bound.
2026-08-11 19:47:33 | sleep.weights.plasticity       | INFO  | Hard-clipped 30 w_cons parameters to delta_max=0.0300 bound.
2026-08-11 19:47:34 | sleep.weights.plasticity       | INFO  | Hard-clipped 33 w_cons parameters to delta_max=0.0300 bound.
2026-08-11 19:47:34 | sleep.weights.plasticity       | INFO  | Hard-clipped 35 w_cons parameters to delta_max=0.0300 bound.
2026-08-11 19:47:35 | sleep.weights.plasticity       | INFO  | Hard-clipped 35 w_cons parameters to delta_max=0.0300 bound.
2026-08-11 19:47:35 | sleep.weights.plasticity       | INFO  | Hard-clipped 35 w_cons parameters to delta_max=0.0300 bound.
2026-08-11 19:47:36 | sleep.weights.plasticity       | INFO  | Hard-clipped 35 w_cons parameters to delta_max=0.0300 bound.
2026-08-11 19:47:36 | sleep.weights.plasticity       | INFO  | Hard-clipped 35 w_cons parameters to delta_max=0.0300 bound.
2026-08-11 19:47:37 | sleep.weights.plasticity       | INFO  | Hard-clipped 35 w_cons parameters to delta_max=0.0300 bound.
2026-08-11 19:47:37 | sleep.weights.plasticity       | INFO  | Hard-clipped 31 w_cons parameters to delta_max=0.0300 bound.
2026-08-11 19:47:38 | sleep.weights.plasticity       | INFO  | Hard-clipped 35 w_cons parameters to delta_max=0.0300 bound.
2026-08-11 19:47:38 | sleep.weights.plasticity       | INFO  | Hard-clipped 35 w_cons parameters to delta_max=0.0300 bound.
2026-08-11 19:47:39 | sleep.weights.plasticity       | INFO  | Hard-clipped 33 w_cons parameters to delta_max=0.0300 bound.
2026-08-11 19:47:39 | sleep.weights.plasticity       | INFO  | Hard-clipped 33 w_cons parameters to delta_max=0.0300 bound.
2026-08-11 19:47:40 | sleep.weights.plasticity       | INFO  | Hard-clipped 31 w_cons parameters to delta_max=0.0300 bound.
2026-08-11 19:47:40 | sleep.weights.plasticity       | INFO  | Hard-clipped 34 w_cons parameters to delta_max=0.0300 bound.
2026-08-11 19:47:41 | sleep.weights.plasticity       | INFO  | Hard-clipped 34 w_cons parameters to delta_max=0.0300 bound.
2026-08-11 19:47:41 | sleep.weights.plasticity       | INFO  | Hard-clipped 34 w_cons parameters to delta_max=0.0300 bound.
2026-08-11 19:47:42 | sleep.weights.plasticity       | INFO  | Hard-clipped 28 w_cons parameters to delta_max=0.0300 bound.
2026-08-11 19:47:42 | sleep.weights.plasticity       | INFO  | Hard-clipped 34 w_cons parameters to delta_max=0.0300 bound.
2026-08-11 19:47:43 | sleep.weights.plasticity       | INFO  | Hard-clipped 37 w_cons parameters to delta_max=0.0300 bound.
2026-08-11 19:47:43 | sleep.weights.plasticity       | INFO  | Hard-clipped 36 w_cons parameters to delta_max=0.0300 bound.
2026-08-11 19:47:44 | sleep.weights.plasticity       | INFO  | Hard-clipped 36 w_cons parameters to delta_max=0.0300 bound.
2026-08-11 19:47:44 | sleep.weights.plasticity       | INFO  | Hard-clipped 36 w_cons parameters to delta_max=0.0300 bound.
2026-08-11 19:47:45 | sleep.weights.plasticity       | INFO  | Hard-clipped 36 w_cons parameters to delta_max=0.0300 bound.
2026-08-11 19:47:45 | sleep.weights.plasticity       | INFO  | Hard-clipped 34 w_cons parameters to delta_max=0.0300 bound.
2026-08-11 19:47:46 | sleep.weights.plasticity       | INFO  | Hard-clipped 33 w_cons parameters to delta_max=0.0300 bound.
2026-08-11 19:47:46 | sleep.weights.plasticity       | INFO  | Hard-clipped 32 w_cons parameters to delta_max=0.0300 bound.
2026-08-11 19:47:47 | sleep.weights.plasticity       | INFO  | Hard-clipped 34 w_cons parameters to delta_max=0.0300 bound.
2026-08-11 19:47:47 | sleep.weights.plasticity       | INFO  | Hard-clipped 35 w_cons parameters to delta_max=0.0300 bound.
2026-08-11 19:47:48 | sleep.weights.plasticity       | INFO  | Hard-clipped 36 w_cons parameters to delta_max=0.0300 bound.
2026-08-11 19:47:48 | sleep.weights.plasticity       | INFO  | Hard-clipped 36 w_cons parameters to delta_max=0.0300 bound.
2026-08-11 19:47:49 | sleep.weights.plasticity       | INFO  | Hard-clipped 37 w_cons parameters to delta_max=0.0300 bound.
2026-08-11 19:47:49 | sleep.weights.plasticity       | INFO  | Hard-clipped 35 w_cons parameters to delta_max=0.0300 bound.
2026-08-11 19:47:50 | sleep.weights.plasticity       | INFO  | Hard-clipped 38 w_cons parameters to delta_max=0.0300 bound.
2026-08-11 19:47:50 | sleep.weights.plasticity       | INFO  | Hard-clipped 29 w_cons parameters to delta_max=0.0300 bound.
2026-08-11 19:47:51 | sleep.weights.plasticity       | INFO  | Hard-clipped 29 w_cons parameters to delta_max=0.0300 bound.
2026-08-11 19:47:51 | sleep.weights.plasticity       | INFO  | Hard-clipped 32 w_cons parameters to delta_max=0.0300 bound.
2026-08-11 19:47:52 | sleep.weights.plasticity       | INFO  | Hard-clipped 29 w_cons parameters to delta_max=0.0300 bound.
2026-08-11 19:47:52 | sleep.weights.plasticity       | INFO  | Hard-clipped 32 w_cons parameters to delta_max=0.0300 bound.
2026-08-11 19:47:53 | sleep.weights.plasticity       | INFO  | Hard-clipped 32 w_cons parameters to delta_max=0.0300 bound.
2026-08-11 19:47:53 | sleep.weights.plasticity       | INFO  | Hard-clipped 22 w_cons parameters to delta_max=0.0300 bound.
2026-08-11 19:47:54 | sleep.weights.plasticity       | INFO  | Hard-clipped 16 w_cons parameters to delta_max=0.0300 bound.
2026-08-11 19:47:54 | sleep.weights.plasticity       | INFO  | Hard-clipped 21 w_cons parameters to delta_max=0.0300 bound.
2026-08-11 19:47:55 | sleep.weights.plasticity       | INFO  | Hard-clipped 23 w_cons parameters to delta_max=0.0300 bound.
2026-08-11 19:47:55 | sleep.weights.plasticity       | INFO  | Hard-clipped 24 w_cons parameters to delta_max=0.0300 bound.
2026-08-11 19:47:56 | sleep.weights.plasticity       | INFO  | Hard-clipped 25 w_cons parameters to delta_max=0.0300 bound.
2026-08-11 19:47:56 | sleep.weights.plasticity       | INFO  | Hard-clipped 26 w_cons parameters to delta_max=0.0300 bound.
2026-08-11 19:47:56 | sleep.sleep_engine.train       | INFO  |   step 900/1500 | loss=0.2806 | mean_loss=0.7737 | eta=4 | lr=4.13e-05
2026-08-11 19:47:57 | sleep.weights.plasticity       | INFO  | Hard-clipped 28 w_cons parameters to delta_max=0.0300 bound.
2026-08-11 19:47:57 | sleep.weights.plasticity       | INFO  | Hard-clipped 29 w_cons parameters to delta_max=0.0300 bound.
2026-08-11 19:47:58 | sleep.weights.plasticity       | INFO  | Hard-clipped 32 w_cons parameters to delta_max=0.0300 bound.
2026-08-11 19:47:58 | sleep.weights.plasticity       | INFO  | Hard-clipped 33 w_cons parameters to delta_max=0.0300 bound.
2026-08-11 19:47:59 | sleep.weights.plasticity       | INFO  | Hard-clipped 34 w_cons parameters to delta_max=0.0300 bound.
2026-08-11 19:47:59 | sleep.weights.plasticity       | INFO  | Hard-clipped 37 w_cons parameters to delta_max=0.0300 bound.
2026-08-11 19:48:00 | sleep.weights.plasticity       | INFO  | Hard-clipped 38 w_cons parameters to delta_max=0.0300 bound.
2026-08-11 19:48:00 | sleep.weights.plasticity       | INFO  | Hard-clipped 37 w_cons parameters to delta_max=0.0300 bound.
2026-08-11 19:48:01 | sleep.weights.plasticity       | INFO  | Hard-clipped 35 w_cons parameters to delta_max=0.0300 bound.
2026-08-11 19:48:01 | sleep.weights.plasticity       | INFO  | Hard-clipped 35 w_cons parameters to delta_max=0.0300 bound.
2026-08-11 19:48:02 | sleep.weights.plasticity       | INFO  | Hard-clipped 30 w_cons parameters to delta_max=0.0300 bound.
2026-08-11 19:48:02 | sleep.weights.plasticity       | INFO  | Hard-clipped 34 w_cons parameters to delta_max=0.0300 bound.
2026-08-11 19:48:03 | sleep.weights.plasticity       | INFO  | Hard-clipped 33 w_cons parameters to delta_max=0.0300 bound.
2026-08-11 19:48:03 | sleep.weights.plasticity       | INFO  | Hard-clipped 28 w_cons parameters to delta_max=0.0300 bound.
2026-08-11 19:48:04 | sleep.weights.plasticity       | INFO  | Hard-clipped 28 w_cons parameters to delta_max=0.0300 bound.
2026-08-11 19:48:04 | sleep.weights.plasticity       | INFO  | Hard-clipped 24 w_cons parameters to delta_max=0.0300 bound.
2026-08-11 19:48:05 | sleep.weights.plasticity       | INFO  | Hard-clipped 17 w_cons parameters to delta_max=0.0300 bound.
2026-08-11 19:48:05 | sleep.weights.plasticity       | INFO  | Hard-clipped 19 w_cons parameters to delta_max=0.0300 bound.
2026-08-11 19:48:06 | sleep.weights.plasticity       | INFO  | Hard-clipped 23 w_cons parameters to delta_max=0.0300 bound.
2026-08-11 19:48:06 | sleep.weights.plasticity       | INFO  | Hard-clipped 25 w_cons parameters to delta_max=0.0300 bound.
2026-08-11 19:48:07 | sleep.weights.plasticity       | INFO  | Hard-clipped 21 w_cons parameters to delta_max=0.0300 bound.
2026-08-11 19:48:07 | sleep.weights.plasticity       | INFO  | Hard-clipped 19 w_cons parameters to delta_max=0.0300 bound.
2026-08-11 19:48:07 | sleep.weights.plasticity       | INFO  | Hard-clipped 26 w_cons parameters to delta_max=0.0300 bound.
2026-08-11 19:48:08 | sleep.weights.plasticity       | INFO  | Hard-clipped 31 w_cons parameters to delta_max=0.0300 bound.
2026-08-11 19:48:08 | sleep.weights.plasticity       | INFO  | Hard-clipped 33 w_cons parameters to delta_max=0.0300 bound.
2026-08-11 19:48:09 | sleep.weights.plasticity       | INFO  | Hard-clipped 36 w_cons parameters to delta_max=0.0300 bound.
2026-08-11 19:48:09 | sleep.weights.plasticity       | INFO  | Hard-clipped 36 w_cons parameters to delta_max=0.0300 bound.
2026-08-11 19:48:10 | sleep.weights.plasticity       | INFO  | Hard-clipped 36 w_cons parameters to delta_max=0.0300 bound.
2026-08-11 19:48:10 | sleep.weights.plasticity       | INFO  | Hard-clipped 36 w_cons parameters to delta_max=0.0300 bound.
2026-08-11 19:48:11 | sleep.weights.plasticity       | INFO  | Hard-clipped 35 w_cons parameters to delta_max=0.0300 bound.
2026-08-11 19:48:11 | sleep.weights.plasticity       | INFO  | Hard-clipped 35 w_cons parameters to delta_max=0.0300 bound.
2026-08-11 19:48:12 | sleep.weights.plasticity       | INFO  | Hard-clipped 35 w_cons parameters to delta_max=0.0300 bound.
2026-08-11 19:48:12 | sleep.weights.plasticity       | INFO  | Hard-clipped 35 w_cons parameters to delta_max=0.0300 bound.
2026-08-11 19:48:13 | sleep.weights.plasticity       | INFO  | Hard-clipped 35 w_cons parameters to delta_max=0.0300 bound.
2026-08-11 19:48:13 | sleep.weights.plasticity       | INFO  | Hard-clipped 33 w_cons parameters to delta_max=0.0300 bound.
2026-08-11 19:48:14 | sleep.weights.plasticity       | INFO  | Hard-clipped 37 w_cons parameters to delta_max=0.0300 bound.
2026-08-11 19:48:14 | sleep.weights.plasticity       | INFO  | Hard-clipped 37 w_cons parameters to delta_max=0.0300 bound.
2026-08-11 19:48:15 | sleep.weights.plasticity       | INFO  | Hard-clipped 38 w_cons parameters to delta_max=0.0300 bound.
2026-08-11 19:48:15 | sleep.weights.plasticity       | INFO  | Hard-clipped 39 w_cons parameters to delta_max=0.0300 bound.
2026-08-11 19:48:16 | sleep.weights.plasticity       | INFO  | Hard-clipped 39 w_cons parameters to delta_max=0.0300 bound.
2026-08-11 19:48:16 | sleep.weights.plasticity       | INFO  | Hard-clipped 37 w_cons parameters to delta_max=0.0300 bound.
2026-08-11 19:48:17 | sleep.weights.plasticity       | INFO  | Hard-clipped 37 w_cons parameters to delta_max=0.0300 bound.
2026-08-11 19:48:17 | sleep.weights.plasticity       | INFO  | Hard-clipped 36 w_cons parameters to delta_max=0.0300 bound.
2026-08-11 19:48:18 | sleep.weights.plasticity       | INFO  | Hard-clipped 35 w_cons parameters to delta_max=0.0300 bound.
2026-08-11 19:48:18 | sleep.weights.plasticity       | INFO  | Hard-clipped 34 w_cons parameters to delta_max=0.0300 bound.
2026-08-11 19:48:19 | sleep.weights.plasticity       | INFO  | Hard-clipped 33 w_cons parameters to delta_max=0.0300 bound.
2026-08-11 19:48:19 | sleep.weights.plasticity       | INFO  | Hard-clipped 34 w_cons parameters to delta_max=0.0300 bound.
2026-08-11 19:48:20 | sleep.weights.plasticity       | INFO  | Hard-clipped 34 w_cons parameters to delta_max=0.0300 bound.
2026-08-11 19:48:20 | sleep.weights.plasticity       | INFO  | Hard-clipped 34 w_cons parameters to delta_max=0.0300 bound.
2026-08-11 19:48:21 | sleep.weights.plasticity       | INFO  | Hard-clipped 33 w_cons parameters to delta_max=0.0300 bound.
2026-08-11 19:48:21 | sleep.weights.plasticity       | INFO  | Hard-clipped 33 w_cons parameters to delta_max=0.0300 bound.
2026-08-11 19:48:22 | sleep.weights.plasticity       | INFO  | Hard-clipped 34 w_cons parameters to delta_max=0.0300 bound.
2026-08-11 19:48:22 | sleep.weights.plasticity       | INFO  | Hard-clipped 33 w_cons parameters to delta_max=0.0300 bound.
2026-08-11 19:48:23 | sleep.weights.plasticity       | INFO  | Hard-clipped 34 w_cons parameters to delta_max=0.0300 bound.
2026-08-11 19:48:23 | sleep.weights.plasticity       | INFO  | Hard-clipped 35 w_cons parameters to delta_max=0.0300 bound.
2026-08-11 19:48:24 | sleep.weights.plasticity       | INFO  | Hard-clipped 35 w_cons parameters to delta_max=0.0300 bound.
2026-08-11 19:48:24 | sleep.weights.plasticity       | INFO  | Hard-clipped 35 w_cons parameters to delta_max=0.0300 bound.
2026-08-11 19:48:25 | sleep.weights.plasticity       | INFO  | Hard-clipped 35 w_cons parameters to delta_max=0.0300 bound.
2026-08-11 19:48:25 | sleep.weights.plasticity       | INFO  | Hard-clipped 37 w_cons parameters to delta_max=0.0300 bound.
2026-08-11 19:48:26 | sleep.weights.plasticity       | INFO  | Hard-clipped 36 w_cons parameters to delta_max=0.0300 bound.
2026-08-11 19:48:26 | sleep.weights.plasticity       | INFO  | Hard-clipped 36 w_cons parameters to delta_max=0.0300 bound.
2026-08-11 19:48:27 | sleep.weights.plasticity       | INFO  | Hard-clipped 36 w_cons parameters to delta_max=0.0300 bound.
2026-08-11 19:48:27 | sleep.weights.plasticity       | INFO  | Hard-clipped 36 w_cons parameters to delta_max=0.0300 bound.
2026-08-11 19:48:28 | sleep.weights.plasticity       | INFO  | Hard-clipped 29 w_cons parameters to delta_max=0.0300 bound.
2026-08-11 19:48:28 | sleep.weights.plasticity       | INFO  | Hard-clipped 26 w_cons parameters to delta_max=0.0300 bound.
2026-08-11 19:48:29 | sleep.weights.plasticity       | INFO  | Hard-clipped 27 w_cons parameters to delta_max=0.0300 bound.
2026-08-11 19:48:29 | sleep.weights.plasticity       | INFO  | Hard-clipped 24 w_cons parameters to delta_max=0.0300 bound.
2026-08-11 19:48:30 | sleep.weights.plasticity       | INFO  | Hard-clipped 13 w_cons parameters to delta_max=0.0300 bound.
2026-08-11 19:48:30 | sleep.weights.plasticity       | INFO  | Hard-clipped 15 w_cons parameters to delta_max=0.0300 bound.
2026-08-11 19:48:31 | sleep.weights.plasticity       | INFO  | Hard-clipped 17 w_cons parameters to delta_max=0.0300 bound.
2026-08-11 19:48:31 | sleep.weights.plasticity       | INFO  | Hard-clipped 19 w_cons parameters to delta_max=0.0300 bound.
2026-08-11 19:48:32 | sleep.weights.plasticity       | INFO  | Hard-clipped 20 w_cons parameters to delta_max=0.0300 bound.
2026-08-11 19:48:32 | sleep.weights.plasticity       | INFO  | Hard-clipped 26 w_cons parameters to delta_max=0.0300 bound.
2026-08-11 19:48:33 | sleep.weights.plasticity       | INFO  | Hard-clipped 27 w_cons parameters to delta_max=0.0300 bound.
2026-08-11 19:48:33 | sleep.weights.plasticity       | INFO  | Hard-clipped 29 w_cons parameters to delta_max=0.0300 bound.
2026-08-11 19:48:34 | sleep.weights.plasticity       | INFO  | Hard-clipped 30 w_cons parameters to delta_max=0.0300 bound.
2026-08-11 19:48:34 | sleep.weights.plasticity       | INFO  | Hard-clipped 32 w_cons parameters to delta_max=0.0300 bound.
2026-08-11 19:48:34 | sleep.weights.plasticity       | INFO  | Hard-clipped 33 w_cons parameters to delta_max=0.0300 bound.
2026-08-11 19:48:35 | sleep.weights.plasticity       | INFO  | Hard-clipped 33 w_cons parameters to delta_max=0.0300 bound.
2026-08-11 19:48:36 | sleep.weights.plasticity       | INFO  | Hard-clipped 34 w_cons parameters to delta_max=0.0300 bound.
2026-08-11 19:48:36 | sleep.weights.plasticity       | INFO  | Hard-clipped 34 w_cons parameters to delta_max=0.0300 bound.
2026-08-11 19:48:36 | sleep.weights.plasticity       | INFO  | Hard-clipped 35 w_cons parameters to delta_max=0.0300 bound.
2026-08-11 19:48:37 | sleep.weights.plasticity       | INFO  | Hard-clipped 35 w_cons parameters to delta_max=0.0300 bound.
2026-08-11 19:48:37 | sleep.weights.plasticity       | INFO  | Hard-clipped 35 w_cons parameters to delta_max=0.0300 bound.
2026-08-11 19:48:38 | sleep.weights.plasticity       | INFO  | Hard-clipped 35 w_cons parameters to delta_max=0.0300 bound.
2026-08-11 19:48:38 | sleep.weights.plasticity       | INFO  | Hard-clipped 36 w_cons parameters to delta_max=0.0300 bound.
2026-08-11 19:48:39 | sleep.weights.plasticity       | INFO  | Hard-clipped 35 w_cons parameters to delta_max=0.0300 bound.
2026-08-11 19:48:39 | sleep.weights.plasticity       | INFO  | Hard-clipped 35 w_cons parameters to delta_max=0.0300 bound.
2026-08-11 19:48:40 | sleep.weights.plasticity       | INFO  | Hard-clipped 35 w_cons parameters to delta_max=0.0300 bound.
2026-08-11 19:48:40 | sleep.weights.plasticity       | INFO  | Hard-clipped 32 w_cons parameters to delta_max=0.0300 bound.
2026-08-11 19:48:41 | sleep.weights.plasticity       | INFO  | Hard-clipped 33 w_cons parameters to delta_max=0.0300 bound.
2026-08-11 19:48:41 | sleep.weights.plasticity       | INFO  | Hard-clipped 31 w_cons parameters to delta_max=0.0300 bound.
2026-08-11 19:48:42 | sleep.weights.plasticity       | INFO  | Hard-clipped 27 w_cons parameters to delta_max=0.0300 bound.
2026-08-11 19:48:42 | sleep.weights.plasticity       | INFO  | Hard-clipped 26 w_cons parameters to delta_max=0.0300 bound.
2026-08-11 19:48:43 | sleep.weights.plasticity       | INFO  | Hard-clipped 29 w_cons parameters to delta_max=0.0300 bound.
2026-08-11 19:48:43 | sleep.weights.plasticity       | INFO  | Hard-clipped 31 w_cons parameters to delta_max=0.0300 bound.
2026-08-11 19:48:44 | sleep.weights.plasticity       | INFO  | Hard-clipped 31 w_cons parameters to delta_max=0.0300 bound.
2026-08-11 19:48:44 | sleep.weights.plasticity       | INFO  | Hard-clipped 30 w_cons parameters to delta_max=0.0300 bound.
2026-08-11 19:48:45 | sleep.weights.plasticity       | INFO  | Hard-clipped 31 w_cons parameters to delta_max=0.0300 bound.
2026-08-11 19:48:45 | sleep.weights.plasticity       | INFO  | Hard-clipped 20 w_cons parameters to delta_max=0.0300 bound.
2026-08-11 19:48:46 | sleep.weights.plasticity       | INFO  | Hard-clipped 21 w_cons parameters to delta_max=0.0300 bound.
2026-08-11 19:48:46 | sleep.weights.plasticity       | INFO  | Hard-clipped 18 w_cons parameters to delta_max=0.0300 bound.
2026-08-11 19:48:47 | sleep.weights.plasticity       | INFO  | Hard-clipped 23 w_cons parameters to delta_max=0.0300 bound.
2026-08-11 19:48:47 | sleep.weights.plasticity       | INFO  | Hard-clipped 21 w_cons parameters to delta_max=0.0300 bound.
2026-08-11 19:48:48 | sleep.weights.plasticity       | INFO  | Hard-clipped 27 w_cons parameters to delta_max=0.0300 bound.
2026-08-11 19:48:48 | sleep.weights.plasticity       | INFO  | Hard-clipped 31 w_cons parameters to delta_max=0.0300 bound.
2026-08-11 19:48:49 | sleep.weights.plasticity       | INFO  | Hard-clipped 32 w_cons parameters to delta_max=0.0300 bound.
2026-08-11 19:48:49 | sleep.weights.plasticity       | INFO  | Hard-clipped 34 w_cons parameters to delta_max=0.0300 bound.
2026-08-11 19:48:50 | sleep.weights.plasticity       | INFO  | Hard-clipped 35 w_cons parameters to delta_max=0.0300 bound.
2026-08-11 19:48:50 | sleep.weights.plasticity       | INFO  | Hard-clipped 28 w_cons parameters to delta_max=0.0300 bound.
2026-08-11 19:48:51 | sleep.weights.plasticity       | INFO  | Hard-clipped 31 w_cons parameters to delta_max=0.0300 bound.
2026-08-11 19:48:51 | sleep.weights.plasticity       | INFO  | Hard-clipped 31 w_cons parameters to delta_max=0.0300 bound.
2026-08-11 19:48:52 | sleep.weights.plasticity       | INFO  | Hard-clipped 32 w_cons parameters to delta_max=0.0300 bound.
2026-08-11 19:48:52 | sleep.weights.plasticity       | INFO  | Hard-clipped 37 w_cons parameters to delta_max=0.0300 bound.
2026-08-11 19:48:53 | sleep.weights.plasticity       | INFO  | Hard-clipped 37 w_cons parameters to delta_max=0.0300 bound.
2026-08-11 19:48:53 | sleep.weights.plasticity       | INFO  | Hard-clipped 37 w_cons parameters to delta_max=0.0300 bound.
2026-08-11 19:48:54 | sleep.weights.plasticity       | INFO  | Hard-clipped 37 w_cons parameters to delta_max=0.0300 bound.
2026-08-11 19:48:54 | sleep.weights.plasticity       | INFO  | Hard-clipped 37 w_cons parameters to delta_max=0.0300 bound.
2026-08-11 19:48:55 | sleep.weights.plasticity       | INFO  | Hard-clipped 37 w_cons parameters to delta_max=0.0300 bound.
2026-08-11 19:48:55 | sleep.weights.plasticity       | INFO  | Hard-clipped 37 w_cons parameters to delta_max=0.0300 bound.
2026-08-11 19:48:56 | sleep.weights.plasticity       | INFO  | Hard-clipped 38 w_cons parameters to delta_max=0.0300 bound.
2026-08-11 19:48:56 | sleep.weights.plasticity       | INFO  | Hard-clipped 38 w_cons parameters to delta_max=0.0300 bound.
2026-08-11 19:48:57 | sleep.weights.plasticity       | INFO  | Hard-clipped 38 w_cons parameters to delta_max=0.0300 bound.
2026-08-11 19:48:57 | sleep.weights.plasticity       | INFO  | Hard-clipped 38 w_cons parameters to delta_max=0.0300 bound.
2026-08-11 19:48:58 | sleep.weights.plasticity       | INFO  | Hard-clipped 39 w_cons parameters to delta_max=0.0300 bound.
2026-08-11 19:48:58 | sleep.weights.plasticity       | INFO  | Hard-clipped 39 w_cons parameters to delta_max=0.0300 bound.
2026-08-11 19:48:59 | sleep.weights.plasticity       | INFO  | Hard-clipped 39 w_cons parameters to delta_max=0.0300 bound.
2026-08-11 19:48:59 | sleep.weights.plasticity       | INFO  | Hard-clipped 38 w_cons parameters to delta_max=0.0300 bound.
2026-08-11 19:49:00 | sleep.weights.plasticity       | INFO  | Hard-clipped 36 w_cons parameters to delta_max=0.0300 bound.
2026-08-11 19:49:00 | sleep.weights.plasticity       | INFO  | Hard-clipped 30 w_cons parameters to delta_max=0.0300 bound.
2026-08-11 19:49:01 | sleep.weights.plasticity       | INFO  | Hard-clipped 28 w_cons parameters to delta_max=0.0300 bound.
2026-08-11 19:49:01 | sleep.weights.plasticity       | INFO  | Hard-clipped 20 w_cons parameters to delta_max=0.0300 bound.
2026-08-11 19:49:01 | sleep.weights.plasticity       | INFO  | Hard-clipped 17 w_cons parameters to delta_max=0.0300 bound.
2026-08-11 19:49:02 | sleep.weights.plasticity       | INFO  | Hard-clipped 9 w_cons parameters to delta_max=0.0300 bound.
2026-08-11 19:49:02 | sleep.weights.plasticity       | INFO  | Hard-clipped 5 w_cons parameters to delta_max=0.0300 bound.
2026-08-11 19:49:03 | sleep.weights.plasticity       | INFO  | Hard-clipped 8 w_cons parameters to delta_max=0.0300 bound.
2026-08-11 19:49:04 | sleep.weights.plasticity       | INFO  | Hard-clipped 10 w_cons parameters to delta_max=0.0300 bound.
2026-08-11 19:49:04 | sleep.weights.plasticity       | INFO  | Hard-clipped 9 w_cons parameters to delta_max=0.0300 bound.
2026-08-11 19:49:05 | sleep.weights.plasticity       | INFO  | Hard-clipped 10 w_cons parameters to delta_max=0.0300 bound.
2026-08-11 19:49:05 | sleep.weights.plasticity       | INFO  | Hard-clipped 14 w_cons parameters to delta_max=0.0300 bound.
2026-08-11 19:49:05 | sleep.weights.plasticity       | INFO  | Hard-clipped 18 w_cons parameters to delta_max=0.0300 bound.
2026-08-11 19:49:06 | sleep.weights.plasticity       | INFO  | Hard-clipped 20 w_cons parameters to delta_max=0.0300 bound.
2026-08-11 19:49:06 | sleep.weights.plasticity       | INFO  | Hard-clipped 22 w_cons parameters to delta_max=0.0300 bound.
2026-08-11 19:49:07 | sleep.weights.plasticity       | INFO  | Hard-clipped 24 w_cons parameters to delta_max=0.0300 bound.
2026-08-11 19:49:07 | sleep.weights.plasticity       | INFO  | Hard-clipped 26 w_cons parameters to delta_max=0.0300 bound.
2026-08-11 19:49:08 | sleep.weights.plasticity       | INFO  | Hard-clipped 27 w_cons parameters to delta_max=0.0300 bound.
2026-08-11 19:49:08 | sleep.weights.plasticity       | INFO  | Hard-clipped 26 w_cons parameters to delta_max=0.0300 bound.
2026-08-11 19:49:09 | sleep.weights.plasticity       | INFO  | Hard-clipped 27 w_cons parameters to delta_max=0.0300 bound.
2026-08-11 19:49:09 | sleep.weights.plasticity       | INFO  | Hard-clipped 27 w_cons parameters to delta_max=0.0300 bound.
2026-08-11 19:49:10 | sleep.weights.plasticity       | INFO  | Hard-clipped 28 w_cons parameters to delta_max=0.0300 bound.
2026-08-11 19:49:10 | sleep.sleep_engine.train       | INFO  |   step 1050/1500 | loss=0.2732 | mean_loss=0.7052 | eta=4 | lr=2.50e-05
2026-08-11 19:49:10 | sleep.weights.plasticity       | INFO  | Hard-clipped 29 w_cons parameters to delta_max=0.0300 bound.
2026-08-11 19:49:11 | sleep.weights.plasticity       | INFO  | Hard-clipped 23 w_cons parameters to delta_max=0.0300 bound.
2026-08-11 19:49:11 | sleep.weights.plasticity       | INFO  | Hard-clipped 21 w_cons parameters to delta_max=0.0300 bound.
2026-08-11 19:49:12 | sleep.weights.plasticity       | INFO  | Hard-clipped 28 w_cons parameters to delta_max=0.0300 bound.
2026-08-11 19:49:12 | sleep.weights.plasticity       | INFO  | Hard-clipped 34 w_cons parameters to delta_max=0.0300 bound.
2026-08-11 19:49:13 | sleep.weights.plasticity       | INFO  | Hard-clipped 37 w_cons parameters to delta_max=0.0300 bound.
2026-08-11 19:49:13 | sleep.weights.plasticity       | INFO  | Hard-clipped 38 w_cons parameters to delta_max=0.0300 bound.
2026-08-11 19:49:14 | sleep.weights.plasticity       | INFO  | Hard-clipped 39 w_cons parameters to delta_max=0.0300 bound.
2026-08-11 19:49:14 | sleep.weights.plasticity       | INFO  | Hard-clipped 39 w_cons parameters to delta_max=0.0300 bound.
2026-08-11 19:49:15 | sleep.weights.plasticity       | INFO  | Hard-clipped 39 w_cons parameters to delta_max=0.0300 bound.
2026-08-11 19:49:15 | sleep.weights.plasticity       | INFO  | Hard-clipped 38 w_cons parameters to delta_max=0.0300 bound.
2026-08-11 19:49:16 | sleep.weights.plasticity       | INFO  | Hard-clipped 37 w_cons parameters to delta_max=0.0300 bound.
2026-08-11 19:49:16 | sleep.weights.plasticity       | INFO  | Hard-clipped 35 w_cons parameters to delta_max=0.0300 bound.
2026-08-11 19:49:17 | sleep.weights.plasticity       | INFO  | Hard-clipped 35 w_cons parameters to delta_max=0.0300 bound.
2026-08-11 19:49:17 | sleep.weights.plasticity       | INFO  | Hard-clipped 21 w_cons parameters to delta_max=0.0300 bound.
2026-08-11 19:49:18 | sleep.weights.plasticity       | INFO  | Hard-clipped 13 w_cons parameters to delta_max=0.0300 bound.
2026-08-11 19:49:18 | sleep.weights.plasticity       | INFO  | Hard-clipped 13 w_cons parameters to delta_max=0.0300 bound.
2026-08-11 19:49:19 | sleep.weights.plasticity       | INFO  | Hard-clipped 12 w_cons parameters to delta_max=0.0300 bound.
2026-08-11 19:49:19 | sleep.weights.plasticity       | INFO  | Hard-clipped 13 w_cons parameters to delta_max=0.0300 bound.
2026-08-11 19:49:20 | sleep.weights.plasticity       | INFO  | Hard-clipped 20 w_cons parameters to delta_max=0.0300 bound.
2026-08-11 19:49:20 | sleep.weights.plasticity       | INFO  | Hard-clipped 23 w_cons parameters to delta_max=0.0300 bound.
2026-08-11 19:49:21 | sleep.weights.plasticity       | INFO  | Hard-clipped 25 w_cons parameters to delta_max=0.0300 bound.
2026-08-11 19:49:21 | sleep.weights.plasticity       | INFO  | Hard-clipped 24 w_cons parameters to delta_max=0.0300 bound.
2026-08-11 19:49:22 | sleep.weights.plasticity       | INFO  | Hard-clipped 29 w_cons parameters to delta_max=0.0300 bound.
2026-08-11 19:49:22 | sleep.weights.plasticity       | INFO  | Hard-clipped 34 w_cons parameters to delta_max=0.0300 bound.
2026-08-11 19:49:23 | sleep.weights.plasticity       | INFO  | Hard-clipped 35 w_cons parameters to delta_max=0.0300 bound.
2026-08-11 19:49:23 | sleep.weights.plasticity       | INFO  | Hard-clipped 33 w_cons parameters to delta_max=0.0300 bound.
2026-08-11 19:49:23 | sleep.weights.plasticity       | INFO  | Hard-clipped 34 w_cons parameters to delta_max=0.0300 bound.
2026-08-11 19:49:24 | sleep.weights.plasticity       | INFO  | Hard-clipped 32 w_cons parameters to delta_max=0.0300 bound.
2026-08-11 19:49:24 | sleep.weights.plasticity       | INFO  | Hard-clipped 33 w_cons parameters to delta_max=0.0300 bound.
2026-08-11 19:49:25 | sleep.weights.plasticity       | INFO  | Hard-clipped 33 w_cons parameters to delta_max=0.0300 bound.
2026-08-11 19:49:25 | sleep.weights.plasticity       | INFO  | Hard-clipped 34 w_cons parameters to delta_max=0.0300 bound.
2026-08-11 19:49:26 | sleep.weights.plasticity       | INFO  | Hard-clipped 33 w_cons parameters to delta_max=0.0300 bound.
2026-08-11 19:49:26 | sleep.weights.plasticity       | INFO  | Hard-clipped 33 w_cons parameters to delta_max=0.0300 bound.
2026-08-11 19:49:27 | sleep.weights.plasticity       | INFO  | Hard-clipped 25 w_cons parameters to delta_max=0.0300 bound.
2026-08-11 19:49:27 | sleep.weights.plasticity       | INFO  | Hard-clipped 29 w_cons parameters to delta_max=0.0300 bound.
2026-08-11 19:49:28 | sleep.weights.plasticity       | INFO  | Hard-clipped 33 w_cons parameters to delta_max=0.0300 bound.
2026-08-11 19:49:28 | sleep.weights.plasticity       | INFO  | Hard-clipped 33 w_cons parameters to delta_max=0.0300 bound.
2026-08-11 19:49:29 | sleep.weights.plasticity       | INFO  | Hard-clipped 34 w_cons parameters to delta_max=0.0300 bound.
2026-08-11 19:49:29 | sleep.weights.plasticity       | INFO  | Hard-clipped 34 w_cons parameters to delta_max=0.0300 bound.
2026-08-11 19:49:30 | sleep.weights.plasticity       | INFO  | Hard-clipped 35 w_cons parameters to delta_max=0.0300 bound.
2026-08-11 19:49:30 | sleep.weights.plasticity       | INFO  | Hard-clipped 35 w_cons parameters to delta_max=0.0300 bound.
2026-08-11 19:49:31 | sleep.weights.plasticity       | INFO  | Hard-clipped 37 w_cons parameters to delta_max=0.0300 bound.
2026-08-11 19:49:31 | sleep.weights.plasticity       | INFO  | Hard-clipped 33 w_cons parameters to delta_max=0.0300 bound.
2026-08-11 19:49:32 | sleep.weights.plasticity       | INFO  | Hard-clipped 32 w_cons parameters to delta_max=0.0300 bound.
2026-08-11 19:49:32 | sleep.weights.plasticity       | INFO  | Hard-clipped 32 w_cons parameters to delta_max=0.0300 bound.
2026-08-11 19:49:33 | sleep.weights.plasticity       | INFO  | Hard-clipped 31 w_cons parameters to delta_max=0.0300 bound.
2026-08-11 19:49:33 | sleep.weights.plasticity       | INFO  | Hard-clipped 29 w_cons parameters to delta_max=0.0300 bound.
2026-08-11 19:49:34 | sleep.weights.plasticity       | INFO  | Hard-clipped 31 w_cons parameters to delta_max=0.0300 bound.
2026-08-11 19:49:34 | sleep.weights.plasticity       | INFO  | Hard-clipped 32 w_cons parameters to delta_max=0.0300 bound.
2026-08-11 19:49:35 | sleep.weights.plasticity       | INFO  | Hard-clipped 31 w_cons parameters to delta_max=0.0300 bound.
2026-08-11 19:49:35 | sleep.weights.plasticity       | INFO  | Hard-clipped 32 w_cons parameters to delta_max=0.0300 bound.
2026-08-11 19:49:36 | sleep.weights.plasticity       | INFO  | Hard-clipped 33 w_cons parameters to delta_max=0.0300 bound.
2026-08-11 19:49:36 | sleep.weights.plasticity       | INFO  | Hard-clipped 32 w_cons parameters to delta_max=0.0300 bound.
2026-08-11 19:49:37 | sleep.weights.plasticity       | INFO  | Hard-clipped 32 w_cons parameters to delta_max=0.0300 bound.
2026-08-11 19:49:37 | sleep.weights.plasticity       | INFO  | Hard-clipped 33 w_cons parameters to delta_max=0.0300 bound.
2026-08-11 19:49:38 | sleep.weights.plasticity       | INFO  | Hard-clipped 33 w_cons parameters to delta_max=0.0300 bound.
2026-08-11 19:49:38 | sleep.weights.plasticity       | INFO  | Hard-clipped 33 w_cons parameters to delta_max=0.0300 bound.
2026-08-11 19:49:39 | sleep.weights.plasticity       | INFO  | Hard-clipped 23 w_cons parameters to delta_max=0.0300 bound.
2026-08-11 19:49:39 | sleep.weights.plasticity       | INFO  | Hard-clipped 24 w_cons parameters to delta_max=0.0300 bound.
2026-08-11 19:49:40 | sleep.weights.plasticity       | INFO  | Hard-clipped 24 w_cons parameters to delta_max=0.0300 bound.
2026-08-11 19:49:40 | sleep.weights.plasticity       | INFO  | Hard-clipped 25 w_cons parameters to delta_max=0.0300 bound.
2026-08-11 19:49:40 | sleep.weights.plasticity       | INFO  | Hard-clipped 25 w_cons parameters to delta_max=0.0300 bound.
2026-08-11 19:49:41 | sleep.weights.plasticity       | INFO  | Hard-clipped 26 w_cons parameters to delta_max=0.0300 bound.
2026-08-11 19:49:41 | sleep.weights.plasticity       | INFO  | Hard-clipped 26 w_cons parameters to delta_max=0.0300 bound.
2026-08-11 19:49:42 | sleep.weights.plasticity       | INFO  | Hard-clipped 28 w_cons parameters to delta_max=0.0300 bound.
2026-08-11 19:49:42 | sleep.weights.plasticity       | INFO  | Hard-clipped 28 w_cons parameters to delta_max=0.0300 bound.
2026-08-11 19:49:43 | sleep.weights.plasticity       | INFO  | Hard-clipped 30 w_cons parameters to delta_max=0.0300 bound.
2026-08-11 19:49:43 | sleep.weights.plasticity       | INFO  | Hard-clipped 31 w_cons parameters to delta_max=0.0300 bound.
2026-08-11 19:49:44 | sleep.weights.plasticity       | INFO  | Hard-clipped 31 w_cons parameters to delta_max=0.0300 bound.
2026-08-11 19:49:44 | sleep.weights.plasticity       | INFO  | Hard-clipped 30 w_cons parameters to delta_max=0.0300 bound.
2026-08-11 19:49:45 | sleep.weights.plasticity       | INFO  | Hard-clipped 29 w_cons parameters to delta_max=0.0300 bound.
2026-08-11 19:49:45 | sleep.weights.plasticity       | INFO  | Hard-clipped 24 w_cons parameters to delta_max=0.0300 bound.
2026-08-11 19:49:46 | sleep.weights.plasticity       | INFO  | Hard-clipped 26 w_cons parameters to delta_max=0.0300 bound.
2026-08-11 19:49:46 | sleep.weights.plasticity       | INFO  | Hard-clipped 26 w_cons parameters to delta_max=0.0300 bound.
2026-08-11 19:49:47 | sleep.weights.plasticity       | INFO  | Hard-clipped 27 w_cons parameters to delta_max=0.0300 bound.
2026-08-11 19:49:47 | sleep.weights.plasticity       | INFO  | Hard-clipped 16 w_cons parameters to delta_max=0.0300 bound.
2026-08-11 19:49:48 | sleep.weights.plasticity       | INFO  | Hard-clipped 19 w_cons parameters to delta_max=0.0300 bound.
2026-08-11 19:49:48 | sleep.weights.plasticity       | INFO  | Hard-clipped 23 w_cons parameters to delta_max=0.0300 bound.
2026-08-11 19:49:49 | sleep.weights.plasticity       | INFO  | Hard-clipped 27 w_cons parameters to delta_max=0.0300 bound.
2026-08-11 19:49:49 | sleep.weights.plasticity       | INFO  | Hard-clipped 27 w_cons parameters to delta_max=0.0300 bound.
2026-08-11 19:49:50 | sleep.weights.plasticity       | INFO  | Hard-clipped 28 w_cons parameters to delta_max=0.0300 bound.
2026-08-11 19:49:50 | sleep.weights.plasticity       | INFO  | Hard-clipped 29 w_cons parameters to delta_max=0.0300 bound.
2026-08-11 19:49:51 | sleep.weights.plasticity       | INFO  | Hard-clipped 28 w_cons parameters to delta_max=0.0300 bound.
2026-08-11 19:49:51 | sleep.weights.plasticity       | INFO  | Hard-clipped 29 w_cons parameters to delta_max=0.0300 bound.
2026-08-11 19:49:52 | sleep.weights.plasticity       | INFO  | Hard-clipped 29 w_cons parameters to delta_max=0.0300 bound.
2026-08-11 19:49:52 | sleep.weights.plasticity       | INFO  | Hard-clipped 32 w_cons parameters to delta_max=0.0300 bound.
2026-08-11 19:49:53 | sleep.weights.plasticity       | INFO  | Hard-clipped 32 w_cons parameters to delta_max=0.0300 bound.
2026-08-11 19:49:53 | sleep.weights.plasticity       | INFO  | Hard-clipped 32 w_cons parameters to delta_max=0.0300 bound.
2026-08-11 19:49:54 | sleep.weights.plasticity       | INFO  | Hard-clipped 31 w_cons parameters to delta_max=0.0300 bound.
2026-08-11 19:49:54 | sleep.weights.plasticity       | INFO  | Hard-clipped 30 w_cons parameters to delta_max=0.0300 bound.
2026-08-11 19:49:55 | sleep.weights.plasticity       | INFO  | Hard-clipped 30 w_cons parameters to delta_max=0.0300 bound.
2026-08-11 19:49:55 | sleep.weights.plasticity       | INFO  | Hard-clipped 31 w_cons parameters to delta_max=0.0300 bound.
2026-08-11 19:49:55 | sleep.weights.plasticity       | INFO  | Hard-clipped 30 w_cons parameters to delta_max=0.0300 bound.
2026-08-11 19:49:56 | sleep.weights.plasticity       | INFO  | Hard-clipped 32 w_cons parameters to delta_max=0.0300 bound.
2026-08-11 19:49:56 | sleep.weights.plasticity       | INFO  | Hard-clipped 32 w_cons parameters to delta_max=0.0300 bound.
2026-08-11 19:49:57 | sleep.weights.plasticity       | INFO  | Hard-clipped 31 w_cons parameters to delta_max=0.0300 bound.
2026-08-11 19:49:57 | sleep.weights.plasticity       | INFO  | Hard-clipped 30 w_cons parameters to delta_max=0.0300 bound.
2026-08-11 19:49:58 | sleep.weights.plasticity       | INFO  | Hard-clipped 31 w_cons parameters to delta_max=0.0300 bound.
2026-08-11 19:49:58 | sleep.weights.plasticity       | INFO  | Hard-clipped 32 w_cons parameters to delta_max=0.0300 bound.
2026-08-11 19:49:59 | sleep.weights.plasticity       | INFO  | Hard-clipped 32 w_cons parameters to delta_max=0.0300 bound.
2026-08-11 19:49:59 | sleep.weights.plasticity       | INFO  | Hard-clipped 28 w_cons parameters to delta_max=0.0300 bound.
2026-08-11 19:50:00 | sleep.weights.plasticity       | INFO  | Hard-clipped 27 w_cons parameters to delta_max=0.0300 bound.
2026-08-11 19:50:00 | sleep.weights.plasticity       | INFO  | Hard-clipped 27 w_cons parameters to delta_max=0.0300 bound.
2026-08-11 19:50:01 | sleep.weights.plasticity       | INFO  | Hard-clipped 28 w_cons parameters to delta_max=0.0300 bound.
2026-08-11 19:50:01 | sleep.weights.plasticity       | INFO  | Hard-clipped 29 w_cons parameters to delta_max=0.0300 bound.
2026-08-11 19:50:02 | sleep.weights.plasticity       | INFO  | Hard-clipped 29 w_cons parameters to delta_max=0.0300 bound.
2026-08-11 19:50:02 | sleep.weights.plasticity       | INFO  | Hard-clipped 24 w_cons parameters to delta_max=0.0300 bound.
2026-08-11 19:50:03 | sleep.weights.plasticity       | INFO  | Hard-clipped 21 w_cons parameters to delta_max=0.0300 bound.
2026-08-11 19:50:03 | sleep.weights.plasticity       | INFO  | Hard-clipped 21 w_cons parameters to delta_max=0.0300 bound.
2026-08-11 19:50:04 | sleep.weights.plasticity       | INFO  | Hard-clipped 23 w_cons parameters to delta_max=0.0300 bound.
2026-08-11 19:50:04 | sleep.weights.plasticity       | INFO  | Hard-clipped 23 w_cons parameters to delta_max=0.0300 bound.
2026-08-11 19:50:05 | sleep.weights.plasticity       | INFO  | Hard-clipped 15 w_cons parameters to delta_max=0.0300 bound.
2026-08-11 19:50:05 | sleep.weights.plasticity       | INFO  | Hard-clipped 17 w_cons parameters to delta_max=0.0300 bound.
2026-08-11 19:50:06 | sleep.weights.plasticity       | INFO  | Hard-clipped 22 w_cons parameters to delta_max=0.0300 bound.
2026-08-11 19:50:06 | sleep.weights.plasticity       | INFO  | Hard-clipped 22 w_cons parameters to delta_max=0.0300 bound.
2026-08-11 19:50:07 | sleep.weights.plasticity       | INFO  | Hard-clipped 29 w_cons parameters to delta_max=0.0300 bound.
2026-08-11 19:50:07 | sleep.weights.plasticity       | INFO  | Hard-clipped 21 w_cons parameters to delta_max=0.0300 bound.
2026-08-11 19:50:08 | sleep.weights.plasticity       | INFO  | Hard-clipped 22 w_cons parameters to delta_max=0.0300 bound.
2026-08-11 19:50:08 | sleep.weights.plasticity       | INFO  | Hard-clipped 28 w_cons parameters to delta_max=0.0300 bound.
2026-08-11 19:50:09 | sleep.weights.plasticity       | INFO  | Hard-clipped 23 w_cons parameters to delta_max=0.0300 bound.
2026-08-11 19:50:09 | sleep.weights.plasticity       | INFO  | Hard-clipped 25 w_cons parameters to delta_max=0.0300 bound.
2026-08-11 19:50:10 | sleep.weights.plasticity       | INFO  | Hard-clipped 26 w_cons parameters to delta_max=0.0300 bound.
2026-08-11 19:50:10 | sleep.weights.plasticity       | INFO  | Hard-clipped 29 w_cons parameters to delta_max=0.0300 bound.
2026-08-11 19:50:11 | sleep.weights.plasticity       | INFO  | Hard-clipped 33 w_cons parameters to delta_max=0.0300 bound.
2026-08-11 19:50:11 | sleep.weights.plasticity       | INFO  | Hard-clipped 35 w_cons parameters to delta_max=0.0300 bound.
2026-08-11 19:50:12 | sleep.weights.plasticity       | INFO  | Hard-clipped 35 w_cons parameters to delta_max=0.0300 bound.
2026-08-11 19:50:12 | sleep.weights.plasticity       | INFO  | Hard-clipped 36 w_cons parameters to delta_max=0.0300 bound.
2026-08-11 19:50:12 | sleep.weights.plasticity       | INFO  | Hard-clipped 36 w_cons parameters to delta_max=0.0300 bound.
2026-08-11 19:50:13 | sleep.weights.plasticity       | INFO  | Hard-clipped 36 w_cons parameters to delta_max=0.0300 bound.
2026-08-11 19:50:13 | sleep.weights.plasticity       | INFO  | Hard-clipped 36 w_cons parameters to delta_max=0.0300 bound.
2026-08-11 19:50:14 | sleep.weights.plasticity       | INFO  | Hard-clipped 37 w_cons parameters to delta_max=0.0300 bound.
2026-08-11 19:50:14 | sleep.weights.plasticity       | INFO  | Hard-clipped 38 w_cons parameters to delta_max=0.0300 bound.
2026-08-11 19:50:15 | sleep.weights.plasticity       | INFO  | Hard-clipped 38 w_cons parameters to delta_max=0.0300 bound.
2026-08-11 19:50:15 | sleep.weights.plasticity       | INFO  | Hard-clipped 38 w_cons parameters to delta_max=0.0300 bound.
2026-08-11 19:50:16 | sleep.weights.plasticity       | INFO  | Hard-clipped 37 w_cons parameters to delta_max=0.0300 bound.
2026-08-11 19:50:16 | sleep.weights.plasticity       | INFO  | Hard-clipped 37 w_cons parameters to delta_max=0.0300 bound.
2026-08-11 19:50:17 | sleep.weights.plasticity       | INFO  | Hard-clipped 36 w_cons parameters to delta_max=0.0300 bound.
2026-08-11 19:50:17 | sleep.weights.plasticity       | INFO  | Hard-clipped 36 w_cons parameters to delta_max=0.0300 bound.
2026-08-11 19:50:18 | sleep.weights.plasticity       | INFO  | Hard-clipped 36 w_cons parameters to delta_max=0.0300 bound.
2026-08-11 19:50:18 | sleep.weights.plasticity       | INFO  | Hard-clipped 34 w_cons parameters to delta_max=0.0300 bound.
2026-08-11 19:50:19 | sleep.weights.plasticity       | INFO  | Hard-clipped 28 w_cons parameters to delta_max=0.0300 bound.
2026-08-11 19:50:19 | sleep.weights.plasticity       | INFO  | Hard-clipped 27 w_cons parameters to delta_max=0.0300 bound.
2026-08-11 19:50:20 | sleep.weights.plasticity       | INFO  | Hard-clipped 31 w_cons parameters to delta_max=0.0300 bound.
2026-08-11 19:50:20 | sleep.weights.plasticity       | INFO  | Hard-clipped 34 w_cons parameters to delta_max=0.0300 bound.
2026-08-11 19:50:21 | sleep.weights.plasticity       | INFO  | Hard-clipped 37 w_cons parameters to delta_max=0.0300 bound.
2026-08-11 19:50:21 | sleep.weights.plasticity       | INFO  | Hard-clipped 25 w_cons parameters to delta_max=0.0300 bound.
2026-08-11 19:50:22 | sleep.weights.plasticity       | INFO  | Hard-clipped 30 w_cons parameters to delta_max=0.0300 bound.
2026-08-11 19:50:22 | sleep.weights.plasticity       | INFO  | Hard-clipped 30 w_cons parameters to delta_max=0.0300 bound.
2026-08-11 19:50:23 | sleep.weights.plasticity       | INFO  | Hard-clipped 31 w_cons parameters to delta_max=0.0300 bound.
2026-08-11 19:50:23 | sleep.sleep_engine.train       | INFO  |   step 1200/1500 | loss=0.2748 | mean_loss=0.6528 | eta=9 | lr=1.17e-05
2026-08-11 19:50:23 | sleep.weights.plasticity       | INFO  | Hard-clipped 37 w_cons parameters to delta_max=0.0300 bound.
2026-08-11 19:50:24 | sleep.weights.plasticity       | INFO  | Hard-clipped 37 w_cons parameters to delta_max=0.0300 bound.
2026-08-11 19:50:24 | sleep.weights.plasticity       | INFO  | Hard-clipped 35 w_cons parameters to delta_max=0.0300 bound.
2026-08-11 19:50:25 | sleep.weights.plasticity       | INFO  | Hard-clipped 35 w_cons parameters to delta_max=0.0300 bound.
2026-08-11 19:50:25 | sleep.weights.plasticity       | INFO  | Hard-clipped 34 w_cons parameters to delta_max=0.0300 bound.
2026-08-11 19:50:26 | sleep.weights.plasticity       | INFO  | Hard-clipped 32 w_cons parameters to delta_max=0.0300 bound.
2026-08-11 19:50:26 | sleep.weights.plasticity       | INFO  | Hard-clipped 30 w_cons parameters to delta_max=0.0300 bound.
2026-08-11 19:50:27 | sleep.weights.plasticity       | INFO  | Hard-clipped 31 w_cons parameters to delta_max=0.0300 bound.
2026-08-11 19:50:27 | sleep.weights.plasticity       | INFO  | Hard-clipped 31 w_cons parameters to delta_max=0.0300 bound.
2026-08-11 19:50:28 | sleep.weights.plasticity       | INFO  | Hard-clipped 25 w_cons parameters to delta_max=0.0300 bound.
2026-08-11 19:50:28 | sleep.weights.plasticity       | INFO  | Hard-clipped 23 w_cons parameters to delta_max=0.0300 bound.
2026-08-11 19:50:29 | sleep.weights.plasticity       | INFO  | Hard-clipped 23 w_cons parameters to delta_max=0.0300 bound.
2026-08-11 19:50:29 | sleep.weights.plasticity       | INFO  | Hard-clipped 26 w_cons parameters to delta_max=0.0300 bound.
2026-08-11 19:50:30 | sleep.weights.plasticity       | INFO  | Hard-clipped 31 w_cons parameters to delta_max=0.0300 bound.
2026-08-11 19:50:30 | sleep.weights.plasticity       | INFO  | Hard-clipped 31 w_cons parameters to delta_max=0.0300 bound.
2026-08-11 19:50:31 | sleep.weights.plasticity       | INFO  | Hard-clipped 33 w_cons parameters to delta_max=0.0300 bound.
2026-08-11 19:50:31 | sleep.weights.plasticity       | INFO  | Hard-clipped 32 w_cons parameters to delta_max=0.0300 bound.
2026-08-11 19:50:32 | sleep.weights.plasticity       | INFO  | Hard-clipped 31 w_cons parameters to delta_max=0.0300 bound.
2026-08-11 19:50:32 | sleep.weights.plasticity       | INFO  | Hard-clipped 27 w_cons parameters to delta_max=0.0300 bound.
2026-08-11 19:50:33 | sleep.weights.plasticity       | INFO  | Hard-clipped 22 w_cons parameters to delta_max=0.0300 bound.
2026-08-11 19:50:33 | sleep.weights.plasticity       | INFO  | Hard-clipped 30 w_cons parameters to delta_max=0.0300 bound.
2026-08-11 19:50:34 | sleep.weights.plasticity       | INFO  | Hard-clipped 31 w_cons parameters to delta_max=0.0300 bound.
2026-08-11 19:50:34 | sleep.weights.plasticity       | INFO  | Hard-clipped 32 w_cons parameters to delta_max=0.0300 bound.
2026-08-11 19:50:35 | sleep.weights.plasticity       | INFO  | Hard-clipped 33 w_cons parameters to delta_max=0.0300 bound.
2026-08-11 19:50:35 | sleep.weights.plasticity       | INFO  | Hard-clipped 33 w_cons parameters to delta_max=0.0300 bound.
2026-08-11 19:50:36 | sleep.weights.plasticity       | INFO  | Hard-clipped 33 w_cons parameters to delta_max=0.0300 bound.
2026-08-11 19:50:36 | sleep.weights.plasticity       | INFO  | Hard-clipped 33 w_cons parameters to delta_max=0.0300 bound.
2026-08-11 19:50:37 | sleep.weights.plasticity       | INFO  | Hard-clipped 34 w_cons parameters to delta_max=0.0300 bound.
2026-08-11 19:50:37 | sleep.weights.plasticity       | INFO  | Hard-clipped 35 w_cons parameters to delta_max=0.0300 bound.
2026-08-11 19:50:38 | sleep.weights.plasticity       | INFO  | Hard-clipped 35 w_cons parameters to delta_max=0.0300 bound.
2026-08-11 19:50:38 | sleep.weights.plasticity       | INFO  | Hard-clipped 35 w_cons parameters to delta_max=0.0300 bound.
2026-08-11 19:50:38 | sleep.weights.plasticity       | INFO  | Hard-clipped 36 w_cons parameters to delta_max=0.0300 bound.
2026-08-11 19:50:39 | sleep.weights.plasticity       | INFO  | Hard-clipped 36 w_cons parameters to delta_max=0.0300 bound.
2026-08-11 19:50:39 | sleep.weights.plasticity       | INFO  | Hard-clipped 36 w_cons parameters to delta_max=0.0300 bound.
2026-08-11 19:50:40 | sleep.weights.plasticity       | INFO  | Hard-clipped 36 w_cons parameters to delta_max=0.0300 bound.
2026-08-11 19:50:40 | sleep.weights.plasticity       | INFO  | Hard-clipped 36 w_cons parameters to delta_max=0.0300 bound.
2026-08-11 19:50:41 | sleep.weights.plasticity       | INFO  | Hard-clipped 36 w_cons parameters to delta_max=0.0300 bound.
2026-08-11 19:50:41 | sleep.weights.plasticity       | INFO  | Hard-clipped 36 w_cons parameters to delta_max=0.0300 bound.
2026-08-11 19:50:42 | sleep.weights.plasticity       | INFO  | Hard-clipped 37 w_cons parameters to delta_max=0.0300 bound.
2026-08-11 19:50:42 | sleep.weights.plasticity       | INFO  | Hard-clipped 37 w_cons parameters to delta_max=0.0300 bound.
2026-08-11 19:50:43 | sleep.weights.plasticity       | INFO  | Hard-clipped 37 w_cons parameters to delta_max=0.0300 bound.
2026-08-11 19:50:43 | sleep.weights.plasticity       | INFO  | Hard-clipped 37 w_cons parameters to delta_max=0.0300 bound.
2026-08-11 19:50:44 | sleep.weights.plasticity       | INFO  | Hard-clipped 37 w_cons parameters to delta_max=0.0300 bound.
2026-08-11 19:50:44 | sleep.weights.plasticity       | INFO  | Hard-clipped 37 w_cons parameters to delta_max=0.0300 bound.
2026-08-11 19:50:45 | sleep.weights.plasticity       | INFO  | Hard-clipped 37 w_cons parameters to delta_max=0.0300 bound.
2026-08-11 19:50:45 | sleep.weights.plasticity       | INFO  | Hard-clipped 36 w_cons parameters to delta_max=0.0300 bound.
2026-08-11 19:50:46 | sleep.weights.plasticity       | INFO  | Hard-clipped 36 w_cons parameters to delta_max=0.0300 bound.
2026-08-11 19:50:46 | sleep.weights.plasticity       | INFO  | Hard-clipped 34 w_cons parameters to delta_max=0.0300 bound.
2026-08-11 19:50:47 | sleep.weights.plasticity       | INFO  | Hard-clipped 28 w_cons parameters to delta_max=0.0300 bound.
2026-08-11 19:50:47 | sleep.weights.plasticity       | INFO  | Hard-clipped 30 w_cons parameters to delta_max=0.0300 bound.
2026-08-11 19:50:48 | sleep.weights.plasticity       | INFO  | Hard-clipped 24 w_cons parameters to delta_max=0.0300 bound.
2026-08-11 19:50:48 | sleep.weights.plasticity       | INFO  | Hard-clipped 25 w_cons parameters to delta_max=0.0300 bound.
2026-08-11 19:50:49 | sleep.weights.plasticity       | INFO  | Hard-clipped 27 w_cons parameters to delta_max=0.0300 bound.
2026-08-11 19:50:49 | sleep.weights.plasticity       | INFO  | Hard-clipped 26 w_cons parameters to delta_max=0.0300 bound.
2026-08-11 19:50:50 | sleep.weights.plasticity       | INFO  | Hard-clipped 29 w_cons parameters to delta_max=0.0300 bound.
2026-08-11 19:50:50 | sleep.weights.plasticity       | INFO  | Hard-clipped 31 w_cons parameters to delta_max=0.0300 bound.
2026-08-11 19:50:51 | sleep.weights.plasticity       | INFO  | Hard-clipped 31 w_cons parameters to delta_max=0.0300 bound.
2026-08-11 19:50:51 | sleep.weights.plasticity       | INFO  | Hard-clipped 33 w_cons parameters to delta_max=0.0300 bound.
2026-08-11 19:50:51 | sleep.weights.plasticity       | INFO  | Hard-clipped 35 w_cons parameters to delta_max=0.0300 bound.
2026-08-11 19:50:52 | sleep.weights.plasticity       | INFO  | Hard-clipped 36 w_cons parameters to delta_max=0.0300 bound.
2026-08-11 19:50:52 | sleep.weights.plasticity       | INFO  | Hard-clipped 33 w_cons parameters to delta_max=0.0300 bound.
2026-08-11 19:50:53 | sleep.weights.plasticity       | INFO  | Hard-clipped 23 w_cons parameters to delta_max=0.0300 bound.
2026-08-11 19:50:53 | sleep.weights.plasticity       | INFO  | Hard-clipped 20 w_cons parameters to delta_max=0.0300 bound.
2026-08-11 19:50:54 | sleep.weights.plasticity       | INFO  | Hard-clipped 17 w_cons parameters to delta_max=0.0300 bound.
2026-08-11 19:50:54 | sleep.weights.plasticity       | INFO  | Hard-clipped 21 w_cons parameters to delta_max=0.0300 bound.
2026-08-11 19:50:55 | sleep.weights.plasticity       | INFO  | Hard-clipped 9 w_cons parameters to delta_max=0.0300 bound.
2026-08-11 19:50:55 | sleep.weights.plasticity       | INFO  | Hard-clipped 6 w_cons parameters to delta_max=0.0300 bound.
2026-08-11 19:50:56 | sleep.weights.plasticity       | INFO  | Hard-clipped 4 w_cons parameters to delta_max=0.0300 bound.
2026-08-11 19:50:56 | sleep.weights.plasticity       | INFO  | Hard-clipped 6 w_cons parameters to delta_max=0.0300 bound.
2026-08-11 19:50:57 | sleep.weights.plasticity       | INFO  | Hard-clipped 10 w_cons parameters to delta_max=0.0300 bound.
2026-08-11 19:50:57 | sleep.weights.plasticity       | INFO  | Hard-clipped 10 w_cons parameters to delta_max=0.0300 bound.
2026-08-11 19:50:58 | sleep.weights.plasticity       | INFO  | Hard-clipped 10 w_cons parameters to delta_max=0.0300 bound.
2026-08-11 19:50:58 | sleep.weights.plasticity       | INFO  | Hard-clipped 9 w_cons parameters to delta_max=0.0300 bound.
2026-08-11 19:50:59 | sleep.weights.plasticity       | INFO  | Hard-clipped 8 w_cons parameters to delta_max=0.0300 bound.
2026-08-11 19:50:59 | sleep.weights.plasticity       | INFO  | Hard-clipped 7 w_cons parameters to delta_max=0.0300 bound.
2026-08-11 19:51:00 | sleep.weights.plasticity       | INFO  | Hard-clipped 7 w_cons parameters to delta_max=0.0300 bound.
2026-08-11 19:51:00 | sleep.weights.plasticity       | INFO  | Hard-clipped 6 w_cons parameters to delta_max=0.0300 bound.
2026-08-11 19:51:01 | sleep.weights.plasticity       | INFO  | Hard-clipped 5 w_cons parameters to delta_max=0.0300 bound.
2026-08-11 19:51:01 | sleep.weights.plasticity       | INFO  | Hard-clipped 6 w_cons parameters to delta_max=0.0300 bound.
2026-08-11 19:51:02 | sleep.weights.plasticity       | INFO  | Hard-clipped 7 w_cons parameters to delta_max=0.0300 bound.
2026-08-11 19:51:02 | sleep.weights.plasticity       | INFO  | Hard-clipped 7 w_cons parameters to delta_max=0.0300 bound.
2026-08-11 19:51:03 | sleep.weights.plasticity       | INFO  | Hard-clipped 8 w_cons parameters to delta_max=0.0300 bound.
2026-08-11 19:51:03 | sleep.weights.plasticity       | INFO  | Hard-clipped 9 w_cons parameters to delta_max=0.0300 bound.
2026-08-11 19:51:04 | sleep.weights.plasticity       | INFO  | Hard-clipped 13 w_cons parameters to delta_max=0.0300 bound.
2026-08-11 19:51:04 | sleep.weights.plasticity       | INFO  | Hard-clipped 15 w_cons parameters to delta_max=0.0300 bound.
2026-08-11 19:51:05 | sleep.weights.plasticity       | INFO  | Hard-clipped 17 w_cons parameters to delta_max=0.0300 bound.
2026-08-11 19:51:05 | sleep.weights.plasticity       | INFO  | Hard-clipped 22 w_cons parameters to delta_max=0.0300 bound.
2026-08-11 19:51:06 | sleep.weights.plasticity       | INFO  | Hard-clipped 26 w_cons parameters to delta_max=0.0300 bound.
2026-08-11 19:51:06 | sleep.weights.plasticity       | INFO  | Hard-clipped 25 w_cons parameters to delta_max=0.0300 bound.
2026-08-11 19:51:07 | sleep.weights.plasticity       | INFO  | Hard-clipped 28 w_cons parameters to delta_max=0.0300 bound.
2026-08-11 19:51:07 | sleep.weights.plasticity       | INFO  | Hard-clipped 29 w_cons parameters to delta_max=0.0300 bound.
2026-08-11 19:51:08 | sleep.weights.plasticity       | INFO  | Hard-clipped 31 w_cons parameters to delta_max=0.0300 bound.
2026-08-11 19:51:08 | sleep.weights.plasticity       | INFO  | Hard-clipped 32 w_cons parameters to delta_max=0.0300 bound.
2026-08-11 19:51:09 | sleep.weights.plasticity       | INFO  | Hard-clipped 31 w_cons parameters to delta_max=0.0300 bound.
2026-08-11 19:51:09 | sleep.weights.plasticity       | INFO  | Hard-clipped 36 w_cons parameters to delta_max=0.0300 bound.
2026-08-11 19:51:10 | sleep.weights.plasticity       | INFO  | Hard-clipped 36 w_cons parameters to delta_max=0.0300 bound.
2026-08-11 19:51:10 | sleep.weights.plasticity       | INFO  | Hard-clipped 36 w_cons parameters to delta_max=0.0300 bound.
2026-08-11 19:51:10 | sleep.weights.plasticity       | INFO  | Hard-clipped 36 w_cons parameters to delta_max=0.0300 bound.
2026-08-11 19:51:11 | sleep.weights.plasticity       | INFO  | Hard-clipped 36 w_cons parameters to delta_max=0.0300 bound.
2026-08-11 19:51:11 | sleep.weights.plasticity       | INFO  | Hard-clipped 36 w_cons parameters to delta_max=0.0300 bound.
2026-08-11 19:51:12 | sleep.weights.plasticity       | INFO  | Hard-clipped 31 w_cons parameters to delta_max=0.0300 bound.
2026-08-11 19:51:12 | sleep.weights.plasticity       | INFO  | Hard-clipped 34 w_cons parameters to delta_max=0.0300 bound.
2026-08-11 19:51:13 | sleep.weights.plasticity       | INFO  | Hard-clipped 37 w_cons parameters to delta_max=0.0300 bound.
2026-08-11 19:51:13 | sleep.weights.plasticity       | INFO  | Hard-clipped 37 w_cons parameters to delta_max=0.0300 bound.
2026-08-11 19:51:14 | sleep.weights.plasticity       | INFO  | Hard-clipped 37 w_cons parameters to delta_max=0.0300 bound.
2026-08-11 19:51:14 | sleep.weights.plasticity       | INFO  | Hard-clipped 37 w_cons parameters to delta_max=0.0300 bound.
2026-08-11 19:51:15 | sleep.weights.plasticity       | INFO  | Hard-clipped 37 w_cons parameters to delta_max=0.0300 bound.
2026-08-11 19:51:15 | sleep.weights.plasticity       | INFO  | Hard-clipped 37 w_cons parameters to delta_max=0.0300 bound.
2026-08-11 19:51:16 | sleep.weights.plasticity       | INFO  | Hard-clipped 34 w_cons parameters to delta_max=0.0300 bound.
2026-08-11 19:51:16 | sleep.weights.plasticity       | INFO  | Hard-clipped 33 w_cons parameters to delta_max=0.0300 bound.
2026-08-11 19:51:17 | sleep.weights.plasticity       | INFO  | Hard-clipped 16 w_cons parameters to delta_max=0.0300 bound.
2026-08-11 19:51:17 | sleep.weights.plasticity       | INFO  | Hard-clipped 27 w_cons parameters to delta_max=0.0300 bound.
2026-08-11 19:51:18 | sleep.weights.plasticity       | INFO  | Hard-clipped 32 w_cons parameters to delta_max=0.0300 bound.
2026-08-11 19:51:18 | sleep.weights.plasticity       | INFO  | Hard-clipped 26 w_cons parameters to delta_max=0.0300 bound.
2026-08-11 19:51:19 | sleep.weights.plasticity       | INFO  | Hard-clipped 33 w_cons parameters to delta_max=0.0300 bound.
2026-08-11 19:51:19 | sleep.weights.plasticity       | INFO  | Hard-clipped 32 w_cons parameters to delta_max=0.0300 bound.
2026-08-11 19:51:20 | sleep.weights.plasticity       | INFO  | Hard-clipped 34 w_cons parameters to delta_max=0.0300 bound.
2026-08-11 19:51:20 | sleep.weights.plasticity       | INFO  | Hard-clipped 34 w_cons parameters to delta_max=0.0300 bound.
2026-08-11 19:51:21 | sleep.weights.plasticity       | INFO  | Hard-clipped 31 w_cons parameters to delta_max=0.0300 bound.
2026-08-11 19:51:21 | sleep.weights.plasticity       | INFO  | Hard-clipped 25 w_cons parameters to delta_max=0.0300 bound.
2026-08-11 19:51:22 | sleep.weights.plasticity       | INFO  | Hard-clipped 28 w_cons parameters to delta_max=0.0300 bound.
2026-08-11 19:51:22 | sleep.weights.plasticity       | INFO  | Hard-clipped 29 w_cons parameters to delta_max=0.0300 bound.
2026-08-11 19:51:23 | sleep.weights.plasticity       | INFO  | Hard-clipped 29 w_cons parameters to delta_max=0.0300 bound.
2026-08-11 19:51:23 | sleep.weights.plasticity       | INFO  | Hard-clipped 29 w_cons parameters to delta_max=0.0300 bound.
2026-08-11 19:51:24 | sleep.weights.plasticity       | INFO  | Hard-clipped 28 w_cons parameters to delta_max=0.0300 bound.
2026-08-11 19:51:24 | sleep.weights.plasticity       | INFO  | Hard-clipped 28 w_cons parameters to delta_max=0.0300 bound.
2026-08-11 19:51:25 | sleep.weights.plasticity       | INFO  | Hard-clipped 24 w_cons parameters to delta_max=0.0300 bound.
2026-08-11 19:51:25 | sleep.weights.plasticity       | INFO  | Hard-clipped 26 w_cons parameters to delta_max=0.0300 bound.
2026-08-11 19:51:26 | sleep.weights.plasticity       | INFO  | Hard-clipped 26 w_cons parameters to delta_max=0.0300 bound.
2026-08-11 19:51:26 | sleep.weights.plasticity       | INFO  | Hard-clipped 26 w_cons parameters to delta_max=0.0300 bound.
2026-08-11 19:51:27 | sleep.weights.plasticity       | INFO  | Hard-clipped 27 w_cons parameters to delta_max=0.0300 bound.
2026-08-11 19:51:27 | sleep.weights.plasticity       | INFO  | Hard-clipped 27 w_cons parameters to delta_max=0.0300 bound.
2026-08-11 19:51:28 | sleep.weights.plasticity       | INFO  | Hard-clipped 30 w_cons parameters to delta_max=0.0300 bound.
2026-08-11 19:51:28 | sleep.weights.plasticity       | INFO  | Hard-clipped 31 w_cons parameters to delta_max=0.0300 bound.
2026-08-11 19:51:29 | sleep.weights.plasticity       | INFO  | Hard-clipped 32 w_cons parameters to delta_max=0.0300 bound.
2026-08-11 19:51:29 | sleep.weights.plasticity       | INFO  | Hard-clipped 30 w_cons parameters to delta_max=0.0300 bound.
2026-08-11 19:51:30 | sleep.weights.plasticity       | INFO  | Hard-clipped 30 w_cons parameters to delta_max=0.0300 bound.
2026-08-11 19:51:30 | sleep.weights.plasticity       | INFO  | Hard-clipped 32 w_cons parameters to delta_max=0.0300 bound.
2026-08-11 19:51:31 | sleep.weights.plasticity       | INFO  | Hard-clipped 32 w_cons parameters to delta_max=0.0300 bound.
2026-08-11 19:51:31 | sleep.weights.plasticity       | INFO  | Hard-clipped 33 w_cons parameters to delta_max=0.0300 bound.
2026-08-11 19:51:32 | sleep.weights.plasticity       | INFO  | Hard-clipped 34 w_cons parameters to delta_max=0.0300 bound.
2026-08-11 19:51:32 | sleep.weights.plasticity       | INFO  | Hard-clipped 35 w_cons parameters to delta_max=0.0300 bound.
2026-08-11 19:51:33 | sleep.weights.plasticity       | INFO  | Hard-clipped 35 w_cons parameters to delta_max=0.0300 bound.
2026-08-11 19:51:33 | sleep.weights.plasticity       | INFO  | Hard-clipped 34 w_cons parameters to delta_max=0.0300 bound.
2026-08-11 19:51:34 | sleep.weights.plasticity       | INFO  | Hard-clipped 32 w_cons parameters to delta_max=0.0300 bound.
2026-08-11 19:51:34 | sleep.weights.plasticity       | INFO  | Hard-clipped 27 w_cons parameters to delta_max=0.0300 bound.
2026-08-11 19:51:35 | sleep.weights.plasticity       | INFO  | Hard-clipped 32 w_cons parameters to delta_max=0.0300 bound.
2026-08-11 19:51:35 | sleep.weights.plasticity       | INFO  | Hard-clipped 34 w_cons parameters to delta_max=0.0300 bound.
2026-08-11 19:51:36 | sleep.weights.plasticity       | INFO  | Hard-clipped 34 w_cons parameters to delta_max=0.0300 bound.
2026-08-11 19:51:36 | sleep.weights.plasticity       | INFO  | Hard-clipped 33 w_cons parameters to delta_max=0.0300 bound.
2026-08-11 19:51:36 | sleep.sleep_engine.train       | INFO  |   step 1350/1500 | loss=0.2748 | mean_loss=0.6114 | eta=9 | lr=3.02e-06
2026-08-11 19:51:36 | sleep.weights.plasticity       | INFO  | Hard-clipped 32 w_cons parameters to delta_max=0.0300 bound.
2026-08-11 19:51:37 | sleep.weights.plasticity       | INFO  | Hard-clipped 34 w_cons parameters to delta_max=0.0300 bound.
2026-08-11 19:51:37 | sleep.weights.plasticity       | INFO  | Hard-clipped 33 w_cons parameters to delta_max=0.0300 bound.
2026-08-11 19:51:38 | sleep.weights.plasticity       | INFO  | Hard-clipped 34 w_cons parameters to delta_max=0.0300 bound.
2026-08-11 19:51:38 | sleep.weights.plasticity       | INFO  | Hard-clipped 32 w_cons parameters to delta_max=0.0300 bound.
2026-08-11 19:51:39 | sleep.weights.plasticity       | INFO  | Hard-clipped 32 w_cons parameters to delta_max=0.0300 bound.
2026-08-11 19:51:39 | sleep.weights.plasticity       | INFO  | Hard-clipped 19 w_cons parameters to delta_max=0.0300 bound.
2026-08-11 19:51:40 | sleep.weights.plasticity       | INFO  | Hard-clipped 20 w_cons parameters to delta_max=0.0300 bound.
2026-08-11 19:51:40 | sleep.weights.plasticity       | INFO  | Hard-clipped 21 w_cons parameters to delta_max=0.0300 bound.
2026-08-11 19:51:41 | sleep.weights.plasticity       | INFO  | Hard-clipped 24 w_cons parameters to delta_max=0.0300 bound.
2026-08-11 19:51:41 | sleep.weights.plasticity       | INFO  | Hard-clipped 22 w_cons parameters to delta_max=0.0300 bound.
2026-08-11 19:51:42 | sleep.weights.plasticity       | INFO  | Hard-clipped 25 w_cons parameters to delta_max=0.0300 bound.
2026-08-11 19:51:42 | sleep.weights.plasticity       | INFO  | Hard-clipped 26 w_cons parameters to delta_max=0.0300 bound.
2026-08-11 19:51:43 | sleep.weights.plasticity       | INFO  | Hard-clipped 28 w_cons parameters to delta_max=0.0300 bound.
2026-08-11 19:51:43 | sleep.weights.plasticity       | INFO  | Hard-clipped 27 w_cons parameters to delta_max=0.0300 bound.
2026-08-11 19:51:44 | sleep.weights.plasticity       | INFO  | Hard-clipped 30 w_cons parameters to delta_max=0.0300 bound.
2026-08-11 19:51:44 | sleep.weights.plasticity       | INFO  | Hard-clipped 32 w_cons parameters to delta_max=0.0300 bound.
2026-08-11 19:51:45 | sleep.weights.plasticity       | INFO  | Hard-clipped 36 w_cons parameters to delta_max=0.0300 bound.
2026-08-11 19:51:45 | sleep.weights.plasticity       | INFO  | Hard-clipped 36 w_cons parameters to delta_max=0.0300 bound.
2026-08-11 19:51:46 | sleep.weights.plasticity       | INFO  | Hard-clipped 36 w_cons parameters to delta_max=0.0300 bound.
2026-08-11 19:51:46 | sleep.weights.plasticity       | INFO  | Hard-clipped 37 w_cons parameters to delta_max=0.0300 bound.
2026-08-11 19:51:47 | sleep.weights.plasticity       | INFO  | Hard-clipped 39 w_cons parameters to delta_max=0.0300 bound.
2026-08-11 19:51:47 | sleep.weights.plasticity       | INFO  | Hard-clipped 39 w_cons parameters to delta_max=0.0300 bound.
2026-08-11 19:51:48 | sleep.weights.plasticity       | INFO  | Hard-clipped 39 w_cons parameters to delta_max=0.0300 bound.
2026-08-11 19:51:48 | sleep.weights.plasticity       | INFO  | Hard-clipped 38 w_cons parameters to delta_max=0.0300 bound.
2026-08-11 19:51:49 | sleep.weights.plasticity       | INFO  | Hard-clipped 39 w_cons parameters to delta_max=0.0300 bound.
2026-08-11 19:51:49 | sleep.weights.plasticity       | INFO  | Hard-clipped 39 w_cons parameters to delta_max=0.0300 bound.
2026-08-11 19:51:50 | sleep.weights.plasticity       | INFO  | Hard-clipped 37 w_cons parameters to delta_max=0.0300 bound.
2026-08-11 19:51:50 | sleep.weights.plasticity       | INFO  | Hard-clipped 33 w_cons parameters to delta_max=0.0300 bound.
2026-08-11 19:51:51 | sleep.weights.plasticity       | INFO  | Hard-clipped 35 w_cons parameters to delta_max=0.0300 bound.
2026-08-11 19:51:51 | sleep.weights.plasticity       | INFO  | Hard-clipped 33 w_cons parameters to delta_max=0.0300 bound.
2026-08-11 19:51:52 | sleep.weights.plasticity       | INFO  | Hard-clipped 33 w_cons parameters to delta_max=0.0300 bound.
2026-08-11 19:51:52 | sleep.weights.plasticity       | INFO  | Hard-clipped 32 w_cons parameters to delta_max=0.0300 bound.
2026-08-11 19:51:53 | sleep.weights.plasticity       | INFO  | Hard-clipped 31 w_cons parameters to delta_max=0.0300 bound.
2026-08-11 19:51:53 | sleep.weights.plasticity       | INFO  | Hard-clipped 32 w_cons parameters to delta_max=0.0300 bound.
2026-08-11 19:51:54 | sleep.weights.plasticity       | INFO  | Hard-clipped 30 w_cons parameters to delta_max=0.0300 bound.
2026-08-11 19:51:54 | sleep.weights.plasticity       | INFO  | Hard-clipped 31 w_cons parameters to delta_max=0.0300 bound.
2026-08-11 19:51:55 | sleep.weights.plasticity       | INFO  | Hard-clipped 29 w_cons parameters to delta_max=0.0300 bound.
2026-08-11 19:51:55 | sleep.weights.plasticity       | INFO  | Hard-clipped 24 w_cons parameters to delta_max=0.0300 bound.
2026-08-11 19:51:56 | sleep.weights.plasticity       | INFO  | Hard-clipped 24 w_cons parameters to delta_max=0.0300 bound.
2026-08-11 19:51:56 | sleep.weights.plasticity       | INFO  | Hard-clipped 24 w_cons parameters to delta_max=0.0300 bound.
2026-08-11 19:51:56 | sleep.weights.plasticity       | INFO  | Hard-clipped 25 w_cons parameters to delta_max=0.0300 bound.
2026-08-11 19:51:57 | sleep.weights.plasticity       | INFO  | Hard-clipped 27 w_cons parameters to delta_max=0.0300 bound.
2026-08-11 19:51:58 | sleep.weights.plasticity       | INFO  | Hard-clipped 28 w_cons parameters to delta_max=0.0300 bound.
2026-08-11 19:51:58 | sleep.weights.plasticity       | INFO  | Hard-clipped 25 w_cons parameters to delta_max=0.0300 bound.
2026-08-11 19:51:59 | sleep.weights.plasticity       | INFO  | Hard-clipped 26 w_cons parameters to delta_max=0.0300 bound.
2026-08-11 19:51:59 | sleep.weights.plasticity       | INFO  | Hard-clipped 26 w_cons parameters to delta_max=0.0300 bound.
2026-08-11 19:52:00 | sleep.weights.plasticity       | INFO  | Hard-clipped 26 w_cons parameters to delta_max=0.0300 bound.
2026-08-11 19:52:00 | sleep.weights.plasticity       | INFO  | Hard-clipped 26 w_cons parameters to delta_max=0.0300 bound.
2026-08-11 19:52:01 | sleep.weights.plasticity       | INFO  | Hard-clipped 26 w_cons parameters to delta_max=0.0300 bound.
2026-08-11 19:52:01 | sleep.weights.plasticity       | INFO  | Hard-clipped 26 w_cons parameters to delta_max=0.0300 bound.
2026-08-11 19:52:02 | sleep.weights.plasticity       | INFO  | Hard-clipped 26 w_cons parameters to delta_max=0.0300 bound.
2026-08-11 19:52:02 | sleep.weights.plasticity       | INFO  | Hard-clipped 26 w_cons parameters to delta_max=0.0300 bound.
2026-08-11 19:52:02 | sleep.weights.plasticity       | INFO  | Hard-clipped 26 w_cons parameters to delta_max=0.0300 bound.
2026-08-11 19:52:03 | sleep.weights.plasticity       | INFO  | Hard-clipped 27 w_cons parameters to delta_max=0.0300 bound.
2026-08-11 19:52:03 | sleep.weights.plasticity       | INFO  | Hard-clipped 27 w_cons parameters to delta_max=0.0300 bound.
2026-08-11 19:52:04 | sleep.weights.plasticity       | INFO  | Hard-clipped 28 w_cons parameters to delta_max=0.0300 bound.
2026-08-11 19:52:04 | sleep.weights.plasticity       | INFO  | Hard-clipped 28 w_cons parameters to delta_max=0.0300 bound.
2026-08-11 19:52:05 | sleep.weights.plasticity       | INFO  | Hard-clipped 29 w_cons parameters to delta_max=0.0300 bound.
2026-08-11 19:52:05 | sleep.weights.plasticity       | INFO  | Hard-clipped 28 w_cons parameters to delta_max=0.0300 bound.
2026-08-11 19:52:06 | sleep.weights.plasticity       | INFO  | Hard-clipped 29 w_cons parameters to delta_max=0.0300 bound.
2026-08-11 19:52:06 | sleep.weights.plasticity       | INFO  | Hard-clipped 31 w_cons parameters to delta_max=0.0300 bound.
2026-08-11 19:52:07 | sleep.weights.plasticity       | INFO  | Hard-clipped 26 w_cons parameters to delta_max=0.0300 bound.
2026-08-11 19:52:07 | sleep.weights.plasticity       | INFO  | Hard-clipped 27 w_cons parameters to delta_max=0.0300 bound.
2026-08-11 19:52:08 | sleep.weights.plasticity       | INFO  | Hard-clipped 25 w_cons parameters to delta_max=0.0300 bound.
2026-08-11 19:52:08 | sleep.weights.plasticity       | INFO  | Hard-clipped 24 w_cons parameters to delta_max=0.0300 bound.
2026-08-11 19:52:09 | sleep.weights.plasticity       | INFO  | Hard-clipped 18 w_cons parameters to delta_max=0.0300 bound.
2026-08-11 19:52:09 | sleep.weights.plasticity       | INFO  | Hard-clipped 22 w_cons parameters to delta_max=0.0300 bound.
2026-08-11 19:52:10 | sleep.weights.plasticity       | INFO  | Hard-clipped 26 w_cons parameters to delta_max=0.0300 bound.
2026-08-11 19:52:10 | sleep.weights.plasticity       | INFO  | Hard-clipped 27 w_cons parameters to delta_max=0.0300 bound.
2026-08-11 19:52:11 | sleep.weights.plasticity       | INFO  | Hard-clipped 28 w_cons parameters to delta_max=0.0300 bound.
2026-08-11 19:52:11 | sleep.weights.plasticity       | INFO  | Hard-clipped 30 w_cons parameters to delta_max=0.0300 bound.
2026-08-11 19:52:12 | sleep.weights.plasticity       | INFO  | Hard-clipped 30 w_cons parameters to delta_max=0.0300 bound.
2026-08-11 19:52:12 | sleep.weights.plasticity       | INFO  | Hard-clipped 31 w_cons parameters to delta_max=0.0300 bound.
2026-08-11 19:52:13 | sleep.weights.plasticity       | INFO  | Hard-clipped 32 w_cons parameters to delta_max=0.0300 bound.
2026-08-11 19:52:13 | sleep.weights.plasticity       | INFO  | Hard-clipped 34 w_cons parameters to delta_max=0.0300 bound.
2026-08-11 19:52:14 | sleep.weights.plasticity       | INFO  | Hard-clipped 33 w_cons parameters to delta_max=0.0300 bound.
2026-08-11 19:52:14 | sleep.weights.plasticity       | INFO  | Hard-clipped 33 w_cons parameters to delta_max=0.0300 bound.
2026-08-11 19:52:15 | sleep.weights.plasticity       | INFO  | Hard-clipped 34 w_cons parameters to delta_max=0.0300 bound.
2026-08-11 19:52:15 | sleep.weights.plasticity       | INFO  | Hard-clipped 34 w_cons parameters to delta_max=0.0300 bound.
2026-08-11 19:52:16 | sleep.weights.plasticity       | INFO  | Hard-clipped 32 w_cons parameters to delta_max=0.0300 bound.
2026-08-11 19:52:16 | sleep.weights.plasticity       | INFO  | Hard-clipped 32 w_cons parameters to delta_max=0.0300 bound.
2026-08-11 19:52:16 | sleep.weights.plasticity       | INFO  | Hard-clipped 32 w_cons parameters to delta_max=0.0300 bound.
2026-08-11 19:52:17 | sleep.weights.plasticity       | INFO  | Hard-clipped 34 w_cons parameters to delta_max=0.0300 bound.
2026-08-11 19:52:17 | sleep.weights.plasticity       | INFO  | Hard-clipped 34 w_cons parameters to delta_max=0.0300 bound.
2026-08-11 19:52:18 | sleep.weights.plasticity       | INFO  | Hard-clipped 34 w_cons parameters to delta_max=0.0300 bound.
2026-08-11 19:52:18 | sleep.weights.plasticity       | INFO  | Hard-clipped 34 w_cons parameters to delta_max=0.0300 bound.
2026-08-11 19:52:19 | sleep.weights.plasticity       | INFO  | Hard-clipped 34 w_cons parameters to delta_max=0.0300 bound.
2026-08-11 19:52:19 | sleep.weights.plasticity       | INFO  | Hard-clipped 34 w_cons parameters to delta_max=0.0300 bound.
2026-08-11 19:52:20 | sleep.weights.plasticity       | INFO  | Hard-clipped 34 w_cons parameters to delta_max=0.0300 bound.
2026-08-11 19:52:20 | sleep.weights.plasticity       | INFO  | Hard-clipped 34 w_cons parameters to delta_max=0.0300 bound.
2026-08-11 19:52:21 | sleep.weights.plasticity       | INFO  | Hard-clipped 34 w_cons parameters to delta_max=0.0300 bound.
2026-08-11 19:52:21 | sleep.weights.plasticity       | INFO  | Hard-clipped 34 w_cons parameters to delta_max=0.0300 bound.
2026-08-11 19:52:22 | sleep.weights.plasticity       | INFO  | Hard-clipped 33 w_cons parameters to delta_max=0.0300 bound.
2026-08-11 19:52:22 | sleep.weights.plasticity       | INFO  | Hard-clipped 29 w_cons parameters to delta_max=0.0300 bound.
2026-08-11 19:52:23 | sleep.weights.plasticity       | INFO  | Hard-clipped 20 w_cons parameters to delta_max=0.0300 bound.
2026-08-11 19:52:23 | sleep.weights.plasticity       | INFO  | Hard-clipped 20 w_cons parameters to delta_max=0.0300 bound.
2026-08-11 19:52:24 | sleep.weights.plasticity       | INFO  | Hard-clipped 21 w_cons parameters to delta_max=0.0300 bound.
2026-08-11 19:52:24 | sleep.weights.plasticity       | INFO  | Hard-clipped 22 w_cons parameters to delta_max=0.0300 bound.
2026-08-11 19:52:25 | sleep.weights.plasticity       | INFO  | Hard-clipped 19 w_cons parameters to delta_max=0.0300 bound.
2026-08-11 19:52:25 | sleep.weights.plasticity       | INFO  | Hard-clipped 20 w_cons parameters to delta_max=0.0300 bound.
2026-08-11 19:52:26 | sleep.weights.plasticity       | INFO  | Hard-clipped 21 w_cons parameters to delta_max=0.0300 bound.
2026-08-11 19:52:26 | sleep.weights.plasticity       | INFO  | Hard-clipped 22 w_cons parameters to delta_max=0.0300 bound.
2026-08-11 19:52:27 | sleep.weights.plasticity       | INFO  | Hard-clipped 26 w_cons parameters to delta_max=0.0300 bound.
2026-08-11 19:52:27 | sleep.weights.plasticity       | INFO  | Hard-clipped 29 w_cons parameters to delta_max=0.0300 bound.
2026-08-11 19:52:28 | sleep.weights.plasticity       | INFO  | Hard-clipped 31 w_cons parameters to delta_max=0.0300 bound.
2026-08-11 19:52:28 | sleep.weights.plasticity       | INFO  | Hard-clipped 33 w_cons parameters to delta_max=0.0300 bound.
2026-08-11 19:52:29 | sleep.weights.plasticity       | INFO  | Hard-clipped 33 w_cons parameters to delta_max=0.0300 bound.
2026-08-11 19:52:29 | sleep.weights.plasticity       | INFO  | Hard-clipped 33 w_cons parameters to delta_max=0.0300 bound.
2026-08-11 19:52:30 | sleep.weights.plasticity       | INFO  | Hard-clipped 33 w_cons parameters to delta_max=0.0300 bound.
2026-08-11 19:52:30 | sleep.weights.plasticity       | INFO  | Hard-clipped 34 w_cons parameters to delta_max=0.0300 bound.
2026-08-11 19:52:31 | sleep.weights.plasticity       | INFO  | Hard-clipped 34 w_cons parameters to delta_max=0.0300 bound.
2026-08-11 19:52:31 | sleep.weights.plasticity       | INFO  | Hard-clipped 34 w_cons parameters to delta_max=0.0300 bound.
2026-08-11 19:52:32 | sleep.weights.plasticity       | INFO  | Hard-clipped 34 w_cons parameters to delta_max=0.0300 bound.
2026-08-11 19:52:32 | sleep.weights.plasticity       | INFO  | Hard-clipped 34 w_cons parameters to delta_max=0.0300 bound.
2026-08-11 19:52:33 | sleep.weights.plasticity       | INFO  | Hard-clipped 34 w_cons parameters to delta_max=0.0300 bound.
2026-08-11 19:52:33 | sleep.weights.plasticity       | INFO  | Hard-clipped 35 w_cons parameters to delta_max=0.0300 bound.
2026-08-11 19:52:34 | sleep.weights.plasticity       | INFO  | Hard-clipped 35 w_cons parameters to delta_max=0.0300 bound.
2026-08-11 19:52:34 | sleep.weights.plasticity       | INFO  | Hard-clipped 35 w_cons parameters to delta_max=0.0300 bound.
2026-08-11 19:52:35 | sleep.weights.plasticity       | INFO  | Hard-clipped 35 w_cons parameters to delta_max=0.0300 bound.
2026-08-11 19:52:35 | sleep.weights.plasticity       | INFO  | Hard-clipped 35 w_cons parameters to delta_max=0.0300 bound.
2026-08-11 19:52:36 | sleep.weights.plasticity       | INFO  | Hard-clipped 35 w_cons parameters to delta_max=0.0300 bound.
2026-08-11 19:52:36 | sleep.weights.plasticity       | INFO  | Hard-clipped 35 w_cons parameters to delta_max=0.0300 bound.
2026-08-11 19:52:37 | sleep.weights.plasticity       | INFO  | Hard-clipped 35 w_cons parameters to delta_max=0.0300 bound.
2026-08-11 19:52:37 | sleep.weights.plasticity       | INFO  | Hard-clipped 35 w_cons parameters to delta_max=0.0300 bound.
2026-08-11 19:52:38 | sleep.weights.plasticity       | INFO  | Hard-clipped 34 w_cons parameters to delta_max=0.0300 bound.
2026-08-11 19:52:38 | sleep.weights.plasticity       | INFO  | Hard-clipped 34 w_cons parameters to delta_max=0.0300 bound.
2026-08-11 19:52:39 | sleep.weights.plasticity       | INFO  | Hard-clipped 34 w_cons parameters to delta_max=0.0300 bound.
2026-08-11 19:52:39 | sleep.weights.plasticity       | INFO  | Hard-clipped 34 w_cons parameters to delta_max=0.0300 bound.
2026-08-11 19:52:40 | sleep.weights.plasticity       | INFO  | Hard-clipped 34 w_cons parameters to delta_max=0.0300 bound.
2026-08-11 19:52:40 | sleep.weights.plasticity       | INFO  | Hard-clipped 35 w_cons parameters to delta_max=0.0300 bound.
2026-08-11 19:52:41 | sleep.weights.plasticity       | INFO  | Hard-clipped 35 w_cons parameters to delta_max=0.0300 bound.
2026-08-11 19:52:41 | sleep.weights.plasticity       | INFO  | Hard-clipped 33 w_cons parameters to delta_max=0.0300 bound.
2026-08-11 19:52:42 | sleep.weights.plasticity       | INFO  | Hard-clipped 31 w_cons parameters to delta_max=0.0300 bound.
2026-08-11 19:52:42 | sleep.weights.plasticity       | INFO  | Hard-clipped 32 w_cons parameters to delta_max=0.0300 bound.
2026-08-11 19:52:43 | sleep.weights.plasticity       | INFO  | Hard-clipped 30 w_cons parameters to delta_max=0.0300 bound.
2026-08-11 19:52:43 | sleep.weights.plasticity       | INFO  | Hard-clipped 28 w_cons parameters to delta_max=0.0300 bound.
2026-08-11 19:52:44 | sleep.weights.plasticity       | INFO  | Hard-clipped 27 w_cons parameters to delta_max=0.0300 bound.
2026-08-11 19:52:44 | sleep.weights.plasticity       | INFO  | Hard-clipped 30 w_cons parameters to delta_max=0.0300 bound.
2026-08-11 19:52:45 | sleep.weights.plasticity       | INFO  | Hard-clipped 27 w_cons parameters to delta_max=0.0300 bound.
2026-08-11 19:52:45 | sleep.weights.plasticity       | INFO  | Hard-clipped 28 w_cons parameters to delta_max=0.0300 bound.
2026-08-11 19:52:46 | sleep.weights.plasticity       | INFO  | Hard-clipped 31 w_cons parameters to delta_max=0.0300 bound.
2026-08-11 19:52:46 | sleep.weights.plasticity       | INFO  | Hard-clipped 26 w_cons parameters to delta_max=0.0300 bound.
2026-08-11 19:52:47 | sleep.weights.plasticity       | INFO  | Hard-clipped 23 w_cons parameters to delta_max=0.0300 bound.
2026-08-11 19:52:47 | sleep.weights.plasticity       | INFO  | Hard-clipped 21 w_cons parameters to delta_max=0.0300 bound.
2026-08-11 19:52:47 | sleep.weights.plasticity       | INFO  | Hard-clipped 14 w_cons parameters to delta_max=0.0300 bound.
2026-08-11 19:52:48 | sleep.weights.plasticity       | INFO  | Hard-clipped 10 w_cons parameters to delta_max=0.0300 bound.
2026-08-11 19:52:48 | sleep.weights.plasticity       | INFO  | Hard-clipped 7 w_cons parameters to delta_max=0.0300 bound.
2026-08-11 19:52:49 | sleep.weights.plasticity       | INFO  | Hard-clipped 6 w_cons parameters to delta_max=0.0300 bound.
2026-08-11 19:52:49 | sleep.weights.plasticity       | INFO  | Hard-clipped 6 w_cons parameters to delta_max=0.0300 bound.
2026-08-11 19:52:49 | sleep.sleep_engine.train       | INFO  |   step 1500/1500 | loss=0.2800 | mean_loss=0.5782 | eta=9 | lr=0.00e+00
2026-08-11 19:52:49 | sleep.sleep_engine.train       | INFO  | Sleep training complete | n_steps=1500 | final_loss=0.2800 | mean_loss=0.5782
2026-08-11 19:52:49 | sleep.metrics                  | INFO  | summary | {'sleep_train/final_loss': 0.2800193727016449, 'sleep_train/mean_loss': 0.578206009209156, 'sleep_train/n_steps': 1500}
2026-08-11 19:52:49 | sleep.sleep_engine             | INFO  | Phase 3 complete: 1500 steps, final_loss=0.2800, mean_loss=0.5782
2026-08-11 19:52:49 | sleep.sleep_engine             | INFO  | Phase 4/5: PPL CHECK (skipped — no benchmark data)
2026-08-11 19:52:49 | sleep.sleep_engine             | INFO  | Phase 5/5: VALIDATE & CLEANUP
2026-08-11 19:52:50 | sleep.weights.plasticity       | INFO  | Saved checkpoint for adapter 'w_cons': 44 parameters.
2026-08-11 19:52:50 | sleep.weights.plasticity       | INFO  | Restored 44 parameters for adapter 'w_cons' from checkpoint.
2026-08-11 19:52:51 | sleep.weights.plasticity       | INFO  | Restored 44 parameters for adapter 'w_cons' from checkpoint.
[transformers] The attention mask is not set and cannot be inferred from input because pad token is same as eos token. As a consequence, you may observe unexpected behavior. Please pass your input's `attention_mask` to obtain reliable results.
2026-08-11 19:53:54 | sleep.sleep_engine             | INFO  | Two-stage validation: 45/45 passed surprise, 28 also passed the mini-recall gate (self-grading gap = 17)
2026-08-11 19:53:54 | sleep.sleep_engine.cleanup     | INFO  | Cleanup complete | passed=28 | failed=17 | permanently_removed=0
2026-08-11 19:53:54 | sleep.sleep_engine             | INFO  | Phase 5 complete: consolidated=28, failed=17, permanently_removed=0
2026-08-11 19:53:54 | sleep.metrics                  | INFO  | summary | {'sleep_engine/n_candidates': 45, 'sleep_engine/n_replays_generated': 1038, 'sleep_engine/n_replays_accepted': 1038, 'sleep_engine/n_consolidated': 28, 'sleep_engine/n_failed': 17, 'sleep_engine/n_permanently_removed': 0, 'sleep_engine/rolled_back': False}
2026-08-11 19:53:54 | sleep.weights.kv_memory        | INFO  | bank cleared: freed 127 tags / 4914 tokens
2026-08-11 19:53:54 | sleep.sleep_engine             | INFO  | KV bank cleared (127 entries removed)
2026-08-11 19:53:54 | sleep.sleep_engine             | INFO  | KV memory injection: ENABLED
2026-08-11 19:53:54 | sleep.sleep_engine             | INFO  | === Sleep cycle END ===
2026-08-11 19:54:02 | sleep.evaluation.recall_formats | INFO  | MC recall: accuracy=0.2300, mean_correct_prob=0.2391 across 200 facts
2026-08-11 19:56:26 | sleep.evaluation.recall_formats | INFO  | Cloze recall: accuracy=0.2200 across 200 facts
2026-08-11 20:02:12 | sleep.evaluation.recall_formats | INFO  | Free-form recall (greedy): mean_score=0.1500, accuracy=0.2850 across 200 facts
2026-08-11 20:02:12 | sleep.evaluation.preservation  | INFO  | Perplexity evaluation: PPL=17.8038 (mean_loss=2.8794, 31 tokens)
2026-08-11 20:02:12 | sleep.evaluation.preservation  | INFO  | BCP: 1.9517 (current_ppl=17.8038, original_ppl=9.1220)
2026-08-11 20:03:29 | sleep.evaluation.recall_formats | INFO  | Free-form recall (greedy): mean_score=0.4296, accuracy=0.6667 across 45 facts
2026-08-11 20:03:29 | sleep.experiment.common        | INFO  | Wrote results to /workspace/results/d2_llama_s3.json

================================================================
FULL PIPELINE v2 — recipe=paraphrase_ce seed=3
================================================================
  tags=135  PRP=45  consolidated=28  recall-gate=28
  DRA (greedy):   0.1500  (trained subset: 0.4296 over 45)
  cloze:          0.2200
  MC:             0.2300
  BCP:            1.9517
  rolled_back:    False
  Results: /workspace/results/d2_llama_s3.json
2026-08-11 20:03:29 | sleep.weights.kv_injection     | INFO  | KVInjector uninstalled from 10 layers
