2026-08-11 20:03:34 | sleep.utils.seed               | INFO  | Seeded all RNGs with seed=4 (deterministic_algorithms=False)
2026-08-11 20:03:34 | sleep.experiment.13            | INFO  | ======================================================================
2026-08-11 20:03:34 | sleep.experiment.13            | INFO  | EXPERIMENT 13: Full pipeline v2 | recipe=paraphrase_ce | seed=4
2026-08-11 20:03:34 | sleep.experiment.13            | INFO  | ======================================================================
2026-08-11 20:03:34 | sleep.experiment.13            | INFO  | Safety overrides: {'delta_max': (0.01, 0.03)}
Loading weights:   0%|          | 0/291 [00:00<?, ?it/s]Loading weights: 100%|██████████| 291/291 [00:00<00:00, 6409.20it/s]
2026-08-11 20:03:40 | sleep.experiment.common        | INFO  | Loaded /workspace/models/llama-3.1-8b | dtype=bfloat16 | attn=eager | device=cuda | layers=32
2026-08-11 20:03:40 | sleep.experiment.13            | INFO  | Loaded 200 facts (paraphrased: True)
2026-08-11 20:03:40 | sleep.weights.lora             | INFO  | LoRA target modules for llama: ['up_proj', 'down_proj']
2026-08-11 20:03:40 | sleep.weights.lora             | INFO  | LoRA config: rank=16, alpha=32, selection=middle, layers=[10, 11, 12, 13, 14, 15, 16, 17, 18, 19, 20] (of 32 total), targets=['up_proj', 'down_proj']
2026-08-11 20:03:41 | sleep.weights.lora             | INFO  | Created LoRA adapter 'w_fast': 6488064 trainable parameters (0.0807% of base model)
2026-08-11 20:03:41 | sleep.weights.lora             | INFO  | LoRA target modules for llama: ['up_proj', 'down_proj']
2026-08-11 20:03:41 | sleep.weights.lora             | INFO  | LoRA config: rank=16, alpha=32, selection=middle, layers=[10, 11, 12, 13, 14, 15, 16, 17, 18, 19, 20] (of 32 total), targets=['up_proj', 'down_proj']
2026-08-11 20:03:42 | sleep.weights.lora             | INFO  | Dual adapters ready: w_fast=6488064 params, w_cons=6488064 params
/usr/local/lib/python3.11/dist-packages/peft/tuners/tuners_utils.py:2193: UserWarning: Adapter cannot be set when the model is merged. Unmerging the model first.
  warnings.warn("Adapter cannot be set when the model is merged. Unmerging the model first.")
2026-08-11 20:03:42 | sleep.weights.fast_update      | INFO  | FastWeightUpdater initialized: 44 parameter groups, alpha_base=1.00e-04, momentum=0.90
2026-08-11 20:03:42 | sleep.weights.plasticity       | INFO  | Adapted layers: [10, 11, 12, 13, 14, 15, 16, 17, 18, 19, 20] (middle 33% of 32 layers)
2026-08-11 20:03:42 | sleep.weights.plasticity       | INFO  | Injection layers: [22, 23, 24, 25, 26, 27, 28, 29, 30, 31] (top 33% of 32 layers)
2026-08-11 20:03:42 | sleep.weights.plasticity       | INFO  | Computed Frobenius norms for 224 base model weight matrices.
2026-08-11 20:03:42 | sleep.weights.kv_injection     | INFO  | KVInjector installed on 10 layers: [22, 23, 24, 25, 26, 27, 28, 29, 30, 31]
2026-08-11 20:03:42 | sleep.weights                  | INFO  | KV memory mode enabled | adapted_layers=[10, 11, 12, 13, 14, 15, 16, 17, 18, 19, 20] | num_kv_heads=8 | head_dim=128 | max_total_tokens=20000 | top_k=64 | device=cuda:0 | dtype=torch.bfloat16
2026-08-11 20:03:42 | sleep.weights                  | INFO  | DualWeightSystem initialized | W_fast: 6,488,064 params | W_cons: 6,488,064 params | Adapted layers: [10, 11, 12, 13, 14, 15, 16, 17, 18, 19, 20] | Plasticity: 0.188–0.452 | KV bank installed
2026-08-11 20:03:42 | sleep.experiment.13            | INFO  | Adapter layers: [10, 11, 12, 13, 14, 15, 16, 17, 18, 19, 20] | injection layers: [22, 23, 24, 25, 26, 27, 28, 29, 30, 31]
/usr/local/lib/python3.11/dist-packages/peft/tuners/lora/layer.py:983: UserWarning: Already unmerged. Nothing to do.
  warnings.warn("Already unmerged. Nothing to do.")
2026-08-11 20:03:43 | sleep.evaluation.preservation  | INFO  | Perplexity evaluation: PPL=9.1220 (mean_loss=2.2107, 31 tokens)
2026-08-11 20:03:43 | sleep.experiment.13            | INFO  | WAKE: feeding 200 facts
2026-08-11 20:03:43 | sleep.tagging                  | INFO  | step=1 | 2 tags created from 2 spans | buffer: 2/40216 (0.0%)
2026-08-11 20:03:43 | sleep.tagging                  | INFO  | step=2 | 1 tags created from 1 spans | buffer: 3/40216 (0.0%)
2026-08-11 20:03:43 | sleep.tagging                  | INFO  | step=3 | 2 tags created from 2 spans | buffer: 5/40216 (0.0%)
2026-08-11 20:03:43 | sleep.tagging                  | INFO  | step=4 | 1 tags created from 1 spans | buffer: 6/40216 (0.0%)
2026-08-11 20:03:43 | sleep.tagging                  | INFO  | step=7 | 1 tags created from 1 spans | buffer: 7/40216 (0.0%)
2026-08-11 20:03:43 | sleep.tagging                  | INFO  | step=8 | 1 tags created from 1 spans | buffer: 8/40216 (0.0%)
2026-08-11 20:03:44 | sleep.tagging                  | INFO  | step=11 | 1 tags created from 1 spans | buffer: 9/40216 (0.0%)
2026-08-11 20:03:44 | sleep.tagging                  | INFO  | step=12 | 1 tags created from 1 spans | buffer: 10/40216 (0.0%)
2026-08-11 20:03:44 | sleep.tagging                  | INFO  | step=13 | 1 tags created from 1 spans | buffer: 11/40216 (0.0%)
2026-08-11 20:03:44 | sleep.tagging                  | INFO  | step=14 | 1 tags created from 1 spans | buffer: 12/40216 (0.0%)
2026-08-11 20:03:44 | sleep.tagging                  | INFO  | step=17 | 1 tags created from 1 spans | buffer: 13/40216 (0.0%)
2026-08-11 20:03:44 | sleep.tagging                  | INFO  | step=18 | 1 tags created from 1 spans | buffer: 14/40216 (0.0%)
2026-08-11 20:03:45 | sleep.tagging                  | INFO  | step=21 | 1 tags created from 1 spans | buffer: 15/40216 (0.0%)
2026-08-11 20:03:45 | sleep.tagging                  | INFO  | step=22 | 1 tags created from 1 spans | buffer: 16/40216 (0.0%)
2026-08-11 20:03:45 | sleep.tagging                  | INFO  | step=23 | 1 tags created from 1 spans | buffer: 17/40216 (0.0%)
2026-08-11 20:03:45 | sleep.tagging                  | INFO  | step=24 | 1 tags created from 1 spans | buffer: 18/40216 (0.0%)
2026-08-11 20:03:45 | sleep.tagging                  | INFO  | step=26 | 1 tags created from 1 spans | buffer: 19/40216 (0.0%)
2026-08-11 20:03:45 | sleep.tagging                  | INFO  | step=31 | 1 tags created from 1 spans | buffer: 20/40216 (0.0%)
2026-08-11 20:03:46 | sleep.tagging                  | INFO  | step=32 | 1 tags created from 1 spans | buffer: 21/40216 (0.1%)
2026-08-11 20:03:46 | sleep.tagging                  | INFO  | step=33 | 1 tags created from 1 spans | buffer: 22/40216 (0.1%)
2026-08-11 20:03:46 | sleep.tagging                  | INFO  | step=35 | 1 tags created from 1 spans | buffer: 23/40216 (0.1%)
2026-08-11 20:03:46 | sleep.tagging                  | INFO  | step=36 | 1 tags created from 1 spans | buffer: 24/40216 (0.1%)
2026-08-11 20:03:46 | sleep.tagging                  | INFO  | step=37 | 1 tags created from 1 spans | buffer: 25/40216 (0.1%)
2026-08-11 20:03:46 | sleep.tagging                  | INFO  | step=38 | 1 tags created from 1 spans | buffer: 26/40216 (0.1%)
2026-08-11 20:03:46 | sleep.tagging                  | INFO  | step=39 | 1 tags created from 1 spans | buffer: 27/40216 (0.1%)
2026-08-11 20:03:46 | sleep.tagging                  | INFO  | step=41 | 1 tags created from 1 spans | buffer: 28/40216 (0.1%)
2026-08-11 20:03:46 | sleep.tagging                  | INFO  | step=42 | 1 tags created from 1 spans | buffer: 29/40216 (0.1%)
2026-08-11 20:03:47 | sleep.tagging                  | INFO  | step=44 | 1 tags created from 1 spans | buffer: 30/40216 (0.1%)
2026-08-11 20:03:47 | sleep.tagging                  | INFO  | step=45 | 1 tags created from 1 spans | buffer: 31/40216 (0.1%)
2026-08-11 20:03:47 | sleep.tagging                  | INFO  | step=46 | 1 tags created from 1 spans | buffer: 32/40216 (0.1%)
2026-08-11 20:03:47 | sleep.tagging                  | INFO  | step=47 | 1 tags created from 1 spans | buffer: 33/40216 (0.1%)
2026-08-11 20:03:47 | sleep.tagging                  | INFO  | step=49 | 1 tags created from 1 spans | buffer: 34/40216 (0.1%)
2026-08-11 20:03:47 | sleep.tagging                  | INFO  | step=51 | 2 tags created from 2 spans | buffer: 36/40216 (0.1%)
2026-08-11 20:03:47 | sleep.tagging                  | INFO  | step=52 | 1 tags created from 1 spans | buffer: 37/40216 (0.1%)
2026-08-11 20:03:48 | sleep.tagging                  | INFO  | step=53 | 1 tags created from 1 spans | buffer: 38/40216 (0.1%)
2026-08-11 20:03:48 | sleep.tagging                  | INFO  | step=54 | 1 tags created from 1 spans | buffer: 39/40216 (0.1%)
2026-08-11 20:03:48 | sleep.tagging                  | INFO  | step=56 | 1 tags created from 1 spans | buffer: 40/40216 (0.1%)
2026-08-11 20:03:48 | sleep.tagging                  | INFO  | step=57 | 1 tags created from 1 spans | buffer: 41/40216 (0.1%)
2026-08-11 20:03:48 | sleep.tagging                  | INFO  | step=58 | 1 tags created from 1 spans | buffer: 42/40216 (0.1%)
2026-08-11 20:03:48 | sleep.tagging                  | INFO  | step=61 | 1 tags created from 1 spans | buffer: 43/40216 (0.1%)
2026-08-11 20:03:48 | sleep.tagging                  | INFO  | step=62 | 1 tags created from 1 spans | buffer: 44/40216 (0.1%)
2026-08-11 20:03:48 | sleep.tagging                  | INFO  | step=63 | 1 tags created from 1 spans | buffer: 45/40216 (0.1%)
2026-08-11 20:03:49 | sleep.tagging                  | INFO  | step=64 | 1 tags created from 1 spans | buffer: 46/40216 (0.1%)
2026-08-11 20:03:49 | sleep.tagging                  | INFO  | step=66 | 1 tags created from 1 spans | buffer: 47/40216 (0.1%)
2026-08-11 20:03:49 | sleep.tagging                  | INFO  | step=67 | 2 tags created from 2 spans | buffer: 49/40216 (0.1%)
2026-08-11 20:03:49 | sleep.tagging                  | INFO  | step=68 | 1 tags created from 1 spans | buffer: 50/40216 (0.1%)
2026-08-11 20:03:49 | sleep.tagging                  | INFO  | step=69 | 1 tags created from 1 spans | buffer: 51/40216 (0.1%)
2026-08-11 20:03:49 | sleep.tagging                  | INFO  | step=71 | 1 tags created from 1 spans | buffer: 52/40216 (0.1%)
2026-08-11 20:03:49 | sleep.tagging                  | INFO  | step=73 | 1 tags created from 1 spans | buffer: 53/40216 (0.1%)
2026-08-11 20:03:50 | sleep.tagging                  | INFO  | step=74 | 1 tags created from 1 spans | buffer: 54/40216 (0.1%)
2026-08-11 20:03:50 | sleep.tagging                  | INFO  | step=75 | 1 tags created from 1 spans | buffer: 55/40216 (0.1%)
2026-08-11 20:03:50 | sleep.tagging                  | INFO  | step=76 | 1 tags created from 1 spans | buffer: 56/40216 (0.1%)
2026-08-11 20:03:50 | sleep.tagging                  | INFO  | step=77 | 1 tags created from 1 spans | buffer: 57/40216 (0.1%)
2026-08-11 20:03:50 | sleep.tagging                  | INFO  | step=81 | 1 tags created from 1 spans | buffer: 58/40216 (0.1%)
2026-08-11 20:03:50 | sleep.tagging                  | INFO  | step=82 | 1 tags created from 1 spans | buffer: 59/40216 (0.1%)
2026-08-11 20:03:50 | sleep.tagging                  | INFO  | step=83 | 1 tags created from 1 spans | buffer: 60/40216 (0.1%)
2026-08-11 20:03:51 | sleep.tagging                  | INFO  | step=86 | 1 tags created from 1 spans | buffer: 61/40216 (0.2%)
2026-08-11 20:03:51 | sleep.tagging                  | INFO  | step=87 | 1 tags created from 1 spans | buffer: 62/40216 (0.2%)
2026-08-11 20:03:51 | sleep.tagging                  | INFO  | step=89 | 1 tags created from 1 spans | buffer: 63/40216 (0.2%)
2026-08-11 20:03:51 | sleep.tagging                  | INFO  | step=91 | 1 tags created from 1 spans | buffer: 64/40216 (0.2%)
2026-08-11 20:03:51 | sleep.tagging                  | INFO  | step=93 | 1 tags created from 1 spans | buffer: 65/40216 (0.2%)
2026-08-11 20:03:51 | sleep.tagging                  | INFO  | step=94 | 1 tags created from 1 spans | buffer: 66/40216 (0.2%)
2026-08-11 20:03:51 | sleep.tagging                  | INFO  | step=97 | 2 tags created from 2 spans | buffer: 68/40216 (0.2%)
2026-08-11 20:03:52 | sleep.tagging                  | INFO  | step=101 | 1 tags created from 1 spans | buffer: 69/40216 (0.2%)
2026-08-11 20:03:52 | sleep.tagging                  | INFO  | step=102 | 1 tags created from 1 spans | buffer: 70/40216 (0.2%)
2026-08-11 20:03:52 | sleep.tagging                  | INFO  | step=103 | 1 tags created from 1 spans | buffer: 71/40216 (0.2%)
2026-08-11 20:03:52 | sleep.tagging                  | INFO  | step=104 | 1 tags created from 1 spans | buffer: 72/40216 (0.2%)
2026-08-11 20:03:52 | sleep.tagging                  | INFO  | step=105 | 1 tags created from 1 spans | buffer: 73/40216 (0.2%)
2026-08-11 20:03:52 | sleep.tagging                  | INFO  | step=106 | 1 tags created from 1 spans | buffer: 74/40216 (0.2%)
2026-08-11 20:03:53 | sleep.tagging                  | INFO  | step=111 | 1 tags created from 1 spans | buffer: 75/40216 (0.2%)
2026-08-11 20:03:53 | sleep.tagging                  | INFO  | step=113 | 1 tags created from 1 spans | buffer: 76/40216 (0.2%)
2026-08-11 20:03:53 | sleep.tagging                  | INFO  | step=114 | 1 tags created from 1 spans | buffer: 77/40216 (0.2%)
2026-08-11 20:03:53 | sleep.tagging                  | INFO  | step=115 | 1 tags created from 1 spans | buffer: 78/40216 (0.2%)
2026-08-11 20:03:53 | sleep.tagging                  | INFO  | step=116 | 1 tags created from 1 spans | buffer: 79/40216 (0.2%)
2026-08-11 20:03:53 | sleep.tagging                  | INFO  | step=117 | 1 tags created from 1 spans | buffer: 80/40216 (0.2%)
2026-08-11 20:03:53 | sleep.tagging                  | INFO  | step=121 | 1 tags created from 1 spans | buffer: 81/40216 (0.2%)
2026-08-11 20:03:53 | sleep.tagging                  | INFO  | step=122 | 1 tags created from 1 spans | buffer: 82/40216 (0.2%)
2026-08-11 20:03:54 | sleep.tagging                  | INFO  | step=123 | 1 tags created from 1 spans | buffer: 83/40216 (0.2%)
2026-08-11 20:03:54 | sleep.tagging                  | INFO  | step=124 | 1 tags created from 1 spans | buffer: 84/40216 (0.2%)
2026-08-11 20:03:54 | sleep.tagging                  | INFO  | step=125 | 1 tags created from 1 spans | buffer: 85/40216 (0.2%)
2026-08-11 20:03:54 | sleep.tagging                  | INFO  | step=127 | 1 tags created from 1 spans | buffer: 86/40216 (0.2%)
2026-08-11 20:03:54 | sleep.tagging                  | INFO  | step=128 | 1 tags created from 1 spans | buffer: 87/40216 (0.2%)
2026-08-11 20:03:54 | sleep.tagging                  | INFO  | step=129 | 1 tags created from 1 spans | buffer: 88/40216 (0.2%)
2026-08-11 20:03:54 | sleep.tagging                  | INFO  | step=132 | 1 tags created from 1 spans | buffer: 89/40216 (0.2%)
2026-08-11 20:03:55 | sleep.tagging                  | INFO  | step=133 | 1 tags created from 1 spans | buffer: 90/40216 (0.2%)
2026-08-11 20:03:55 | sleep.tagging                  | INFO  | step=134 | 1 tags created from 1 spans | buffer: 91/40216 (0.2%)
2026-08-11 20:03:55 | sleep.tagging                  | INFO  | step=135 | 1 tags created from 1 spans | buffer: 92/40216 (0.2%)
2026-08-11 20:03:55 | sleep.tagging                  | INFO  | step=136 | 1 tags created from 1 spans | buffer: 93/40216 (0.2%)
2026-08-11 20:03:55 | sleep.tagging                  | INFO  | step=138 | 1 tags created from 1 spans | buffer: 94/40216 (0.2%)
2026-08-11 20:03:55 | sleep.tagging                  | INFO  | step=139 | 1 tags created from 1 spans | buffer: 95/40216 (0.2%)
2026-08-11 20:03:55 | sleep.tagging                  | INFO  | step=141 | 1 tags created from 1 spans | buffer: 96/40216 (0.2%)
2026-08-11 20:03:55 | sleep.tagging                  | INFO  | step=142 | 1 tags created from 1 spans | buffer: 97/40216 (0.2%)
2026-08-11 20:03:55 | sleep.tagging                  | INFO  | step=144 | 1 tags created from 1 spans | buffer: 98/40216 (0.2%)
2026-08-11 20:03:56 | sleep.tagging                  | INFO  | step=148 | 1 tags created from 1 spans | buffer: 99/40216 (0.2%)
2026-08-11 20:03:56 | sleep.tagging                  | INFO  | step=149 | 1 tags created from 1 spans | buffer: 100/40216 (0.2%)
2026-08-11 20:03:56 | sleep.tagging                  | INFO  | step=151 | 1 tags created from 1 spans | buffer: 101/40216 (0.3%)
2026-08-11 20:03:56 | sleep.tagging                  | INFO  | step=152 | 2 tags created from 2 spans | buffer: 103/40216 (0.3%)
2026-08-11 20:03:56 | sleep.tagging                  | INFO  | step=153 | 1 tags created from 1 spans | buffer: 104/40216 (0.3%)
2026-08-11 20:03:56 | sleep.tagging                  | INFO  | step=154 | 1 tags created from 1 spans | buffer: 105/40216 (0.3%)
2026-08-11 20:03:56 | sleep.tagging                  | INFO  | step=155 | 1 tags created from 1 spans | buffer: 106/40216 (0.3%)
2026-08-11 20:03:57 | sleep.tagging                  | INFO  | step=156 | 1 tags created from 1 spans | buffer: 107/40216 (0.3%)
2026-08-11 20:03:57 | sleep.tagging                  | INFO  | step=158 | 1 tags created from 1 spans | buffer: 108/40216 (0.3%)
2026-08-11 20:03:57 | sleep.tagging                  | INFO  | step=161 | 1 tags created from 1 spans | buffer: 109/40216 (0.3%)
2026-08-11 20:03:57 | sleep.tagging                  | INFO  | step=162 | 1 tags created from 1 spans | buffer: 110/40216 (0.3%)
2026-08-11 20:03:57 | sleep.tagging                  | INFO  | step=163 | 1 tags created from 1 spans | buffer: 111/40216 (0.3%)
2026-08-11 20:03:57 | sleep.tagging                  | INFO  | step=164 | 1 tags created from 1 spans | buffer: 112/40216 (0.3%)
2026-08-11 20:03:57 | sleep.tagging                  | INFO  | step=166 | 1 tags created from 1 spans | buffer: 113/40216 (0.3%)
2026-08-11 20:03:57 | sleep.tagging                  | INFO  | step=167 | 1 tags created from 1 spans | buffer: 114/40216 (0.3%)
2026-08-11 20:03:58 | sleep.tagging                  | INFO  | step=168 | 1 tags created from 1 spans | buffer: 115/40216 (0.3%)
2026-08-11 20:03:58 | sleep.tagging                  | INFO  | step=173 | 1 tags created from 1 spans | buffer: 116/40216 (0.3%)
2026-08-11 20:03:58 | sleep.tagging                  | INFO  | step=174 | 1 tags created from 1 spans | buffer: 117/40216 (0.3%)
2026-08-11 20:03:58 | sleep.tagging                  | INFO  | step=175 | 1 tags created from 1 spans | buffer: 118/40216 (0.3%)
2026-08-11 20:03:58 | sleep.tagging                  | INFO  | step=176 | 1 tags created from 1 spans | buffer: 119/40216 (0.3%)
2026-08-11 20:03:58 | sleep.tagging                  | INFO  | step=177 | 2 tags created from 2 spans | buffer: 121/40216 (0.3%)
2026-08-11 20:03:58 | sleep.tagging                  | INFO  | step=179 | 1 tags created from 1 spans | buffer: 122/40216 (0.3%)
2026-08-11 20:03:59 | sleep.tagging                  | INFO  | step=181 | 1 tags created from 1 spans | buffer: 123/40216 (0.3%)
2026-08-11 20:03:59 | sleep.tagging                  | INFO  | step=182 | 1 tags created from 1 spans | buffer: 124/40216 (0.3%)
2026-08-11 20:03:59 | sleep.tagging                  | INFO  | step=183 | 1 tags created from 1 spans | buffer: 125/40216 (0.3%)
2026-08-11 20:03:59 | sleep.tagging                  | INFO  | step=184 | 1 tags created from 1 spans | buffer: 126/40216 (0.3%)
2026-08-11 20:03:59 | sleep.tagging                  | INFO  | step=186 | 1 tags created from 1 spans | buffer: 127/40216 (0.3%)
2026-08-11 20:03:59 | sleep.tagging                  | INFO  | step=187 | 1 tags created from 1 spans | buffer: 128/40216 (0.3%)
2026-08-11 20:04:00 | sleep.tagging                  | INFO  | step=191 | 1 tags created from 1 spans | buffer: 129/40216 (0.3%)
2026-08-11 20:04:00 | sleep.tagging                  | INFO  | step=192 | 1 tags created from 1 spans | buffer: 130/40216 (0.3%)
2026-08-11 20:04:00 | sleep.tagging                  | INFO  | step=193 | 1 tags created from 1 spans | buffer: 131/40216 (0.3%)
2026-08-11 20:04:00 | sleep.tagging                  | INFO  | step=194 | 1 tags created from 1 spans | buffer: 132/40216 (0.3%)
2026-08-11 20:04:00 | sleep.tagging                  | INFO  | step=196 | 1 tags created from 1 spans | buffer: 133/40216 (0.3%)
2026-08-11 20:04:00 | sleep.tagging                  | INFO  | step=197 | 2 tags created from 2 spans | buffer: 135/40216 (0.3%)
2026-08-11 20:04:00 | sleep.experiment.13            | INFO  | WAKE done: 135 tags, 127 episodes in bank
2026-08-11 20:04:00 | sleep.prp                      | INFO  | step=200 | PRP update: 40/4021 allocated (1%) | +40 -0 | threshold=0.313 | mean_score=0.282
2026-08-11 20:04:00 | sleep.experiment.13            | INFO  | PRP: 40/135 allocated
2026-08-11 20:04:00 | sleep.sleep_engine             | INFO  | === Sleep cycle START | 40 candidates ===
2026-08-11 20:04:00 | sleep.sleep_engine             | INFO  | Phase 1/5: GENERATE (strategy=paraphrase)
2026-08-11 20:04:00 | sleep.sleep_engine             | INFO  | KV memory injection: DISABLED
2026-08-11 20:04:01 | sleep.sleep_engine             | INFO  | Phase 1 (paraphrase strategy): 928 wordings from 40 unique sources (40 candidates)
[transformers] Ignoring clean_up_tokenization_spaces=True for BPE tokenizer TokenizersBackend. The clean_up_tokenization post-processing step is designed for WordPiece tokenizers and is destructive for BPE (it strips spaces before punctuation). Set clean_up_tokenization_spaces=False to suppress this warning, or set clean_up_tokenization_spaces_for_bpe_even_though_it_will_corrupt_output=True to force cleanup anyway.
2026-08-11 20:04:01 | sleep.sleep_engine             | INFO  | Phase 1 complete: 928/40 replays generated
2026-08-11 20:04:01 | sleep.sleep_engine             | INFO  | Phase 2/5: QUALITY CHECK
2026-08-11 20:04:01 | sleep.sleep_engine             | INFO  | Phase 2 complete: 928/928 replays accepted
2026-08-11 20:04:01 | sleep.sleep_engine             | INFO  | Phase 3/5: TRAIN (928 accepted replays)
2026-08-11 20:04:01 | sleep.sleep_engine             | INFO  | KV memory injection: DISABLED
2026-08-11 20:04:01 | sleep.weights.plasticity       | INFO  | Saved checkpoint for adapter 'w_cons': 44 parameters.
2026-08-11 20:04:01 | sleep.weights.plasticity       | INFO  | Saved checkpoint for adapter 'w_cons': 44 parameters.
2026-08-11 20:04:01 | sleep.sleep_engine.train       | INFO  | Starting sleep training | n_steps=1500 | n_replay=928 | lr=1.00e-04 | device=cuda
2026-08-11 20:04:29 | sleep.weights.plasticity       | INFO  | Hard-clipped 1 w_cons parameters to delta_max=0.0300 bound.
2026-08-11 20:04:29 | sleep.weights.plasticity       | INFO  | Hard-clipped 1 w_cons parameters to delta_max=0.0300 bound.
2026-08-11 20:04:30 | sleep.weights.plasticity       | INFO  | Hard-clipped 2 w_cons parameters to delta_max=0.0300 bound.
2026-08-11 20:04:30 | sleep.weights.plasticity       | INFO  | Hard-clipped 2 w_cons parameters to delta_max=0.0300 bound.
2026-08-11 20:04:31 | sleep.weights.plasticity       | INFO  | Hard-clipped 2 w_cons parameters to delta_max=0.0300 bound.
2026-08-11 20:04:31 | sleep.weights.plasticity       | INFO  | Hard-clipped 3 w_cons parameters to delta_max=0.0300 bound.
2026-08-11 20:04:31 | sleep.weights.plasticity       | INFO  | Hard-clipped 3 w_cons parameters to delta_max=0.0300 bound.
2026-08-11 20:04:32 | sleep.weights.plasticity       | INFO  | Hard-clipped 3 w_cons parameters to delta_max=0.0300 bound.
2026-08-11 20:04:32 | sleep.weights.plasticity       | INFO  | Hard-clipped 4 w_cons parameters to delta_max=0.0300 bound.
2026-08-11 20:04:33 | sleep.weights.plasticity       | INFO  | Hard-clipped 4 w_cons parameters to delta_max=0.0300 bound.
2026-08-11 20:04:33 | sleep.weights.plasticity       | INFO  | Hard-clipped 4 w_cons parameters to delta_max=0.0300 bound.
2026-08-11 20:04:34 | sleep.weights.plasticity       | INFO  | Hard-clipped 4 w_cons parameters to delta_max=0.0300 bound.
2026-08-11 20:04:34 | sleep.weights.plasticity       | INFO  | Hard-clipped 4 w_cons parameters to delta_max=0.0300 bound.
2026-08-11 20:04:35 | sleep.weights.plasticity       | INFO  | Hard-clipped 4 w_cons parameters to delta_max=0.0300 bound.
2026-08-11 20:04:35 | sleep.weights.plasticity       | INFO  | Hard-clipped 4 w_cons parameters to delta_max=0.0300 bound.
2026-08-11 20:04:36 | sleep.weights.plasticity       | INFO  | Hard-clipped 4 w_cons parameters to delta_max=0.0300 bound.
2026-08-11 20:04:36 | sleep.weights.plasticity       | INFO  | Hard-clipped 5 w_cons parameters to delta_max=0.0300 bound.
2026-08-11 20:04:37 | sleep.weights.plasticity       | INFO  | Hard-clipped 5 w_cons parameters to delta_max=0.0300 bound.
2026-08-11 20:04:37 | sleep.weights.plasticity       | INFO  | Hard-clipped 5 w_cons parameters to delta_max=0.0300 bound.
2026-08-11 20:04:38 | sleep.weights.plasticity       | INFO  | Hard-clipped 5 w_cons parameters to delta_max=0.0300 bound.
2026-08-11 20:04:38 | sleep.weights.plasticity       | INFO  | Hard-clipped 5 w_cons parameters to delta_max=0.0300 bound.
2026-08-11 20:04:39 | sleep.weights.plasticity       | INFO  | Hard-clipped 6 w_cons parameters to delta_max=0.0300 bound.
2026-08-11 20:04:39 | sleep.weights.plasticity       | INFO  | Hard-clipped 6 w_cons parameters to delta_max=0.0300 bound.
2026-08-11 20:04:40 | sleep.weights.plasticity       | INFO  | Hard-clipped 6 w_cons parameters to delta_max=0.0300 bound.
2026-08-11 20:04:40 | sleep.weights.plasticity       | INFO  | Hard-clipped 7 w_cons parameters to delta_max=0.0300 bound.
2026-08-11 20:04:41 | sleep.weights.plasticity       | INFO  | Hard-clipped 7 w_cons parameters to delta_max=0.0300 bound.
2026-08-11 20:04:41 | sleep.weights.plasticity       | INFO  | Hard-clipped 7 w_cons parameters to delta_max=0.0300 bound.
2026-08-11 20:04:42 | sleep.weights.plasticity       | INFO  | Hard-clipped 7 w_cons parameters to delta_max=0.0300 bound.
2026-08-11 20:04:42 | sleep.weights.plasticity       | INFO  | Hard-clipped 7 w_cons parameters to delta_max=0.0300 bound.
2026-08-11 20:04:43 | sleep.weights.plasticity       | INFO  | Hard-clipped 7 w_cons parameters to delta_max=0.0300 bound.
2026-08-11 20:04:43 | sleep.weights.plasticity       | INFO  | Hard-clipped 8 w_cons parameters to delta_max=0.0300 bound.
2026-08-11 20:04:44 | sleep.weights.plasticity       | INFO  | Hard-clipped 8 w_cons parameters to delta_max=0.0300 bound.
2026-08-11 20:04:44 | sleep.weights.plasticity       | INFO  | Hard-clipped 8 w_cons parameters to delta_max=0.0300 bound.
2026-08-11 20:04:45 | sleep.weights.plasticity       | INFO  | Hard-clipped 8 w_cons parameters to delta_max=0.0300 bound.
2026-08-11 20:04:45 | sleep.weights.plasticity       | INFO  | Hard-clipped 8 w_cons parameters to delta_max=0.0300 bound.
2026-08-11 20:04:46 | sleep.weights.plasticity       | INFO  | Hard-clipped 8 w_cons parameters to delta_max=0.0300 bound.
2026-08-11 20:04:46 | sleep.weights.plasticity       | INFO  | Hard-clipped 8 w_cons parameters to delta_max=0.0300 bound.
2026-08-11 20:04:47 | sleep.weights.plasticity       | INFO  | Hard-clipped 8 w_cons parameters to delta_max=0.0300 bound.
2026-08-11 20:04:47 | sleep.weights.plasticity       | INFO  | Hard-clipped 9 w_cons parameters to delta_max=0.0300 bound.
2026-08-11 20:04:48 | sleep.weights.plasticity       | INFO  | Hard-clipped 10 w_cons parameters to delta_max=0.0300 bound.
2026-08-11 20:04:48 | sleep.weights.plasticity       | INFO  | Hard-clipped 10 w_cons parameters to delta_max=0.0300 bound.
2026-08-11 20:04:49 | sleep.weights.plasticity       | INFO  | Hard-clipped 11 w_cons parameters to delta_max=0.0300 bound.
2026-08-11 20:04:49 | sleep.weights.plasticity       | INFO  | Hard-clipped 11 w_cons parameters to delta_max=0.0300 bound.
2026-08-11 20:04:50 | sleep.weights.plasticity       | INFO  | Hard-clipped 11 w_cons parameters to delta_max=0.0300 bound.
2026-08-11 20:04:50 | sleep.weights.plasticity       | INFO  | Hard-clipped 11 w_cons parameters to delta_max=0.0300 bound.
2026-08-11 20:04:51 | sleep.weights.plasticity       | INFO  | Hard-clipped 11 w_cons parameters to delta_max=0.0300 bound.
2026-08-11 20:04:51 | sleep.weights.plasticity       | INFO  | Hard-clipped 11 w_cons parameters to delta_max=0.0300 bound.
2026-08-11 20:04:52 | sleep.weights.plasticity       | INFO  | Hard-clipped 11 w_cons parameters to delta_max=0.0300 bound.
2026-08-11 20:04:52 | sleep.weights.plasticity       | INFO  | Hard-clipped 13 w_cons parameters to delta_max=0.0300 bound.
2026-08-11 20:04:53 | sleep.weights.plasticity       | INFO  | Hard-clipped 13 w_cons parameters to delta_max=0.0300 bound.
2026-08-11 20:04:53 | sleep.weights.plasticity       | INFO  | Hard-clipped 13 w_cons parameters to delta_max=0.0300 bound.
2026-08-11 20:04:54 | sleep.weights.plasticity       | INFO  | Hard-clipped 13 w_cons parameters to delta_max=0.0300 bound.
2026-08-11 20:04:54 | sleep.weights.plasticity       | INFO  | Hard-clipped 13 w_cons parameters to delta_max=0.0300 bound.
2026-08-11 20:04:55 | sleep.weights.plasticity       | INFO  | Hard-clipped 13 w_cons parameters to delta_max=0.0300 bound.
2026-08-11 20:04:55 | sleep.weights.plasticity       | INFO  | Hard-clipped 13 w_cons parameters to delta_max=0.0300 bound.
2026-08-11 20:04:56 | sleep.weights.plasticity       | INFO  | Hard-clipped 13 w_cons parameters to delta_max=0.0300 bound.
2026-08-11 20:04:56 | sleep.weights.plasticity       | INFO  | Hard-clipped 13 w_cons parameters to delta_max=0.0300 bound.
2026-08-11 20:04:57 | sleep.weights.plasticity       | INFO  | Hard-clipped 12 w_cons parameters to delta_max=0.0300 bound.
2026-08-11 20:04:57 | sleep.weights.plasticity       | INFO  | Hard-clipped 13 w_cons parameters to delta_max=0.0300 bound.
2026-08-11 20:04:57 | sleep.weights.plasticity       | INFO  | Hard-clipped 13 w_cons parameters to delta_max=0.0300 bound.
2026-08-11 20:04:58 | sleep.weights.plasticity       | INFO  | Hard-clipped 13 w_cons parameters to delta_max=0.0300 bound.
2026-08-11 20:04:58 | sleep.weights.plasticity       | INFO  | Hard-clipped 13 w_cons parameters to delta_max=0.0300 bound.
2026-08-11 20:04:59 | sleep.weights.plasticity       | INFO  | Hard-clipped 13 w_cons parameters to delta_max=0.0300 bound.
2026-08-11 20:04:59 | sleep.weights.plasticity       | INFO  | Hard-clipped 13 w_cons parameters to delta_max=0.0300 bound.
2026-08-11 20:05:00 | sleep.weights.plasticity       | INFO  | Hard-clipped 14 w_cons parameters to delta_max=0.0300 bound.
2026-08-11 20:05:00 | sleep.weights.plasticity       | INFO  | Hard-clipped 14 w_cons parameters to delta_max=0.0300 bound.
2026-08-11 20:05:01 | sleep.weights.plasticity       | INFO  | Hard-clipped 15 w_cons parameters to delta_max=0.0300 bound.
2026-08-11 20:05:01 | sleep.weights.plasticity       | INFO  | Hard-clipped 15 w_cons parameters to delta_max=0.0300 bound.
2026-08-11 20:05:02 | sleep.weights.plasticity       | INFO  | Hard-clipped 15 w_cons parameters to delta_max=0.0300 bound.
2026-08-11 20:05:02 | sleep.weights.plasticity       | INFO  | Hard-clipped 15 w_cons parameters to delta_max=0.0300 bound.
2026-08-11 20:05:03 | sleep.weights.plasticity       | INFO  | Hard-clipped 15 w_cons parameters to delta_max=0.0300 bound.
2026-08-11 20:05:03 | sleep.weights.plasticity       | INFO  | Hard-clipped 15 w_cons parameters to delta_max=0.0300 bound.
2026-08-11 20:05:04 | sleep.weights.plasticity       | INFO  | Hard-clipped 16 w_cons parameters to delta_max=0.0300 bound.
2026-08-11 20:05:04 | sleep.weights.plasticity       | INFO  | Hard-clipped 16 w_cons parameters to delta_max=0.0300 bound.
2026-08-11 20:05:05 | sleep.weights.plasticity       | INFO  | Hard-clipped 17 w_cons parameters to delta_max=0.0300 bound.
2026-08-11 20:05:05 | sleep.weights.plasticity       | INFO  | Hard-clipped 17 w_cons parameters to delta_max=0.0300 bound.
2026-08-11 20:05:06 | sleep.weights.plasticity       | INFO  | Hard-clipped 17 w_cons parameters to delta_max=0.0300 bound.
2026-08-11 20:05:06 | sleep.weights.plasticity       | INFO  | Hard-clipped 17 w_cons parameters to delta_max=0.0300 bound.
2026-08-11 20:05:07 | sleep.weights.plasticity       | INFO  | Hard-clipped 17 w_cons parameters to delta_max=0.0300 bound.
2026-08-11 20:05:07 | sleep.weights.plasticity       | INFO  | Hard-clipped 17 w_cons parameters to delta_max=0.0300 bound.
2026-08-11 20:05:08 | sleep.weights.plasticity       | INFO  | Hard-clipped 17 w_cons parameters to delta_max=0.0300 bound.
2026-08-11 20:05:08 | sleep.weights.plasticity       | INFO  | Hard-clipped 17 w_cons parameters to delta_max=0.0300 bound.
2026-08-11 20:05:09 | sleep.weights.plasticity       | INFO  | Hard-clipped 17 w_cons parameters to delta_max=0.0300 bound.
2026-08-11 20:05:09 | sleep.weights.plasticity       | INFO  | Hard-clipped 17 w_cons parameters to delta_max=0.0300 bound.
2026-08-11 20:05:10 | sleep.weights.plasticity       | INFO  | Hard-clipped 17 w_cons parameters to delta_max=0.0300 bound.
2026-08-11 20:05:10 | sleep.weights.plasticity       | INFO  | Hard-clipped 17 w_cons parameters to delta_max=0.0300 bound.
2026-08-11 20:05:11 | sleep.weights.plasticity       | INFO  | Hard-clipped 17 w_cons parameters to delta_max=0.0300 bound.
2026-08-11 20:05:11 | sleep.weights.plasticity       | INFO  | Hard-clipped 17 w_cons parameters to delta_max=0.0300 bound.
2026-08-11 20:05:12 | sleep.weights.plasticity       | INFO  | Hard-clipped 18 w_cons parameters to delta_max=0.0300 bound.
2026-08-11 20:05:12 | sleep.weights.plasticity       | INFO  | Hard-clipped 18 w_cons parameters to delta_max=0.0300 bound.
2026-08-11 20:05:13 | sleep.weights.plasticity       | INFO  | Hard-clipped 18 w_cons parameters to delta_max=0.0300 bound.
2026-08-11 20:05:13 | sleep.weights.plasticity       | INFO  | Hard-clipped 18 w_cons parameters to delta_max=0.0300 bound.
2026-08-11 20:05:14 | sleep.weights.plasticity       | INFO  | Hard-clipped 18 w_cons parameters to delta_max=0.0300 bound.
2026-08-11 20:05:14 | sleep.weights.plasticity       | INFO  | Hard-clipped 18 w_cons parameters to delta_max=0.0300 bound.
2026-08-11 20:05:15 | sleep.weights.plasticity       | INFO  | Hard-clipped 18 w_cons parameters to delta_max=0.0300 bound.
2026-08-11 20:05:15 | sleep.sleep_engine.train       | INFO  |   step 150/1500 | loss=0.8353 | mean_loss=2.4445 | eta=9 | lr=1.00e-04
2026-08-11 20:05:15 | sleep.weights.plasticity       | INFO  | Hard-clipped 18 w_cons parameters to delta_max=0.0300 bound.
2026-08-11 20:05:16 | sleep.weights.plasticity       | INFO  | Hard-clipped 18 w_cons parameters to delta_max=0.0300 bound.
2026-08-11 20:05:16 | sleep.weights.plasticity       | INFO  | Hard-clipped 17 w_cons parameters to delta_max=0.0300 bound.
2026-08-11 20:05:17 | sleep.weights.plasticity       | INFO  | Hard-clipped 17 w_cons parameters to delta_max=0.0300 bound.
2026-08-11 20:05:17 | sleep.weights.plasticity       | INFO  | Hard-clipped 17 w_cons parameters to delta_max=0.0300 bound.
2026-08-11 20:05:18 | sleep.weights.plasticity       | INFO  | Hard-clipped 17 w_cons parameters to delta_max=0.0300 bound.
2026-08-11 20:05:18 | sleep.weights.plasticity       | INFO  | Hard-clipped 18 w_cons parameters to delta_max=0.0300 bound.
2026-08-11 20:05:19 | sleep.weights.plasticity       | INFO  | Hard-clipped 18 w_cons parameters to delta_max=0.0300 bound.
2026-08-11 20:05:19 | sleep.weights.plasticity       | INFO  | Hard-clipped 18 w_cons parameters to delta_max=0.0300 bound.
2026-08-11 20:05:20 | sleep.weights.plasticity       | INFO  | Hard-clipped 18 w_cons parameters to delta_max=0.0300 bound.
2026-08-11 20:05:20 | sleep.weights.plasticity       | INFO  | Hard-clipped 18 w_cons parameters to delta_max=0.0300 bound.
2026-08-11 20:05:21 | sleep.weights.plasticity       | INFO  | Hard-clipped 18 w_cons parameters to delta_max=0.0300 bound.
2026-08-11 20:05:21 | sleep.weights.plasticity       | INFO  | Hard-clipped 18 w_cons parameters to delta_max=0.0300 bound.
2026-08-11 20:05:22 | sleep.weights.plasticity       | INFO  | Hard-clipped 18 w_cons parameters to delta_max=0.0300 bound.
2026-08-11 20:05:22 | sleep.weights.plasticity       | INFO  | Hard-clipped 18 w_cons parameters to delta_max=0.0300 bound.
2026-08-11 20:05:23 | sleep.weights.plasticity       | INFO  | Hard-clipped 17 w_cons parameters to delta_max=0.0300 bound.
2026-08-11 20:05:23 | sleep.weights.plasticity       | INFO  | Hard-clipped 17 w_cons parameters to delta_max=0.0300 bound.
2026-08-11 20:05:24 | sleep.weights.plasticity       | INFO  | Hard-clipped 18 w_cons parameters to delta_max=0.0300 bound.
2026-08-11 20:05:24 | sleep.weights.plasticity       | INFO  | Hard-clipped 18 w_cons parameters to delta_max=0.0300 bound.
2026-08-11 20:05:25 | sleep.weights.plasticity       | INFO  | Hard-clipped 18 w_cons parameters to delta_max=0.0300 bound.
2026-08-11 20:05:25 | sleep.weights.plasticity       | INFO  | Hard-clipped 18 w_cons parameters to delta_max=0.0300 bound.
2026-08-11 20:05:26 | sleep.weights.plasticity       | INFO  | Hard-clipped 18 w_cons parameters to delta_max=0.0300 bound.
2026-08-11 20:05:26 | sleep.weights.plasticity       | INFO  | Hard-clipped 19 w_cons parameters to delta_max=0.0300 bound.
2026-08-11 20:05:27 | sleep.weights.plasticity       | INFO  | Hard-clipped 19 w_cons parameters to delta_max=0.0300 bound.
2026-08-11 20:05:27 | sleep.weights.plasticity       | INFO  | Hard-clipped 19 w_cons parameters to delta_max=0.0300 bound.
2026-08-11 20:05:28 | sleep.weights.plasticity       | INFO  | Hard-clipped 19 w_cons parameters to delta_max=0.0300 bound.
2026-08-11 20:05:28 | sleep.weights.plasticity       | INFO  | Hard-clipped 20 w_cons parameters to delta_max=0.0300 bound.
2026-08-11 20:05:29 | sleep.weights.plasticity       | INFO  | Hard-clipped 20 w_cons parameters to delta_max=0.0300 bound.
2026-08-11 20:05:29 | sleep.weights.plasticity       | INFO  | Hard-clipped 20 w_cons parameters to delta_max=0.0300 bound.
2026-08-11 20:05:30 | sleep.weights.plasticity       | INFO  | Hard-clipped 20 w_cons parameters to delta_max=0.0300 bound.
2026-08-11 20:05:30 | sleep.weights.plasticity       | INFO  | Hard-clipped 20 w_cons parameters to delta_max=0.0300 bound.
2026-08-11 20:05:31 | sleep.weights.plasticity       | INFO  | Hard-clipped 21 w_cons parameters to delta_max=0.0300 bound.
2026-08-11 20:05:31 | sleep.weights.plasticity       | INFO  | Hard-clipped 21 w_cons parameters to delta_max=0.0300 bound.
2026-08-11 20:05:32 | sleep.weights.plasticity       | INFO  | Hard-clipped 21 w_cons parameters to delta_max=0.0300 bound.
2026-08-11 20:05:32 | sleep.weights.plasticity       | INFO  | Hard-clipped 21 w_cons parameters to delta_max=0.0300 bound.
2026-08-11 20:05:33 | sleep.weights.plasticity       | INFO  | Hard-clipped 21 w_cons parameters to delta_max=0.0300 bound.
2026-08-11 20:05:33 | sleep.weights.plasticity       | INFO  | Hard-clipped 21 w_cons parameters to delta_max=0.0300 bound.
2026-08-11 20:05:34 | sleep.weights.plasticity       | INFO  | Hard-clipped 21 w_cons parameters to delta_max=0.0300 bound.
2026-08-11 20:05:34 | sleep.weights.plasticity       | INFO  | Hard-clipped 21 w_cons parameters to delta_max=0.0300 bound.
2026-08-11 20:05:35 | sleep.weights.plasticity       | INFO  | Hard-clipped 21 w_cons parameters to delta_max=0.0300 bound.
2026-08-11 20:05:35 | sleep.weights.plasticity       | INFO  | Hard-clipped 21 w_cons parameters to delta_max=0.0300 bound.
2026-08-11 20:05:36 | sleep.weights.plasticity       | INFO  | Hard-clipped 21 w_cons parameters to delta_max=0.0300 bound.
2026-08-11 20:05:36 | sleep.weights.plasticity       | INFO  | Hard-clipped 20 w_cons parameters to delta_max=0.0300 bound.
2026-08-11 20:05:37 | sleep.weights.plasticity       | INFO  | Hard-clipped 20 w_cons parameters to delta_max=0.0300 bound.
2026-08-11 20:05:37 | sleep.weights.plasticity       | INFO  | Hard-clipped 20 w_cons parameters to delta_max=0.0300 bound.
2026-08-11 20:05:38 | sleep.weights.plasticity       | INFO  | Hard-clipped 21 w_cons parameters to delta_max=0.0300 bound.
2026-08-11 20:05:38 | sleep.weights.plasticity       | INFO  | Hard-clipped 21 w_cons parameters to delta_max=0.0300 bound.
2026-08-11 20:05:39 | sleep.weights.plasticity       | INFO  | Hard-clipped 21 w_cons parameters to delta_max=0.0300 bound.
2026-08-11 20:05:39 | sleep.weights.plasticity       | INFO  | Hard-clipped 21 w_cons parameters to delta_max=0.0300 bound.
2026-08-11 20:05:40 | sleep.weights.plasticity       | INFO  | Hard-clipped 19 w_cons parameters to delta_max=0.0300 bound.
2026-08-11 20:05:40 | sleep.weights.plasticity       | INFO  | Hard-clipped 19 w_cons parameters to delta_max=0.0300 bound.
2026-08-11 20:05:41 | sleep.weights.plasticity       | INFO  | Hard-clipped 19 w_cons parameters to delta_max=0.0300 bound.
2026-08-11 20:05:41 | sleep.weights.plasticity       | INFO  | Hard-clipped 20 w_cons parameters to delta_max=0.0300 bound.
2026-08-11 20:05:42 | sleep.weights.plasticity       | INFO  | Hard-clipped 21 w_cons parameters to delta_max=0.0300 bound.
2026-08-11 20:05:42 | sleep.weights.plasticity       | INFO  | Hard-clipped 21 w_cons parameters to delta_max=0.0300 bound.
2026-08-11 20:05:42 | sleep.weights.plasticity       | INFO  | Hard-clipped 21 w_cons parameters to delta_max=0.0300 bound.
2026-08-11 20:05:43 | sleep.weights.plasticity       | INFO  | Hard-clipped 21 w_cons parameters to delta_max=0.0300 bound.
2026-08-11 20:05:43 | sleep.weights.plasticity       | INFO  | Hard-clipped 21 w_cons parameters to delta_max=0.0300 bound.
2026-08-11 20:05:44 | sleep.weights.plasticity       | INFO  | Hard-clipped 21 w_cons parameters to delta_max=0.0300 bound.
2026-08-11 20:05:44 | sleep.weights.plasticity       | INFO  | Hard-clipped 22 w_cons parameters to delta_max=0.0300 bound.
2026-08-11 20:05:45 | sleep.weights.plasticity       | INFO  | Hard-clipped 22 w_cons parameters to delta_max=0.0300 bound.
2026-08-11 20:05:45 | sleep.weights.plasticity       | INFO  | Hard-clipped 22 w_cons parameters to delta_max=0.0300 bound.
2026-08-11 20:05:46 | sleep.weights.plasticity       | INFO  | Hard-clipped 21 w_cons parameters to delta_max=0.0300 bound.
2026-08-11 20:05:46 | sleep.weights.plasticity       | INFO  | Hard-clipped 21 w_cons parameters to delta_max=0.0300 bound.
2026-08-11 20:05:47 | sleep.weights.plasticity       | INFO  | Hard-clipped 21 w_cons parameters to delta_max=0.0300 bound.
2026-08-11 20:05:48 | sleep.weights.plasticity       | INFO  | Hard-clipped 22 w_cons parameters to delta_max=0.0300 bound.
2026-08-11 20:05:48 | sleep.weights.plasticity       | INFO  | Hard-clipped 22 w_cons parameters to delta_max=0.0300 bound.
2026-08-11 20:05:48 | sleep.weights.plasticity       | INFO  | Hard-clipped 22 w_cons parameters to delta_max=0.0300 bound.
2026-08-11 20:05:49 | sleep.weights.plasticity       | INFO  | Hard-clipped 22 w_cons parameters to delta_max=0.0300 bound.
2026-08-11 20:05:49 | sleep.weights.plasticity       | INFO  | Hard-clipped 22 w_cons parameters to delta_max=0.0300 bound.
2026-08-11 20:05:50 | sleep.weights.plasticity       | INFO  | Hard-clipped 22 w_cons parameters to delta_max=0.0300 bound.
2026-08-11 20:05:50 | sleep.weights.plasticity       | INFO  | Hard-clipped 22 w_cons parameters to delta_max=0.0300 bound.
2026-08-11 20:05:51 | sleep.weights.plasticity       | INFO  | Hard-clipped 22 w_cons parameters to delta_max=0.0300 bound.
2026-08-11 20:05:52 | sleep.weights.plasticity       | INFO  | Hard-clipped 22 w_cons parameters to delta_max=0.0300 bound.
2026-08-11 20:05:52 | sleep.weights.plasticity       | INFO  | Hard-clipped 22 w_cons parameters to delta_max=0.0300 bound.
2026-08-11 20:05:53 | sleep.weights.plasticity       | INFO  | Hard-clipped 23 w_cons parameters to delta_max=0.0300 bound.
2026-08-11 20:05:53 | sleep.weights.plasticity       | INFO  | Hard-clipped 23 w_cons parameters to delta_max=0.0300 bound.
2026-08-11 20:05:54 | sleep.weights.plasticity       | INFO  | Hard-clipped 23 w_cons parameters to delta_max=0.0300 bound.
2026-08-11 20:05:54 | sleep.weights.plasticity       | INFO  | Hard-clipped 23 w_cons parameters to delta_max=0.0300 bound.
2026-08-11 20:05:55 | sleep.weights.plasticity       | INFO  | Hard-clipped 23 w_cons parameters to delta_max=0.0300 bound.
2026-08-11 20:05:55 | sleep.weights.plasticity       | INFO  | Hard-clipped 23 w_cons parameters to delta_max=0.0300 bound.
2026-08-11 20:05:56 | sleep.weights.plasticity       | INFO  | Hard-clipped 23 w_cons parameters to delta_max=0.0300 bound.
2026-08-11 20:05:56 | sleep.weights.plasticity       | INFO  | Hard-clipped 24 w_cons parameters to delta_max=0.0300 bound.
2026-08-11 20:05:57 | sleep.weights.plasticity       | INFO  | Hard-clipped 24 w_cons parameters to delta_max=0.0300 bound.
2026-08-11 20:05:57 | sleep.weights.plasticity       | INFO  | Hard-clipped 24 w_cons parameters to delta_max=0.0300 bound.
2026-08-11 20:05:58 | sleep.weights.plasticity       | INFO  | Hard-clipped 24 w_cons parameters to delta_max=0.0300 bound.
2026-08-11 20:05:58 | sleep.weights.plasticity       | INFO  | Hard-clipped 24 w_cons parameters to delta_max=0.0300 bound.
2026-08-11 20:05:59 | sleep.weights.plasticity       | INFO  | Hard-clipped 24 w_cons parameters to delta_max=0.0300 bound.
2026-08-11 20:05:59 | sleep.weights.plasticity       | INFO  | Hard-clipped 25 w_cons parameters to delta_max=0.0300 bound.
2026-08-11 20:06:00 | sleep.weights.plasticity       | INFO  | Hard-clipped 25 w_cons parameters to delta_max=0.0300 bound.
2026-08-11 20:06:00 | sleep.weights.plasticity       | INFO  | Hard-clipped 25 w_cons parameters to delta_max=0.0300 bound.
2026-08-11 20:06:01 | sleep.weights.plasticity       | INFO  | Hard-clipped 25 w_cons parameters to delta_max=0.0300 bound.
2026-08-11 20:06:01 | sleep.weights.plasticity       | INFO  | Hard-clipped 24 w_cons parameters to delta_max=0.0300 bound.
2026-08-11 20:06:02 | sleep.weights.plasticity       | INFO  | Hard-clipped 25 w_cons parameters to delta_max=0.0300 bound.
2026-08-11 20:06:02 | sleep.weights.plasticity       | INFO  | Hard-clipped 25 w_cons parameters to delta_max=0.0300 bound.
2026-08-11 20:06:02 | sleep.weights.plasticity       | INFO  | Hard-clipped 25 w_cons parameters to delta_max=0.0300 bound.
2026-08-11 20:06:03 | sleep.weights.plasticity       | INFO  | Hard-clipped 25 w_cons parameters to delta_max=0.0300 bound.
2026-08-11 20:06:03 | sleep.weights.plasticity       | INFO  | Hard-clipped 25 w_cons parameters to delta_max=0.0300 bound.
2026-08-11 20:06:04 | sleep.weights.plasticity       | INFO  | Hard-clipped 24 w_cons parameters to delta_max=0.0300 bound.
2026-08-11 20:06:04 | sleep.weights.plasticity       | INFO  | Hard-clipped 22 w_cons parameters to delta_max=0.0300 bound.
2026-08-11 20:06:05 | sleep.weights.plasticity       | INFO  | Hard-clipped 22 w_cons parameters to delta_max=0.0300 bound.
2026-08-11 20:06:05 | sleep.weights.plasticity       | INFO  | Hard-clipped 23 w_cons parameters to delta_max=0.0300 bound.
2026-08-11 20:06:06 | sleep.weights.plasticity       | INFO  | Hard-clipped 24 w_cons parameters to delta_max=0.0300 bound.
2026-08-11 20:06:07 | sleep.weights.plasticity       | INFO  | Hard-clipped 24 w_cons parameters to delta_max=0.0300 bound.
2026-08-11 20:06:07 | sleep.weights.plasticity       | INFO  | Hard-clipped 25 w_cons parameters to delta_max=0.0300 bound.
2026-08-11 20:06:08 | sleep.weights.plasticity       | INFO  | Hard-clipped 26 w_cons parameters to delta_max=0.0300 bound.
2026-08-11 20:06:08 | sleep.weights.plasticity       | INFO  | Hard-clipped 26 w_cons parameters to delta_max=0.0300 bound.
2026-08-11 20:06:09 | sleep.weights.plasticity       | INFO  | Hard-clipped 26 w_cons parameters to delta_max=0.0300 bound.
2026-08-11 20:06:09 | sleep.weights.plasticity       | INFO  | Hard-clipped 26 w_cons parameters to delta_max=0.0300 bound.
2026-08-11 20:06:10 | sleep.weights.plasticity       | INFO  | Hard-clipped 26 w_cons parameters to delta_max=0.0300 bound.
2026-08-11 20:06:10 | sleep.weights.plasticity       | INFO  | Hard-clipped 26 w_cons parameters to delta_max=0.0300 bound.
2026-08-11 20:06:11 | sleep.weights.plasticity       | INFO  | Hard-clipped 26 w_cons parameters to delta_max=0.0300 bound.
2026-08-11 20:06:11 | sleep.weights.plasticity       | INFO  | Hard-clipped 26 w_cons parameters to delta_max=0.0300 bound.
2026-08-11 20:06:11 | sleep.weights.plasticity       | INFO  | Hard-clipped 26 w_cons parameters to delta_max=0.0300 bound.
2026-08-11 20:06:12 | sleep.weights.plasticity       | INFO  | Hard-clipped 26 w_cons parameters to delta_max=0.0300 bound.
2026-08-11 20:06:12 | sleep.weights.plasticity       | INFO  | Hard-clipped 26 w_cons parameters to delta_max=0.0300 bound.
2026-08-11 20:06:13 | sleep.weights.plasticity       | INFO  | Hard-clipped 27 w_cons parameters to delta_max=0.0300 bound.
2026-08-11 20:06:13 | sleep.weights.plasticity       | INFO  | Hard-clipped 27 w_cons parameters to delta_max=0.0300 bound.
2026-08-11 20:06:14 | sleep.weights.plasticity       | INFO  | Hard-clipped 27 w_cons parameters to delta_max=0.0300 bound.
2026-08-11 20:06:14 | sleep.weights.plasticity       | INFO  | Hard-clipped 27 w_cons parameters to delta_max=0.0300 bound.
2026-08-11 20:06:15 | sleep.weights.plasticity       | INFO  | Hard-clipped 27 w_cons parameters to delta_max=0.0300 bound.
2026-08-11 20:06:15 | sleep.weights.plasticity       | INFO  | Hard-clipped 27 w_cons parameters to delta_max=0.0300 bound.
2026-08-11 20:06:16 | sleep.weights.plasticity       | INFO  | Hard-clipped 27 w_cons parameters to delta_max=0.0300 bound.
2026-08-11 20:06:16 | sleep.weights.plasticity       | INFO  | Hard-clipped 28 w_cons parameters to delta_max=0.0300 bound.
2026-08-11 20:06:17 | sleep.weights.plasticity       | INFO  | Hard-clipped 28 w_cons parameters to delta_max=0.0300 bound.
2026-08-11 20:06:17 | sleep.weights.plasticity       | INFO  | Hard-clipped 28 w_cons parameters to delta_max=0.0300 bound.
2026-08-11 20:06:18 | sleep.weights.plasticity       | INFO  | Hard-clipped 28 w_cons parameters to delta_max=0.0300 bound.
2026-08-11 20:06:18 | sleep.weights.plasticity       | INFO  | Hard-clipped 26 w_cons parameters to delta_max=0.0300 bound.
2026-08-11 20:06:19 | sleep.weights.plasticity       | INFO  | Hard-clipped 25 w_cons parameters to delta_max=0.0300 bound.
2026-08-11 20:06:19 | sleep.weights.plasticity       | INFO  | Hard-clipped 26 w_cons parameters to delta_max=0.0300 bound.
2026-08-11 20:06:20 | sleep.weights.plasticity       | INFO  | Hard-clipped 27 w_cons parameters to delta_max=0.0300 bound.
2026-08-11 20:06:20 | sleep.weights.plasticity       | INFO  | Hard-clipped 28 w_cons parameters to delta_max=0.0300 bound.
2026-08-11 20:06:21 | sleep.weights.plasticity       | INFO  | Hard-clipped 28 w_cons parameters to delta_max=0.0300 bound.
2026-08-11 20:06:21 | sleep.weights.plasticity       | INFO  | Hard-clipped 28 w_cons parameters to delta_max=0.0300 bound.
2026-08-11 20:06:22 | sleep.weights.plasticity       | INFO  | Hard-clipped 28 w_cons parameters to delta_max=0.0300 bound.
2026-08-11 20:06:22 | sleep.weights.plasticity       | INFO  | Hard-clipped 28 w_cons parameters to delta_max=0.0300 bound.
2026-08-11 20:06:23 | sleep.weights.plasticity       | INFO  | Hard-clipped 28 w_cons parameters to delta_max=0.0300 bound.
2026-08-11 20:06:23 | sleep.weights.plasticity       | INFO  | Hard-clipped 27 w_cons parameters to delta_max=0.0300 bound.
2026-08-11 20:06:24 | sleep.weights.plasticity       | INFO  | Hard-clipped 28 w_cons parameters to delta_max=0.0300 bound.
2026-08-11 20:06:24 | sleep.weights.plasticity       | INFO  | Hard-clipped 28 w_cons parameters to delta_max=0.0300 bound.
2026-08-11 20:06:25 | sleep.weights.plasticity       | INFO  | Hard-clipped 28 w_cons parameters to delta_max=0.0300 bound.
2026-08-11 20:06:25 | sleep.weights.plasticity       | INFO  | Hard-clipped 28 w_cons parameters to delta_max=0.0300 bound.
2026-08-11 20:06:26 | sleep.weights.plasticity       | INFO  | Hard-clipped 28 w_cons parameters to delta_max=0.0300 bound.
2026-08-11 20:06:26 | sleep.weights.plasticity       | INFO  | Hard-clipped 28 w_cons parameters to delta_max=0.0300 bound.
2026-08-11 20:06:27 | sleep.weights.plasticity       | INFO  | Hard-clipped 28 w_cons parameters to delta_max=0.0300 bound.
2026-08-11 20:06:27 | sleep.weights.plasticity       | INFO  | Hard-clipped 27 w_cons parameters to delta_max=0.0300 bound.
2026-08-11 20:06:28 | sleep.weights.plasticity       | INFO  | Hard-clipped 27 w_cons parameters to delta_max=0.0300 bound.
2026-08-11 20:06:28 | sleep.weights.plasticity       | INFO  | Hard-clipped 27 w_cons parameters to delta_max=0.0300 bound.
2026-08-11 20:06:29 | sleep.weights.plasticity       | INFO  | Hard-clipped 27 w_cons parameters to delta_max=0.0300 bound.
2026-08-11 20:06:29 | sleep.weights.plasticity       | INFO  | Hard-clipped 27 w_cons parameters to delta_max=0.0300 bound.
2026-08-11 20:06:29 | sleep.sleep_engine.train       | INFO  |   step 300/1500 | loss=0.4876 | mean_loss=1.5317 | eta=9 | lr=9.70e-05
2026-08-11 20:06:30 | sleep.weights.plasticity       | INFO  | Hard-clipped 27 w_cons parameters to delta_max=0.0300 bound.
2026-08-11 20:06:30 | sleep.weights.plasticity       | INFO  | Hard-clipped 28 w_cons parameters to delta_max=0.0300 bound.
2026-08-11 20:06:31 | sleep.weights.plasticity       | INFO  | Hard-clipped 28 w_cons parameters to delta_max=0.0300 bound.
2026-08-11 20:06:31 | sleep.weights.plasticity       | INFO  | Hard-clipped 28 w_cons parameters to delta_max=0.0300 bound.
2026-08-11 20:06:31 | sleep.weights.plasticity       | INFO  | Hard-clipped 28 w_cons parameters to delta_max=0.0300 bound.
2026-08-11 20:06:32 | sleep.weights.plasticity       | INFO  | Hard-clipped 28 w_cons parameters to delta_max=0.0300 bound.
2026-08-11 20:06:32 | sleep.weights.plasticity       | INFO  | Hard-clipped 27 w_cons parameters to delta_max=0.0300 bound.
2026-08-11 20:06:33 | sleep.weights.plasticity       | INFO  | Hard-clipped 27 w_cons parameters to delta_max=0.0300 bound.
2026-08-11 20:06:33 | sleep.weights.plasticity       | INFO  | Hard-clipped 26 w_cons parameters to delta_max=0.0300 bound.
2026-08-11 20:06:34 | sleep.weights.plasticity       | INFO  | Hard-clipped 27 w_cons parameters to delta_max=0.0300 bound.
2026-08-11 20:06:34 | sleep.weights.plasticity       | INFO  | Hard-clipped 27 w_cons parameters to delta_max=0.0300 bound.
2026-08-11 20:06:35 | sleep.weights.plasticity       | INFO  | Hard-clipped 27 w_cons parameters to delta_max=0.0300 bound.
2026-08-11 20:06:35 | sleep.weights.plasticity       | INFO  | Hard-clipped 27 w_cons parameters to delta_max=0.0300 bound.
2026-08-11 20:06:36 | sleep.weights.plasticity       | INFO  | Hard-clipped 28 w_cons parameters to delta_max=0.0300 bound.
2026-08-11 20:06:36 | sleep.weights.plasticity       | INFO  | Hard-clipped 28 w_cons parameters to delta_max=0.0300 bound.
2026-08-11 20:06:37 | sleep.weights.plasticity       | INFO  | Hard-clipped 28 w_cons parameters to delta_max=0.0300 bound.
2026-08-11 20:06:37 | sleep.weights.plasticity       | INFO  | Hard-clipped 27 w_cons parameters to delta_max=0.0300 bound.
2026-08-11 20:06:38 | sleep.weights.plasticity       | INFO  | Hard-clipped 27 w_cons parameters to delta_max=0.0300 bound.
2026-08-11 20:06:38 | sleep.weights.plasticity       | INFO  | Hard-clipped 27 w_cons parameters to delta_max=0.0300 bound.
2026-08-11 20:06:39 | sleep.weights.plasticity       | INFO  | Hard-clipped 28 w_cons parameters to delta_max=0.0300 bound.
2026-08-11 20:06:39 | sleep.weights.plasticity       | INFO  | Hard-clipped 28 w_cons parameters to delta_max=0.0300 bound.
2026-08-11 20:06:40 | sleep.weights.plasticity       | INFO  | Hard-clipped 28 w_cons parameters to delta_max=0.0300 bound.
2026-08-11 20:06:40 | sleep.weights.plasticity       | INFO  | Hard-clipped 28 w_cons parameters to delta_max=0.0300 bound.
2026-08-11 20:06:41 | sleep.weights.plasticity       | INFO  | Hard-clipped 28 w_cons parameters to delta_max=0.0300 bound.
2026-08-11 20:06:41 | sleep.weights.plasticity       | INFO  | Hard-clipped 28 w_cons parameters to delta_max=0.0300 bound.
2026-08-11 20:06:42 | sleep.weights.plasticity       | INFO  | Hard-clipped 28 w_cons parameters to delta_max=0.0300 bound.
2026-08-11 20:06:42 | sleep.weights.plasticity       | INFO  | Hard-clipped 28 w_cons parameters to delta_max=0.0300 bound.
2026-08-11 20:06:43 | sleep.weights.plasticity       | INFO  | Hard-clipped 27 w_cons parameters to delta_max=0.0300 bound.
2026-08-11 20:06:43 | sleep.weights.plasticity       | INFO  | Hard-clipped 28 w_cons parameters to delta_max=0.0300 bound.
2026-08-11 20:06:44 | sleep.weights.plasticity       | INFO  | Hard-clipped 28 w_cons parameters to delta_max=0.0300 bound.
2026-08-11 20:06:44 | sleep.weights.plasticity       | INFO  | Hard-clipped 28 w_cons parameters to delta_max=0.0300 bound.
2026-08-11 20:06:45 | sleep.weights.plasticity       | INFO  | Hard-clipped 28 w_cons parameters to delta_max=0.0300 bound.
2026-08-11 20:06:45 | sleep.weights.plasticity       | INFO  | Hard-clipped 28 w_cons parameters to delta_max=0.0300 bound.
2026-08-11 20:06:46 | sleep.weights.plasticity       | INFO  | Hard-clipped 28 w_cons parameters to delta_max=0.0300 bound.
2026-08-11 20:06:46 | sleep.weights.plasticity       | INFO  | Hard-clipped 28 w_cons parameters to delta_max=0.0300 bound.
2026-08-11 20:06:47 | sleep.weights.plasticity       | INFO  | Hard-clipped 28 w_cons parameters to delta_max=0.0300 bound.
2026-08-11 20:06:47 | sleep.weights.plasticity       | INFO  | Hard-clipped 27 w_cons parameters to delta_max=0.0300 bound.
2026-08-11 20:06:48 | sleep.weights.plasticity       | INFO  | Hard-clipped 27 w_cons parameters to delta_max=0.0300 bound.
2026-08-11 20:06:48 | sleep.weights.plasticity       | INFO  | Hard-clipped 27 w_cons parameters to delta_max=0.0300 bound.
2026-08-11 20:06:49 | sleep.weights.plasticity       | INFO  | Hard-clipped 27 w_cons parameters to delta_max=0.0300 bound.
2026-08-11 20:06:49 | sleep.weights.plasticity       | INFO  | Hard-clipped 27 w_cons parameters to delta_max=0.0300 bound.
2026-08-11 20:06:50 | sleep.weights.plasticity       | INFO  | Hard-clipped 28 w_cons parameters to delta_max=0.0300 bound.
2026-08-11 20:06:50 | sleep.weights.plasticity       | INFO  | Hard-clipped 29 w_cons parameters to delta_max=0.0300 bound.
2026-08-11 20:06:51 | sleep.weights.plasticity       | INFO  | Hard-clipped 29 w_cons parameters to delta_max=0.0300 bound.
2026-08-11 20:06:51 | sleep.weights.plasticity       | INFO  | Hard-clipped 29 w_cons parameters to delta_max=0.0300 bound.
2026-08-11 20:06:52 | sleep.weights.plasticity       | INFO  | Hard-clipped 29 w_cons parameters to delta_max=0.0300 bound.
2026-08-11 20:06:52 | sleep.weights.plasticity       | INFO  | Hard-clipped 28 w_cons parameters to delta_max=0.0300 bound.
2026-08-11 20:06:53 | sleep.weights.plasticity       | INFO  | Hard-clipped 26 w_cons parameters to delta_max=0.0300 bound.
2026-08-11 20:06:53 | sleep.weights.plasticity       | INFO  | Hard-clipped 29 w_cons parameters to delta_max=0.0300 bound.
2026-08-11 20:06:54 | sleep.weights.plasticity       | INFO  | Hard-clipped 29 w_cons parameters to delta_max=0.0300 bound.
2026-08-11 20:06:54 | sleep.weights.plasticity       | INFO  | Hard-clipped 29 w_cons parameters to delta_max=0.0300 bound.
2026-08-11 20:06:55 | sleep.weights.plasticity       | INFO  | Hard-clipped 29 w_cons parameters to delta_max=0.0300 bound.
2026-08-11 20:06:55 | sleep.weights.plasticity       | INFO  | Hard-clipped 30 w_cons parameters to delta_max=0.0300 bound.
2026-08-11 20:06:56 | sleep.weights.plasticity       | INFO  | Hard-clipped 30 w_cons parameters to delta_max=0.0300 bound.
2026-08-11 20:06:56 | sleep.weights.plasticity       | INFO  | Hard-clipped 31 w_cons parameters to delta_max=0.0300 bound.
2026-08-11 20:06:57 | sleep.weights.plasticity       | INFO  | Hard-clipped 31 w_cons parameters to delta_max=0.0300 bound.
2026-08-11 20:06:57 | sleep.weights.plasticity       | INFO  | Hard-clipped 31 w_cons parameters to delta_max=0.0300 bound.
2026-08-11 20:06:58 | sleep.weights.plasticity       | INFO  | Hard-clipped 30 w_cons parameters to delta_max=0.0300 bound.
2026-08-11 20:06:58 | sleep.weights.plasticity       | INFO  | Hard-clipped 29 w_cons parameters to delta_max=0.0300 bound.
2026-08-11 20:06:59 | sleep.weights.plasticity       | INFO  | Hard-clipped 29 w_cons parameters to delta_max=0.0300 bound.
2026-08-11 20:06:59 | sleep.weights.plasticity       | INFO  | Hard-clipped 29 w_cons parameters to delta_max=0.0300 bound.
2026-08-11 20:07:00 | sleep.weights.plasticity       | INFO  | Hard-clipped 29 w_cons parameters to delta_max=0.0300 bound.
2026-08-11 20:07:00 | sleep.weights.plasticity       | INFO  | Hard-clipped 30 w_cons parameters to delta_max=0.0300 bound.
2026-08-11 20:07:01 | sleep.weights.plasticity       | INFO  | Hard-clipped 31 w_cons parameters to delta_max=0.0300 bound.
2026-08-11 20:07:01 | sleep.weights.plasticity       | INFO  | Hard-clipped 31 w_cons parameters to delta_max=0.0300 bound.
2026-08-11 20:07:02 | sleep.weights.plasticity       | INFO  | Hard-clipped 31 w_cons parameters to delta_max=0.0300 bound.
2026-08-11 20:07:02 | sleep.weights.plasticity       | INFO  | Hard-clipped 31 w_cons parameters to delta_max=0.0300 bound.
2026-08-11 20:07:02 | sleep.weights.plasticity       | INFO  | Hard-clipped 31 w_cons parameters to delta_max=0.0300 bound.
2026-08-11 20:07:03 | sleep.weights.plasticity       | INFO  | Hard-clipped 31 w_cons parameters to delta_max=0.0300 bound.
2026-08-11 20:07:03 | sleep.weights.plasticity       | INFO  | Hard-clipped 31 w_cons parameters to delta_max=0.0300 bound.
2026-08-11 20:07:04 | sleep.weights.plasticity       | INFO  | Hard-clipped 31 w_cons parameters to delta_max=0.0300 bound.
2026-08-11 20:07:05 | sleep.weights.plasticity       | INFO  | Hard-clipped 31 w_cons parameters to delta_max=0.0300 bound.
2026-08-11 20:07:05 | sleep.weights.plasticity       | INFO  | Hard-clipped 29 w_cons parameters to delta_max=0.0300 bound.
2026-08-11 20:07:06 | sleep.weights.plasticity       | INFO  | Hard-clipped 29 w_cons parameters to delta_max=0.0300 bound.
2026-08-11 20:07:06 | sleep.weights.plasticity       | INFO  | Hard-clipped 30 w_cons parameters to delta_max=0.0300 bound.
2026-08-11 20:07:07 | sleep.weights.plasticity       | INFO  | Hard-clipped 31 w_cons parameters to delta_max=0.0300 bound.
2026-08-11 20:07:07 | sleep.weights.plasticity       | INFO  | Hard-clipped 29 w_cons parameters to delta_max=0.0300 bound.
2026-08-11 20:07:08 | sleep.weights.plasticity       | INFO  | Hard-clipped 30 w_cons parameters to delta_max=0.0300 bound.
2026-08-11 20:07:08 | sleep.weights.plasticity       | INFO  | Hard-clipped 30 w_cons parameters to delta_max=0.0300 bound.
2026-08-11 20:07:09 | sleep.weights.plasticity       | INFO  | Hard-clipped 30 w_cons parameters to delta_max=0.0300 bound.
2026-08-11 20:07:09 | sleep.weights.plasticity       | INFO  | Hard-clipped 30 w_cons parameters to delta_max=0.0300 bound.
2026-08-11 20:07:10 | sleep.weights.plasticity       | INFO  | Hard-clipped 30 w_cons parameters to delta_max=0.0300 bound.
2026-08-11 20:07:10 | sleep.weights.plasticity       | INFO  | Hard-clipped 30 w_cons parameters to delta_max=0.0300 bound.
2026-08-11 20:07:10 | sleep.weights.plasticity       | INFO  | Hard-clipped 30 w_cons parameters to delta_max=0.0300 bound.
2026-08-11 20:07:11 | sleep.weights.plasticity       | INFO  | Hard-clipped 30 w_cons parameters to delta_max=0.0300 bound.
2026-08-11 20:07:11 | sleep.weights.plasticity       | INFO  | Hard-clipped 30 w_cons parameters to delta_max=0.0300 bound.
2026-08-11 20:07:12 | sleep.weights.plasticity       | INFO  | Hard-clipped 30 w_cons parameters to delta_max=0.0300 bound.
2026-08-11 20:07:12 | sleep.weights.plasticity       | INFO  | Hard-clipped 30 w_cons parameters to delta_max=0.0300 bound.
2026-08-11 20:07:13 | sleep.weights.plasticity       | INFO  | Hard-clipped 30 w_cons parameters to delta_max=0.0300 bound.
2026-08-11 20:07:13 | sleep.weights.plasticity       | INFO  | Hard-clipped 30 w_cons parameters to delta_max=0.0300 bound.
2026-08-11 20:07:14 | sleep.weights.plasticity       | INFO  | Hard-clipped 30 w_cons parameters to delta_max=0.0300 bound.
2026-08-11 20:07:14 | sleep.weights.plasticity       | INFO  | Hard-clipped 31 w_cons parameters to delta_max=0.0300 bound.
2026-08-11 20:07:15 | sleep.weights.plasticity       | INFO  | Hard-clipped 31 w_cons parameters to delta_max=0.0300 bound.
2026-08-11 20:07:15 | sleep.weights.plasticity       | INFO  | Hard-clipped 30 w_cons parameters to delta_max=0.0300 bound.
2026-08-11 20:07:16 | sleep.weights.plasticity       | INFO  | Hard-clipped 30 w_cons parameters to delta_max=0.0300 bound.
2026-08-11 20:07:16 | sleep.weights.plasticity       | INFO  | Hard-clipped 30 w_cons parameters to delta_max=0.0300 bound.
2026-08-11 20:07:17 | sleep.weights.plasticity       | INFO  | Hard-clipped 31 w_cons parameters to delta_max=0.0300 bound.
2026-08-11 20:07:17 | sleep.weights.plasticity       | INFO  | Hard-clipped 31 w_cons parameters to delta_max=0.0300 bound.
2026-08-11 20:07:18 | sleep.weights.plasticity       | INFO  | Hard-clipped 31 w_cons parameters to delta_max=0.0300 bound.
2026-08-11 20:07:18 | sleep.weights.plasticity       | INFO  | Hard-clipped 31 w_cons parameters to delta_max=0.0300 bound.
2026-08-11 20:07:19 | sleep.weights.plasticity       | INFO  | Hard-clipped 30 w_cons parameters to delta_max=0.0300 bound.
2026-08-11 20:07:19 | sleep.weights.plasticity       | INFO  | Hard-clipped 30 w_cons parameters to delta_max=0.0300 bound.
2026-08-11 20:07:20 | sleep.weights.plasticity       | INFO  | Hard-clipped 31 w_cons parameters to delta_max=0.0300 bound.
2026-08-11 20:07:20 | sleep.weights.plasticity       | INFO  | Hard-clipped 31 w_cons parameters to delta_max=0.0300 bound.
2026-08-11 20:07:21 | sleep.weights.plasticity       | INFO  | Hard-clipped 29 w_cons parameters to delta_max=0.0300 bound.
2026-08-11 20:07:21 | sleep.weights.plasticity       | INFO  | Hard-clipped 30 w_cons parameters to delta_max=0.0300 bound.
2026-08-11 20:07:22 | sleep.weights.plasticity       | INFO  | Hard-clipped 31 w_cons parameters to delta_max=0.0300 bound.
2026-08-11 20:07:22 | sleep.weights.plasticity       | INFO  | Hard-clipped 31 w_cons parameters to delta_max=0.0300 bound.
2026-08-11 20:07:23 | sleep.weights.plasticity       | INFO  | Hard-clipped 31 w_cons parameters to delta_max=0.0300 bound.
2026-08-11 20:07:23 | sleep.weights.plasticity       | INFO  | Hard-clipped 31 w_cons parameters to delta_max=0.0300 bound.
2026-08-11 20:07:24 | sleep.weights.plasticity       | INFO  | Hard-clipped 31 w_cons parameters to delta_max=0.0300 bound.
2026-08-11 20:07:24 | sleep.weights.plasticity       | INFO  | Hard-clipped 31 w_cons parameters to delta_max=0.0300 bound.
2026-08-11 20:07:25 | sleep.weights.plasticity       | INFO  | Hard-clipped 31 w_cons parameters to delta_max=0.0300 bound.
2026-08-11 20:07:25 | sleep.weights.plasticity       | INFO  | Hard-clipped 31 w_cons parameters to delta_max=0.0300 bound.
2026-08-11 20:07:26 | sleep.weights.plasticity       | INFO  | Hard-clipped 31 w_cons parameters to delta_max=0.0300 bound.
2026-08-11 20:07:26 | sleep.weights.plasticity       | INFO  | Hard-clipped 30 w_cons parameters to delta_max=0.0300 bound.
2026-08-11 20:07:27 | sleep.weights.plasticity       | INFO  | Hard-clipped 28 w_cons parameters to delta_max=0.0300 bound.
2026-08-11 20:07:27 | sleep.weights.plasticity       | INFO  | Hard-clipped 30 w_cons parameters to delta_max=0.0300 bound.
2026-08-11 20:07:28 | sleep.weights.plasticity       | INFO  | Hard-clipped 31 w_cons parameters to delta_max=0.0300 bound.
2026-08-11 20:07:28 | sleep.weights.plasticity       | INFO  | Hard-clipped 31 w_cons parameters to delta_max=0.0300 bound.
2026-08-11 20:07:29 | sleep.weights.plasticity       | INFO  | Hard-clipped 31 w_cons parameters to delta_max=0.0300 bound.
2026-08-11 20:07:29 | sleep.weights.plasticity       | INFO  | Hard-clipped 31 w_cons parameters to delta_max=0.0300 bound.
2026-08-11 20:07:30 | sleep.weights.plasticity       | INFO  | Hard-clipped 31 w_cons parameters to delta_max=0.0300 bound.
2026-08-11 20:07:30 | sleep.weights.plasticity       | INFO  | Hard-clipped 31 w_cons parameters to delta_max=0.0300 bound.
2026-08-11 20:07:31 | sleep.weights.plasticity       | INFO  | Hard-clipped 31 w_cons parameters to delta_max=0.0300 bound.
2026-08-11 20:07:31 | sleep.weights.plasticity       | INFO  | Hard-clipped 31 w_cons parameters to delta_max=0.0300 bound.
2026-08-11 20:07:32 | sleep.weights.plasticity       | INFO  | Hard-clipped 29 w_cons parameters to delta_max=0.0300 bound.
2026-08-11 20:07:32 | sleep.weights.plasticity       | INFO  | Hard-clipped 27 w_cons parameters to delta_max=0.0300 bound.
2026-08-11 20:07:33 | sleep.weights.plasticity       | INFO  | Hard-clipped 26 w_cons parameters to delta_max=0.0300 bound.
2026-08-11 20:07:33 | sleep.weights.plasticity       | INFO  | Hard-clipped 26 w_cons parameters to delta_max=0.0300 bound.
2026-08-11 20:07:34 | sleep.weights.plasticity       | INFO  | Hard-clipped 29 w_cons parameters to delta_max=0.0300 bound.
2026-08-11 20:07:34 | sleep.weights.plasticity       | INFO  | Hard-clipped 29 w_cons parameters to delta_max=0.0300 bound.
2026-08-11 20:07:35 | sleep.weights.plasticity       | INFO  | Hard-clipped 32 w_cons parameters to delta_max=0.0300 bound.
2026-08-11 20:07:35 | sleep.weights.plasticity       | INFO  | Hard-clipped 32 w_cons parameters to delta_max=0.0300 bound.
2026-08-11 20:07:36 | sleep.weights.plasticity       | INFO  | Hard-clipped 32 w_cons parameters to delta_max=0.0300 bound.
2026-08-11 20:07:36 | sleep.weights.plasticity       | INFO  | Hard-clipped 32 w_cons parameters to delta_max=0.0300 bound.
2026-08-11 20:07:37 | sleep.weights.plasticity       | INFO  | Hard-clipped 31 w_cons parameters to delta_max=0.0300 bound.
2026-08-11 20:07:37 | sleep.weights.plasticity       | INFO  | Hard-clipped 31 w_cons parameters to delta_max=0.0300 bound.
2026-08-11 20:07:38 | sleep.weights.plasticity       | INFO  | Hard-clipped 31 w_cons parameters to delta_max=0.0300 bound.
2026-08-11 20:07:38 | sleep.weights.plasticity       | INFO  | Hard-clipped 31 w_cons parameters to delta_max=0.0300 bound.
2026-08-11 20:07:39 | sleep.weights.plasticity       | INFO  | Hard-clipped 31 w_cons parameters to delta_max=0.0300 bound.
2026-08-11 20:07:39 | sleep.weights.plasticity       | INFO  | Hard-clipped 32 w_cons parameters to delta_max=0.0300 bound.
2026-08-11 20:07:40 | sleep.weights.plasticity       | INFO  | Hard-clipped 32 w_cons parameters to delta_max=0.0300 bound.
2026-08-11 20:07:40 | sleep.weights.plasticity       | INFO  | Hard-clipped 30 w_cons parameters to delta_max=0.0300 bound.
2026-08-11 20:07:41 | sleep.weights.plasticity       | INFO  | Hard-clipped 30 w_cons parameters to delta_max=0.0300 bound.
2026-08-11 20:07:41 | sleep.weights.plasticity       | INFO  | Hard-clipped 31 w_cons parameters to delta_max=0.0300 bound.
2026-08-11 20:07:42 | sleep.weights.plasticity       | INFO  | Hard-clipped 31 w_cons parameters to delta_max=0.0300 bound.
2026-08-11 20:07:42 | sleep.weights.plasticity       | INFO  | Hard-clipped 31 w_cons parameters to delta_max=0.0300 bound.
2026-08-11 20:07:43 | sleep.weights.plasticity       | INFO  | Hard-clipped 31 w_cons parameters to delta_max=0.0300 bound.
2026-08-11 20:07:43 | sleep.weights.plasticity       | INFO  | Hard-clipped 32 w_cons parameters to delta_max=0.0300 bound.
2026-08-11 20:07:43 | sleep.sleep_engine.train       | INFO  |   step 450/1500 | loss=0.4184 | mean_loss=1.1844 | eta=4 | lr=8.83e-05
2026-08-11 20:07:44 | sleep.weights.plasticity       | INFO  | Hard-clipped 32 w_cons parameters to delta_max=0.0300 bound.
2026-08-11 20:07:44 | sleep.weights.plasticity       | INFO  | Hard-clipped 32 w_cons parameters to delta_max=0.0300 bound.
2026-08-11 20:07:45 | sleep.weights.plasticity       | INFO  | Hard-clipped 32 w_cons parameters to delta_max=0.0300 bound.
2026-08-11 20:07:45 | sleep.weights.plasticity       | INFO  | Hard-clipped 33 w_cons parameters to delta_max=0.0300 bound.
2026-08-11 20:07:45 | sleep.weights.plasticity       | INFO  | Hard-clipped 33 w_cons parameters to delta_max=0.0300 bound.
2026-08-11 20:07:46 | sleep.weights.plasticity       | INFO  | Hard-clipped 33 w_cons parameters to delta_max=0.0300 bound.
2026-08-11 20:07:46 | sleep.weights.plasticity       | INFO  | Hard-clipped 33 w_cons parameters to delta_max=0.0300 bound.
2026-08-11 20:07:47 | sleep.weights.plasticity       | INFO  | Hard-clipped 33 w_cons parameters to delta_max=0.0300 bound.
2026-08-11 20:07:47 | sleep.weights.plasticity       | INFO  | Hard-clipped 32 w_cons parameters to delta_max=0.0300 bound.
2026-08-11 20:07:48 | sleep.weights.plasticity       | INFO  | Hard-clipped 32 w_cons parameters to delta_max=0.0300 bound.
2026-08-11 20:07:48 | sleep.weights.plasticity       | INFO  | Hard-clipped 33 w_cons parameters to delta_max=0.0300 bound.
2026-08-11 20:07:49 | sleep.weights.plasticity       | INFO  | Hard-clipped 33 w_cons parameters to delta_max=0.0300 bound.
2026-08-11 20:07:49 | sleep.weights.plasticity       | INFO  | Hard-clipped 33 w_cons parameters to delta_max=0.0300 bound.
2026-08-11 20:07:50 | sleep.weights.plasticity       | INFO  | Hard-clipped 33 w_cons parameters to delta_max=0.0300 bound.
2026-08-11 20:07:50 | sleep.weights.plasticity       | INFO  | Hard-clipped 33 w_cons parameters to delta_max=0.0300 bound.
2026-08-11 20:07:51 | sleep.weights.plasticity       | INFO  | Hard-clipped 34 w_cons parameters to delta_max=0.0300 bound.
2026-08-11 20:07:51 | sleep.weights.plasticity       | INFO  | Hard-clipped 34 w_cons parameters to delta_max=0.0300 bound.
2026-08-11 20:07:52 | sleep.weights.plasticity       | INFO  | Hard-clipped 34 w_cons parameters to delta_max=0.0300 bound.
2026-08-11 20:07:52 | sleep.weights.plasticity       | INFO  | Hard-clipped 34 w_cons parameters to delta_max=0.0300 bound.
2026-08-11 20:07:53 | sleep.weights.plasticity       | INFO  | Hard-clipped 34 w_cons parameters to delta_max=0.0300 bound.
2026-08-11 20:07:53 | sleep.weights.plasticity       | INFO  | Hard-clipped 33 w_cons parameters to delta_max=0.0300 bound.
2026-08-11 20:07:54 | sleep.weights.plasticity       | INFO  | Hard-clipped 26 w_cons parameters to delta_max=0.0300 bound.
2026-08-11 20:07:54 | sleep.weights.plasticity       | INFO  | Hard-clipped 29 w_cons parameters to delta_max=0.0300 bound.
2026-08-11 20:07:55 | sleep.weights.plasticity       | INFO  | Hard-clipped 30 w_cons parameters to delta_max=0.0300 bound.
2026-08-11 20:07:55 | sleep.weights.plasticity       | INFO  | Hard-clipped 32 w_cons parameters to delta_max=0.0300 bound.
2026-08-11 20:07:56 | sleep.weights.plasticity       | INFO  | Hard-clipped 33 w_cons parameters to delta_max=0.0300 bound.
2026-08-11 20:07:56 | sleep.weights.plasticity       | INFO  | Hard-clipped 34 w_cons parameters to delta_max=0.0300 bound.
2026-08-11 20:07:57 | sleep.weights.plasticity       | INFO  | Hard-clipped 34 w_cons parameters to delta_max=0.0300 bound.
2026-08-11 20:07:57 | sleep.weights.plasticity       | INFO  | Hard-clipped 34 w_cons parameters to delta_max=0.0300 bound.
2026-08-11 20:07:58 | sleep.weights.plasticity       | INFO  | Hard-clipped 32 w_cons parameters to delta_max=0.0300 bound.
2026-08-11 20:07:58 | sleep.weights.plasticity       | INFO  | Hard-clipped 32 w_cons parameters to delta_max=0.0300 bound.
2026-08-11 20:07:59 | sleep.weights.plasticity       | INFO  | Hard-clipped 32 w_cons parameters to delta_max=0.0300 bound.
2026-08-11 20:07:59 | sleep.weights.plasticity       | INFO  | Hard-clipped 33 w_cons parameters to delta_max=0.0300 bound.
2026-08-11 20:08:00 | sleep.weights.plasticity       | INFO  | Hard-clipped 33 w_cons parameters to delta_max=0.0300 bound.
2026-08-11 20:08:00 | sleep.weights.plasticity       | INFO  | Hard-clipped 33 w_cons parameters to delta_max=0.0300 bound.
2026-08-11 20:08:01 | sleep.weights.plasticity       | INFO  | Hard-clipped 34 w_cons parameters to delta_max=0.0300 bound.
2026-08-11 20:08:01 | sleep.weights.plasticity       | INFO  | Hard-clipped 34 w_cons parameters to delta_max=0.0300 bound.
2026-08-11 20:08:02 | sleep.weights.plasticity       | INFO  | Hard-clipped 34 w_cons parameters to delta_max=0.0300 bound.
2026-08-11 20:08:02 | sleep.weights.plasticity       | INFO  | Hard-clipped 34 w_cons parameters to delta_max=0.0300 bound.
2026-08-11 20:08:03 | sleep.weights.plasticity       | INFO  | Hard-clipped 34 w_cons parameters to delta_max=0.0300 bound.
2026-08-11 20:08:03 | sleep.weights.plasticity       | INFO  | Hard-clipped 34 w_cons parameters to delta_max=0.0300 bound.
2026-08-11 20:08:04 | sleep.weights.plasticity       | INFO  | Hard-clipped 34 w_cons parameters to delta_max=0.0300 bound.
2026-08-11 20:08:04 | sleep.weights.plasticity       | INFO  | Hard-clipped 34 w_cons parameters to delta_max=0.0300 bound.
2026-08-11 20:08:05 | sleep.weights.plasticity       | INFO  | Hard-clipped 34 w_cons parameters to delta_max=0.0300 bound.
2026-08-11 20:08:05 | sleep.weights.plasticity       | INFO  | Hard-clipped 33 w_cons parameters to delta_max=0.0300 bound.
2026-08-11 20:08:06 | sleep.weights.plasticity       | INFO  | Hard-clipped 35 w_cons parameters to delta_max=0.0300 bound.
2026-08-11 20:08:06 | sleep.weights.plasticity       | INFO  | Hard-clipped 35 w_cons parameters to delta_max=0.0300 bound.
2026-08-11 20:08:07 | sleep.weights.plasticity       | INFO  | Hard-clipped 34 w_cons parameters to delta_max=0.0300 bound.
2026-08-11 20:08:07 | sleep.weights.plasticity       | INFO  | Hard-clipped 34 w_cons parameters to delta_max=0.0300 bound.
2026-08-11 20:08:08 | sleep.weights.plasticity       | INFO  | Hard-clipped 34 w_cons parameters to delta_max=0.0300 bound.
2026-08-11 20:08:08 | sleep.weights.plasticity       | INFO  | Hard-clipped 33 w_cons parameters to delta_max=0.0300 bound.
2026-08-11 20:08:09 | sleep.weights.plasticity       | INFO  | Hard-clipped 34 w_cons parameters to delta_max=0.0300 bound.
2026-08-11 20:08:10 | sleep.weights.plasticity       | INFO  | Hard-clipped 34 w_cons parameters to delta_max=0.0300 bound.
2026-08-11 20:08:10 | sleep.weights.plasticity       | INFO  | Hard-clipped 35 w_cons parameters to delta_max=0.0300 bound.
2026-08-11 20:08:11 | sleep.weights.plasticity       | INFO  | Hard-clipped 35 w_cons parameters to delta_max=0.0300 bound.
2026-08-11 20:08:11 | sleep.weights.plasticity       | INFO  | Hard-clipped 35 w_cons parameters to delta_max=0.0300 bound.
2026-08-11 20:08:12 | sleep.weights.plasticity       | INFO  | Hard-clipped 35 w_cons parameters to delta_max=0.0300 bound.
2026-08-11 20:08:12 | sleep.weights.plasticity       | INFO  | Hard-clipped 35 w_cons parameters to delta_max=0.0300 bound.
2026-08-11 20:08:12 | sleep.weights.plasticity       | INFO  | Hard-clipped 35 w_cons parameters to delta_max=0.0300 bound.
2026-08-11 20:08:13 | sleep.weights.plasticity       | INFO  | Hard-clipped 35 w_cons parameters to delta_max=0.0300 bound.
2026-08-11 20:08:13 | sleep.weights.plasticity       | INFO  | Hard-clipped 35 w_cons parameters to delta_max=0.0300 bound.
2026-08-11 20:08:14 | sleep.weights.plasticity       | INFO  | Hard-clipped 35 w_cons parameters to delta_max=0.0300 bound.
2026-08-11 20:08:14 | sleep.weights.plasticity       | INFO  | Hard-clipped 35 w_cons parameters to delta_max=0.0300 bound.
2026-08-11 20:08:15 | sleep.weights.plasticity       | INFO  | Hard-clipped 34 w_cons parameters to delta_max=0.0300 bound.
2026-08-11 20:08:15 | sleep.weights.plasticity       | INFO  | Hard-clipped 35 w_cons parameters to delta_max=0.0300 bound.
2026-08-11 20:08:16 | sleep.weights.plasticity       | INFO  | Hard-clipped 35 w_cons parameters to delta_max=0.0300 bound.
2026-08-11 20:08:16 | sleep.weights.plasticity       | INFO  | Hard-clipped 35 w_cons parameters to delta_max=0.0300 bound.
2026-08-11 20:08:17 | sleep.weights.plasticity       | INFO  | Hard-clipped 35 w_cons parameters to delta_max=0.0300 bound.
2026-08-11 20:08:17 | sleep.weights.plasticity       | INFO  | Hard-clipped 35 w_cons parameters to delta_max=0.0300 bound.
2026-08-11 20:08:18 | sleep.weights.plasticity       | INFO  | Hard-clipped 35 w_cons parameters to delta_max=0.0300 bound.
2026-08-11 20:08:18 | sleep.weights.plasticity       | INFO  | Hard-clipped 35 w_cons parameters to delta_max=0.0300 bound.
2026-08-11 20:08:19 | sleep.weights.plasticity       | INFO  | Hard-clipped 35 w_cons parameters to delta_max=0.0300 bound.
2026-08-11 20:08:19 | sleep.weights.plasticity       | INFO  | Hard-clipped 35 w_cons parameters to delta_max=0.0300 bound.
2026-08-11 20:08:20 | sleep.weights.plasticity       | INFO  | Hard-clipped 35 w_cons parameters to delta_max=0.0300 bound.
2026-08-11 20:08:20 | sleep.weights.plasticity       | INFO  | Hard-clipped 35 w_cons parameters to delta_max=0.0300 bound.
2026-08-11 20:08:21 | sleep.weights.plasticity       | INFO  | Hard-clipped 35 w_cons parameters to delta_max=0.0300 bound.
2026-08-11 20:08:21 | sleep.weights.plasticity       | INFO  | Hard-clipped 35 w_cons parameters to delta_max=0.0300 bound.
2026-08-11 20:08:22 | sleep.weights.plasticity       | INFO  | Hard-clipped 35 w_cons parameters to delta_max=0.0300 bound.
2026-08-11 20:08:22 | sleep.weights.plasticity       | INFO  | Hard-clipped 35 w_cons parameters to delta_max=0.0300 bound.
2026-08-11 20:08:23 | sleep.weights.plasticity       | INFO  | Hard-clipped 35 w_cons parameters to delta_max=0.0300 bound.
2026-08-11 20:08:23 | sleep.weights.plasticity       | INFO  | Hard-clipped 35 w_cons parameters to delta_max=0.0300 bound.
2026-08-11 20:08:24 | sleep.weights.plasticity       | INFO  | Hard-clipped 35 w_cons parameters to delta_max=0.0300 bound.
2026-08-11 20:08:24 | sleep.weights.plasticity       | INFO  | Hard-clipped 35 w_cons parameters to delta_max=0.0300 bound.
2026-08-11 20:08:25 | sleep.weights.plasticity       | INFO  | Hard-clipped 36 w_cons parameters to delta_max=0.0300 bound.
2026-08-11 20:08:25 | sleep.weights.plasticity       | INFO  | Hard-clipped 36 w_cons parameters to delta_max=0.0300 bound.
2026-08-11 20:08:26 | sleep.weights.plasticity       | INFO  | Hard-clipped 36 w_cons parameters to delta_max=0.0300 bound.
2026-08-11 20:08:26 | sleep.weights.plasticity       | INFO  | Hard-clipped 36 w_cons parameters to delta_max=0.0300 bound.
2026-08-11 20:08:27 | sleep.weights.plasticity       | INFO  | Hard-clipped 36 w_cons parameters to delta_max=0.0300 bound.
2026-08-11 20:08:27 | sleep.weights.plasticity       | INFO  | Hard-clipped 36 w_cons parameters to delta_max=0.0300 bound.
2026-08-11 20:08:28 | sleep.weights.plasticity       | INFO  | Hard-clipped 36 w_cons parameters to delta_max=0.0300 bound.
2026-08-11 20:08:28 | sleep.weights.plasticity       | INFO  | Hard-clipped 36 w_cons parameters to delta_max=0.0300 bound.
2026-08-11 20:08:29 | sleep.weights.plasticity       | INFO  | Hard-clipped 36 w_cons parameters to delta_max=0.0300 bound.
2026-08-11 20:08:29 | sleep.weights.plasticity       | INFO  | Hard-clipped 36 w_cons parameters to delta_max=0.0300 bound.
2026-08-11 20:08:30 | sleep.weights.plasticity       | INFO  | Hard-clipped 36 w_cons parameters to delta_max=0.0300 bound.
2026-08-11 20:08:30 | sleep.weights.plasticity       | INFO  | Hard-clipped 36 w_cons parameters to delta_max=0.0300 bound.
2026-08-11 20:08:31 | sleep.weights.plasticity       | INFO  | Hard-clipped 36 w_cons parameters to delta_max=0.0300 bound.
2026-08-11 20:08:31 | sleep.weights.plasticity       | INFO  | Hard-clipped 36 w_cons parameters to delta_max=0.0300 bound.
2026-08-11 20:08:32 | sleep.weights.plasticity       | INFO  | Hard-clipped 36 w_cons parameters to delta_max=0.0300 bound.
2026-08-11 20:08:32 | sleep.weights.plasticity       | INFO  | Hard-clipped 36 w_cons parameters to delta_max=0.0300 bound.
2026-08-11 20:08:33 | sleep.weights.plasticity       | INFO  | Hard-clipped 36 w_cons parameters to delta_max=0.0300 bound.
2026-08-11 20:08:33 | sleep.weights.plasticity       | INFO  | Hard-clipped 35 w_cons parameters to delta_max=0.0300 bound.
2026-08-11 20:08:34 | sleep.weights.plasticity       | INFO  | Hard-clipped 35 w_cons parameters to delta_max=0.0300 bound.
2026-08-11 20:08:34 | sleep.weights.plasticity       | INFO  | Hard-clipped 36 w_cons parameters to delta_max=0.0300 bound.
2026-08-11 20:08:35 | sleep.weights.plasticity       | INFO  | Hard-clipped 36 w_cons parameters to delta_max=0.0300 bound.
2026-08-11 20:08:35 | sleep.weights.plasticity       | INFO  | Hard-clipped 36 w_cons parameters to delta_max=0.0300 bound.
2026-08-11 20:08:36 | sleep.weights.plasticity       | INFO  | Hard-clipped 36 w_cons parameters to delta_max=0.0300 bound.
2026-08-11 20:08:36 | sleep.weights.plasticity       | INFO  | Hard-clipped 36 w_cons parameters to delta_max=0.0300 bound.
2026-08-11 20:08:37 | sleep.weights.plasticity       | INFO  | Hard-clipped 36 w_cons parameters to delta_max=0.0300 bound.
2026-08-11 20:08:37 | sleep.weights.plasticity       | INFO  | Hard-clipped 36 w_cons parameters to delta_max=0.0300 bound.
2026-08-11 20:08:38 | sleep.weights.plasticity       | INFO  | Hard-clipped 37 w_cons parameters to delta_max=0.0300 bound.
2026-08-11 20:08:38 | sleep.weights.plasticity       | INFO  | Hard-clipped 37 w_cons parameters to delta_max=0.0300 bound.
2026-08-11 20:08:39 | sleep.weights.plasticity       | INFO  | Hard-clipped 37 w_cons parameters to delta_max=0.0300 bound.
2026-08-11 20:08:39 | sleep.weights.plasticity       | INFO  | Hard-clipped 37 w_cons parameters to delta_max=0.0300 bound.
2026-08-11 20:08:40 | sleep.weights.plasticity       | INFO  | Hard-clipped 37 w_cons parameters to delta_max=0.0300 bound.
2026-08-11 20:08:40 | sleep.weights.plasticity       | INFO  | Hard-clipped 37 w_cons parameters to delta_max=0.0300 bound.
2026-08-11 20:08:41 | sleep.weights.plasticity       | INFO  | Hard-clipped 37 w_cons parameters to delta_max=0.0300 bound.
2026-08-11 20:08:41 | sleep.weights.plasticity       | INFO  | Hard-clipped 37 w_cons parameters to delta_max=0.0300 bound.
2026-08-11 20:08:42 | sleep.weights.plasticity       | INFO  | Hard-clipped 37 w_cons parameters to delta_max=0.0300 bound.
2026-08-11 20:08:42 | sleep.weights.plasticity       | INFO  | Hard-clipped 37 w_cons parameters to delta_max=0.0300 bound.
2026-08-11 20:08:43 | sleep.weights.plasticity       | INFO  | Hard-clipped 37 w_cons parameters to delta_max=0.0300 bound.
2026-08-11 20:08:43 | sleep.weights.plasticity       | INFO  | Hard-clipped 37 w_cons parameters to delta_max=0.0300 bound.
2026-08-11 20:08:44 | sleep.weights.plasticity       | INFO  | Hard-clipped 37 w_cons parameters to delta_max=0.0300 bound.
2026-08-11 20:08:44 | sleep.weights.plasticity       | INFO  | Hard-clipped 37 w_cons parameters to delta_max=0.0300 bound.
2026-08-11 20:08:45 | sleep.weights.plasticity       | INFO  | Hard-clipped 37 w_cons parameters to delta_max=0.0300 bound.
2026-08-11 20:08:45 | sleep.weights.plasticity       | INFO  | Hard-clipped 36 w_cons parameters to delta_max=0.0300 bound.
2026-08-11 20:08:46 | sleep.weights.plasticity       | INFO  | Hard-clipped 31 w_cons parameters to delta_max=0.0300 bound.
2026-08-11 20:08:46 | sleep.weights.plasticity       | INFO  | Hard-clipped 28 w_cons parameters to delta_max=0.0300 bound.
2026-08-11 20:08:47 | sleep.weights.plasticity       | INFO  | Hard-clipped 25 w_cons parameters to delta_max=0.0300 bound.
2026-08-11 20:08:47 | sleep.weights.plasticity       | INFO  | Hard-clipped 21 w_cons parameters to delta_max=0.0300 bound.
2026-08-11 20:08:48 | sleep.weights.plasticity       | INFO  | Hard-clipped 23 w_cons parameters to delta_max=0.0300 bound.
2026-08-11 20:08:48 | sleep.weights.plasticity       | INFO  | Hard-clipped 26 w_cons parameters to delta_max=0.0300 bound.
2026-08-11 20:08:49 | sleep.weights.plasticity       | INFO  | Hard-clipped 24 w_cons parameters to delta_max=0.0300 bound.
2026-08-11 20:08:49 | sleep.weights.plasticity       | INFO  | Hard-clipped 25 w_cons parameters to delta_max=0.0300 bound.
2026-08-11 20:08:50 | sleep.weights.plasticity       | INFO  | Hard-clipped 27 w_cons parameters to delta_max=0.0300 bound.
2026-08-11 20:08:50 | sleep.weights.plasticity       | INFO  | Hard-clipped 32 w_cons parameters to delta_max=0.0300 bound.
2026-08-11 20:08:51 | sleep.weights.plasticity       | INFO  | Hard-clipped 33 w_cons parameters to delta_max=0.0300 bound.
2026-08-11 20:08:51 | sleep.weights.plasticity       | INFO  | Hard-clipped 35 w_cons parameters to delta_max=0.0300 bound.
2026-08-11 20:08:52 | sleep.weights.plasticity       | INFO  | Hard-clipped 38 w_cons parameters to delta_max=0.0300 bound.
2026-08-11 20:08:52 | sleep.weights.plasticity       | INFO  | Hard-clipped 38 w_cons parameters to delta_max=0.0300 bound.
2026-08-11 20:08:53 | sleep.weights.plasticity       | INFO  | Hard-clipped 35 w_cons parameters to delta_max=0.0300 bound.
2026-08-11 20:08:53 | sleep.weights.plasticity       | INFO  | Hard-clipped 35 w_cons parameters to delta_max=0.0300 bound.
2026-08-11 20:08:54 | sleep.weights.plasticity       | INFO  | Hard-clipped 36 w_cons parameters to delta_max=0.0300 bound.
2026-08-11 20:08:54 | sleep.weights.plasticity       | INFO  | Hard-clipped 31 w_cons parameters to delta_max=0.0300 bound.
2026-08-11 20:08:55 | sleep.weights.plasticity       | INFO  | Hard-clipped 32 w_cons parameters to delta_max=0.0300 bound.
2026-08-11 20:08:55 | sleep.weights.plasticity       | INFO  | Hard-clipped 33 w_cons parameters to delta_max=0.0300 bound.
2026-08-11 20:08:56 | sleep.weights.plasticity       | INFO  | Hard-clipped 34 w_cons parameters to delta_max=0.0300 bound.
2026-08-11 20:08:56 | sleep.weights.plasticity       | INFO  | Hard-clipped 36 w_cons parameters to delta_max=0.0300 bound.
2026-08-11 20:08:57 | sleep.weights.plasticity       | INFO  | Hard-clipped 36 w_cons parameters to delta_max=0.0300 bound.
2026-08-11 20:08:57 | sleep.weights.plasticity       | INFO  | Hard-clipped 32 w_cons parameters to delta_max=0.0300 bound.
2026-08-11 20:08:58 | sleep.weights.plasticity       | INFO  | Hard-clipped 32 w_cons parameters to delta_max=0.0300 bound.
2026-08-11 20:08:58 | sleep.sleep_engine.train       | INFO  |   step 600/1500 | loss=0.3089 | mean_loss=0.9848 | eta=4 | lr=7.50e-05
2026-08-11 20:08:58 | sleep.weights.plasticity       | INFO  | Hard-clipped 30 w_cons parameters to delta_max=0.0300 bound.
2026-08-11 20:08:59 | sleep.weights.plasticity       | INFO  | Hard-clipped 30 w_cons parameters to delta_max=0.0300 bound.
2026-08-11 20:08:59 | sleep.weights.plasticity       | INFO  | Hard-clipped 30 w_cons parameters to delta_max=0.0300 bound.
2026-08-11 20:08:59 | sleep.weights.plasticity       | INFO  | Hard-clipped 31 w_cons parameters to delta_max=0.0300 bound.
2026-08-11 20:09:00 | sleep.weights.plasticity       | INFO  | Hard-clipped 33 w_cons parameters to delta_max=0.0300 bound.
2026-08-11 20:09:00 | sleep.weights.plasticity       | INFO  | Hard-clipped 36 w_cons parameters to delta_max=0.0300 bound.
2026-08-11 20:09:01 | sleep.weights.plasticity       | INFO  | Hard-clipped 32 w_cons parameters to delta_max=0.0300 bound.
2026-08-11 20:09:01 | sleep.weights.plasticity       | INFO  | Hard-clipped 25 w_cons parameters to delta_max=0.0300 bound.
2026-08-11 20:09:02 | sleep.weights.plasticity       | INFO  | Hard-clipped 28 w_cons parameters to delta_max=0.0300 bound.
2026-08-11 20:09:02 | sleep.weights.plasticity       | INFO  | Hard-clipped 28 w_cons parameters to delta_max=0.0300 bound.
2026-08-11 20:09:03 | sleep.weights.plasticity       | INFO  | Hard-clipped 29 w_cons parameters to delta_max=0.0300 bound.
2026-08-11 20:09:03 | sleep.weights.plasticity       | INFO  | Hard-clipped 33 w_cons parameters to delta_max=0.0300 bound.
2026-08-11 20:09:04 | sleep.weights.plasticity       | INFO  | Hard-clipped 34 w_cons parameters to delta_max=0.0300 bound.
2026-08-11 20:09:04 | sleep.weights.plasticity       | INFO  | Hard-clipped 34 w_cons parameters to delta_max=0.0300 bound.
2026-08-11 20:09:05 | sleep.weights.plasticity       | INFO  | Hard-clipped 37 w_cons parameters to delta_max=0.0300 bound.
2026-08-11 20:09:05 | sleep.weights.plasticity       | INFO  | Hard-clipped 37 w_cons parameters to delta_max=0.0300 bound.
2026-08-11 20:09:06 | sleep.weights.plasticity       | INFO  | Hard-clipped 37 w_cons parameters to delta_max=0.0300 bound.
2026-08-11 20:09:06 | sleep.weights.plasticity       | INFO  | Hard-clipped 37 w_cons parameters to delta_max=0.0300 bound.
2026-08-11 20:09:07 | sleep.weights.plasticity       | INFO  | Hard-clipped 37 w_cons parameters to delta_max=0.0300 bound.
2026-08-11 20:09:07 | sleep.weights.plasticity       | INFO  | Hard-clipped 37 w_cons parameters to delta_max=0.0300 bound.
2026-08-11 20:09:08 | sleep.weights.plasticity       | INFO  | Hard-clipped 36 w_cons parameters to delta_max=0.0300 bound.
2026-08-11 20:09:08 | sleep.weights.plasticity       | INFO  | Hard-clipped 33 w_cons parameters to delta_max=0.0300 bound.
2026-08-11 20:09:09 | sleep.weights.plasticity       | INFO  | Hard-clipped 34 w_cons parameters to delta_max=0.0300 bound.
2026-08-11 20:09:09 | sleep.weights.plasticity       | INFO  | Hard-clipped 31 w_cons parameters to delta_max=0.0300 bound.
2026-08-11 20:09:10 | sleep.weights.plasticity       | INFO  | Hard-clipped 31 w_cons parameters to delta_max=0.0300 bound.
2026-08-11 20:09:10 | sleep.weights.plasticity       | INFO  | Hard-clipped 33 w_cons parameters to delta_max=0.0300 bound.
2026-08-11 20:09:11 | sleep.weights.plasticity       | INFO  | Hard-clipped 33 w_cons parameters to delta_max=0.0300 bound.
2026-08-11 20:09:11 | sleep.weights.plasticity       | INFO  | Hard-clipped 36 w_cons parameters to delta_max=0.0300 bound.
2026-08-11 20:09:12 | sleep.weights.plasticity       | INFO  | Hard-clipped 35 w_cons parameters to delta_max=0.0300 bound.
2026-08-11 20:09:12 | sleep.weights.plasticity       | INFO  | Hard-clipped 37 w_cons parameters to delta_max=0.0300 bound.
2026-08-11 20:09:13 | sleep.weights.plasticity       | INFO  | Hard-clipped 33 w_cons parameters to delta_max=0.0300 bound.
2026-08-11 20:09:13 | sleep.weights.plasticity       | INFO  | Hard-clipped 29 w_cons parameters to delta_max=0.0300 bound.
2026-08-11 20:09:14 | sleep.weights.plasticity       | INFO  | Hard-clipped 26 w_cons parameters to delta_max=0.0300 bound.
2026-08-11 20:09:14 | sleep.weights.plasticity       | INFO  | Hard-clipped 26 w_cons parameters to delta_max=0.0300 bound.
2026-08-11 20:09:15 | sleep.weights.plasticity       | INFO  | Hard-clipped 26 w_cons parameters to delta_max=0.0300 bound.
2026-08-11 20:09:15 | sleep.weights.plasticity       | INFO  | Hard-clipped 25 w_cons parameters to delta_max=0.0300 bound.
2026-08-11 20:09:16 | sleep.weights.plasticity       | INFO  | Hard-clipped 27 w_cons parameters to delta_max=0.0300 bound.
2026-08-11 20:09:16 | sleep.weights.plasticity       | INFO  | Hard-clipped 27 w_cons parameters to delta_max=0.0300 bound.
2026-08-11 20:09:17 | sleep.weights.plasticity       | INFO  | Hard-clipped 30 w_cons parameters to delta_max=0.0300 bound.
2026-08-11 20:09:17 | sleep.weights.plasticity       | INFO  | Hard-clipped 30 w_cons parameters to delta_max=0.0300 bound.
2026-08-11 20:09:18 | sleep.weights.plasticity       | INFO  | Hard-clipped 34 w_cons parameters to delta_max=0.0300 bound.
2026-08-11 20:09:18 | sleep.weights.plasticity       | INFO  | Hard-clipped 35 w_cons parameters to delta_max=0.0300 bound.
2026-08-11 20:09:19 | sleep.weights.plasticity       | INFO  | Hard-clipped 35 w_cons parameters to delta_max=0.0300 bound.
2026-08-11 20:09:19 | sleep.weights.plasticity       | INFO  | Hard-clipped 35 w_cons parameters to delta_max=0.0300 bound.
2026-08-11 20:09:20 | sleep.weights.plasticity       | INFO  | Hard-clipped 36 w_cons parameters to delta_max=0.0300 bound.
2026-08-11 20:09:20 | sleep.weights.plasticity       | INFO  | Hard-clipped 36 w_cons parameters to delta_max=0.0300 bound.
2026-08-11 20:09:21 | sleep.weights.plasticity       | INFO  | Hard-clipped 38 w_cons parameters to delta_max=0.0300 bound.
2026-08-11 20:09:21 | sleep.weights.plasticity       | INFO  | Hard-clipped 38 w_cons parameters to delta_max=0.0300 bound.
2026-08-11 20:09:22 | sleep.weights.plasticity       | INFO  | Hard-clipped 38 w_cons parameters to delta_max=0.0300 bound.
2026-08-11 20:09:22 | sleep.weights.plasticity       | INFO  | Hard-clipped 38 w_cons parameters to delta_max=0.0300 bound.
2026-08-11 20:09:22 | sleep.weights.plasticity       | INFO  | Hard-clipped 36 w_cons parameters to delta_max=0.0300 bound.
2026-08-11 20:09:23 | sleep.weights.plasticity       | INFO  | Hard-clipped 32 w_cons parameters to delta_max=0.0300 bound.
2026-08-11 20:09:24 | sleep.weights.plasticity       | INFO  | Hard-clipped 35 w_cons parameters to delta_max=0.0300 bound.
2026-08-11 20:09:24 | sleep.weights.plasticity       | INFO  | Hard-clipped 34 w_cons parameters to delta_max=0.0300 bound.
2026-08-11 20:09:25 | sleep.weights.plasticity       | INFO  | Hard-clipped 35 w_cons parameters to delta_max=0.0300 bound.
2026-08-11 20:09:25 | sleep.weights.plasticity       | INFO  | Hard-clipped 35 w_cons parameters to delta_max=0.0300 bound.
2026-08-11 20:09:25 | sleep.weights.plasticity       | INFO  | Hard-clipped 35 w_cons parameters to delta_max=0.0300 bound.
2026-08-11 20:09:26 | sleep.weights.plasticity       | INFO  | Hard-clipped 34 w_cons parameters to delta_max=0.0300 bound.
2026-08-11 20:09:26 | sleep.weights.plasticity       | INFO  | Hard-clipped 33 w_cons parameters to delta_max=0.0300 bound.
2026-08-11 20:09:27 | sleep.weights.plasticity       | INFO  | Hard-clipped 35 w_cons parameters to delta_max=0.0300 bound.
2026-08-11 20:09:27 | sleep.weights.plasticity       | INFO  | Hard-clipped 34 w_cons parameters to delta_max=0.0300 bound.
2026-08-11 20:09:28 | sleep.weights.plasticity       | INFO  | Hard-clipped 35 w_cons parameters to delta_max=0.0300 bound.
2026-08-11 20:09:28 | sleep.weights.plasticity       | INFO  | Hard-clipped 34 w_cons parameters to delta_max=0.0300 bound.
2026-08-11 20:09:29 | sleep.weights.plasticity       | INFO  | Hard-clipped 31 w_cons parameters to delta_max=0.0300 bound.
2026-08-11 20:09:29 | sleep.weights.plasticity       | INFO  | Hard-clipped 31 w_cons parameters to delta_max=0.0300 bound.
2026-08-11 20:09:30 | sleep.weights.plasticity       | INFO  | Hard-clipped 31 w_cons parameters to delta_max=0.0300 bound.
2026-08-11 20:09:30 | sleep.weights.plasticity       | INFO  | Hard-clipped 33 w_cons parameters to delta_max=0.0300 bound.
2026-08-11 20:09:31 | sleep.weights.plasticity       | INFO  | Hard-clipped 33 w_cons parameters to delta_max=0.0300 bound.
2026-08-11 20:09:31 | sleep.weights.plasticity       | INFO  | Hard-clipped 33 w_cons parameters to delta_max=0.0300 bound.
2026-08-11 20:09:32 | sleep.weights.plasticity       | INFO  | Hard-clipped 34 w_cons parameters to delta_max=0.0300 bound.
2026-08-11 20:09:32 | sleep.weights.plasticity       | INFO  | Hard-clipped 35 w_cons parameters to delta_max=0.0300 bound.
2026-08-11 20:09:33 | sleep.weights.plasticity       | INFO  | Hard-clipped 36 w_cons parameters to delta_max=0.0300 bound.
2026-08-11 20:09:33 | sleep.weights.plasticity       | INFO  | Hard-clipped 37 w_cons parameters to delta_max=0.0300 bound.
2026-08-11 20:09:34 | sleep.weights.plasticity       | INFO  | Hard-clipped 37 w_cons parameters to delta_max=0.0300 bound.
2026-08-11 20:09:34 | sleep.weights.plasticity       | INFO  | Hard-clipped 37 w_cons parameters to delta_max=0.0300 bound.
2026-08-11 20:09:35 | sleep.weights.plasticity       | INFO  | Hard-clipped 37 w_cons parameters to delta_max=0.0300 bound.
2026-08-11 20:09:35 | sleep.weights.plasticity       | INFO  | Hard-clipped 37 w_cons parameters to delta_max=0.0300 bound.
2026-08-11 20:09:36 | sleep.weights.plasticity       | INFO  | Hard-clipped 37 w_cons parameters to delta_max=0.0300 bound.
2026-08-11 20:09:36 | sleep.weights.plasticity       | INFO  | Hard-clipped 37 w_cons parameters to delta_max=0.0300 bound.
2026-08-11 20:09:37 | sleep.weights.plasticity       | INFO  | Hard-clipped 37 w_cons parameters to delta_max=0.0300 bound.
2026-08-11 20:09:37 | sleep.weights.plasticity       | INFO  | Hard-clipped 37 w_cons parameters to delta_max=0.0300 bound.
2026-08-11 20:09:38 | sleep.weights.plasticity       | INFO  | Hard-clipped 37 w_cons parameters to delta_max=0.0300 bound.
2026-08-11 20:09:38 | sleep.weights.plasticity       | INFO  | Hard-clipped 35 w_cons parameters to delta_max=0.0300 bound.
2026-08-11 20:09:39 | sleep.weights.plasticity       | INFO  | Hard-clipped 27 w_cons parameters to delta_max=0.0300 bound.
2026-08-11 20:09:39 | sleep.weights.plasticity       | INFO  | Hard-clipped 28 w_cons parameters to delta_max=0.0300 bound.
2026-08-11 20:09:40 | sleep.weights.plasticity       | INFO  | Hard-clipped 30 w_cons parameters to delta_max=0.0300 bound.
2026-08-11 20:09:40 | sleep.weights.plasticity       | INFO  | Hard-clipped 27 w_cons parameters to delta_max=0.0300 bound.
2026-08-11 20:09:41 | sleep.weights.plasticity       | INFO  | Hard-clipped 28 w_cons parameters to delta_max=0.0300 bound.
2026-08-11 20:09:41 | sleep.weights.plasticity       | INFO  | Hard-clipped 30 w_cons parameters to delta_max=0.0300 bound.
2026-08-11 20:09:42 | sleep.weights.plasticity       | INFO  | Hard-clipped 31 w_cons parameters to delta_max=0.0300 bound.
2026-08-11 20:09:42 | sleep.weights.plasticity       | INFO  | Hard-clipped 30 w_cons parameters to delta_max=0.0300 bound.
2026-08-11 20:09:43 | sleep.weights.plasticity       | INFO  | Hard-clipped 29 w_cons parameters to delta_max=0.0300 bound.
2026-08-11 20:09:43 | sleep.weights.plasticity       | INFO  | Hard-clipped 30 w_cons parameters to delta_max=0.0300 bound.
2026-08-11 20:09:44 | sleep.weights.plasticity       | INFO  | Hard-clipped 33 w_cons parameters to delta_max=0.0300 bound.
2026-08-11 20:09:44 | sleep.weights.plasticity       | INFO  | Hard-clipped 32 w_cons parameters to delta_max=0.0300 bound.
2026-08-11 20:09:45 | sleep.weights.plasticity       | INFO  | Hard-clipped 29 w_cons parameters to delta_max=0.0300 bound.
2026-08-11 20:09:45 | sleep.weights.plasticity       | INFO  | Hard-clipped 30 w_cons parameters to delta_max=0.0300 bound.
2026-08-11 20:09:45 | sleep.weights.plasticity       | INFO  | Hard-clipped 30 w_cons parameters to delta_max=0.0300 bound.
2026-08-11 20:09:46 | sleep.weights.plasticity       | INFO  | Hard-clipped 32 w_cons parameters to delta_max=0.0300 bound.
2026-08-11 20:09:46 | sleep.weights.plasticity       | INFO  | Hard-clipped 34 w_cons parameters to delta_max=0.0300 bound.
2026-08-11 20:09:47 | sleep.weights.plasticity       | INFO  | Hard-clipped 34 w_cons parameters to delta_max=0.0300 bound.
2026-08-11 20:09:47 | sleep.weights.plasticity       | INFO  | Hard-clipped 34 w_cons parameters to delta_max=0.0300 bound.
2026-08-11 20:09:48 | sleep.weights.plasticity       | INFO  | Hard-clipped 37 w_cons parameters to delta_max=0.0300 bound.
2026-08-11 20:09:48 | sleep.weights.plasticity       | INFO  | Hard-clipped 37 w_cons parameters to delta_max=0.0300 bound.
2026-08-11 20:09:49 | sleep.weights.plasticity       | INFO  | Hard-clipped 38 w_cons parameters to delta_max=0.0300 bound.
2026-08-11 20:09:49 | sleep.weights.plasticity       | INFO  | Hard-clipped 39 w_cons parameters to delta_max=0.0300 bound.
2026-08-11 20:09:50 | sleep.weights.plasticity       | INFO  | Hard-clipped 39 w_cons parameters to delta_max=0.0300 bound.
2026-08-11 20:09:50 | sleep.weights.plasticity       | INFO  | Hard-clipped 39 w_cons parameters to delta_max=0.0300 bound.
2026-08-11 20:09:51 | sleep.weights.plasticity       | INFO  | Hard-clipped 38 w_cons parameters to delta_max=0.0300 bound.
2026-08-11 20:09:51 | sleep.weights.plasticity       | INFO  | Hard-clipped 38 w_cons parameters to delta_max=0.0300 bound.
2026-08-11 20:09:52 | sleep.weights.plasticity       | INFO  | Hard-clipped 36 w_cons parameters to delta_max=0.0300 bound.
2026-08-11 20:09:52 | sleep.weights.plasticity       | INFO  | Hard-clipped 35 w_cons parameters to delta_max=0.0300 bound.
2026-08-11 20:09:53 | sleep.weights.plasticity       | INFO  | Hard-clipped 33 w_cons parameters to delta_max=0.0300 bound.
2026-08-11 20:09:53 | sleep.weights.plasticity       | INFO  | Hard-clipped 30 w_cons parameters to delta_max=0.0300 bound.
2026-08-11 20:09:54 | sleep.weights.plasticity       | INFO  | Hard-clipped 29 w_cons parameters to delta_max=0.0300 bound.
2026-08-11 20:09:54 | sleep.weights.plasticity       | INFO  | Hard-clipped 32 w_cons parameters to delta_max=0.0300 bound.
2026-08-11 20:09:55 | sleep.weights.plasticity       | INFO  | Hard-clipped 34 w_cons parameters to delta_max=0.0300 bound.
2026-08-11 20:09:55 | sleep.weights.plasticity       | INFO  | Hard-clipped 36 w_cons parameters to delta_max=0.0300 bound.
2026-08-11 20:09:56 | sleep.weights.plasticity       | INFO  | Hard-clipped 37 w_cons parameters to delta_max=0.0300 bound.
2026-08-11 20:09:56 | sleep.weights.plasticity       | INFO  | Hard-clipped 37 w_cons parameters to delta_max=0.0300 bound.
2026-08-11 20:09:57 | sleep.weights.plasticity       | INFO  | Hard-clipped 37 w_cons parameters to delta_max=0.0300 bound.
2026-08-11 20:09:57 | sleep.weights.plasticity       | INFO  | Hard-clipped 37 w_cons parameters to delta_max=0.0300 bound.
2026-08-11 20:09:58 | sleep.weights.plasticity       | INFO  | Hard-clipped 37 w_cons parameters to delta_max=0.0300 bound.
2026-08-11 20:09:58 | sleep.weights.plasticity       | INFO  | Hard-clipped 34 w_cons parameters to delta_max=0.0300 bound.
2026-08-11 20:09:59 | sleep.weights.plasticity       | INFO  | Hard-clipped 31 w_cons parameters to delta_max=0.0300 bound.
2026-08-11 20:09:59 | sleep.weights.plasticity       | INFO  | Hard-clipped 26 w_cons parameters to delta_max=0.0300 bound.
2026-08-11 20:10:00 | sleep.weights.plasticity       | INFO  | Hard-clipped 27 w_cons parameters to delta_max=0.0300 bound.
2026-08-11 20:10:00 | sleep.weights.plasticity       | INFO  | Hard-clipped 27 w_cons parameters to delta_max=0.0300 bound.
2026-08-11 20:10:01 | sleep.weights.plasticity       | INFO  | Hard-clipped 26 w_cons parameters to delta_max=0.0300 bound.
2026-08-11 20:10:01 | sleep.weights.plasticity       | INFO  | Hard-clipped 28 w_cons parameters to delta_max=0.0300 bound.
2026-08-11 20:10:02 | sleep.weights.plasticity       | INFO  | Hard-clipped 30 w_cons parameters to delta_max=0.0300 bound.
2026-08-11 20:10:02 | sleep.weights.plasticity       | INFO  | Hard-clipped 30 w_cons parameters to delta_max=0.0300 bound.
2026-08-11 20:10:03 | sleep.weights.plasticity       | INFO  | Hard-clipped 33 w_cons parameters to delta_max=0.0300 bound.
2026-08-11 20:10:03 | sleep.weights.plasticity       | INFO  | Hard-clipped 35 w_cons parameters to delta_max=0.0300 bound.
2026-08-11 20:10:04 | sleep.weights.plasticity       | INFO  | Hard-clipped 36 w_cons parameters to delta_max=0.0300 bound.
2026-08-11 20:10:04 | sleep.weights.plasticity       | INFO  | Hard-clipped 36 w_cons parameters to delta_max=0.0300 bound.
2026-08-11 20:10:05 | sleep.weights.plasticity       | INFO  | Hard-clipped 35 w_cons parameters to delta_max=0.0300 bound.
2026-08-11 20:10:05 | sleep.weights.plasticity       | INFO  | Hard-clipped 37 w_cons parameters to delta_max=0.0300 bound.
2026-08-11 20:10:06 | sleep.weights.plasticity       | INFO  | Hard-clipped 38 w_cons parameters to delta_max=0.0300 bound.
2026-08-11 20:10:06 | sleep.weights.plasticity       | INFO  | Hard-clipped 39 w_cons parameters to delta_max=0.0300 bound.
2026-08-11 20:10:07 | sleep.weights.plasticity       | INFO  | Hard-clipped 40 w_cons parameters to delta_max=0.0300 bound.
2026-08-11 20:10:07 | sleep.weights.plasticity       | INFO  | Hard-clipped 40 w_cons parameters to delta_max=0.0300 bound.
2026-08-11 20:10:08 | sleep.weights.plasticity       | INFO  | Hard-clipped 40 w_cons parameters to delta_max=0.0300 bound.
2026-08-11 20:10:08 | sleep.weights.plasticity       | INFO  | Hard-clipped 39 w_cons parameters to delta_max=0.0300 bound.
2026-08-11 20:10:09 | sleep.weights.plasticity       | INFO  | Hard-clipped 38 w_cons parameters to delta_max=0.0300 bound.
2026-08-11 20:10:09 | sleep.weights.plasticity       | INFO  | Hard-clipped 39 w_cons parameters to delta_max=0.0300 bound.
2026-08-11 20:10:10 | sleep.weights.plasticity       | INFO  | Hard-clipped 39 w_cons parameters to delta_max=0.0300 bound.
2026-08-11 20:10:10 | sleep.weights.plasticity       | INFO  | Hard-clipped 40 w_cons parameters to delta_max=0.0300 bound.
2026-08-11 20:10:11 | sleep.weights.plasticity       | INFO  | Hard-clipped 40 w_cons parameters to delta_max=0.0300 bound.
2026-08-11 20:10:11 | sleep.weights.plasticity       | INFO  | Hard-clipped 40 w_cons parameters to delta_max=0.0300 bound.
2026-08-11 20:10:11 | sleep.sleep_engine.train       | INFO  |   step 750/1500 | loss=0.3360 | mean_loss=0.8507 | eta=4 | lr=5.87e-05
2026-08-11 20:10:12 | sleep.weights.plasticity       | INFO  | Hard-clipped 40 w_cons parameters to delta_max=0.0300 bound.
2026-08-11 20:10:12 | sleep.weights.plasticity       | INFO  | Hard-clipped 40 w_cons parameters to delta_max=0.0300 bound.
2026-08-11 20:10:12 | sleep.weights.plasticity       | INFO  | Hard-clipped 39 w_cons parameters to delta_max=0.0300 bound.
2026-08-11 20:10:13 | sleep.weights.plasticity       | INFO  | Hard-clipped 40 w_cons parameters to delta_max=0.0300 bound.
2026-08-11 20:10:13 | sleep.weights.plasticity       | INFO  | Hard-clipped 38 w_cons parameters to delta_max=0.0300 bound.
2026-08-11 20:10:14 | sleep.weights.plasticity       | INFO  | Hard-clipped 37 w_cons parameters to delta_max=0.0300 bound.
2026-08-11 20:10:14 | sleep.weights.plasticity       | INFO  | Hard-clipped 38 w_cons parameters to delta_max=0.0300 bound.
2026-08-11 20:10:15 | sleep.weights.plasticity       | INFO  | Hard-clipped 38 w_cons parameters to delta_max=0.0300 bound.
2026-08-11 20:10:15 | sleep.weights.plasticity       | INFO  | Hard-clipped 34 w_cons parameters to delta_max=0.0300 bound.
2026-08-11 20:10:16 | sleep.weights.plasticity       | INFO  | Hard-clipped 31 w_cons parameters to delta_max=0.0300 bound.
2026-08-11 20:10:16 | sleep.weights.plasticity       | INFO  | Hard-clipped 35 w_cons parameters to delta_max=0.0300 bound.
2026-08-11 20:10:17 | sleep.weights.plasticity       | INFO  | Hard-clipped 35 w_cons parameters to delta_max=0.0300 bound.
2026-08-11 20:10:17 | sleep.weights.plasticity       | INFO  | Hard-clipped 36 w_cons parameters to delta_max=0.0300 bound.
2026-08-11 20:10:18 | sleep.weights.plasticity       | INFO  | Hard-clipped 38 w_cons parameters to delta_max=0.0300 bound.
2026-08-11 20:10:18 | sleep.weights.plasticity       | INFO  | Hard-clipped 38 w_cons parameters to delta_max=0.0300 bound.
2026-08-11 20:10:19 | sleep.weights.plasticity       | INFO  | Hard-clipped 38 w_cons parameters to delta_max=0.0300 bound.
2026-08-11 20:10:19 | sleep.weights.plasticity       | INFO  | Hard-clipped 38 w_cons parameters to delta_max=0.0300 bound.
2026-08-11 20:10:20 | sleep.weights.plasticity       | INFO  | Hard-clipped 39 w_cons parameters to delta_max=0.0300 bound.
2026-08-11 20:10:20 | sleep.weights.plasticity       | INFO  | Hard-clipped 39 w_cons parameters to delta_max=0.0300 bound.
2026-08-11 20:10:21 | sleep.weights.plasticity       | INFO  | Hard-clipped 39 w_cons parameters to delta_max=0.0300 bound.
2026-08-11 20:10:21 | sleep.weights.plasticity       | INFO  | Hard-clipped 39 w_cons parameters to delta_max=0.0300 bound.
2026-08-11 20:10:22 | sleep.weights.plasticity       | INFO  | Hard-clipped 38 w_cons parameters to delta_max=0.0300 bound.
2026-08-11 20:10:22 | sleep.weights.plasticity       | INFO  | Hard-clipped 39 w_cons parameters to delta_max=0.0300 bound.
2026-08-11 20:10:23 | sleep.weights.plasticity       | INFO  | Hard-clipped 39 w_cons parameters to delta_max=0.0300 bound.
2026-08-11 20:10:23 | sleep.weights.plasticity       | INFO  | Hard-clipped 27 w_cons parameters to delta_max=0.0300 bound.
2026-08-11 20:10:24 | sleep.weights.plasticity       | INFO  | Hard-clipped 20 w_cons parameters to delta_max=0.0300 bound.
2026-08-11 20:10:24 | sleep.weights.plasticity       | INFO  | Hard-clipped 28 w_cons parameters to delta_max=0.0300 bound.
2026-08-11 20:10:25 | sleep.weights.plasticity       | INFO  | Hard-clipped 28 w_cons parameters to delta_max=0.0300 bound.
2026-08-11 20:10:25 | sleep.weights.plasticity       | INFO  | Hard-clipped 28 w_cons parameters to delta_max=0.0300 bound.
2026-08-11 20:10:26 | sleep.weights.plasticity       | INFO  | Hard-clipped 30 w_cons parameters to delta_max=0.0300 bound.
2026-08-11 20:10:26 | sleep.weights.plasticity       | INFO  | Hard-clipped 35 w_cons parameters to delta_max=0.0300 bound.
2026-08-11 20:10:27 | sleep.weights.plasticity       | INFO  | Hard-clipped 36 w_cons parameters to delta_max=0.0300 bound.
2026-08-11 20:10:27 | sleep.weights.plasticity       | INFO  | Hard-clipped 37 w_cons parameters to delta_max=0.0300 bound.
2026-08-11 20:10:28 | sleep.weights.plasticity       | INFO  | Hard-clipped 38 w_cons parameters to delta_max=0.0300 bound.
2026-08-11 20:10:28 | sleep.weights.plasticity       | INFO  | Hard-clipped 39 w_cons parameters to delta_max=0.0300 bound.
2026-08-11 20:10:29 | sleep.weights.plasticity       | INFO  | Hard-clipped 39 w_cons parameters to delta_max=0.0300 bound.
2026-08-11 20:10:29 | sleep.weights.plasticity       | INFO  | Hard-clipped 39 w_cons parameters to delta_max=0.0300 bound.
2026-08-11 20:10:30 | sleep.weights.plasticity       | INFO  | Hard-clipped 37 w_cons parameters to delta_max=0.0300 bound.
2026-08-11 20:10:30 | sleep.weights.plasticity       | INFO  | Hard-clipped 35 w_cons parameters to delta_max=0.0300 bound.
2026-08-11 20:10:31 | sleep.weights.plasticity       | INFO  | Hard-clipped 33 w_cons parameters to delta_max=0.0300 bound.
2026-08-11 20:10:31 | sleep.weights.plasticity       | INFO  | Hard-clipped 27 w_cons parameters to delta_max=0.0300 bound.
2026-08-11 20:10:31 | sleep.weights.plasticity       | INFO  | Hard-clipped 31 w_cons parameters to delta_max=0.0300 bound.
2026-08-11 20:10:32 | sleep.weights.plasticity       | INFO  | Hard-clipped 35 w_cons parameters to delta_max=0.0300 bound.
2026-08-11 20:10:32 | sleep.weights.plasticity       | INFO  | Hard-clipped 36 w_cons parameters to delta_max=0.0300 bound.
2026-08-11 20:10:33 | sleep.weights.plasticity       | INFO  | Hard-clipped 38 w_cons parameters to delta_max=0.0300 bound.
2026-08-11 20:10:33 | sleep.weights.plasticity       | INFO  | Hard-clipped 38 w_cons parameters to delta_max=0.0300 bound.
2026-08-11 20:10:34 | sleep.weights.plasticity       | INFO  | Hard-clipped 38 w_cons parameters to delta_max=0.0300 bound.
2026-08-11 20:10:34 | sleep.weights.plasticity       | INFO  | Hard-clipped 38 w_cons parameters to delta_max=0.0300 bound.
2026-08-11 20:10:35 | sleep.weights.plasticity       | INFO  | Hard-clipped 38 w_cons parameters to delta_max=0.0300 bound.
2026-08-11 20:10:35 | sleep.weights.plasticity       | INFO  | Hard-clipped 38 w_cons parameters to delta_max=0.0300 bound.
2026-08-11 20:10:36 | sleep.weights.plasticity       | INFO  | Hard-clipped 37 w_cons parameters to delta_max=0.0300 bound.
2026-08-11 20:10:36 | sleep.weights.plasticity       | INFO  | Hard-clipped 37 w_cons parameters to delta_max=0.0300 bound.
2026-08-11 20:10:37 | sleep.weights.plasticity       | INFO  | Hard-clipped 39 w_cons parameters to delta_max=0.0300 bound.
2026-08-11 20:10:37 | sleep.weights.plasticity       | INFO  | Hard-clipped 39 w_cons parameters to delta_max=0.0300 bound.
2026-08-11 20:10:38 | sleep.weights.plasticity       | INFO  | Hard-clipped 40 w_cons parameters to delta_max=0.0300 bound.
2026-08-11 20:10:38 | sleep.weights.plasticity       | INFO  | Hard-clipped 39 w_cons parameters to delta_max=0.0300 bound.
2026-08-11 20:10:39 | sleep.weights.plasticity       | INFO  | Hard-clipped 34 w_cons parameters to delta_max=0.0300 bound.
2026-08-11 20:10:39 | sleep.weights.plasticity       | INFO  | Hard-clipped 34 w_cons parameters to delta_max=0.0300 bound.
2026-08-11 20:10:40 | sleep.weights.plasticity       | INFO  | Hard-clipped 33 w_cons parameters to delta_max=0.0300 bound.
2026-08-11 20:10:40 | sleep.weights.plasticity       | INFO  | Hard-clipped 33 w_cons parameters to delta_max=0.0300 bound.
2026-08-11 20:10:41 | sleep.weights.plasticity       | INFO  | Hard-clipped 36 w_cons parameters to delta_max=0.0300 bound.
2026-08-11 20:10:41 | sleep.weights.plasticity       | INFO  | Hard-clipped 36 w_cons parameters to delta_max=0.0300 bound.
2026-08-11 20:10:42 | sleep.weights.plasticity       | INFO  | Hard-clipped 37 w_cons parameters to delta_max=0.0300 bound.
2026-08-11 20:10:42 | sleep.weights.plasticity       | INFO  | Hard-clipped 35 w_cons parameters to delta_max=0.0300 bound.
2026-08-11 20:10:43 | sleep.weights.plasticity       | INFO  | Hard-clipped 36 w_cons parameters to delta_max=0.0300 bound.
2026-08-11 20:10:43 | sleep.weights.plasticity       | INFO  | Hard-clipped 36 w_cons parameters to delta_max=0.0300 bound.
2026-08-11 20:10:44 | sleep.weights.plasticity       | INFO  | Hard-clipped 36 w_cons parameters to delta_max=0.0300 bound.
2026-08-11 20:10:44 | sleep.weights.plasticity       | INFO  | Hard-clipped 36 w_cons parameters to delta_max=0.0300 bound.
2026-08-11 20:10:45 | sleep.weights.plasticity       | INFO  | Hard-clipped 34 w_cons parameters to delta_max=0.0300 bound.
2026-08-11 20:10:45 | sleep.weights.plasticity       | INFO  | Hard-clipped 31 w_cons parameters to delta_max=0.0300 bound.
2026-08-11 20:10:46 | sleep.weights.plasticity       | INFO  | Hard-clipped 31 w_cons parameters to delta_max=0.0300 bound.
2026-08-11 20:10:46 | sleep.weights.plasticity       | INFO  | Hard-clipped 32 w_cons parameters to delta_max=0.0300 bound.
2026-08-11 20:10:47 | sleep.weights.plasticity       | INFO  | Hard-clipped 31 w_cons parameters to delta_max=0.0300 bound.
2026-08-11 20:10:47 | sleep.weights.plasticity       | INFO  | Hard-clipped 32 w_cons parameters to delta_max=0.0300 bound.
2026-08-11 20:10:48 | sleep.weights.plasticity       | INFO  | Hard-clipped 37 w_cons parameters to delta_max=0.0300 bound.
2026-08-11 20:10:48 | sleep.weights.plasticity       | INFO  | Hard-clipped 33 w_cons parameters to delta_max=0.0300 bound.
2026-08-11 20:10:49 | sleep.weights.plasticity       | INFO  | Hard-clipped 34 w_cons parameters to delta_max=0.0300 bound.
2026-08-11 20:10:49 | sleep.weights.plasticity       | INFO  | Hard-clipped 34 w_cons parameters to delta_max=0.0300 bound.
2026-08-11 20:10:50 | sleep.weights.plasticity       | INFO  | Hard-clipped 35 w_cons parameters to delta_max=0.0300 bound.
2026-08-11 20:10:50 | sleep.weights.plasticity       | INFO  | Hard-clipped 32 w_cons parameters to delta_max=0.0300 bound.
2026-08-11 20:10:51 | sleep.weights.plasticity       | INFO  | Hard-clipped 32 w_cons parameters to delta_max=0.0300 bound.
2026-08-11 20:10:51 | sleep.weights.plasticity       | INFO  | Hard-clipped 32 w_cons parameters to delta_max=0.0300 bound.
2026-08-11 20:10:52 | sleep.weights.plasticity       | INFO  | Hard-clipped 27 w_cons parameters to delta_max=0.0300 bound.
2026-08-11 20:10:52 | sleep.weights.plasticity       | INFO  | Hard-clipped 29 w_cons parameters to delta_max=0.0300 bound.
2026-08-11 20:10:53 | sleep.weights.plasticity       | INFO  | Hard-clipped 31 w_cons parameters to delta_max=0.0300 bound.
2026-08-11 20:10:53 | sleep.weights.plasticity       | INFO  | Hard-clipped 31 w_cons parameters to delta_max=0.0300 bound.
2026-08-11 20:10:54 | sleep.weights.plasticity       | INFO  | Hard-clipped 31 w_cons parameters to delta_max=0.0300 bound.
2026-08-11 20:10:54 | sleep.weights.plasticity       | INFO  | Hard-clipped 32 w_cons parameters to delta_max=0.0300 bound.
2026-08-11 20:10:54 | sleep.weights.plasticity       | INFO  | Hard-clipped 32 w_cons parameters to delta_max=0.0300 bound.
2026-08-11 20:10:55 | sleep.weights.plasticity       | INFO  | Hard-clipped 32 w_cons parameters to delta_max=0.0300 bound.
2026-08-11 20:10:55 | sleep.weights.plasticity       | INFO  | Hard-clipped 33 w_cons parameters to delta_max=0.0300 bound.
2026-08-11 20:10:56 | sleep.weights.plasticity       | INFO  | Hard-clipped 32 w_cons parameters to delta_max=0.0300 bound.
2026-08-11 20:10:56 | sleep.weights.plasticity       | INFO  | Hard-clipped 32 w_cons parameters to delta_max=0.0300 bound.
2026-08-11 20:10:57 | sleep.weights.plasticity       | INFO  | Hard-clipped 32 w_cons parameters to delta_max=0.0300 bound.
2026-08-11 20:10:57 | sleep.weights.plasticity       | INFO  | Hard-clipped 34 w_cons parameters to delta_max=0.0300 bound.
2026-08-11 20:10:58 | sleep.weights.plasticity       | INFO  | Hard-clipped 38 w_cons parameters to delta_max=0.0300 bound.
2026-08-11 20:10:58 | sleep.weights.plasticity       | INFO  | Hard-clipped 38 w_cons parameters to delta_max=0.0300 bound.
2026-08-11 20:10:59 | sleep.weights.plasticity       | INFO  | Hard-clipped 39 w_cons parameters to delta_max=0.0300 bound.
2026-08-11 20:10:59 | sleep.weights.plasticity       | INFO  | Hard-clipped 39 w_cons parameters to delta_max=0.0300 bound.
2026-08-11 20:11:00 | sleep.weights.plasticity       | INFO  | Hard-clipped 39 w_cons parameters to delta_max=0.0300 bound.
2026-08-11 20:11:00 | sleep.weights.plasticity       | INFO  | Hard-clipped 40 w_cons parameters to delta_max=0.0300 bound.
2026-08-11 20:11:01 | sleep.weights.plasticity       | INFO  | Hard-clipped 40 w_cons parameters to delta_max=0.0300 bound.
2026-08-11 20:11:01 | sleep.weights.plasticity       | INFO  | Hard-clipped 39 w_cons parameters to delta_max=0.0300 bound.
2026-08-11 20:11:02 | sleep.weights.plasticity       | INFO  | Hard-clipped 36 w_cons parameters to delta_max=0.0300 bound.
2026-08-11 20:11:02 | sleep.weights.plasticity       | INFO  | Hard-clipped 34 w_cons parameters to delta_max=0.0300 bound.
2026-08-11 20:11:03 | sleep.weights.plasticity       | INFO  | Hard-clipped 31 w_cons parameters to delta_max=0.0300 bound.
2026-08-11 20:11:03 | sleep.weights.plasticity       | INFO  | Hard-clipped 31 w_cons parameters to delta_max=0.0300 bound.
2026-08-11 20:11:04 | sleep.weights.plasticity       | INFO  | Hard-clipped 26 w_cons parameters to delta_max=0.0300 bound.
2026-08-11 20:11:04 | sleep.weights.plasticity       | INFO  | Hard-clipped 26 w_cons parameters to delta_max=0.0300 bound.
2026-08-11 20:11:05 | sleep.weights.plasticity       | INFO  | Hard-clipped 29 w_cons parameters to delta_max=0.0300 bound.
2026-08-11 20:11:05 | sleep.weights.plasticity       | INFO  | Hard-clipped 32 w_cons parameters to delta_max=0.0300 bound.
2026-08-11 20:11:06 | sleep.weights.plasticity       | INFO  | Hard-clipped 33 w_cons parameters to delta_max=0.0300 bound.
2026-08-11 20:11:06 | sleep.weights.plasticity       | INFO  | Hard-clipped 34 w_cons parameters to delta_max=0.0300 bound.
2026-08-11 20:11:07 | sleep.weights.plasticity       | INFO  | Hard-clipped 36 w_cons parameters to delta_max=0.0300 bound.
2026-08-11 20:11:07 | sleep.weights.plasticity       | INFO  | Hard-clipped 37 w_cons parameters to delta_max=0.0300 bound.
2026-08-11 20:11:08 | sleep.weights.plasticity       | INFO  | Hard-clipped 37 w_cons parameters to delta_max=0.0300 bound.
2026-08-11 20:11:08 | sleep.weights.plasticity       | INFO  | Hard-clipped 38 w_cons parameters to delta_max=0.0300 bound.
2026-08-11 20:11:09 | sleep.weights.plasticity       | INFO  | Hard-clipped 39 w_cons parameters to delta_max=0.0300 bound.
2026-08-11 20:11:09 | sleep.weights.plasticity       | INFO  | Hard-clipped 39 w_cons parameters to delta_max=0.0300 bound.
2026-08-11 20:11:10 | sleep.weights.plasticity       | INFO  | Hard-clipped 39 w_cons parameters to delta_max=0.0300 bound.
2026-08-11 20:11:10 | sleep.weights.plasticity       | INFO  | Hard-clipped 39 w_cons parameters to delta_max=0.0300 bound.
2026-08-11 20:11:11 | sleep.weights.plasticity       | INFO  | Hard-clipped 38 w_cons parameters to delta_max=0.0300 bound.
2026-08-11 20:11:11 | sleep.weights.plasticity       | INFO  | Hard-clipped 38 w_cons parameters to delta_max=0.0300 bound.
2026-08-11 20:11:12 | sleep.weights.plasticity       | INFO  | Hard-clipped 38 w_cons parameters to delta_max=0.0300 bound.
2026-08-11 20:11:12 | sleep.weights.plasticity       | INFO  | Hard-clipped 40 w_cons parameters to delta_max=0.0300 bound.
2026-08-11 20:11:13 | sleep.weights.plasticity       | INFO  | Hard-clipped 40 w_cons parameters to delta_max=0.0300 bound.
2026-08-11 20:11:13 | sleep.weights.plasticity       | INFO  | Hard-clipped 40 w_cons parameters to delta_max=0.0300 bound.
2026-08-11 20:11:14 | sleep.weights.plasticity       | INFO  | Hard-clipped 40 w_cons parameters to delta_max=0.0300 bound.
2026-08-11 20:11:14 | sleep.weights.plasticity       | INFO  | Hard-clipped 40 w_cons parameters to delta_max=0.0300 bound.
2026-08-11 20:11:15 | sleep.weights.plasticity       | INFO  | Hard-clipped 40 w_cons parameters to delta_max=0.0300 bound.
2026-08-11 20:11:15 | sleep.weights.plasticity       | INFO  | Hard-clipped 37 w_cons parameters to delta_max=0.0300 bound.
2026-08-11 20:11:16 | sleep.weights.plasticity       | INFO  | Hard-clipped 38 w_cons parameters to delta_max=0.0300 bound.
2026-08-11 20:11:16 | sleep.weights.plasticity       | INFO  | Hard-clipped 36 w_cons parameters to delta_max=0.0300 bound.
2026-08-11 20:11:17 | sleep.weights.plasticity       | INFO  | Hard-clipped 37 w_cons parameters to delta_max=0.0300 bound.
2026-08-11 20:11:17 | sleep.weights.plasticity       | INFO  | Hard-clipped 36 w_cons parameters to delta_max=0.0300 bound.
2026-08-11 20:11:18 | sleep.weights.plasticity       | INFO  | Hard-clipped 36 w_cons parameters to delta_max=0.0300 bound.
2026-08-11 20:11:18 | sleep.weights.plasticity       | INFO  | Hard-clipped 38 w_cons parameters to delta_max=0.0300 bound.
2026-08-11 20:11:19 | sleep.weights.plasticity       | INFO  | Hard-clipped 38 w_cons parameters to delta_max=0.0300 bound.
2026-08-11 20:11:19 | sleep.weights.plasticity       | INFO  | Hard-clipped 35 w_cons parameters to delta_max=0.0300 bound.
2026-08-11 20:11:20 | sleep.weights.plasticity       | INFO  | Hard-clipped 34 w_cons parameters to delta_max=0.0300 bound.
2026-08-11 20:11:20 | sleep.weights.plasticity       | INFO  | Hard-clipped 35 w_cons parameters to delta_max=0.0300 bound.
2026-08-11 20:11:21 | sleep.weights.plasticity       | INFO  | Hard-clipped 35 w_cons parameters to delta_max=0.0300 bound.
2026-08-11 20:11:21 | sleep.weights.plasticity       | INFO  | Hard-clipped 37 w_cons parameters to delta_max=0.0300 bound.
2026-08-11 20:11:22 | sleep.weights.plasticity       | INFO  | Hard-clipped 29 w_cons parameters to delta_max=0.0300 bound.
2026-08-11 20:11:22 | sleep.weights.plasticity       | INFO  | Hard-clipped 29 w_cons parameters to delta_max=0.0300 bound.
2026-08-11 20:11:23 | sleep.weights.plasticity       | INFO  | Hard-clipped 25 w_cons parameters to delta_max=0.0300 bound.
2026-08-11 20:11:23 | sleep.weights.plasticity       | INFO  | Hard-clipped 28 w_cons parameters to delta_max=0.0300 bound.
2026-08-11 20:11:24 | sleep.weights.plasticity       | INFO  | Hard-clipped 31 w_cons parameters to delta_max=0.0300 bound.
2026-08-11 20:11:24 | sleep.weights.plasticity       | INFO  | Hard-clipped 34 w_cons parameters to delta_max=0.0300 bound.
2026-08-11 20:11:25 | sleep.weights.plasticity       | INFO  | Hard-clipped 35 w_cons parameters to delta_max=0.0300 bound.
2026-08-11 20:11:25 | sleep.sleep_engine.train       | INFO  |   step 900/1500 | loss=0.2948 | mean_loss=0.7597 | eta=4 | lr=4.13e-05
2026-08-11 20:11:25 | sleep.weights.plasticity       | INFO  | Hard-clipped 35 w_cons parameters to delta_max=0.0300 bound.
2026-08-11 20:11:26 | sleep.weights.plasticity       | INFO  | Hard-clipped 35 w_cons parameters to delta_max=0.0300 bound.
2026-08-11 20:11:26 | sleep.weights.plasticity       | INFO  | Hard-clipped 37 w_cons parameters to delta_max=0.0300 bound.
2026-08-11 20:11:27 | sleep.weights.plasticity       | INFO  | Hard-clipped 36 w_cons parameters to delta_max=0.0300 bound.
2026-08-11 20:11:27 | sleep.weights.plasticity       | INFO  | Hard-clipped 33 w_cons parameters to delta_max=0.0300 bound.
2026-08-11 20:11:28 | sleep.weights.plasticity       | INFO  | Hard-clipped 36 w_cons parameters to delta_max=0.0300 bound.
2026-08-11 20:11:28 | sleep.weights.plasticity       | INFO  | Hard-clipped 34 w_cons parameters to delta_max=0.0300 bound.
2026-08-11 20:11:29 | sleep.weights.plasticity       | INFO  | Hard-clipped 29 w_cons parameters to delta_max=0.0300 bound.
2026-08-11 20:11:29 | sleep.weights.plasticity       | INFO  | Hard-clipped 30 w_cons parameters to delta_max=0.0300 bound.
2026-08-11 20:11:30 | sleep.weights.plasticity       | INFO  | Hard-clipped 27 w_cons parameters to delta_max=0.0300 bound.
2026-08-11 20:11:30 | sleep.weights.plasticity       | INFO  | Hard-clipped 15 w_cons parameters to delta_max=0.0300 bound.
2026-08-11 20:11:31 | sleep.weights.plasticity       | INFO  | Hard-clipped 16 w_cons parameters to delta_max=0.0300 bound.
2026-08-11 20:11:31 | sleep.weights.plasticity       | INFO  | Hard-clipped 17 w_cons parameters to delta_max=0.0300 bound.
2026-08-11 20:11:32 | sleep.weights.plasticity       | INFO  | Hard-clipped 20 w_cons parameters to delta_max=0.0300 bound.
2026-08-11 20:11:32 | sleep.weights.plasticity       | INFO  | Hard-clipped 23 w_cons parameters to delta_max=0.0300 bound.
2026-08-11 20:11:33 | sleep.weights.plasticity       | INFO  | Hard-clipped 25 w_cons parameters to delta_max=0.0300 bound.
2026-08-11 20:11:33 | sleep.weights.plasticity       | INFO  | Hard-clipped 27 w_cons parameters to delta_max=0.0300 bound.
2026-08-11 20:11:34 | sleep.weights.plasticity       | INFO  | Hard-clipped 29 w_cons parameters to delta_max=0.0300 bound.
2026-08-11 20:11:34 | sleep.weights.plasticity       | INFO  | Hard-clipped 29 w_cons parameters to delta_max=0.0300 bound.
2026-08-11 20:11:35 | sleep.weights.plasticity       | INFO  | Hard-clipped 29 w_cons parameters to delta_max=0.0300 bound.
2026-08-11 20:11:35 | sleep.weights.plasticity       | INFO  | Hard-clipped 26 w_cons parameters to delta_max=0.0300 bound.
2026-08-11 20:11:36 | sleep.weights.plasticity       | INFO  | Hard-clipped 28 w_cons parameters to delta_max=0.0300 bound.
2026-08-11 20:11:36 | sleep.weights.plasticity       | INFO  | Hard-clipped 24 w_cons parameters to delta_max=0.0300 bound.
2026-08-11 20:11:37 | sleep.weights.plasticity       | INFO  | Hard-clipped 29 w_cons parameters to delta_max=0.0300 bound.
2026-08-11 20:11:37 | sleep.weights.plasticity       | INFO  | Hard-clipped 33 w_cons parameters to delta_max=0.0300 bound.
2026-08-11 20:11:38 | sleep.weights.plasticity       | INFO  | Hard-clipped 39 w_cons parameters to delta_max=0.0300 bound.
2026-08-11 20:11:38 | sleep.weights.plasticity       | INFO  | Hard-clipped 40 w_cons parameters to delta_max=0.0300 bound.
2026-08-11 20:11:39 | sleep.weights.plasticity       | INFO  | Hard-clipped 40 w_cons parameters to delta_max=0.0300 bound.
2026-08-11 20:11:39 | sleep.weights.plasticity       | INFO  | Hard-clipped 40 w_cons parameters to delta_max=0.0300 bound.
2026-08-11 20:11:40 | sleep.weights.plasticity       | INFO  | Hard-clipped 40 w_cons parameters to delta_max=0.0300 bound.
2026-08-11 20:11:40 | sleep.weights.plasticity       | INFO  | Hard-clipped 40 w_cons parameters to delta_max=0.0300 bound.
2026-08-11 20:11:41 | sleep.weights.plasticity       | INFO  | Hard-clipped 40 w_cons parameters to delta_max=0.0300 bound.
2026-08-11 20:11:41 | sleep.weights.plasticity       | INFO  | Hard-clipped 40 w_cons parameters to delta_max=0.0300 bound.
2026-08-11 20:11:42 | sleep.weights.plasticity       | INFO  | Hard-clipped 40 w_cons parameters to delta_max=0.0300 bound.
2026-08-11 20:11:42 | sleep.weights.plasticity       | INFO  | Hard-clipped 40 w_cons parameters to delta_max=0.0300 bound.
2026-08-11 20:11:43 | sleep.weights.plasticity       | INFO  | Hard-clipped 38 w_cons parameters to delta_max=0.0300 bound.
2026-08-11 20:11:43 | sleep.weights.plasticity       | INFO  | Hard-clipped 37 w_cons parameters to delta_max=0.0300 bound.
2026-08-11 20:11:44 | sleep.weights.plasticity       | INFO  | Hard-clipped 37 w_cons parameters to delta_max=0.0300 bound.
2026-08-11 20:11:45 | sleep.weights.plasticity       | INFO  | Hard-clipped 36 w_cons parameters to delta_max=0.0300 bound.
2026-08-11 20:11:45 | sleep.weights.plasticity       | INFO  | Hard-clipped 36 w_cons parameters to delta_max=0.0300 bound.
2026-08-11 20:11:46 | sleep.weights.plasticity       | INFO  | Hard-clipped 36 w_cons parameters to delta_max=0.0300 bound.
2026-08-11 20:11:46 | sleep.weights.plasticity       | INFO  | Hard-clipped 36 w_cons parameters to delta_max=0.0300 bound.
2026-08-11 20:11:47 | sleep.weights.plasticity       | INFO  | Hard-clipped 37 w_cons parameters to delta_max=0.0300 bound.
2026-08-11 20:11:47 | sleep.weights.plasticity       | INFO  | Hard-clipped 35 w_cons parameters to delta_max=0.0300 bound.
2026-08-11 20:11:48 | sleep.weights.plasticity       | INFO  | Hard-clipped 35 w_cons parameters to delta_max=0.0300 bound.
2026-08-11 20:11:48 | sleep.weights.plasticity       | INFO  | Hard-clipped 35 w_cons parameters to delta_max=0.0300 bound.
2026-08-11 20:11:48 | sleep.weights.plasticity       | INFO  | Hard-clipped 34 w_cons parameters to delta_max=0.0300 bound.
2026-08-11 20:11:49 | sleep.weights.plasticity       | INFO  | Hard-clipped 35 w_cons parameters to delta_max=0.0300 bound.
2026-08-11 20:11:49 | sleep.weights.plasticity       | INFO  | Hard-clipped 36 w_cons parameters to delta_max=0.0300 bound.
2026-08-11 20:11:50 | sleep.weights.plasticity       | INFO  | Hard-clipped 37 w_cons parameters to delta_max=0.0300 bound.
2026-08-11 20:11:51 | sleep.weights.plasticity       | INFO  | Hard-clipped 35 w_cons parameters to delta_max=0.0300 bound.
2026-08-11 20:11:51 | sleep.weights.plasticity       | INFO  | Hard-clipped 34 w_cons parameters to delta_max=0.0300 bound.
2026-08-11 20:11:51 | sleep.weights.plasticity       | INFO  | Hard-clipped 35 w_cons parameters to delta_max=0.0300 bound.
2026-08-11 20:11:52 | sleep.weights.plasticity       | INFO  | Hard-clipped 37 w_cons parameters to delta_max=0.0300 bound.
2026-08-11 20:11:52 | sleep.weights.plasticity       | INFO  | Hard-clipped 37 w_cons parameters to delta_max=0.0300 bound.
2026-08-11 20:11:53 | sleep.weights.plasticity       | INFO  | Hard-clipped 38 w_cons parameters to delta_max=0.0300 bound.
2026-08-11 20:11:53 | sleep.weights.plasticity       | INFO  | Hard-clipped 38 w_cons parameters to delta_max=0.0300 bound.
2026-08-11 20:11:54 | sleep.weights.plasticity       | INFO  | Hard-clipped 38 w_cons parameters to delta_max=0.0300 bound.
2026-08-11 20:11:54 | sleep.weights.plasticity       | INFO  | Hard-clipped 39 w_cons parameters to delta_max=0.0300 bound.
2026-08-11 20:11:55 | sleep.weights.plasticity       | INFO  | Hard-clipped 39 w_cons parameters to delta_max=0.0300 bound.
2026-08-11 20:11:55 | sleep.weights.plasticity       | INFO  | Hard-clipped 40 w_cons parameters to delta_max=0.0300 bound.
2026-08-11 20:11:56 | sleep.weights.plasticity       | INFO  | Hard-clipped 32 w_cons parameters to delta_max=0.0300 bound.
2026-08-11 20:11:56 | sleep.weights.plasticity       | INFO  | Hard-clipped 30 w_cons parameters to delta_max=0.0300 bound.
2026-08-11 20:11:57 | sleep.weights.plasticity       | INFO  | Hard-clipped 29 w_cons parameters to delta_max=0.0300 bound.
2026-08-11 20:11:57 | sleep.weights.plasticity       | INFO  | Hard-clipped 30 w_cons parameters to delta_max=0.0300 bound.
2026-08-11 20:11:58 | sleep.weights.plasticity       | INFO  | Hard-clipped 32 w_cons parameters to delta_max=0.0300 bound.
2026-08-11 20:11:58 | sleep.weights.plasticity       | INFO  | Hard-clipped 33 w_cons parameters to delta_max=0.0300 bound.
2026-08-11 20:11:59 | sleep.weights.plasticity       | INFO  | Hard-clipped 39 w_cons parameters to delta_max=0.0300 bound.
2026-08-11 20:11:59 | sleep.weights.plasticity       | INFO  | Hard-clipped 36 w_cons parameters to delta_max=0.0300 bound.
2026-08-11 20:12:00 | sleep.weights.plasticity       | INFO  | Hard-clipped 31 w_cons parameters to delta_max=0.0300 bound.
2026-08-11 20:12:00 | sleep.weights.plasticity       | INFO  | Hard-clipped 30 w_cons parameters to delta_max=0.0300 bound.
2026-08-11 20:12:01 | sleep.weights.plasticity       | INFO  | Hard-clipped 29 w_cons parameters to delta_max=0.0300 bound.
2026-08-11 20:12:01 | sleep.weights.plasticity       | INFO  | Hard-clipped 29 w_cons parameters to delta_max=0.0300 bound.
2026-08-11 20:12:02 | sleep.weights.plasticity       | INFO  | Hard-clipped 31 w_cons parameters to delta_max=0.0300 bound.
2026-08-11 20:12:02 | sleep.weights.plasticity       | INFO  | Hard-clipped 33 w_cons parameters to delta_max=0.0300 bound.
2026-08-11 20:12:03 | sleep.weights.plasticity       | INFO  | Hard-clipped 34 w_cons parameters to delta_max=0.0300 bound.
2026-08-11 20:12:03 | sleep.weights.plasticity       | INFO  | Hard-clipped 35 w_cons parameters to delta_max=0.0300 bound.
2026-08-11 20:12:04 | sleep.weights.plasticity       | INFO  | Hard-clipped 38 w_cons parameters to delta_max=0.0300 bound.
2026-08-11 20:12:04 | sleep.weights.plasticity       | INFO  | Hard-clipped 38 w_cons parameters to delta_max=0.0300 bound.
2026-08-11 20:12:05 | sleep.weights.plasticity       | INFO  | Hard-clipped 38 w_cons parameters to delta_max=0.0300 bound.
2026-08-11 20:12:05 | sleep.weights.plasticity       | INFO  | Hard-clipped 38 w_cons parameters to delta_max=0.0300 bound.
2026-08-11 20:12:06 | sleep.weights.plasticity       | INFO  | Hard-clipped 38 w_cons parameters to delta_max=0.0300 bound.
2026-08-11 20:12:06 | sleep.weights.plasticity       | INFO  | Hard-clipped 38 w_cons parameters to delta_max=0.0300 bound.
2026-08-11 20:12:07 | sleep.weights.plasticity       | INFO  | Hard-clipped 38 w_cons parameters to delta_max=0.0300 bound.
2026-08-11 20:12:07 | sleep.weights.plasticity       | INFO  | Hard-clipped 38 w_cons parameters to delta_max=0.0300 bound.
2026-08-11 20:12:08 | sleep.weights.plasticity       | INFO  | Hard-clipped 36 w_cons parameters to delta_max=0.0300 bound.
2026-08-11 20:12:08 | sleep.weights.plasticity       | INFO  | Hard-clipped 36 w_cons parameters to delta_max=0.0300 bound.
2026-08-11 20:12:09 | sleep.weights.plasticity       | INFO  | Hard-clipped 36 w_cons parameters to delta_max=0.0300 bound.
2026-08-11 20:12:09 | sleep.weights.plasticity       | INFO  | Hard-clipped 37 w_cons parameters to delta_max=0.0300 bound.
2026-08-11 20:12:10 | sleep.weights.plasticity       | INFO  | Hard-clipped 33 w_cons parameters to delta_max=0.0300 bound.
2026-08-11 20:12:10 | sleep.weights.plasticity       | INFO  | Hard-clipped 31 w_cons parameters to delta_max=0.0300 bound.
2026-08-11 20:12:11 | sleep.weights.plasticity       | INFO  | Hard-clipped 27 w_cons parameters to delta_max=0.0300 bound.
2026-08-11 20:12:11 | sleep.weights.plasticity       | INFO  | Hard-clipped 25 w_cons parameters to delta_max=0.0300 bound.
2026-08-11 20:12:12 | sleep.weights.plasticity       | INFO  | Hard-clipped 28 w_cons parameters to delta_max=0.0300 bound.
2026-08-11 20:12:12 | sleep.weights.plasticity       | INFO  | Hard-clipped 29 w_cons parameters to delta_max=0.0300 bound.
2026-08-11 20:12:13 | sleep.weights.plasticity       | INFO  | Hard-clipped 32 w_cons parameters to delta_max=0.0300 bound.
2026-08-11 20:12:13 | sleep.weights.plasticity       | INFO  | Hard-clipped 36 w_cons parameters to delta_max=0.0300 bound.
2026-08-11 20:12:13 | sleep.weights.plasticity       | INFO  | Hard-clipped 38 w_cons parameters to delta_max=0.0300 bound.
2026-08-11 20:12:14 | sleep.weights.plasticity       | INFO  | Hard-clipped 38 w_cons parameters to delta_max=0.0300 bound.
2026-08-11 20:12:15 | sleep.weights.plasticity       | INFO  | Hard-clipped 38 w_cons parameters to delta_max=0.0300 bound.
2026-08-11 20:12:15 | sleep.weights.plasticity       | INFO  | Hard-clipped 38 w_cons parameters to delta_max=0.0300 bound.
2026-08-11 20:12:15 | sleep.weights.plasticity       | INFO  | Hard-clipped 38 w_cons parameters to delta_max=0.0300 bound.
2026-08-11 20:12:16 | sleep.weights.plasticity       | INFO  | Hard-clipped 38 w_cons parameters to delta_max=0.0300 bound.
2026-08-11 20:12:16 | sleep.weights.plasticity       | INFO  | Hard-clipped 38 w_cons parameters to delta_max=0.0300 bound.
2026-08-11 20:12:17 | sleep.weights.plasticity       | INFO  | Hard-clipped 38 w_cons parameters to delta_max=0.0300 bound.
2026-08-11 20:12:17 | sleep.weights.plasticity       | INFO  | Hard-clipped 37 w_cons parameters to delta_max=0.0300 bound.
2026-08-11 20:12:18 | sleep.weights.plasticity       | INFO  | Hard-clipped 39 w_cons parameters to delta_max=0.0300 bound.
2026-08-11 20:12:18 | sleep.weights.plasticity       | INFO  | Hard-clipped 32 w_cons parameters to delta_max=0.0300 bound.
2026-08-11 20:12:19 | sleep.weights.plasticity       | INFO  | Hard-clipped 29 w_cons parameters to delta_max=0.0300 bound.
2026-08-11 20:12:19 | sleep.weights.plasticity       | INFO  | Hard-clipped 25 w_cons parameters to delta_max=0.0300 bound.
2026-08-11 20:12:20 | sleep.weights.plasticity       | INFO  | Hard-clipped 26 w_cons parameters to delta_max=0.0300 bound.
2026-08-11 20:12:20 | sleep.weights.plasticity       | INFO  | Hard-clipped 26 w_cons parameters to delta_max=0.0300 bound.
2026-08-11 20:12:21 | sleep.weights.plasticity       | INFO  | Hard-clipped 26 w_cons parameters to delta_max=0.0300 bound.
2026-08-11 20:12:21 | sleep.weights.plasticity       | INFO  | Hard-clipped 25 w_cons parameters to delta_max=0.0300 bound.
2026-08-11 20:12:22 | sleep.weights.plasticity       | INFO  | Hard-clipped 20 w_cons parameters to delta_max=0.0300 bound.
2026-08-11 20:12:22 | sleep.weights.plasticity       | INFO  | Hard-clipped 27 w_cons parameters to delta_max=0.0300 bound.
2026-08-11 20:12:23 | sleep.weights.plasticity       | INFO  | Hard-clipped 16 w_cons parameters to delta_max=0.0300 bound.
2026-08-11 20:12:23 | sleep.weights.plasticity       | INFO  | Hard-clipped 20 w_cons parameters to delta_max=0.0300 bound.
2026-08-11 20:12:24 | sleep.weights.plasticity       | INFO  | Hard-clipped 20 w_cons parameters to delta_max=0.0300 bound.
2026-08-11 20:12:24 | sleep.weights.plasticity       | INFO  | Hard-clipped 28 w_cons parameters to delta_max=0.0300 bound.
2026-08-11 20:12:25 | sleep.weights.plasticity       | INFO  | Hard-clipped 32 w_cons parameters to delta_max=0.0300 bound.
2026-08-11 20:12:25 | sleep.weights.plasticity       | INFO  | Hard-clipped 35 w_cons parameters to delta_max=0.0300 bound.
2026-08-11 20:12:26 | sleep.weights.plasticity       | INFO  | Hard-clipped 35 w_cons parameters to delta_max=0.0300 bound.
2026-08-11 20:12:26 | sleep.weights.plasticity       | INFO  | Hard-clipped 35 w_cons parameters to delta_max=0.0300 bound.
2026-08-11 20:12:27 | sleep.weights.plasticity       | INFO  | Hard-clipped 37 w_cons parameters to delta_max=0.0300 bound.
2026-08-11 20:12:27 | sleep.weights.plasticity       | INFO  | Hard-clipped 37 w_cons parameters to delta_max=0.0300 bound.
2026-08-11 20:12:28 | sleep.weights.plasticity       | INFO  | Hard-clipped 37 w_cons parameters to delta_max=0.0300 bound.
2026-08-11 20:12:28 | sleep.weights.plasticity       | INFO  | Hard-clipped 33 w_cons parameters to delta_max=0.0300 bound.
2026-08-11 20:12:29 | sleep.weights.plasticity       | INFO  | Hard-clipped 35 w_cons parameters to delta_max=0.0300 bound.
2026-08-11 20:12:29 | sleep.weights.plasticity       | INFO  | Hard-clipped 34 w_cons parameters to delta_max=0.0300 bound.
2026-08-11 20:12:30 | sleep.weights.plasticity       | INFO  | Hard-clipped 36 w_cons parameters to delta_max=0.0300 bound.
2026-08-11 20:12:30 | sleep.weights.plasticity       | INFO  | Hard-clipped 37 w_cons parameters to delta_max=0.0300 bound.
2026-08-11 20:12:31 | sleep.weights.plasticity       | INFO  | Hard-clipped 37 w_cons parameters to delta_max=0.0300 bound.
2026-08-11 20:12:31 | sleep.weights.plasticity       | INFO  | Hard-clipped 38 w_cons parameters to delta_max=0.0300 bound.
2026-08-11 20:12:32 | sleep.weights.plasticity       | INFO  | Hard-clipped 39 w_cons parameters to delta_max=0.0300 bound.
2026-08-11 20:12:32 | sleep.weights.plasticity       | INFO  | Hard-clipped 39 w_cons parameters to delta_max=0.0300 bound.
2026-08-11 20:12:33 | sleep.weights.plasticity       | INFO  | Hard-clipped 39 w_cons parameters to delta_max=0.0300 bound.
2026-08-11 20:12:33 | sleep.weights.plasticity       | INFO  | Hard-clipped 38 w_cons parameters to delta_max=0.0300 bound.
2026-08-11 20:12:34 | sleep.weights.plasticity       | INFO  | Hard-clipped 40 w_cons parameters to delta_max=0.0300 bound.
2026-08-11 20:12:34 | sleep.weights.plasticity       | INFO  | Hard-clipped 40 w_cons parameters to delta_max=0.0300 bound.
2026-08-11 20:12:34 | sleep.weights.plasticity       | INFO  | Hard-clipped 40 w_cons parameters to delta_max=0.0300 bound.
2026-08-11 20:12:35 | sleep.weights.plasticity       | INFO  | Hard-clipped 40 w_cons parameters to delta_max=0.0300 bound.
2026-08-11 20:12:35 | sleep.weights.plasticity       | INFO  | Hard-clipped 40 w_cons parameters to delta_max=0.0300 bound.
2026-08-11 20:12:36 | sleep.weights.plasticity       | INFO  | Hard-clipped 40 w_cons parameters to delta_max=0.0300 bound.
2026-08-11 20:12:36 | sleep.weights.plasticity       | INFO  | Hard-clipped 39 w_cons parameters to delta_max=0.0300 bound.
2026-08-11 20:12:37 | sleep.weights.plasticity       | INFO  | Hard-clipped 38 w_cons parameters to delta_max=0.0300 bound.
2026-08-11 20:12:37 | sleep.weights.plasticity       | INFO  | Hard-clipped 33 w_cons parameters to delta_max=0.0300 bound.
2026-08-11 20:12:38 | sleep.weights.plasticity       | INFO  | Hard-clipped 36 w_cons parameters to delta_max=0.0300 bound.
2026-08-11 20:12:38 | sleep.weights.plasticity       | INFO  | Hard-clipped 37 w_cons parameters to delta_max=0.0300 bound.
2026-08-11 20:12:39 | sleep.weights.plasticity       | INFO  | Hard-clipped 38 w_cons parameters to delta_max=0.0300 bound.
2026-08-11 20:12:39 | sleep.sleep_engine.train       | INFO  |   step 1050/1500 | loss=0.2998 | mean_loss=0.6923 | eta=4 | lr=2.50e-05
2026-08-11 20:12:39 | sleep.weights.plasticity       | INFO  | Hard-clipped 33 w_cons parameters to delta_max=0.0300 bound.
2026-08-11 20:12:40 | sleep.weights.plasticity       | INFO  | Hard-clipped 38 w_cons parameters to delta_max=0.0300 bound.
2026-08-11 20:12:40 | sleep.weights.plasticity       | INFO  | Hard-clipped 38 w_cons parameters to delta_max=0.0300 bound.
2026-08-11 20:12:41 | sleep.weights.plasticity       | INFO  | Hard-clipped 38 w_cons parameters to delta_max=0.0300 bound.
2026-08-11 20:12:41 | sleep.weights.plasticity       | INFO  | Hard-clipped 39 w_cons parameters to delta_max=0.0300 bound.
2026-08-11 20:12:42 | sleep.weights.plasticity       | INFO  | Hard-clipped 38 w_cons parameters to delta_max=0.0300 bound.
2026-08-11 20:12:42 | sleep.weights.plasticity       | INFO  | Hard-clipped 38 w_cons parameters to delta_max=0.0300 bound.
2026-08-11 20:12:43 | sleep.weights.plasticity       | INFO  | Hard-clipped 38 w_cons parameters to delta_max=0.0300 bound.
2026-08-11 20:12:43 | sleep.weights.plasticity       | INFO  | Hard-clipped 36 w_cons parameters to delta_max=0.0300 bound.
2026-08-11 20:12:44 | sleep.weights.plasticity       | INFO  | Hard-clipped 29 w_cons parameters to delta_max=0.0300 bound.
2026-08-11 20:12:44 | sleep.weights.plasticity       | INFO  | Hard-clipped 23 w_cons parameters to delta_max=0.0300 bound.
2026-08-11 20:12:45 | sleep.weights.plasticity       | INFO  | Hard-clipped 23 w_cons parameters to delta_max=0.0300 bound.
2026-08-11 20:12:45 | sleep.weights.plasticity       | INFO  | Hard-clipped 20 w_cons parameters to delta_max=0.0300 bound.
2026-08-11 20:12:46 | sleep.weights.plasticity       | INFO  | Hard-clipped 17 w_cons parameters to delta_max=0.0300 bound.
2026-08-11 20:12:46 | sleep.weights.plasticity       | INFO  | Hard-clipped 21 w_cons parameters to delta_max=0.0300 bound.
2026-08-11 20:12:47 | sleep.weights.plasticity       | INFO  | Hard-clipped 19 w_cons parameters to delta_max=0.0300 bound.
2026-08-11 20:12:47 | sleep.weights.plasticity       | INFO  | Hard-clipped 13 w_cons parameters to delta_max=0.0300 bound.
2026-08-11 20:12:48 | sleep.weights.plasticity       | INFO  | Hard-clipped 23 w_cons parameters to delta_max=0.0300 bound.
2026-08-11 20:12:48 | sleep.weights.plasticity       | INFO  | Hard-clipped 15 w_cons parameters to delta_max=0.0300 bound.
2026-08-11 20:12:49 | sleep.weights.plasticity       | INFO  | Hard-clipped 20 w_cons parameters to delta_max=0.0300 bound.
2026-08-11 20:12:49 | sleep.weights.plasticity       | INFO  | Hard-clipped 19 w_cons parameters to delta_max=0.0300 bound.
2026-08-11 20:12:50 | sleep.weights.plasticity       | INFO  | Hard-clipped 17 w_cons parameters to delta_max=0.0300 bound.
2026-08-11 20:12:50 | sleep.weights.plasticity       | INFO  | Hard-clipped 13 w_cons parameters to delta_max=0.0300 bound.
2026-08-11 20:12:51 | sleep.weights.plasticity       | INFO  | Hard-clipped 13 w_cons parameters to delta_max=0.0300 bound.
2026-08-11 20:12:51 | sleep.weights.plasticity       | INFO  | Hard-clipped 14 w_cons parameters to delta_max=0.0300 bound.
2026-08-11 20:12:52 | sleep.weights.plasticity       | INFO  | Hard-clipped 17 w_cons parameters to delta_max=0.0300 bound.
2026-08-11 20:12:52 | sleep.weights.plasticity       | INFO  | Hard-clipped 21 w_cons parameters to delta_max=0.0300 bound.
2026-08-11 20:12:53 | sleep.weights.plasticity       | INFO  | Hard-clipped 25 w_cons parameters to delta_max=0.0300 bound.
2026-08-11 20:12:53 | sleep.weights.plasticity       | INFO  | Hard-clipped 25 w_cons parameters to delta_max=0.0300 bound.
2026-08-11 20:12:54 | sleep.weights.plasticity       | INFO  | Hard-clipped 29 w_cons parameters to delta_max=0.0300 bound.
2026-08-11 20:12:54 | sleep.weights.plasticity       | INFO  | Hard-clipped 28 w_cons parameters to delta_max=0.0300 bound.
2026-08-11 20:12:54 | sleep.weights.plasticity       | INFO  | Hard-clipped 29 w_cons parameters to delta_max=0.0300 bound.
2026-08-11 20:12:55 | sleep.weights.plasticity       | INFO  | Hard-clipped 28 w_cons parameters to delta_max=0.0300 bound.
2026-08-11 20:12:55 | sleep.weights.plasticity       | INFO  | Hard-clipped 30 w_cons parameters to delta_max=0.0300 bound.
2026-08-11 20:12:56 | sleep.weights.plasticity       | INFO  | Hard-clipped 31 w_cons parameters to delta_max=0.0300 bound.
2026-08-11 20:12:56 | sleep.weights.plasticity       | INFO  | Hard-clipped 31 w_cons parameters to delta_max=0.0300 bound.
2026-08-11 20:12:57 | sleep.weights.plasticity       | INFO  | Hard-clipped 32 w_cons parameters to delta_max=0.0300 bound.
2026-08-11 20:12:57 | sleep.weights.plasticity       | INFO  | Hard-clipped 31 w_cons parameters to delta_max=0.0300 bound.
2026-08-11 20:12:58 | sleep.weights.plasticity       | INFO  | Hard-clipped 32 w_cons parameters to delta_max=0.0300 bound.
2026-08-11 20:12:58 | sleep.weights.plasticity       | INFO  | Hard-clipped 31 w_cons parameters to delta_max=0.0300 bound.
2026-08-11 20:12:59 | sleep.weights.plasticity       | INFO  | Hard-clipped 34 w_cons parameters to delta_max=0.0300 bound.
2026-08-11 20:13:00 | sleep.weights.plasticity       | INFO  | Hard-clipped 38 w_cons parameters to delta_max=0.0300 bound.
2026-08-11 20:13:00 | sleep.weights.plasticity       | INFO  | Hard-clipped 38 w_cons parameters to delta_max=0.0300 bound.
2026-08-11 20:13:01 | sleep.weights.plasticity       | INFO  | Hard-clipped 39 w_cons parameters to delta_max=0.0300 bound.
2026-08-11 20:13:01 | sleep.weights.plasticity       | INFO  | Hard-clipped 39 w_cons parameters to delta_max=0.0300 bound.
2026-08-11 20:13:02 | sleep.weights.plasticity       | INFO  | Hard-clipped 39 w_cons parameters to delta_max=0.0300 bound.
2026-08-11 20:13:02 | sleep.weights.plasticity       | INFO  | Hard-clipped 36 w_cons parameters to delta_max=0.0300 bound.
2026-08-11 20:13:03 | sleep.weights.plasticity       | INFO  | Hard-clipped 34 w_cons parameters to delta_max=0.0300 bound.
2026-08-11 20:13:03 | sleep.weights.plasticity       | INFO  | Hard-clipped 35 w_cons parameters to delta_max=0.0300 bound.
2026-08-11 20:13:04 | sleep.weights.plasticity       | INFO  | Hard-clipped 35 w_cons parameters to delta_max=0.0300 bound.
2026-08-11 20:13:04 | sleep.weights.plasticity       | INFO  | Hard-clipped 25 w_cons parameters to delta_max=0.0300 bound.
2026-08-11 20:13:05 | sleep.weights.plasticity       | INFO  | Hard-clipped 29 w_cons parameters to delta_max=0.0300 bound.
2026-08-11 20:13:05 | sleep.weights.plasticity       | INFO  | Hard-clipped 28 w_cons parameters to delta_max=0.0300 bound.
2026-08-11 20:13:06 | sleep.weights.plasticity       | INFO  | Hard-clipped 29 w_cons parameters to delta_max=0.0300 bound.
2026-08-11 20:13:06 | sleep.weights.plasticity       | INFO  | Hard-clipped 28 w_cons parameters to delta_max=0.0300 bound.
2026-08-11 20:13:07 | sleep.weights.plasticity       | INFO  | Hard-clipped 30 w_cons parameters to delta_max=0.0300 bound.
2026-08-11 20:13:07 | sleep.weights.plasticity       | INFO  | Hard-clipped 33 w_cons parameters to delta_max=0.0300 bound.
2026-08-11 20:13:08 | sleep.weights.plasticity       | INFO  | Hard-clipped 35 w_cons parameters to delta_max=0.0300 bound.
2026-08-11 20:13:08 | sleep.weights.plasticity       | INFO  | Hard-clipped 36 w_cons parameters to delta_max=0.0300 bound.
2026-08-11 20:13:09 | sleep.weights.plasticity       | INFO  | Hard-clipped 37 w_cons parameters to delta_max=0.0300 bound.
2026-08-11 20:13:09 | sleep.weights.plasticity       | INFO  | Hard-clipped 38 w_cons parameters to delta_max=0.0300 bound.
2026-08-11 20:13:10 | sleep.weights.plasticity       | INFO  | Hard-clipped 38 w_cons parameters to delta_max=0.0300 bound.
2026-08-11 20:13:10 | sleep.weights.plasticity       | INFO  | Hard-clipped 38 w_cons parameters to delta_max=0.0300 bound.
2026-08-11 20:13:11 | sleep.weights.plasticity       | INFO  | Hard-clipped 37 w_cons parameters to delta_max=0.0300 bound.
2026-08-11 20:13:11 | sleep.weights.plasticity       | INFO  | Hard-clipped 36 w_cons parameters to delta_max=0.0300 bound.
2026-08-11 20:13:12 | sleep.weights.plasticity       | INFO  | Hard-clipped 36 w_cons parameters to delta_max=0.0300 bound.
2026-08-11 20:13:12 | sleep.weights.plasticity       | INFO  | Hard-clipped 36 w_cons parameters to delta_max=0.0300 bound.
2026-08-11 20:13:13 | sleep.weights.plasticity       | INFO  | Hard-clipped 36 w_cons parameters to delta_max=0.0300 bound.
2026-08-11 20:13:13 | sleep.weights.plasticity       | INFO  | Hard-clipped 31 w_cons parameters to delta_max=0.0300 bound.
2026-08-11 20:13:14 | sleep.weights.plasticity       | INFO  | Hard-clipped 38 w_cons parameters to delta_max=0.0300 bound.
2026-08-11 20:13:14 | sleep.weights.plasticity       | INFO  | Hard-clipped 38 w_cons parameters to delta_max=0.0300 bound.
2026-08-11 20:13:15 | sleep.weights.plasticity       | INFO  | Hard-clipped 38 w_cons parameters to delta_max=0.0300 bound.
2026-08-11 20:13:15 | sleep.weights.plasticity       | INFO  | Hard-clipped 37 w_cons parameters to delta_max=0.0300 bound.
2026-08-11 20:13:16 | sleep.weights.plasticity       | INFO  | Hard-clipped 38 w_cons parameters to delta_max=0.0300 bound.
2026-08-11 20:13:16 | sleep.weights.plasticity       | INFO  | Hard-clipped 38 w_cons parameters to delta_max=0.0300 bound.
2026-08-11 20:13:17 | sleep.weights.plasticity       | INFO  | Hard-clipped 38 w_cons parameters to delta_max=0.0300 bound.
2026-08-11 20:13:17 | sleep.weights.plasticity       | INFO  | Hard-clipped 38 w_cons parameters to delta_max=0.0300 bound.
2026-08-11 20:13:18 | sleep.weights.plasticity       | INFO  | Hard-clipped 38 w_cons parameters to delta_max=0.0300 bound.
2026-08-11 20:13:18 | sleep.weights.plasticity       | INFO  | Hard-clipped 38 w_cons parameters to delta_max=0.0300 bound.
2026-08-11 20:13:19 | sleep.weights.plasticity       | INFO  | Hard-clipped 39 w_cons parameters to delta_max=0.0300 bound.
2026-08-11 20:13:19 | sleep.weights.plasticity       | INFO  | Hard-clipped 39 w_cons parameters to delta_max=0.0300 bound.
2026-08-11 20:13:20 | sleep.weights.plasticity       | INFO  | Hard-clipped 39 w_cons parameters to delta_max=0.0300 bound.
2026-08-11 20:13:20 | sleep.weights.plasticity       | INFO  | Hard-clipped 39 w_cons parameters to delta_max=0.0300 bound.
2026-08-11 20:13:20 | sleep.weights.plasticity       | INFO  | Hard-clipped 33 w_cons parameters to delta_max=0.0300 bound.
2026-08-11 20:13:21 | sleep.weights.plasticity       | INFO  | Hard-clipped 29 w_cons parameters to delta_max=0.0300 bound.
2026-08-11 20:13:21 | sleep.weights.plasticity       | INFO  | Hard-clipped 26 w_cons parameters to delta_max=0.0300 bound.
2026-08-11 20:13:22 | sleep.weights.plasticity       | INFO  | Hard-clipped 28 w_cons parameters to delta_max=0.0300 bound.
2026-08-11 20:13:22 | sleep.weights.plasticity       | INFO  | Hard-clipped 23 w_cons parameters to delta_max=0.0300 bound.
2026-08-11 20:13:23 | sleep.weights.plasticity       | INFO  | Hard-clipped 22 w_cons parameters to delta_max=0.0300 bound.
2026-08-11 20:13:23 | sleep.weights.plasticity       | INFO  | Hard-clipped 20 w_cons parameters to delta_max=0.0300 bound.
2026-08-11 20:13:24 | sleep.weights.plasticity       | INFO  | Hard-clipped 9 w_cons parameters to delta_max=0.0300 bound.
2026-08-11 20:13:24 | sleep.weights.plasticity       | INFO  | Hard-clipped 11 w_cons parameters to delta_max=0.0300 bound.
2026-08-11 20:13:25 | sleep.weights.plasticity       | INFO  | Hard-clipped 13 w_cons parameters to delta_max=0.0300 bound.
2026-08-11 20:13:25 | sleep.weights.plasticity       | INFO  | Hard-clipped 13 w_cons parameters to delta_max=0.0300 bound.
2026-08-11 20:13:26 | sleep.weights.plasticity       | INFO  | Hard-clipped 9 w_cons parameters to delta_max=0.0300 bound.
2026-08-11 20:13:26 | sleep.weights.plasticity       | INFO  | Hard-clipped 9 w_cons parameters to delta_max=0.0300 bound.
2026-08-11 20:13:27 | sleep.weights.plasticity       | INFO  | Hard-clipped 9 w_cons parameters to delta_max=0.0300 bound.
2026-08-11 20:13:27 | sleep.weights.plasticity       | INFO  | Hard-clipped 10 w_cons parameters to delta_max=0.0300 bound.
2026-08-11 20:13:28 | sleep.weights.plasticity       | INFO  | Hard-clipped 15 w_cons parameters to delta_max=0.0300 bound.
2026-08-11 20:13:28 | sleep.weights.plasticity       | INFO  | Hard-clipped 16 w_cons parameters to delta_max=0.0300 bound.
2026-08-11 20:13:29 | sleep.weights.plasticity       | INFO  | Hard-clipped 17 w_cons parameters to delta_max=0.0300 bound.
2026-08-11 20:13:29 | sleep.weights.plasticity       | INFO  | Hard-clipped 25 w_cons parameters to delta_max=0.0300 bound.
2026-08-11 20:13:30 | sleep.weights.plasticity       | INFO  | Hard-clipped 27 w_cons parameters to delta_max=0.0300 bound.
2026-08-11 20:13:30 | sleep.weights.plasticity       | INFO  | Hard-clipped 30 w_cons parameters to delta_max=0.0300 bound.
2026-08-11 20:13:31 | sleep.weights.plasticity       | INFO  | Hard-clipped 30 w_cons parameters to delta_max=0.0300 bound.
2026-08-11 20:13:31 | sleep.weights.plasticity       | INFO  | Hard-clipped 30 w_cons parameters to delta_max=0.0300 bound.
2026-08-11 20:13:32 | sleep.weights.plasticity       | INFO  | Hard-clipped 31 w_cons parameters to delta_max=0.0300 bound.
2026-08-11 20:13:32 | sleep.weights.plasticity       | INFO  | Hard-clipped 32 w_cons parameters to delta_max=0.0300 bound.
2026-08-11 20:13:33 | sleep.weights.plasticity       | INFO  | Hard-clipped 33 w_cons parameters to delta_max=0.0300 bound.
2026-08-11 20:13:33 | sleep.weights.plasticity       | INFO  | Hard-clipped 33 w_cons parameters to delta_max=0.0300 bound.
2026-08-11 20:13:34 | sleep.weights.plasticity       | INFO  | Hard-clipped 33 w_cons parameters to delta_max=0.0300 bound.
2026-08-11 20:13:34 | sleep.weights.plasticity       | INFO  | Hard-clipped 34 w_cons parameters to delta_max=0.0300 bound.
2026-08-11 20:13:35 | sleep.weights.plasticity       | INFO  | Hard-clipped 36 w_cons parameters to delta_max=0.0300 bound.
2026-08-11 20:13:35 | sleep.weights.plasticity       | INFO  | Hard-clipped 36 w_cons parameters to delta_max=0.0300 bound.
2026-08-11 20:13:36 | sleep.weights.plasticity       | INFO  | Hard-clipped 36 w_cons parameters to delta_max=0.0300 bound.
2026-08-11 20:13:36 | sleep.weights.plasticity       | INFO  | Hard-clipped 36 w_cons parameters to delta_max=0.0300 bound.
2026-08-11 20:13:37 | sleep.weights.plasticity       | INFO  | Hard-clipped 37 w_cons parameters to delta_max=0.0300 bound.
2026-08-11 20:13:37 | sleep.weights.plasticity       | INFO  | Hard-clipped 38 w_cons parameters to delta_max=0.0300 bound.
2026-08-11 20:13:38 | sleep.weights.plasticity       | INFO  | Hard-clipped 38 w_cons parameters to delta_max=0.0300 bound.
2026-08-11 20:13:39 | sleep.weights.plasticity       | INFO  | Hard-clipped 40 w_cons parameters to delta_max=0.0300 bound.
2026-08-11 20:13:39 | sleep.weights.plasticity       | INFO  | Hard-clipped 40 w_cons parameters to delta_max=0.0300 bound.
2026-08-11 20:13:40 | sleep.weights.plasticity       | INFO  | Hard-clipped 40 w_cons parameters to delta_max=0.0300 bound.
2026-08-11 20:13:40 | sleep.weights.plasticity       | INFO  | Hard-clipped 40 w_cons parameters to delta_max=0.0300 bound.
2026-08-11 20:13:40 | sleep.weights.plasticity       | INFO  | Hard-clipped 40 w_cons parameters to delta_max=0.0300 bound.
2026-08-11 20:13:41 | sleep.weights.plasticity       | INFO  | Hard-clipped 38 w_cons parameters to delta_max=0.0300 bound.
2026-08-11 20:13:41 | sleep.weights.plasticity       | INFO  | Hard-clipped 39 w_cons parameters to delta_max=0.0300 bound.
2026-08-11 20:13:42 | sleep.weights.plasticity       | INFO  | Hard-clipped 33 w_cons parameters to delta_max=0.0300 bound.
2026-08-11 20:13:42 | sleep.weights.plasticity       | INFO  | Hard-clipped 26 w_cons parameters to delta_max=0.0300 bound.
2026-08-11 20:13:43 | sleep.weights.plasticity       | INFO  | Hard-clipped 27 w_cons parameters to delta_max=0.0300 bound.
2026-08-11 20:13:43 | sleep.weights.plasticity       | INFO  | Hard-clipped 16 w_cons parameters to delta_max=0.0300 bound.
2026-08-11 20:13:44 | sleep.weights.plasticity       | INFO  | Hard-clipped 12 w_cons parameters to delta_max=0.0300 bound.
2026-08-11 20:13:44 | sleep.weights.plasticity       | INFO  | Hard-clipped 12 w_cons parameters to delta_max=0.0300 bound.
2026-08-11 20:13:45 | sleep.weights.plasticity       | INFO  | Hard-clipped 8 w_cons parameters to delta_max=0.0300 bound.
2026-08-11 20:13:45 | sleep.weights.plasticity       | INFO  | Hard-clipped 4 w_cons parameters to delta_max=0.0300 bound.
2026-08-11 20:13:46 | sleep.weights.plasticity       | INFO  | Hard-clipped 4 w_cons parameters to delta_max=0.0300 bound.
2026-08-11 20:13:46 | sleep.weights.plasticity       | INFO  | Hard-clipped 10 w_cons parameters to delta_max=0.0300 bound.
2026-08-11 20:13:47 | sleep.weights.plasticity       | INFO  | Hard-clipped 11 w_cons parameters to delta_max=0.0300 bound.
2026-08-11 20:13:48 | sleep.weights.plasticity       | INFO  | Hard-clipped 11 w_cons parameters to delta_max=0.0300 bound.
2026-08-11 20:13:48 | sleep.weights.plasticity       | INFO  | Hard-clipped 11 w_cons parameters to delta_max=0.0300 bound.
2026-08-11 20:13:48 | sleep.weights.plasticity       | INFO  | Hard-clipped 13 w_cons parameters to delta_max=0.0300 bound.
2026-08-11 20:13:49 | sleep.weights.plasticity       | INFO  | Hard-clipped 12 w_cons parameters to delta_max=0.0300 bound.
2026-08-11 20:13:50 | sleep.weights.plasticity       | INFO  | Hard-clipped 12 w_cons parameters to delta_max=0.0300 bound.
2026-08-11 20:13:50 | sleep.weights.plasticity       | INFO  | Hard-clipped 12 w_cons parameters to delta_max=0.0300 bound.
2026-08-11 20:13:50 | sleep.weights.plasticity       | INFO  | Hard-clipped 11 w_cons parameters to delta_max=0.0300 bound.
2026-08-11 20:13:51 | sleep.weights.plasticity       | INFO  | Hard-clipped 14 w_cons parameters to delta_max=0.0300 bound.
2026-08-11 20:13:51 | sleep.weights.plasticity       | INFO  | Hard-clipped 16 w_cons parameters to delta_max=0.0300 bound.
2026-08-11 20:13:52 | sleep.weights.plasticity       | INFO  | Hard-clipped 16 w_cons parameters to delta_max=0.0300 bound.
2026-08-11 20:13:52 | sleep.weights.plasticity       | INFO  | Hard-clipped 17 w_cons parameters to delta_max=0.0300 bound.
2026-08-11 20:13:53 | sleep.weights.plasticity       | INFO  | Hard-clipped 21 w_cons parameters to delta_max=0.0300 bound.
2026-08-11 20:13:53 | sleep.weights.plasticity       | INFO  | Hard-clipped 24 w_cons parameters to delta_max=0.0300 bound.
2026-08-11 20:13:53 | sleep.sleep_engine.train       | INFO  |   step 1200/1500 | loss=0.3062 | mean_loss=0.6410 | eta=9 | lr=1.17e-05
2026-08-11 20:13:54 | sleep.weights.plasticity       | INFO  | Hard-clipped 25 w_cons parameters to delta_max=0.0300 bound.
2026-08-11 20:13:54 | sleep.weights.plasticity       | INFO  | Hard-clipped 24 w_cons parameters to delta_max=0.0300 bound.
2026-08-11 20:13:55 | sleep.weights.plasticity       | INFO  | Hard-clipped 26 w_cons parameters to delta_max=0.0300 bound.
2026-08-11 20:13:55 | sleep.weights.plasticity       | INFO  | Hard-clipped 30 w_cons parameters to delta_max=0.0300 bound.
2026-08-11 20:13:56 | sleep.weights.plasticity       | INFO  | Hard-clipped 31 w_cons parameters to delta_max=0.0300 bound.
2026-08-11 20:13:56 | sleep.weights.plasticity       | INFO  | Hard-clipped 30 w_cons parameters to delta_max=0.0300 bound.
2026-08-11 20:13:57 | sleep.weights.plasticity       | INFO  | Hard-clipped 30 w_cons parameters to delta_max=0.0300 bound.
2026-08-11 20:13:57 | sleep.weights.plasticity       | INFO  | Hard-clipped 31 w_cons parameters to delta_max=0.0300 bound.
2026-08-11 20:13:58 | sleep.weights.plasticity       | INFO  | Hard-clipped 32 w_cons parameters to delta_max=0.0300 bound.
2026-08-11 20:13:58 | sleep.weights.plasticity       | INFO  | Hard-clipped 33 w_cons parameters to delta_max=0.0300 bound.
2026-08-11 20:13:59 | sleep.weights.plasticity       | INFO  | Hard-clipped 35 w_cons parameters to delta_max=0.0300 bound.
2026-08-11 20:13:59 | sleep.weights.plasticity       | INFO  | Hard-clipped 37 w_cons parameters to delta_max=0.0300 bound.
2026-08-11 20:14:00 | sleep.weights.plasticity       | INFO  | Hard-clipped 38 w_cons parameters to delta_max=0.0300 bound.
2026-08-11 20:14:00 | sleep.weights.plasticity       | INFO  | Hard-clipped 38 w_cons parameters to delta_max=0.0300 bound.
2026-08-11 20:14:01 | sleep.weights.plasticity       | INFO  | Hard-clipped 38 w_cons parameters to delta_max=0.0300 bound.
2026-08-11 20:14:01 | sleep.weights.plasticity       | INFO  | Hard-clipped 37 w_cons parameters to delta_max=0.0300 bound.
2026-08-11 20:14:02 | sleep.weights.plasticity       | INFO  | Hard-clipped 38 w_cons parameters to delta_max=0.0300 bound.
2026-08-11 20:14:02 | sleep.weights.plasticity       | INFO  | Hard-clipped 39 w_cons parameters to delta_max=0.0300 bound.
2026-08-11 20:14:03 | sleep.weights.plasticity       | INFO  | Hard-clipped 38 w_cons parameters to delta_max=0.0300 bound.
2026-08-11 20:14:03 | sleep.weights.plasticity       | INFO  | Hard-clipped 35 w_cons parameters to delta_max=0.0300 bound.
2026-08-11 20:14:04 | sleep.weights.plasticity       | INFO  | Hard-clipped 37 w_cons parameters to delta_max=0.0300 bound.
2026-08-11 20:14:04 | sleep.weights.plasticity       | INFO  | Hard-clipped 33 w_cons parameters to delta_max=0.0300 bound.
2026-08-11 20:14:05 | sleep.weights.plasticity       | INFO  | Hard-clipped 32 w_cons parameters to delta_max=0.0300 bound.
2026-08-11 20:14:05 | sleep.weights.plasticity       | INFO  | Hard-clipped 32 w_cons parameters to delta_max=0.0300 bound.
2026-08-11 20:14:06 | sleep.weights.plasticity       | INFO  | Hard-clipped 33 w_cons parameters to delta_max=0.0300 bound.
2026-08-11 20:14:06 | sleep.weights.plasticity       | INFO  | Hard-clipped 34 w_cons parameters to delta_max=0.0300 bound.
2026-08-11 20:14:07 | sleep.weights.plasticity       | INFO  | Hard-clipped 34 w_cons parameters to delta_max=0.0300 bound.
2026-08-11 20:14:07 | sleep.weights.plasticity       | INFO  | Hard-clipped 37 w_cons parameters to delta_max=0.0300 bound.
2026-08-11 20:14:08 | sleep.weights.plasticity       | INFO  | Hard-clipped 34 w_cons parameters to delta_max=0.0300 bound.
2026-08-11 20:14:08 | sleep.weights.plasticity       | INFO  | Hard-clipped 34 w_cons parameters to delta_max=0.0300 bound.
2026-08-11 20:14:09 | sleep.weights.plasticity       | INFO  | Hard-clipped 34 w_cons parameters to delta_max=0.0300 bound.
2026-08-11 20:14:09 | sleep.weights.plasticity       | INFO  | Hard-clipped 35 w_cons parameters to delta_max=0.0300 bound.
2026-08-11 20:14:10 | sleep.weights.plasticity       | INFO  | Hard-clipped 36 w_cons parameters to delta_max=0.0300 bound.
2026-08-11 20:14:10 | sleep.weights.plasticity       | INFO  | Hard-clipped 35 w_cons parameters to delta_max=0.0300 bound.
2026-08-11 20:14:11 | sleep.weights.plasticity       | INFO  | Hard-clipped 35 w_cons parameters to delta_max=0.0300 bound.
2026-08-11 20:14:11 | sleep.weights.plasticity       | INFO  | Hard-clipped 34 w_cons parameters to delta_max=0.0300 bound.
2026-08-11 20:14:12 | sleep.weights.plasticity       | INFO  | Hard-clipped 30 w_cons parameters to delta_max=0.0300 bound.
2026-08-11 20:14:12 | sleep.weights.plasticity       | INFO  | Hard-clipped 31 w_cons parameters to delta_max=0.0300 bound.
2026-08-11 20:14:13 | sleep.weights.plasticity       | INFO  | Hard-clipped 26 w_cons parameters to delta_max=0.0300 bound.
2026-08-11 20:14:13 | sleep.weights.plasticity       | INFO  | Hard-clipped 17 w_cons parameters to delta_max=0.0300 bound.
2026-08-11 20:14:14 | sleep.weights.plasticity       | INFO  | Hard-clipped 24 w_cons parameters to delta_max=0.0300 bound.
2026-08-11 20:14:14 | sleep.weights.plasticity       | INFO  | Hard-clipped 24 w_cons parameters to delta_max=0.0300 bound.
2026-08-11 20:14:15 | sleep.weights.plasticity       | INFO  | Hard-clipped 25 w_cons parameters to delta_max=0.0300 bound.
2026-08-11 20:14:15 | sleep.weights.plasticity       | INFO  | Hard-clipped 23 w_cons parameters to delta_max=0.0300 bound.
2026-08-11 20:14:16 | sleep.weights.plasticity       | INFO  | Hard-clipped 27 w_cons parameters to delta_max=0.0300 bound.
2026-08-11 20:14:16 | sleep.weights.plasticity       | INFO  | Hard-clipped 30 w_cons parameters to delta_max=0.0300 bound.
2026-08-11 20:14:17 | sleep.weights.plasticity       | INFO  | Hard-clipped 28 w_cons parameters to delta_max=0.0300 bound.
2026-08-11 20:14:17 | sleep.weights.plasticity       | INFO  | Hard-clipped 29 w_cons parameters to delta_max=0.0300 bound.
2026-08-11 20:14:18 | sleep.weights.plasticity       | INFO  | Hard-clipped 28 w_cons parameters to delta_max=0.0300 bound.
2026-08-11 20:14:18 | sleep.weights.plasticity       | INFO  | Hard-clipped 29 w_cons parameters to delta_max=0.0300 bound.
2026-08-11 20:14:19 | sleep.weights.plasticity       | INFO  | Hard-clipped 30 w_cons parameters to delta_max=0.0300 bound.
2026-08-11 20:14:19 | sleep.weights.plasticity       | INFO  | Hard-clipped 33 w_cons parameters to delta_max=0.0300 bound.
2026-08-11 20:14:20 | sleep.weights.plasticity       | INFO  | Hard-clipped 33 w_cons parameters to delta_max=0.0300 bound.
2026-08-11 20:14:20 | sleep.weights.plasticity       | INFO  | Hard-clipped 35 w_cons parameters to delta_max=0.0300 bound.
2026-08-11 20:14:21 | sleep.weights.plasticity       | INFO  | Hard-clipped 35 w_cons parameters to delta_max=0.0300 bound.
2026-08-11 20:14:21 | sleep.weights.plasticity       | INFO  | Hard-clipped 36 w_cons parameters to delta_max=0.0300 bound.
2026-08-11 20:14:22 | sleep.weights.plasticity       | INFO  | Hard-clipped 36 w_cons parameters to delta_max=0.0300 bound.
2026-08-11 20:14:22 | sleep.weights.plasticity       | INFO  | Hard-clipped 36 w_cons parameters to delta_max=0.0300 bound.
2026-08-11 20:14:23 | sleep.weights.plasticity       | INFO  | Hard-clipped 37 w_cons parameters to delta_max=0.0300 bound.
2026-08-11 20:14:23 | sleep.weights.plasticity       | INFO  | Hard-clipped 36 w_cons parameters to delta_max=0.0300 bound.
2026-08-11 20:14:24 | sleep.weights.plasticity       | INFO  | Hard-clipped 38 w_cons parameters to delta_max=0.0300 bound.
2026-08-11 20:14:24 | sleep.weights.plasticity       | INFO  | Hard-clipped 39 w_cons parameters to delta_max=0.0300 bound.
2026-08-11 20:14:25 | sleep.weights.plasticity       | INFO  | Hard-clipped 39 w_cons parameters to delta_max=0.0300 bound.
2026-08-11 20:14:25 | sleep.weights.plasticity       | INFO  | Hard-clipped 37 w_cons parameters to delta_max=0.0300 bound.
2026-08-11 20:14:26 | sleep.weights.plasticity       | INFO  | Hard-clipped 38 w_cons parameters to delta_max=0.0300 bound.
2026-08-11 20:14:26 | sleep.weights.plasticity       | INFO  | Hard-clipped 38 w_cons parameters to delta_max=0.0300 bound.
2026-08-11 20:14:27 | sleep.weights.plasticity       | INFO  | Hard-clipped 38 w_cons parameters to delta_max=0.0300 bound.
2026-08-11 20:14:27 | sleep.weights.plasticity       | INFO  | Hard-clipped 38 w_cons parameters to delta_max=0.0300 bound.
2026-08-11 20:14:28 | sleep.weights.plasticity       | INFO  | Hard-clipped 37 w_cons parameters to delta_max=0.0300 bound.
2026-08-11 20:14:28 | sleep.weights.plasticity       | INFO  | Hard-clipped 29 w_cons parameters to delta_max=0.0300 bound.
2026-08-11 20:14:29 | sleep.weights.plasticity       | INFO  | Hard-clipped 29 w_cons parameters to delta_max=0.0300 bound.
2026-08-11 20:14:29 | sleep.weights.plasticity       | INFO  | Hard-clipped 28 w_cons parameters to delta_max=0.0300 bound.
2026-08-11 20:14:30 | sleep.weights.plasticity       | INFO  | Hard-clipped 30 w_cons parameters to delta_max=0.0300 bound.
2026-08-11 20:14:30 | sleep.weights.plasticity       | INFO  | Hard-clipped 34 w_cons parameters to delta_max=0.0300 bound.
2026-08-11 20:14:31 | sleep.weights.plasticity       | INFO  | Hard-clipped 34 w_cons parameters to delta_max=0.0300 bound.
2026-08-11 20:14:31 | sleep.weights.plasticity       | INFO  | Hard-clipped 35 w_cons parameters to delta_max=0.0300 bound.
2026-08-11 20:14:32 | sleep.weights.plasticity       | INFO  | Hard-clipped 30 w_cons parameters to delta_max=0.0300 bound.
2026-08-11 20:14:32 | sleep.weights.plasticity       | INFO  | Hard-clipped 25 w_cons parameters to delta_max=0.0300 bound.
2026-08-11 20:14:33 | sleep.weights.plasticity       | INFO  | Hard-clipped 26 w_cons parameters to delta_max=0.0300 bound.
2026-08-11 20:14:33 | sleep.weights.plasticity       | INFO  | Hard-clipped 25 w_cons parameters to delta_max=0.0300 bound.
2026-08-11 20:14:34 | sleep.weights.plasticity       | INFO  | Hard-clipped 28 w_cons parameters to delta_max=0.0300 bound.
2026-08-11 20:14:34 | sleep.weights.plasticity       | INFO  | Hard-clipped 28 w_cons parameters to delta_max=0.0300 bound.
2026-08-11 20:14:34 | sleep.weights.plasticity       | INFO  | Hard-clipped 28 w_cons parameters to delta_max=0.0300 bound.
2026-08-11 20:14:35 | sleep.weights.plasticity       | INFO  | Hard-clipped 28 w_cons parameters to delta_max=0.0300 bound.
2026-08-11 20:14:35 | sleep.weights.plasticity       | INFO  | Hard-clipped 30 w_cons parameters to delta_max=0.0300 bound.
2026-08-11 20:14:36 | sleep.weights.plasticity       | INFO  | Hard-clipped 28 w_cons parameters to delta_max=0.0300 bound.
2026-08-11 20:14:37 | sleep.weights.plasticity       | INFO  | Hard-clipped 29 w_cons parameters to delta_max=0.0300 bound.
2026-08-11 20:14:37 | sleep.weights.plasticity       | INFO  | Hard-clipped 26 w_cons parameters to delta_max=0.0300 bound.
2026-08-11 20:14:38 | sleep.weights.plasticity       | INFO  | Hard-clipped 28 w_cons parameters to delta_max=0.0300 bound.
2026-08-11 20:14:38 | sleep.weights.plasticity       | INFO  | Hard-clipped 29 w_cons parameters to delta_max=0.0300 bound.
2026-08-11 20:14:39 | sleep.weights.plasticity       | INFO  | Hard-clipped 32 w_cons parameters to delta_max=0.0300 bound.
2026-08-11 20:14:39 | sleep.weights.plasticity       | INFO  | Hard-clipped 32 w_cons parameters to delta_max=0.0300 bound.
2026-08-11 20:14:40 | sleep.weights.plasticity       | INFO  | Hard-clipped 32 w_cons parameters to delta_max=0.0300 bound.
2026-08-11 20:14:40 | sleep.weights.plasticity       | INFO  | Hard-clipped 33 w_cons parameters to delta_max=0.0300 bound.
2026-08-11 20:14:41 | sleep.weights.plasticity       | INFO  | Hard-clipped 34 w_cons parameters to delta_max=0.0300 bound.
2026-08-11 20:14:41 | sleep.weights.plasticity       | INFO  | Hard-clipped 34 w_cons parameters to delta_max=0.0300 bound.
2026-08-11 20:14:42 | sleep.weights.plasticity       | INFO  | Hard-clipped 35 w_cons parameters to delta_max=0.0300 bound.
2026-08-11 20:14:42 | sleep.weights.plasticity       | INFO  | Hard-clipped 35 w_cons parameters to delta_max=0.0300 bound.
2026-08-11 20:14:43 | sleep.weights.plasticity       | INFO  | Hard-clipped 35 w_cons parameters to delta_max=0.0300 bound.
2026-08-11 20:14:43 | sleep.weights.plasticity       | INFO  | Hard-clipped 36 w_cons parameters to delta_max=0.0300 bound.
2026-08-11 20:14:44 | sleep.weights.plasticity       | INFO  | Hard-clipped 35 w_cons parameters to delta_max=0.0300 bound.
2026-08-11 20:14:44 | sleep.weights.plasticity       | INFO  | Hard-clipped 35 w_cons parameters to delta_max=0.0300 bound.
2026-08-11 20:14:45 | sleep.weights.plasticity       | INFO  | Hard-clipped 27 w_cons parameters to delta_max=0.0300 bound.
2026-08-11 20:14:45 | sleep.weights.plasticity       | INFO  | Hard-clipped 34 w_cons parameters to delta_max=0.0300 bound.
2026-08-11 20:14:46 | sleep.weights.plasticity       | INFO  | Hard-clipped 37 w_cons parameters to delta_max=0.0300 bound.
2026-08-11 20:14:46 | sleep.weights.plasticity       | INFO  | Hard-clipped 37 w_cons parameters to delta_max=0.0300 bound.
2026-08-11 20:14:47 | sleep.weights.plasticity       | INFO  | Hard-clipped 37 w_cons parameters to delta_max=0.0300 bound.
2026-08-11 20:14:47 | sleep.weights.plasticity       | INFO  | Hard-clipped 37 w_cons parameters to delta_max=0.0300 bound.
2026-08-11 20:14:48 | sleep.weights.plasticity       | INFO  | Hard-clipped 37 w_cons parameters to delta_max=0.0300 bound.
2026-08-11 20:14:48 | sleep.weights.plasticity       | INFO  | Hard-clipped 37 w_cons parameters to delta_max=0.0300 bound.
2026-08-11 20:14:49 | sleep.weights.plasticity       | INFO  | Hard-clipped 35 w_cons parameters to delta_max=0.0300 bound.
2026-08-11 20:14:49 | sleep.weights.plasticity       | INFO  | Hard-clipped 37 w_cons parameters to delta_max=0.0300 bound.
2026-08-11 20:14:50 | sleep.weights.plasticity       | INFO  | Hard-clipped 37 w_cons parameters to delta_max=0.0300 bound.
2026-08-11 20:14:50 | sleep.weights.plasticity       | INFO  | Hard-clipped 35 w_cons parameters to delta_max=0.0300 bound.
2026-08-11 20:14:51 | sleep.weights.plasticity       | INFO  | Hard-clipped 35 w_cons parameters to delta_max=0.0300 bound.
2026-08-11 20:14:51 | sleep.weights.plasticity       | INFO  | Hard-clipped 37 w_cons parameters to delta_max=0.0300 bound.
2026-08-11 20:14:52 | sleep.weights.plasticity       | INFO  | Hard-clipped 37 w_cons parameters to delta_max=0.0300 bound.
2026-08-11 20:14:52 | sleep.weights.plasticity       | INFO  | Hard-clipped 37 w_cons parameters to delta_max=0.0300 bound.
2026-08-11 20:14:53 | sleep.weights.plasticity       | INFO  | Hard-clipped 37 w_cons parameters to delta_max=0.0300 bound.
2026-08-11 20:14:53 | sleep.weights.plasticity       | INFO  | Hard-clipped 37 w_cons parameters to delta_max=0.0300 bound.
2026-08-11 20:14:54 | sleep.weights.plasticity       | INFO  | Hard-clipped 39 w_cons parameters to delta_max=0.0300 bound.
2026-08-11 20:14:54 | sleep.weights.plasticity       | INFO  | Hard-clipped 39 w_cons parameters to delta_max=0.0300 bound.
2026-08-11 20:14:55 | sleep.weights.plasticity       | INFO  | Hard-clipped 39 w_cons parameters to delta_max=0.0300 bound.
2026-08-11 20:14:55 | sleep.weights.plasticity       | INFO  | Hard-clipped 38 w_cons parameters to delta_max=0.0300 bound.
2026-08-11 20:14:56 | sleep.weights.plasticity       | INFO  | Hard-clipped 38 w_cons parameters to delta_max=0.0300 bound.
2026-08-11 20:14:56 | sleep.weights.plasticity       | INFO  | Hard-clipped 39 w_cons parameters to delta_max=0.0300 bound.
2026-08-11 20:14:57 | sleep.weights.plasticity       | INFO  | Hard-clipped 30 w_cons parameters to delta_max=0.0300 bound.
2026-08-11 20:14:57 | sleep.weights.plasticity       | INFO  | Hard-clipped 38 w_cons parameters to delta_max=0.0300 bound.
2026-08-11 20:14:58 | sleep.weights.plasticity       | INFO  | Hard-clipped 37 w_cons parameters to delta_max=0.0300 bound.
2026-08-11 20:14:58 | sleep.weights.plasticity       | INFO  | Hard-clipped 36 w_cons parameters to delta_max=0.0300 bound.
2026-08-11 20:14:59 | sleep.weights.plasticity       | INFO  | Hard-clipped 34 w_cons parameters to delta_max=0.0300 bound.
2026-08-11 20:14:59 | sleep.weights.plasticity       | INFO  | Hard-clipped 31 w_cons parameters to delta_max=0.0300 bound.
2026-08-11 20:14:59 | sleep.weights.plasticity       | INFO  | Hard-clipped 32 w_cons parameters to delta_max=0.0300 bound.
2026-08-11 20:15:00 | sleep.weights.plasticity       | INFO  | Hard-clipped 31 w_cons parameters to delta_max=0.0300 bound.
2026-08-11 20:15:01 | sleep.weights.plasticity       | INFO  | Hard-clipped 26 w_cons parameters to delta_max=0.0300 bound.
2026-08-11 20:15:01 | sleep.weights.plasticity       | INFO  | Hard-clipped 29 w_cons parameters to delta_max=0.0300 bound.
2026-08-11 20:15:02 | sleep.weights.plasticity       | INFO  | Hard-clipped 21 w_cons parameters to delta_max=0.0300 bound.
2026-08-11 20:15:02 | sleep.weights.plasticity       | INFO  | Hard-clipped 20 w_cons parameters to delta_max=0.0300 bound.
2026-08-11 20:15:03 | sleep.weights.plasticity       | INFO  | Hard-clipped 21 w_cons parameters to delta_max=0.0300 bound.
2026-08-11 20:15:03 | sleep.weights.plasticity       | INFO  | Hard-clipped 22 w_cons parameters to delta_max=0.0300 bound.
2026-08-11 20:15:04 | sleep.weights.plasticity       | INFO  | Hard-clipped 22 w_cons parameters to delta_max=0.0300 bound.
2026-08-11 20:15:04 | sleep.weights.plasticity       | INFO  | Hard-clipped 22 w_cons parameters to delta_max=0.0300 bound.
2026-08-11 20:15:05 | sleep.weights.plasticity       | INFO  | Hard-clipped 23 w_cons parameters to delta_max=0.0300 bound.
2026-08-11 20:15:05 | sleep.weights.plasticity       | INFO  | Hard-clipped 26 w_cons parameters to delta_max=0.0300 bound.
2026-08-11 20:15:06 | sleep.weights.plasticity       | INFO  | Hard-clipped 27 w_cons parameters to delta_max=0.0300 bound.
2026-08-11 20:15:06 | sleep.weights.plasticity       | INFO  | Hard-clipped 28 w_cons parameters to delta_max=0.0300 bound.
2026-08-11 20:15:06 | sleep.weights.plasticity       | INFO  | Hard-clipped 29 w_cons parameters to delta_max=0.0300 bound.
2026-08-11 20:15:07 | sleep.weights.plasticity       | INFO  | Hard-clipped 31 w_cons parameters to delta_max=0.0300 bound.
2026-08-11 20:15:07 | sleep.weights.plasticity       | INFO  | Hard-clipped 31 w_cons parameters to delta_max=0.0300 bound.
2026-08-11 20:15:08 | sleep.weights.plasticity       | INFO  | Hard-clipped 33 w_cons parameters to delta_max=0.0300 bound.
2026-08-11 20:15:08 | sleep.sleep_engine.train       | INFO  |   step 1350/1500 | loss=0.2802 | mean_loss=0.6007 | eta=9 | lr=3.02e-06
2026-08-11 20:15:08 | sleep.weights.plasticity       | INFO  | Hard-clipped 32 w_cons parameters to delta_max=0.0300 bound.
2026-08-11 20:15:09 | sleep.weights.plasticity       | INFO  | Hard-clipped 32 w_cons parameters to delta_max=0.0300 bound.
2026-08-11 20:15:09 | sleep.weights.plasticity       | INFO  | Hard-clipped 33 w_cons parameters to delta_max=0.0300 bound.
2026-08-11 20:15:10 | sleep.weights.plasticity       | INFO  | Hard-clipped 35 w_cons parameters to delta_max=0.0300 bound.
2026-08-11 20:15:10 | sleep.weights.plasticity       | INFO  | Hard-clipped 35 w_cons parameters to delta_max=0.0300 bound.
2026-08-11 20:15:11 | sleep.weights.plasticity       | INFO  | Hard-clipped 36 w_cons parameters to delta_max=0.0300 bound.
2026-08-11 20:15:11 | sleep.weights.plasticity       | INFO  | Hard-clipped 36 w_cons parameters to delta_max=0.0300 bound.
2026-08-11 20:15:12 | sleep.weights.plasticity       | INFO  | Hard-clipped 37 w_cons parameters to delta_max=0.0300 bound.
2026-08-11 20:15:12 | sleep.weights.plasticity       | INFO  | Hard-clipped 37 w_cons parameters to delta_max=0.0300 bound.
2026-08-11 20:15:13 | sleep.weights.plasticity       | INFO  | Hard-clipped 37 w_cons parameters to delta_max=0.0300 bound.
2026-08-11 20:15:13 | sleep.weights.plasticity       | INFO  | Hard-clipped 39 w_cons parameters to delta_max=0.0300 bound.
2026-08-11 20:15:14 | sleep.weights.plasticity       | INFO  | Hard-clipped 39 w_cons parameters to delta_max=0.0300 bound.
2026-08-11 20:15:14 | sleep.weights.plasticity       | INFO  | Hard-clipped 38 w_cons parameters to delta_max=0.0300 bound.
2026-08-11 20:15:15 | sleep.weights.plasticity       | INFO  | Hard-clipped 38 w_cons parameters to delta_max=0.0300 bound.
2026-08-11 20:15:15 | sleep.weights.plasticity       | INFO  | Hard-clipped 38 w_cons parameters to delta_max=0.0300 bound.
2026-08-11 20:15:16 | sleep.weights.plasticity       | INFO  | Hard-clipped 38 w_cons parameters to delta_max=0.0300 bound.
2026-08-11 20:15:16 | sleep.weights.plasticity       | INFO  | Hard-clipped 38 w_cons parameters to delta_max=0.0300 bound.
2026-08-11 20:15:17 | sleep.weights.plasticity       | INFO  | Hard-clipped 38 w_cons parameters to delta_max=0.0300 bound.
2026-08-11 20:15:17 | sleep.weights.plasticity       | INFO  | Hard-clipped 38 w_cons parameters to delta_max=0.0300 bound.
2026-08-11 20:15:18 | sleep.weights.plasticity       | INFO  | Hard-clipped 39 w_cons parameters to delta_max=0.0300 bound.
2026-08-11 20:15:18 | sleep.weights.plasticity       | INFO  | Hard-clipped 38 w_cons parameters to delta_max=0.0300 bound.
2026-08-11 20:15:19 | sleep.weights.plasticity       | INFO  | Hard-clipped 38 w_cons parameters to delta_max=0.0300 bound.
2026-08-11 20:15:19 | sleep.weights.plasticity       | INFO  | Hard-clipped 38 w_cons parameters to delta_max=0.0300 bound.
2026-08-11 20:15:20 | sleep.weights.plasticity       | INFO  | Hard-clipped 38 w_cons parameters to delta_max=0.0300 bound.
2026-08-11 20:15:20 | sleep.weights.plasticity       | INFO  | Hard-clipped 38 w_cons parameters to delta_max=0.0300 bound.
2026-08-11 20:15:21 | sleep.weights.plasticity       | INFO  | Hard-clipped 38 w_cons parameters to delta_max=0.0300 bound.
2026-08-11 20:15:22 | sleep.weights.plasticity       | INFO  | Hard-clipped 38 w_cons parameters to delta_max=0.0300 bound.
2026-08-11 20:15:22 | sleep.weights.plasticity       | INFO  | Hard-clipped 37 w_cons parameters to delta_max=0.0300 bound.
2026-08-11 20:15:23 | sleep.weights.plasticity       | INFO  | Hard-clipped 38 w_cons parameters to delta_max=0.0300 bound.
2026-08-11 20:15:23 | sleep.weights.plasticity       | INFO  | Hard-clipped 38 w_cons parameters to delta_max=0.0300 bound.
2026-08-11 20:15:24 | sleep.weights.plasticity       | INFO  | Hard-clipped 36 w_cons parameters to delta_max=0.0300 bound.
2026-08-11 20:15:24 | sleep.weights.plasticity       | INFO  | Hard-clipped 36 w_cons parameters to delta_max=0.0300 bound.
2026-08-11 20:15:24 | sleep.weights.plasticity       | INFO  | Hard-clipped 36 w_cons parameters to delta_max=0.0300 bound.
2026-08-11 20:15:25 | sleep.weights.plasticity       | INFO  | Hard-clipped 36 w_cons parameters to delta_max=0.0300 bound.
2026-08-11 20:15:25 | sleep.weights.plasticity       | INFO  | Hard-clipped 36 w_cons parameters to delta_max=0.0300 bound.
2026-08-11 20:15:26 | sleep.weights.plasticity       | INFO  | Hard-clipped 38 w_cons parameters to delta_max=0.0300 bound.
2026-08-11 20:15:26 | sleep.weights.plasticity       | INFO  | Hard-clipped 39 w_cons parameters to delta_max=0.0300 bound.
2026-08-11 20:15:27 | sleep.weights.plasticity       | INFO  | Hard-clipped 39 w_cons parameters to delta_max=0.0300 bound.
2026-08-11 20:15:27 | sleep.weights.plasticity       | INFO  | Hard-clipped 39 w_cons parameters to delta_max=0.0300 bound.
2026-08-11 20:15:28 | sleep.weights.plasticity       | INFO  | Hard-clipped 40 w_cons parameters to delta_max=0.0300 bound.
2026-08-11 20:15:28 | sleep.weights.plasticity       | INFO  | Hard-clipped 40 w_cons parameters to delta_max=0.0300 bound.
2026-08-11 20:15:29 | sleep.weights.plasticity       | INFO  | Hard-clipped 39 w_cons parameters to delta_max=0.0300 bound.
2026-08-11 20:15:29 | sleep.weights.plasticity       | INFO  | Hard-clipped 39 w_cons parameters to delta_max=0.0300 bound.
2026-08-11 20:15:30 | sleep.weights.plasticity       | INFO  | Hard-clipped 38 w_cons parameters to delta_max=0.0300 bound.
2026-08-11 20:15:30 | sleep.weights.plasticity       | INFO  | Hard-clipped 38 w_cons parameters to delta_max=0.0300 bound.
2026-08-11 20:15:31 | sleep.weights.plasticity       | INFO  | Hard-clipped 38 w_cons parameters to delta_max=0.0300 bound.
2026-08-11 20:15:31 | sleep.weights.plasticity       | INFO  | Hard-clipped 38 w_cons parameters to delta_max=0.0300 bound.
2026-08-11 20:15:32 | sleep.weights.plasticity       | INFO  | Hard-clipped 38 w_cons parameters to delta_max=0.0300 bound.
2026-08-11 20:15:33 | sleep.weights.plasticity       | INFO  | Hard-clipped 37 w_cons parameters to delta_max=0.0300 bound.
2026-08-11 20:15:33 | sleep.weights.plasticity       | INFO  | Hard-clipped 37 w_cons parameters to delta_max=0.0300 bound.
2026-08-11 20:15:34 | sleep.weights.plasticity       | INFO  | Hard-clipped 38 w_cons parameters to delta_max=0.0300 bound.
2026-08-11 20:15:34 | sleep.weights.plasticity       | INFO  | Hard-clipped 38 w_cons parameters to delta_max=0.0300 bound.
2026-08-11 20:15:35 | sleep.weights.plasticity       | INFO  | Hard-clipped 37 w_cons parameters to delta_max=0.0300 bound.
2026-08-11 20:15:35 | sleep.weights.plasticity       | INFO  | Hard-clipped 31 w_cons parameters to delta_max=0.0300 bound.
2026-08-11 20:15:35 | sleep.weights.plasticity       | INFO  | Hard-clipped 32 w_cons parameters to delta_max=0.0300 bound.
2026-08-11 20:15:36 | sleep.weights.plasticity       | INFO  | Hard-clipped 27 w_cons parameters to delta_max=0.0300 bound.
2026-08-11 20:15:37 | sleep.weights.plasticity       | INFO  | Hard-clipped 31 w_cons parameters to delta_max=0.0300 bound.
2026-08-11 20:15:37 | sleep.weights.plasticity       | INFO  | Hard-clipped 36 w_cons parameters to delta_max=0.0300 bound.
2026-08-11 20:15:38 | sleep.weights.plasticity       | INFO  | Hard-clipped 38 w_cons parameters to delta_max=0.0300 bound.
2026-08-11 20:15:38 | sleep.weights.plasticity       | INFO  | Hard-clipped 38 w_cons parameters to delta_max=0.0300 bound.
2026-08-11 20:15:39 | sleep.weights.plasticity       | INFO  | Hard-clipped 37 w_cons parameters to delta_max=0.0300 bound.
2026-08-11 20:15:39 | sleep.weights.plasticity       | INFO  | Hard-clipped 33 w_cons parameters to delta_max=0.0300 bound.
2026-08-11 20:15:40 | sleep.weights.plasticity       | INFO  | Hard-clipped 17 w_cons parameters to delta_max=0.0300 bound.
2026-08-11 20:15:40 | sleep.weights.plasticity       | INFO  | Hard-clipped 16 w_cons parameters to delta_max=0.0300 bound.
2026-08-11 20:15:41 | sleep.weights.plasticity       | INFO  | Hard-clipped 11 w_cons parameters to delta_max=0.0300 bound.
2026-08-11 20:15:41 | sleep.weights.plasticity       | INFO  | Hard-clipped 8 w_cons parameters to delta_max=0.0300 bound.
2026-08-11 20:15:42 | sleep.weights.plasticity       | INFO  | Hard-clipped 13 w_cons parameters to delta_max=0.0300 bound.
2026-08-11 20:15:42 | sleep.weights.plasticity       | INFO  | Hard-clipped 11 w_cons parameters to delta_max=0.0300 bound.
2026-08-11 20:15:43 | sleep.weights.plasticity       | INFO  | Hard-clipped 8 w_cons parameters to delta_max=0.0300 bound.
2026-08-11 20:15:43 | sleep.weights.plasticity       | INFO  | Hard-clipped 15 w_cons parameters to delta_max=0.0300 bound.
2026-08-11 20:15:44 | sleep.weights.plasticity       | INFO  | Hard-clipped 6 w_cons parameters to delta_max=0.0300 bound.
2026-08-11 20:15:44 | sleep.weights.plasticity       | INFO  | Hard-clipped 8 w_cons parameters to delta_max=0.0300 bound.
2026-08-11 20:15:45 | sleep.weights.plasticity       | INFO  | Hard-clipped 6 w_cons parameters to delta_max=0.0300 bound.
2026-08-11 20:15:45 | sleep.weights.plasticity       | INFO  | Hard-clipped 5 w_cons parameters to delta_max=0.0300 bound.
2026-08-11 20:15:46 | sleep.weights.plasticity       | INFO  | Hard-clipped 6 w_cons parameters to delta_max=0.0300 bound.
2026-08-11 20:15:46 | sleep.weights.plasticity       | INFO  | Hard-clipped 2 w_cons parameters to delta_max=0.0300 bound.
2026-08-11 20:15:47 | sleep.weights.plasticity       | INFO  | Hard-clipped 2 w_cons parameters to delta_max=0.0300 bound.
2026-08-11 20:15:47 | sleep.weights.plasticity       | INFO  | Hard-clipped 2 w_cons parameters to delta_max=0.0300 bound.
2026-08-11 20:15:48 | sleep.weights.plasticity       | INFO  | Hard-clipped 3 w_cons parameters to delta_max=0.0300 bound.
2026-08-11 20:15:48 | sleep.weights.plasticity       | INFO  | Hard-clipped 3 w_cons parameters to delta_max=0.0300 bound.
2026-08-11 20:15:49 | sleep.weights.plasticity       | INFO  | Hard-clipped 5 w_cons parameters to delta_max=0.0300 bound.
2026-08-11 20:15:49 | sleep.weights.plasticity       | INFO  | Hard-clipped 5 w_cons parameters to delta_max=0.0300 bound.
2026-08-11 20:15:50 | sleep.weights.plasticity       | INFO  | Hard-clipped 5 w_cons parameters to delta_max=0.0300 bound.
2026-08-11 20:15:50 | sleep.weights.plasticity       | INFO  | Hard-clipped 6 w_cons parameters to delta_max=0.0300 bound.
2026-08-11 20:15:51 | sleep.weights.plasticity       | INFO  | Hard-clipped 9 w_cons parameters to delta_max=0.0300 bound.
2026-08-11 20:15:51 | sleep.weights.plasticity       | INFO  | Hard-clipped 12 w_cons parameters to delta_max=0.0300 bound.
2026-08-11 20:15:52 | sleep.weights.plasticity       | INFO  | Hard-clipped 15 w_cons parameters to delta_max=0.0300 bound.
2026-08-11 20:15:52 | sleep.weights.plasticity       | INFO  | Hard-clipped 17 w_cons parameters to delta_max=0.0300 bound.
2026-08-11 20:15:52 | sleep.weights.plasticity       | INFO  | Hard-clipped 18 w_cons parameters to delta_max=0.0300 bound.
2026-08-11 20:15:53 | sleep.weights.plasticity       | INFO  | Hard-clipped 19 w_cons parameters to delta_max=0.0300 bound.
2026-08-11 20:15:54 | sleep.weights.plasticity       | INFO  | Hard-clipped 20 w_cons parameters to delta_max=0.0300 bound.
2026-08-11 20:15:54 | sleep.weights.plasticity       | INFO  | Hard-clipped 20 w_cons parameters to delta_max=0.0300 bound.
2026-08-11 20:15:55 | sleep.weights.plasticity       | INFO  | Hard-clipped 21 w_cons parameters to delta_max=0.0300 bound.
2026-08-11 20:15:55 | sleep.weights.plasticity       | INFO  | Hard-clipped 21 w_cons parameters to delta_max=0.0300 bound.
2026-08-11 20:15:56 | sleep.weights.plasticity       | INFO  | Hard-clipped 22 w_cons parameters to delta_max=0.0300 bound.
2026-08-11 20:15:56 | sleep.weights.plasticity       | INFO  | Hard-clipped 18 w_cons parameters to delta_max=0.0300 bound.
2026-08-11 20:15:56 | sleep.weights.plasticity       | INFO  | Hard-clipped 21 w_cons parameters to delta_max=0.0300 bound.
2026-08-11 20:15:57 | sleep.weights.plasticity       | INFO  | Hard-clipped 24 w_cons parameters to delta_max=0.0300 bound.
2026-08-11 20:15:57 | sleep.weights.plasticity       | INFO  | Hard-clipped 27 w_cons parameters to delta_max=0.0300 bound.
2026-08-11 20:15:58 | sleep.weights.plasticity       | INFO  | Hard-clipped 28 w_cons parameters to delta_max=0.0300 bound.
2026-08-11 20:15:59 | sleep.weights.plasticity       | INFO  | Hard-clipped 28 w_cons parameters to delta_max=0.0300 bound.
2026-08-11 20:15:59 | sleep.weights.plasticity       | INFO  | Hard-clipped 28 w_cons parameters to delta_max=0.0300 bound.
2026-08-11 20:16:00 | sleep.weights.plasticity       | INFO  | Hard-clipped 30 w_cons parameters to delta_max=0.0300 bound.
2026-08-11 20:16:00 | sleep.weights.plasticity       | INFO  | Hard-clipped 30 w_cons parameters to delta_max=0.0300 bound.
2026-08-11 20:16:00 | sleep.weights.plasticity       | INFO  | Hard-clipped 30 w_cons parameters to delta_max=0.0300 bound.
2026-08-11 20:16:01 | sleep.weights.plasticity       | INFO  | Hard-clipped 30 w_cons parameters to delta_max=0.0300 bound.
2026-08-11 20:16:01 | sleep.weights.plasticity       | INFO  | Hard-clipped 32 w_cons parameters to delta_max=0.0300 bound.
2026-08-11 20:16:02 | sleep.weights.plasticity       | INFO  | Hard-clipped 34 w_cons parameters to delta_max=0.0300 bound.
2026-08-11 20:16:02 | sleep.weights.plasticity       | INFO  | Hard-clipped 33 w_cons parameters to delta_max=0.0300 bound.
2026-08-11 20:16:03 | sleep.weights.plasticity       | INFO  | Hard-clipped 34 w_cons parameters to delta_max=0.0300 bound.
2026-08-11 20:16:03 | sleep.weights.plasticity       | INFO  | Hard-clipped 34 w_cons parameters to delta_max=0.0300 bound.
2026-08-11 20:16:04 | sleep.weights.plasticity       | INFO  | Hard-clipped 34 w_cons parameters to delta_max=0.0300 bound.
2026-08-11 20:16:04 | sleep.weights.plasticity       | INFO  | Hard-clipped 34 w_cons parameters to delta_max=0.0300 bound.
2026-08-11 20:16:05 | sleep.weights.plasticity       | INFO  | Hard-clipped 34 w_cons parameters to delta_max=0.0300 bound.
2026-08-11 20:16:05 | sleep.weights.plasticity       | INFO  | Hard-clipped 34 w_cons parameters to delta_max=0.0300 bound.
2026-08-11 20:16:06 | sleep.weights.plasticity       | INFO  | Hard-clipped 33 w_cons parameters to delta_max=0.0300 bound.
2026-08-11 20:16:06 | sleep.weights.plasticity       | INFO  | Hard-clipped 34 w_cons parameters to delta_max=0.0300 bound.
2026-08-11 20:16:07 | sleep.weights.plasticity       | INFO  | Hard-clipped 34 w_cons parameters to delta_max=0.0300 bound.
2026-08-11 20:16:07 | sleep.weights.plasticity       | INFO  | Hard-clipped 34 w_cons parameters to delta_max=0.0300 bound.
2026-08-11 20:16:08 | sleep.weights.plasticity       | INFO  | Hard-clipped 34 w_cons parameters to delta_max=0.0300 bound.
2026-08-11 20:16:08 | sleep.weights.plasticity       | INFO  | Hard-clipped 34 w_cons parameters to delta_max=0.0300 bound.
2026-08-11 20:16:09 | sleep.weights.plasticity       | INFO  | Hard-clipped 34 w_cons parameters to delta_max=0.0300 bound.
2026-08-11 20:16:09 | sleep.weights.plasticity       | INFO  | Hard-clipped 35 w_cons parameters to delta_max=0.0300 bound.
2026-08-11 20:16:10 | sleep.weights.plasticity       | INFO  | Hard-clipped 35 w_cons parameters to delta_max=0.0300 bound.
2026-08-11 20:16:10 | sleep.weights.plasticity       | INFO  | Hard-clipped 35 w_cons parameters to delta_max=0.0300 bound.
2026-08-11 20:16:11 | sleep.weights.plasticity       | INFO  | Hard-clipped 35 w_cons parameters to delta_max=0.0300 bound.
2026-08-11 20:16:11 | sleep.weights.plasticity       | INFO  | Hard-clipped 35 w_cons parameters to delta_max=0.0300 bound.
2026-08-11 20:16:12 | sleep.weights.plasticity       | INFO  | Hard-clipped 33 w_cons parameters to delta_max=0.0300 bound.
2026-08-11 20:16:12 | sleep.weights.plasticity       | INFO  | Hard-clipped 33 w_cons parameters to delta_max=0.0300 bound.
2026-08-11 20:16:13 | sleep.weights.plasticity       | INFO  | Hard-clipped 34 w_cons parameters to delta_max=0.0300 bound.
2026-08-11 20:16:13 | sleep.weights.plasticity       | INFO  | Hard-clipped 36 w_cons parameters to delta_max=0.0300 bound.
2026-08-11 20:16:14 | sleep.weights.plasticity       | INFO  | Hard-clipped 36 w_cons parameters to delta_max=0.0300 bound.
2026-08-11 20:16:14 | sleep.weights.plasticity       | INFO  | Hard-clipped 36 w_cons parameters to delta_max=0.0300 bound.
2026-08-11 20:16:15 | sleep.weights.plasticity       | INFO  | Hard-clipped 36 w_cons parameters to delta_max=0.0300 bound.
2026-08-11 20:16:15 | sleep.weights.plasticity       | INFO  | Hard-clipped 37 w_cons parameters to delta_max=0.0300 bound.
2026-08-11 20:16:16 | sleep.weights.plasticity       | INFO  | Hard-clipped 35 w_cons parameters to delta_max=0.0300 bound.
2026-08-11 20:16:16 | sleep.weights.plasticity       | INFO  | Hard-clipped 35 w_cons parameters to delta_max=0.0300 bound.
2026-08-11 20:16:17 | sleep.weights.plasticity       | INFO  | Hard-clipped 35 w_cons parameters to delta_max=0.0300 bound.
2026-08-11 20:16:17 | sleep.weights.plasticity       | INFO  | Hard-clipped 36 w_cons parameters to delta_max=0.0300 bound.
2026-08-11 20:16:18 | sleep.weights.plasticity       | INFO  | Hard-clipped 35 w_cons parameters to delta_max=0.0300 bound.
2026-08-11 20:16:18 | sleep.weights.plasticity       | INFO  | Hard-clipped 35 w_cons parameters to delta_max=0.0300 bound.
2026-08-11 20:16:19 | sleep.weights.plasticity       | INFO  | Hard-clipped 33 w_cons parameters to delta_max=0.0300 bound.
2026-08-11 20:16:19 | sleep.weights.plasticity       | INFO  | Hard-clipped 34 w_cons parameters to delta_max=0.0300 bound.
2026-08-11 20:16:20 | sleep.weights.plasticity       | INFO  | Hard-clipped 30 w_cons parameters to delta_max=0.0300 bound.
2026-08-11 20:16:20 | sleep.weights.plasticity       | INFO  | Hard-clipped 30 w_cons parameters to delta_max=0.0300 bound.
2026-08-11 20:16:21 | sleep.weights.plasticity       | INFO  | Hard-clipped 29 w_cons parameters to delta_max=0.0300 bound.
2026-08-11 20:16:21 | sleep.weights.plasticity       | INFO  | Hard-clipped 25 w_cons parameters to delta_max=0.0300 bound.
2026-08-11 20:16:22 | sleep.weights.plasticity       | INFO  | Hard-clipped 22 w_cons parameters to delta_max=0.0300 bound.
2026-08-11 20:16:22 | sleep.weights.plasticity       | INFO  | Hard-clipped 15 w_cons parameters to delta_max=0.0300 bound.
2026-08-11 20:16:23 | sleep.weights.plasticity       | INFO  | Hard-clipped 12 w_cons parameters to delta_max=0.0300 bound.
2026-08-11 20:16:23 | sleep.sleep_engine.train       | INFO  |   step 1500/1500 | loss=0.2758 | mean_loss=0.5680 | eta=9 | lr=0.00e+00
2026-08-11 20:16:23 | sleep.sleep_engine.train       | INFO  | Sleep training complete | n_steps=1500 | final_loss=0.2758 | mean_loss=0.5680
2026-08-11 20:16:23 | sleep.metrics                  | INFO  | summary | {'sleep_train/final_loss': 0.27583763003349304, 'sleep_train/mean_loss': 0.5680497733652592, 'sleep_train/n_steps': 1500}
2026-08-11 20:16:23 | sleep.sleep_engine             | INFO  | Phase 3 complete: 1500 steps, final_loss=0.2758, mean_loss=0.5680
2026-08-11 20:16:23 | sleep.sleep_engine             | INFO  | Phase 4/5: PPL CHECK (skipped — no benchmark data)
2026-08-11 20:16:23 | sleep.sleep_engine             | INFO  | Phase 5/5: VALIDATE & CLEANUP
2026-08-11 20:16:23 | sleep.weights.plasticity       | INFO  | Saved checkpoint for adapter 'w_cons': 44 parameters.
2026-08-11 20:16:23 | sleep.weights.plasticity       | INFO  | Restored 44 parameters for adapter 'w_cons' from checkpoint.
2026-08-11 20:16:24 | sleep.weights.plasticity       | INFO  | Restored 44 parameters for adapter 'w_cons' from checkpoint.
[transformers] The attention mask is not set and cannot be inferred from input because pad token is same as eos token. As a consequence, you may observe unexpected behavior. Please pass your input's `attention_mask` to obtain reliable results.
2026-08-11 20:17:32 | sleep.sleep_engine             | INFO  | Two-stage validation: 40/40 passed surprise, 32 also passed the mini-recall gate (self-grading gap = 8)
2026-08-11 20:17:32 | sleep.sleep_engine.cleanup     | INFO  | Cleanup complete | passed=32 | failed=8 | permanently_removed=0
2026-08-11 20:17:32 | sleep.sleep_engine             | INFO  | Phase 5 complete: consolidated=32, failed=8, permanently_removed=0
2026-08-11 20:17:32 | sleep.metrics                  | INFO  | summary | {'sleep_engine/n_candidates': 40, 'sleep_engine/n_replays_generated': 928, 'sleep_engine/n_replays_accepted': 928, 'sleep_engine/n_consolidated': 32, 'sleep_engine/n_failed': 8, 'sleep_engine/n_permanently_removed': 0, 'sleep_engine/rolled_back': False}
2026-08-11 20:17:32 | sleep.weights.kv_memory        | INFO  | bank cleared: freed 127 tags / 4914 tokens
2026-08-11 20:17:32 | sleep.sleep_engine             | INFO  | KV bank cleared (127 entries removed)
2026-08-11 20:17:32 | sleep.sleep_engine             | INFO  | KV memory injection: ENABLED
2026-08-11 20:17:32 | sleep.sleep_engine             | INFO  | === Sleep cycle END ===
2026-08-11 20:17:40 | sleep.evaluation.recall_formats | INFO  | MC recall: accuracy=0.2400, mean_correct_prob=0.2402 across 200 facts
2026-08-11 20:20:36 | sleep.evaluation.recall_formats | INFO  | Cloze recall: accuracy=0.2000 across 200 facts
2026-08-11 20:26:58 | sleep.evaluation.recall_formats | INFO  | Free-form recall (greedy): mean_score=0.1650, accuracy=0.3100 across 200 facts
2026-08-11 20:26:59 | sleep.evaluation.preservation  | INFO  | Perplexity evaluation: PPL=18.8925 (mean_loss=2.9388, 31 tokens)
2026-08-11 20:26:59 | sleep.evaluation.preservation  | INFO  | BCP: 2.0711 (current_ppl=18.8925, original_ppl=9.1220)
2026-08-11 20:28:12 | sleep.evaluation.recall_formats | INFO  | Free-form recall (greedy): mean_score=0.5500, accuracy=0.8000 across 40 facts
2026-08-11 20:28:12 | sleep.experiment.common        | INFO  | Wrote results to /workspace/results/d2_llama_s4.json

================================================================
FULL PIPELINE v2 — recipe=paraphrase_ce seed=4
================================================================
  tags=135  PRP=40  consolidated=32  recall-gate=32
  DRA (greedy):   0.1650  (trained subset: 0.5500 over 40)
  cloze:          0.2000
  MC:             0.2400
  BCP:            2.0711
  rolled_back:    False
  Results: /workspace/results/d2_llama_s4.json
2026-08-11 20:28:12 | sleep.weights.kv_injection     | INFO  | KVInjector uninstalled from 10 layers
