2026-08-11 21:11:08 | sleep.utils.seed               | INFO  | Seeded all RNGs with seed=4 (deterministic_algorithms=False)
2026-08-11 21:11:08 | sleep.experiment.13            | INFO  | ======================================================================
2026-08-11 21:11:08 | sleep.experiment.13            | INFO  | EXPERIMENT 13: Full pipeline v2 | recipe=distill | seed=4
2026-08-11 21:11:08 | sleep.experiment.13            | INFO  | ======================================================================
2026-08-11 21:11:08 | sleep.experiment.13            | INFO  | Safety overrides: {'delta_max': (0.01, 0.1)}
Loading weights:   0%|          | 0/291 [00:00<?, ?it/s]Loading weights: 100%|██████████| 291/291 [00:00<00:00, 7838.71it/s]
2026-08-11 21:11:12 | sleep.experiment.common        | INFO  | Loaded /workspace/models/mistral-7b | dtype=bfloat16 | attn=eager | device=cuda | layers=32
2026-08-11 21:11:12 | sleep.experiment.13            | INFO  | Loaded 200 facts (paraphrased: True)
2026-08-11 21:11:12 | sleep.weights.lora             | INFO  | LoRA target modules for mistral: ['up_proj', 'down_proj']
2026-08-11 21:11:12 | sleep.weights.lora             | INFO  | LoRA config: rank=16, alpha=32, selection=middle, layers=[10, 11, 12, 13, 14, 15, 16, 17, 18, 19, 20] (of 32 total), targets=['up_proj', 'down_proj']
2026-08-11 21:11:13 | sleep.weights.lora             | INFO  | Created LoRA adapter 'w_fast': 6488064 trainable parameters (0.0895% of base model)
2026-08-11 21:11:13 | sleep.weights.lora             | INFO  | LoRA target modules for mistral: ['up_proj', 'down_proj']
2026-08-11 21:11:13 | sleep.weights.lora             | INFO  | LoRA config: rank=16, alpha=32, selection=middle, layers=[10, 11, 12, 13, 14, 15, 16, 17, 18, 19, 20] (of 32 total), targets=['up_proj', 'down_proj']
2026-08-11 21:11:14 | sleep.weights.lora             | INFO  | Dual adapters ready: w_fast=6488064 params, w_cons=6488064 params
/usr/local/lib/python3.11/dist-packages/peft/tuners/tuners_utils.py:2193: UserWarning: Adapter cannot be set when the model is merged. Unmerging the model first.
  warnings.warn("Adapter cannot be set when the model is merged. Unmerging the model first.")
2026-08-11 21:11:14 | sleep.weights.fast_update      | INFO  | FastWeightUpdater initialized: 44 parameter groups, alpha_base=1.00e-04, momentum=0.90
2026-08-11 21:11:14 | sleep.weights.plasticity       | INFO  | Adapted layers: [10, 11, 12, 13, 14, 15, 16, 17, 18, 19, 20] (middle 33% of 32 layers)
2026-08-11 21:11:14 | sleep.weights.plasticity       | INFO  | Injection layers: [22, 23, 24, 25, 26, 27, 28, 29, 30, 31] (top 33% of 32 layers)
2026-08-11 21:11:14 | sleep.weights.plasticity       | INFO  | Computed Frobenius norms for 224 base model weight matrices.
2026-08-11 21:11:14 | sleep.weights.kv_injection     | INFO  | KVInjector installed on 10 layers: [22, 23, 24, 25, 26, 27, 28, 29, 30, 31]
2026-08-11 21:11:14 | sleep.weights                  | INFO  | KV memory mode enabled | adapted_layers=[10, 11, 12, 13, 14, 15, 16, 17, 18, 19, 20] | num_kv_heads=8 | head_dim=128 | max_total_tokens=20000 | top_k=64 | device=cuda:0 | dtype=torch.bfloat16
2026-08-11 21:11:14 | sleep.weights                  | INFO  | DualWeightSystem initialized | W_fast: 6,488,064 params | W_cons: 6,488,064 params | Adapted layers: [10, 11, 12, 13, 14, 15, 16, 17, 18, 19, 20] | Plasticity: 0.188–0.452 | KV bank installed
2026-08-11 21:11:14 | sleep.experiment.13            | INFO  | Adapter layers: [10, 11, 12, 13, 14, 15, 16, 17, 18, 19, 20] | injection layers: [22, 23, 24, 25, 26, 27, 28, 29, 30, 31]
/usr/local/lib/python3.11/dist-packages/peft/tuners/lora/layer.py:983: UserWarning: Already unmerged. Nothing to do.
  warnings.warn("Already unmerged. Nothing to do.")
2026-08-11 21:11:14 | sleep.evaluation.preservation  | INFO  | Perplexity evaluation: PPL=6.5503 (mean_loss=1.8795, 36 tokens)
2026-08-11 21:11:14 | sleep.experiment.13            | INFO  | WAKE: feeding 200 facts
2026-08-11 21:11:15 | sleep.tagging                  | INFO  | step=1 | 2 tags created from 2 spans | buffer: 2/36273 (0.0%)
2026-08-11 21:11:15 | sleep.tagging                  | INFO  | step=2 | 2 tags created from 2 spans | buffer: 4/36273 (0.0%)
2026-08-11 21:11:15 | sleep.tagging                  | INFO  | step=3 | 2 tags created from 2 spans | buffer: 6/36273 (0.0%)
2026-08-11 21:11:15 | sleep.tagging                  | INFO  | step=4 | 1 tags created from 1 spans | buffer: 7/36273 (0.0%)
2026-08-11 21:11:15 | sleep.tagging                  | INFO  | step=6 | 1 tags created from 1 spans | buffer: 8/36273 (0.0%)
2026-08-11 21:11:15 | sleep.tagging                  | INFO  | step=7 | 1 tags created from 1 spans | buffer: 9/36273 (0.0%)
2026-08-11 21:11:15 | sleep.tagging                  | INFO  | step=8 | 1 tags created from 1 spans | buffer: 10/36273 (0.0%)
2026-08-11 21:11:15 | sleep.tagging                  | INFO  | step=9 | 1 tags created from 1 spans | buffer: 11/36273 (0.0%)
2026-08-11 21:11:16 | sleep.tagging                  | INFO  | step=11 | 1 tags created from 1 spans | buffer: 12/36273 (0.0%)
2026-08-11 21:11:16 | sleep.tagging                  | INFO  | step=12 | 1 tags created from 1 spans | buffer: 13/36273 (0.0%)
2026-08-11 21:11:16 | sleep.tagging                  | INFO  | step=14 | 1 tags created from 1 spans | buffer: 14/36273 (0.0%)
2026-08-11 21:11:16 | sleep.tagging                  | INFO  | step=16 | 1 tags created from 1 spans | buffer: 15/36273 (0.0%)
2026-08-11 21:11:16 | sleep.tagging                  | INFO  | step=18 | 1 tags created from 1 spans | buffer: 16/36273 (0.0%)
2026-08-11 21:11:16 | sleep.tagging                  | INFO  | step=21 | 1 tags created from 1 spans | buffer: 17/36273 (0.0%)
2026-08-11 21:11:17 | sleep.tagging                  | INFO  | step=22 | 2 tags created from 2 spans | buffer: 19/36273 (0.1%)
2026-08-11 21:11:17 | sleep.tagging                  | INFO  | step=26 | 1 tags created from 1 spans | buffer: 20/36273 (0.1%)
2026-08-11 21:11:17 | sleep.tagging                  | INFO  | step=27 | 1 tags created from 1 spans | buffer: 21/36273 (0.1%)
2026-08-11 21:11:17 | sleep.tagging                  | INFO  | step=29 | 1 tags created from 1 spans | buffer: 22/36273 (0.1%)
2026-08-11 21:11:17 | sleep.tagging                  | INFO  | step=31 | 1 tags created from 1 spans | buffer: 23/36273 (0.1%)
2026-08-11 21:11:17 | sleep.tagging                  | INFO  | step=32 | 1 tags created from 1 spans | buffer: 24/36273 (0.1%)
2026-08-11 21:11:18 | sleep.tagging                  | INFO  | step=36 | 1 tags created from 1 spans | buffer: 25/36273 (0.1%)
2026-08-11 21:11:18 | sleep.tagging                  | INFO  | step=37 | 1 tags created from 1 spans | buffer: 26/36273 (0.1%)
2026-08-11 21:11:18 | sleep.tagging                  | INFO  | step=38 | 1 tags created from 1 spans | buffer: 27/36273 (0.1%)
2026-08-11 21:11:18 | sleep.tagging                  | INFO  | step=39 | 1 tags created from 1 spans | buffer: 28/36273 (0.1%)
2026-08-11 21:11:18 | sleep.tagging                  | INFO  | step=41 | 1 tags created from 1 spans | buffer: 29/36273 (0.1%)
2026-08-11 21:11:18 | sleep.tagging                  | INFO  | step=42 | 1 tags created from 1 spans | buffer: 30/36273 (0.1%)
2026-08-11 21:11:18 | sleep.tagging                  | INFO  | step=44 | 1 tags created from 1 spans | buffer: 31/36273 (0.1%)
2026-08-11 21:11:18 | sleep.tagging                  | INFO  | step=46 | 1 tags created from 1 spans | buffer: 32/36273 (0.1%)
2026-08-11 21:11:19 | sleep.tagging                  | INFO  | step=47 | 1 tags created from 1 spans | buffer: 33/36273 (0.1%)
2026-08-11 21:11:19 | sleep.tagging                  | INFO  | step=49 | 1 tags created from 1 spans | buffer: 34/36273 (0.1%)
2026-08-11 21:11:19 | sleep.tagging                  | INFO  | step=51 | 2 tags created from 2 spans | buffer: 36/36273 (0.1%)
2026-08-11 21:11:19 | sleep.tagging                  | INFO  | step=52 | 1 tags created from 1 spans | buffer: 37/36273 (0.1%)
2026-08-11 21:11:19 | sleep.tagging                  | INFO  | step=54 | 1 tags created from 1 spans | buffer: 38/36273 (0.1%)
2026-08-11 21:11:19 | sleep.tagging                  | INFO  | step=56 | 1 tags created from 1 spans | buffer: 39/36273 (0.1%)
2026-08-11 21:11:19 | sleep.tagging                  | INFO  | step=57 | 1 tags created from 1 spans | buffer: 40/36273 (0.1%)
2026-08-11 21:11:19 | sleep.tagging                  | INFO  | step=58 | 1 tags created from 1 spans | buffer: 41/36273 (0.1%)
2026-08-11 21:11:20 | sleep.tagging                  | INFO  | step=61 | 2 tags created from 2 spans | buffer: 43/36273 (0.1%)
2026-08-11 21:11:20 | sleep.tagging                  | INFO  | step=62 | 1 tags created from 1 spans | buffer: 44/36273 (0.1%)
2026-08-11 21:11:20 | sleep.tagging                  | INFO  | step=64 | 1 tags created from 1 spans | buffer: 45/36273 (0.1%)
2026-08-11 21:11:20 | sleep.tagging                  | INFO  | step=67 | 1 tags created from 1 spans | buffer: 46/36273 (0.1%)
2026-08-11 21:11:20 | sleep.tagging                  | INFO  | step=68 | 1 tags created from 1 spans | buffer: 47/36273 (0.1%)
2026-08-11 21:11:20 | sleep.tagging                  | INFO  | step=71 | 1 tags created from 1 spans | buffer: 48/36273 (0.1%)
2026-08-11 21:11:21 | sleep.tagging                  | INFO  | step=72 | 1 tags created from 1 spans | buffer: 49/36273 (0.1%)
2026-08-11 21:11:21 | sleep.tagging                  | INFO  | step=76 | 1 tags created from 1 spans | buffer: 50/36273 (0.1%)
2026-08-11 21:11:21 | sleep.tagging                  | INFO  | step=78 | 1 tags created from 1 spans | buffer: 51/36273 (0.1%)
2026-08-11 21:11:21 | sleep.tagging                  | INFO  | step=79 | 1 tags created from 1 spans | buffer: 52/36273 (0.1%)
2026-08-11 21:11:21 | sleep.tagging                  | INFO  | step=81 | 2 tags created from 2 spans | buffer: 54/36273 (0.1%)
2026-08-11 21:11:21 | sleep.tagging                  | INFO  | step=82 | 1 tags created from 1 spans | buffer: 55/36273 (0.2%)
2026-08-11 21:11:22 | sleep.tagging                  | INFO  | step=87 | 1 tags created from 1 spans | buffer: 56/36273 (0.2%)
2026-08-11 21:11:22 | sleep.tagging                  | INFO  | step=89 | 1 tags created from 1 spans | buffer: 57/36273 (0.2%)
2026-08-11 21:11:22 | sleep.tagging                  | INFO  | step=91 | 1 tags created from 1 spans | buffer: 58/36273 (0.2%)
2026-08-11 21:11:22 | sleep.tagging                  | INFO  | step=92 | 1 tags created from 1 spans | buffer: 59/36273 (0.2%)
2026-08-11 21:11:22 | sleep.tagging                  | INFO  | step=94 | 1 tags created from 1 spans | buffer: 60/36273 (0.2%)
2026-08-11 21:11:22 | sleep.tagging                  | INFO  | step=95 | 1 tags created from 1 spans | buffer: 61/36273 (0.2%)
2026-08-11 21:11:23 | sleep.tagging                  | INFO  | step=96 | 1 tags created from 1 spans | buffer: 62/36273 (0.2%)
2026-08-11 21:11:23 | sleep.tagging                  | INFO  | step=99 | 1 tags created from 1 spans | buffer: 63/36273 (0.2%)
2026-08-11 21:11:23 | sleep.tagging                  | INFO  | step=101 | 2 tags created from 2 spans | buffer: 65/36273 (0.2%)
2026-08-11 21:11:23 | sleep.tagging                  | INFO  | step=102 | 1 tags created from 1 spans | buffer: 66/36273 (0.2%)
2026-08-11 21:11:23 | sleep.tagging                  | INFO  | step=105 | 1 tags created from 1 spans | buffer: 67/36273 (0.2%)
2026-08-11 21:11:23 | sleep.tagging                  | INFO  | step=106 | 1 tags created from 1 spans | buffer: 68/36273 (0.2%)
2026-08-11 21:11:23 | sleep.tagging                  | INFO  | step=107 | 1 tags created from 1 spans | buffer: 69/36273 (0.2%)
2026-08-11 21:11:24 | sleep.tagging                  | INFO  | step=109 | 2 tags created from 2 spans | buffer: 71/36273 (0.2%)
2026-08-11 21:11:24 | sleep.tagging                  | INFO  | step=111 | 2 tags created from 2 spans | buffer: 73/36273 (0.2%)
2026-08-11 21:11:24 | sleep.tagging                  | INFO  | step=112 | 1 tags created from 1 spans | buffer: 74/36273 (0.2%)
2026-08-11 21:11:24 | sleep.tagging                  | INFO  | step=115 | 1 tags created from 1 spans | buffer: 75/36273 (0.2%)
2026-08-11 21:11:24 | sleep.tagging                  | INFO  | step=116 | 1 tags created from 1 spans | buffer: 76/36273 (0.2%)
2026-08-11 21:11:24 | sleep.tagging                  | INFO  | step=117 | 1 tags created from 1 spans | buffer: 77/36273 (0.2%)
2026-08-11 21:11:25 | sleep.tagging                  | INFO  | step=122 | 1 tags created from 1 spans | buffer: 78/36273 (0.2%)
2026-08-11 21:11:25 | sleep.tagging                  | INFO  | step=125 | 1 tags created from 1 spans | buffer: 79/36273 (0.2%)
2026-08-11 21:11:25 | sleep.tagging                  | INFO  | step=126 | 1 tags created from 1 spans | buffer: 80/36273 (0.2%)
2026-08-11 21:11:25 | sleep.tagging                  | INFO  | step=127 | 1 tags created from 1 spans | buffer: 81/36273 (0.2%)
2026-08-11 21:11:25 | sleep.tagging                  | INFO  | step=129 | 1 tags created from 1 spans | buffer: 82/36273 (0.2%)
2026-08-11 21:11:25 | sleep.tagging                  | INFO  | step=132 | 1 tags created from 1 spans | buffer: 83/36273 (0.2%)
2026-08-11 21:11:26 | sleep.tagging                  | INFO  | step=135 | 1 tags created from 1 spans | buffer: 84/36273 (0.2%)
2026-08-11 21:11:26 | sleep.tagging                  | INFO  | step=136 | 1 tags created from 1 spans | buffer: 85/36273 (0.2%)
2026-08-11 21:11:26 | sleep.tagging                  | INFO  | step=137 | 1 tags created from 1 spans | buffer: 86/36273 (0.2%)
2026-08-11 21:11:26 | sleep.tagging                  | INFO  | step=139 | 2 tags created from 2 spans | buffer: 88/36273 (0.2%)
2026-08-11 21:11:26 | sleep.tagging                  | INFO  | step=141 | 2 tags created from 2 spans | buffer: 90/36273 (0.2%)
2026-08-11 21:11:26 | sleep.tagging                  | INFO  | step=142 | 1 tags created from 1 spans | buffer: 91/36273 (0.3%)
2026-08-11 21:11:27 | sleep.tagging                  | INFO  | step=146 | 1 tags created from 1 spans | buffer: 92/36273 (0.3%)
2026-08-11 21:11:27 | sleep.tagging                  | INFO  | step=148 | 1 tags created from 1 spans | buffer: 93/36273 (0.3%)
2026-08-11 21:11:27 | sleep.tagging                  | INFO  | step=149 | 1 tags created from 1 spans | buffer: 94/36273 (0.3%)
2026-08-11 21:11:27 | sleep.tagging                  | INFO  | step=152 | 1 tags created from 1 spans | buffer: 95/36273 (0.3%)
2026-08-11 21:11:27 | sleep.tagging                  | INFO  | step=154 | 1 tags created from 1 spans | buffer: 96/36273 (0.3%)
2026-08-11 21:11:27 | sleep.tagging                  | INFO  | step=155 | 1 tags created from 1 spans | buffer: 97/36273 (0.3%)
2026-08-11 21:11:27 | sleep.tagging                  | INFO  | step=156 | 1 tags created from 1 spans | buffer: 98/36273 (0.3%)
2026-08-11 21:11:28 | sleep.tagging                  | INFO  | step=162 | 1 tags created from 1 spans | buffer: 99/36273 (0.3%)
2026-08-11 21:11:28 | sleep.tagging                  | INFO  | step=165 | 1 tags created from 1 spans | buffer: 100/36273 (0.3%)
2026-08-11 21:11:28 | sleep.tagging                  | INFO  | step=167 | 1 tags created from 1 spans | buffer: 101/36273 (0.3%)
2026-08-11 21:11:29 | sleep.tagging                  | INFO  | step=172 | 1 tags created from 1 spans | buffer: 102/36273 (0.3%)
2026-08-11 21:11:29 | sleep.tagging                  | INFO  | step=174 | 1 tags created from 1 spans | buffer: 103/36273 (0.3%)
2026-08-11 21:11:29 | sleep.tagging                  | INFO  | step=176 | 1 tags created from 1 spans | buffer: 104/36273 (0.3%)
2026-08-11 21:11:29 | sleep.tagging                  | INFO  | step=178 | 1 tags created from 1 spans | buffer: 105/36273 (0.3%)
2026-08-11 21:11:29 | sleep.tagging                  | INFO  | step=179 | 1 tags created from 1 spans | buffer: 106/36273 (0.3%)
2026-08-11 21:11:29 | sleep.tagging                  | INFO  | step=181 | 1 tags created from 1 spans | buffer: 107/36273 (0.3%)
2026-08-11 21:11:30 | sleep.tagging                  | INFO  | step=182 | 1 tags created from 1 spans | buffer: 108/36273 (0.3%)
2026-08-11 21:11:30 | sleep.tagging                  | INFO  | step=183 | 1 tags created from 1 spans | buffer: 109/36273 (0.3%)
2026-08-11 21:11:30 | sleep.tagging                  | INFO  | step=191 | 1 tags created from 1 spans | buffer: 110/36273 (0.3%)
2026-08-11 21:11:30 | sleep.tagging                  | INFO  | step=192 | 1 tags created from 1 spans | buffer: 111/36273 (0.3%)
2026-08-11 21:11:31 | sleep.tagging                  | INFO  | step=197 | 1 tags created from 1 spans | buffer: 112/36273 (0.3%)
2026-08-11 21:11:31 | sleep.experiment.13            | INFO  | WAKE done: 112 tags, 100 episodes in bank
2026-08-11 21:11:31 | sleep.prp                      | INFO  | step=200 | PRP update: 32/3627 allocated (1%) | +32 -0 | threshold=0.334 | mean_score=0.299
2026-08-11 21:11:31 | sleep.experiment.13            | INFO  | PRP: 32/112 allocated
2026-08-11 21:11:31 | sleep.sleep_engine             | INFO  | === Sleep cycle START | 32 candidates ===
2026-08-11 21:11:31 | sleep.sleep_engine             | INFO  | Phase 1/5: GENERATE (strategy=paraphrase)
2026-08-11 21:11:31 | sleep.sleep_engine             | INFO  | KV memory injection: DISABLED
2026-08-11 21:11:31 | sleep.sleep_engine             | INFO  | Phase 1 (paraphrase strategy): 640 wordings from 28 unique sources (32 candidates)
2026-08-11 21:11:31 | sleep.sleep_engine             | INFO  | Phase 1 complete: 640/32 replays generated
2026-08-11 21:11:31 | sleep.sleep_engine             | INFO  | Phase 2/5: QUALITY CHECK
2026-08-11 21:11:31 | sleep.sleep_engine             | INFO  | Phase 2 complete: 640/640 replays accepted
2026-08-11 21:11:31 | sleep.sleep_engine             | INFO  | Phase 3/5: TRAIN (640 accepted replays)
2026-08-11 21:11:31 | sleep.sleep_engine             | INFO  | KV memory injection: DISABLED
2026-08-11 21:11:31 | sleep.weights.plasticity       | INFO  | Saved checkpoint for adapter 'w_cons': 44 parameters.
2026-08-11 21:11:31 | sleep.weights.plasticity       | INFO  | Saved checkpoint for adapter 'w_cons': 44 parameters.
2026-08-11 21:11:31 | sleep.sleep_engine.train       | INFO  | Sleep distill-training: 28 facts | 1500 steps | lr=1.00e-04 | T=2
2026-08-11 21:11:31 | sleep.sleep_engine.train       | INFO  |   distill step 1/1500 | loss=5.1746 (kl=3.0463 ce=4.2567) | lr=6.67e-07
2026-08-11 21:11:42 | sleep.weights.plasticity       | INFO  | Hard-clipped 1 w_cons parameters to delta_max=0.1000 bound.
2026-08-11 21:11:42 | sleep.weights.plasticity       | INFO  | Hard-clipped 1 w_cons parameters to delta_max=0.1000 bound.
2026-08-11 21:11:42 | sleep.weights.plasticity       | INFO  | Hard-clipped 2 w_cons parameters to delta_max=0.1000 bound.
2026-08-11 21:11:42 | sleep.weights.plasticity       | INFO  | Hard-clipped 2 w_cons parameters to delta_max=0.1000 bound.
2026-08-11 21:11:43 | sleep.weights.plasticity       | INFO  | Hard-clipped 2 w_cons parameters to delta_max=0.1000 bound.
2026-08-11 21:11:43 | sleep.weights.plasticity       | INFO  | Hard-clipped 2 w_cons parameters to delta_max=0.1000 bound.
2026-08-11 21:11:43 | sleep.weights.plasticity       | INFO  | Hard-clipped 2 w_cons parameters to delta_max=0.1000 bound.
2026-08-11 21:11:43 | sleep.weights.plasticity       | INFO  | Hard-clipped 2 w_cons parameters to delta_max=0.1000 bound.
2026-08-11 21:11:43 | sleep.weights.plasticity       | INFO  | Hard-clipped 2 w_cons parameters to delta_max=0.1000 bound.
2026-08-11 21:11:43 | sleep.weights.plasticity       | INFO  | Hard-clipped 2 w_cons parameters to delta_max=0.1000 bound.
2026-08-11 21:11:43 | sleep.weights.plasticity       | INFO  | Hard-clipped 2 w_cons parameters to delta_max=0.1000 bound.
2026-08-11 21:11:44 | sleep.weights.plasticity       | INFO  | Hard-clipped 2 w_cons parameters to delta_max=0.1000 bound.
2026-08-11 21:11:44 | sleep.weights.plasticity       | INFO  | Hard-clipped 2 w_cons parameters to delta_max=0.1000 bound.
2026-08-11 21:11:44 | sleep.weights.plasticity       | INFO  | Hard-clipped 2 w_cons parameters to delta_max=0.1000 bound.
2026-08-11 21:11:44 | sleep.weights.plasticity       | INFO  | Hard-clipped 2 w_cons parameters to delta_max=0.1000 bound.
2026-08-11 21:11:44 | sleep.weights.plasticity       | INFO  | Hard-clipped 2 w_cons parameters to delta_max=0.1000 bound.
2026-08-11 21:11:44 | sleep.weights.plasticity       | INFO  | Hard-clipped 2 w_cons parameters to delta_max=0.1000 bound.
2026-08-11 21:11:44 | sleep.weights.plasticity       | INFO  | Hard-clipped 3 w_cons parameters to delta_max=0.1000 bound.
2026-08-11 21:11:45 | sleep.weights.plasticity       | INFO  | Hard-clipped 3 w_cons parameters to delta_max=0.1000 bound.
2026-08-11 21:11:45 | sleep.weights.plasticity       | INFO  | Hard-clipped 3 w_cons parameters to delta_max=0.1000 bound.
2026-08-11 21:11:45 | sleep.weights.plasticity       | INFO  | Hard-clipped 3 w_cons parameters to delta_max=0.1000 bound.
2026-08-11 21:11:45 | sleep.weights.plasticity       | INFO  | Hard-clipped 3 w_cons parameters to delta_max=0.1000 bound.
2026-08-11 21:11:45 | sleep.weights.plasticity       | INFO  | Hard-clipped 3 w_cons parameters to delta_max=0.1000 bound.
2026-08-11 21:11:45 | sleep.weights.plasticity       | INFO  | Hard-clipped 3 w_cons parameters to delta_max=0.1000 bound.
2026-08-11 21:11:45 | sleep.weights.plasticity       | INFO  | Hard-clipped 3 w_cons parameters to delta_max=0.1000 bound.
2026-08-11 21:11:46 | sleep.weights.plasticity       | INFO  | Hard-clipped 3 w_cons parameters to delta_max=0.1000 bound.
2026-08-11 21:11:46 | sleep.weights.plasticity       | INFO  | Hard-clipped 3 w_cons parameters to delta_max=0.1000 bound.
2026-08-11 21:11:46 | sleep.weights.plasticity       | INFO  | Hard-clipped 3 w_cons parameters to delta_max=0.1000 bound.
2026-08-11 21:11:46 | sleep.weights.plasticity       | INFO  | Hard-clipped 3 w_cons parameters to delta_max=0.1000 bound.
2026-08-11 21:11:46 | sleep.weights.plasticity       | INFO  | Hard-clipped 3 w_cons parameters to delta_max=0.1000 bound.
2026-08-11 21:11:46 | sleep.weights.plasticity       | INFO  | Hard-clipped 3 w_cons parameters to delta_max=0.1000 bound.
2026-08-11 21:11:46 | sleep.weights.plasticity       | INFO  | Hard-clipped 3 w_cons parameters to delta_max=0.1000 bound.
2026-08-11 21:11:47 | sleep.weights.plasticity       | INFO  | Hard-clipped 3 w_cons parameters to delta_max=0.1000 bound.
2026-08-11 21:11:47 | sleep.weights.plasticity       | INFO  | Hard-clipped 3 w_cons parameters to delta_max=0.1000 bound.
2026-08-11 21:11:47 | sleep.weights.plasticity       | INFO  | Hard-clipped 3 w_cons parameters to delta_max=0.1000 bound.
2026-08-11 21:11:47 | sleep.weights.plasticity       | INFO  | Hard-clipped 3 w_cons parameters to delta_max=0.1000 bound.
2026-08-11 21:11:47 | sleep.weights.plasticity       | INFO  | Hard-clipped 3 w_cons parameters to delta_max=0.1000 bound.
2026-08-11 21:11:47 | sleep.weights.plasticity       | INFO  | Hard-clipped 3 w_cons parameters to delta_max=0.1000 bound.
2026-08-11 21:11:47 | sleep.weights.plasticity       | INFO  | Hard-clipped 3 w_cons parameters to delta_max=0.1000 bound.
2026-08-11 21:11:48 | sleep.weights.plasticity       | INFO  | Hard-clipped 3 w_cons parameters to delta_max=0.1000 bound.
2026-08-11 21:11:48 | sleep.weights.plasticity       | INFO  | Hard-clipped 3 w_cons parameters to delta_max=0.1000 bound.
2026-08-11 21:11:48 | sleep.weights.plasticity       | INFO  | Hard-clipped 3 w_cons parameters to delta_max=0.1000 bound.
2026-08-11 21:11:48 | sleep.weights.plasticity       | INFO  | Hard-clipped 3 w_cons parameters to delta_max=0.1000 bound.
2026-08-11 21:11:48 | sleep.weights.plasticity       | INFO  | Hard-clipped 3 w_cons parameters to delta_max=0.1000 bound.
2026-08-11 21:11:48 | sleep.weights.plasticity       | INFO  | Hard-clipped 4 w_cons parameters to delta_max=0.1000 bound.
2026-08-11 21:11:48 | sleep.weights.plasticity       | INFO  | Hard-clipped 4 w_cons parameters to delta_max=0.1000 bound.
2026-08-11 21:11:49 | sleep.weights.plasticity       | INFO  | Hard-clipped 5 w_cons parameters to delta_max=0.1000 bound.
2026-08-11 21:11:49 | sleep.weights.plasticity       | INFO  | Hard-clipped 5 w_cons parameters to delta_max=0.1000 bound.
2026-08-11 21:11:49 | sleep.weights.plasticity       | INFO  | Hard-clipped 5 w_cons parameters to delta_max=0.1000 bound.
2026-08-11 21:11:49 | sleep.weights.plasticity       | INFO  | Hard-clipped 5 w_cons parameters to delta_max=0.1000 bound.
2026-08-11 21:11:49 | sleep.weights.plasticity       | INFO  | Hard-clipped 5 w_cons parameters to delta_max=0.1000 bound.
2026-08-11 21:11:49 | sleep.weights.plasticity       | INFO  | Hard-clipped 5 w_cons parameters to delta_max=0.1000 bound.
2026-08-11 21:11:49 | sleep.weights.plasticity       | INFO  | Hard-clipped 5 w_cons parameters to delta_max=0.1000 bound.
2026-08-11 21:11:50 | sleep.weights.plasticity       | INFO  | Hard-clipped 5 w_cons parameters to delta_max=0.1000 bound.
2026-08-11 21:11:50 | sleep.weights.plasticity       | INFO  | Hard-clipped 5 w_cons parameters to delta_max=0.1000 bound.
2026-08-11 21:11:50 | sleep.weights.plasticity       | INFO  | Hard-clipped 5 w_cons parameters to delta_max=0.1000 bound.
2026-08-11 21:11:50 | sleep.weights.plasticity       | INFO  | Hard-clipped 5 w_cons parameters to delta_max=0.1000 bound.
2026-08-11 21:11:50 | sleep.weights.plasticity       | INFO  | Hard-clipped 5 w_cons parameters to delta_max=0.1000 bound.
2026-08-11 21:11:50 | sleep.weights.plasticity       | INFO  | Hard-clipped 5 w_cons parameters to delta_max=0.1000 bound.
2026-08-11 21:11:50 | sleep.weights.plasticity       | INFO  | Hard-clipped 5 w_cons parameters to delta_max=0.1000 bound.
2026-08-11 21:11:51 | sleep.weights.plasticity       | INFO  | Hard-clipped 5 w_cons parameters to delta_max=0.1000 bound.
2026-08-11 21:11:51 | sleep.weights.plasticity       | INFO  | Hard-clipped 5 w_cons parameters to delta_max=0.1000 bound.
2026-08-11 21:11:51 | sleep.weights.plasticity       | INFO  | Hard-clipped 5 w_cons parameters to delta_max=0.1000 bound.
2026-08-11 21:11:51 | sleep.weights.plasticity       | INFO  | Hard-clipped 5 w_cons parameters to delta_max=0.1000 bound.
2026-08-11 21:11:51 | sleep.weights.plasticity       | INFO  | Hard-clipped 5 w_cons parameters to delta_max=0.1000 bound.
2026-08-11 21:11:51 | sleep.weights.plasticity       | INFO  | Hard-clipped 5 w_cons parameters to delta_max=0.1000 bound.
2026-08-11 21:11:51 | sleep.weights.plasticity       | INFO  | Hard-clipped 5 w_cons parameters to delta_max=0.1000 bound.
2026-08-11 21:11:52 | sleep.weights.plasticity       | INFO  | Hard-clipped 5 w_cons parameters to delta_max=0.1000 bound.
2026-08-11 21:11:52 | sleep.weights.plasticity       | INFO  | Hard-clipped 5 w_cons parameters to delta_max=0.1000 bound.
2026-08-11 21:11:52 | sleep.weights.plasticity       | INFO  | Hard-clipped 4 w_cons parameters to delta_max=0.1000 bound.
2026-08-11 21:11:52 | sleep.weights.plasticity       | INFO  | Hard-clipped 4 w_cons parameters to delta_max=0.1000 bound.
2026-08-11 21:11:52 | sleep.weights.plasticity       | INFO  | Hard-clipped 4 w_cons parameters to delta_max=0.1000 bound.
2026-08-11 21:11:52 | sleep.weights.plasticity       | INFO  | Hard-clipped 5 w_cons parameters to delta_max=0.1000 bound.
2026-08-11 21:11:52 | sleep.weights.plasticity       | INFO  | Hard-clipped 5 w_cons parameters to delta_max=0.1000 bound.
2026-08-11 21:11:53 | sleep.weights.plasticity       | INFO  | Hard-clipped 5 w_cons parameters to delta_max=0.1000 bound.
2026-08-11 21:11:53 | sleep.weights.plasticity       | INFO  | Hard-clipped 5 w_cons parameters to delta_max=0.1000 bound.
2026-08-11 21:11:53 | sleep.weights.plasticity       | INFO  | Hard-clipped 5 w_cons parameters to delta_max=0.1000 bound.
2026-08-11 21:11:53 | sleep.weights.plasticity       | INFO  | Hard-clipped 5 w_cons parameters to delta_max=0.1000 bound.
2026-08-11 21:11:53 | sleep.sleep_engine.train       | INFO  |   distill step 150/1500 | loss=1.8566 (kl=1.0225 ce=1.6682) | lr=1.00e-04
2026-08-11 21:11:53 | sleep.weights.plasticity       | INFO  | Hard-clipped 5 w_cons parameters to delta_max=0.1000 bound.
2026-08-11 21:11:53 | sleep.weights.plasticity       | INFO  | Hard-clipped 6 w_cons parameters to delta_max=0.1000 bound.
2026-08-11 21:11:53 | sleep.weights.plasticity       | INFO  | Hard-clipped 6 w_cons parameters to delta_max=0.1000 bound.
2026-08-11 21:11:54 | sleep.weights.plasticity       | INFO  | Hard-clipped 6 w_cons parameters to delta_max=0.1000 bound.
2026-08-11 21:11:54 | sleep.weights.plasticity       | INFO  | Hard-clipped 6 w_cons parameters to delta_max=0.1000 bound.
2026-08-11 21:11:54 | sleep.weights.plasticity       | INFO  | Hard-clipped 6 w_cons parameters to delta_max=0.1000 bound.
2026-08-11 21:11:54 | sleep.weights.plasticity       | INFO  | Hard-clipped 6 w_cons parameters to delta_max=0.1000 bound.
2026-08-11 21:11:54 | sleep.weights.plasticity       | INFO  | Hard-clipped 6 w_cons parameters to delta_max=0.1000 bound.
2026-08-11 21:11:54 | sleep.weights.plasticity       | INFO  | Hard-clipped 6 w_cons parameters to delta_max=0.1000 bound.
2026-08-11 21:11:54 | sleep.weights.plasticity       | INFO  | Hard-clipped 6 w_cons parameters to delta_max=0.1000 bound.
2026-08-11 21:11:55 | sleep.weights.plasticity       | INFO  | Hard-clipped 6 w_cons parameters to delta_max=0.1000 bound.
2026-08-11 21:11:55 | sleep.weights.plasticity       | INFO  | Hard-clipped 6 w_cons parameters to delta_max=0.1000 bound.
2026-08-11 21:11:55 | sleep.weights.plasticity       | INFO  | Hard-clipped 6 w_cons parameters to delta_max=0.1000 bound.
2026-08-11 21:11:55 | sleep.weights.plasticity       | INFO  | Hard-clipped 6 w_cons parameters to delta_max=0.1000 bound.
2026-08-11 21:11:55 | sleep.weights.plasticity       | INFO  | Hard-clipped 6 w_cons parameters to delta_max=0.1000 bound.
2026-08-11 21:11:55 | sleep.weights.plasticity       | INFO  | Hard-clipped 6 w_cons parameters to delta_max=0.1000 bound.
2026-08-11 21:11:55 | sleep.weights.plasticity       | INFO  | Hard-clipped 3 w_cons parameters to delta_max=0.1000 bound.
2026-08-11 21:11:56 | sleep.weights.plasticity       | INFO  | Hard-clipped 3 w_cons parameters to delta_max=0.1000 bound.
2026-08-11 21:11:56 | sleep.weights.plasticity       | INFO  | Hard-clipped 3 w_cons parameters to delta_max=0.1000 bound.
2026-08-11 21:11:56 | sleep.weights.plasticity       | INFO  | Hard-clipped 2 w_cons parameters to delta_max=0.1000 bound.
2026-08-11 21:11:56 | sleep.weights.plasticity       | INFO  | Hard-clipped 4 w_cons parameters to delta_max=0.1000 bound.
2026-08-11 21:11:56 | sleep.weights.plasticity       | INFO  | Hard-clipped 4 w_cons parameters to delta_max=0.1000 bound.
2026-08-11 21:11:56 | sleep.weights.plasticity       | INFO  | Hard-clipped 3 w_cons parameters to delta_max=0.1000 bound.
2026-08-11 21:11:56 | sleep.weights.plasticity       | INFO  | Hard-clipped 4 w_cons parameters to delta_max=0.1000 bound.
2026-08-11 21:11:57 | sleep.weights.plasticity       | INFO  | Hard-clipped 5 w_cons parameters to delta_max=0.1000 bound.
2026-08-11 21:11:57 | sleep.weights.plasticity       | INFO  | Hard-clipped 5 w_cons parameters to delta_max=0.1000 bound.
2026-08-11 21:11:57 | sleep.weights.plasticity       | INFO  | Hard-clipped 4 w_cons parameters to delta_max=0.1000 bound.
2026-08-11 21:11:57 | sleep.weights.plasticity       | INFO  | Hard-clipped 3 w_cons parameters to delta_max=0.1000 bound.
2026-08-11 21:11:57 | sleep.weights.plasticity       | INFO  | Hard-clipped 3 w_cons parameters to delta_max=0.1000 bound.
2026-08-11 21:11:57 | sleep.weights.plasticity       | INFO  | Hard-clipped 2 w_cons parameters to delta_max=0.1000 bound.
2026-08-11 21:11:57 | sleep.weights.plasticity       | INFO  | Hard-clipped 3 w_cons parameters to delta_max=0.1000 bound.
2026-08-11 21:11:58 | sleep.weights.plasticity       | INFO  | Hard-clipped 3 w_cons parameters to delta_max=0.1000 bound.
2026-08-11 21:11:58 | sleep.weights.plasticity       | INFO  | Hard-clipped 3 w_cons parameters to delta_max=0.1000 bound.
2026-08-11 21:11:58 | sleep.weights.plasticity       | INFO  | Hard-clipped 4 w_cons parameters to delta_max=0.1000 bound.
2026-08-11 21:11:58 | sleep.weights.plasticity       | INFO  | Hard-clipped 4 w_cons parameters to delta_max=0.1000 bound.
2026-08-11 21:11:58 | sleep.weights.plasticity       | INFO  | Hard-clipped 4 w_cons parameters to delta_max=0.1000 bound.
2026-08-11 21:11:58 | sleep.weights.plasticity       | INFO  | Hard-clipped 5 w_cons parameters to delta_max=0.1000 bound.
2026-08-11 21:11:58 | sleep.weights.plasticity       | INFO  | Hard-clipped 5 w_cons parameters to delta_max=0.1000 bound.
2026-08-11 21:11:59 | sleep.weights.plasticity       | INFO  | Hard-clipped 5 w_cons parameters to delta_max=0.1000 bound.
2026-08-11 21:11:59 | sleep.weights.plasticity       | INFO  | Hard-clipped 6 w_cons parameters to delta_max=0.1000 bound.
2026-08-11 21:11:59 | sleep.weights.plasticity       | INFO  | Hard-clipped 6 w_cons parameters to delta_max=0.1000 bound.
2026-08-11 21:11:59 | sleep.weights.plasticity       | INFO  | Hard-clipped 6 w_cons parameters to delta_max=0.1000 bound.
2026-08-11 21:11:59 | sleep.weights.plasticity       | INFO  | Hard-clipped 7 w_cons parameters to delta_max=0.1000 bound.
2026-08-11 21:11:59 | sleep.weights.plasticity       | INFO  | Hard-clipped 7 w_cons parameters to delta_max=0.1000 bound.
2026-08-11 21:11:59 | sleep.weights.plasticity       | INFO  | Hard-clipped 7 w_cons parameters to delta_max=0.1000 bound.
2026-08-11 21:12:00 | sleep.weights.plasticity       | INFO  | Hard-clipped 7 w_cons parameters to delta_max=0.1000 bound.
2026-08-11 21:12:00 | sleep.weights.plasticity       | INFO  | Hard-clipped 7 w_cons parameters to delta_max=0.1000 bound.
2026-08-11 21:12:00 | sleep.weights.plasticity       | INFO  | Hard-clipped 5 w_cons parameters to delta_max=0.1000 bound.
2026-08-11 21:12:00 | sleep.weights.plasticity       | INFO  | Hard-clipped 7 w_cons parameters to delta_max=0.1000 bound.
2026-08-11 21:12:00 | sleep.weights.plasticity       | INFO  | Hard-clipped 8 w_cons parameters to delta_max=0.1000 bound.
2026-08-11 21:12:00 | sleep.weights.plasticity       | INFO  | Hard-clipped 8 w_cons parameters to delta_max=0.1000 bound.
2026-08-11 21:12:01 | sleep.weights.plasticity       | INFO  | Hard-clipped 8 w_cons parameters to delta_max=0.1000 bound.
2026-08-11 21:12:01 | sleep.weights.plasticity       | INFO  | Hard-clipped 8 w_cons parameters to delta_max=0.1000 bound.
2026-08-11 21:12:01 | sleep.weights.plasticity       | INFO  | Hard-clipped 8 w_cons parameters to delta_max=0.1000 bound.
2026-08-11 21:12:01 | sleep.weights.plasticity       | INFO  | Hard-clipped 8 w_cons parameters to delta_max=0.1000 bound.
2026-08-11 21:12:01 | sleep.weights.plasticity       | INFO  | Hard-clipped 8 w_cons parameters to delta_max=0.1000 bound.
2026-08-11 21:12:01 | sleep.weights.plasticity       | INFO  | Hard-clipped 8 w_cons parameters to delta_max=0.1000 bound.
2026-08-11 21:12:01 | sleep.weights.plasticity       | INFO  | Hard-clipped 8 w_cons parameters to delta_max=0.1000 bound.
2026-08-11 21:12:01 | sleep.weights.plasticity       | INFO  | Hard-clipped 8 w_cons parameters to delta_max=0.1000 bound.
2026-08-11 21:12:02 | sleep.weights.plasticity       | INFO  | Hard-clipped 8 w_cons parameters to delta_max=0.1000 bound.
2026-08-11 21:12:02 | sleep.weights.plasticity       | INFO  | Hard-clipped 8 w_cons parameters to delta_max=0.1000 bound.
2026-08-11 21:12:02 | sleep.weights.plasticity       | INFO  | Hard-clipped 8 w_cons parameters to delta_max=0.1000 bound.
2026-08-11 21:12:02 | sleep.weights.plasticity       | INFO  | Hard-clipped 8 w_cons parameters to delta_max=0.1000 bound.
2026-08-11 21:12:02 | sleep.weights.plasticity       | INFO  | Hard-clipped 8 w_cons parameters to delta_max=0.1000 bound.
2026-08-11 21:12:02 | sleep.weights.plasticity       | INFO  | Hard-clipped 8 w_cons parameters to delta_max=0.1000 bound.
2026-08-11 21:12:02 | sleep.weights.plasticity       | INFO  | Hard-clipped 8 w_cons parameters to delta_max=0.1000 bound.
2026-08-11 21:12:03 | sleep.weights.plasticity       | INFO  | Hard-clipped 9 w_cons parameters to delta_max=0.1000 bound.
2026-08-11 21:12:03 | sleep.weights.plasticity       | INFO  | Hard-clipped 9 w_cons parameters to delta_max=0.1000 bound.
2026-08-11 21:12:03 | sleep.weights.plasticity       | INFO  | Hard-clipped 9 w_cons parameters to delta_max=0.1000 bound.
2026-08-11 21:12:03 | sleep.weights.plasticity       | INFO  | Hard-clipped 9 w_cons parameters to delta_max=0.1000 bound.
2026-08-11 21:12:03 | sleep.weights.plasticity       | INFO  | Hard-clipped 9 w_cons parameters to delta_max=0.1000 bound.
2026-08-11 21:12:03 | sleep.weights.plasticity       | INFO  | Hard-clipped 9 w_cons parameters to delta_max=0.1000 bound.
2026-08-11 21:12:03 | sleep.weights.plasticity       | INFO  | Hard-clipped 10 w_cons parameters to delta_max=0.1000 bound.
2026-08-11 21:12:04 | sleep.weights.plasticity       | INFO  | Hard-clipped 12 w_cons parameters to delta_max=0.1000 bound.
2026-08-11 21:12:04 | sleep.weights.plasticity       | INFO  | Hard-clipped 12 w_cons parameters to delta_max=0.1000 bound.
2026-08-11 21:12:04 | sleep.weights.plasticity       | INFO  | Hard-clipped 12 w_cons parameters to delta_max=0.1000 bound.
2026-08-11 21:12:04 | sleep.weights.plasticity       | INFO  | Hard-clipped 12 w_cons parameters to delta_max=0.1000 bound.
2026-08-11 21:12:04 | sleep.weights.plasticity       | INFO  | Hard-clipped 12 w_cons parameters to delta_max=0.1000 bound.
2026-08-11 21:12:04 | sleep.weights.plasticity       | INFO  | Hard-clipped 12 w_cons parameters to delta_max=0.1000 bound.
2026-08-11 21:12:04 | sleep.weights.plasticity       | INFO  | Hard-clipped 12 w_cons parameters to delta_max=0.1000 bound.
2026-08-11 21:12:05 | sleep.weights.plasticity       | INFO  | Hard-clipped 12 w_cons parameters to delta_max=0.1000 bound.
2026-08-11 21:12:05 | sleep.weights.plasticity       | INFO  | Hard-clipped 12 w_cons parameters to delta_max=0.1000 bound.
2026-08-11 21:12:05 | sleep.weights.plasticity       | INFO  | Hard-clipped 13 w_cons parameters to delta_max=0.1000 bound.
2026-08-11 21:12:05 | sleep.weights.plasticity       | INFO  | Hard-clipped 15 w_cons parameters to delta_max=0.1000 bound.
2026-08-11 21:12:05 | sleep.weights.plasticity       | INFO  | Hard-clipped 12 w_cons parameters to delta_max=0.1000 bound.
2026-08-11 21:12:05 | sleep.weights.plasticity       | INFO  | Hard-clipped 14 w_cons parameters to delta_max=0.1000 bound.
2026-08-11 21:12:06 | sleep.weights.plasticity       | INFO  | Hard-clipped 14 w_cons parameters to delta_max=0.1000 bound.
2026-08-11 21:12:06 | sleep.weights.plasticity       | INFO  | Hard-clipped 15 w_cons parameters to delta_max=0.1000 bound.
2026-08-11 21:12:06 | sleep.weights.plasticity       | INFO  | Hard-clipped 15 w_cons parameters to delta_max=0.1000 bound.
2026-08-11 21:12:06 | sleep.weights.plasticity       | INFO  | Hard-clipped 15 w_cons parameters to delta_max=0.1000 bound.
2026-08-11 21:12:06 | sleep.weights.plasticity       | INFO  | Hard-clipped 13 w_cons parameters to delta_max=0.1000 bound.
2026-08-11 21:12:06 | sleep.weights.plasticity       | INFO  | Hard-clipped 14 w_cons parameters to delta_max=0.1000 bound.
2026-08-11 21:12:06 | sleep.weights.plasticity       | INFO  | Hard-clipped 15 w_cons parameters to delta_max=0.1000 bound.
2026-08-11 21:12:07 | sleep.weights.plasticity       | INFO  | Hard-clipped 15 w_cons parameters to delta_max=0.1000 bound.
2026-08-11 21:12:07 | sleep.weights.plasticity       | INFO  | Hard-clipped 16 w_cons parameters to delta_max=0.1000 bound.
2026-08-11 21:12:07 | sleep.weights.plasticity       | INFO  | Hard-clipped 16 w_cons parameters to delta_max=0.1000 bound.
2026-08-11 21:12:07 | sleep.weights.plasticity       | INFO  | Hard-clipped 16 w_cons parameters to delta_max=0.1000 bound.
2026-08-11 21:12:07 | sleep.weights.plasticity       | INFO  | Hard-clipped 16 w_cons parameters to delta_max=0.1000 bound.
2026-08-11 21:12:07 | sleep.weights.plasticity       | INFO  | Hard-clipped 16 w_cons parameters to delta_max=0.1000 bound.
2026-08-11 21:12:07 | sleep.weights.plasticity       | INFO  | Hard-clipped 17 w_cons parameters to delta_max=0.1000 bound.
2026-08-11 21:12:08 | sleep.weights.plasticity       | INFO  | Hard-clipped 17 w_cons parameters to delta_max=0.1000 bound.
2026-08-11 21:12:08 | sleep.weights.plasticity       | INFO  | Hard-clipped 17 w_cons parameters to delta_max=0.1000 bound.
2026-08-11 21:12:08 | sleep.weights.plasticity       | INFO  | Hard-clipped 17 w_cons parameters to delta_max=0.1000 bound.
2026-08-11 21:12:08 | sleep.weights.plasticity       | INFO  | Hard-clipped 17 w_cons parameters to delta_max=0.1000 bound.
2026-08-11 21:12:08 | sleep.weights.plasticity       | INFO  | Hard-clipped 17 w_cons parameters to delta_max=0.1000 bound.
2026-08-11 21:12:08 | sleep.weights.plasticity       | INFO  | Hard-clipped 17 w_cons parameters to delta_max=0.1000 bound.
2026-08-11 21:12:08 | sleep.weights.plasticity       | INFO  | Hard-clipped 17 w_cons parameters to delta_max=0.1000 bound.
2026-08-11 21:12:09 | sleep.weights.plasticity       | INFO  | Hard-clipped 17 w_cons parameters to delta_max=0.1000 bound.
2026-08-11 21:12:09 | sleep.weights.plasticity       | INFO  | Hard-clipped 17 w_cons parameters to delta_max=0.1000 bound.
2026-08-11 21:12:09 | sleep.weights.plasticity       | INFO  | Hard-clipped 17 w_cons parameters to delta_max=0.1000 bound.
2026-08-11 21:12:09 | sleep.weights.plasticity       | INFO  | Hard-clipped 17 w_cons parameters to delta_max=0.1000 bound.
2026-08-11 21:12:09 | sleep.weights.plasticity       | INFO  | Hard-clipped 17 w_cons parameters to delta_max=0.1000 bound.
2026-08-11 21:12:09 | sleep.weights.plasticity       | INFO  | Hard-clipped 17 w_cons parameters to delta_max=0.1000 bound.
2026-08-11 21:12:09 | sleep.weights.plasticity       | INFO  | Hard-clipped 17 w_cons parameters to delta_max=0.1000 bound.
2026-08-11 21:12:10 | sleep.weights.plasticity       | INFO  | Hard-clipped 17 w_cons parameters to delta_max=0.1000 bound.
2026-08-11 21:12:10 | sleep.weights.plasticity       | INFO  | Hard-clipped 17 w_cons parameters to delta_max=0.1000 bound.
2026-08-11 21:12:10 | sleep.weights.plasticity       | INFO  | Hard-clipped 17 w_cons parameters to delta_max=0.1000 bound.
2026-08-11 21:12:10 | sleep.weights.plasticity       | INFO  | Hard-clipped 17 w_cons parameters to delta_max=0.1000 bound.
2026-08-11 21:12:10 | sleep.weights.plasticity       | INFO  | Hard-clipped 17 w_cons parameters to delta_max=0.1000 bound.
2026-08-11 21:12:10 | sleep.weights.plasticity       | INFO  | Hard-clipped 17 w_cons parameters to delta_max=0.1000 bound.
2026-08-11 21:12:10 | sleep.weights.plasticity       | INFO  | Hard-clipped 17 w_cons parameters to delta_max=0.1000 bound.
2026-08-11 21:12:11 | sleep.weights.plasticity       | INFO  | Hard-clipped 18 w_cons parameters to delta_max=0.1000 bound.
2026-08-11 21:12:11 | sleep.weights.plasticity       | INFO  | Hard-clipped 18 w_cons parameters to delta_max=0.1000 bound.
2026-08-11 21:12:11 | sleep.weights.plasticity       | INFO  | Hard-clipped 18 w_cons parameters to delta_max=0.1000 bound.
2026-08-11 21:12:11 | sleep.weights.plasticity       | INFO  | Hard-clipped 18 w_cons parameters to delta_max=0.1000 bound.
2026-08-11 21:12:11 | sleep.weights.plasticity       | INFO  | Hard-clipped 18 w_cons parameters to delta_max=0.1000 bound.
2026-08-11 21:12:11 | sleep.weights.plasticity       | INFO  | Hard-clipped 18 w_cons parameters to delta_max=0.1000 bound.
2026-08-11 21:12:11 | sleep.weights.plasticity       | INFO  | Hard-clipped 18 w_cons parameters to delta_max=0.1000 bound.
2026-08-11 21:12:12 | sleep.weights.plasticity       | INFO  | Hard-clipped 18 w_cons parameters to delta_max=0.1000 bound.
2026-08-11 21:12:12 | sleep.weights.plasticity       | INFO  | Hard-clipped 18 w_cons parameters to delta_max=0.1000 bound.
2026-08-11 21:12:12 | sleep.weights.plasticity       | INFO  | Hard-clipped 18 w_cons parameters to delta_max=0.1000 bound.
2026-08-11 21:12:12 | sleep.weights.plasticity       | INFO  | Hard-clipped 18 w_cons parameters to delta_max=0.1000 bound.
2026-08-11 21:12:12 | sleep.weights.plasticity       | INFO  | Hard-clipped 18 w_cons parameters to delta_max=0.1000 bound.
2026-08-11 21:12:12 | sleep.weights.plasticity       | INFO  | Hard-clipped 18 w_cons parameters to delta_max=0.1000 bound.
2026-08-11 21:12:12 | sleep.weights.plasticity       | INFO  | Hard-clipped 18 w_cons parameters to delta_max=0.1000 bound.
2026-08-11 21:12:13 | sleep.weights.plasticity       | INFO  | Hard-clipped 18 w_cons parameters to delta_max=0.1000 bound.
2026-08-11 21:12:13 | sleep.weights.plasticity       | INFO  | Hard-clipped 18 w_cons parameters to delta_max=0.1000 bound.
2026-08-11 21:12:13 | sleep.weights.plasticity       | INFO  | Hard-clipped 18 w_cons parameters to delta_max=0.1000 bound.
2026-08-11 21:12:13 | sleep.weights.plasticity       | INFO  | Hard-clipped 18 w_cons parameters to delta_max=0.1000 bound.
2026-08-11 21:12:13 | sleep.weights.plasticity       | INFO  | Hard-clipped 19 w_cons parameters to delta_max=0.1000 bound.
2026-08-11 21:12:13 | sleep.weights.plasticity       | INFO  | Hard-clipped 19 w_cons parameters to delta_max=0.1000 bound.
2026-08-11 21:12:13 | sleep.weights.plasticity       | INFO  | Hard-clipped 19 w_cons parameters to delta_max=0.1000 bound.
2026-08-11 21:12:14 | sleep.weights.plasticity       | INFO  | Hard-clipped 19 w_cons parameters to delta_max=0.1000 bound.
2026-08-11 21:12:14 | sleep.weights.plasticity       | INFO  | Hard-clipped 19 w_cons parameters to delta_max=0.1000 bound.
2026-08-11 21:12:14 | sleep.weights.plasticity       | INFO  | Hard-clipped 19 w_cons parameters to delta_max=0.1000 bound.
2026-08-11 21:12:14 | sleep.weights.plasticity       | INFO  | Hard-clipped 19 w_cons parameters to delta_max=0.1000 bound.
2026-08-11 21:12:14 | sleep.weights.plasticity       | INFO  | Hard-clipped 19 w_cons parameters to delta_max=0.1000 bound.
2026-08-11 21:12:14 | sleep.weights.plasticity       | INFO  | Hard-clipped 19 w_cons parameters to delta_max=0.1000 bound.
2026-08-11 21:12:14 | sleep.weights.plasticity       | INFO  | Hard-clipped 19 w_cons parameters to delta_max=0.1000 bound.
2026-08-11 21:12:15 | sleep.weights.plasticity       | INFO  | Hard-clipped 19 w_cons parameters to delta_max=0.1000 bound.
2026-08-11 21:12:15 | sleep.sleep_engine.train       | INFO  |   distill step 300/1500 | loss=1.5745 (kl=0.7379 ce=1.6732) | lr=9.70e-05
2026-08-11 21:12:15 | sleep.weights.plasticity       | INFO  | Hard-clipped 19 w_cons parameters to delta_max=0.1000 bound.
2026-08-11 21:12:15 | sleep.weights.plasticity       | INFO  | Hard-clipped 19 w_cons parameters to delta_max=0.1000 bound.
2026-08-11 21:12:15 | sleep.weights.plasticity       | INFO  | Hard-clipped 18 w_cons parameters to delta_max=0.1000 bound.
2026-08-11 21:12:15 | sleep.weights.plasticity       | INFO  | Hard-clipped 19 w_cons parameters to delta_max=0.1000 bound.
2026-08-11 21:12:15 | sleep.weights.plasticity       | INFO  | Hard-clipped 19 w_cons parameters to delta_max=0.1000 bound.
2026-08-11 21:12:16 | sleep.weights.plasticity       | INFO  | Hard-clipped 19 w_cons parameters to delta_max=0.1000 bound.
2026-08-11 21:12:16 | sleep.weights.plasticity       | INFO  | Hard-clipped 19 w_cons parameters to delta_max=0.1000 bound.
2026-08-11 21:12:16 | sleep.weights.plasticity       | INFO  | Hard-clipped 19 w_cons parameters to delta_max=0.1000 bound.
2026-08-11 21:12:16 | sleep.weights.plasticity       | INFO  | Hard-clipped 19 w_cons parameters to delta_max=0.1000 bound.
2026-08-11 21:12:16 | sleep.weights.plasticity       | INFO  | Hard-clipped 19 w_cons parameters to delta_max=0.1000 bound.
2026-08-11 21:12:16 | sleep.weights.plasticity       | INFO  | Hard-clipped 19 w_cons parameters to delta_max=0.1000 bound.
2026-08-11 21:12:16 | sleep.weights.plasticity       | INFO  | Hard-clipped 20 w_cons parameters to delta_max=0.1000 bound.
2026-08-11 21:12:17 | sleep.weights.plasticity       | INFO  | Hard-clipped 20 w_cons parameters to delta_max=0.1000 bound.
2026-08-11 21:12:17 | sleep.weights.plasticity       | INFO  | Hard-clipped 20 w_cons parameters to delta_max=0.1000 bound.
2026-08-11 21:12:17 | sleep.weights.plasticity       | INFO  | Hard-clipped 20 w_cons parameters to delta_max=0.1000 bound.
2026-08-11 21:12:17 | sleep.weights.plasticity       | INFO  | Hard-clipped 20 w_cons parameters to delta_max=0.1000 bound.
2026-08-11 21:12:17 | sleep.weights.plasticity       | INFO  | Hard-clipped 21 w_cons parameters to delta_max=0.1000 bound.
2026-08-11 21:12:17 | sleep.weights.plasticity       | INFO  | Hard-clipped 21 w_cons parameters to delta_max=0.1000 bound.
2026-08-11 21:12:17 | sleep.weights.plasticity       | INFO  | Hard-clipped 21 w_cons parameters to delta_max=0.1000 bound.
2026-08-11 21:12:18 | sleep.weights.plasticity       | INFO  | Hard-clipped 21 w_cons parameters to delta_max=0.1000 bound.
2026-08-11 21:12:18 | sleep.weights.plasticity       | INFO  | Hard-clipped 21 w_cons parameters to delta_max=0.1000 bound.
2026-08-11 21:12:18 | sleep.weights.plasticity       | INFO  | Hard-clipped 21 w_cons parameters to delta_max=0.1000 bound.
2026-08-11 21:12:18 | sleep.weights.plasticity       | INFO  | Hard-clipped 21 w_cons parameters to delta_max=0.1000 bound.
2026-08-11 21:12:18 | sleep.weights.plasticity       | INFO  | Hard-clipped 21 w_cons parameters to delta_max=0.1000 bound.
2026-08-11 21:12:18 | sleep.weights.plasticity       | INFO  | Hard-clipped 21 w_cons parameters to delta_max=0.1000 bound.
2026-08-11 21:12:18 | sleep.weights.plasticity       | INFO  | Hard-clipped 21 w_cons parameters to delta_max=0.1000 bound.
2026-08-11 21:12:19 | sleep.weights.plasticity       | INFO  | Hard-clipped 21 w_cons parameters to delta_max=0.1000 bound.
2026-08-11 21:12:19 | sleep.weights.plasticity       | INFO  | Hard-clipped 21 w_cons parameters to delta_max=0.1000 bound.
2026-08-11 21:12:19 | sleep.weights.plasticity       | INFO  | Hard-clipped 21 w_cons parameters to delta_max=0.1000 bound.
2026-08-11 21:12:19 | sleep.weights.plasticity       | INFO  | Hard-clipped 21 w_cons parameters to delta_max=0.1000 bound.
2026-08-11 21:12:19 | sleep.weights.plasticity       | INFO  | Hard-clipped 21 w_cons parameters to delta_max=0.1000 bound.
2026-08-11 21:12:19 | sleep.weights.plasticity       | INFO  | Hard-clipped 21 w_cons parameters to delta_max=0.1000 bound.
2026-08-11 21:12:19 | sleep.weights.plasticity       | INFO  | Hard-clipped 22 w_cons parameters to delta_max=0.1000 bound.
2026-08-11 21:12:20 | sleep.weights.plasticity       | INFO  | Hard-clipped 22 w_cons parameters to delta_max=0.1000 bound.
2026-08-11 21:12:20 | sleep.weights.plasticity       | INFO  | Hard-clipped 22 w_cons parameters to delta_max=0.1000 bound.
2026-08-11 21:12:20 | sleep.weights.plasticity       | INFO  | Hard-clipped 22 w_cons parameters to delta_max=0.1000 bound.
2026-08-11 21:12:20 | sleep.weights.plasticity       | INFO  | Hard-clipped 22 w_cons parameters to delta_max=0.1000 bound.
2026-08-11 21:12:20 | sleep.weights.plasticity       | INFO  | Hard-clipped 22 w_cons parameters to delta_max=0.1000 bound.
2026-08-11 21:12:20 | sleep.weights.plasticity       | INFO  | Hard-clipped 22 w_cons parameters to delta_max=0.1000 bound.
2026-08-11 21:12:20 | sleep.weights.plasticity       | INFO  | Hard-clipped 21 w_cons parameters to delta_max=0.1000 bound.
2026-08-11 21:12:21 | sleep.weights.plasticity       | INFO  | Hard-clipped 22 w_cons parameters to delta_max=0.1000 bound.
2026-08-11 21:12:21 | sleep.weights.plasticity       | INFO  | Hard-clipped 22 w_cons parameters to delta_max=0.1000 bound.
2026-08-11 21:12:21 | sleep.weights.plasticity       | INFO  | Hard-clipped 24 w_cons parameters to delta_max=0.1000 bound.
2026-08-11 21:12:21 | sleep.weights.plasticity       | INFO  | Hard-clipped 24 w_cons parameters to delta_max=0.1000 bound.
2026-08-11 21:12:21 | sleep.weights.plasticity       | INFO  | Hard-clipped 24 w_cons parameters to delta_max=0.1000 bound.
2026-08-11 21:12:21 | sleep.weights.plasticity       | INFO  | Hard-clipped 24 w_cons parameters to delta_max=0.1000 bound.
2026-08-11 21:12:21 | sleep.weights.plasticity       | INFO  | Hard-clipped 24 w_cons parameters to delta_max=0.1000 bound.
2026-08-11 21:12:22 | sleep.weights.plasticity       | INFO  | Hard-clipped 24 w_cons parameters to delta_max=0.1000 bound.
2026-08-11 21:12:22 | sleep.weights.plasticity       | INFO  | Hard-clipped 23 w_cons parameters to delta_max=0.1000 bound.
2026-08-11 21:12:22 | sleep.weights.plasticity       | INFO  | Hard-clipped 23 w_cons parameters to delta_max=0.1000 bound.
2026-08-11 21:12:22 | sleep.weights.plasticity       | INFO  | Hard-clipped 23 w_cons parameters to delta_max=0.1000 bound.
2026-08-11 21:12:22 | sleep.weights.plasticity       | INFO  | Hard-clipped 23 w_cons parameters to delta_max=0.1000 bound.
2026-08-11 21:12:22 | sleep.weights.plasticity       | INFO  | Hard-clipped 22 w_cons parameters to delta_max=0.1000 bound.
2026-08-11 21:12:22 | sleep.weights.plasticity       | INFO  | Hard-clipped 22 w_cons parameters to delta_max=0.1000 bound.
2026-08-11 21:12:23 | sleep.weights.plasticity       | INFO  | Hard-clipped 22 w_cons parameters to delta_max=0.1000 bound.
2026-08-11 21:12:23 | sleep.weights.plasticity       | INFO  | Hard-clipped 22 w_cons parameters to delta_max=0.1000 bound.
2026-08-11 21:12:23 | sleep.weights.plasticity       | INFO  | Hard-clipped 20 w_cons parameters to delta_max=0.1000 bound.
2026-08-11 21:12:23 | sleep.weights.plasticity       | INFO  | Hard-clipped 21 w_cons parameters to delta_max=0.1000 bound.
2026-08-11 21:12:23 | sleep.weights.plasticity       | INFO  | Hard-clipped 21 w_cons parameters to delta_max=0.1000 bound.
2026-08-11 21:12:23 | sleep.weights.plasticity       | INFO  | Hard-clipped 21 w_cons parameters to delta_max=0.1000 bound.
2026-08-11 21:12:23 | sleep.weights.plasticity       | INFO  | Hard-clipped 21 w_cons parameters to delta_max=0.1000 bound.
2026-08-11 21:12:24 | sleep.weights.plasticity       | INFO  | Hard-clipped 21 w_cons parameters to delta_max=0.1000 bound.
2026-08-11 21:12:24 | sleep.weights.plasticity       | INFO  | Hard-clipped 22 w_cons parameters to delta_max=0.1000 bound.
2026-08-11 21:12:24 | sleep.weights.plasticity       | INFO  | Hard-clipped 22 w_cons parameters to delta_max=0.1000 bound.
2026-08-11 21:12:24 | sleep.weights.plasticity       | INFO  | Hard-clipped 22 w_cons parameters to delta_max=0.1000 bound.
2026-08-11 21:12:24 | sleep.weights.plasticity       | INFO  | Hard-clipped 22 w_cons parameters to delta_max=0.1000 bound.
2026-08-11 21:12:24 | sleep.weights.plasticity       | INFO  | Hard-clipped 24 w_cons parameters to delta_max=0.1000 bound.
2026-08-11 21:12:24 | sleep.weights.plasticity       | INFO  | Hard-clipped 24 w_cons parameters to delta_max=0.1000 bound.
2026-08-11 21:12:25 | sleep.weights.plasticity       | INFO  | Hard-clipped 24 w_cons parameters to delta_max=0.1000 bound.
2026-08-11 21:12:25 | sleep.weights.plasticity       | INFO  | Hard-clipped 24 w_cons parameters to delta_max=0.1000 bound.
2026-08-11 21:12:25 | sleep.weights.plasticity       | INFO  | Hard-clipped 24 w_cons parameters to delta_max=0.1000 bound.
2026-08-11 21:12:25 | sleep.weights.plasticity       | INFO  | Hard-clipped 24 w_cons parameters to delta_max=0.1000 bound.
2026-08-11 21:12:25 | sleep.weights.plasticity       | INFO  | Hard-clipped 25 w_cons parameters to delta_max=0.1000 bound.
2026-08-11 21:12:25 | sleep.weights.plasticity       | INFO  | Hard-clipped 25 w_cons parameters to delta_max=0.1000 bound.
2026-08-11 21:12:25 | sleep.weights.plasticity       | INFO  | Hard-clipped 24 w_cons parameters to delta_max=0.1000 bound.
2026-08-11 21:12:26 | sleep.weights.plasticity       | INFO  | Hard-clipped 24 w_cons parameters to delta_max=0.1000 bound.
2026-08-11 21:12:26 | sleep.weights.plasticity       | INFO  | Hard-clipped 25 w_cons parameters to delta_max=0.1000 bound.
2026-08-11 21:12:26 | sleep.weights.plasticity       | INFO  | Hard-clipped 25 w_cons parameters to delta_max=0.1000 bound.
2026-08-11 21:12:26 | sleep.weights.plasticity       | INFO  | Hard-clipped 25 w_cons parameters to delta_max=0.1000 bound.
2026-08-11 21:12:26 | sleep.weights.plasticity       | INFO  | Hard-clipped 25 w_cons parameters to delta_max=0.1000 bound.
2026-08-11 21:12:26 | sleep.weights.plasticity       | INFO  | Hard-clipped 24 w_cons parameters to delta_max=0.1000 bound.
2026-08-11 21:12:26 | sleep.weights.plasticity       | INFO  | Hard-clipped 24 w_cons parameters to delta_max=0.1000 bound.
2026-08-11 21:12:27 | sleep.weights.plasticity       | INFO  | Hard-clipped 25 w_cons parameters to delta_max=0.1000 bound.
2026-08-11 21:12:27 | sleep.weights.plasticity       | INFO  | Hard-clipped 26 w_cons parameters to delta_max=0.1000 bound.
2026-08-11 21:12:27 | sleep.weights.plasticity       | INFO  | Hard-clipped 26 w_cons parameters to delta_max=0.1000 bound.
2026-08-11 21:12:27 | sleep.weights.plasticity       | INFO  | Hard-clipped 26 w_cons parameters to delta_max=0.1000 bound.
2026-08-11 21:12:27 | sleep.weights.plasticity       | INFO  | Hard-clipped 26 w_cons parameters to delta_max=0.1000 bound.
2026-08-11 21:12:27 | sleep.weights.plasticity       | INFO  | Hard-clipped 26 w_cons parameters to delta_max=0.1000 bound.
2026-08-11 21:12:27 | sleep.weights.plasticity       | INFO  | Hard-clipped 26 w_cons parameters to delta_max=0.1000 bound.
2026-08-11 21:12:28 | sleep.weights.plasticity       | INFO  | Hard-clipped 27 w_cons parameters to delta_max=0.1000 bound.
2026-08-11 21:12:28 | sleep.weights.plasticity       | INFO  | Hard-clipped 27 w_cons parameters to delta_max=0.1000 bound.
2026-08-11 21:12:28 | sleep.weights.plasticity       | INFO  | Hard-clipped 27 w_cons parameters to delta_max=0.1000 bound.
2026-08-11 21:12:28 | sleep.weights.plasticity       | INFO  | Hard-clipped 27 w_cons parameters to delta_max=0.1000 bound.
2026-08-11 21:12:28 | sleep.weights.plasticity       | INFO  | Hard-clipped 27 w_cons parameters to delta_max=0.1000 bound.
2026-08-11 21:12:28 | sleep.weights.plasticity       | INFO  | Hard-clipped 27 w_cons parameters to delta_max=0.1000 bound.
2026-08-11 21:12:29 | sleep.weights.plasticity       | INFO  | Hard-clipped 27 w_cons parameters to delta_max=0.1000 bound.
2026-08-11 21:12:29 | sleep.weights.plasticity       | INFO  | Hard-clipped 26 w_cons parameters to delta_max=0.1000 bound.
2026-08-11 21:12:29 | sleep.weights.plasticity       | INFO  | Hard-clipped 26 w_cons parameters to delta_max=0.1000 bound.
2026-08-11 21:12:29 | sleep.weights.plasticity       | INFO  | Hard-clipped 25 w_cons parameters to delta_max=0.1000 bound.
2026-08-11 21:12:29 | sleep.weights.plasticity       | INFO  | Hard-clipped 25 w_cons parameters to delta_max=0.1000 bound.
2026-08-11 21:12:29 | sleep.weights.plasticity       | INFO  | Hard-clipped 25 w_cons parameters to delta_max=0.1000 bound.
2026-08-11 21:12:29 | sleep.weights.plasticity       | INFO  | Hard-clipped 26 w_cons parameters to delta_max=0.1000 bound.
2026-08-11 21:12:30 | sleep.weights.plasticity       | INFO  | Hard-clipped 26 w_cons parameters to delta_max=0.1000 bound.
2026-08-11 21:12:30 | sleep.weights.plasticity       | INFO  | Hard-clipped 26 w_cons parameters to delta_max=0.1000 bound.
2026-08-11 21:12:30 | sleep.weights.plasticity       | INFO  | Hard-clipped 26 w_cons parameters to delta_max=0.1000 bound.
2026-08-11 21:12:30 | sleep.weights.plasticity       | INFO  | Hard-clipped 26 w_cons parameters to delta_max=0.1000 bound.
2026-08-11 21:12:30 | sleep.weights.plasticity       | INFO  | Hard-clipped 26 w_cons parameters to delta_max=0.1000 bound.
2026-08-11 21:12:30 | sleep.weights.plasticity       | INFO  | Hard-clipped 26 w_cons parameters to delta_max=0.1000 bound.
2026-08-11 21:12:30 | sleep.weights.plasticity       | INFO  | Hard-clipped 27 w_cons parameters to delta_max=0.1000 bound.
2026-08-11 21:12:31 | sleep.weights.plasticity       | INFO  | Hard-clipped 27 w_cons parameters to delta_max=0.1000 bound.
2026-08-11 21:12:31 | sleep.weights.plasticity       | INFO  | Hard-clipped 27 w_cons parameters to delta_max=0.1000 bound.
2026-08-11 21:12:31 | sleep.weights.plasticity       | INFO  | Hard-clipped 26 w_cons parameters to delta_max=0.1000 bound.
2026-08-11 21:12:31 | sleep.weights.plasticity       | INFO  | Hard-clipped 27 w_cons parameters to delta_max=0.1000 bound.
2026-08-11 21:12:31 | sleep.weights.plasticity       | INFO  | Hard-clipped 27 w_cons parameters to delta_max=0.1000 bound.
2026-08-11 21:12:31 | sleep.weights.plasticity       | INFO  | Hard-clipped 27 w_cons parameters to delta_max=0.1000 bound.
2026-08-11 21:12:31 | sleep.weights.plasticity       | INFO  | Hard-clipped 27 w_cons parameters to delta_max=0.1000 bound.
2026-08-11 21:12:32 | sleep.weights.plasticity       | INFO  | Hard-clipped 27 w_cons parameters to delta_max=0.1000 bound.
2026-08-11 21:12:32 | sleep.weights.plasticity       | INFO  | Hard-clipped 27 w_cons parameters to delta_max=0.1000 bound.
2026-08-11 21:12:32 | sleep.weights.plasticity       | INFO  | Hard-clipped 27 w_cons parameters to delta_max=0.1000 bound.
2026-08-11 21:12:32 | sleep.weights.plasticity       | INFO  | Hard-clipped 27 w_cons parameters to delta_max=0.1000 bound.
2026-08-11 21:12:32 | sleep.weights.plasticity       | INFO  | Hard-clipped 27 w_cons parameters to delta_max=0.1000 bound.
2026-08-11 21:12:32 | sleep.weights.plasticity       | INFO  | Hard-clipped 27 w_cons parameters to delta_max=0.1000 bound.
2026-08-11 21:12:32 | sleep.weights.plasticity       | INFO  | Hard-clipped 27 w_cons parameters to delta_max=0.1000 bound.
2026-08-11 21:12:33 | sleep.weights.plasticity       | INFO  | Hard-clipped 28 w_cons parameters to delta_max=0.1000 bound.
2026-08-11 21:12:33 | sleep.weights.plasticity       | INFO  | Hard-clipped 28 w_cons parameters to delta_max=0.1000 bound.
2026-08-11 21:12:33 | sleep.weights.plasticity       | INFO  | Hard-clipped 28 w_cons parameters to delta_max=0.1000 bound.
2026-08-11 21:12:33 | sleep.weights.plasticity       | INFO  | Hard-clipped 28 w_cons parameters to delta_max=0.1000 bound.
2026-08-11 21:12:33 | sleep.weights.plasticity       | INFO  | Hard-clipped 28 w_cons parameters to delta_max=0.1000 bound.
2026-08-11 21:12:33 | sleep.weights.plasticity       | INFO  | Hard-clipped 28 w_cons parameters to delta_max=0.1000 bound.
2026-08-11 21:12:33 | sleep.weights.plasticity       | INFO  | Hard-clipped 28 w_cons parameters to delta_max=0.1000 bound.
2026-08-11 21:12:34 | sleep.weights.plasticity       | INFO  | Hard-clipped 28 w_cons parameters to delta_max=0.1000 bound.
2026-08-11 21:12:34 | sleep.weights.plasticity       | INFO  | Hard-clipped 28 w_cons parameters to delta_max=0.1000 bound.
2026-08-11 21:12:34 | sleep.weights.plasticity       | INFO  | Hard-clipped 28 w_cons parameters to delta_max=0.1000 bound.
2026-08-11 21:12:34 | sleep.weights.plasticity       | INFO  | Hard-clipped 27 w_cons parameters to delta_max=0.1000 bound.
2026-08-11 21:12:34 | sleep.weights.plasticity       | INFO  | Hard-clipped 24 w_cons parameters to delta_max=0.1000 bound.
2026-08-11 21:12:34 | sleep.weights.plasticity       | INFO  | Hard-clipped 23 w_cons parameters to delta_max=0.1000 bound.
2026-08-11 21:12:34 | sleep.weights.plasticity       | INFO  | Hard-clipped 25 w_cons parameters to delta_max=0.1000 bound.
2026-08-11 21:12:35 | sleep.weights.plasticity       | INFO  | Hard-clipped 26 w_cons parameters to delta_max=0.1000 bound.
2026-08-11 21:12:35 | sleep.weights.plasticity       | INFO  | Hard-clipped 27 w_cons parameters to delta_max=0.1000 bound.
2026-08-11 21:12:35 | sleep.weights.plasticity       | INFO  | Hard-clipped 28 w_cons parameters to delta_max=0.1000 bound.
2026-08-11 21:12:35 | sleep.weights.plasticity       | INFO  | Hard-clipped 28 w_cons parameters to delta_max=0.1000 bound.
2026-08-11 21:12:35 | sleep.weights.plasticity       | INFO  | Hard-clipped 28 w_cons parameters to delta_max=0.1000 bound.
2026-08-11 21:12:35 | sleep.weights.plasticity       | INFO  | Hard-clipped 28 w_cons parameters to delta_max=0.1000 bound.
2026-08-11 21:12:36 | sleep.weights.plasticity       | INFO  | Hard-clipped 28 w_cons parameters to delta_max=0.1000 bound.
2026-08-11 21:12:36 | sleep.weights.plasticity       | INFO  | Hard-clipped 28 w_cons parameters to delta_max=0.1000 bound.
2026-08-11 21:12:36 | sleep.weights.plasticity       | INFO  | Hard-clipped 28 w_cons parameters to delta_max=0.1000 bound.
2026-08-11 21:12:36 | sleep.weights.plasticity       | INFO  | Hard-clipped 28 w_cons parameters to delta_max=0.1000 bound.
2026-08-11 21:12:36 | sleep.weights.plasticity       | INFO  | Hard-clipped 28 w_cons parameters to delta_max=0.1000 bound.
2026-08-11 21:12:36 | sleep.weights.plasticity       | INFO  | Hard-clipped 28 w_cons parameters to delta_max=0.1000 bound.
2026-08-11 21:12:36 | sleep.weights.plasticity       | INFO  | Hard-clipped 28 w_cons parameters to delta_max=0.1000 bound.
2026-08-11 21:12:36 | sleep.sleep_engine.train       | INFO  |   distill step 450/1500 | loss=0.9865 (kl=0.5438 ce=0.8855) | lr=8.83e-05
2026-08-11 21:12:37 | sleep.weights.plasticity       | INFO  | Hard-clipped 28 w_cons parameters to delta_max=0.1000 bound.
2026-08-11 21:12:37 | sleep.weights.plasticity       | INFO  | Hard-clipped 28 w_cons parameters to delta_max=0.1000 bound.
2026-08-11 21:12:37 | sleep.weights.plasticity       | INFO  | Hard-clipped 28 w_cons parameters to delta_max=0.1000 bound.
2026-08-11 21:12:37 | sleep.weights.plasticity       | INFO  | Hard-clipped 28 w_cons parameters to delta_max=0.1000 bound.
2026-08-11 21:12:37 | sleep.weights.plasticity       | INFO  | Hard-clipped 28 w_cons parameters to delta_max=0.1000 bound.
2026-08-11 21:12:37 | sleep.weights.plasticity       | INFO  | Hard-clipped 28 w_cons parameters to delta_max=0.1000 bound.
2026-08-11 21:12:37 | sleep.weights.plasticity       | INFO  | Hard-clipped 29 w_cons parameters to delta_max=0.1000 bound.
2026-08-11 21:12:38 | sleep.weights.plasticity       | INFO  | Hard-clipped 29 w_cons parameters to delta_max=0.1000 bound.
2026-08-11 21:12:38 | sleep.weights.plasticity       | INFO  | Hard-clipped 29 w_cons parameters to delta_max=0.1000 bound.
2026-08-11 21:12:38 | sleep.weights.plasticity       | INFO  | Hard-clipped 27 w_cons parameters to delta_max=0.1000 bound.
2026-08-11 21:12:38 | sleep.weights.plasticity       | INFO  | Hard-clipped 27 w_cons parameters to delta_max=0.1000 bound.
2026-08-11 21:12:38 | sleep.weights.plasticity       | INFO  | Hard-clipped 28 w_cons parameters to delta_max=0.1000 bound.
2026-08-11 21:12:38 | sleep.weights.plasticity       | INFO  | Hard-clipped 28 w_cons parameters to delta_max=0.1000 bound.
2026-08-11 21:12:38 | sleep.weights.plasticity       | INFO  | Hard-clipped 28 w_cons parameters to delta_max=0.1000 bound.
2026-08-11 21:12:39 | sleep.weights.plasticity       | INFO  | Hard-clipped 28 w_cons parameters to delta_max=0.1000 bound.
2026-08-11 21:12:39 | sleep.weights.plasticity       | INFO  | Hard-clipped 28 w_cons parameters to delta_max=0.1000 bound.
2026-08-11 21:12:39 | sleep.weights.plasticity       | INFO  | Hard-clipped 29 w_cons parameters to delta_max=0.1000 bound.
2026-08-11 21:12:39 | sleep.weights.plasticity       | INFO  | Hard-clipped 29 w_cons parameters to delta_max=0.1000 bound.
2026-08-11 21:12:39 | sleep.weights.plasticity       | INFO  | Hard-clipped 29 w_cons parameters to delta_max=0.1000 bound.
2026-08-11 21:12:39 | sleep.weights.plasticity       | INFO  | Hard-clipped 29 w_cons parameters to delta_max=0.1000 bound.
2026-08-11 21:12:39 | sleep.weights.plasticity       | INFO  | Hard-clipped 29 w_cons parameters to delta_max=0.1000 bound.
2026-08-11 21:12:40 | sleep.weights.plasticity       | INFO  | Hard-clipped 29 w_cons parameters to delta_max=0.1000 bound.
2026-08-11 21:12:40 | sleep.weights.plasticity       | INFO  | Hard-clipped 29 w_cons parameters to delta_max=0.1000 bound.
2026-08-11 21:12:40 | sleep.weights.plasticity       | INFO  | Hard-clipped 29 w_cons parameters to delta_max=0.1000 bound.
2026-08-11 21:12:40 | sleep.weights.plasticity       | INFO  | Hard-clipped 29 w_cons parameters to delta_max=0.1000 bound.
2026-08-11 21:12:40 | sleep.weights.plasticity       | INFO  | Hard-clipped 29 w_cons parameters to delta_max=0.1000 bound.
2026-08-11 21:12:40 | sleep.weights.plasticity       | INFO  | Hard-clipped 29 w_cons parameters to delta_max=0.1000 bound.
2026-08-11 21:12:40 | sleep.weights.plasticity       | INFO  | Hard-clipped 29 w_cons parameters to delta_max=0.1000 bound.
2026-08-11 21:12:41 | sleep.weights.plasticity       | INFO  | Hard-clipped 29 w_cons parameters to delta_max=0.1000 bound.
2026-08-11 21:12:41 | sleep.weights.plasticity       | INFO  | Hard-clipped 29 w_cons parameters to delta_max=0.1000 bound.
2026-08-11 21:12:41 | sleep.weights.plasticity       | INFO  | Hard-clipped 29 w_cons parameters to delta_max=0.1000 bound.
2026-08-11 21:12:41 | sleep.weights.plasticity       | INFO  | Hard-clipped 29 w_cons parameters to delta_max=0.1000 bound.
2026-08-11 21:12:41 | sleep.weights.plasticity       | INFO  | Hard-clipped 30 w_cons parameters to delta_max=0.1000 bound.
2026-08-11 21:12:41 | sleep.weights.plasticity       | INFO  | Hard-clipped 30 w_cons parameters to delta_max=0.1000 bound.
2026-08-11 21:12:41 | sleep.weights.plasticity       | INFO  | Hard-clipped 29 w_cons parameters to delta_max=0.1000 bound.
2026-08-11 21:12:42 | sleep.weights.plasticity       | INFO  | Hard-clipped 25 w_cons parameters to delta_max=0.1000 bound.
2026-08-11 21:12:42 | sleep.weights.plasticity       | INFO  | Hard-clipped 24 w_cons parameters to delta_max=0.1000 bound.
2026-08-11 21:12:42 | sleep.weights.plasticity       | INFO  | Hard-clipped 25 w_cons parameters to delta_max=0.1000 bound.
2026-08-11 21:12:42 | sleep.weights.plasticity       | INFO  | Hard-clipped 26 w_cons parameters to delta_max=0.1000 bound.
2026-08-11 21:12:42 | sleep.weights.plasticity       | INFO  | Hard-clipped 26 w_cons parameters to delta_max=0.1000 bound.
2026-08-11 21:12:42 | sleep.weights.plasticity       | INFO  | Hard-clipped 26 w_cons parameters to delta_max=0.1000 bound.
2026-08-11 21:12:42 | sleep.weights.plasticity       | INFO  | Hard-clipped 26 w_cons parameters to delta_max=0.1000 bound.
2026-08-11 21:12:43 | sleep.weights.plasticity       | INFO  | Hard-clipped 26 w_cons parameters to delta_max=0.1000 bound.
2026-08-11 21:12:43 | sleep.weights.plasticity       | INFO  | Hard-clipped 27 w_cons parameters to delta_max=0.1000 bound.
2026-08-11 21:12:43 | sleep.weights.plasticity       | INFO  | Hard-clipped 30 w_cons parameters to delta_max=0.1000 bound.
2026-08-11 21:12:43 | sleep.weights.plasticity       | INFO  | Hard-clipped 31 w_cons parameters to delta_max=0.1000 bound.
2026-08-11 21:12:43 | sleep.weights.plasticity       | INFO  | Hard-clipped 31 w_cons parameters to delta_max=0.1000 bound.
2026-08-11 21:12:43 | sleep.weights.plasticity       | INFO  | Hard-clipped 31 w_cons parameters to delta_max=0.1000 bound.
2026-08-11 21:12:43 | sleep.weights.plasticity       | INFO  | Hard-clipped 31 w_cons parameters to delta_max=0.1000 bound.
2026-08-11 21:12:44 | sleep.weights.plasticity       | INFO  | Hard-clipped 31 w_cons parameters to delta_max=0.1000 bound.
2026-08-11 21:12:44 | sleep.weights.plasticity       | INFO  | Hard-clipped 31 w_cons parameters to delta_max=0.1000 bound.
2026-08-11 21:12:44 | sleep.weights.plasticity       | INFO  | Hard-clipped 31 w_cons parameters to delta_max=0.1000 bound.
2026-08-11 21:12:44 | sleep.weights.plasticity       | INFO  | Hard-clipped 30 w_cons parameters to delta_max=0.1000 bound.
2026-08-11 21:12:44 | sleep.weights.plasticity       | INFO  | Hard-clipped 30 w_cons parameters to delta_max=0.1000 bound.
2026-08-11 21:12:44 | sleep.weights.plasticity       | INFO  | Hard-clipped 30 w_cons parameters to delta_max=0.1000 bound.
2026-08-11 21:12:44 | sleep.weights.plasticity       | INFO  | Hard-clipped 31 w_cons parameters to delta_max=0.1000 bound.
2026-08-11 21:12:45 | sleep.weights.plasticity       | INFO  | Hard-clipped 31 w_cons parameters to delta_max=0.1000 bound.
2026-08-11 21:12:45 | sleep.weights.plasticity       | INFO  | Hard-clipped 31 w_cons parameters to delta_max=0.1000 bound.
2026-08-11 21:12:45 | sleep.weights.plasticity       | INFO  | Hard-clipped 31 w_cons parameters to delta_max=0.1000 bound.
2026-08-11 21:12:45 | sleep.weights.plasticity       | INFO  | Hard-clipped 31 w_cons parameters to delta_max=0.1000 bound.
2026-08-11 21:12:45 | sleep.weights.plasticity       | INFO  | Hard-clipped 29 w_cons parameters to delta_max=0.1000 bound.
2026-08-11 21:12:45 | sleep.weights.plasticity       | INFO  | Hard-clipped 28 w_cons parameters to delta_max=0.1000 bound.
2026-08-11 21:12:45 | sleep.weights.plasticity       | INFO  | Hard-clipped 27 w_cons parameters to delta_max=0.1000 bound.
2026-08-11 21:12:46 | sleep.weights.plasticity       | INFO  | Hard-clipped 27 w_cons parameters to delta_max=0.1000 bound.
2026-08-11 21:12:46 | sleep.weights.plasticity       | INFO  | Hard-clipped 27 w_cons parameters to delta_max=0.1000 bound.
2026-08-11 21:12:46 | sleep.weights.plasticity       | INFO  | Hard-clipped 28 w_cons parameters to delta_max=0.1000 bound.
2026-08-11 21:12:46 | sleep.weights.plasticity       | INFO  | Hard-clipped 26 w_cons parameters to delta_max=0.1000 bound.
2026-08-11 21:12:46 | sleep.weights.plasticity       | INFO  | Hard-clipped 28 w_cons parameters to delta_max=0.1000 bound.
2026-08-11 21:12:46 | sleep.weights.plasticity       | INFO  | Hard-clipped 28 w_cons parameters to delta_max=0.1000 bound.
2026-08-11 21:12:47 | sleep.weights.plasticity       | INFO  | Hard-clipped 28 w_cons parameters to delta_max=0.1000 bound.
2026-08-11 21:12:47 | sleep.weights.plasticity       | INFO  | Hard-clipped 28 w_cons parameters to delta_max=0.1000 bound.
2026-08-11 21:12:47 | sleep.weights.plasticity       | INFO  | Hard-clipped 29 w_cons parameters to delta_max=0.1000 bound.
2026-08-11 21:12:47 | sleep.weights.plasticity       | INFO  | Hard-clipped 30 w_cons parameters to delta_max=0.1000 bound.
2026-08-11 21:12:47 | sleep.weights.plasticity       | INFO  | Hard-clipped 31 w_cons parameters to delta_max=0.1000 bound.
2026-08-11 21:12:47 | sleep.weights.plasticity       | INFO  | Hard-clipped 31 w_cons parameters to delta_max=0.1000 bound.
2026-08-11 21:12:47 | sleep.weights.plasticity       | INFO  | Hard-clipped 31 w_cons parameters to delta_max=0.1000 bound.
2026-08-11 21:12:48 | sleep.weights.plasticity       | INFO  | Hard-clipped 31 w_cons parameters to delta_max=0.1000 bound.
2026-08-11 21:12:48 | sleep.weights.plasticity       | INFO  | Hard-clipped 31 w_cons parameters to delta_max=0.1000 bound.
2026-08-11 21:12:48 | sleep.weights.plasticity       | INFO  | Hard-clipped 31 w_cons parameters to delta_max=0.1000 bound.
2026-08-11 21:12:48 | sleep.weights.plasticity       | INFO  | Hard-clipped 30 w_cons parameters to delta_max=0.1000 bound.
2026-08-11 21:12:48 | sleep.weights.plasticity       | INFO  | Hard-clipped 26 w_cons parameters to delta_max=0.1000 bound.
2026-08-11 21:12:48 | sleep.weights.plasticity       | INFO  | Hard-clipped 23 w_cons parameters to delta_max=0.1000 bound.
2026-08-11 21:12:48 | sleep.weights.plasticity       | INFO  | Hard-clipped 22 w_cons parameters to delta_max=0.1000 bound.
2026-08-11 21:12:49 | sleep.weights.plasticity       | INFO  | Hard-clipped 21 w_cons parameters to delta_max=0.1000 bound.
2026-08-11 21:12:49 | sleep.weights.plasticity       | INFO  | Hard-clipped 22 w_cons parameters to delta_max=0.1000 bound.
2026-08-11 21:12:49 | sleep.weights.plasticity       | INFO  | Hard-clipped 22 w_cons parameters to delta_max=0.1000 bound.
2026-08-11 21:12:49 | sleep.weights.plasticity       | INFO  | Hard-clipped 22 w_cons parameters to delta_max=0.1000 bound.
2026-08-11 21:12:49 | sleep.weights.plasticity       | INFO  | Hard-clipped 25 w_cons parameters to delta_max=0.1000 bound.
2026-08-11 21:12:49 | sleep.weights.plasticity       | INFO  | Hard-clipped 26 w_cons parameters to delta_max=0.1000 bound.
2026-08-11 21:12:50 | sleep.weights.plasticity       | INFO  | Hard-clipped 26 w_cons parameters to delta_max=0.1000 bound.
2026-08-11 21:12:50 | sleep.weights.plasticity       | INFO  | Hard-clipped 27 w_cons parameters to delta_max=0.1000 bound.
2026-08-11 21:12:50 | sleep.weights.plasticity       | INFO  | Hard-clipped 30 w_cons parameters to delta_max=0.1000 bound.
2026-08-11 21:12:50 | sleep.weights.plasticity       | INFO  | Hard-clipped 31 w_cons parameters to delta_max=0.1000 bound.
2026-08-11 21:12:50 | sleep.weights.plasticity       | INFO  | Hard-clipped 31 w_cons parameters to delta_max=0.1000 bound.
2026-08-11 21:12:50 | sleep.weights.plasticity       | INFO  | Hard-clipped 31 w_cons parameters to delta_max=0.1000 bound.
2026-08-11 21:12:50 | sleep.weights.plasticity       | INFO  | Hard-clipped 32 w_cons parameters to delta_max=0.1000 bound.
2026-08-11 21:12:51 | sleep.weights.plasticity       | INFO  | Hard-clipped 33 w_cons parameters to delta_max=0.1000 bound.
2026-08-11 21:12:51 | sleep.weights.plasticity       | INFO  | Hard-clipped 32 w_cons parameters to delta_max=0.1000 bound.
2026-08-11 21:12:51 | sleep.weights.plasticity       | INFO  | Hard-clipped 32 w_cons parameters to delta_max=0.1000 bound.
2026-08-11 21:12:51 | sleep.weights.plasticity       | INFO  | Hard-clipped 32 w_cons parameters to delta_max=0.1000 bound.
2026-08-11 21:12:51 | sleep.weights.plasticity       | INFO  | Hard-clipped 32 w_cons parameters to delta_max=0.1000 bound.
2026-08-11 21:12:51 | sleep.weights.plasticity       | INFO  | Hard-clipped 32 w_cons parameters to delta_max=0.1000 bound.
2026-08-11 21:12:52 | sleep.weights.plasticity       | INFO  | Hard-clipped 32 w_cons parameters to delta_max=0.1000 bound.
2026-08-11 21:12:52 | sleep.weights.plasticity       | INFO  | Hard-clipped 32 w_cons parameters to delta_max=0.1000 bound.
2026-08-11 21:12:52 | sleep.weights.plasticity       | INFO  | Hard-clipped 27 w_cons parameters to delta_max=0.1000 bound.
2026-08-11 21:12:52 | sleep.weights.plasticity       | INFO  | Hard-clipped 27 w_cons parameters to delta_max=0.1000 bound.
2026-08-11 21:12:52 | sleep.weights.plasticity       | INFO  | Hard-clipped 28 w_cons parameters to delta_max=0.1000 bound.
2026-08-11 21:12:52 | sleep.weights.plasticity       | INFO  | Hard-clipped 28 w_cons parameters to delta_max=0.1000 bound.
2026-08-11 21:12:52 | sleep.weights.plasticity       | INFO  | Hard-clipped 28 w_cons parameters to delta_max=0.1000 bound.
2026-08-11 21:12:53 | sleep.weights.plasticity       | INFO  | Hard-clipped 28 w_cons parameters to delta_max=0.1000 bound.
2026-08-11 21:12:53 | sleep.weights.plasticity       | INFO  | Hard-clipped 28 w_cons parameters to delta_max=0.1000 bound.
2026-08-11 21:12:53 | sleep.weights.plasticity       | INFO  | Hard-clipped 29 w_cons parameters to delta_max=0.1000 bound.
2026-08-11 21:12:53 | sleep.weights.plasticity       | INFO  | Hard-clipped 29 w_cons parameters to delta_max=0.1000 bound.
2026-08-11 21:12:53 | sleep.weights.plasticity       | INFO  | Hard-clipped 29 w_cons parameters to delta_max=0.1000 bound.
2026-08-11 21:12:53 | sleep.weights.plasticity       | INFO  | Hard-clipped 30 w_cons parameters to delta_max=0.1000 bound.
2026-08-11 21:12:53 | sleep.weights.plasticity       | INFO  | Hard-clipped 30 w_cons parameters to delta_max=0.1000 bound.
2026-08-11 21:12:54 | sleep.weights.plasticity       | INFO  | Hard-clipped 30 w_cons parameters to delta_max=0.1000 bound.
2026-08-11 21:12:54 | sleep.weights.plasticity       | INFO  | Hard-clipped 30 w_cons parameters to delta_max=0.1000 bound.
2026-08-11 21:12:54 | sleep.weights.plasticity       | INFO  | Hard-clipped 30 w_cons parameters to delta_max=0.1000 bound.
2026-08-11 21:12:54 | sleep.weights.plasticity       | INFO  | Hard-clipped 32 w_cons parameters to delta_max=0.1000 bound.
2026-08-11 21:12:54 | sleep.weights.plasticity       | INFO  | Hard-clipped 32 w_cons parameters to delta_max=0.1000 bound.
2026-08-11 21:12:54 | sleep.weights.plasticity       | INFO  | Hard-clipped 34 w_cons parameters to delta_max=0.1000 bound.
2026-08-11 21:12:54 | sleep.weights.plasticity       | INFO  | Hard-clipped 34 w_cons parameters to delta_max=0.1000 bound.
2026-08-11 21:12:55 | sleep.weights.plasticity       | INFO  | Hard-clipped 34 w_cons parameters to delta_max=0.1000 bound.
2026-08-11 21:12:55 | sleep.weights.plasticity       | INFO  | Hard-clipped 34 w_cons parameters to delta_max=0.1000 bound.
2026-08-11 21:12:55 | sleep.weights.plasticity       | INFO  | Hard-clipped 33 w_cons parameters to delta_max=0.1000 bound.
2026-08-11 21:12:55 | sleep.weights.plasticity       | INFO  | Hard-clipped 33 w_cons parameters to delta_max=0.1000 bound.
2026-08-11 21:12:55 | sleep.weights.plasticity       | INFO  | Hard-clipped 33 w_cons parameters to delta_max=0.1000 bound.
2026-08-11 21:12:55 | sleep.weights.plasticity       | INFO  | Hard-clipped 33 w_cons parameters to delta_max=0.1000 bound.
2026-08-11 21:12:56 | sleep.weights.plasticity       | INFO  | Hard-clipped 34 w_cons parameters to delta_max=0.1000 bound.
2026-08-11 21:12:56 | sleep.weights.plasticity       | INFO  | Hard-clipped 34 w_cons parameters to delta_max=0.1000 bound.
2026-08-11 21:12:56 | sleep.weights.plasticity       | INFO  | Hard-clipped 34 w_cons parameters to delta_max=0.1000 bound.
2026-08-11 21:12:56 | sleep.weights.plasticity       | INFO  | Hard-clipped 34 w_cons parameters to delta_max=0.1000 bound.
2026-08-11 21:12:56 | sleep.weights.plasticity       | INFO  | Hard-clipped 34 w_cons parameters to delta_max=0.1000 bound.
2026-08-11 21:12:56 | sleep.weights.plasticity       | INFO  | Hard-clipped 34 w_cons parameters to delta_max=0.1000 bound.
2026-08-11 21:12:56 | sleep.weights.plasticity       | INFO  | Hard-clipped 34 w_cons parameters to delta_max=0.1000 bound.
2026-08-11 21:12:57 | sleep.weights.plasticity       | INFO  | Hard-clipped 34 w_cons parameters to delta_max=0.1000 bound.
2026-08-11 21:12:57 | sleep.weights.plasticity       | INFO  | Hard-clipped 34 w_cons parameters to delta_max=0.1000 bound.
2026-08-11 21:12:57 | sleep.weights.plasticity       | INFO  | Hard-clipped 33 w_cons parameters to delta_max=0.1000 bound.
2026-08-11 21:12:57 | sleep.weights.plasticity       | INFO  | Hard-clipped 33 w_cons parameters to delta_max=0.1000 bound.
2026-08-11 21:12:57 | sleep.weights.plasticity       | INFO  | Hard-clipped 32 w_cons parameters to delta_max=0.1000 bound.
2026-08-11 21:12:57 | sleep.weights.plasticity       | INFO  | Hard-clipped 30 w_cons parameters to delta_max=0.1000 bound.
2026-08-11 21:12:57 | sleep.weights.plasticity       | INFO  | Hard-clipped 27 w_cons parameters to delta_max=0.1000 bound.
2026-08-11 21:12:58 | sleep.weights.plasticity       | INFO  | Hard-clipped 31 w_cons parameters to delta_max=0.1000 bound.
2026-08-11 21:12:58 | sleep.weights.plasticity       | INFO  | Hard-clipped 33 w_cons parameters to delta_max=0.1000 bound.
2026-08-11 21:12:58 | sleep.weights.plasticity       | INFO  | Hard-clipped 34 w_cons parameters to delta_max=0.1000 bound.
2026-08-11 21:12:58 | sleep.weights.plasticity       | INFO  | Hard-clipped 34 w_cons parameters to delta_max=0.1000 bound.
2026-08-11 21:12:58 | sleep.weights.plasticity       | INFO  | Hard-clipped 34 w_cons parameters to delta_max=0.1000 bound.
2026-08-11 21:12:58 | sleep.weights.plasticity       | INFO  | Hard-clipped 34 w_cons parameters to delta_max=0.1000 bound.
2026-08-11 21:12:58 | sleep.weights.plasticity       | INFO  | Hard-clipped 34 w_cons parameters to delta_max=0.1000 bound.
2026-08-11 21:12:58 | sleep.sleep_engine.train       | INFO  |   distill step 600/1500 | loss=1.0339 (kl=0.5661 ce=0.9357) | lr=7.50e-05
2026-08-11 21:12:59 | sleep.weights.plasticity       | INFO  | Hard-clipped 34 w_cons parameters to delta_max=0.1000 bound.
2026-08-11 21:12:59 | sleep.weights.plasticity       | INFO  | Hard-clipped 34 w_cons parameters to delta_max=0.1000 bound.
2026-08-11 21:12:59 | sleep.weights.plasticity       | INFO  | Hard-clipped 34 w_cons parameters to delta_max=0.1000 bound.
2026-08-11 21:12:59 | sleep.weights.plasticity       | INFO  | Hard-clipped 32 w_cons parameters to delta_max=0.1000 bound.
2026-08-11 21:12:59 | sleep.weights.plasticity       | INFO  | Hard-clipped 33 w_cons parameters to delta_max=0.1000 bound.
2026-08-11 21:12:59 | sleep.weights.plasticity       | INFO  | Hard-clipped 33 w_cons parameters to delta_max=0.1000 bound.
2026-08-11 21:12:59 | sleep.weights.plasticity       | INFO  | Hard-clipped 33 w_cons parameters to delta_max=0.1000 bound.
2026-08-11 21:13:00 | sleep.weights.plasticity       | INFO  | Hard-clipped 34 w_cons parameters to delta_max=0.1000 bound.
2026-08-11 21:13:00 | sleep.weights.plasticity       | INFO  | Hard-clipped 34 w_cons parameters to delta_max=0.1000 bound.
2026-08-11 21:13:00 | sleep.weights.plasticity       | INFO  | Hard-clipped 34 w_cons parameters to delta_max=0.1000 bound.
2026-08-11 21:13:00 | sleep.weights.plasticity       | INFO  | Hard-clipped 34 w_cons parameters to delta_max=0.1000 bound.
2026-08-11 21:13:00 | sleep.weights.plasticity       | INFO  | Hard-clipped 34 w_cons parameters to delta_max=0.1000 bound.
2026-08-11 21:13:00 | sleep.weights.plasticity       | INFO  | Hard-clipped 34 w_cons parameters to delta_max=0.1000 bound.
2026-08-11 21:13:00 | sleep.weights.plasticity       | INFO  | Hard-clipped 34 w_cons parameters to delta_max=0.1000 bound.
2026-08-11 21:13:01 | sleep.weights.plasticity       | INFO  | Hard-clipped 34 w_cons parameters to delta_max=0.1000 bound.
2026-08-11 21:13:01 | sleep.weights.plasticity       | INFO  | Hard-clipped 34 w_cons parameters to delta_max=0.1000 bound.
2026-08-11 21:13:01 | sleep.weights.plasticity       | INFO  | Hard-clipped 34 w_cons parameters to delta_max=0.1000 bound.
2026-08-11 21:13:01 | sleep.weights.plasticity       | INFO  | Hard-clipped 34 w_cons parameters to delta_max=0.1000 bound.
2026-08-11 21:13:01 | sleep.weights.plasticity       | INFO  | Hard-clipped 34 w_cons parameters to delta_max=0.1000 bound.
2026-08-11 21:13:01 | sleep.weights.plasticity       | INFO  | Hard-clipped 33 w_cons parameters to delta_max=0.1000 bound.
2026-08-11 21:13:01 | sleep.weights.plasticity       | INFO  | Hard-clipped 33 w_cons parameters to delta_max=0.1000 bound.
2026-08-11 21:13:02 | sleep.weights.plasticity       | INFO  | Hard-clipped 32 w_cons parameters to delta_max=0.1000 bound.
2026-08-11 21:13:02 | sleep.weights.plasticity       | INFO  | Hard-clipped 32 w_cons parameters to delta_max=0.1000 bound.
2026-08-11 21:13:02 | sleep.weights.plasticity       | INFO  | Hard-clipped 32 w_cons parameters to delta_max=0.1000 bound.
2026-08-11 21:13:02 | sleep.weights.plasticity       | INFO  | Hard-clipped 31 w_cons parameters to delta_max=0.1000 bound.
2026-08-11 21:13:02 | sleep.weights.plasticity       | INFO  | Hard-clipped 32 w_cons parameters to delta_max=0.1000 bound.
2026-08-11 21:13:02 | sleep.weights.plasticity       | INFO  | Hard-clipped 32 w_cons parameters to delta_max=0.1000 bound.
2026-08-11 21:13:02 | sleep.weights.plasticity       | INFO  | Hard-clipped 32 w_cons parameters to delta_max=0.1000 bound.
2026-08-11 21:13:03 | sleep.weights.plasticity       | INFO  | Hard-clipped 32 w_cons parameters to delta_max=0.1000 bound.
2026-08-11 21:13:03 | sleep.weights.plasticity       | INFO  | Hard-clipped 32 w_cons parameters to delta_max=0.1000 bound.
2026-08-11 21:13:03 | sleep.weights.plasticity       | INFO  | Hard-clipped 32 w_cons parameters to delta_max=0.1000 bound.
2026-08-11 21:13:03 | sleep.weights.plasticity       | INFO  | Hard-clipped 32 w_cons parameters to delta_max=0.1000 bound.
2026-08-11 21:13:03 | sleep.weights.plasticity       | INFO  | Hard-clipped 32 w_cons parameters to delta_max=0.1000 bound.
2026-08-11 21:13:03 | sleep.weights.plasticity       | INFO  | Hard-clipped 32 w_cons parameters to delta_max=0.1000 bound.
2026-08-11 21:13:03 | sleep.weights.plasticity       | INFO  | Hard-clipped 32 w_cons parameters to delta_max=0.1000 bound.
2026-08-11 21:13:04 | sleep.weights.plasticity       | INFO  | Hard-clipped 33 w_cons parameters to delta_max=0.1000 bound.
2026-08-11 21:13:04 | sleep.weights.plasticity       | INFO  | Hard-clipped 33 w_cons parameters to delta_max=0.1000 bound.
2026-08-11 21:13:04 | sleep.weights.plasticity       | INFO  | Hard-clipped 32 w_cons parameters to delta_max=0.1000 bound.
2026-08-11 21:13:04 | sleep.weights.plasticity       | INFO  | Hard-clipped 33 w_cons parameters to delta_max=0.1000 bound.
2026-08-11 21:13:04 | sleep.weights.plasticity       | INFO  | Hard-clipped 33 w_cons parameters to delta_max=0.1000 bound.
2026-08-11 21:13:04 | sleep.weights.plasticity       | INFO  | Hard-clipped 33 w_cons parameters to delta_max=0.1000 bound.
2026-08-11 21:13:05 | sleep.weights.plasticity       | INFO  | Hard-clipped 33 w_cons parameters to delta_max=0.1000 bound.
2026-08-11 21:13:05 | sleep.weights.plasticity       | INFO  | Hard-clipped 33 w_cons parameters to delta_max=0.1000 bound.
2026-08-11 21:13:05 | sleep.weights.plasticity       | INFO  | Hard-clipped 33 w_cons parameters to delta_max=0.1000 bound.
2026-08-11 21:13:05 | sleep.weights.plasticity       | INFO  | Hard-clipped 33 w_cons parameters to delta_max=0.1000 bound.
2026-08-11 21:13:05 | sleep.weights.plasticity       | INFO  | Hard-clipped 34 w_cons parameters to delta_max=0.1000 bound.
2026-08-11 21:13:05 | sleep.weights.plasticity       | INFO  | Hard-clipped 34 w_cons parameters to delta_max=0.1000 bound.
2026-08-11 21:13:05 | sleep.weights.plasticity       | INFO  | Hard-clipped 34 w_cons parameters to delta_max=0.1000 bound.
2026-08-11 21:13:06 | sleep.weights.plasticity       | INFO  | Hard-clipped 34 w_cons parameters to delta_max=0.1000 bound.
2026-08-11 21:13:06 | sleep.weights.plasticity       | INFO  | Hard-clipped 34 w_cons parameters to delta_max=0.1000 bound.
2026-08-11 21:13:06 | sleep.weights.plasticity       | INFO  | Hard-clipped 33 w_cons parameters to delta_max=0.1000 bound.
2026-08-11 21:13:06 | sleep.weights.plasticity       | INFO  | Hard-clipped 33 w_cons parameters to delta_max=0.1000 bound.
2026-08-11 21:13:06 | sleep.weights.plasticity       | INFO  | Hard-clipped 33 w_cons parameters to delta_max=0.1000 bound.
2026-08-11 21:13:06 | sleep.weights.plasticity       | INFO  | Hard-clipped 33 w_cons parameters to delta_max=0.1000 bound.
2026-08-11 21:13:06 | sleep.weights.plasticity       | INFO  | Hard-clipped 32 w_cons parameters to delta_max=0.1000 bound.
2026-08-11 21:13:07 | sleep.weights.plasticity       | INFO  | Hard-clipped 32 w_cons parameters to delta_max=0.1000 bound.
2026-08-11 21:13:07 | sleep.weights.plasticity       | INFO  | Hard-clipped 33 w_cons parameters to delta_max=0.1000 bound.
2026-08-11 21:13:07 | sleep.weights.plasticity       | INFO  | Hard-clipped 34 w_cons parameters to delta_max=0.1000 bound.
2026-08-11 21:13:07 | sleep.weights.plasticity       | INFO  | Hard-clipped 34 w_cons parameters to delta_max=0.1000 bound.
2026-08-11 21:13:07 | sleep.weights.plasticity       | INFO  | Hard-clipped 34 w_cons parameters to delta_max=0.1000 bound.
2026-08-11 21:13:07 | sleep.weights.plasticity       | INFO  | Hard-clipped 34 w_cons parameters to delta_max=0.1000 bound.
2026-08-11 21:13:07 | sleep.weights.plasticity       | INFO  | Hard-clipped 30 w_cons parameters to delta_max=0.1000 bound.
2026-08-11 21:13:08 | sleep.weights.plasticity       | INFO  | Hard-clipped 29 w_cons parameters to delta_max=0.1000 bound.
2026-08-11 21:13:08 | sleep.weights.plasticity       | INFO  | Hard-clipped 29 w_cons parameters to delta_max=0.1000 bound.
2026-08-11 21:13:08 | sleep.weights.plasticity       | INFO  | Hard-clipped 30 w_cons parameters to delta_max=0.1000 bound.
2026-08-11 21:13:08 | sleep.weights.plasticity       | INFO  | Hard-clipped 30 w_cons parameters to delta_max=0.1000 bound.
2026-08-11 21:13:08 | sleep.weights.plasticity       | INFO  | Hard-clipped 30 w_cons parameters to delta_max=0.1000 bound.
2026-08-11 21:13:08 | sleep.weights.plasticity       | INFO  | Hard-clipped 30 w_cons parameters to delta_max=0.1000 bound.
2026-08-11 21:13:08 | sleep.weights.plasticity       | INFO  | Hard-clipped 30 w_cons parameters to delta_max=0.1000 bound.
2026-08-11 21:13:09 | sleep.weights.plasticity       | INFO  | Hard-clipped 31 w_cons parameters to delta_max=0.1000 bound.
2026-08-11 21:13:09 | sleep.weights.plasticity       | INFO  | Hard-clipped 31 w_cons parameters to delta_max=0.1000 bound.
2026-08-11 21:13:09 | sleep.weights.plasticity       | INFO  | Hard-clipped 32 w_cons parameters to delta_max=0.1000 bound.
2026-08-11 21:13:09 | sleep.weights.plasticity       | INFO  | Hard-clipped 32 w_cons parameters to delta_max=0.1000 bound.
2026-08-11 21:13:09 | sleep.weights.plasticity       | INFO  | Hard-clipped 32 w_cons parameters to delta_max=0.1000 bound.
2026-08-11 21:13:09 | sleep.weights.plasticity       | INFO  | Hard-clipped 32 w_cons parameters to delta_max=0.1000 bound.
2026-08-11 21:13:09 | sleep.weights.plasticity       | INFO  | Hard-clipped 32 w_cons parameters to delta_max=0.1000 bound.
2026-08-11 21:13:10 | sleep.weights.plasticity       | INFO  | Hard-clipped 32 w_cons parameters to delta_max=0.1000 bound.
2026-08-11 21:13:10 | sleep.weights.plasticity       | INFO  | Hard-clipped 32 w_cons parameters to delta_max=0.1000 bound.
2026-08-11 21:13:10 | sleep.weights.plasticity       | INFO  | Hard-clipped 32 w_cons parameters to delta_max=0.1000 bound.
2026-08-11 21:13:10 | sleep.weights.plasticity       | INFO  | Hard-clipped 32 w_cons parameters to delta_max=0.1000 bound.
2026-08-11 21:13:10 | sleep.weights.plasticity       | INFO  | Hard-clipped 33 w_cons parameters to delta_max=0.1000 bound.
2026-08-11 21:13:10 | sleep.weights.plasticity       | INFO  | Hard-clipped 33 w_cons parameters to delta_max=0.1000 bound.
2026-08-11 21:13:10 | sleep.weights.plasticity       | INFO  | Hard-clipped 33 w_cons parameters to delta_max=0.1000 bound.
2026-08-11 21:13:11 | sleep.weights.plasticity       | INFO  | Hard-clipped 33 w_cons parameters to delta_max=0.1000 bound.
2026-08-11 21:13:11 | sleep.weights.plasticity       | INFO  | Hard-clipped 33 w_cons parameters to delta_max=0.1000 bound.
2026-08-11 21:13:11 | sleep.weights.plasticity       | INFO  | Hard-clipped 32 w_cons parameters to delta_max=0.1000 bound.
2026-08-11 21:13:11 | sleep.weights.plasticity       | INFO  | Hard-clipped 32 w_cons parameters to delta_max=0.1000 bound.
2026-08-11 21:13:11 | sleep.weights.plasticity       | INFO  | Hard-clipped 30 w_cons parameters to delta_max=0.1000 bound.
2026-08-11 21:13:11 | sleep.weights.plasticity       | INFO  | Hard-clipped 30 w_cons parameters to delta_max=0.1000 bound.
2026-08-11 21:13:11 | sleep.weights.plasticity       | INFO  | Hard-clipped 28 w_cons parameters to delta_max=0.1000 bound.
2026-08-11 21:13:12 | sleep.weights.plasticity       | INFO  | Hard-clipped 30 w_cons parameters to delta_max=0.1000 bound.
2026-08-11 21:13:12 | sleep.weights.plasticity       | INFO  | Hard-clipped 32 w_cons parameters to delta_max=0.1000 bound.
2026-08-11 21:13:12 | sleep.weights.plasticity       | INFO  | Hard-clipped 32 w_cons parameters to delta_max=0.1000 bound.
2026-08-11 21:13:12 | sleep.weights.plasticity       | INFO  | Hard-clipped 32 w_cons parameters to delta_max=0.1000 bound.
2026-08-11 21:13:12 | sleep.weights.plasticity       | INFO  | Hard-clipped 33 w_cons parameters to delta_max=0.1000 bound.
2026-08-11 21:13:12 | sleep.weights.plasticity       | INFO  | Hard-clipped 33 w_cons parameters to delta_max=0.1000 bound.
2026-08-11 21:13:12 | sleep.weights.plasticity       | INFO  | Hard-clipped 33 w_cons parameters to delta_max=0.1000 bound.
2026-08-11 21:13:13 | sleep.weights.plasticity       | INFO  | Hard-clipped 33 w_cons parameters to delta_max=0.1000 bound.
2026-08-11 21:13:13 | sleep.weights.plasticity       | INFO  | Hard-clipped 33 w_cons parameters to delta_max=0.1000 bound.
2026-08-11 21:13:13 | sleep.weights.plasticity       | INFO  | Hard-clipped 33 w_cons parameters to delta_max=0.1000 bound.
2026-08-11 21:13:13 | sleep.weights.plasticity       | INFO  | Hard-clipped 33 w_cons parameters to delta_max=0.1000 bound.
2026-08-11 21:13:13 | sleep.weights.plasticity       | INFO  | Hard-clipped 33 w_cons parameters to delta_max=0.1000 bound.
2026-08-11 21:13:13 | sleep.weights.plasticity       | INFO  | Hard-clipped 34 w_cons parameters to delta_max=0.1000 bound.
2026-08-11 21:13:13 | sleep.weights.plasticity       | INFO  | Hard-clipped 34 w_cons parameters to delta_max=0.1000 bound.
2026-08-11 21:13:14 | sleep.weights.plasticity       | INFO  | Hard-clipped 34 w_cons parameters to delta_max=0.1000 bound.
2026-08-11 21:13:14 | sleep.weights.plasticity       | INFO  | Hard-clipped 34 w_cons parameters to delta_max=0.1000 bound.
2026-08-11 21:13:14 | sleep.weights.plasticity       | INFO  | Hard-clipped 32 w_cons parameters to delta_max=0.1000 bound.
2026-08-11 21:13:14 | sleep.weights.plasticity       | INFO  | Hard-clipped 31 w_cons parameters to delta_max=0.1000 bound.
2026-08-11 21:13:14 | sleep.weights.plasticity       | INFO  | Hard-clipped 31 w_cons parameters to delta_max=0.1000 bound.
2026-08-11 21:13:14 | sleep.weights.plasticity       | INFO  | Hard-clipped 31 w_cons parameters to delta_max=0.1000 bound.
2026-08-11 21:13:14 | sleep.weights.plasticity       | INFO  | Hard-clipped 32 w_cons parameters to delta_max=0.1000 bound.
2026-08-11 21:13:15 | sleep.weights.plasticity       | INFO  | Hard-clipped 31 w_cons parameters to delta_max=0.1000 bound.
2026-08-11 21:13:15 | sleep.weights.plasticity       | INFO  | Hard-clipped 32 w_cons parameters to delta_max=0.1000 bound.
2026-08-11 21:13:15 | sleep.weights.plasticity       | INFO  | Hard-clipped 32 w_cons parameters to delta_max=0.1000 bound.
2026-08-11 21:13:15 | sleep.weights.plasticity       | INFO  | Hard-clipped 34 w_cons parameters to delta_max=0.1000 bound.
2026-08-11 21:13:15 | sleep.weights.plasticity       | INFO  | Hard-clipped 34 w_cons parameters to delta_max=0.1000 bound.
2026-08-11 21:13:15 | sleep.weights.plasticity       | INFO  | Hard-clipped 34 w_cons parameters to delta_max=0.1000 bound.
2026-08-11 21:13:16 | sleep.weights.plasticity       | INFO  | Hard-clipped 34 w_cons parameters to delta_max=0.1000 bound.
2026-08-11 21:13:16 | sleep.weights.plasticity       | INFO  | Hard-clipped 35 w_cons parameters to delta_max=0.1000 bound.
2026-08-11 21:13:16 | sleep.weights.plasticity       | INFO  | Hard-clipped 35 w_cons parameters to delta_max=0.1000 bound.
2026-08-11 21:13:16 | sleep.weights.plasticity       | INFO  | Hard-clipped 35 w_cons parameters to delta_max=0.1000 bound.
2026-08-11 21:13:16 | sleep.weights.plasticity       | INFO  | Hard-clipped 35 w_cons parameters to delta_max=0.1000 bound.
2026-08-11 21:13:16 | sleep.weights.plasticity       | INFO  | Hard-clipped 35 w_cons parameters to delta_max=0.1000 bound.
2026-08-11 21:13:16 | sleep.weights.plasticity       | INFO  | Hard-clipped 35 w_cons parameters to delta_max=0.1000 bound.
2026-08-11 21:13:17 | sleep.weights.plasticity       | INFO  | Hard-clipped 35 w_cons parameters to delta_max=0.1000 bound.
2026-08-11 21:13:17 | sleep.weights.plasticity       | INFO  | Hard-clipped 35 w_cons parameters to delta_max=0.1000 bound.
2026-08-11 21:13:17 | sleep.weights.plasticity       | INFO  | Hard-clipped 35 w_cons parameters to delta_max=0.1000 bound.
2026-08-11 21:13:17 | sleep.weights.plasticity       | INFO  | Hard-clipped 35 w_cons parameters to delta_max=0.1000 bound.
2026-08-11 21:13:17 | sleep.weights.plasticity       | INFO  | Hard-clipped 35 w_cons parameters to delta_max=0.1000 bound.
2026-08-11 21:13:17 | sleep.weights.plasticity       | INFO  | Hard-clipped 35 w_cons parameters to delta_max=0.1000 bound.
2026-08-11 21:13:17 | sleep.weights.plasticity       | INFO  | Hard-clipped 35 w_cons parameters to delta_max=0.1000 bound.
2026-08-11 21:13:18 | sleep.weights.plasticity       | INFO  | Hard-clipped 35 w_cons parameters to delta_max=0.1000 bound.
2026-08-11 21:13:18 | sleep.weights.plasticity       | INFO  | Hard-clipped 35 w_cons parameters to delta_max=0.1000 bound.
2026-08-11 21:13:18 | sleep.weights.plasticity       | INFO  | Hard-clipped 35 w_cons parameters to delta_max=0.1000 bound.
2026-08-11 21:13:18 | sleep.weights.plasticity       | INFO  | Hard-clipped 35 w_cons parameters to delta_max=0.1000 bound.
2026-08-11 21:13:18 | sleep.weights.plasticity       | INFO  | Hard-clipped 34 w_cons parameters to delta_max=0.1000 bound.
2026-08-11 21:13:18 | sleep.weights.plasticity       | INFO  | Hard-clipped 32 w_cons parameters to delta_max=0.1000 bound.
2026-08-11 21:13:18 | sleep.weights.plasticity       | INFO  | Hard-clipped 32 w_cons parameters to delta_max=0.1000 bound.
2026-08-11 21:13:19 | sleep.weights.plasticity       | INFO  | Hard-clipped 35 w_cons parameters to delta_max=0.1000 bound.
2026-08-11 21:13:19 | sleep.weights.plasticity       | INFO  | Hard-clipped 33 w_cons parameters to delta_max=0.1000 bound.
2026-08-11 21:13:19 | sleep.weights.plasticity       | INFO  | Hard-clipped 35 w_cons parameters to delta_max=0.1000 bound.
2026-08-11 21:13:19 | sleep.weights.plasticity       | INFO  | Hard-clipped 35 w_cons parameters to delta_max=0.1000 bound.
2026-08-11 21:13:19 | sleep.weights.plasticity       | INFO  | Hard-clipped 35 w_cons parameters to delta_max=0.1000 bound.
2026-08-11 21:13:19 | sleep.weights.plasticity       | INFO  | Hard-clipped 35 w_cons parameters to delta_max=0.1000 bound.
2026-08-11 21:13:19 | sleep.weights.plasticity       | INFO  | Hard-clipped 35 w_cons parameters to delta_max=0.1000 bound.
2026-08-11 21:13:20 | sleep.weights.plasticity       | INFO  | Hard-clipped 35 w_cons parameters to delta_max=0.1000 bound.
2026-08-11 21:13:20 | sleep.weights.plasticity       | INFO  | Hard-clipped 35 w_cons parameters to delta_max=0.1000 bound.
2026-08-11 21:13:20 | sleep.weights.plasticity       | INFO  | Hard-clipped 35 w_cons parameters to delta_max=0.1000 bound.
2026-08-11 21:13:20 | sleep.weights.plasticity       | INFO  | Hard-clipped 35 w_cons parameters to delta_max=0.1000 bound.
2026-08-11 21:13:20 | sleep.weights.plasticity       | INFO  | Hard-clipped 35 w_cons parameters to delta_max=0.1000 bound.
2026-08-11 21:13:20 | sleep.sleep_engine.train       | INFO  |   distill step 750/1500 | loss=0.9322 (kl=0.4324 ce=0.9996) | lr=5.87e-05
2026-08-11 21:13:20 | sleep.weights.plasticity       | INFO  | Hard-clipped 35 w_cons parameters to delta_max=0.1000 bound.
2026-08-11 21:13:20 | sleep.weights.plasticity       | INFO  | Hard-clipped 35 w_cons parameters to delta_max=0.1000 bound.
2026-08-11 21:13:21 | sleep.weights.plasticity       | INFO  | Hard-clipped 35 w_cons parameters to delta_max=0.1000 bound.
2026-08-11 21:13:21 | sleep.weights.plasticity       | INFO  | Hard-clipped 35 w_cons parameters to delta_max=0.1000 bound.
2026-08-11 21:13:21 | sleep.weights.plasticity       | INFO  | Hard-clipped 35 w_cons parameters to delta_max=0.1000 bound.
2026-08-11 21:13:21 | sleep.weights.plasticity       | INFO  | Hard-clipped 35 w_cons parameters to delta_max=0.1000 bound.
2026-08-11 21:13:21 | sleep.weights.plasticity       | INFO  | Hard-clipped 35 w_cons parameters to delta_max=0.1000 bound.
2026-08-11 21:13:21 | sleep.weights.plasticity       | INFO  | Hard-clipped 33 w_cons parameters to delta_max=0.1000 bound.
2026-08-11 21:13:22 | sleep.weights.plasticity       | INFO  | Hard-clipped 33 w_cons parameters to delta_max=0.1000 bound.
2026-08-11 21:13:22 | sleep.weights.plasticity       | INFO  | Hard-clipped 32 w_cons parameters to delta_max=0.1000 bound.
2026-08-11 21:13:22 | sleep.weights.plasticity       | INFO  | Hard-clipped 33 w_cons parameters to delta_max=0.1000 bound.
2026-08-11 21:13:22 | sleep.weights.plasticity       | INFO  | Hard-clipped 33 w_cons parameters to delta_max=0.1000 bound.
2026-08-11 21:13:22 | sleep.weights.plasticity       | INFO  | Hard-clipped 32 w_cons parameters to delta_max=0.1000 bound.
2026-08-11 21:13:22 | sleep.weights.plasticity       | INFO  | Hard-clipped 34 w_cons parameters to delta_max=0.1000 bound.
2026-08-11 21:13:22 | sleep.weights.plasticity       | INFO  | Hard-clipped 33 w_cons parameters to delta_max=0.1000 bound.
2026-08-11 21:13:23 | sleep.weights.plasticity       | INFO  | Hard-clipped 35 w_cons parameters to delta_max=0.1000 bound.
2026-08-11 21:13:23 | sleep.weights.plasticity       | INFO  | Hard-clipped 33 w_cons parameters to delta_max=0.1000 bound.
2026-08-11 21:13:23 | sleep.weights.plasticity       | INFO  | Hard-clipped 33 w_cons parameters to delta_max=0.1000 bound.
2026-08-11 21:13:23 | sleep.weights.plasticity       | INFO  | Hard-clipped 33 w_cons parameters to delta_max=0.1000 bound.
2026-08-11 21:13:23 | sleep.weights.plasticity       | INFO  | Hard-clipped 34 w_cons parameters to delta_max=0.1000 bound.
2026-08-11 21:13:23 | sleep.weights.plasticity       | INFO  | Hard-clipped 34 w_cons parameters to delta_max=0.1000 bound.
2026-08-11 21:13:23 | sleep.weights.plasticity       | INFO  | Hard-clipped 33 w_cons parameters to delta_max=0.1000 bound.
2026-08-11 21:13:24 | sleep.weights.plasticity       | INFO  | Hard-clipped 34 w_cons parameters to delta_max=0.1000 bound.
2026-08-11 21:13:24 | sleep.weights.plasticity       | INFO  | Hard-clipped 34 w_cons parameters to delta_max=0.1000 bound.
2026-08-11 21:13:24 | sleep.weights.plasticity       | INFO  | Hard-clipped 35 w_cons parameters to delta_max=0.1000 bound.
2026-08-11 21:13:24 | sleep.weights.plasticity       | INFO  | Hard-clipped 35 w_cons parameters to delta_max=0.1000 bound.
2026-08-11 21:13:24 | sleep.weights.plasticity       | INFO  | Hard-clipped 35 w_cons parameters to delta_max=0.1000 bound.
2026-08-11 21:13:24 | sleep.weights.plasticity       | INFO  | Hard-clipped 35 w_cons parameters to delta_max=0.1000 bound.
2026-08-11 21:13:25 | sleep.weights.plasticity       | INFO  | Hard-clipped 35 w_cons parameters to delta_max=0.1000 bound.
2026-08-11 21:13:25 | sleep.weights.plasticity       | INFO  | Hard-clipped 35 w_cons parameters to delta_max=0.1000 bound.
2026-08-11 21:13:25 | sleep.weights.plasticity       | INFO  | Hard-clipped 35 w_cons parameters to delta_max=0.1000 bound.
2026-08-11 21:13:25 | sleep.weights.plasticity       | INFO  | Hard-clipped 35 w_cons parameters to delta_max=0.1000 bound.
2026-08-11 21:13:25 | sleep.weights.plasticity       | INFO  | Hard-clipped 35 w_cons parameters to delta_max=0.1000 bound.
2026-08-11 21:13:25 | sleep.weights.plasticity       | INFO  | Hard-clipped 35 w_cons parameters to delta_max=0.1000 bound.
2026-08-11 21:13:25 | sleep.weights.plasticity       | INFO  | Hard-clipped 35 w_cons parameters to delta_max=0.1000 bound.
2026-08-11 21:13:26 | sleep.weights.plasticity       | INFO  | Hard-clipped 35 w_cons parameters to delta_max=0.1000 bound.
2026-08-11 21:13:26 | sleep.weights.plasticity       | INFO  | Hard-clipped 35 w_cons parameters to delta_max=0.1000 bound.
2026-08-11 21:13:26 | sleep.weights.plasticity       | INFO  | Hard-clipped 32 w_cons parameters to delta_max=0.1000 bound.
2026-08-11 21:13:26 | sleep.weights.plasticity       | INFO  | Hard-clipped 29 w_cons parameters to delta_max=0.1000 bound.
2026-08-11 21:13:26 | sleep.weights.plasticity       | INFO  | Hard-clipped 27 w_cons parameters to delta_max=0.1000 bound.
2026-08-11 21:13:26 | sleep.weights.plasticity       | INFO  | Hard-clipped 26 w_cons parameters to delta_max=0.1000 bound.
2026-08-11 21:13:26 | sleep.weights.plasticity       | INFO  | Hard-clipped 23 w_cons parameters to delta_max=0.1000 bound.
2026-08-11 21:13:27 | sleep.weights.plasticity       | INFO  | Hard-clipped 22 w_cons parameters to delta_max=0.1000 bound.
2026-08-11 21:13:27 | sleep.weights.plasticity       | INFO  | Hard-clipped 25 w_cons parameters to delta_max=0.1000 bound.
2026-08-11 21:13:27 | sleep.weights.plasticity       | INFO  | Hard-clipped 26 w_cons parameters to delta_max=0.1000 bound.
2026-08-11 21:13:27 | sleep.weights.plasticity       | INFO  | Hard-clipped 24 w_cons parameters to delta_max=0.1000 bound.
2026-08-11 21:13:27 | sleep.weights.plasticity       | INFO  | Hard-clipped 25 w_cons parameters to delta_max=0.1000 bound.
2026-08-11 21:13:27 | sleep.weights.plasticity       | INFO  | Hard-clipped 26 w_cons parameters to delta_max=0.1000 bound.
2026-08-11 21:13:28 | sleep.weights.plasticity       | INFO  | Hard-clipped 23 w_cons parameters to delta_max=0.1000 bound.
2026-08-11 21:13:28 | sleep.weights.plasticity       | INFO  | Hard-clipped 23 w_cons parameters to delta_max=0.1000 bound.
2026-08-11 21:13:28 | sleep.weights.plasticity       | INFO  | Hard-clipped 22 w_cons parameters to delta_max=0.1000 bound.
2026-08-11 21:13:28 | sleep.weights.plasticity       | INFO  | Hard-clipped 23 w_cons parameters to delta_max=0.1000 bound.
2026-08-11 21:13:28 | sleep.weights.plasticity       | INFO  | Hard-clipped 23 w_cons parameters to delta_max=0.1000 bound.
2026-08-11 21:13:28 | sleep.weights.plasticity       | INFO  | Hard-clipped 23 w_cons parameters to delta_max=0.1000 bound.
2026-08-11 21:13:28 | sleep.weights.plasticity       | INFO  | Hard-clipped 25 w_cons parameters to delta_max=0.1000 bound.
2026-08-11 21:13:29 | sleep.weights.plasticity       | INFO  | Hard-clipped 30 w_cons parameters to delta_max=0.1000 bound.
2026-08-11 21:13:29 | sleep.weights.plasticity       | INFO  | Hard-clipped 30 w_cons parameters to delta_max=0.1000 bound.
2026-08-11 21:13:29 | sleep.weights.plasticity       | INFO  | Hard-clipped 32 w_cons parameters to delta_max=0.1000 bound.
2026-08-11 21:13:29 | sleep.weights.plasticity       | INFO  | Hard-clipped 32 w_cons parameters to delta_max=0.1000 bound.
2026-08-11 21:13:29 | sleep.weights.plasticity       | INFO  | Hard-clipped 32 w_cons parameters to delta_max=0.1000 bound.
2026-08-11 21:13:29 | sleep.weights.plasticity       | INFO  | Hard-clipped 33 w_cons parameters to delta_max=0.1000 bound.
2026-08-11 21:13:30 | sleep.weights.plasticity       | INFO  | Hard-clipped 33 w_cons parameters to delta_max=0.1000 bound.
2026-08-11 21:13:30 | sleep.weights.plasticity       | INFO  | Hard-clipped 33 w_cons parameters to delta_max=0.1000 bound.
2026-08-11 21:13:30 | sleep.weights.plasticity       | INFO  | Hard-clipped 33 w_cons parameters to delta_max=0.1000 bound.
2026-08-11 21:13:30 | sleep.weights.plasticity       | INFO  | Hard-clipped 33 w_cons parameters to delta_max=0.1000 bound.
2026-08-11 21:13:30 | sleep.weights.plasticity       | INFO  | Hard-clipped 35 w_cons parameters to delta_max=0.1000 bound.
2026-08-11 21:13:30 | sleep.weights.plasticity       | INFO  | Hard-clipped 35 w_cons parameters to delta_max=0.1000 bound.
2026-08-11 21:13:30 | sleep.weights.plasticity       | INFO  | Hard-clipped 35 w_cons parameters to delta_max=0.1000 bound.
2026-08-11 21:13:31 | sleep.weights.plasticity       | INFO  | Hard-clipped 35 w_cons parameters to delta_max=0.1000 bound.
2026-08-11 21:13:31 | sleep.weights.plasticity       | INFO  | Hard-clipped 35 w_cons parameters to delta_max=0.1000 bound.
2026-08-11 21:13:31 | sleep.weights.plasticity       | INFO  | Hard-clipped 35 w_cons parameters to delta_max=0.1000 bound.
2026-08-11 21:13:31 | sleep.weights.plasticity       | INFO  | Hard-clipped 34 w_cons parameters to delta_max=0.1000 bound.
2026-08-11 21:13:31 | sleep.weights.plasticity       | INFO  | Hard-clipped 34 w_cons parameters to delta_max=0.1000 bound.
2026-08-11 21:13:31 | sleep.weights.plasticity       | INFO  | Hard-clipped 34 w_cons parameters to delta_max=0.1000 bound.
2026-08-11 21:13:31 | sleep.weights.plasticity       | INFO  | Hard-clipped 33 w_cons parameters to delta_max=0.1000 bound.
2026-08-11 21:13:32 | sleep.weights.plasticity       | INFO  | Hard-clipped 34 w_cons parameters to delta_max=0.1000 bound.
2026-08-11 21:13:32 | sleep.weights.plasticity       | INFO  | Hard-clipped 33 w_cons parameters to delta_max=0.1000 bound.
2026-08-11 21:13:32 | sleep.weights.plasticity       | INFO  | Hard-clipped 33 w_cons parameters to delta_max=0.1000 bound.
2026-08-11 21:13:32 | sleep.weights.plasticity       | INFO  | Hard-clipped 34 w_cons parameters to delta_max=0.1000 bound.
2026-08-11 21:13:32 | sleep.weights.plasticity       | INFO  | Hard-clipped 33 w_cons parameters to delta_max=0.1000 bound.
2026-08-11 21:13:32 | sleep.weights.plasticity       | INFO  | Hard-clipped 33 w_cons parameters to delta_max=0.1000 bound.
2026-08-11 21:13:32 | sleep.weights.plasticity       | INFO  | Hard-clipped 34 w_cons parameters to delta_max=0.1000 bound.
2026-08-11 21:13:33 | sleep.weights.plasticity       | INFO  | Hard-clipped 34 w_cons parameters to delta_max=0.1000 bound.
2026-08-11 21:13:33 | sleep.weights.plasticity       | INFO  | Hard-clipped 33 w_cons parameters to delta_max=0.1000 bound.
2026-08-11 21:13:33 | sleep.weights.plasticity       | INFO  | Hard-clipped 34 w_cons parameters to delta_max=0.1000 bound.
2026-08-11 21:13:33 | sleep.weights.plasticity       | INFO  | Hard-clipped 34 w_cons parameters to delta_max=0.1000 bound.
2026-08-11 21:13:33 | sleep.weights.plasticity       | INFO  | Hard-clipped 34 w_cons parameters to delta_max=0.1000 bound.
2026-08-11 21:13:33 | sleep.weights.plasticity       | INFO  | Hard-clipped 33 w_cons parameters to delta_max=0.1000 bound.
2026-08-11 21:13:33 | sleep.weights.plasticity       | INFO  | Hard-clipped 34 w_cons parameters to delta_max=0.1000 bound.
2026-08-11 21:13:34 | sleep.weights.plasticity       | INFO  | Hard-clipped 34 w_cons parameters to delta_max=0.1000 bound.
2026-08-11 21:13:34 | sleep.weights.plasticity       | INFO  | Hard-clipped 35 w_cons parameters to delta_max=0.1000 bound.
2026-08-11 21:13:34 | sleep.weights.plasticity       | INFO  | Hard-clipped 35 w_cons parameters to delta_max=0.1000 bound.
2026-08-11 21:13:34 | sleep.weights.plasticity       | INFO  | Hard-clipped 34 w_cons parameters to delta_max=0.1000 bound.
2026-08-11 21:13:34 | sleep.weights.plasticity       | INFO  | Hard-clipped 35 w_cons parameters to delta_max=0.1000 bound.
2026-08-11 21:13:34 | sleep.weights.plasticity       | INFO  | Hard-clipped 35 w_cons parameters to delta_max=0.1000 bound.
2026-08-11 21:13:34 | sleep.weights.plasticity       | INFO  | Hard-clipped 35 w_cons parameters to delta_max=0.1000 bound.
2026-08-11 21:13:35 | sleep.weights.plasticity       | INFO  | Hard-clipped 35 w_cons parameters to delta_max=0.1000 bound.
2026-08-11 21:13:35 | sleep.weights.plasticity       | INFO  | Hard-clipped 35 w_cons parameters to delta_max=0.1000 bound.
2026-08-11 21:13:35 | sleep.weights.plasticity       | INFO  | Hard-clipped 35 w_cons parameters to delta_max=0.1000 bound.
2026-08-11 21:13:35 | sleep.weights.plasticity       | INFO  | Hard-clipped 33 w_cons parameters to delta_max=0.1000 bound.
2026-08-11 21:13:35 | sleep.weights.plasticity       | INFO  | Hard-clipped 33 w_cons parameters to delta_max=0.1000 bound.
2026-08-11 21:13:35 | sleep.weights.plasticity       | INFO  | Hard-clipped 32 w_cons parameters to delta_max=0.1000 bound.
2026-08-11 21:13:35 | sleep.weights.plasticity       | INFO  | Hard-clipped 31 w_cons parameters to delta_max=0.1000 bound.
2026-08-11 21:13:36 | sleep.weights.plasticity       | INFO  | Hard-clipped 32 w_cons parameters to delta_max=0.1000 bound.
2026-08-11 21:13:36 | sleep.weights.plasticity       | INFO  | Hard-clipped 33 w_cons parameters to delta_max=0.1000 bound.
2026-08-11 21:13:36 | sleep.weights.plasticity       | INFO  | Hard-clipped 33 w_cons parameters to delta_max=0.1000 bound.
2026-08-11 21:13:36 | sleep.weights.plasticity       | INFO  | Hard-clipped 33 w_cons parameters to delta_max=0.1000 bound.
2026-08-11 21:13:36 | sleep.weights.plasticity       | INFO  | Hard-clipped 34 w_cons parameters to delta_max=0.1000 bound.
2026-08-11 21:13:36 | sleep.weights.plasticity       | INFO  | Hard-clipped 34 w_cons parameters to delta_max=0.1000 bound.
2026-08-11 21:13:36 | sleep.weights.plasticity       | INFO  | Hard-clipped 33 w_cons parameters to delta_max=0.1000 bound.
2026-08-11 21:13:37 | sleep.weights.plasticity       | INFO  | Hard-clipped 34 w_cons parameters to delta_max=0.1000 bound.
2026-08-11 21:13:37 | sleep.weights.plasticity       | INFO  | Hard-clipped 34 w_cons parameters to delta_max=0.1000 bound.
2026-08-11 21:13:37 | sleep.weights.plasticity       | INFO  | Hard-clipped 34 w_cons parameters to delta_max=0.1000 bound.
2026-08-11 21:13:37 | sleep.weights.plasticity       | INFO  | Hard-clipped 35 w_cons parameters to delta_max=0.1000 bound.
2026-08-11 21:13:37 | sleep.weights.plasticity       | INFO  | Hard-clipped 35 w_cons parameters to delta_max=0.1000 bound.
2026-08-11 21:13:37 | sleep.weights.plasticity       | INFO  | Hard-clipped 35 w_cons parameters to delta_max=0.1000 bound.
2026-08-11 21:13:37 | sleep.weights.plasticity       | INFO  | Hard-clipped 35 w_cons parameters to delta_max=0.1000 bound.
2026-08-11 21:13:38 | sleep.weights.plasticity       | INFO  | Hard-clipped 33 w_cons parameters to delta_max=0.1000 bound.
2026-08-11 21:13:38 | sleep.weights.plasticity       | INFO  | Hard-clipped 34 w_cons parameters to delta_max=0.1000 bound.
2026-08-11 21:13:38 | sleep.weights.plasticity       | INFO  | Hard-clipped 34 w_cons parameters to delta_max=0.1000 bound.
2026-08-11 21:13:38 | sleep.weights.plasticity       | INFO  | Hard-clipped 34 w_cons parameters to delta_max=0.1000 bound.
2026-08-11 21:13:38 | sleep.weights.plasticity       | INFO  | Hard-clipped 34 w_cons parameters to delta_max=0.1000 bound.
2026-08-11 21:13:38 | sleep.weights.plasticity       | INFO  | Hard-clipped 32 w_cons parameters to delta_max=0.1000 bound.
2026-08-11 21:13:38 | sleep.weights.plasticity       | INFO  | Hard-clipped 32 w_cons parameters to delta_max=0.1000 bound.
2026-08-11 21:13:39 | sleep.weights.plasticity       | INFO  | Hard-clipped 33 w_cons parameters to delta_max=0.1000 bound.
2026-08-11 21:13:39 | sleep.weights.plasticity       | INFO  | Hard-clipped 34 w_cons parameters to delta_max=0.1000 bound.
2026-08-11 21:13:39 | sleep.weights.plasticity       | INFO  | Hard-clipped 34 w_cons parameters to delta_max=0.1000 bound.
2026-08-11 21:13:39 | sleep.weights.plasticity       | INFO  | Hard-clipped 34 w_cons parameters to delta_max=0.1000 bound.
2026-08-11 21:13:39 | sleep.weights.plasticity       | INFO  | Hard-clipped 34 w_cons parameters to delta_max=0.1000 bound.
2026-08-11 21:13:39 | sleep.weights.plasticity       | INFO  | Hard-clipped 34 w_cons parameters to delta_max=0.1000 bound.
2026-08-11 21:13:39 | sleep.weights.plasticity       | INFO  | Hard-clipped 34 w_cons parameters to delta_max=0.1000 bound.
2026-08-11 21:13:40 | sleep.weights.plasticity       | INFO  | Hard-clipped 34 w_cons parameters to delta_max=0.1000 bound.
2026-08-11 21:13:40 | sleep.weights.plasticity       | INFO  | Hard-clipped 34 w_cons parameters to delta_max=0.1000 bound.
2026-08-11 21:13:40 | sleep.weights.plasticity       | INFO  | Hard-clipped 34 w_cons parameters to delta_max=0.1000 bound.
2026-08-11 21:13:40 | sleep.weights.plasticity       | INFO  | Hard-clipped 35 w_cons parameters to delta_max=0.1000 bound.
2026-08-11 21:13:40 | sleep.weights.plasticity       | INFO  | Hard-clipped 35 w_cons parameters to delta_max=0.1000 bound.
2026-08-11 21:13:40 | sleep.weights.plasticity       | INFO  | Hard-clipped 35 w_cons parameters to delta_max=0.1000 bound.
2026-08-11 21:13:40 | sleep.weights.plasticity       | INFO  | Hard-clipped 35 w_cons parameters to delta_max=0.1000 bound.
2026-08-11 21:13:41 | sleep.weights.plasticity       | INFO  | Hard-clipped 35 w_cons parameters to delta_max=0.1000 bound.
2026-08-11 21:13:41 | sleep.weights.plasticity       | INFO  | Hard-clipped 35 w_cons parameters to delta_max=0.1000 bound.
2026-08-11 21:13:41 | sleep.weights.plasticity       | INFO  | Hard-clipped 35 w_cons parameters to delta_max=0.1000 bound.
2026-08-11 21:13:41 | sleep.weights.plasticity       | INFO  | Hard-clipped 33 w_cons parameters to delta_max=0.1000 bound.
2026-08-11 21:13:41 | sleep.weights.plasticity       | INFO  | Hard-clipped 34 w_cons parameters to delta_max=0.1000 bound.
2026-08-11 21:13:41 | sleep.weights.plasticity       | INFO  | Hard-clipped 32 w_cons parameters to delta_max=0.1000 bound.
2026-08-11 21:13:41 | sleep.weights.plasticity       | INFO  | Hard-clipped 32 w_cons parameters to delta_max=0.1000 bound.
2026-08-11 21:13:42 | sleep.weights.plasticity       | INFO  | Hard-clipped 30 w_cons parameters to delta_max=0.1000 bound.
2026-08-11 21:13:42 | sleep.weights.plasticity       | INFO  | Hard-clipped 26 w_cons parameters to delta_max=0.1000 bound.
2026-08-11 21:13:42 | sleep.weights.plasticity       | INFO  | Hard-clipped 23 w_cons parameters to delta_max=0.1000 bound.
2026-08-11 21:13:42 | sleep.weights.plasticity       | INFO  | Hard-clipped 24 w_cons parameters to delta_max=0.1000 bound.
2026-08-11 21:13:42 | sleep.weights.plasticity       | INFO  | Hard-clipped 22 w_cons parameters to delta_max=0.1000 bound.
2026-08-11 21:13:42 | sleep.sleep_engine.train       | INFO  |   distill step 900/1500 | loss=1.0189 (kl=0.5631 ce=0.9117) | lr=4.13e-05
2026-08-11 21:13:42 | sleep.weights.plasticity       | INFO  | Hard-clipped 21 w_cons parameters to delta_max=0.1000 bound.
2026-08-11 21:13:42 | sleep.weights.plasticity       | INFO  | Hard-clipped 24 w_cons parameters to delta_max=0.1000 bound.
2026-08-11 21:13:43 | sleep.weights.plasticity       | INFO  | Hard-clipped 25 w_cons parameters to delta_max=0.1000 bound.
2026-08-11 21:13:43 | sleep.weights.plasticity       | INFO  | Hard-clipped 27 w_cons parameters to delta_max=0.1000 bound.
2026-08-11 21:13:43 | sleep.weights.plasticity       | INFO  | Hard-clipped 28 w_cons parameters to delta_max=0.1000 bound.
2026-08-11 21:13:43 | sleep.weights.plasticity       | INFO  | Hard-clipped 29 w_cons parameters to delta_max=0.1000 bound.
2026-08-11 21:13:43 | sleep.weights.plasticity       | INFO  | Hard-clipped 31 w_cons parameters to delta_max=0.1000 bound.
2026-08-11 21:13:43 | sleep.weights.plasticity       | INFO  | Hard-clipped 31 w_cons parameters to delta_max=0.1000 bound.
2026-08-11 21:13:43 | sleep.weights.plasticity       | INFO  | Hard-clipped 31 w_cons parameters to delta_max=0.1000 bound.
2026-08-11 21:13:44 | sleep.weights.plasticity       | INFO  | Hard-clipped 33 w_cons parameters to delta_max=0.1000 bound.
2026-08-11 21:13:44 | sleep.weights.plasticity       | INFO  | Hard-clipped 34 w_cons parameters to delta_max=0.1000 bound.
2026-08-11 21:13:44 | sleep.weights.plasticity       | INFO  | Hard-clipped 35 w_cons parameters to delta_max=0.1000 bound.
2026-08-11 21:13:44 | sleep.weights.plasticity       | INFO  | Hard-clipped 35 w_cons parameters to delta_max=0.1000 bound.
2026-08-11 21:13:44 | sleep.weights.plasticity       | INFO  | Hard-clipped 35 w_cons parameters to delta_max=0.1000 bound.
2026-08-11 21:13:44 | sleep.weights.plasticity       | INFO  | Hard-clipped 35 w_cons parameters to delta_max=0.1000 bound.
2026-08-11 21:13:45 | sleep.weights.plasticity       | INFO  | Hard-clipped 35 w_cons parameters to delta_max=0.1000 bound.
2026-08-11 21:13:45 | sleep.weights.plasticity       | INFO  | Hard-clipped 35 w_cons parameters to delta_max=0.1000 bound.
2026-08-11 21:13:45 | sleep.weights.plasticity       | INFO  | Hard-clipped 35 w_cons parameters to delta_max=0.1000 bound.
2026-08-11 21:13:45 | sleep.weights.plasticity       | INFO  | Hard-clipped 35 w_cons parameters to delta_max=0.1000 bound.
2026-08-11 21:13:45 | sleep.weights.plasticity       | INFO  | Hard-clipped 34 w_cons parameters to delta_max=0.1000 bound.
2026-08-11 21:13:45 | sleep.weights.plasticity       | INFO  | Hard-clipped 34 w_cons parameters to delta_max=0.1000 bound.
2026-08-11 21:13:45 | sleep.weights.plasticity       | INFO  | Hard-clipped 32 w_cons parameters to delta_max=0.1000 bound.
2026-08-11 21:13:46 | sleep.weights.plasticity       | INFO  | Hard-clipped 33 w_cons parameters to delta_max=0.1000 bound.
2026-08-11 21:13:46 | sleep.weights.plasticity       | INFO  | Hard-clipped 33 w_cons parameters to delta_max=0.1000 bound.
2026-08-11 21:13:46 | sleep.weights.plasticity       | INFO  | Hard-clipped 35 w_cons parameters to delta_max=0.1000 bound.
2026-08-11 21:13:46 | sleep.weights.plasticity       | INFO  | Hard-clipped 35 w_cons parameters to delta_max=0.1000 bound.
2026-08-11 21:13:46 | sleep.weights.plasticity       | INFO  | Hard-clipped 34 w_cons parameters to delta_max=0.1000 bound.
2026-08-11 21:13:46 | sleep.weights.plasticity       | INFO  | Hard-clipped 34 w_cons parameters to delta_max=0.1000 bound.
2026-08-11 21:13:46 | sleep.weights.plasticity       | INFO  | Hard-clipped 32 w_cons parameters to delta_max=0.1000 bound.
2026-08-11 21:13:47 | sleep.weights.plasticity       | INFO  | Hard-clipped 33 w_cons parameters to delta_max=0.1000 bound.
2026-08-11 21:13:47 | sleep.weights.plasticity       | INFO  | Hard-clipped 31 w_cons parameters to delta_max=0.1000 bound.
2026-08-11 21:13:47 | sleep.weights.plasticity       | INFO  | Hard-clipped 31 w_cons parameters to delta_max=0.1000 bound.
2026-08-11 21:13:47 | sleep.weights.plasticity       | INFO  | Hard-clipped 33 w_cons parameters to delta_max=0.1000 bound.
2026-08-11 21:13:47 | sleep.weights.plasticity       | INFO  | Hard-clipped 31 w_cons parameters to delta_max=0.1000 bound.
2026-08-11 21:13:47 | sleep.weights.plasticity       | INFO  | Hard-clipped 27 w_cons parameters to delta_max=0.1000 bound.
2026-08-11 21:13:47 | sleep.weights.plasticity       | INFO  | Hard-clipped 31 w_cons parameters to delta_max=0.1000 bound.
2026-08-11 21:13:48 | sleep.weights.plasticity       | INFO  | Hard-clipped 32 w_cons parameters to delta_max=0.1000 bound.
2026-08-11 21:13:48 | sleep.weights.plasticity       | INFO  | Hard-clipped 33 w_cons parameters to delta_max=0.1000 bound.
2026-08-11 21:13:48 | sleep.weights.plasticity       | INFO  | Hard-clipped 34 w_cons parameters to delta_max=0.1000 bound.
2026-08-11 21:13:48 | sleep.weights.plasticity       | INFO  | Hard-clipped 30 w_cons parameters to delta_max=0.1000 bound.
2026-08-11 21:13:48 | sleep.weights.plasticity       | INFO  | Hard-clipped 29 w_cons parameters to delta_max=0.1000 bound.
2026-08-11 21:13:48 | sleep.weights.plasticity       | INFO  | Hard-clipped 27 w_cons parameters to delta_max=0.1000 bound.
2026-08-11 21:13:48 | sleep.weights.plasticity       | INFO  | Hard-clipped 28 w_cons parameters to delta_max=0.1000 bound.
2026-08-11 21:13:49 | sleep.weights.plasticity       | INFO  | Hard-clipped 29 w_cons parameters to delta_max=0.1000 bound.
2026-08-11 21:13:49 | sleep.weights.plasticity       | INFO  | Hard-clipped 30 w_cons parameters to delta_max=0.1000 bound.
2026-08-11 21:13:49 | sleep.weights.plasticity       | INFO  | Hard-clipped 31 w_cons parameters to delta_max=0.1000 bound.
2026-08-11 21:13:49 | sleep.weights.plasticity       | INFO  | Hard-clipped 31 w_cons parameters to delta_max=0.1000 bound.
2026-08-11 21:13:49 | sleep.weights.plasticity       | INFO  | Hard-clipped 33 w_cons parameters to delta_max=0.1000 bound.
2026-08-11 21:13:49 | sleep.weights.plasticity       | INFO  | Hard-clipped 33 w_cons parameters to delta_max=0.1000 bound.
2026-08-11 21:13:49 | sleep.weights.plasticity       | INFO  | Hard-clipped 33 w_cons parameters to delta_max=0.1000 bound.
2026-08-11 21:13:50 | sleep.weights.plasticity       | INFO  | Hard-clipped 33 w_cons parameters to delta_max=0.1000 bound.
2026-08-11 21:13:50 | sleep.weights.plasticity       | INFO  | Hard-clipped 34 w_cons parameters to delta_max=0.1000 bound.
2026-08-11 21:13:50 | sleep.weights.plasticity       | INFO  | Hard-clipped 34 w_cons parameters to delta_max=0.1000 bound.
2026-08-11 21:13:50 | sleep.weights.plasticity       | INFO  | Hard-clipped 35 w_cons parameters to delta_max=0.1000 bound.
2026-08-11 21:13:50 | sleep.weights.plasticity       | INFO  | Hard-clipped 35 w_cons parameters to delta_max=0.1000 bound.
2026-08-11 21:13:50 | sleep.weights.plasticity       | INFO  | Hard-clipped 35 w_cons parameters to delta_max=0.1000 bound.
2026-08-11 21:13:50 | sleep.weights.plasticity       | INFO  | Hard-clipped 35 w_cons parameters to delta_max=0.1000 bound.
2026-08-11 21:13:51 | sleep.weights.plasticity       | INFO  | Hard-clipped 35 w_cons parameters to delta_max=0.1000 bound.
2026-08-11 21:13:51 | sleep.weights.plasticity       | INFO  | Hard-clipped 35 w_cons parameters to delta_max=0.1000 bound.
2026-08-11 21:13:51 | sleep.weights.plasticity       | INFO  | Hard-clipped 35 w_cons parameters to delta_max=0.1000 bound.
2026-08-11 21:13:51 | sleep.weights.plasticity       | INFO  | Hard-clipped 35 w_cons parameters to delta_max=0.1000 bound.
2026-08-11 21:13:51 | sleep.weights.plasticity       | INFO  | Hard-clipped 35 w_cons parameters to delta_max=0.1000 bound.
2026-08-11 21:13:51 | sleep.weights.plasticity       | INFO  | Hard-clipped 33 w_cons parameters to delta_max=0.1000 bound.
2026-08-11 21:13:52 | sleep.weights.plasticity       | INFO  | Hard-clipped 35 w_cons parameters to delta_max=0.1000 bound.
2026-08-11 21:13:52 | sleep.weights.plasticity       | INFO  | Hard-clipped 34 w_cons parameters to delta_max=0.1000 bound.
2026-08-11 21:13:52 | sleep.weights.plasticity       | INFO  | Hard-clipped 34 w_cons parameters to delta_max=0.1000 bound.
2026-08-11 21:13:52 | sleep.weights.plasticity       | INFO  | Hard-clipped 35 w_cons parameters to delta_max=0.1000 bound.
2026-08-11 21:13:52 | sleep.weights.plasticity       | INFO  | Hard-clipped 35 w_cons parameters to delta_max=0.1000 bound.
2026-08-11 21:13:52 | sleep.weights.plasticity       | INFO  | Hard-clipped 34 w_cons parameters to delta_max=0.1000 bound.
2026-08-11 21:13:52 | sleep.weights.plasticity       | INFO  | Hard-clipped 34 w_cons parameters to delta_max=0.1000 bound.
2026-08-11 21:13:53 | sleep.weights.plasticity       | INFO  | Hard-clipped 35 w_cons parameters to delta_max=0.1000 bound.
2026-08-11 21:13:53 | sleep.weights.plasticity       | INFO  | Hard-clipped 35 w_cons parameters to delta_max=0.1000 bound.
2026-08-11 21:13:53 | sleep.weights.plasticity       | INFO  | Hard-clipped 35 w_cons parameters to delta_max=0.1000 bound.
2026-08-11 21:13:53 | sleep.weights.plasticity       | INFO  | Hard-clipped 35 w_cons parameters to delta_max=0.1000 bound.
2026-08-11 21:13:53 | sleep.weights.plasticity       | INFO  | Hard-clipped 34 w_cons parameters to delta_max=0.1000 bound.
2026-08-11 21:13:53 | sleep.weights.plasticity       | INFO  | Hard-clipped 34 w_cons parameters to delta_max=0.1000 bound.
2026-08-11 21:13:53 | sleep.weights.plasticity       | INFO  | Hard-clipped 35 w_cons parameters to delta_max=0.1000 bound.
2026-08-11 21:13:54 | sleep.weights.plasticity       | INFO  | Hard-clipped 35 w_cons parameters to delta_max=0.1000 bound.
2026-08-11 21:13:54 | sleep.weights.plasticity       | INFO  | Hard-clipped 35 w_cons parameters to delta_max=0.1000 bound.
2026-08-11 21:13:54 | sleep.weights.plasticity       | INFO  | Hard-clipped 35 w_cons parameters to delta_max=0.1000 bound.
2026-08-11 21:13:54 | sleep.weights.plasticity       | INFO  | Hard-clipped 33 w_cons parameters to delta_max=0.1000 bound.
2026-08-11 21:13:54 | sleep.weights.plasticity       | INFO  | Hard-clipped 33 w_cons parameters to delta_max=0.1000 bound.
2026-08-11 21:13:54 | sleep.weights.plasticity       | INFO  | Hard-clipped 33 w_cons parameters to delta_max=0.1000 bound.
2026-08-11 21:13:54 | sleep.weights.plasticity       | INFO  | Hard-clipped 33 w_cons parameters to delta_max=0.1000 bound.
2026-08-11 21:13:55 | sleep.weights.plasticity       | INFO  | Hard-clipped 35 w_cons parameters to delta_max=0.1000 bound.
2026-08-11 21:13:55 | sleep.weights.plasticity       | INFO  | Hard-clipped 35 w_cons parameters to delta_max=0.1000 bound.
2026-08-11 21:13:55 | sleep.weights.plasticity       | INFO  | Hard-clipped 35 w_cons parameters to delta_max=0.1000 bound.
2026-08-11 21:13:55 | sleep.weights.plasticity       | INFO  | Hard-clipped 35 w_cons parameters to delta_max=0.1000 bound.
2026-08-11 21:13:55 | sleep.weights.plasticity       | INFO  | Hard-clipped 35 w_cons parameters to delta_max=0.1000 bound.
2026-08-11 21:13:55 | sleep.weights.plasticity       | INFO  | Hard-clipped 34 w_cons parameters to delta_max=0.1000 bound.
2026-08-11 21:13:56 | sleep.weights.plasticity       | INFO  | Hard-clipped 33 w_cons parameters to delta_max=0.1000 bound.
2026-08-11 21:13:56 | sleep.weights.plasticity       | INFO  | Hard-clipped 34 w_cons parameters to delta_max=0.1000 bound.
2026-08-11 21:13:56 | sleep.weights.plasticity       | INFO  | Hard-clipped 34 w_cons parameters to delta_max=0.1000 bound.
2026-08-11 21:13:56 | sleep.weights.plasticity       | INFO  | Hard-clipped 35 w_cons parameters to delta_max=0.1000 bound.
2026-08-11 21:13:56 | sleep.weights.plasticity       | INFO  | Hard-clipped 35 w_cons parameters to delta_max=0.1000 bound.
2026-08-11 21:13:56 | sleep.weights.plasticity       | INFO  | Hard-clipped 35 w_cons parameters to delta_max=0.1000 bound.
2026-08-11 21:13:56 | sleep.weights.plasticity       | INFO  | Hard-clipped 35 w_cons parameters to delta_max=0.1000 bound.
2026-08-11 21:13:57 | sleep.weights.plasticity       | INFO  | Hard-clipped 35 w_cons parameters to delta_max=0.1000 bound.
2026-08-11 21:13:57 | sleep.weights.plasticity       | INFO  | Hard-clipped 35 w_cons parameters to delta_max=0.1000 bound.
2026-08-11 21:13:57 | sleep.weights.plasticity       | INFO  | Hard-clipped 35 w_cons parameters to delta_max=0.1000 bound.
2026-08-11 21:13:57 | sleep.weights.plasticity       | INFO  | Hard-clipped 35 w_cons parameters to delta_max=0.1000 bound.
2026-08-11 21:13:57 | sleep.weights.plasticity       | INFO  | Hard-clipped 35 w_cons parameters to delta_max=0.1000 bound.
2026-08-11 21:13:57 | sleep.weights.plasticity       | INFO  | Hard-clipped 35 w_cons parameters to delta_max=0.1000 bound.
2026-08-11 21:13:57 | sleep.weights.plasticity       | INFO  | Hard-clipped 34 w_cons parameters to delta_max=0.1000 bound.
2026-08-11 21:13:58 | sleep.weights.plasticity       | INFO  | Hard-clipped 33 w_cons parameters to delta_max=0.1000 bound.
2026-08-11 21:13:58 | sleep.weights.plasticity       | INFO  | Hard-clipped 34 w_cons parameters to delta_max=0.1000 bound.
2026-08-11 21:13:58 | sleep.weights.plasticity       | INFO  | Hard-clipped 35 w_cons parameters to delta_max=0.1000 bound.
2026-08-11 21:13:58 | sleep.weights.plasticity       | INFO  | Hard-clipped 35 w_cons parameters to delta_max=0.1000 bound.
2026-08-11 21:13:58 | sleep.weights.plasticity       | INFO  | Hard-clipped 34 w_cons parameters to delta_max=0.1000 bound.
2026-08-11 21:13:58 | sleep.weights.plasticity       | INFO  | Hard-clipped 35 w_cons parameters to delta_max=0.1000 bound.
2026-08-11 21:13:58 | sleep.weights.plasticity       | INFO  | Hard-clipped 36 w_cons parameters to delta_max=0.1000 bound.
2026-08-11 21:13:59 | sleep.weights.plasticity       | INFO  | Hard-clipped 36 w_cons parameters to delta_max=0.1000 bound.
2026-08-11 21:13:59 | sleep.weights.plasticity       | INFO  | Hard-clipped 36 w_cons parameters to delta_max=0.1000 bound.
2026-08-11 21:13:59 | sleep.weights.plasticity       | INFO  | Hard-clipped 36 w_cons parameters to delta_max=0.1000 bound.
2026-08-11 21:13:59 | sleep.weights.plasticity       | INFO  | Hard-clipped 36 w_cons parameters to delta_max=0.1000 bound.
2026-08-11 21:13:59 | sleep.weights.plasticity       | INFO  | Hard-clipped 36 w_cons parameters to delta_max=0.1000 bound.
2026-08-11 21:13:59 | sleep.weights.plasticity       | INFO  | Hard-clipped 36 w_cons parameters to delta_max=0.1000 bound.
2026-08-11 21:13:59 | sleep.weights.plasticity       | INFO  | Hard-clipped 36 w_cons parameters to delta_max=0.1000 bound.
2026-08-11 21:14:00 | sleep.weights.plasticity       | INFO  | Hard-clipped 36 w_cons parameters to delta_max=0.1000 bound.
2026-08-11 21:14:00 | sleep.weights.plasticity       | INFO  | Hard-clipped 35 w_cons parameters to delta_max=0.1000 bound.
2026-08-11 21:14:00 | sleep.weights.plasticity       | INFO  | Hard-clipped 35 w_cons parameters to delta_max=0.1000 bound.
2026-08-11 21:14:00 | sleep.weights.plasticity       | INFO  | Hard-clipped 35 w_cons parameters to delta_max=0.1000 bound.
2026-08-11 21:14:00 | sleep.weights.plasticity       | INFO  | Hard-clipped 35 w_cons parameters to delta_max=0.1000 bound.
2026-08-11 21:14:00 | sleep.weights.plasticity       | INFO  | Hard-clipped 34 w_cons parameters to delta_max=0.1000 bound.
2026-08-11 21:14:00 | sleep.weights.plasticity       | INFO  | Hard-clipped 33 w_cons parameters to delta_max=0.1000 bound.
2026-08-11 21:14:01 | sleep.weights.plasticity       | INFO  | Hard-clipped 35 w_cons parameters to delta_max=0.1000 bound.
2026-08-11 21:14:01 | sleep.weights.plasticity       | INFO  | Hard-clipped 34 w_cons parameters to delta_max=0.1000 bound.
2026-08-11 21:14:01 | sleep.weights.plasticity       | INFO  | Hard-clipped 34 w_cons parameters to delta_max=0.1000 bound.
2026-08-11 21:14:01 | sleep.weights.plasticity       | INFO  | Hard-clipped 33 w_cons parameters to delta_max=0.1000 bound.
2026-08-11 21:14:01 | sleep.weights.plasticity       | INFO  | Hard-clipped 32 w_cons parameters to delta_max=0.1000 bound.
2026-08-11 21:14:01 | sleep.weights.plasticity       | INFO  | Hard-clipped 32 w_cons parameters to delta_max=0.1000 bound.
2026-08-11 21:14:02 | sleep.weights.plasticity       | INFO  | Hard-clipped 32 w_cons parameters to delta_max=0.1000 bound.
2026-08-11 21:14:02 | sleep.weights.plasticity       | INFO  | Hard-clipped 30 w_cons parameters to delta_max=0.1000 bound.
2026-08-11 21:14:02 | sleep.weights.plasticity       | INFO  | Hard-clipped 32 w_cons parameters to delta_max=0.1000 bound.
2026-08-11 21:14:02 | sleep.weights.plasticity       | INFO  | Hard-clipped 27 w_cons parameters to delta_max=0.1000 bound.
2026-08-11 21:14:02 | sleep.weights.plasticity       | INFO  | Hard-clipped 28 w_cons parameters to delta_max=0.1000 bound.
2026-08-11 21:14:02 | sleep.weights.plasticity       | INFO  | Hard-clipped 29 w_cons parameters to delta_max=0.1000 bound.
2026-08-11 21:14:02 | sleep.weights.plasticity       | INFO  | Hard-clipped 32 w_cons parameters to delta_max=0.1000 bound.
2026-08-11 21:14:03 | sleep.weights.plasticity       | INFO  | Hard-clipped 33 w_cons parameters to delta_max=0.1000 bound.
2026-08-11 21:14:03 | sleep.weights.plasticity       | INFO  | Hard-clipped 33 w_cons parameters to delta_max=0.1000 bound.
2026-08-11 21:14:03 | sleep.weights.plasticity       | INFO  | Hard-clipped 33 w_cons parameters to delta_max=0.1000 bound.
2026-08-11 21:14:03 | sleep.weights.plasticity       | INFO  | Hard-clipped 33 w_cons parameters to delta_max=0.1000 bound.
2026-08-11 21:14:03 | sleep.weights.plasticity       | INFO  | Hard-clipped 34 w_cons parameters to delta_max=0.1000 bound.
2026-08-11 21:14:03 | sleep.weights.plasticity       | INFO  | Hard-clipped 34 w_cons parameters to delta_max=0.1000 bound.
2026-08-11 21:14:03 | sleep.weights.plasticity       | INFO  | Hard-clipped 31 w_cons parameters to delta_max=0.1000 bound.
2026-08-11 21:14:04 | sleep.weights.plasticity       | INFO  | Hard-clipped 33 w_cons parameters to delta_max=0.1000 bound.
2026-08-11 21:14:04 | sleep.weights.plasticity       | INFO  | Hard-clipped 33 w_cons parameters to delta_max=0.1000 bound.
2026-08-11 21:14:04 | sleep.weights.plasticity       | INFO  | Hard-clipped 33 w_cons parameters to delta_max=0.1000 bound.
2026-08-11 21:14:04 | sleep.weights.plasticity       | INFO  | Hard-clipped 35 w_cons parameters to delta_max=0.1000 bound.
2026-08-11 21:14:04 | sleep.weights.plasticity       | INFO  | Hard-clipped 35 w_cons parameters to delta_max=0.1000 bound.
2026-08-11 21:14:04 | sleep.sleep_engine.train       | INFO  |   distill step 1050/1500 | loss=0.5880 (kl=0.3759 ce=0.4242) | lr=2.50e-05
2026-08-11 21:14:04 | sleep.weights.plasticity       | INFO  | Hard-clipped 36 w_cons parameters to delta_max=0.1000 bound.
2026-08-11 21:14:04 | sleep.weights.plasticity       | INFO  | Hard-clipped 36 w_cons parameters to delta_max=0.1000 bound.
2026-08-11 21:14:05 | sleep.weights.plasticity       | INFO  | Hard-clipped 36 w_cons parameters to delta_max=0.1000 bound.
2026-08-11 21:14:05 | sleep.weights.plasticity       | INFO  | Hard-clipped 36 w_cons parameters to delta_max=0.1000 bound.
2026-08-11 21:14:05 | sleep.weights.plasticity       | INFO  | Hard-clipped 36 w_cons parameters to delta_max=0.1000 bound.
2026-08-11 21:14:05 | sleep.weights.plasticity       | INFO  | Hard-clipped 36 w_cons parameters to delta_max=0.1000 bound.
2026-08-11 21:14:05 | sleep.weights.plasticity       | INFO  | Hard-clipped 35 w_cons parameters to delta_max=0.1000 bound.
2026-08-11 21:14:05 | sleep.weights.plasticity       | INFO  | Hard-clipped 35 w_cons parameters to delta_max=0.1000 bound.
2026-08-11 21:14:05 | sleep.weights.plasticity       | INFO  | Hard-clipped 35 w_cons parameters to delta_max=0.1000 bound.
2026-08-11 21:14:06 | sleep.weights.plasticity       | INFO  | Hard-clipped 35 w_cons parameters to delta_max=0.1000 bound.
2026-08-11 21:14:06 | sleep.weights.plasticity       | INFO  | Hard-clipped 35 w_cons parameters to delta_max=0.1000 bound.
2026-08-11 21:14:06 | sleep.weights.plasticity       | INFO  | Hard-clipped 35 w_cons parameters to delta_max=0.1000 bound.
2026-08-11 21:14:06 | sleep.weights.plasticity       | INFO  | Hard-clipped 36 w_cons parameters to delta_max=0.1000 bound.
2026-08-11 21:14:06 | sleep.weights.plasticity       | INFO  | Hard-clipped 36 w_cons parameters to delta_max=0.1000 bound.
2026-08-11 21:14:06 | sleep.weights.plasticity       | INFO  | Hard-clipped 35 w_cons parameters to delta_max=0.1000 bound.
2026-08-11 21:14:06 | sleep.weights.plasticity       | INFO  | Hard-clipped 35 w_cons parameters to delta_max=0.1000 bound.
2026-08-11 21:14:07 | sleep.weights.plasticity       | INFO  | Hard-clipped 35 w_cons parameters to delta_max=0.1000 bound.
2026-08-11 21:14:07 | sleep.weights.plasticity       | INFO  | Hard-clipped 36 w_cons parameters to delta_max=0.1000 bound.
2026-08-11 21:14:07 | sleep.weights.plasticity       | INFO  | Hard-clipped 36 w_cons parameters to delta_max=0.1000 bound.
2026-08-11 21:14:07 | sleep.weights.plasticity       | INFO  | Hard-clipped 35 w_cons parameters to delta_max=0.1000 bound.
2026-08-11 21:14:07 | sleep.weights.plasticity       | INFO  | Hard-clipped 35 w_cons parameters to delta_max=0.1000 bound.
2026-08-11 21:14:07 | sleep.weights.plasticity       | INFO  | Hard-clipped 35 w_cons parameters to delta_max=0.1000 bound.
2026-08-11 21:14:07 | sleep.weights.plasticity       | INFO  | Hard-clipped 34 w_cons parameters to delta_max=0.1000 bound.
2026-08-11 21:14:08 | sleep.weights.plasticity       | INFO  | Hard-clipped 33 w_cons parameters to delta_max=0.1000 bound.
2026-08-11 21:14:08 | sleep.weights.plasticity       | INFO  | Hard-clipped 34 w_cons parameters to delta_max=0.1000 bound.
2026-08-11 21:14:08 | sleep.weights.plasticity       | INFO  | Hard-clipped 32 w_cons parameters to delta_max=0.1000 bound.
2026-08-11 21:14:08 | sleep.weights.plasticity       | INFO  | Hard-clipped 30 w_cons parameters to delta_max=0.1000 bound.
2026-08-11 21:14:08 | sleep.weights.plasticity       | INFO  | Hard-clipped 31 w_cons parameters to delta_max=0.1000 bound.
2026-08-11 21:14:08 | sleep.weights.plasticity       | INFO  | Hard-clipped 32 w_cons parameters to delta_max=0.1000 bound.
2026-08-11 21:14:08 | sleep.weights.plasticity       | INFO  | Hard-clipped 33 w_cons parameters to delta_max=0.1000 bound.
2026-08-11 21:14:09 | sleep.weights.plasticity       | INFO  | Hard-clipped 33 w_cons parameters to delta_max=0.1000 bound.
2026-08-11 21:14:09 | sleep.weights.plasticity       | INFO  | Hard-clipped 35 w_cons parameters to delta_max=0.1000 bound.
2026-08-11 21:14:09 | sleep.weights.plasticity       | INFO  | Hard-clipped 35 w_cons parameters to delta_max=0.1000 bound.
2026-08-11 21:14:09 | sleep.weights.plasticity       | INFO  | Hard-clipped 36 w_cons parameters to delta_max=0.1000 bound.
2026-08-11 21:14:09 | sleep.weights.plasticity       | INFO  | Hard-clipped 36 w_cons parameters to delta_max=0.1000 bound.
2026-08-11 21:14:09 | sleep.weights.plasticity       | INFO  | Hard-clipped 35 w_cons parameters to delta_max=0.1000 bound.
2026-08-11 21:14:09 | sleep.weights.plasticity       | INFO  | Hard-clipped 35 w_cons parameters to delta_max=0.1000 bound.
2026-08-11 21:14:10 | sleep.weights.plasticity       | INFO  | Hard-clipped 35 w_cons parameters to delta_max=0.1000 bound.
2026-08-11 21:14:10 | sleep.weights.plasticity       | INFO  | Hard-clipped 32 w_cons parameters to delta_max=0.1000 bound.
2026-08-11 21:14:10 | sleep.weights.plasticity       | INFO  | Hard-clipped 32 w_cons parameters to delta_max=0.1000 bound.
2026-08-11 21:14:10 | sleep.weights.plasticity       | INFO  | Hard-clipped 34 w_cons parameters to delta_max=0.1000 bound.
2026-08-11 21:14:10 | sleep.weights.plasticity       | INFO  | Hard-clipped 33 w_cons parameters to delta_max=0.1000 bound.
2026-08-11 21:14:10 | sleep.weights.plasticity       | INFO  | Hard-clipped 30 w_cons parameters to delta_max=0.1000 bound.
2026-08-11 21:14:10 | sleep.weights.plasticity       | INFO  | Hard-clipped 32 w_cons parameters to delta_max=0.1000 bound.
2026-08-11 21:14:11 | sleep.weights.plasticity       | INFO  | Hard-clipped 33 w_cons parameters to delta_max=0.1000 bound.
2026-08-11 21:14:11 | sleep.weights.plasticity       | INFO  | Hard-clipped 33 w_cons parameters to delta_max=0.1000 bound.
2026-08-11 21:14:11 | sleep.weights.plasticity       | INFO  | Hard-clipped 32 w_cons parameters to delta_max=0.1000 bound.
2026-08-11 21:14:11 | sleep.weights.plasticity       | INFO  | Hard-clipped 32 w_cons parameters to delta_max=0.1000 bound.
2026-08-11 21:14:11 | sleep.weights.plasticity       | INFO  | Hard-clipped 33 w_cons parameters to delta_max=0.1000 bound.
2026-08-11 21:14:11 | sleep.weights.plasticity       | INFO  | Hard-clipped 33 w_cons parameters to delta_max=0.1000 bound.
2026-08-11 21:14:11 | sleep.weights.plasticity       | INFO  | Hard-clipped 35 w_cons parameters to delta_max=0.1000 bound.
2026-08-11 21:14:12 | sleep.weights.plasticity       | INFO  | Hard-clipped 35 w_cons parameters to delta_max=0.1000 bound.
2026-08-11 21:14:12 | sleep.weights.plasticity       | INFO  | Hard-clipped 35 w_cons parameters to delta_max=0.1000 bound.
2026-08-11 21:14:12 | sleep.weights.plasticity       | INFO  | Hard-clipped 35 w_cons parameters to delta_max=0.1000 bound.
2026-08-11 21:14:12 | sleep.weights.plasticity       | INFO  | Hard-clipped 35 w_cons parameters to delta_max=0.1000 bound.
2026-08-11 21:14:12 | sleep.weights.plasticity       | INFO  | Hard-clipped 35 w_cons parameters to delta_max=0.1000 bound.
2026-08-11 21:14:12 | sleep.weights.plasticity       | INFO  | Hard-clipped 35 w_cons parameters to delta_max=0.1000 bound.
2026-08-11 21:14:13 | sleep.weights.plasticity       | INFO  | Hard-clipped 35 w_cons parameters to delta_max=0.1000 bound.
2026-08-11 21:14:13 | sleep.weights.plasticity       | INFO  | Hard-clipped 35 w_cons parameters to delta_max=0.1000 bound.
2026-08-11 21:14:13 | sleep.weights.plasticity       | INFO  | Hard-clipped 36 w_cons parameters to delta_max=0.1000 bound.
2026-08-11 21:14:13 | sleep.weights.plasticity       | INFO  | Hard-clipped 36 w_cons parameters to delta_max=0.1000 bound.
2026-08-11 21:14:13 | sleep.weights.plasticity       | INFO  | Hard-clipped 36 w_cons parameters to delta_max=0.1000 bound.
2026-08-11 21:14:13 | sleep.weights.plasticity       | INFO  | Hard-clipped 36 w_cons parameters to delta_max=0.1000 bound.
2026-08-11 21:14:13 | sleep.weights.plasticity       | INFO  | Hard-clipped 35 w_cons parameters to delta_max=0.1000 bound.
2026-08-11 21:14:14 | sleep.weights.plasticity       | INFO  | Hard-clipped 35 w_cons parameters to delta_max=0.1000 bound.
2026-08-11 21:14:14 | sleep.weights.plasticity       | INFO  | Hard-clipped 35 w_cons parameters to delta_max=0.1000 bound.
2026-08-11 21:14:14 | sleep.weights.plasticity       | INFO  | Hard-clipped 36 w_cons parameters to delta_max=0.1000 bound.
2026-08-11 21:14:14 | sleep.weights.plasticity       | INFO  | Hard-clipped 32 w_cons parameters to delta_max=0.1000 bound.
2026-08-11 21:14:14 | sleep.weights.plasticity       | INFO  | Hard-clipped 32 w_cons parameters to delta_max=0.1000 bound.
2026-08-11 21:14:14 | sleep.weights.plasticity       | INFO  | Hard-clipped 32 w_cons parameters to delta_max=0.1000 bound.
2026-08-11 21:14:14 | sleep.weights.plasticity       | INFO  | Hard-clipped 32 w_cons parameters to delta_max=0.1000 bound.
2026-08-11 21:14:15 | sleep.weights.plasticity       | INFO  | Hard-clipped 35 w_cons parameters to delta_max=0.1000 bound.
2026-08-11 21:14:15 | sleep.weights.plasticity       | INFO  | Hard-clipped 35 w_cons parameters to delta_max=0.1000 bound.
2026-08-11 21:14:15 | sleep.weights.plasticity       | INFO  | Hard-clipped 36 w_cons parameters to delta_max=0.1000 bound.
2026-08-11 21:14:15 | sleep.weights.plasticity       | INFO  | Hard-clipped 36 w_cons parameters to delta_max=0.1000 bound.
2026-08-11 21:14:15 | sleep.weights.plasticity       | INFO  | Hard-clipped 36 w_cons parameters to delta_max=0.1000 bound.
2026-08-11 21:14:15 | sleep.weights.plasticity       | INFO  | Hard-clipped 28 w_cons parameters to delta_max=0.1000 bound.
2026-08-11 21:14:15 | sleep.weights.plasticity       | INFO  | Hard-clipped 31 w_cons parameters to delta_max=0.1000 bound.
2026-08-11 21:14:16 | sleep.weights.plasticity       | INFO  | Hard-clipped 34 w_cons parameters to delta_max=0.1000 bound.
2026-08-11 21:14:16 | sleep.weights.plasticity       | INFO  | Hard-clipped 36 w_cons parameters to delta_max=0.1000 bound.
2026-08-11 21:14:16 | sleep.weights.plasticity       | INFO  | Hard-clipped 36 w_cons parameters to delta_max=0.1000 bound.
2026-08-11 21:14:16 | sleep.weights.plasticity       | INFO  | Hard-clipped 36 w_cons parameters to delta_max=0.1000 bound.
2026-08-11 21:14:16 | sleep.weights.plasticity       | INFO  | Hard-clipped 36 w_cons parameters to delta_max=0.1000 bound.
2026-08-11 21:14:16 | sleep.weights.plasticity       | INFO  | Hard-clipped 35 w_cons parameters to delta_max=0.1000 bound.
2026-08-11 21:14:16 | sleep.weights.plasticity       | INFO  | Hard-clipped 35 w_cons parameters to delta_max=0.1000 bound.
2026-08-11 21:14:17 | sleep.weights.plasticity       | INFO  | Hard-clipped 36 w_cons parameters to delta_max=0.1000 bound.
2026-08-11 21:14:17 | sleep.weights.plasticity       | INFO  | Hard-clipped 36 w_cons parameters to delta_max=0.1000 bound.
2026-08-11 21:14:17 | sleep.weights.plasticity       | INFO  | Hard-clipped 35 w_cons parameters to delta_max=0.1000 bound.
2026-08-11 21:14:17 | sleep.weights.plasticity       | INFO  | Hard-clipped 36 w_cons parameters to delta_max=0.1000 bound.
2026-08-11 21:14:17 | sleep.weights.plasticity       | INFO  | Hard-clipped 36 w_cons parameters to delta_max=0.1000 bound.
2026-08-11 21:14:17 | sleep.weights.plasticity       | INFO  | Hard-clipped 36 w_cons parameters to delta_max=0.1000 bound.
2026-08-11 21:14:17 | sleep.weights.plasticity       | INFO  | Hard-clipped 36 w_cons parameters to delta_max=0.1000 bound.
2026-08-11 21:14:18 | sleep.weights.plasticity       | INFO  | Hard-clipped 36 w_cons parameters to delta_max=0.1000 bound.
2026-08-11 21:14:18 | sleep.weights.plasticity       | INFO  | Hard-clipped 36 w_cons parameters to delta_max=0.1000 bound.
2026-08-11 21:14:18 | sleep.weights.plasticity       | INFO  | Hard-clipped 35 w_cons parameters to delta_max=0.1000 bound.
2026-08-11 21:14:18 | sleep.weights.plasticity       | INFO  | Hard-clipped 36 w_cons parameters to delta_max=0.1000 bound.
2026-08-11 21:14:18 | sleep.weights.plasticity       | INFO  | Hard-clipped 35 w_cons parameters to delta_max=0.1000 bound.
2026-08-11 21:14:18 | sleep.weights.plasticity       | INFO  | Hard-clipped 35 w_cons parameters to delta_max=0.1000 bound.
2026-08-11 21:14:19 | sleep.weights.plasticity       | INFO  | Hard-clipped 35 w_cons parameters to delta_max=0.1000 bound.
2026-08-11 21:14:19 | sleep.weights.plasticity       | INFO  | Hard-clipped 35 w_cons parameters to delta_max=0.1000 bound.
2026-08-11 21:14:19 | sleep.weights.plasticity       | INFO  | Hard-clipped 36 w_cons parameters to delta_max=0.1000 bound.
2026-08-11 21:14:19 | sleep.weights.plasticity       | INFO  | Hard-clipped 35 w_cons parameters to delta_max=0.1000 bound.
2026-08-11 21:14:19 | sleep.weights.plasticity       | INFO  | Hard-clipped 35 w_cons parameters to delta_max=0.1000 bound.
2026-08-11 21:14:19 | sleep.weights.plasticity       | INFO  | Hard-clipped 35 w_cons parameters to delta_max=0.1000 bound.
2026-08-11 21:14:19 | sleep.weights.plasticity       | INFO  | Hard-clipped 35 w_cons parameters to delta_max=0.1000 bound.
2026-08-11 21:14:20 | sleep.weights.plasticity       | INFO  | Hard-clipped 32 w_cons parameters to delta_max=0.1000 bound.
2026-08-11 21:14:20 | sleep.weights.plasticity       | INFO  | Hard-clipped 32 w_cons parameters to delta_max=0.1000 bound.
2026-08-11 21:14:20 | sleep.weights.plasticity       | INFO  | Hard-clipped 33 w_cons parameters to delta_max=0.1000 bound.
2026-08-11 21:14:20 | sleep.weights.plasticity       | INFO  | Hard-clipped 34 w_cons parameters to delta_max=0.1000 bound.
2026-08-11 21:14:20 | sleep.weights.plasticity       | INFO  | Hard-clipped 35 w_cons parameters to delta_max=0.1000 bound.
2026-08-11 21:14:20 | sleep.weights.plasticity       | INFO  | Hard-clipped 36 w_cons parameters to delta_max=0.1000 bound.
2026-08-11 21:14:21 | sleep.weights.plasticity       | INFO  | Hard-clipped 36 w_cons parameters to delta_max=0.1000 bound.
2026-08-11 21:14:21 | sleep.weights.plasticity       | INFO  | Hard-clipped 36 w_cons parameters to delta_max=0.1000 bound.
2026-08-11 21:14:21 | sleep.weights.plasticity       | INFO  | Hard-clipped 36 w_cons parameters to delta_max=0.1000 bound.
2026-08-11 21:14:21 | sleep.weights.plasticity       | INFO  | Hard-clipped 36 w_cons parameters to delta_max=0.1000 bound.
2026-08-11 21:14:21 | sleep.weights.plasticity       | INFO  | Hard-clipped 36 w_cons parameters to delta_max=0.1000 bound.
2026-08-11 21:14:21 | sleep.weights.plasticity       | INFO  | Hard-clipped 36 w_cons parameters to delta_max=0.1000 bound.
2026-08-11 21:14:21 | sleep.weights.plasticity       | INFO  | Hard-clipped 36 w_cons parameters to delta_max=0.1000 bound.
2026-08-11 21:14:22 | sleep.weights.plasticity       | INFO  | Hard-clipped 36 w_cons parameters to delta_max=0.1000 bound.
2026-08-11 21:14:22 | sleep.weights.plasticity       | INFO  | Hard-clipped 36 w_cons parameters to delta_max=0.1000 bound.
2026-08-11 21:14:22 | sleep.weights.plasticity       | INFO  | Hard-clipped 36 w_cons parameters to delta_max=0.1000 bound.
2026-08-11 21:14:22 | sleep.weights.plasticity       | INFO  | Hard-clipped 36 w_cons parameters to delta_max=0.1000 bound.
2026-08-11 21:14:22 | sleep.weights.plasticity       | INFO  | Hard-clipped 36 w_cons parameters to delta_max=0.1000 bound.
2026-08-11 21:14:22 | sleep.weights.plasticity       | INFO  | Hard-clipped 35 w_cons parameters to delta_max=0.1000 bound.
2026-08-11 21:14:22 | sleep.weights.plasticity       | INFO  | Hard-clipped 35 w_cons parameters to delta_max=0.1000 bound.
2026-08-11 21:14:23 | sleep.weights.plasticity       | INFO  | Hard-clipped 35 w_cons parameters to delta_max=0.1000 bound.
2026-08-11 21:14:23 | sleep.weights.plasticity       | INFO  | Hard-clipped 35 w_cons parameters to delta_max=0.1000 bound.
2026-08-11 21:14:23 | sleep.weights.plasticity       | INFO  | Hard-clipped 34 w_cons parameters to delta_max=0.1000 bound.
2026-08-11 21:14:23 | sleep.weights.plasticity       | INFO  | Hard-clipped 34 w_cons parameters to delta_max=0.1000 bound.
2026-08-11 21:14:23 | sleep.weights.plasticity       | INFO  | Hard-clipped 34 w_cons parameters to delta_max=0.1000 bound.
2026-08-11 21:14:23 | sleep.weights.plasticity       | INFO  | Hard-clipped 34 w_cons parameters to delta_max=0.1000 bound.
2026-08-11 21:14:24 | sleep.weights.plasticity       | INFO  | Hard-clipped 26 w_cons parameters to delta_max=0.1000 bound.
2026-08-11 21:14:24 | sleep.weights.plasticity       | INFO  | Hard-clipped 28 w_cons parameters to delta_max=0.1000 bound.
2026-08-11 21:14:24 | sleep.weights.plasticity       | INFO  | Hard-clipped 29 w_cons parameters to delta_max=0.1000 bound.
2026-08-11 21:14:24 | sleep.weights.plasticity       | INFO  | Hard-clipped 29 w_cons parameters to delta_max=0.1000 bound.
2026-08-11 21:14:24 | sleep.weights.plasticity       | INFO  | Hard-clipped 31 w_cons parameters to delta_max=0.1000 bound.
2026-08-11 21:14:24 | sleep.weights.plasticity       | INFO  | Hard-clipped 32 w_cons parameters to delta_max=0.1000 bound.
2026-08-11 21:14:24 | sleep.weights.plasticity       | INFO  | Hard-clipped 31 w_cons parameters to delta_max=0.1000 bound.
2026-08-11 21:14:25 | sleep.weights.plasticity       | INFO  | Hard-clipped 31 w_cons parameters to delta_max=0.1000 bound.
2026-08-11 21:14:25 | sleep.weights.plasticity       | INFO  | Hard-clipped 30 w_cons parameters to delta_max=0.1000 bound.
2026-08-11 21:14:25 | sleep.weights.plasticity       | INFO  | Hard-clipped 30 w_cons parameters to delta_max=0.1000 bound.
2026-08-11 21:14:25 | sleep.weights.plasticity       | INFO  | Hard-clipped 32 w_cons parameters to delta_max=0.1000 bound.
2026-08-11 21:14:25 | sleep.weights.plasticity       | INFO  | Hard-clipped 33 w_cons parameters to delta_max=0.1000 bound.
2026-08-11 21:14:25 | sleep.weights.plasticity       | INFO  | Hard-clipped 33 w_cons parameters to delta_max=0.1000 bound.
2026-08-11 21:14:25 | sleep.weights.plasticity       | INFO  | Hard-clipped 33 w_cons parameters to delta_max=0.1000 bound.
2026-08-11 21:14:26 | sleep.weights.plasticity       | INFO  | Hard-clipped 34 w_cons parameters to delta_max=0.1000 bound.
2026-08-11 21:14:26 | sleep.weights.plasticity       | INFO  | Hard-clipped 35 w_cons parameters to delta_max=0.1000 bound.
2026-08-11 21:14:26 | sleep.weights.plasticity       | INFO  | Hard-clipped 35 w_cons parameters to delta_max=0.1000 bound.
2026-08-11 21:14:26 | sleep.weights.plasticity       | INFO  | Hard-clipped 36 w_cons parameters to delta_max=0.1000 bound.
2026-08-11 21:14:26 | sleep.weights.plasticity       | INFO  | Hard-clipped 36 w_cons parameters to delta_max=0.1000 bound.
2026-08-11 21:14:26 | sleep.sleep_engine.train       | INFO  |   distill step 1200/1500 | loss=0.6018 (kl=0.3856 ce=0.4323) | lr=1.17e-05
2026-08-11 21:14:26 | sleep.weights.plasticity       | INFO  | Hard-clipped 36 w_cons parameters to delta_max=0.1000 bound.
2026-08-11 21:14:26 | sleep.weights.plasticity       | INFO  | Hard-clipped 36 w_cons parameters to delta_max=0.1000 bound.
2026-08-11 21:14:27 | sleep.weights.plasticity       | INFO  | Hard-clipped 35 w_cons parameters to delta_max=0.1000 bound.
2026-08-11 21:14:27 | sleep.weights.plasticity       | INFO  | Hard-clipped 35 w_cons parameters to delta_max=0.1000 bound.
2026-08-11 21:14:27 | sleep.weights.plasticity       | INFO  | Hard-clipped 36 w_cons parameters to delta_max=0.1000 bound.
2026-08-11 21:14:27 | sleep.weights.plasticity       | INFO  | Hard-clipped 36 w_cons parameters to delta_max=0.1000 bound.
2026-08-11 21:14:27 | sleep.weights.plasticity       | INFO  | Hard-clipped 36 w_cons parameters to delta_max=0.1000 bound.
2026-08-11 21:14:27 | sleep.weights.plasticity       | INFO  | Hard-clipped 36 w_cons parameters to delta_max=0.1000 bound.
2026-08-11 21:14:27 | sleep.weights.plasticity       | INFO  | Hard-clipped 36 w_cons parameters to delta_max=0.1000 bound.
2026-08-11 21:14:28 | sleep.weights.plasticity       | INFO  | Hard-clipped 36 w_cons parameters to delta_max=0.1000 bound.
2026-08-11 21:14:28 | sleep.weights.plasticity       | INFO  | Hard-clipped 36 w_cons parameters to delta_max=0.1000 bound.
2026-08-11 21:14:28 | sleep.weights.plasticity       | INFO  | Hard-clipped 36 w_cons parameters to delta_max=0.1000 bound.
2026-08-11 21:14:28 | sleep.weights.plasticity       | INFO  | Hard-clipped 36 w_cons parameters to delta_max=0.1000 bound.
2026-08-11 21:14:28 | sleep.weights.plasticity       | INFO  | Hard-clipped 35 w_cons parameters to delta_max=0.1000 bound.
2026-08-11 21:14:28 | sleep.weights.plasticity       | INFO  | Hard-clipped 34 w_cons parameters to delta_max=0.1000 bound.
2026-08-11 21:14:28 | sleep.weights.plasticity       | INFO  | Hard-clipped 33 w_cons parameters to delta_max=0.1000 bound.
2026-08-11 21:14:29 | sleep.weights.plasticity       | INFO  | Hard-clipped 34 w_cons parameters to delta_max=0.1000 bound.
2026-08-11 21:14:29 | sleep.weights.plasticity       | INFO  | Hard-clipped 34 w_cons parameters to delta_max=0.1000 bound.
2026-08-11 21:14:29 | sleep.weights.plasticity       | INFO  | Hard-clipped 31 w_cons parameters to delta_max=0.1000 bound.
2026-08-11 21:14:29 | sleep.weights.plasticity       | INFO  | Hard-clipped 28 w_cons parameters to delta_max=0.1000 bound.
2026-08-11 21:14:29 | sleep.weights.plasticity       | INFO  | Hard-clipped 32 w_cons parameters to delta_max=0.1000 bound.
2026-08-11 21:14:29 | sleep.weights.plasticity       | INFO  | Hard-clipped 34 w_cons parameters to delta_max=0.1000 bound.
2026-08-11 21:14:29 | sleep.weights.plasticity       | INFO  | Hard-clipped 34 w_cons parameters to delta_max=0.1000 bound.
2026-08-11 21:14:30 | sleep.weights.plasticity       | INFO  | Hard-clipped 35 w_cons parameters to delta_max=0.1000 bound.
2026-08-11 21:14:30 | sleep.weights.plasticity       | INFO  | Hard-clipped 35 w_cons parameters to delta_max=0.1000 bound.
2026-08-11 21:14:30 | sleep.weights.plasticity       | INFO  | Hard-clipped 35 w_cons parameters to delta_max=0.1000 bound.
2026-08-11 21:14:30 | sleep.weights.plasticity       | INFO  | Hard-clipped 35 w_cons parameters to delta_max=0.1000 bound.
2026-08-11 21:14:30 | sleep.weights.plasticity       | INFO  | Hard-clipped 35 w_cons parameters to delta_max=0.1000 bound.
2026-08-11 21:14:30 | sleep.weights.plasticity       | INFO  | Hard-clipped 35 w_cons parameters to delta_max=0.1000 bound.
2026-08-11 21:14:30 | sleep.weights.plasticity       | INFO  | Hard-clipped 35 w_cons parameters to delta_max=0.1000 bound.
2026-08-11 21:14:31 | sleep.weights.plasticity       | INFO  | Hard-clipped 35 w_cons parameters to delta_max=0.1000 bound.
2026-08-11 21:14:31 | sleep.weights.plasticity       | INFO  | Hard-clipped 35 w_cons parameters to delta_max=0.1000 bound.
2026-08-11 21:14:31 | sleep.weights.plasticity       | INFO  | Hard-clipped 36 w_cons parameters to delta_max=0.1000 bound.
2026-08-11 21:14:31 | sleep.weights.plasticity       | INFO  | Hard-clipped 36 w_cons parameters to delta_max=0.1000 bound.
2026-08-11 21:14:31 | sleep.weights.plasticity       | INFO  | Hard-clipped 36 w_cons parameters to delta_max=0.1000 bound.
2026-08-11 21:14:31 | sleep.weights.plasticity       | INFO  | Hard-clipped 36 w_cons parameters to delta_max=0.1000 bound.
2026-08-11 21:14:31 | sleep.weights.plasticity       | INFO  | Hard-clipped 36 w_cons parameters to delta_max=0.1000 bound.
2026-08-11 21:14:32 | sleep.weights.plasticity       | INFO  | Hard-clipped 36 w_cons parameters to delta_max=0.1000 bound.
2026-08-11 21:14:32 | sleep.weights.plasticity       | INFO  | Hard-clipped 36 w_cons parameters to delta_max=0.1000 bound.
2026-08-11 21:14:32 | sleep.weights.plasticity       | INFO  | Hard-clipped 36 w_cons parameters to delta_max=0.1000 bound.
2026-08-11 21:14:32 | sleep.weights.plasticity       | INFO  | Hard-clipped 36 w_cons parameters to delta_max=0.1000 bound.
2026-08-11 21:14:32 | sleep.weights.plasticity       | INFO  | Hard-clipped 35 w_cons parameters to delta_max=0.1000 bound.
2026-08-11 21:14:32 | sleep.weights.plasticity       | INFO  | Hard-clipped 35 w_cons parameters to delta_max=0.1000 bound.
2026-08-11 21:14:32 | sleep.weights.plasticity       | INFO  | Hard-clipped 34 w_cons parameters to delta_max=0.1000 bound.
2026-08-11 21:14:33 | sleep.weights.plasticity       | INFO  | Hard-clipped 36 w_cons parameters to delta_max=0.1000 bound.
2026-08-11 21:14:33 | sleep.weights.plasticity       | INFO  | Hard-clipped 36 w_cons parameters to delta_max=0.1000 bound.
2026-08-11 21:14:33 | sleep.weights.plasticity       | INFO  | Hard-clipped 35 w_cons parameters to delta_max=0.1000 bound.
2026-08-11 21:14:33 | sleep.weights.plasticity       | INFO  | Hard-clipped 33 w_cons parameters to delta_max=0.1000 bound.
2026-08-11 21:14:33 | sleep.weights.plasticity       | INFO  | Hard-clipped 33 w_cons parameters to delta_max=0.1000 bound.
2026-08-11 21:14:33 | sleep.weights.plasticity       | INFO  | Hard-clipped 31 w_cons parameters to delta_max=0.1000 bound.
2026-08-11 21:14:34 | sleep.weights.plasticity       | INFO  | Hard-clipped 30 w_cons parameters to delta_max=0.1000 bound.
2026-08-11 21:14:34 | sleep.weights.plasticity       | INFO  | Hard-clipped 29 w_cons parameters to delta_max=0.1000 bound.
2026-08-11 21:14:34 | sleep.weights.plasticity       | INFO  | Hard-clipped 25 w_cons parameters to delta_max=0.1000 bound.
2026-08-11 21:14:34 | sleep.weights.plasticity       | INFO  | Hard-clipped 26 w_cons parameters to delta_max=0.1000 bound.
2026-08-11 21:14:34 | sleep.weights.plasticity       | INFO  | Hard-clipped 24 w_cons parameters to delta_max=0.1000 bound.
2026-08-11 21:14:34 | sleep.weights.plasticity       | INFO  | Hard-clipped 25 w_cons parameters to delta_max=0.1000 bound.
2026-08-11 21:14:34 | sleep.weights.plasticity       | INFO  | Hard-clipped 29 w_cons parameters to delta_max=0.1000 bound.
2026-08-11 21:14:35 | sleep.weights.plasticity       | INFO  | Hard-clipped 27 w_cons parameters to delta_max=0.1000 bound.
2026-08-11 21:14:35 | sleep.weights.plasticity       | INFO  | Hard-clipped 27 w_cons parameters to delta_max=0.1000 bound.
2026-08-11 21:14:35 | sleep.weights.plasticity       | INFO  | Hard-clipped 28 w_cons parameters to delta_max=0.1000 bound.
2026-08-11 21:14:35 | sleep.weights.plasticity       | INFO  | Hard-clipped 29 w_cons parameters to delta_max=0.1000 bound.
2026-08-11 21:14:35 | sleep.weights.plasticity       | INFO  | Hard-clipped 30 w_cons parameters to delta_max=0.1000 bound.
2026-08-11 21:14:35 | sleep.weights.plasticity       | INFO  | Hard-clipped 31 w_cons parameters to delta_max=0.1000 bound.
2026-08-11 21:14:35 | sleep.weights.plasticity       | INFO  | Hard-clipped 31 w_cons parameters to delta_max=0.1000 bound.
2026-08-11 21:14:36 | sleep.weights.plasticity       | INFO  | Hard-clipped 33 w_cons parameters to delta_max=0.1000 bound.
2026-08-11 21:14:36 | sleep.weights.plasticity       | INFO  | Hard-clipped 36 w_cons parameters to delta_max=0.1000 bound.
2026-08-11 21:14:36 | sleep.weights.plasticity       | INFO  | Hard-clipped 36 w_cons parameters to delta_max=0.1000 bound.
2026-08-11 21:14:36 | sleep.weights.plasticity       | INFO  | Hard-clipped 36 w_cons parameters to delta_max=0.1000 bound.
2026-08-11 21:14:36 | sleep.weights.plasticity       | INFO  | Hard-clipped 35 w_cons parameters to delta_max=0.1000 bound.
2026-08-11 21:14:36 | sleep.weights.plasticity       | INFO  | Hard-clipped 36 w_cons parameters to delta_max=0.1000 bound.
2026-08-11 21:14:36 | sleep.weights.plasticity       | INFO  | Hard-clipped 36 w_cons parameters to delta_max=0.1000 bound.
2026-08-11 21:14:37 | sleep.weights.plasticity       | INFO  | Hard-clipped 36 w_cons parameters to delta_max=0.1000 bound.
2026-08-11 21:14:37 | sleep.weights.plasticity       | INFO  | Hard-clipped 36 w_cons parameters to delta_max=0.1000 bound.
2026-08-11 21:14:37 | sleep.weights.plasticity       | INFO  | Hard-clipped 36 w_cons parameters to delta_max=0.1000 bound.
2026-08-11 21:14:37 | sleep.weights.plasticity       | INFO  | Hard-clipped 36 w_cons parameters to delta_max=0.1000 bound.
2026-08-11 21:14:37 | sleep.weights.plasticity       | INFO  | Hard-clipped 36 w_cons parameters to delta_max=0.1000 bound.
2026-08-11 21:14:37 | sleep.weights.plasticity       | INFO  | Hard-clipped 36 w_cons parameters to delta_max=0.1000 bound.
2026-08-11 21:14:37 | sleep.weights.plasticity       | INFO  | Hard-clipped 36 w_cons parameters to delta_max=0.1000 bound.
2026-08-11 21:14:38 | sleep.weights.plasticity       | INFO  | Hard-clipped 33 w_cons parameters to delta_max=0.1000 bound.
2026-08-11 21:14:38 | sleep.weights.plasticity       | INFO  | Hard-clipped 34 w_cons parameters to delta_max=0.1000 bound.
2026-08-11 21:14:38 | sleep.weights.plasticity       | INFO  | Hard-clipped 36 w_cons parameters to delta_max=0.1000 bound.
2026-08-11 21:14:38 | sleep.weights.plasticity       | INFO  | Hard-clipped 36 w_cons parameters to delta_max=0.1000 bound.
2026-08-11 21:14:38 | sleep.weights.plasticity       | INFO  | Hard-clipped 36 w_cons parameters to delta_max=0.1000 bound.
2026-08-11 21:14:38 | sleep.weights.plasticity       | INFO  | Hard-clipped 36 w_cons parameters to delta_max=0.1000 bound.
2026-08-11 21:14:38 | sleep.weights.plasticity       | INFO  | Hard-clipped 36 w_cons parameters to delta_max=0.1000 bound.
2026-08-11 21:14:39 | sleep.weights.plasticity       | INFO  | Hard-clipped 36 w_cons parameters to delta_max=0.1000 bound.
2026-08-11 21:14:39 | sleep.weights.plasticity       | INFO  | Hard-clipped 36 w_cons parameters to delta_max=0.1000 bound.
2026-08-11 21:14:39 | sleep.weights.plasticity       | INFO  | Hard-clipped 36 w_cons parameters to delta_max=0.1000 bound.
2026-08-11 21:14:39 | sleep.weights.plasticity       | INFO  | Hard-clipped 36 w_cons parameters to delta_max=0.1000 bound.
2026-08-11 21:14:39 | sleep.weights.plasticity       | INFO  | Hard-clipped 36 w_cons parameters to delta_max=0.1000 bound.
2026-08-11 21:14:39 | sleep.weights.plasticity       | INFO  | Hard-clipped 34 w_cons parameters to delta_max=0.1000 bound.
2026-08-11 21:14:39 | sleep.weights.plasticity       | INFO  | Hard-clipped 33 w_cons parameters to delta_max=0.1000 bound.
2026-08-11 21:14:40 | sleep.weights.plasticity       | INFO  | Hard-clipped 33 w_cons parameters to delta_max=0.1000 bound.
2026-08-11 21:14:40 | sleep.weights.plasticity       | INFO  | Hard-clipped 32 w_cons parameters to delta_max=0.1000 bound.
2026-08-11 21:14:40 | sleep.weights.plasticity       | INFO  | Hard-clipped 32 w_cons parameters to delta_max=0.1000 bound.
2026-08-11 21:14:40 | sleep.weights.plasticity       | INFO  | Hard-clipped 23 w_cons parameters to delta_max=0.1000 bound.
2026-08-11 21:14:40 | sleep.weights.plasticity       | INFO  | Hard-clipped 23 w_cons parameters to delta_max=0.1000 bound.
2026-08-11 21:14:40 | sleep.weights.plasticity       | INFO  | Hard-clipped 23 w_cons parameters to delta_max=0.1000 bound.
2026-08-11 21:14:40 | sleep.weights.plasticity       | INFO  | Hard-clipped 23 w_cons parameters to delta_max=0.1000 bound.
2026-08-11 21:14:41 | sleep.weights.plasticity       | INFO  | Hard-clipped 21 w_cons parameters to delta_max=0.1000 bound.
2026-08-11 21:14:41 | sleep.weights.plasticity       | INFO  | Hard-clipped 22 w_cons parameters to delta_max=0.1000 bound.
2026-08-11 21:14:41 | sleep.weights.plasticity       | INFO  | Hard-clipped 25 w_cons parameters to delta_max=0.1000 bound.
2026-08-11 21:14:41 | sleep.weights.plasticity       | INFO  | Hard-clipped 24 w_cons parameters to delta_max=0.1000 bound.
2026-08-11 21:14:41 | sleep.weights.plasticity       | INFO  | Hard-clipped 27 w_cons parameters to delta_max=0.1000 bound.
2026-08-11 21:14:41 | sleep.weights.plasticity       | INFO  | Hard-clipped 27 w_cons parameters to delta_max=0.1000 bound.
2026-08-11 21:14:42 | sleep.weights.plasticity       | INFO  | Hard-clipped 29 w_cons parameters to delta_max=0.1000 bound.
2026-08-11 21:14:42 | sleep.weights.plasticity       | INFO  | Hard-clipped 28 w_cons parameters to delta_max=0.1000 bound.
2026-08-11 21:14:42 | sleep.weights.plasticity       | INFO  | Hard-clipped 28 w_cons parameters to delta_max=0.1000 bound.
2026-08-11 21:14:42 | sleep.weights.plasticity       | INFO  | Hard-clipped 28 w_cons parameters to delta_max=0.1000 bound.
2026-08-11 21:14:42 | sleep.weights.plasticity       | INFO  | Hard-clipped 29 w_cons parameters to delta_max=0.1000 bound.
2026-08-11 21:14:42 | sleep.weights.plasticity       | INFO  | Hard-clipped 29 w_cons parameters to delta_max=0.1000 bound.
2026-08-11 21:14:42 | sleep.weights.plasticity       | INFO  | Hard-clipped 29 w_cons parameters to delta_max=0.1000 bound.
2026-08-11 21:14:43 | sleep.weights.plasticity       | INFO  | Hard-clipped 29 w_cons parameters to delta_max=0.1000 bound.
2026-08-11 21:14:43 | sleep.weights.plasticity       | INFO  | Hard-clipped 29 w_cons parameters to delta_max=0.1000 bound.
2026-08-11 21:14:43 | sleep.weights.plasticity       | INFO  | Hard-clipped 32 w_cons parameters to delta_max=0.1000 bound.
2026-08-11 21:14:43 | sleep.weights.plasticity       | INFO  | Hard-clipped 32 w_cons parameters to delta_max=0.1000 bound.
2026-08-11 21:14:43 | sleep.weights.plasticity       | INFO  | Hard-clipped 33 w_cons parameters to delta_max=0.1000 bound.
2026-08-11 21:14:43 | sleep.weights.plasticity       | INFO  | Hard-clipped 33 w_cons parameters to delta_max=0.1000 bound.
2026-08-11 21:14:43 | sleep.weights.plasticity       | INFO  | Hard-clipped 34 w_cons parameters to delta_max=0.1000 bound.
2026-08-11 21:14:44 | sleep.weights.plasticity       | INFO  | Hard-clipped 35 w_cons parameters to delta_max=0.1000 bound.
2026-08-11 21:14:44 | sleep.weights.plasticity       | INFO  | Hard-clipped 35 w_cons parameters to delta_max=0.1000 bound.
2026-08-11 21:14:44 | sleep.weights.plasticity       | INFO  | Hard-clipped 35 w_cons parameters to delta_max=0.1000 bound.
2026-08-11 21:14:44 | sleep.weights.plasticity       | INFO  | Hard-clipped 35 w_cons parameters to delta_max=0.1000 bound.
2026-08-11 21:14:44 | sleep.weights.plasticity       | INFO  | Hard-clipped 35 w_cons parameters to delta_max=0.1000 bound.
2026-08-11 21:14:44 | sleep.weights.plasticity       | INFO  | Hard-clipped 35 w_cons parameters to delta_max=0.1000 bound.
2026-08-11 21:14:44 | sleep.weights.plasticity       | INFO  | Hard-clipped 35 w_cons parameters to delta_max=0.1000 bound.
2026-08-11 21:14:45 | sleep.weights.plasticity       | INFO  | Hard-clipped 36 w_cons parameters to delta_max=0.1000 bound.
2026-08-11 21:14:45 | sleep.weights.plasticity       | INFO  | Hard-clipped 35 w_cons parameters to delta_max=0.1000 bound.
2026-08-11 21:14:45 | sleep.weights.plasticity       | INFO  | Hard-clipped 36 w_cons parameters to delta_max=0.1000 bound.
2026-08-11 21:14:45 | sleep.weights.plasticity       | INFO  | Hard-clipped 36 w_cons parameters to delta_max=0.1000 bound.
2026-08-11 21:14:45 | sleep.weights.plasticity       | INFO  | Hard-clipped 36 w_cons parameters to delta_max=0.1000 bound.
2026-08-11 21:14:45 | sleep.weights.plasticity       | INFO  | Hard-clipped 36 w_cons parameters to delta_max=0.1000 bound.
2026-08-11 21:14:45 | sleep.weights.plasticity       | INFO  | Hard-clipped 36 w_cons parameters to delta_max=0.1000 bound.
2026-08-11 21:14:46 | sleep.weights.plasticity       | INFO  | Hard-clipped 36 w_cons parameters to delta_max=0.1000 bound.
2026-08-11 21:14:46 | sleep.weights.plasticity       | INFO  | Hard-clipped 36 w_cons parameters to delta_max=0.1000 bound.
2026-08-11 21:14:46 | sleep.weights.plasticity       | INFO  | Hard-clipped 36 w_cons parameters to delta_max=0.1000 bound.
2026-08-11 21:14:46 | sleep.weights.plasticity       | INFO  | Hard-clipped 36 w_cons parameters to delta_max=0.1000 bound.
2026-08-11 21:14:46 | sleep.weights.plasticity       | INFO  | Hard-clipped 36 w_cons parameters to delta_max=0.1000 bound.
2026-08-11 21:14:46 | sleep.weights.plasticity       | INFO  | Hard-clipped 36 w_cons parameters to delta_max=0.1000 bound.
2026-08-11 21:14:47 | sleep.weights.plasticity       | INFO  | Hard-clipped 35 w_cons parameters to delta_max=0.1000 bound.
2026-08-11 21:14:47 | sleep.weights.plasticity       | INFO  | Hard-clipped 35 w_cons parameters to delta_max=0.1000 bound.
2026-08-11 21:14:47 | sleep.weights.plasticity       | INFO  | Hard-clipped 36 w_cons parameters to delta_max=0.1000 bound.
2026-08-11 21:14:47 | sleep.weights.plasticity       | INFO  | Hard-clipped 36 w_cons parameters to delta_max=0.1000 bound.
2026-08-11 21:14:47 | sleep.weights.plasticity       | INFO  | Hard-clipped 35 w_cons parameters to delta_max=0.1000 bound.
2026-08-11 21:14:47 | sleep.weights.plasticity       | INFO  | Hard-clipped 35 w_cons parameters to delta_max=0.1000 bound.
2026-08-11 21:14:47 | sleep.weights.plasticity       | INFO  | Hard-clipped 36 w_cons parameters to delta_max=0.1000 bound.
2026-08-11 21:14:48 | sleep.weights.plasticity       | INFO  | Hard-clipped 36 w_cons parameters to delta_max=0.1000 bound.
2026-08-11 21:14:48 | sleep.weights.plasticity       | INFO  | Hard-clipped 36 w_cons parameters to delta_max=0.1000 bound.
2026-08-11 21:14:48 | sleep.weights.plasticity       | INFO  | Hard-clipped 36 w_cons parameters to delta_max=0.1000 bound.
2026-08-11 21:14:48 | sleep.weights.plasticity       | INFO  | Hard-clipped 36 w_cons parameters to delta_max=0.1000 bound.
2026-08-11 21:14:48 | sleep.sleep_engine.train       | INFO  |   distill step 1350/1500 | loss=0.7095 (kl=0.4522 ce=0.5145) | lr=3.02e-06
2026-08-11 21:14:48 | sleep.weights.plasticity       | INFO  | Hard-clipped 36 w_cons parameters to delta_max=0.1000 bound.
2026-08-11 21:14:48 | sleep.weights.plasticity       | INFO  | Hard-clipped 36 w_cons parameters to delta_max=0.1000 bound.
2026-08-11 21:14:48 | sleep.weights.plasticity       | INFO  | Hard-clipped 36 w_cons parameters to delta_max=0.1000 bound.
2026-08-11 21:14:49 | sleep.weights.plasticity       | INFO  | Hard-clipped 36 w_cons parameters to delta_max=0.1000 bound.
2026-08-11 21:14:49 | sleep.weights.plasticity       | INFO  | Hard-clipped 36 w_cons parameters to delta_max=0.1000 bound.
2026-08-11 21:14:49 | sleep.weights.plasticity       | INFO  | Hard-clipped 36 w_cons parameters to delta_max=0.1000 bound.
2026-08-11 21:14:49 | sleep.weights.plasticity       | INFO  | Hard-clipped 36 w_cons parameters to delta_max=0.1000 bound.
2026-08-11 21:14:49 | sleep.weights.plasticity       | INFO  | Hard-clipped 36 w_cons parameters to delta_max=0.1000 bound.
2026-08-11 21:14:49 | sleep.weights.plasticity       | INFO  | Hard-clipped 36 w_cons parameters to delta_max=0.1000 bound.
2026-08-11 21:14:49 | sleep.weights.plasticity       | INFO  | Hard-clipped 35 w_cons parameters to delta_max=0.1000 bound.
2026-08-11 21:14:50 | sleep.weights.plasticity       | INFO  | Hard-clipped 35 w_cons parameters to delta_max=0.1000 bound.
2026-08-11 21:14:50 | sleep.weights.plasticity       | INFO  | Hard-clipped 36 w_cons parameters to delta_max=0.1000 bound.
2026-08-11 21:14:50 | sleep.weights.plasticity       | INFO  | Hard-clipped 36 w_cons parameters to delta_max=0.1000 bound.
2026-08-11 21:14:50 | sleep.weights.plasticity       | INFO  | Hard-clipped 36 w_cons parameters to delta_max=0.1000 bound.
2026-08-11 21:14:50 | sleep.weights.plasticity       | INFO  | Hard-clipped 36 w_cons parameters to delta_max=0.1000 bound.
2026-08-11 21:14:50 | sleep.weights.plasticity       | INFO  | Hard-clipped 36 w_cons parameters to delta_max=0.1000 bound.
2026-08-11 21:14:50 | sleep.weights.plasticity       | INFO  | Hard-clipped 36 w_cons parameters to delta_max=0.1000 bound.
2026-08-11 21:14:51 | sleep.weights.plasticity       | INFO  | Hard-clipped 36 w_cons parameters to delta_max=0.1000 bound.
2026-08-11 21:14:51 | sleep.weights.plasticity       | INFO  | Hard-clipped 36 w_cons parameters to delta_max=0.1000 bound.
2026-08-11 21:14:51 | sleep.weights.plasticity       | INFO  | Hard-clipped 36 w_cons parameters to delta_max=0.1000 bound.
2026-08-11 21:14:51 | sleep.weights.plasticity       | INFO  | Hard-clipped 36 w_cons parameters to delta_max=0.1000 bound.
2026-08-11 21:14:51 | sleep.weights.plasticity       | INFO  | Hard-clipped 36 w_cons parameters to delta_max=0.1000 bound.
2026-08-11 21:14:51 | sleep.weights.plasticity       | INFO  | Hard-clipped 36 w_cons parameters to delta_max=0.1000 bound.
2026-08-11 21:14:51 | sleep.weights.plasticity       | INFO  | Hard-clipped 32 w_cons parameters to delta_max=0.1000 bound.
2026-08-11 21:14:52 | sleep.weights.plasticity       | INFO  | Hard-clipped 30 w_cons parameters to delta_max=0.1000 bound.
2026-08-11 21:14:52 | sleep.weights.plasticity       | INFO  | Hard-clipped 29 w_cons parameters to delta_max=0.1000 bound.
2026-08-11 21:14:52 | sleep.weights.plasticity       | INFO  | Hard-clipped 29 w_cons parameters to delta_max=0.1000 bound.
2026-08-11 21:14:52 | sleep.weights.plasticity       | INFO  | Hard-clipped 29 w_cons parameters to delta_max=0.1000 bound.
2026-08-11 21:14:52 | sleep.weights.plasticity       | INFO  | Hard-clipped 29 w_cons parameters to delta_max=0.1000 bound.
2026-08-11 21:14:52 | sleep.weights.plasticity       | INFO  | Hard-clipped 29 w_cons parameters to delta_max=0.1000 bound.
2026-08-11 21:14:52 | sleep.weights.plasticity       | INFO  | Hard-clipped 30 w_cons parameters to delta_max=0.1000 bound.
2026-08-11 21:14:53 | sleep.weights.plasticity       | INFO  | Hard-clipped 28 w_cons parameters to delta_max=0.1000 bound.
2026-08-11 21:14:53 | sleep.weights.plasticity       | INFO  | Hard-clipped 29 w_cons parameters to delta_max=0.1000 bound.
2026-08-11 21:14:53 | sleep.weights.plasticity       | INFO  | Hard-clipped 30 w_cons parameters to delta_max=0.1000 bound.
2026-08-11 21:14:53 | sleep.weights.plasticity       | INFO  | Hard-clipped 27 w_cons parameters to delta_max=0.1000 bound.
2026-08-11 21:14:53 | sleep.weights.plasticity       | INFO  | Hard-clipped 27 w_cons parameters to delta_max=0.1000 bound.
2026-08-11 21:14:53 | sleep.weights.plasticity       | INFO  | Hard-clipped 28 w_cons parameters to delta_max=0.1000 bound.
2026-08-11 21:14:53 | sleep.weights.plasticity       | INFO  | Hard-clipped 25 w_cons parameters to delta_max=0.1000 bound.
2026-08-11 21:14:54 | sleep.weights.plasticity       | INFO  | Hard-clipped 26 w_cons parameters to delta_max=0.1000 bound.
2026-08-11 21:14:54 | sleep.weights.plasticity       | INFO  | Hard-clipped 25 w_cons parameters to delta_max=0.1000 bound.
2026-08-11 21:14:54 | sleep.weights.plasticity       | INFO  | Hard-clipped 27 w_cons parameters to delta_max=0.1000 bound.
2026-08-11 21:14:54 | sleep.weights.plasticity       | INFO  | Hard-clipped 24 w_cons parameters to delta_max=0.1000 bound.
2026-08-11 21:14:54 | sleep.weights.plasticity       | INFO  | Hard-clipped 25 w_cons parameters to delta_max=0.1000 bound.
2026-08-11 21:14:54 | sleep.weights.plasticity       | INFO  | Hard-clipped 27 w_cons parameters to delta_max=0.1000 bound.
2026-08-11 21:14:54 | sleep.weights.plasticity       | INFO  | Hard-clipped 28 w_cons parameters to delta_max=0.1000 bound.
2026-08-11 21:14:55 | sleep.weights.plasticity       | INFO  | Hard-clipped 29 w_cons parameters to delta_max=0.1000 bound.
2026-08-11 21:14:55 | sleep.weights.plasticity       | INFO  | Hard-clipped 30 w_cons parameters to delta_max=0.1000 bound.
2026-08-11 21:14:55 | sleep.weights.plasticity       | INFO  | Hard-clipped 31 w_cons parameters to delta_max=0.1000 bound.
2026-08-11 21:14:55 | sleep.weights.plasticity       | INFO  | Hard-clipped 31 w_cons parameters to delta_max=0.1000 bound.
2026-08-11 21:14:55 | sleep.weights.plasticity       | INFO  | Hard-clipped 30 w_cons parameters to delta_max=0.1000 bound.
2026-08-11 21:14:55 | sleep.weights.plasticity       | INFO  | Hard-clipped 30 w_cons parameters to delta_max=0.1000 bound.
2026-08-11 21:14:55 | sleep.weights.plasticity       | INFO  | Hard-clipped 32 w_cons parameters to delta_max=0.1000 bound.
2026-08-11 21:14:56 | sleep.weights.plasticity       | INFO  | Hard-clipped 32 w_cons parameters to delta_max=0.1000 bound.
2026-08-11 21:14:56 | sleep.weights.plasticity       | INFO  | Hard-clipped 31 w_cons parameters to delta_max=0.1000 bound.
2026-08-11 21:14:56 | sleep.weights.plasticity       | INFO  | Hard-clipped 31 w_cons parameters to delta_max=0.1000 bound.
2026-08-11 21:14:56 | sleep.weights.plasticity       | INFO  | Hard-clipped 30 w_cons parameters to delta_max=0.1000 bound.
2026-08-11 21:14:56 | sleep.weights.plasticity       | INFO  | Hard-clipped 32 w_cons parameters to delta_max=0.1000 bound.
2026-08-11 21:14:56 | sleep.weights.plasticity       | INFO  | Hard-clipped 33 w_cons parameters to delta_max=0.1000 bound.
2026-08-11 21:14:56 | sleep.weights.plasticity       | INFO  | Hard-clipped 33 w_cons parameters to delta_max=0.1000 bound.
2026-08-11 21:14:57 | sleep.weights.plasticity       | INFO  | Hard-clipped 33 w_cons parameters to delta_max=0.1000 bound.
2026-08-11 21:14:57 | sleep.weights.plasticity       | INFO  | Hard-clipped 33 w_cons parameters to delta_max=0.1000 bound.
2026-08-11 21:14:57 | sleep.weights.plasticity       | INFO  | Hard-clipped 33 w_cons parameters to delta_max=0.1000 bound.
2026-08-11 21:14:57 | sleep.weights.plasticity       | INFO  | Hard-clipped 34 w_cons parameters to delta_max=0.1000 bound.
2026-08-11 21:14:57 | sleep.weights.plasticity       | INFO  | Hard-clipped 35 w_cons parameters to delta_max=0.1000 bound.
2026-08-11 21:14:57 | sleep.weights.plasticity       | INFO  | Hard-clipped 36 w_cons parameters to delta_max=0.1000 bound.
2026-08-11 21:14:57 | sleep.weights.plasticity       | INFO  | Hard-clipped 36 w_cons parameters to delta_max=0.1000 bound.
2026-08-11 21:14:58 | sleep.weights.plasticity       | INFO  | Hard-clipped 36 w_cons parameters to delta_max=0.1000 bound.
2026-08-11 21:14:58 | sleep.weights.plasticity       | INFO  | Hard-clipped 36 w_cons parameters to delta_max=0.1000 bound.
2026-08-11 21:14:58 | sleep.weights.plasticity       | INFO  | Hard-clipped 36 w_cons parameters to delta_max=0.1000 bound.
2026-08-11 21:14:58 | sleep.weights.plasticity       | INFO  | Hard-clipped 36 w_cons parameters to delta_max=0.1000 bound.
2026-08-11 21:14:58 | sleep.weights.plasticity       | INFO  | Hard-clipped 36 w_cons parameters to delta_max=0.1000 bound.
2026-08-11 21:14:58 | sleep.weights.plasticity       | INFO  | Hard-clipped 33 w_cons parameters to delta_max=0.1000 bound.
2026-08-11 21:14:58 | sleep.weights.plasticity       | INFO  | Hard-clipped 36 w_cons parameters to delta_max=0.1000 bound.
2026-08-11 21:14:59 | sleep.weights.plasticity       | INFO  | Hard-clipped 35 w_cons parameters to delta_max=0.1000 bound.
2026-08-11 21:14:59 | sleep.weights.plasticity       | INFO  | Hard-clipped 36 w_cons parameters to delta_max=0.1000 bound.
2026-08-11 21:14:59 | sleep.weights.plasticity       | INFO  | Hard-clipped 35 w_cons parameters to delta_max=0.1000 bound.
2026-08-11 21:14:59 | sleep.weights.plasticity       | INFO  | Hard-clipped 36 w_cons parameters to delta_max=0.1000 bound.
2026-08-11 21:14:59 | sleep.weights.plasticity       | INFO  | Hard-clipped 36 w_cons parameters to delta_max=0.1000 bound.
2026-08-11 21:14:59 | sleep.weights.plasticity       | INFO  | Hard-clipped 36 w_cons parameters to delta_max=0.1000 bound.
2026-08-11 21:14:59 | sleep.weights.plasticity       | INFO  | Hard-clipped 36 w_cons parameters to delta_max=0.1000 bound.
2026-08-11 21:15:00 | sleep.weights.plasticity       | INFO  | Hard-clipped 35 w_cons parameters to delta_max=0.1000 bound.
2026-08-11 21:15:00 | sleep.weights.plasticity       | INFO  | Hard-clipped 34 w_cons parameters to delta_max=0.1000 bound.
2026-08-11 21:15:00 | sleep.weights.plasticity       | INFO  | Hard-clipped 35 w_cons parameters to delta_max=0.1000 bound.
2026-08-11 21:15:00 | sleep.weights.plasticity       | INFO  | Hard-clipped 31 w_cons parameters to delta_max=0.1000 bound.
2026-08-11 21:15:00 | sleep.weights.plasticity       | INFO  | Hard-clipped 30 w_cons parameters to delta_max=0.1000 bound.
2026-08-11 21:15:00 | sleep.weights.plasticity       | INFO  | Hard-clipped 33 w_cons parameters to delta_max=0.1000 bound.
2026-08-11 21:15:00 | sleep.weights.plasticity       | INFO  | Hard-clipped 32 w_cons parameters to delta_max=0.1000 bound.
2026-08-11 21:15:01 | sleep.weights.plasticity       | INFO  | Hard-clipped 32 w_cons parameters to delta_max=0.1000 bound.
2026-08-11 21:15:01 | sleep.weights.plasticity       | INFO  | Hard-clipped 33 w_cons parameters to delta_max=0.1000 bound.
2026-08-11 21:15:01 | sleep.weights.plasticity       | INFO  | Hard-clipped 34 w_cons parameters to delta_max=0.1000 bound.
2026-08-11 21:15:01 | sleep.weights.plasticity       | INFO  | Hard-clipped 33 w_cons parameters to delta_max=0.1000 bound.
2026-08-11 21:15:01 | sleep.weights.plasticity       | INFO  | Hard-clipped 31 w_cons parameters to delta_max=0.1000 bound.
2026-08-11 21:15:01 | sleep.weights.plasticity       | INFO  | Hard-clipped 24 w_cons parameters to delta_max=0.1000 bound.
2026-08-11 21:15:01 | sleep.weights.plasticity       | INFO  | Hard-clipped 21 w_cons parameters to delta_max=0.1000 bound.
2026-08-11 21:15:02 | sleep.weights.plasticity       | INFO  | Hard-clipped 18 w_cons parameters to delta_max=0.1000 bound.
2026-08-11 21:15:02 | sleep.weights.plasticity       | INFO  | Hard-clipped 24 w_cons parameters to delta_max=0.1000 bound.
2026-08-11 21:15:02 | sleep.weights.plasticity       | INFO  | Hard-clipped 26 w_cons parameters to delta_max=0.1000 bound.
2026-08-11 21:15:02 | sleep.weights.plasticity       | INFO  | Hard-clipped 26 w_cons parameters to delta_max=0.1000 bound.
2026-08-11 21:15:02 | sleep.weights.plasticity       | INFO  | Hard-clipped 27 w_cons parameters to delta_max=0.1000 bound.
2026-08-11 21:15:02 | sleep.weights.plasticity       | INFO  | Hard-clipped 29 w_cons parameters to delta_max=0.1000 bound.
2026-08-11 21:15:02 | sleep.weights.plasticity       | INFO  | Hard-clipped 30 w_cons parameters to delta_max=0.1000 bound.
2026-08-11 21:15:03 | sleep.weights.plasticity       | INFO  | Hard-clipped 31 w_cons parameters to delta_max=0.1000 bound.
2026-08-11 21:15:03 | sleep.weights.plasticity       | INFO  | Hard-clipped 32 w_cons parameters to delta_max=0.1000 bound.
2026-08-11 21:15:03 | sleep.weights.plasticity       | INFO  | Hard-clipped 33 w_cons parameters to delta_max=0.1000 bound.
2026-08-11 21:15:03 | sleep.weights.plasticity       | INFO  | Hard-clipped 34 w_cons parameters to delta_max=0.1000 bound.
2026-08-11 21:15:03 | sleep.weights.plasticity       | INFO  | Hard-clipped 34 w_cons parameters to delta_max=0.1000 bound.
2026-08-11 21:15:03 | sleep.weights.plasticity       | INFO  | Hard-clipped 34 w_cons parameters to delta_max=0.1000 bound.
2026-08-11 21:15:03 | sleep.weights.plasticity       | INFO  | Hard-clipped 34 w_cons parameters to delta_max=0.1000 bound.
2026-08-11 21:15:04 | sleep.weights.plasticity       | INFO  | Hard-clipped 36 w_cons parameters to delta_max=0.1000 bound.
2026-08-11 21:15:04 | sleep.weights.plasticity       | INFO  | Hard-clipped 36 w_cons parameters to delta_max=0.1000 bound.
2026-08-11 21:15:04 | sleep.weights.plasticity       | INFO  | Hard-clipped 36 w_cons parameters to delta_max=0.1000 bound.
2026-08-11 21:15:04 | sleep.weights.plasticity       | INFO  | Hard-clipped 36 w_cons parameters to delta_max=0.1000 bound.
2026-08-11 21:15:04 | sleep.weights.plasticity       | INFO  | Hard-clipped 35 w_cons parameters to delta_max=0.1000 bound.
2026-08-11 21:15:04 | sleep.weights.plasticity       | INFO  | Hard-clipped 35 w_cons parameters to delta_max=0.1000 bound.
2026-08-11 21:15:05 | sleep.weights.plasticity       | INFO  | Hard-clipped 35 w_cons parameters to delta_max=0.1000 bound.
2026-08-11 21:15:05 | sleep.weights.plasticity       | INFO  | Hard-clipped 36 w_cons parameters to delta_max=0.1000 bound.
2026-08-11 21:15:05 | sleep.weights.plasticity       | INFO  | Hard-clipped 36 w_cons parameters to delta_max=0.1000 bound.
2026-08-11 21:15:05 | sleep.weights.plasticity       | INFO  | Hard-clipped 36 w_cons parameters to delta_max=0.1000 bound.
2026-08-11 21:15:05 | sleep.weights.plasticity       | INFO  | Hard-clipped 35 w_cons parameters to delta_max=0.1000 bound.
2026-08-11 21:15:05 | sleep.weights.plasticity       | INFO  | Hard-clipped 35 w_cons parameters to delta_max=0.1000 bound.
2026-08-11 21:15:05 | sleep.weights.plasticity       | INFO  | Hard-clipped 36 w_cons parameters to delta_max=0.1000 bound.
2026-08-11 21:15:06 | sleep.weights.plasticity       | INFO  | Hard-clipped 36 w_cons parameters to delta_max=0.1000 bound.
2026-08-11 21:15:06 | sleep.weights.plasticity       | INFO  | Hard-clipped 35 w_cons parameters to delta_max=0.1000 bound.
2026-08-11 21:15:06 | sleep.weights.plasticity       | INFO  | Hard-clipped 36 w_cons parameters to delta_max=0.1000 bound.
2026-08-11 21:15:06 | sleep.weights.plasticity       | INFO  | Hard-clipped 36 w_cons parameters to delta_max=0.1000 bound.
2026-08-11 21:15:06 | sleep.weights.plasticity       | INFO  | Hard-clipped 36 w_cons parameters to delta_max=0.1000 bound.
2026-08-11 21:15:06 | sleep.weights.plasticity       | INFO  | Hard-clipped 36 w_cons parameters to delta_max=0.1000 bound.
2026-08-11 21:15:06 | sleep.weights.plasticity       | INFO  | Hard-clipped 36 w_cons parameters to delta_max=0.1000 bound.
2026-08-11 21:15:07 | sleep.weights.plasticity       | INFO  | Hard-clipped 36 w_cons parameters to delta_max=0.1000 bound.
2026-08-11 21:15:07 | sleep.weights.plasticity       | INFO  | Hard-clipped 36 w_cons parameters to delta_max=0.1000 bound.
2026-08-11 21:15:07 | sleep.weights.plasticity       | INFO  | Hard-clipped 35 w_cons parameters to delta_max=0.1000 bound.
2026-08-11 21:15:07 | sleep.weights.plasticity       | INFO  | Hard-clipped 36 w_cons parameters to delta_max=0.1000 bound.
2026-08-11 21:15:07 | sleep.weights.plasticity       | INFO  | Hard-clipped 35 w_cons parameters to delta_max=0.1000 bound.
2026-08-11 21:15:07 | sleep.weights.plasticity       | INFO  | Hard-clipped 35 w_cons parameters to delta_max=0.1000 bound.
2026-08-11 21:15:08 | sleep.weights.plasticity       | INFO  | Hard-clipped 35 w_cons parameters to delta_max=0.1000 bound.
2026-08-11 21:15:08 | sleep.weights.plasticity       | INFO  | Hard-clipped 35 w_cons parameters to delta_max=0.1000 bound.
2026-08-11 21:15:08 | sleep.weights.plasticity       | INFO  | Hard-clipped 36 w_cons parameters to delta_max=0.1000 bound.
2026-08-11 21:15:08 | sleep.weights.plasticity       | INFO  | Hard-clipped 35 w_cons parameters to delta_max=0.1000 bound.
2026-08-11 21:15:08 | sleep.weights.plasticity       | INFO  | Hard-clipped 36 w_cons parameters to delta_max=0.1000 bound.
2026-08-11 21:15:08 | sleep.weights.plasticity       | INFO  | Hard-clipped 34 w_cons parameters to delta_max=0.1000 bound.
2026-08-11 21:15:08 | sleep.weights.plasticity       | INFO  | Hard-clipped 34 w_cons parameters to delta_max=0.1000 bound.
2026-08-11 21:15:09 | sleep.weights.plasticity       | INFO  | Hard-clipped 34 w_cons parameters to delta_max=0.1000 bound.
2026-08-11 21:15:09 | sleep.weights.plasticity       | INFO  | Hard-clipped 32 w_cons parameters to delta_max=0.1000 bound.
2026-08-11 21:15:09 | sleep.weights.plasticity       | INFO  | Hard-clipped 34 w_cons parameters to delta_max=0.1000 bound.
2026-08-11 21:15:09 | sleep.weights.plasticity       | INFO  | Hard-clipped 28 w_cons parameters to delta_max=0.1000 bound.
2026-08-11 21:15:09 | sleep.weights.plasticity       | INFO  | Hard-clipped 26 w_cons parameters to delta_max=0.1000 bound.
2026-08-11 21:15:09 | sleep.weights.plasticity       | INFO  | Hard-clipped 28 w_cons parameters to delta_max=0.1000 bound.
2026-08-11 21:15:09 | sleep.weights.plasticity       | INFO  | Hard-clipped 22 w_cons parameters to delta_max=0.1000 bound.
2026-08-11 21:15:10 | sleep.weights.plasticity       | INFO  | Hard-clipped 16 w_cons parameters to delta_max=0.1000 bound.
2026-08-11 21:15:10 | sleep.weights.plasticity       | INFO  | Hard-clipped 12 w_cons parameters to delta_max=0.1000 bound.
2026-08-11 21:15:10 | sleep.sleep_engine.train       | INFO  |   distill step 1500/1500 | loss=0.5312 (kl=0.3664 ce=0.3296) | lr=0.00e+00
2026-08-11 21:15:10 | sleep.sleep_engine.train       | INFO  | Sleep distill-training complete | n_steps=1500 | final_loss=0.5312 | mean_loss=1.2017
2026-08-11 21:15:10 | sleep.sleep_engine             | INFO  | Phase 3 complete: 1500 steps, final_loss=0.5312, mean_loss=1.2017
2026-08-11 21:15:10 | sleep.sleep_engine             | INFO  | Phase 4/5: PPL CHECK (skipped — no benchmark data)
2026-08-11 21:15:10 | sleep.sleep_engine             | INFO  | Phase 5/5: VALIDATE & CLEANUP
2026-08-11 21:15:10 | sleep.weights.plasticity       | INFO  | Saved checkpoint for adapter 'w_cons': 44 parameters.
2026-08-11 21:15:10 | sleep.weights.plasticity       | INFO  | Restored 44 parameters for adapter 'w_cons' from checkpoint.
2026-08-11 21:15:11 | sleep.weights.plasticity       | INFO  | Restored 44 parameters for adapter 'w_cons' from checkpoint.
[transformers] The attention mask is not set and cannot be inferred from input because pad token is same as eos token. As a consequence, you may observe unexpected behavior. Please pass your input's `attention_mask` to obtain reliable results.
2026-08-11 21:15:57 | sleep.sleep_engine             | INFO  | Two-stage validation: 32/32 passed surprise, 32 also passed the mini-recall gate (self-grading gap = 0)
2026-08-11 21:15:57 | sleep.sleep_engine.cleanup     | INFO  | Cleanup complete | passed=32 | failed=0 | permanently_removed=0
2026-08-11 21:15:57 | sleep.sleep_engine             | INFO  | Phase 5 complete: consolidated=32, failed=0, permanently_removed=0
2026-08-11 21:15:57 | sleep.metrics                  | INFO  | summary | {'sleep_engine/n_candidates': 32, 'sleep_engine/n_replays_generated': 640, 'sleep_engine/n_replays_accepted': 640, 'sleep_engine/n_consolidated': 32, 'sleep_engine/n_failed': 0, 'sleep_engine/n_permanently_removed': 0, 'sleep_engine/rolled_back': False}
2026-08-11 21:15:57 | sleep.weights.kv_memory        | INFO  | bank cleared: freed 100 tags / 4691 tokens
2026-08-11 21:15:57 | sleep.sleep_engine             | INFO  | KV bank cleared (100 entries removed)
2026-08-11 21:15:57 | sleep.sleep_engine             | INFO  | KV memory injection: ENABLED
2026-08-11 21:15:57 | sleep.sleep_engine             | INFO  | === Sleep cycle END ===
2026-08-11 21:16:06 | sleep.evaluation.recall_formats | INFO  | MC recall: accuracy=0.2150, mean_correct_prob=0.2422 across 200 facts
2026-08-11 21:18:24 | sleep.evaluation.recall_formats | INFO  | Cloze recall: accuracy=0.1800 across 200 facts
2026-08-11 21:24:08 | sleep.evaluation.recall_formats | INFO  | Free-form recall (greedy): mean_score=0.1933, accuracy=0.3550 across 200 facts
2026-08-11 21:24:08 | sleep.evaluation.preservation  | INFO  | Perplexity evaluation: PPL=7.7515 (mean_loss=2.0479, 36 tokens)
2026-08-11 21:24:08 | sleep.evaluation.preservation  | INFO  | BCP: 1.1834 (current_ppl=7.7515, original_ppl=6.5503)
2026-08-11 21:24:56 | sleep.evaluation.recall_formats | INFO  | Free-form recall (greedy): mean_score=0.7619, accuracy=1.0000 across 28 facts
2026-08-11 21:24:56 | sleep.experiment.common        | INFO  | Wrote results to /workspace/results/d2_mistral_s4.json

================================================================
FULL PIPELINE v2 — recipe=distill seed=4
================================================================
  tags=112  PRP=32  consolidated=32  recall-gate=32
  DRA (greedy):   0.1933  (trained subset: 0.7619 over 28)
  cloze:          0.1800
  MC:             0.2150
  BCP:            1.1834
  rolled_back:    False
  Results: /workspace/results/d2_mistral_s4.json
2026-08-11 21:24:56 | sleep.weights.kv_injection     | INFO  | KVInjector uninstalled from 10 layers
