2026-08-11 20:57:02 | sleep.utils.seed               | INFO  | Seeded all RNGs with seed=3 (deterministic_algorithms=False)
2026-08-11 20:57:02 | sleep.experiment.13            | INFO  | ======================================================================
2026-08-11 20:57:02 | sleep.experiment.13            | INFO  | EXPERIMENT 13: Full pipeline v2 | recipe=distill | seed=3
2026-08-11 20:57:02 | sleep.experiment.13            | INFO  | ======================================================================
2026-08-11 20:57:02 | sleep.experiment.13            | INFO  | Safety overrides: {'delta_max': (0.01, 0.1)}
Loading weights:   0%|          | 0/291 [00:00<?, ?it/s]Loading weights: 100%|██████████| 291/291 [00:00<00:00, 4941.69it/s]
2026-08-11 20:57:07 | sleep.experiment.common        | INFO  | Loaded /workspace/models/mistral-7b | dtype=bfloat16 | attn=eager | device=cuda | layers=32
2026-08-11 20:57:07 | sleep.experiment.13            | INFO  | Loaded 200 facts (paraphrased: True)
2026-08-11 20:57:07 | sleep.weights.lora             | INFO  | LoRA target modules for mistral: ['up_proj', 'down_proj']
2026-08-11 20:57:07 | sleep.weights.lora             | INFO  | LoRA config: rank=16, alpha=32, selection=middle, layers=[10, 11, 12, 13, 14, 15, 16, 17, 18, 19, 20] (of 32 total), targets=['up_proj', 'down_proj']
2026-08-11 20:57:08 | sleep.weights.lora             | INFO  | Created LoRA adapter 'w_fast': 6488064 trainable parameters (0.0895% of base model)
2026-08-11 20:57:08 | sleep.weights.lora             | INFO  | LoRA target modules for mistral: ['up_proj', 'down_proj']
2026-08-11 20:57:08 | sleep.weights.lora             | INFO  | LoRA config: rank=16, alpha=32, selection=middle, layers=[10, 11, 12, 13, 14, 15, 16, 17, 18, 19, 20] (of 32 total), targets=['up_proj', 'down_proj']
2026-08-11 20:57:10 | sleep.weights.lora             | INFO  | Dual adapters ready: w_fast=6488064 params, w_cons=6488064 params
/usr/local/lib/python3.11/dist-packages/peft/tuners/tuners_utils.py:2193: UserWarning: Adapter cannot be set when the model is merged. Unmerging the model first.
  warnings.warn("Adapter cannot be set when the model is merged. Unmerging the model first.")
2026-08-11 20:57:10 | sleep.weights.fast_update      | INFO  | FastWeightUpdater initialized: 44 parameter groups, alpha_base=1.00e-04, momentum=0.90
2026-08-11 20:57:10 | sleep.weights.plasticity       | INFO  | Adapted layers: [10, 11, 12, 13, 14, 15, 16, 17, 18, 19, 20] (middle 33% of 32 layers)
2026-08-11 20:57:10 | sleep.weights.plasticity       | INFO  | Injection layers: [22, 23, 24, 25, 26, 27, 28, 29, 30, 31] (top 33% of 32 layers)
2026-08-11 20:57:10 | sleep.weights.plasticity       | INFO  | Computed Frobenius norms for 224 base model weight matrices.
2026-08-11 20:57:10 | sleep.weights.kv_injection     | INFO  | KVInjector installed on 10 layers: [22, 23, 24, 25, 26, 27, 28, 29, 30, 31]
2026-08-11 20:57:10 | sleep.weights                  | INFO  | KV memory mode enabled | adapted_layers=[10, 11, 12, 13, 14, 15, 16, 17, 18, 19, 20] | num_kv_heads=8 | head_dim=128 | max_total_tokens=20000 | top_k=64 | device=cuda:0 | dtype=torch.bfloat16
2026-08-11 20:57:10 | sleep.weights                  | INFO  | DualWeightSystem initialized | W_fast: 6,488,064 params | W_cons: 6,488,064 params | Adapted layers: [10, 11, 12, 13, 14, 15, 16, 17, 18, 19, 20] | Plasticity: 0.188–0.452 | KV bank installed
2026-08-11 20:57:10 | sleep.experiment.13            | INFO  | Adapter layers: [10, 11, 12, 13, 14, 15, 16, 17, 18, 19, 20] | injection layers: [22, 23, 24, 25, 26, 27, 28, 29, 30, 31]
/usr/local/lib/python3.11/dist-packages/peft/tuners/lora/layer.py:983: UserWarning: Already unmerged. Nothing to do.
  warnings.warn("Already unmerged. Nothing to do.")
2026-08-11 20:57:11 | sleep.evaluation.preservation  | INFO  | Perplexity evaluation: PPL=6.5503 (mean_loss=1.8795, 36 tokens)
2026-08-11 20:57:11 | sleep.experiment.13            | INFO  | WAKE: feeding 200 facts
2026-08-11 20:57:11 | sleep.tagging                  | INFO  | step=1 | 2 tags created from 2 spans | buffer: 2/36273 (0.0%)
2026-08-11 20:57:11 | sleep.tagging                  | INFO  | step=2 | 2 tags created from 2 spans | buffer: 4/36273 (0.0%)
2026-08-11 20:57:11 | sleep.tagging                  | INFO  | step=3 | 2 tags created from 2 spans | buffer: 6/36273 (0.0%)
2026-08-11 20:57:11 | sleep.tagging                  | INFO  | step=4 | 1 tags created from 1 spans | buffer: 7/36273 (0.0%)
2026-08-11 20:57:12 | sleep.tagging                  | INFO  | step=6 | 1 tags created from 1 spans | buffer: 8/36273 (0.0%)
2026-08-11 20:57:12 | sleep.tagging                  | INFO  | step=7 | 1 tags created from 1 spans | buffer: 9/36273 (0.0%)
2026-08-11 20:57:12 | sleep.tagging                  | INFO  | step=8 | 1 tags created from 1 spans | buffer: 10/36273 (0.0%)
2026-08-11 20:57:12 | sleep.tagging                  | INFO  | step=9 | 1 tags created from 1 spans | buffer: 11/36273 (0.0%)
2026-08-11 20:57:12 | sleep.tagging                  | INFO  | step=11 | 1 tags created from 1 spans | buffer: 12/36273 (0.0%)
2026-08-11 20:57:12 | sleep.tagging                  | INFO  | step=12 | 1 tags created from 1 spans | buffer: 13/36273 (0.0%)
2026-08-11 20:57:12 | sleep.tagging                  | INFO  | step=14 | 1 tags created from 1 spans | buffer: 14/36273 (0.0%)
2026-08-11 20:57:12 | sleep.tagging                  | INFO  | step=16 | 1 tags created from 1 spans | buffer: 15/36273 (0.0%)
2026-08-11 20:57:13 | sleep.tagging                  | INFO  | step=18 | 1 tags created from 1 spans | buffer: 16/36273 (0.0%)
2026-08-11 20:57:13 | sleep.tagging                  | INFO  | step=21 | 1 tags created from 1 spans | buffer: 17/36273 (0.0%)
2026-08-11 20:57:13 | sleep.tagging                  | INFO  | step=22 | 2 tags created from 2 spans | buffer: 19/36273 (0.1%)
2026-08-11 20:57:13 | sleep.tagging                  | INFO  | step=26 | 1 tags created from 1 spans | buffer: 20/36273 (0.1%)
2026-08-11 20:57:13 | sleep.tagging                  | INFO  | step=27 | 1 tags created from 1 spans | buffer: 21/36273 (0.1%)
2026-08-11 20:57:13 | sleep.tagging                  | INFO  | step=29 | 1 tags created from 1 spans | buffer: 22/36273 (0.1%)
2026-08-11 20:57:14 | sleep.tagging                  | INFO  | step=31 | 1 tags created from 1 spans | buffer: 23/36273 (0.1%)
2026-08-11 20:57:14 | sleep.tagging                  | INFO  | step=32 | 1 tags created from 1 spans | buffer: 24/36273 (0.1%)
2026-08-11 20:57:14 | sleep.tagging                  | INFO  | step=36 | 1 tags created from 1 spans | buffer: 25/36273 (0.1%)
2026-08-11 20:57:14 | sleep.tagging                  | INFO  | step=37 | 1 tags created from 1 spans | buffer: 26/36273 (0.1%)
2026-08-11 20:57:14 | sleep.tagging                  | INFO  | step=38 | 1 tags created from 1 spans | buffer: 27/36273 (0.1%)
2026-08-11 20:57:14 | sleep.tagging                  | INFO  | step=39 | 1 tags created from 1 spans | buffer: 28/36273 (0.1%)
2026-08-11 20:57:14 | sleep.tagging                  | INFO  | step=41 | 1 tags created from 1 spans | buffer: 29/36273 (0.1%)
2026-08-11 20:57:15 | sleep.tagging                  | INFO  | step=42 | 1 tags created from 1 spans | buffer: 30/36273 (0.1%)
2026-08-11 20:57:15 | sleep.tagging                  | INFO  | step=44 | 1 tags created from 1 spans | buffer: 31/36273 (0.1%)
2026-08-11 20:57:15 | sleep.tagging                  | INFO  | step=46 | 1 tags created from 1 spans | buffer: 32/36273 (0.1%)
2026-08-11 20:57:15 | sleep.tagging                  | INFO  | step=47 | 1 tags created from 1 spans | buffer: 33/36273 (0.1%)
2026-08-11 20:57:15 | sleep.tagging                  | INFO  | step=49 | 1 tags created from 1 spans | buffer: 34/36273 (0.1%)
2026-08-11 20:57:15 | sleep.tagging                  | INFO  | step=51 | 2 tags created from 2 spans | buffer: 36/36273 (0.1%)
2026-08-11 20:57:15 | sleep.tagging                  | INFO  | step=52 | 1 tags created from 1 spans | buffer: 37/36273 (0.1%)
2026-08-11 20:57:16 | sleep.tagging                  | INFO  | step=54 | 1 tags created from 1 spans | buffer: 38/36273 (0.1%)
2026-08-11 20:57:16 | sleep.tagging                  | INFO  | step=56 | 1 tags created from 1 spans | buffer: 39/36273 (0.1%)
2026-08-11 20:57:16 | sleep.tagging                  | INFO  | step=57 | 1 tags created from 1 spans | buffer: 40/36273 (0.1%)
2026-08-11 20:57:16 | sleep.tagging                  | INFO  | step=58 | 1 tags created from 1 spans | buffer: 41/36273 (0.1%)
2026-08-11 20:57:16 | sleep.tagging                  | INFO  | step=61 | 2 tags created from 2 spans | buffer: 43/36273 (0.1%)
2026-08-11 20:57:16 | sleep.tagging                  | INFO  | step=62 | 1 tags created from 1 spans | buffer: 44/36273 (0.1%)
2026-08-11 20:57:16 | sleep.tagging                  | INFO  | step=64 | 1 tags created from 1 spans | buffer: 45/36273 (0.1%)
2026-08-11 20:57:17 | sleep.tagging                  | INFO  | step=67 | 1 tags created from 1 spans | buffer: 46/36273 (0.1%)
2026-08-11 20:57:17 | sleep.tagging                  | INFO  | step=68 | 1 tags created from 1 spans | buffer: 47/36273 (0.1%)
2026-08-11 20:57:17 | sleep.tagging                  | INFO  | step=71 | 1 tags created from 1 spans | buffer: 48/36273 (0.1%)
2026-08-11 20:57:17 | sleep.tagging                  | INFO  | step=72 | 1 tags created from 1 spans | buffer: 49/36273 (0.1%)
2026-08-11 20:57:17 | sleep.tagging                  | INFO  | step=76 | 1 tags created from 1 spans | buffer: 50/36273 (0.1%)
2026-08-11 20:57:18 | sleep.tagging                  | INFO  | step=78 | 1 tags created from 1 spans | buffer: 51/36273 (0.1%)
2026-08-11 20:57:18 | sleep.tagging                  | INFO  | step=79 | 1 tags created from 1 spans | buffer: 52/36273 (0.1%)
2026-08-11 20:57:18 | sleep.tagging                  | INFO  | step=81 | 2 tags created from 2 spans | buffer: 54/36273 (0.1%)
2026-08-11 20:57:18 | sleep.tagging                  | INFO  | step=82 | 1 tags created from 1 spans | buffer: 55/36273 (0.2%)
2026-08-11 20:57:18 | sleep.tagging                  | INFO  | step=87 | 1 tags created from 1 spans | buffer: 56/36273 (0.2%)
2026-08-11 20:57:18 | sleep.tagging                  | INFO  | step=89 | 1 tags created from 1 spans | buffer: 57/36273 (0.2%)
2026-08-11 20:57:19 | sleep.tagging                  | INFO  | step=91 | 1 tags created from 1 spans | buffer: 58/36273 (0.2%)
2026-08-11 20:57:19 | sleep.tagging                  | INFO  | step=92 | 1 tags created from 1 spans | buffer: 59/36273 (0.2%)
2026-08-11 20:57:19 | sleep.tagging                  | INFO  | step=94 | 1 tags created from 1 spans | buffer: 60/36273 (0.2%)
2026-08-11 20:57:19 | sleep.tagging                  | INFO  | step=95 | 1 tags created from 1 spans | buffer: 61/36273 (0.2%)
2026-08-11 20:57:19 | sleep.tagging                  | INFO  | step=96 | 1 tags created from 1 spans | buffer: 62/36273 (0.2%)
2026-08-11 20:57:19 | sleep.tagging                  | INFO  | step=99 | 1 tags created from 1 spans | buffer: 63/36273 (0.2%)
2026-08-11 20:57:19 | sleep.tagging                  | INFO  | step=101 | 2 tags created from 2 spans | buffer: 65/36273 (0.2%)
2026-08-11 20:57:20 | sleep.tagging                  | INFO  | step=102 | 1 tags created from 1 spans | buffer: 66/36273 (0.2%)
2026-08-11 20:57:20 | sleep.tagging                  | INFO  | step=105 | 1 tags created from 1 spans | buffer: 67/36273 (0.2%)
2026-08-11 20:57:20 | sleep.tagging                  | INFO  | step=106 | 1 tags created from 1 spans | buffer: 68/36273 (0.2%)
2026-08-11 20:57:20 | sleep.tagging                  | INFO  | step=107 | 1 tags created from 1 spans | buffer: 69/36273 (0.2%)
2026-08-11 20:57:20 | sleep.tagging                  | INFO  | step=109 | 2 tags created from 2 spans | buffer: 71/36273 (0.2%)
2026-08-11 20:57:20 | sleep.tagging                  | INFO  | step=111 | 2 tags created from 2 spans | buffer: 73/36273 (0.2%)
2026-08-11 20:57:20 | sleep.tagging                  | INFO  | step=112 | 1 tags created from 1 spans | buffer: 74/36273 (0.2%)
2026-08-11 20:57:21 | sleep.tagging                  | INFO  | step=115 | 1 tags created from 1 spans | buffer: 75/36273 (0.2%)
2026-08-11 20:57:21 | sleep.tagging                  | INFO  | step=116 | 1 tags created from 1 spans | buffer: 76/36273 (0.2%)
2026-08-11 20:57:21 | sleep.tagging                  | INFO  | step=117 | 1 tags created from 1 spans | buffer: 77/36273 (0.2%)
2026-08-11 20:57:21 | sleep.tagging                  | INFO  | step=122 | 1 tags created from 1 spans | buffer: 78/36273 (0.2%)
2026-08-11 20:57:21 | sleep.tagging                  | INFO  | step=125 | 1 tags created from 1 spans | buffer: 79/36273 (0.2%)
2026-08-11 20:57:22 | sleep.tagging                  | INFO  | step=126 | 1 tags created from 1 spans | buffer: 80/36273 (0.2%)
2026-08-11 20:57:22 | sleep.tagging                  | INFO  | step=127 | 1 tags created from 1 spans | buffer: 81/36273 (0.2%)
2026-08-11 20:57:22 | sleep.tagging                  | INFO  | step=129 | 1 tags created from 1 spans | buffer: 82/36273 (0.2%)
2026-08-11 20:57:22 | sleep.tagging                  | INFO  | step=132 | 1 tags created from 1 spans | buffer: 83/36273 (0.2%)
2026-08-11 20:57:22 | sleep.tagging                  | INFO  | step=135 | 1 tags created from 1 spans | buffer: 84/36273 (0.2%)
2026-08-11 20:57:22 | sleep.tagging                  | INFO  | step=136 | 1 tags created from 1 spans | buffer: 85/36273 (0.2%)
2026-08-11 20:57:22 | sleep.tagging                  | INFO  | step=137 | 1 tags created from 1 spans | buffer: 86/36273 (0.2%)
2026-08-11 20:57:23 | sleep.tagging                  | INFO  | step=139 | 2 tags created from 2 spans | buffer: 88/36273 (0.2%)
2026-08-11 20:57:23 | sleep.tagging                  | INFO  | step=141 | 2 tags created from 2 spans | buffer: 90/36273 (0.2%)
2026-08-11 20:57:23 | sleep.tagging                  | INFO  | step=142 | 1 tags created from 1 spans | buffer: 91/36273 (0.3%)
2026-08-11 20:57:23 | sleep.tagging                  | INFO  | step=146 | 1 tags created from 1 spans | buffer: 92/36273 (0.3%)
2026-08-11 20:57:23 | sleep.tagging                  | INFO  | step=148 | 1 tags created from 1 spans | buffer: 93/36273 (0.3%)
2026-08-11 20:57:23 | sleep.tagging                  | INFO  | step=149 | 1 tags created from 1 spans | buffer: 94/36273 (0.3%)
2026-08-11 20:57:24 | sleep.tagging                  | INFO  | step=152 | 1 tags created from 1 spans | buffer: 95/36273 (0.3%)
2026-08-11 20:57:24 | sleep.tagging                  | INFO  | step=154 | 1 tags created from 1 spans | buffer: 96/36273 (0.3%)
2026-08-11 20:57:24 | sleep.tagging                  | INFO  | step=155 | 1 tags created from 1 spans | buffer: 97/36273 (0.3%)
2026-08-11 20:57:24 | sleep.tagging                  | INFO  | step=156 | 1 tags created from 1 spans | buffer: 98/36273 (0.3%)
2026-08-11 20:57:24 | sleep.tagging                  | INFO  | step=162 | 1 tags created from 1 spans | buffer: 99/36273 (0.3%)
2026-08-11 20:57:25 | sleep.tagging                  | INFO  | step=165 | 1 tags created from 1 spans | buffer: 100/36273 (0.3%)
2026-08-11 20:57:25 | sleep.tagging                  | INFO  | step=167 | 1 tags created from 1 spans | buffer: 101/36273 (0.3%)
2026-08-11 20:57:25 | sleep.tagging                  | INFO  | step=172 | 1 tags created from 1 spans | buffer: 102/36273 (0.3%)
2026-08-11 20:57:25 | sleep.tagging                  | INFO  | step=174 | 1 tags created from 1 spans | buffer: 103/36273 (0.3%)
2026-08-11 20:57:26 | sleep.tagging                  | INFO  | step=176 | 1 tags created from 1 spans | buffer: 104/36273 (0.3%)
2026-08-11 20:57:26 | sleep.tagging                  | INFO  | step=178 | 1 tags created from 1 spans | buffer: 105/36273 (0.3%)
2026-08-11 20:57:26 | sleep.tagging                  | INFO  | step=179 | 1 tags created from 1 spans | buffer: 106/36273 (0.3%)
2026-08-11 20:57:26 | sleep.tagging                  | INFO  | step=181 | 1 tags created from 1 spans | buffer: 107/36273 (0.3%)
2026-08-11 20:57:26 | sleep.tagging                  | INFO  | step=182 | 1 tags created from 1 spans | buffer: 108/36273 (0.3%)
2026-08-11 20:57:26 | sleep.tagging                  | INFO  | step=183 | 1 tags created from 1 spans | buffer: 109/36273 (0.3%)
2026-08-11 20:57:27 | sleep.tagging                  | INFO  | step=191 | 1 tags created from 1 spans | buffer: 110/36273 (0.3%)
2026-08-11 20:57:27 | sleep.tagging                  | INFO  | step=192 | 1 tags created from 1 spans | buffer: 111/36273 (0.3%)
2026-08-11 20:57:27 | sleep.tagging                  | INFO  | step=197 | 1 tags created from 1 spans | buffer: 112/36273 (0.3%)
2026-08-11 20:57:27 | sleep.experiment.13            | INFO  | WAKE done: 112 tags, 100 episodes in bank
2026-08-11 20:57:27 | sleep.prp                      | INFO  | step=200 | PRP update: 31/3627 allocated (1%) | +31 -0 | threshold=0.313 | mean_score=0.279
2026-08-11 20:57:27 | sleep.experiment.13            | INFO  | PRP: 31/112 allocated
2026-08-11 20:57:27 | sleep.sleep_engine             | INFO  | === Sleep cycle START | 31 candidates ===
2026-08-11 20:57:27 | sleep.sleep_engine             | INFO  | Phase 1/5: GENERATE (strategy=paraphrase)
2026-08-11 20:57:27 | sleep.sleep_engine             | INFO  | KV memory injection: DISABLED
2026-08-11 20:57:28 | sleep.sleep_engine             | INFO  | Phase 1 (paraphrase strategy): 637 wordings from 28 unique sources (31 candidates)
2026-08-11 20:57:28 | sleep.sleep_engine             | INFO  | Phase 1 complete: 637/31 replays generated
2026-08-11 20:57:28 | sleep.sleep_engine             | INFO  | Phase 2/5: QUALITY CHECK
2026-08-11 20:57:28 | sleep.sleep_engine             | INFO  | Phase 2 complete: 637/637 replays accepted
2026-08-11 20:57:28 | sleep.sleep_engine             | INFO  | Phase 3/5: TRAIN (637 accepted replays)
2026-08-11 20:57:28 | sleep.sleep_engine             | INFO  | KV memory injection: DISABLED
2026-08-11 20:57:28 | sleep.weights.plasticity       | INFO  | Saved checkpoint for adapter 'w_cons': 44 parameters.
2026-08-11 20:57:28 | sleep.weights.plasticity       | INFO  | Saved checkpoint for adapter 'w_cons': 44 parameters.
2026-08-11 20:57:28 | sleep.sleep_engine.train       | INFO  | Sleep distill-training: 28 facts | 1500 steps | lr=1.00e-04 | T=2
2026-08-11 20:57:28 | sleep.sleep_engine.train       | INFO  |   distill step 1/1500 | loss=4.7452 (kl=2.8009 ce=3.8885) | lr=6.67e-07
2026-08-11 20:57:40 | sleep.weights.plasticity       | INFO  | Hard-clipped 1 w_cons parameters to delta_max=0.1000 bound.
2026-08-11 20:57:40 | sleep.weights.plasticity       | INFO  | Hard-clipped 1 w_cons parameters to delta_max=0.1000 bound.
2026-08-11 20:57:40 | sleep.weights.plasticity       | INFO  | Hard-clipped 1 w_cons parameters to delta_max=0.1000 bound.
2026-08-11 20:57:41 | sleep.weights.plasticity       | INFO  | Hard-clipped 1 w_cons parameters to delta_max=0.1000 bound.
2026-08-11 20:57:41 | sleep.weights.plasticity       | INFO  | Hard-clipped 1 w_cons parameters to delta_max=0.1000 bound.
2026-08-11 20:57:41 | sleep.weights.plasticity       | INFO  | Hard-clipped 1 w_cons parameters to delta_max=0.1000 bound.
2026-08-11 20:57:41 | sleep.weights.plasticity       | INFO  | Hard-clipped 1 w_cons parameters to delta_max=0.1000 bound.
2026-08-11 20:57:41 | sleep.weights.plasticity       | INFO  | Hard-clipped 2 w_cons parameters to delta_max=0.1000 bound.
2026-08-11 20:57:41 | sleep.weights.plasticity       | INFO  | Hard-clipped 2 w_cons parameters to delta_max=0.1000 bound.
2026-08-11 20:57:41 | sleep.weights.plasticity       | INFO  | Hard-clipped 2 w_cons parameters to delta_max=0.1000 bound.
2026-08-11 20:57:42 | sleep.weights.plasticity       | INFO  | Hard-clipped 2 w_cons parameters to delta_max=0.1000 bound.
2026-08-11 20:57:42 | sleep.weights.plasticity       | INFO  | Hard-clipped 2 w_cons parameters to delta_max=0.1000 bound.
2026-08-11 20:57:42 | sleep.weights.plasticity       | INFO  | Hard-clipped 2 w_cons parameters to delta_max=0.1000 bound.
2026-08-11 20:57:42 | sleep.weights.plasticity       | INFO  | Hard-clipped 2 w_cons parameters to delta_max=0.1000 bound.
2026-08-11 20:57:42 | sleep.weights.plasticity       | INFO  | Hard-clipped 2 w_cons parameters to delta_max=0.1000 bound.
2026-08-11 20:57:42 | sleep.weights.plasticity       | INFO  | Hard-clipped 2 w_cons parameters to delta_max=0.1000 bound.
2026-08-11 20:57:42 | sleep.weights.plasticity       | INFO  | Hard-clipped 2 w_cons parameters to delta_max=0.1000 bound.
2026-08-11 20:57:43 | sleep.weights.plasticity       | INFO  | Hard-clipped 2 w_cons parameters to delta_max=0.1000 bound.
2026-08-11 20:57:43 | sleep.weights.plasticity       | INFO  | Hard-clipped 2 w_cons parameters to delta_max=0.1000 bound.
2026-08-11 20:57:43 | sleep.weights.plasticity       | INFO  | Hard-clipped 2 w_cons parameters to delta_max=0.1000 bound.
2026-08-11 20:57:43 | sleep.weights.plasticity       | INFO  | Hard-clipped 2 w_cons parameters to delta_max=0.1000 bound.
2026-08-11 20:57:43 | sleep.weights.plasticity       | INFO  | Hard-clipped 2 w_cons parameters to delta_max=0.1000 bound.
2026-08-11 20:57:43 | sleep.weights.plasticity       | INFO  | Hard-clipped 2 w_cons parameters to delta_max=0.1000 bound.
2026-08-11 20:57:44 | sleep.weights.plasticity       | INFO  | Hard-clipped 2 w_cons parameters to delta_max=0.1000 bound.
2026-08-11 20:57:44 | sleep.weights.plasticity       | INFO  | Hard-clipped 3 w_cons parameters to delta_max=0.1000 bound.
2026-08-11 20:57:44 | sleep.weights.plasticity       | INFO  | Hard-clipped 3 w_cons parameters to delta_max=0.1000 bound.
2026-08-11 20:57:44 | sleep.weights.plasticity       | INFO  | Hard-clipped 3 w_cons parameters to delta_max=0.1000 bound.
2026-08-11 20:57:44 | sleep.weights.plasticity       | INFO  | Hard-clipped 3 w_cons parameters to delta_max=0.1000 bound.
2026-08-11 20:57:44 | sleep.weights.plasticity       | INFO  | Hard-clipped 3 w_cons parameters to delta_max=0.1000 bound.
2026-08-11 20:57:44 | sleep.weights.plasticity       | INFO  | Hard-clipped 3 w_cons parameters to delta_max=0.1000 bound.
2026-08-11 20:57:45 | sleep.weights.plasticity       | INFO  | Hard-clipped 3 w_cons parameters to delta_max=0.1000 bound.
2026-08-11 20:57:45 | sleep.weights.plasticity       | INFO  | Hard-clipped 3 w_cons parameters to delta_max=0.1000 bound.
2026-08-11 20:57:45 | sleep.weights.plasticity       | INFO  | Hard-clipped 3 w_cons parameters to delta_max=0.1000 bound.
2026-08-11 20:57:45 | sleep.weights.plasticity       | INFO  | Hard-clipped 3 w_cons parameters to delta_max=0.1000 bound.
2026-08-11 20:57:45 | sleep.weights.plasticity       | INFO  | Hard-clipped 3 w_cons parameters to delta_max=0.1000 bound.
2026-08-11 20:57:45 | sleep.weights.plasticity       | INFO  | Hard-clipped 3 w_cons parameters to delta_max=0.1000 bound.
2026-08-11 20:57:45 | sleep.weights.plasticity       | INFO  | Hard-clipped 4 w_cons parameters to delta_max=0.1000 bound.
2026-08-11 20:57:46 | sleep.weights.plasticity       | INFO  | Hard-clipped 4 w_cons parameters to delta_max=0.1000 bound.
2026-08-11 20:57:46 | sleep.weights.plasticity       | INFO  | Hard-clipped 4 w_cons parameters to delta_max=0.1000 bound.
2026-08-11 20:57:46 | sleep.weights.plasticity       | INFO  | Hard-clipped 4 w_cons parameters to delta_max=0.1000 bound.
2026-08-11 20:57:46 | sleep.weights.plasticity       | INFO  | Hard-clipped 4 w_cons parameters to delta_max=0.1000 bound.
2026-08-11 20:57:46 | sleep.weights.plasticity       | INFO  | Hard-clipped 4 w_cons parameters to delta_max=0.1000 bound.
2026-08-11 20:57:46 | sleep.weights.plasticity       | INFO  | Hard-clipped 4 w_cons parameters to delta_max=0.1000 bound.
2026-08-11 20:57:46 | sleep.weights.plasticity       | INFO  | Hard-clipped 4 w_cons parameters to delta_max=0.1000 bound.
2026-08-11 20:57:47 | sleep.weights.plasticity       | INFO  | Hard-clipped 4 w_cons parameters to delta_max=0.1000 bound.
2026-08-11 20:57:47 | sleep.weights.plasticity       | INFO  | Hard-clipped 5 w_cons parameters to delta_max=0.1000 bound.
2026-08-11 20:57:47 | sleep.weights.plasticity       | INFO  | Hard-clipped 5 w_cons parameters to delta_max=0.1000 bound.
2026-08-11 20:57:47 | sleep.weights.plasticity       | INFO  | Hard-clipped 5 w_cons parameters to delta_max=0.1000 bound.
2026-08-11 20:57:47 | sleep.weights.plasticity       | INFO  | Hard-clipped 5 w_cons parameters to delta_max=0.1000 bound.
2026-08-11 20:57:47 | sleep.weights.plasticity       | INFO  | Hard-clipped 5 w_cons parameters to delta_max=0.1000 bound.
2026-08-11 20:57:47 | sleep.weights.plasticity       | INFO  | Hard-clipped 5 w_cons parameters to delta_max=0.1000 bound.
2026-08-11 20:57:48 | sleep.weights.plasticity       | INFO  | Hard-clipped 5 w_cons parameters to delta_max=0.1000 bound.
2026-08-11 20:57:48 | sleep.weights.plasticity       | INFO  | Hard-clipped 5 w_cons parameters to delta_max=0.1000 bound.
2026-08-11 20:57:48 | sleep.weights.plasticity       | INFO  | Hard-clipped 5 w_cons parameters to delta_max=0.1000 bound.
2026-08-11 20:57:48 | sleep.weights.plasticity       | INFO  | Hard-clipped 5 w_cons parameters to delta_max=0.1000 bound.
2026-08-11 20:57:48 | sleep.weights.plasticity       | INFO  | Hard-clipped 5 w_cons parameters to delta_max=0.1000 bound.
2026-08-11 20:57:48 | sleep.weights.plasticity       | INFO  | Hard-clipped 5 w_cons parameters to delta_max=0.1000 bound.
2026-08-11 20:57:48 | sleep.weights.plasticity       | INFO  | Hard-clipped 5 w_cons parameters to delta_max=0.1000 bound.
2026-08-11 20:57:49 | sleep.weights.plasticity       | INFO  | Hard-clipped 5 w_cons parameters to delta_max=0.1000 bound.
2026-08-11 20:57:49 | sleep.weights.plasticity       | INFO  | Hard-clipped 5 w_cons parameters to delta_max=0.1000 bound.
2026-08-11 20:57:49 | sleep.weights.plasticity       | INFO  | Hard-clipped 5 w_cons parameters to delta_max=0.1000 bound.
2026-08-11 20:57:49 | sleep.weights.plasticity       | INFO  | Hard-clipped 5 w_cons parameters to delta_max=0.1000 bound.
2026-08-11 20:57:49 | sleep.weights.plasticity       | INFO  | Hard-clipped 5 w_cons parameters to delta_max=0.1000 bound.
2026-08-11 20:57:49 | sleep.weights.plasticity       | INFO  | Hard-clipped 5 w_cons parameters to delta_max=0.1000 bound.
2026-08-11 20:57:49 | sleep.weights.plasticity       | INFO  | Hard-clipped 5 w_cons parameters to delta_max=0.1000 bound.
2026-08-11 20:57:50 | sleep.weights.plasticity       | INFO  | Hard-clipped 5 w_cons parameters to delta_max=0.1000 bound.
2026-08-11 20:57:50 | sleep.weights.plasticity       | INFO  | Hard-clipped 5 w_cons parameters to delta_max=0.1000 bound.
2026-08-11 20:57:50 | sleep.weights.plasticity       | INFO  | Hard-clipped 5 w_cons parameters to delta_max=0.1000 bound.
2026-08-11 20:57:50 | sleep.weights.plasticity       | INFO  | Hard-clipped 5 w_cons parameters to delta_max=0.1000 bound.
2026-08-11 20:57:50 | sleep.weights.plasticity       | INFO  | Hard-clipped 5 w_cons parameters to delta_max=0.1000 bound.
2026-08-11 20:57:50 | sleep.sleep_engine.train       | INFO  |   distill step 150/1500 | loss=2.3248 (kl=1.2660 ce=2.1176) | lr=1.00e-04
2026-08-11 20:57:50 | sleep.weights.plasticity       | INFO  | Hard-clipped 6 w_cons parameters to delta_max=0.1000 bound.
2026-08-11 20:57:50 | sleep.weights.plasticity       | INFO  | Hard-clipped 6 w_cons parameters to delta_max=0.1000 bound.
2026-08-11 20:57:51 | sleep.weights.plasticity       | INFO  | Hard-clipped 6 w_cons parameters to delta_max=0.1000 bound.
2026-08-11 20:57:51 | sleep.weights.plasticity       | INFO  | Hard-clipped 6 w_cons parameters to delta_max=0.1000 bound.
2026-08-11 20:57:51 | sleep.weights.plasticity       | INFO  | Hard-clipped 6 w_cons parameters to delta_max=0.1000 bound.
2026-08-11 20:57:51 | sleep.weights.plasticity       | INFO  | Hard-clipped 6 w_cons parameters to delta_max=0.1000 bound.
2026-08-11 20:57:51 | sleep.weights.plasticity       | INFO  | Hard-clipped 6 w_cons parameters to delta_max=0.1000 bound.
2026-08-11 20:57:51 | sleep.weights.plasticity       | INFO  | Hard-clipped 6 w_cons parameters to delta_max=0.1000 bound.
2026-08-11 20:57:52 | sleep.weights.plasticity       | INFO  | Hard-clipped 6 w_cons parameters to delta_max=0.1000 bound.
2026-08-11 20:57:52 | sleep.weights.plasticity       | INFO  | Hard-clipped 6 w_cons parameters to delta_max=0.1000 bound.
2026-08-11 20:57:52 | sleep.weights.plasticity       | INFO  | Hard-clipped 6 w_cons parameters to delta_max=0.1000 bound.
2026-08-11 20:57:52 | sleep.weights.plasticity       | INFO  | Hard-clipped 6 w_cons parameters to delta_max=0.1000 bound.
2026-08-11 20:57:52 | sleep.weights.plasticity       | INFO  | Hard-clipped 6 w_cons parameters to delta_max=0.1000 bound.
2026-08-11 20:57:52 | sleep.weights.plasticity       | INFO  | Hard-clipped 6 w_cons parameters to delta_max=0.1000 bound.
2026-08-11 20:57:52 | sleep.weights.plasticity       | INFO  | Hard-clipped 6 w_cons parameters to delta_max=0.1000 bound.
2026-08-11 20:57:52 | sleep.weights.plasticity       | INFO  | Hard-clipped 6 w_cons parameters to delta_max=0.1000 bound.
2026-08-11 20:57:53 | sleep.weights.plasticity       | INFO  | Hard-clipped 6 w_cons parameters to delta_max=0.1000 bound.
2026-08-11 20:57:53 | sleep.weights.plasticity       | INFO  | Hard-clipped 6 w_cons parameters to delta_max=0.1000 bound.
2026-08-11 20:57:53 | sleep.weights.plasticity       | INFO  | Hard-clipped 6 w_cons parameters to delta_max=0.1000 bound.
2026-08-11 20:57:53 | sleep.weights.plasticity       | INFO  | Hard-clipped 6 w_cons parameters to delta_max=0.1000 bound.
2026-08-11 20:57:53 | sleep.weights.plasticity       | INFO  | Hard-clipped 5 w_cons parameters to delta_max=0.1000 bound.
2026-08-11 20:57:53 | sleep.weights.plasticity       | INFO  | Hard-clipped 6 w_cons parameters to delta_max=0.1000 bound.
2026-08-11 20:57:54 | sleep.weights.plasticity       | INFO  | Hard-clipped 6 w_cons parameters to delta_max=0.1000 bound.
2026-08-11 20:57:54 | sleep.weights.plasticity       | INFO  | Hard-clipped 6 w_cons parameters to delta_max=0.1000 bound.
2026-08-11 20:57:54 | sleep.weights.plasticity       | INFO  | Hard-clipped 6 w_cons parameters to delta_max=0.1000 bound.
2026-08-11 20:57:54 | sleep.weights.plasticity       | INFO  | Hard-clipped 8 w_cons parameters to delta_max=0.1000 bound.
2026-08-11 20:57:54 | sleep.weights.plasticity       | INFO  | Hard-clipped 8 w_cons parameters to delta_max=0.1000 bound.
2026-08-11 20:57:54 | sleep.weights.plasticity       | INFO  | Hard-clipped 7 w_cons parameters to delta_max=0.1000 bound.
2026-08-11 20:57:54 | sleep.weights.plasticity       | INFO  | Hard-clipped 5 w_cons parameters to delta_max=0.1000 bound.
2026-08-11 20:57:55 | sleep.weights.plasticity       | INFO  | Hard-clipped 5 w_cons parameters to delta_max=0.1000 bound.
2026-08-11 20:57:55 | sleep.weights.plasticity       | INFO  | Hard-clipped 5 w_cons parameters to delta_max=0.1000 bound.
2026-08-11 20:57:55 | sleep.weights.plasticity       | INFO  | Hard-clipped 7 w_cons parameters to delta_max=0.1000 bound.
2026-08-11 20:57:55 | sleep.weights.plasticity       | INFO  | Hard-clipped 8 w_cons parameters to delta_max=0.1000 bound.
2026-08-11 20:57:55 | sleep.weights.plasticity       | INFO  | Hard-clipped 8 w_cons parameters to delta_max=0.1000 bound.
2026-08-11 20:57:55 | sleep.weights.plasticity       | INFO  | Hard-clipped 9 w_cons parameters to delta_max=0.1000 bound.
2026-08-11 20:57:55 | sleep.weights.plasticity       | INFO  | Hard-clipped 9 w_cons parameters to delta_max=0.1000 bound.
2026-08-11 20:57:56 | sleep.weights.plasticity       | INFO  | Hard-clipped 9 w_cons parameters to delta_max=0.1000 bound.
2026-08-11 20:57:56 | sleep.weights.plasticity       | INFO  | Hard-clipped 9 w_cons parameters to delta_max=0.1000 bound.
2026-08-11 20:57:56 | sleep.weights.plasticity       | INFO  | Hard-clipped 9 w_cons parameters to delta_max=0.1000 bound.
2026-08-11 20:57:56 | sleep.weights.plasticity       | INFO  | Hard-clipped 9 w_cons parameters to delta_max=0.1000 bound.
2026-08-11 20:57:56 | sleep.weights.plasticity       | INFO  | Hard-clipped 9 w_cons parameters to delta_max=0.1000 bound.
2026-08-11 20:57:56 | sleep.weights.plasticity       | INFO  | Hard-clipped 9 w_cons parameters to delta_max=0.1000 bound.
2026-08-11 20:57:56 | sleep.weights.plasticity       | INFO  | Hard-clipped 9 w_cons parameters to delta_max=0.1000 bound.
2026-08-11 20:57:57 | sleep.weights.plasticity       | INFO  | Hard-clipped 9 w_cons parameters to delta_max=0.1000 bound.
2026-08-11 20:57:57 | sleep.weights.plasticity       | INFO  | Hard-clipped 9 w_cons parameters to delta_max=0.1000 bound.
2026-08-11 20:57:57 | sleep.weights.plasticity       | INFO  | Hard-clipped 9 w_cons parameters to delta_max=0.1000 bound.
2026-08-11 20:57:57 | sleep.weights.plasticity       | INFO  | Hard-clipped 9 w_cons parameters to delta_max=0.1000 bound.
2026-08-11 20:57:57 | sleep.weights.plasticity       | INFO  | Hard-clipped 9 w_cons parameters to delta_max=0.1000 bound.
2026-08-11 20:57:57 | sleep.weights.plasticity       | INFO  | Hard-clipped 10 w_cons parameters to delta_max=0.1000 bound.
2026-08-11 20:57:57 | sleep.weights.plasticity       | INFO  | Hard-clipped 10 w_cons parameters to delta_max=0.1000 bound.
2026-08-11 20:57:58 | sleep.weights.plasticity       | INFO  | Hard-clipped 10 w_cons parameters to delta_max=0.1000 bound.
2026-08-11 20:57:58 | sleep.weights.plasticity       | INFO  | Hard-clipped 10 w_cons parameters to delta_max=0.1000 bound.
2026-08-11 20:57:58 | sleep.weights.plasticity       | INFO  | Hard-clipped 10 w_cons parameters to delta_max=0.1000 bound.
2026-08-11 20:57:58 | sleep.weights.plasticity       | INFO  | Hard-clipped 10 w_cons parameters to delta_max=0.1000 bound.
2026-08-11 20:57:58 | sleep.weights.plasticity       | INFO  | Hard-clipped 10 w_cons parameters to delta_max=0.1000 bound.
2026-08-11 20:57:58 | sleep.weights.plasticity       | INFO  | Hard-clipped 10 w_cons parameters to delta_max=0.1000 bound.
2026-08-11 20:57:58 | sleep.weights.plasticity       | INFO  | Hard-clipped 10 w_cons parameters to delta_max=0.1000 bound.
2026-08-11 20:57:59 | sleep.weights.plasticity       | INFO  | Hard-clipped 10 w_cons parameters to delta_max=0.1000 bound.
2026-08-11 20:57:59 | sleep.weights.plasticity       | INFO  | Hard-clipped 10 w_cons parameters to delta_max=0.1000 bound.
2026-08-11 20:57:59 | sleep.weights.plasticity       | INFO  | Hard-clipped 10 w_cons parameters to delta_max=0.1000 bound.
2026-08-11 20:57:59 | sleep.weights.plasticity       | INFO  | Hard-clipped 10 w_cons parameters to delta_max=0.1000 bound.
2026-08-11 20:57:59 | sleep.weights.plasticity       | INFO  | Hard-clipped 10 w_cons parameters to delta_max=0.1000 bound.
2026-08-11 20:57:59 | sleep.weights.plasticity       | INFO  | Hard-clipped 10 w_cons parameters to delta_max=0.1000 bound.
2026-08-11 20:58:00 | sleep.weights.plasticity       | INFO  | Hard-clipped 10 w_cons parameters to delta_max=0.1000 bound.
2026-08-11 20:58:00 | sleep.weights.plasticity       | INFO  | Hard-clipped 10 w_cons parameters to delta_max=0.1000 bound.
2026-08-11 20:58:00 | sleep.weights.plasticity       | INFO  | Hard-clipped 10 w_cons parameters to delta_max=0.1000 bound.
2026-08-11 20:58:00 | sleep.weights.plasticity       | INFO  | Hard-clipped 10 w_cons parameters to delta_max=0.1000 bound.
2026-08-11 20:58:00 | sleep.weights.plasticity       | INFO  | Hard-clipped 13 w_cons parameters to delta_max=0.1000 bound.
2026-08-11 20:58:00 | sleep.weights.plasticity       | INFO  | Hard-clipped 13 w_cons parameters to delta_max=0.1000 bound.
2026-08-11 20:58:00 | sleep.weights.plasticity       | INFO  | Hard-clipped 13 w_cons parameters to delta_max=0.1000 bound.
2026-08-11 20:58:01 | sleep.weights.plasticity       | INFO  | Hard-clipped 13 w_cons parameters to delta_max=0.1000 bound.
2026-08-11 20:58:01 | sleep.weights.plasticity       | INFO  | Hard-clipped 13 w_cons parameters to delta_max=0.1000 bound.
2026-08-11 20:58:01 | sleep.weights.plasticity       | INFO  | Hard-clipped 13 w_cons parameters to delta_max=0.1000 bound.
2026-08-11 20:58:01 | sleep.weights.plasticity       | INFO  | Hard-clipped 13 w_cons parameters to delta_max=0.1000 bound.
2026-08-11 20:58:01 | sleep.weights.plasticity       | INFO  | Hard-clipped 14 w_cons parameters to delta_max=0.1000 bound.
2026-08-11 20:58:01 | sleep.weights.plasticity       | INFO  | Hard-clipped 15 w_cons parameters to delta_max=0.1000 bound.
2026-08-11 20:58:01 | sleep.weights.plasticity       | INFO  | Hard-clipped 15 w_cons parameters to delta_max=0.1000 bound.
2026-08-11 20:58:02 | sleep.weights.plasticity       | INFO  | Hard-clipped 15 w_cons parameters to delta_max=0.1000 bound.
2026-08-11 20:58:02 | sleep.weights.plasticity       | INFO  | Hard-clipped 15 w_cons parameters to delta_max=0.1000 bound.
2026-08-11 20:58:02 | sleep.weights.plasticity       | INFO  | Hard-clipped 15 w_cons parameters to delta_max=0.1000 bound.
2026-08-11 20:58:02 | sleep.weights.plasticity       | INFO  | Hard-clipped 15 w_cons parameters to delta_max=0.1000 bound.
2026-08-11 20:58:02 | sleep.weights.plasticity       | INFO  | Hard-clipped 15 w_cons parameters to delta_max=0.1000 bound.
2026-08-11 20:58:02 | sleep.weights.plasticity       | INFO  | Hard-clipped 15 w_cons parameters to delta_max=0.1000 bound.
2026-08-11 20:58:02 | sleep.weights.plasticity       | INFO  | Hard-clipped 15 w_cons parameters to delta_max=0.1000 bound.
2026-08-11 20:58:03 | sleep.weights.plasticity       | INFO  | Hard-clipped 15 w_cons parameters to delta_max=0.1000 bound.
2026-08-11 20:58:03 | sleep.weights.plasticity       | INFO  | Hard-clipped 15 w_cons parameters to delta_max=0.1000 bound.
2026-08-11 20:58:03 | sleep.weights.plasticity       | INFO  | Hard-clipped 15 w_cons parameters to delta_max=0.1000 bound.
2026-08-11 20:58:03 | sleep.weights.plasticity       | INFO  | Hard-clipped 16 w_cons parameters to delta_max=0.1000 bound.
2026-08-11 20:58:03 | sleep.weights.plasticity       | INFO  | Hard-clipped 17 w_cons parameters to delta_max=0.1000 bound.
2026-08-11 20:58:03 | sleep.weights.plasticity       | INFO  | Hard-clipped 17 w_cons parameters to delta_max=0.1000 bound.
2026-08-11 20:58:03 | sleep.weights.plasticity       | INFO  | Hard-clipped 17 w_cons parameters to delta_max=0.1000 bound.
2026-08-11 20:58:04 | sleep.weights.plasticity       | INFO  | Hard-clipped 17 w_cons parameters to delta_max=0.1000 bound.
2026-08-11 20:58:04 | sleep.weights.plasticity       | INFO  | Hard-clipped 17 w_cons parameters to delta_max=0.1000 bound.
2026-08-11 20:58:04 | sleep.weights.plasticity       | INFO  | Hard-clipped 17 w_cons parameters to delta_max=0.1000 bound.
2026-08-11 20:58:04 | sleep.weights.plasticity       | INFO  | Hard-clipped 14 w_cons parameters to delta_max=0.1000 bound.
2026-08-11 20:58:04 | sleep.weights.plasticity       | INFO  | Hard-clipped 14 w_cons parameters to delta_max=0.1000 bound.
2026-08-11 20:58:04 | sleep.weights.plasticity       | INFO  | Hard-clipped 14 w_cons parameters to delta_max=0.1000 bound.
2026-08-11 20:58:04 | sleep.weights.plasticity       | INFO  | Hard-clipped 13 w_cons parameters to delta_max=0.1000 bound.
2026-08-11 20:58:05 | sleep.weights.plasticity       | INFO  | Hard-clipped 13 w_cons parameters to delta_max=0.1000 bound.
2026-08-11 20:58:05 | sleep.weights.plasticity       | INFO  | Hard-clipped 13 w_cons parameters to delta_max=0.1000 bound.
2026-08-11 20:58:05 | sleep.weights.plasticity       | INFO  | Hard-clipped 14 w_cons parameters to delta_max=0.1000 bound.
2026-08-11 20:58:05 | sleep.weights.plasticity       | INFO  | Hard-clipped 14 w_cons parameters to delta_max=0.1000 bound.
2026-08-11 20:58:05 | sleep.weights.plasticity       | INFO  | Hard-clipped 14 w_cons parameters to delta_max=0.1000 bound.
2026-08-11 20:58:05 | sleep.weights.plasticity       | INFO  | Hard-clipped 14 w_cons parameters to delta_max=0.1000 bound.
2026-08-11 20:58:05 | sleep.weights.plasticity       | INFO  | Hard-clipped 14 w_cons parameters to delta_max=0.1000 bound.
2026-08-11 20:58:06 | sleep.weights.plasticity       | INFO  | Hard-clipped 14 w_cons parameters to delta_max=0.1000 bound.
2026-08-11 20:58:06 | sleep.weights.plasticity       | INFO  | Hard-clipped 14 w_cons parameters to delta_max=0.1000 bound.
2026-08-11 20:58:06 | sleep.weights.plasticity       | INFO  | Hard-clipped 14 w_cons parameters to delta_max=0.1000 bound.
2026-08-11 20:58:06 | sleep.weights.plasticity       | INFO  | Hard-clipped 16 w_cons parameters to delta_max=0.1000 bound.
2026-08-11 20:58:06 | sleep.weights.plasticity       | INFO  | Hard-clipped 16 w_cons parameters to delta_max=0.1000 bound.
2026-08-11 20:58:06 | sleep.weights.plasticity       | INFO  | Hard-clipped 17 w_cons parameters to delta_max=0.1000 bound.
2026-08-11 20:58:06 | sleep.weights.plasticity       | INFO  | Hard-clipped 18 w_cons parameters to delta_max=0.1000 bound.
2026-08-11 20:58:07 | sleep.weights.plasticity       | INFO  | Hard-clipped 18 w_cons parameters to delta_max=0.1000 bound.
2026-08-11 20:58:07 | sleep.weights.plasticity       | INFO  | Hard-clipped 18 w_cons parameters to delta_max=0.1000 bound.
2026-08-11 20:58:07 | sleep.weights.plasticity       | INFO  | Hard-clipped 18 w_cons parameters to delta_max=0.1000 bound.
2026-08-11 20:58:07 | sleep.weights.plasticity       | INFO  | Hard-clipped 18 w_cons parameters to delta_max=0.1000 bound.
2026-08-11 20:58:07 | sleep.weights.plasticity       | INFO  | Hard-clipped 19 w_cons parameters to delta_max=0.1000 bound.
2026-08-11 20:58:07 | sleep.weights.plasticity       | INFO  | Hard-clipped 19 w_cons parameters to delta_max=0.1000 bound.
2026-08-11 20:58:07 | sleep.weights.plasticity       | INFO  | Hard-clipped 19 w_cons parameters to delta_max=0.1000 bound.
2026-08-11 20:58:08 | sleep.weights.plasticity       | INFO  | Hard-clipped 19 w_cons parameters to delta_max=0.1000 bound.
2026-08-11 20:58:08 | sleep.weights.plasticity       | INFO  | Hard-clipped 19 w_cons parameters to delta_max=0.1000 bound.
2026-08-11 20:58:08 | sleep.weights.plasticity       | INFO  | Hard-clipped 19 w_cons parameters to delta_max=0.1000 bound.
2026-08-11 20:58:08 | sleep.weights.plasticity       | INFO  | Hard-clipped 19 w_cons parameters to delta_max=0.1000 bound.
2026-08-11 20:58:08 | sleep.weights.plasticity       | INFO  | Hard-clipped 19 w_cons parameters to delta_max=0.1000 bound.
2026-08-11 20:58:08 | sleep.weights.plasticity       | INFO  | Hard-clipped 19 w_cons parameters to delta_max=0.1000 bound.
2026-08-11 20:58:08 | sleep.weights.plasticity       | INFO  | Hard-clipped 19 w_cons parameters to delta_max=0.1000 bound.
2026-08-11 20:58:09 | sleep.weights.plasticity       | INFO  | Hard-clipped 19 w_cons parameters to delta_max=0.1000 bound.
2026-08-11 20:58:09 | sleep.weights.plasticity       | INFO  | Hard-clipped 19 w_cons parameters to delta_max=0.1000 bound.
2026-08-11 20:58:09 | sleep.weights.plasticity       | INFO  | Hard-clipped 19 w_cons parameters to delta_max=0.1000 bound.
2026-08-11 20:58:09 | sleep.weights.plasticity       | INFO  | Hard-clipped 19 w_cons parameters to delta_max=0.1000 bound.
2026-08-11 20:58:09 | sleep.weights.plasticity       | INFO  | Hard-clipped 19 w_cons parameters to delta_max=0.1000 bound.
2026-08-11 20:58:09 | sleep.weights.plasticity       | INFO  | Hard-clipped 19 w_cons parameters to delta_max=0.1000 bound.
2026-08-11 20:58:09 | sleep.weights.plasticity       | INFO  | Hard-clipped 19 w_cons parameters to delta_max=0.1000 bound.
2026-08-11 20:58:10 | sleep.weights.plasticity       | INFO  | Hard-clipped 19 w_cons parameters to delta_max=0.1000 bound.
2026-08-11 20:58:10 | sleep.weights.plasticity       | INFO  | Hard-clipped 20 w_cons parameters to delta_max=0.1000 bound.
2026-08-11 20:58:10 | sleep.weights.plasticity       | INFO  | Hard-clipped 20 w_cons parameters to delta_max=0.1000 bound.
2026-08-11 20:58:10 | sleep.weights.plasticity       | INFO  | Hard-clipped 20 w_cons parameters to delta_max=0.1000 bound.
2026-08-11 20:58:10 | sleep.weights.plasticity       | INFO  | Hard-clipped 20 w_cons parameters to delta_max=0.1000 bound.
2026-08-11 20:58:10 | sleep.weights.plasticity       | INFO  | Hard-clipped 20 w_cons parameters to delta_max=0.1000 bound.
2026-08-11 20:58:10 | sleep.weights.plasticity       | INFO  | Hard-clipped 20 w_cons parameters to delta_max=0.1000 bound.
2026-08-11 20:58:11 | sleep.weights.plasticity       | INFO  | Hard-clipped 20 w_cons parameters to delta_max=0.1000 bound.
2026-08-11 20:58:11 | sleep.weights.plasticity       | INFO  | Hard-clipped 20 w_cons parameters to delta_max=0.1000 bound.
2026-08-11 20:58:11 | sleep.weights.plasticity       | INFO  | Hard-clipped 20 w_cons parameters to delta_max=0.1000 bound.
2026-08-11 20:58:11 | sleep.weights.plasticity       | INFO  | Hard-clipped 20 w_cons parameters to delta_max=0.1000 bound.
2026-08-11 20:58:11 | sleep.weights.plasticity       | INFO  | Hard-clipped 20 w_cons parameters to delta_max=0.1000 bound.
2026-08-11 20:58:11 | sleep.weights.plasticity       | INFO  | Hard-clipped 20 w_cons parameters to delta_max=0.1000 bound.
2026-08-11 20:58:11 | sleep.weights.plasticity       | INFO  | Hard-clipped 21 w_cons parameters to delta_max=0.1000 bound.
2026-08-11 20:58:12 | sleep.weights.plasticity       | INFO  | Hard-clipped 21 w_cons parameters to delta_max=0.1000 bound.
2026-08-11 20:58:12 | sleep.weights.plasticity       | INFO  | Hard-clipped 21 w_cons parameters to delta_max=0.1000 bound.
2026-08-11 20:58:12 | sleep.weights.plasticity       | INFO  | Hard-clipped 21 w_cons parameters to delta_max=0.1000 bound.
2026-08-11 20:58:12 | sleep.sleep_engine.train       | INFO  |   distill step 300/1500 | loss=1.2408 (kl=0.6227 ce=1.2364) | lr=9.70e-05
2026-08-11 20:58:12 | sleep.weights.plasticity       | INFO  | Hard-clipped 21 w_cons parameters to delta_max=0.1000 bound.
2026-08-11 20:58:12 | sleep.weights.plasticity       | INFO  | Hard-clipped 20 w_cons parameters to delta_max=0.1000 bound.
2026-08-11 20:58:12 | sleep.weights.plasticity       | INFO  | Hard-clipped 21 w_cons parameters to delta_max=0.1000 bound.
2026-08-11 20:58:12 | sleep.weights.plasticity       | INFO  | Hard-clipped 21 w_cons parameters to delta_max=0.1000 bound.
2026-08-11 20:58:13 | sleep.weights.plasticity       | INFO  | Hard-clipped 21 w_cons parameters to delta_max=0.1000 bound.
2026-08-11 20:58:13 | sleep.weights.plasticity       | INFO  | Hard-clipped 21 w_cons parameters to delta_max=0.1000 bound.
2026-08-11 20:58:13 | sleep.weights.plasticity       | INFO  | Hard-clipped 21 w_cons parameters to delta_max=0.1000 bound.
2026-08-11 20:58:13 | sleep.weights.plasticity       | INFO  | Hard-clipped 21 w_cons parameters to delta_max=0.1000 bound.
2026-08-11 20:58:13 | sleep.weights.plasticity       | INFO  | Hard-clipped 21 w_cons parameters to delta_max=0.1000 bound.
2026-08-11 20:58:13 | sleep.weights.plasticity       | INFO  | Hard-clipped 21 w_cons parameters to delta_max=0.1000 bound.
2026-08-11 20:58:13 | sleep.weights.plasticity       | INFO  | Hard-clipped 21 w_cons parameters to delta_max=0.1000 bound.
2026-08-11 20:58:14 | sleep.weights.plasticity       | INFO  | Hard-clipped 21 w_cons parameters to delta_max=0.1000 bound.
2026-08-11 20:58:14 | sleep.weights.plasticity       | INFO  | Hard-clipped 21 w_cons parameters to delta_max=0.1000 bound.
2026-08-11 20:58:14 | sleep.weights.plasticity       | INFO  | Hard-clipped 21 w_cons parameters to delta_max=0.1000 bound.
2026-08-11 20:58:14 | sleep.weights.plasticity       | INFO  | Hard-clipped 22 w_cons parameters to delta_max=0.1000 bound.
2026-08-11 20:58:14 | sleep.weights.plasticity       | INFO  | Hard-clipped 22 w_cons parameters to delta_max=0.1000 bound.
2026-08-11 20:58:14 | sleep.weights.plasticity       | INFO  | Hard-clipped 22 w_cons parameters to delta_max=0.1000 bound.
2026-08-11 20:58:14 | sleep.weights.plasticity       | INFO  | Hard-clipped 22 w_cons parameters to delta_max=0.1000 bound.
2026-08-11 20:58:15 | sleep.weights.plasticity       | INFO  | Hard-clipped 22 w_cons parameters to delta_max=0.1000 bound.
2026-08-11 20:58:15 | sleep.weights.plasticity       | INFO  | Hard-clipped 22 w_cons parameters to delta_max=0.1000 bound.
2026-08-11 20:58:15 | sleep.weights.plasticity       | INFO  | Hard-clipped 20 w_cons parameters to delta_max=0.1000 bound.
2026-08-11 20:58:15 | sleep.weights.plasticity       | INFO  | Hard-clipped 21 w_cons parameters to delta_max=0.1000 bound.
2026-08-11 20:58:15 | sleep.weights.plasticity       | INFO  | Hard-clipped 22 w_cons parameters to delta_max=0.1000 bound.
2026-08-11 20:58:15 | sleep.weights.plasticity       | INFO  | Hard-clipped 23 w_cons parameters to delta_max=0.1000 bound.
2026-08-11 20:58:15 | sleep.weights.plasticity       | INFO  | Hard-clipped 22 w_cons parameters to delta_max=0.1000 bound.
2026-08-11 20:58:16 | sleep.weights.plasticity       | INFO  | Hard-clipped 22 w_cons parameters to delta_max=0.1000 bound.
2026-08-11 20:58:16 | sleep.weights.plasticity       | INFO  | Hard-clipped 23 w_cons parameters to delta_max=0.1000 bound.
2026-08-11 20:58:16 | sleep.weights.plasticity       | INFO  | Hard-clipped 23 w_cons parameters to delta_max=0.1000 bound.
2026-08-11 20:58:16 | sleep.weights.plasticity       | INFO  | Hard-clipped 23 w_cons parameters to delta_max=0.1000 bound.
2026-08-11 20:58:16 | sleep.weights.plasticity       | INFO  | Hard-clipped 23 w_cons parameters to delta_max=0.1000 bound.
2026-08-11 20:58:16 | sleep.weights.plasticity       | INFO  | Hard-clipped 23 w_cons parameters to delta_max=0.1000 bound.
2026-08-11 20:58:16 | sleep.weights.plasticity       | INFO  | Hard-clipped 23 w_cons parameters to delta_max=0.1000 bound.
2026-08-11 20:58:17 | sleep.weights.plasticity       | INFO  | Hard-clipped 23 w_cons parameters to delta_max=0.1000 bound.
2026-08-11 20:58:17 | sleep.weights.plasticity       | INFO  | Hard-clipped 23 w_cons parameters to delta_max=0.1000 bound.
2026-08-11 20:58:17 | sleep.weights.plasticity       | INFO  | Hard-clipped 23 w_cons parameters to delta_max=0.1000 bound.
2026-08-11 20:58:17 | sleep.weights.plasticity       | INFO  | Hard-clipped 23 w_cons parameters to delta_max=0.1000 bound.
2026-08-11 20:58:17 | sleep.weights.plasticity       | INFO  | Hard-clipped 23 w_cons parameters to delta_max=0.1000 bound.
2026-08-11 20:58:17 | sleep.weights.plasticity       | INFO  | Hard-clipped 23 w_cons parameters to delta_max=0.1000 bound.
2026-08-11 20:58:17 | sleep.weights.plasticity       | INFO  | Hard-clipped 20 w_cons parameters to delta_max=0.1000 bound.
2026-08-11 20:58:18 | sleep.weights.plasticity       | INFO  | Hard-clipped 21 w_cons parameters to delta_max=0.1000 bound.
2026-08-11 20:58:18 | sleep.weights.plasticity       | INFO  | Hard-clipped 21 w_cons parameters to delta_max=0.1000 bound.
2026-08-11 20:58:18 | sleep.weights.plasticity       | INFO  | Hard-clipped 23 w_cons parameters to delta_max=0.1000 bound.
2026-08-11 20:58:18 | sleep.weights.plasticity       | INFO  | Hard-clipped 24 w_cons parameters to delta_max=0.1000 bound.
2026-08-11 20:58:18 | sleep.weights.plasticity       | INFO  | Hard-clipped 24 w_cons parameters to delta_max=0.1000 bound.
2026-08-11 20:58:18 | sleep.weights.plasticity       | INFO  | Hard-clipped 24 w_cons parameters to delta_max=0.1000 bound.
2026-08-11 20:58:19 | sleep.weights.plasticity       | INFO  | Hard-clipped 24 w_cons parameters to delta_max=0.1000 bound.
2026-08-11 20:58:19 | sleep.weights.plasticity       | INFO  | Hard-clipped 24 w_cons parameters to delta_max=0.1000 bound.
2026-08-11 20:58:19 | sleep.weights.plasticity       | INFO  | Hard-clipped 24 w_cons parameters to delta_max=0.1000 bound.
2026-08-11 20:58:19 | sleep.weights.plasticity       | INFO  | Hard-clipped 24 w_cons parameters to delta_max=0.1000 bound.
2026-08-11 20:58:19 | sleep.weights.plasticity       | INFO  | Hard-clipped 24 w_cons parameters to delta_max=0.1000 bound.
2026-08-11 20:58:19 | sleep.weights.plasticity       | INFO  | Hard-clipped 24 w_cons parameters to delta_max=0.1000 bound.
2026-08-11 20:58:19 | sleep.weights.plasticity       | INFO  | Hard-clipped 24 w_cons parameters to delta_max=0.1000 bound.
2026-08-11 20:58:20 | sleep.weights.plasticity       | INFO  | Hard-clipped 24 w_cons parameters to delta_max=0.1000 bound.
2026-08-11 20:58:20 | sleep.weights.plasticity       | INFO  | Hard-clipped 24 w_cons parameters to delta_max=0.1000 bound.
2026-08-11 20:58:20 | sleep.weights.plasticity       | INFO  | Hard-clipped 24 w_cons parameters to delta_max=0.1000 bound.
2026-08-11 20:58:20 | sleep.weights.plasticity       | INFO  | Hard-clipped 24 w_cons parameters to delta_max=0.1000 bound.
2026-08-11 20:58:20 | sleep.weights.plasticity       | INFO  | Hard-clipped 24 w_cons parameters to delta_max=0.1000 bound.
2026-08-11 20:58:20 | sleep.weights.plasticity       | INFO  | Hard-clipped 24 w_cons parameters to delta_max=0.1000 bound.
2026-08-11 20:58:20 | sleep.weights.plasticity       | INFO  | Hard-clipped 24 w_cons parameters to delta_max=0.1000 bound.
2026-08-11 20:58:21 | sleep.weights.plasticity       | INFO  | Hard-clipped 24 w_cons parameters to delta_max=0.1000 bound.
2026-08-11 20:58:21 | sleep.weights.plasticity       | INFO  | Hard-clipped 24 w_cons parameters to delta_max=0.1000 bound.
2026-08-11 20:58:21 | sleep.weights.plasticity       | INFO  | Hard-clipped 23 w_cons parameters to delta_max=0.1000 bound.
2026-08-11 20:58:21 | sleep.weights.plasticity       | INFO  | Hard-clipped 23 w_cons parameters to delta_max=0.1000 bound.
2026-08-11 20:58:21 | sleep.weights.plasticity       | INFO  | Hard-clipped 22 w_cons parameters to delta_max=0.1000 bound.
2026-08-11 20:58:21 | sleep.weights.plasticity       | INFO  | Hard-clipped 21 w_cons parameters to delta_max=0.1000 bound.
2026-08-11 20:58:21 | sleep.weights.plasticity       | INFO  | Hard-clipped 22 w_cons parameters to delta_max=0.1000 bound.
2026-08-11 20:58:22 | sleep.weights.plasticity       | INFO  | Hard-clipped 22 w_cons parameters to delta_max=0.1000 bound.
2026-08-11 20:58:22 | sleep.weights.plasticity       | INFO  | Hard-clipped 22 w_cons parameters to delta_max=0.1000 bound.
2026-08-11 20:58:22 | sleep.weights.plasticity       | INFO  | Hard-clipped 22 w_cons parameters to delta_max=0.1000 bound.
2026-08-11 20:58:22 | sleep.weights.plasticity       | INFO  | Hard-clipped 23 w_cons parameters to delta_max=0.1000 bound.
2026-08-11 20:58:22 | sleep.weights.plasticity       | INFO  | Hard-clipped 23 w_cons parameters to delta_max=0.1000 bound.
2026-08-11 20:58:22 | sleep.weights.plasticity       | INFO  | Hard-clipped 23 w_cons parameters to delta_max=0.1000 bound.
2026-08-11 20:58:22 | sleep.weights.plasticity       | INFO  | Hard-clipped 25 w_cons parameters to delta_max=0.1000 bound.
2026-08-11 20:58:23 | sleep.weights.plasticity       | INFO  | Hard-clipped 25 w_cons parameters to delta_max=0.1000 bound.
2026-08-11 20:58:23 | sleep.weights.plasticity       | INFO  | Hard-clipped 25 w_cons parameters to delta_max=0.1000 bound.
2026-08-11 20:58:23 | sleep.weights.plasticity       | INFO  | Hard-clipped 25 w_cons parameters to delta_max=0.1000 bound.
2026-08-11 20:58:23 | sleep.weights.plasticity       | INFO  | Hard-clipped 25 w_cons parameters to delta_max=0.1000 bound.
2026-08-11 20:58:23 | sleep.weights.plasticity       | INFO  | Hard-clipped 25 w_cons parameters to delta_max=0.1000 bound.
2026-08-11 20:58:23 | sleep.weights.plasticity       | INFO  | Hard-clipped 25 w_cons parameters to delta_max=0.1000 bound.
2026-08-11 20:58:23 | sleep.weights.plasticity       | INFO  | Hard-clipped 26 w_cons parameters to delta_max=0.1000 bound.
2026-08-11 20:58:24 | sleep.weights.plasticity       | INFO  | Hard-clipped 26 w_cons parameters to delta_max=0.1000 bound.
2026-08-11 20:58:24 | sleep.weights.plasticity       | INFO  | Hard-clipped 26 w_cons parameters to delta_max=0.1000 bound.
2026-08-11 20:58:24 | sleep.weights.plasticity       | INFO  | Hard-clipped 26 w_cons parameters to delta_max=0.1000 bound.
2026-08-11 20:58:24 | sleep.weights.plasticity       | INFO  | Hard-clipped 27 w_cons parameters to delta_max=0.1000 bound.
2026-08-11 20:58:24 | sleep.weights.plasticity       | INFO  | Hard-clipped 26 w_cons parameters to delta_max=0.1000 bound.
2026-08-11 20:58:24 | sleep.weights.plasticity       | INFO  | Hard-clipped 26 w_cons parameters to delta_max=0.1000 bound.
2026-08-11 20:58:25 | sleep.weights.plasticity       | INFO  | Hard-clipped 26 w_cons parameters to delta_max=0.1000 bound.
2026-08-11 20:58:25 | sleep.weights.plasticity       | INFO  | Hard-clipped 27 w_cons parameters to delta_max=0.1000 bound.
2026-08-11 20:58:25 | sleep.weights.plasticity       | INFO  | Hard-clipped 27 w_cons parameters to delta_max=0.1000 bound.
2026-08-11 20:58:25 | sleep.weights.plasticity       | INFO  | Hard-clipped 27 w_cons parameters to delta_max=0.1000 bound.
2026-08-11 20:58:25 | sleep.weights.plasticity       | INFO  | Hard-clipped 27 w_cons parameters to delta_max=0.1000 bound.
2026-08-11 20:58:25 | sleep.weights.plasticity       | INFO  | Hard-clipped 27 w_cons parameters to delta_max=0.1000 bound.
2026-08-11 20:58:25 | sleep.weights.plasticity       | INFO  | Hard-clipped 27 w_cons parameters to delta_max=0.1000 bound.
2026-08-11 20:58:26 | sleep.weights.plasticity       | INFO  | Hard-clipped 27 w_cons parameters to delta_max=0.1000 bound.
2026-08-11 20:58:26 | sleep.weights.plasticity       | INFO  | Hard-clipped 27 w_cons parameters to delta_max=0.1000 bound.
2026-08-11 20:58:26 | sleep.weights.plasticity       | INFO  | Hard-clipped 27 w_cons parameters to delta_max=0.1000 bound.
2026-08-11 20:58:26 | sleep.weights.plasticity       | INFO  | Hard-clipped 27 w_cons parameters to delta_max=0.1000 bound.
2026-08-11 20:58:26 | sleep.weights.plasticity       | INFO  | Hard-clipped 27 w_cons parameters to delta_max=0.1000 bound.
2026-08-11 20:58:26 | sleep.weights.plasticity       | INFO  | Hard-clipped 27 w_cons parameters to delta_max=0.1000 bound.
2026-08-11 20:58:27 | sleep.weights.plasticity       | INFO  | Hard-clipped 27 w_cons parameters to delta_max=0.1000 bound.
2026-08-11 20:58:27 | sleep.weights.plasticity       | INFO  | Hard-clipped 28 w_cons parameters to delta_max=0.1000 bound.
2026-08-11 20:58:27 | sleep.weights.plasticity       | INFO  | Hard-clipped 28 w_cons parameters to delta_max=0.1000 bound.
2026-08-11 20:58:27 | sleep.weights.plasticity       | INFO  | Hard-clipped 28 w_cons parameters to delta_max=0.1000 bound.
2026-08-11 20:58:27 | sleep.weights.plasticity       | INFO  | Hard-clipped 28 w_cons parameters to delta_max=0.1000 bound.
2026-08-11 20:58:27 | sleep.weights.plasticity       | INFO  | Hard-clipped 28 w_cons parameters to delta_max=0.1000 bound.
2026-08-11 20:58:27 | sleep.weights.plasticity       | INFO  | Hard-clipped 28 w_cons parameters to delta_max=0.1000 bound.
2026-08-11 20:58:28 | sleep.weights.plasticity       | INFO  | Hard-clipped 28 w_cons parameters to delta_max=0.1000 bound.
2026-08-11 20:58:28 | sleep.weights.plasticity       | INFO  | Hard-clipped 28 w_cons parameters to delta_max=0.1000 bound.
2026-08-11 20:58:28 | sleep.weights.plasticity       | INFO  | Hard-clipped 28 w_cons parameters to delta_max=0.1000 bound.
2026-08-11 20:58:28 | sleep.weights.plasticity       | INFO  | Hard-clipped 27 w_cons parameters to delta_max=0.1000 bound.
2026-08-11 20:58:28 | sleep.weights.plasticity       | INFO  | Hard-clipped 27 w_cons parameters to delta_max=0.1000 bound.
2026-08-11 20:58:28 | sleep.weights.plasticity       | INFO  | Hard-clipped 27 w_cons parameters to delta_max=0.1000 bound.
2026-08-11 20:58:28 | sleep.weights.plasticity       | INFO  | Hard-clipped 27 w_cons parameters to delta_max=0.1000 bound.
2026-08-11 20:58:29 | sleep.weights.plasticity       | INFO  | Hard-clipped 26 w_cons parameters to delta_max=0.1000 bound.
2026-08-11 20:58:29 | sleep.weights.plasticity       | INFO  | Hard-clipped 26 w_cons parameters to delta_max=0.1000 bound.
2026-08-11 20:58:29 | sleep.weights.plasticity       | INFO  | Hard-clipped 24 w_cons parameters to delta_max=0.1000 bound.
2026-08-11 20:58:29 | sleep.weights.plasticity       | INFO  | Hard-clipped 26 w_cons parameters to delta_max=0.1000 bound.
2026-08-11 20:58:29 | sleep.weights.plasticity       | INFO  | Hard-clipped 26 w_cons parameters to delta_max=0.1000 bound.
2026-08-11 20:58:29 | sleep.weights.plasticity       | INFO  | Hard-clipped 27 w_cons parameters to delta_max=0.1000 bound.
2026-08-11 20:58:29 | sleep.weights.plasticity       | INFO  | Hard-clipped 28 w_cons parameters to delta_max=0.1000 bound.
2026-08-11 20:58:30 | sleep.weights.plasticity       | INFO  | Hard-clipped 29 w_cons parameters to delta_max=0.1000 bound.
2026-08-11 20:58:30 | sleep.weights.plasticity       | INFO  | Hard-clipped 30 w_cons parameters to delta_max=0.1000 bound.
2026-08-11 20:58:30 | sleep.weights.plasticity       | INFO  | Hard-clipped 30 w_cons parameters to delta_max=0.1000 bound.
2026-08-11 20:58:30 | sleep.weights.plasticity       | INFO  | Hard-clipped 30 w_cons parameters to delta_max=0.1000 bound.
2026-08-11 20:58:30 | sleep.weights.plasticity       | INFO  | Hard-clipped 30 w_cons parameters to delta_max=0.1000 bound.
2026-08-11 20:58:30 | sleep.weights.plasticity       | INFO  | Hard-clipped 31 w_cons parameters to delta_max=0.1000 bound.
2026-08-11 20:58:30 | sleep.weights.plasticity       | INFO  | Hard-clipped 31 w_cons parameters to delta_max=0.1000 bound.
2026-08-11 20:58:31 | sleep.weights.plasticity       | INFO  | Hard-clipped 31 w_cons parameters to delta_max=0.1000 bound.
2026-08-11 20:58:31 | sleep.weights.plasticity       | INFO  | Hard-clipped 31 w_cons parameters to delta_max=0.1000 bound.
2026-08-11 20:58:31 | sleep.weights.plasticity       | INFO  | Hard-clipped 31 w_cons parameters to delta_max=0.1000 bound.
2026-08-11 20:58:31 | sleep.weights.plasticity       | INFO  | Hard-clipped 31 w_cons parameters to delta_max=0.1000 bound.
2026-08-11 20:58:31 | sleep.weights.plasticity       | INFO  | Hard-clipped 30 w_cons parameters to delta_max=0.1000 bound.
2026-08-11 20:58:31 | sleep.weights.plasticity       | INFO  | Hard-clipped 31 w_cons parameters to delta_max=0.1000 bound.
2026-08-11 20:58:31 | sleep.weights.plasticity       | INFO  | Hard-clipped 30 w_cons parameters to delta_max=0.1000 bound.
2026-08-11 20:58:32 | sleep.weights.plasticity       | INFO  | Hard-clipped 30 w_cons parameters to delta_max=0.1000 bound.
2026-08-11 20:58:32 | sleep.weights.plasticity       | INFO  | Hard-clipped 30 w_cons parameters to delta_max=0.1000 bound.
2026-08-11 20:58:32 | sleep.weights.plasticity       | INFO  | Hard-clipped 30 w_cons parameters to delta_max=0.1000 bound.
2026-08-11 20:58:32 | sleep.weights.plasticity       | INFO  | Hard-clipped 31 w_cons parameters to delta_max=0.1000 bound.
2026-08-11 20:58:32 | sleep.weights.plasticity       | INFO  | Hard-clipped 31 w_cons parameters to delta_max=0.1000 bound.
2026-08-11 20:58:32 | sleep.weights.plasticity       | INFO  | Hard-clipped 31 w_cons parameters to delta_max=0.1000 bound.
2026-08-11 20:58:32 | sleep.weights.plasticity       | INFO  | Hard-clipped 31 w_cons parameters to delta_max=0.1000 bound.
2026-08-11 20:58:33 | sleep.weights.plasticity       | INFO  | Hard-clipped 31 w_cons parameters to delta_max=0.1000 bound.
2026-08-11 20:58:33 | sleep.weights.plasticity       | INFO  | Hard-clipped 31 w_cons parameters to delta_max=0.1000 bound.
2026-08-11 20:58:33 | sleep.weights.plasticity       | INFO  | Hard-clipped 31 w_cons parameters to delta_max=0.1000 bound.
2026-08-11 20:58:33 | sleep.weights.plasticity       | INFO  | Hard-clipped 31 w_cons parameters to delta_max=0.1000 bound.
2026-08-11 20:58:33 | sleep.weights.plasticity       | INFO  | Hard-clipped 30 w_cons parameters to delta_max=0.1000 bound.
2026-08-11 20:58:33 | sleep.weights.plasticity       | INFO  | Hard-clipped 30 w_cons parameters to delta_max=0.1000 bound.
2026-08-11 20:58:34 | sleep.weights.plasticity       | INFO  | Hard-clipped 30 w_cons parameters to delta_max=0.1000 bound.
2026-08-11 20:58:34 | sleep.weights.plasticity       | INFO  | Hard-clipped 30 w_cons parameters to delta_max=0.1000 bound.
2026-08-11 20:58:34 | sleep.weights.plasticity       | INFO  | Hard-clipped 31 w_cons parameters to delta_max=0.1000 bound.
2026-08-11 20:58:34 | sleep.sleep_engine.train       | INFO  |   distill step 450/1500 | loss=1.2163 (kl=0.7671 ce=0.8983) | lr=8.83e-05
2026-08-11 20:58:34 | sleep.weights.plasticity       | INFO  | Hard-clipped 32 w_cons parameters to delta_max=0.1000 bound.
2026-08-11 20:58:34 | sleep.weights.plasticity       | INFO  | Hard-clipped 31 w_cons parameters to delta_max=0.1000 bound.
2026-08-11 20:58:34 | sleep.weights.plasticity       | INFO  | Hard-clipped 32 w_cons parameters to delta_max=0.1000 bound.
2026-08-11 20:58:34 | sleep.weights.plasticity       | INFO  | Hard-clipped 32 w_cons parameters to delta_max=0.1000 bound.
2026-08-11 20:58:35 | sleep.weights.plasticity       | INFO  | Hard-clipped 32 w_cons parameters to delta_max=0.1000 bound.
2026-08-11 20:58:35 | sleep.weights.plasticity       | INFO  | Hard-clipped 32 w_cons parameters to delta_max=0.1000 bound.
2026-08-11 20:58:35 | sleep.weights.plasticity       | INFO  | Hard-clipped 32 w_cons parameters to delta_max=0.1000 bound.
2026-08-11 20:58:35 | sleep.weights.plasticity       | INFO  | Hard-clipped 32 w_cons parameters to delta_max=0.1000 bound.
2026-08-11 20:58:35 | sleep.weights.plasticity       | INFO  | Hard-clipped 31 w_cons parameters to delta_max=0.1000 bound.
2026-08-11 20:58:35 | sleep.weights.plasticity       | INFO  | Hard-clipped 30 w_cons parameters to delta_max=0.1000 bound.
2026-08-11 20:58:35 | sleep.weights.plasticity       | INFO  | Hard-clipped 30 w_cons parameters to delta_max=0.1000 bound.
2026-08-11 20:58:36 | sleep.weights.plasticity       | INFO  | Hard-clipped 30 w_cons parameters to delta_max=0.1000 bound.
2026-08-11 20:58:36 | sleep.weights.plasticity       | INFO  | Hard-clipped 31 w_cons parameters to delta_max=0.1000 bound.
2026-08-11 20:58:36 | sleep.weights.plasticity       | INFO  | Hard-clipped 31 w_cons parameters to delta_max=0.1000 bound.
2026-08-11 20:58:36 | sleep.weights.plasticity       | INFO  | Hard-clipped 31 w_cons parameters to delta_max=0.1000 bound.
2026-08-11 20:58:36 | sleep.weights.plasticity       | INFO  | Hard-clipped 31 w_cons parameters to delta_max=0.1000 bound.
2026-08-11 20:58:36 | sleep.weights.plasticity       | INFO  | Hard-clipped 30 w_cons parameters to delta_max=0.1000 bound.
2026-08-11 20:58:36 | sleep.weights.plasticity       | INFO  | Hard-clipped 32 w_cons parameters to delta_max=0.1000 bound.
2026-08-11 20:58:37 | sleep.weights.plasticity       | INFO  | Hard-clipped 32 w_cons parameters to delta_max=0.1000 bound.
2026-08-11 20:58:37 | sleep.weights.plasticity       | INFO  | Hard-clipped 32 w_cons parameters to delta_max=0.1000 bound.
2026-08-11 20:58:37 | sleep.weights.plasticity       | INFO  | Hard-clipped 31 w_cons parameters to delta_max=0.1000 bound.
2026-08-11 20:58:37 | sleep.weights.plasticity       | INFO  | Hard-clipped 31 w_cons parameters to delta_max=0.1000 bound.
2026-08-11 20:58:37 | sleep.weights.plasticity       | INFO  | Hard-clipped 31 w_cons parameters to delta_max=0.1000 bound.
2026-08-11 20:58:37 | sleep.weights.plasticity       | INFO  | Hard-clipped 31 w_cons parameters to delta_max=0.1000 bound.
2026-08-11 20:58:37 | sleep.weights.plasticity       | INFO  | Hard-clipped 31 w_cons parameters to delta_max=0.1000 bound.
2026-08-11 20:58:38 | sleep.weights.plasticity       | INFO  | Hard-clipped 31 w_cons parameters to delta_max=0.1000 bound.
2026-08-11 20:58:38 | sleep.weights.plasticity       | INFO  | Hard-clipped 31 w_cons parameters to delta_max=0.1000 bound.
2026-08-11 20:58:38 | sleep.weights.plasticity       | INFO  | Hard-clipped 31 w_cons parameters to delta_max=0.1000 bound.
2026-08-11 20:58:38 | sleep.weights.plasticity       | INFO  | Hard-clipped 30 w_cons parameters to delta_max=0.1000 bound.
2026-08-11 20:58:38 | sleep.weights.plasticity       | INFO  | Hard-clipped 31 w_cons parameters to delta_max=0.1000 bound.
2026-08-11 20:58:38 | sleep.weights.plasticity       | INFO  | Hard-clipped 31 w_cons parameters to delta_max=0.1000 bound.
2026-08-11 20:58:39 | sleep.weights.plasticity       | INFO  | Hard-clipped 31 w_cons parameters to delta_max=0.1000 bound.
2026-08-11 20:58:39 | sleep.weights.plasticity       | INFO  | Hard-clipped 32 w_cons parameters to delta_max=0.1000 bound.
2026-08-11 20:58:39 | sleep.weights.plasticity       | INFO  | Hard-clipped 32 w_cons parameters to delta_max=0.1000 bound.
2026-08-11 20:58:39 | sleep.weights.plasticity       | INFO  | Hard-clipped 31 w_cons parameters to delta_max=0.1000 bound.
2026-08-11 20:58:39 | sleep.weights.plasticity       | INFO  | Hard-clipped 32 w_cons parameters to delta_max=0.1000 bound.
2026-08-11 20:58:39 | sleep.weights.plasticity       | INFO  | Hard-clipped 32 w_cons parameters to delta_max=0.1000 bound.
2026-08-11 20:58:39 | sleep.weights.plasticity       | INFO  | Hard-clipped 32 w_cons parameters to delta_max=0.1000 bound.
2026-08-11 20:58:40 | sleep.weights.plasticity       | INFO  | Hard-clipped 32 w_cons parameters to delta_max=0.1000 bound.
2026-08-11 20:58:40 | sleep.weights.plasticity       | INFO  | Hard-clipped 32 w_cons parameters to delta_max=0.1000 bound.
2026-08-11 20:58:40 | sleep.weights.plasticity       | INFO  | Hard-clipped 32 w_cons parameters to delta_max=0.1000 bound.
2026-08-11 20:58:40 | sleep.weights.plasticity       | INFO  | Hard-clipped 32 w_cons parameters to delta_max=0.1000 bound.
2026-08-11 20:58:40 | sleep.weights.plasticity       | INFO  | Hard-clipped 32 w_cons parameters to delta_max=0.1000 bound.
2026-08-11 20:58:40 | sleep.weights.plasticity       | INFO  | Hard-clipped 32 w_cons parameters to delta_max=0.1000 bound.
2026-08-11 20:58:40 | sleep.weights.plasticity       | INFO  | Hard-clipped 32 w_cons parameters to delta_max=0.1000 bound.
2026-08-11 20:58:41 | sleep.weights.plasticity       | INFO  | Hard-clipped 32 w_cons parameters to delta_max=0.1000 bound.
2026-08-11 20:58:41 | sleep.weights.plasticity       | INFO  | Hard-clipped 31 w_cons parameters to delta_max=0.1000 bound.
2026-08-11 20:58:41 | sleep.weights.plasticity       | INFO  | Hard-clipped 31 w_cons parameters to delta_max=0.1000 bound.
2026-08-11 20:58:41 | sleep.weights.plasticity       | INFO  | Hard-clipped 31 w_cons parameters to delta_max=0.1000 bound.
2026-08-11 20:58:41 | sleep.weights.plasticity       | INFO  | Hard-clipped 31 w_cons parameters to delta_max=0.1000 bound.
2026-08-11 20:58:41 | sleep.weights.plasticity       | INFO  | Hard-clipped 32 w_cons parameters to delta_max=0.1000 bound.
2026-08-11 20:58:42 | sleep.weights.plasticity       | INFO  | Hard-clipped 32 w_cons parameters to delta_max=0.1000 bound.
2026-08-11 20:58:42 | sleep.weights.plasticity       | INFO  | Hard-clipped 32 w_cons parameters to delta_max=0.1000 bound.
2026-08-11 20:58:42 | sleep.weights.plasticity       | INFO  | Hard-clipped 31 w_cons parameters to delta_max=0.1000 bound.
2026-08-11 20:58:42 | sleep.weights.plasticity       | INFO  | Hard-clipped 32 w_cons parameters to delta_max=0.1000 bound.
2026-08-11 20:58:42 | sleep.weights.plasticity       | INFO  | Hard-clipped 32 w_cons parameters to delta_max=0.1000 bound.
2026-08-11 20:58:42 | sleep.weights.plasticity       | INFO  | Hard-clipped 32 w_cons parameters to delta_max=0.1000 bound.
2026-08-11 20:58:42 | sleep.weights.plasticity       | INFO  | Hard-clipped 32 w_cons parameters to delta_max=0.1000 bound.
2026-08-11 20:58:43 | sleep.weights.plasticity       | INFO  | Hard-clipped 32 w_cons parameters to delta_max=0.1000 bound.
2026-08-11 20:58:43 | sleep.weights.plasticity       | INFO  | Hard-clipped 32 w_cons parameters to delta_max=0.1000 bound.
2026-08-11 20:58:43 | sleep.weights.plasticity       | INFO  | Hard-clipped 32 w_cons parameters to delta_max=0.1000 bound.
2026-08-11 20:58:43 | sleep.weights.plasticity       | INFO  | Hard-clipped 32 w_cons parameters to delta_max=0.1000 bound.
2026-08-11 20:58:43 | sleep.weights.plasticity       | INFO  | Hard-clipped 32 w_cons parameters to delta_max=0.1000 bound.
2026-08-11 20:58:43 | sleep.weights.plasticity       | INFO  | Hard-clipped 30 w_cons parameters to delta_max=0.1000 bound.
2026-08-11 20:58:44 | sleep.weights.plasticity       | INFO  | Hard-clipped 30 w_cons parameters to delta_max=0.1000 bound.
2026-08-11 20:58:44 | sleep.weights.plasticity       | INFO  | Hard-clipped 30 w_cons parameters to delta_max=0.1000 bound.
2026-08-11 20:58:44 | sleep.weights.plasticity       | INFO  | Hard-clipped 29 w_cons parameters to delta_max=0.1000 bound.
2026-08-11 20:58:44 | sleep.weights.plasticity       | INFO  | Hard-clipped 29 w_cons parameters to delta_max=0.1000 bound.
2026-08-11 20:58:44 | sleep.weights.plasticity       | INFO  | Hard-clipped 29 w_cons parameters to delta_max=0.1000 bound.
2026-08-11 20:58:44 | sleep.weights.plasticity       | INFO  | Hard-clipped 29 w_cons parameters to delta_max=0.1000 bound.
2026-08-11 20:58:44 | sleep.weights.plasticity       | INFO  | Hard-clipped 29 w_cons parameters to delta_max=0.1000 bound.
2026-08-11 20:58:45 | sleep.weights.plasticity       | INFO  | Hard-clipped 29 w_cons parameters to delta_max=0.1000 bound.
2026-08-11 20:58:45 | sleep.weights.plasticity       | INFO  | Hard-clipped 29 w_cons parameters to delta_max=0.1000 bound.
2026-08-11 20:58:45 | sleep.weights.plasticity       | INFO  | Hard-clipped 29 w_cons parameters to delta_max=0.1000 bound.
2026-08-11 20:58:45 | sleep.weights.plasticity       | INFO  | Hard-clipped 29 w_cons parameters to delta_max=0.1000 bound.
2026-08-11 20:58:45 | sleep.weights.plasticity       | INFO  | Hard-clipped 31 w_cons parameters to delta_max=0.1000 bound.
2026-08-11 20:58:45 | sleep.weights.plasticity       | INFO  | Hard-clipped 33 w_cons parameters to delta_max=0.1000 bound.
2026-08-11 20:58:46 | sleep.weights.plasticity       | INFO  | Hard-clipped 33 w_cons parameters to delta_max=0.1000 bound.
2026-08-11 20:58:46 | sleep.weights.plasticity       | INFO  | Hard-clipped 33 w_cons parameters to delta_max=0.1000 bound.
2026-08-11 20:58:46 | sleep.weights.plasticity       | INFO  | Hard-clipped 33 w_cons parameters to delta_max=0.1000 bound.
2026-08-11 20:58:46 | sleep.weights.plasticity       | INFO  | Hard-clipped 33 w_cons parameters to delta_max=0.1000 bound.
2026-08-11 20:58:46 | sleep.weights.plasticity       | INFO  | Hard-clipped 32 w_cons parameters to delta_max=0.1000 bound.
2026-08-11 20:58:46 | sleep.weights.plasticity       | INFO  | Hard-clipped 32 w_cons parameters to delta_max=0.1000 bound.
2026-08-11 20:58:46 | sleep.weights.plasticity       | INFO  | Hard-clipped 32 w_cons parameters to delta_max=0.1000 bound.
2026-08-11 20:58:47 | sleep.weights.plasticity       | INFO  | Hard-clipped 32 w_cons parameters to delta_max=0.1000 bound.
2026-08-11 20:58:47 | sleep.weights.plasticity       | INFO  | Hard-clipped 33 w_cons parameters to delta_max=0.1000 bound.
2026-08-11 20:58:47 | sleep.weights.plasticity       | INFO  | Hard-clipped 33 w_cons parameters to delta_max=0.1000 bound.
2026-08-11 20:58:47 | sleep.weights.plasticity       | INFO  | Hard-clipped 33 w_cons parameters to delta_max=0.1000 bound.
2026-08-11 20:58:47 | sleep.weights.plasticity       | INFO  | Hard-clipped 31 w_cons parameters to delta_max=0.1000 bound.
2026-08-11 20:58:47 | sleep.weights.plasticity       | INFO  | Hard-clipped 31 w_cons parameters to delta_max=0.1000 bound.
2026-08-11 20:58:47 | sleep.weights.plasticity       | INFO  | Hard-clipped 31 w_cons parameters to delta_max=0.1000 bound.
2026-08-11 20:58:48 | sleep.weights.plasticity       | INFO  | Hard-clipped 31 w_cons parameters to delta_max=0.1000 bound.
2026-08-11 20:58:48 | sleep.weights.plasticity       | INFO  | Hard-clipped 31 w_cons parameters to delta_max=0.1000 bound.
2026-08-11 20:58:48 | sleep.weights.plasticity       | INFO  | Hard-clipped 31 w_cons parameters to delta_max=0.1000 bound.
2026-08-11 20:58:48 | sleep.weights.plasticity       | INFO  | Hard-clipped 32 w_cons parameters to delta_max=0.1000 bound.
2026-08-11 20:58:48 | sleep.weights.plasticity       | INFO  | Hard-clipped 32 w_cons parameters to delta_max=0.1000 bound.
2026-08-11 20:58:48 | sleep.weights.plasticity       | INFO  | Hard-clipped 32 w_cons parameters to delta_max=0.1000 bound.
2026-08-11 20:58:48 | sleep.weights.plasticity       | INFO  | Hard-clipped 32 w_cons parameters to delta_max=0.1000 bound.
2026-08-11 20:58:49 | sleep.weights.plasticity       | INFO  | Hard-clipped 33 w_cons parameters to delta_max=0.1000 bound.
2026-08-11 20:58:49 | sleep.weights.plasticity       | INFO  | Hard-clipped 33 w_cons parameters to delta_max=0.1000 bound.
2026-08-11 20:58:49 | sleep.weights.plasticity       | INFO  | Hard-clipped 33 w_cons parameters to delta_max=0.1000 bound.
2026-08-11 20:58:49 | sleep.weights.plasticity       | INFO  | Hard-clipped 34 w_cons parameters to delta_max=0.1000 bound.
2026-08-11 20:58:49 | sleep.weights.plasticity       | INFO  | Hard-clipped 34 w_cons parameters to delta_max=0.1000 bound.
2026-08-11 20:58:49 | sleep.weights.plasticity       | INFO  | Hard-clipped 34 w_cons parameters to delta_max=0.1000 bound.
2026-08-11 20:58:50 | sleep.weights.plasticity       | INFO  | Hard-clipped 34 w_cons parameters to delta_max=0.1000 bound.
2026-08-11 20:58:50 | sleep.weights.plasticity       | INFO  | Hard-clipped 33 w_cons parameters to delta_max=0.1000 bound.
2026-08-11 20:58:50 | sleep.weights.plasticity       | INFO  | Hard-clipped 30 w_cons parameters to delta_max=0.1000 bound.
2026-08-11 20:58:50 | sleep.weights.plasticity       | INFO  | Hard-clipped 26 w_cons parameters to delta_max=0.1000 bound.
2026-08-11 20:58:50 | sleep.weights.plasticity       | INFO  | Hard-clipped 24 w_cons parameters to delta_max=0.1000 bound.
2026-08-11 20:58:50 | sleep.weights.plasticity       | INFO  | Hard-clipped 26 w_cons parameters to delta_max=0.1000 bound.
2026-08-11 20:58:50 | sleep.weights.plasticity       | INFO  | Hard-clipped 26 w_cons parameters to delta_max=0.1000 bound.
2026-08-11 20:58:51 | sleep.weights.plasticity       | INFO  | Hard-clipped 26 w_cons parameters to delta_max=0.1000 bound.
2026-08-11 20:58:51 | sleep.weights.plasticity       | INFO  | Hard-clipped 27 w_cons parameters to delta_max=0.1000 bound.
2026-08-11 20:58:51 | sleep.weights.plasticity       | INFO  | Hard-clipped 28 w_cons parameters to delta_max=0.1000 bound.
2026-08-11 20:58:51 | sleep.weights.plasticity       | INFO  | Hard-clipped 30 w_cons parameters to delta_max=0.1000 bound.
2026-08-11 20:58:51 | sleep.weights.plasticity       | INFO  | Hard-clipped 31 w_cons parameters to delta_max=0.1000 bound.
2026-08-11 20:58:51 | sleep.weights.plasticity       | INFO  | Hard-clipped 31 w_cons parameters to delta_max=0.1000 bound.
2026-08-11 20:58:51 | sleep.weights.plasticity       | INFO  | Hard-clipped 31 w_cons parameters to delta_max=0.1000 bound.
2026-08-11 20:58:52 | sleep.weights.plasticity       | INFO  | Hard-clipped 31 w_cons parameters to delta_max=0.1000 bound.
2026-08-11 20:58:52 | sleep.weights.plasticity       | INFO  | Hard-clipped 32 w_cons parameters to delta_max=0.1000 bound.
2026-08-11 20:58:52 | sleep.weights.plasticity       | INFO  | Hard-clipped 32 w_cons parameters to delta_max=0.1000 bound.
2026-08-11 20:58:52 | sleep.weights.plasticity       | INFO  | Hard-clipped 33 w_cons parameters to delta_max=0.1000 bound.
2026-08-11 20:58:52 | sleep.weights.plasticity       | INFO  | Hard-clipped 33 w_cons parameters to delta_max=0.1000 bound.
2026-08-11 20:58:52 | sleep.weights.plasticity       | INFO  | Hard-clipped 34 w_cons parameters to delta_max=0.1000 bound.
2026-08-11 20:58:52 | sleep.weights.plasticity       | INFO  | Hard-clipped 34 w_cons parameters to delta_max=0.1000 bound.
2026-08-11 20:58:53 | sleep.weights.plasticity       | INFO  | Hard-clipped 34 w_cons parameters to delta_max=0.1000 bound.
2026-08-11 20:58:53 | sleep.weights.plasticity       | INFO  | Hard-clipped 34 w_cons parameters to delta_max=0.1000 bound.
2026-08-11 20:58:53 | sleep.weights.plasticity       | INFO  | Hard-clipped 34 w_cons parameters to delta_max=0.1000 bound.
2026-08-11 20:58:53 | sleep.weights.plasticity       | INFO  | Hard-clipped 34 w_cons parameters to delta_max=0.1000 bound.
2026-08-11 20:58:53 | sleep.weights.plasticity       | INFO  | Hard-clipped 34 w_cons parameters to delta_max=0.1000 bound.
2026-08-11 20:58:53 | sleep.weights.plasticity       | INFO  | Hard-clipped 33 w_cons parameters to delta_max=0.1000 bound.
2026-08-11 20:58:54 | sleep.weights.plasticity       | INFO  | Hard-clipped 34 w_cons parameters to delta_max=0.1000 bound.
2026-08-11 20:58:54 | sleep.weights.plasticity       | INFO  | Hard-clipped 34 w_cons parameters to delta_max=0.1000 bound.
2026-08-11 20:58:54 | sleep.weights.plasticity       | INFO  | Hard-clipped 33 w_cons parameters to delta_max=0.1000 bound.
2026-08-11 20:58:54 | sleep.weights.plasticity       | INFO  | Hard-clipped 33 w_cons parameters to delta_max=0.1000 bound.
2026-08-11 20:58:54 | sleep.weights.plasticity       | INFO  | Hard-clipped 31 w_cons parameters to delta_max=0.1000 bound.
2026-08-11 20:58:54 | sleep.weights.plasticity       | INFO  | Hard-clipped 31 w_cons parameters to delta_max=0.1000 bound.
2026-08-11 20:58:54 | sleep.weights.plasticity       | INFO  | Hard-clipped 31 w_cons parameters to delta_max=0.1000 bound.
2026-08-11 20:58:55 | sleep.weights.plasticity       | INFO  | Hard-clipped 32 w_cons parameters to delta_max=0.1000 bound.
2026-08-11 20:58:55 | sleep.weights.plasticity       | INFO  | Hard-clipped 32 w_cons parameters to delta_max=0.1000 bound.
2026-08-11 20:58:55 | sleep.weights.plasticity       | INFO  | Hard-clipped 32 w_cons parameters to delta_max=0.1000 bound.
2026-08-11 20:58:55 | sleep.weights.plasticity       | INFO  | Hard-clipped 32 w_cons parameters to delta_max=0.1000 bound.
2026-08-11 20:58:55 | sleep.weights.plasticity       | INFO  | Hard-clipped 31 w_cons parameters to delta_max=0.1000 bound.
2026-08-11 20:58:55 | sleep.weights.plasticity       | INFO  | Hard-clipped 32 w_cons parameters to delta_max=0.1000 bound.
2026-08-11 20:58:55 | sleep.weights.plasticity       | INFO  | Hard-clipped 33 w_cons parameters to delta_max=0.1000 bound.
2026-08-11 20:58:56 | sleep.weights.plasticity       | INFO  | Hard-clipped 33 w_cons parameters to delta_max=0.1000 bound.
2026-08-11 20:58:56 | sleep.weights.plasticity       | INFO  | Hard-clipped 33 w_cons parameters to delta_max=0.1000 bound.
2026-08-11 20:58:56 | sleep.weights.plasticity       | INFO  | Hard-clipped 34 w_cons parameters to delta_max=0.1000 bound.
2026-08-11 20:58:56 | sleep.weights.plasticity       | INFO  | Hard-clipped 34 w_cons parameters to delta_max=0.1000 bound.
2026-08-11 20:58:56 | sleep.weights.plasticity       | INFO  | Hard-clipped 34 w_cons parameters to delta_max=0.1000 bound.
2026-08-11 20:58:56 | sleep.sleep_engine.train       | INFO  |   distill step 600/1500 | loss=0.6446 (kl=0.4077 ce=0.4738) | lr=7.50e-05
2026-08-11 20:58:56 | sleep.weights.plasticity       | INFO  | Hard-clipped 34 w_cons parameters to delta_max=0.1000 bound.
2026-08-11 20:58:56 | sleep.weights.plasticity       | INFO  | Hard-clipped 34 w_cons parameters to delta_max=0.1000 bound.
2026-08-11 20:58:57 | sleep.weights.plasticity       | INFO  | Hard-clipped 34 w_cons parameters to delta_max=0.1000 bound.
2026-08-11 20:58:57 | sleep.weights.plasticity       | INFO  | Hard-clipped 34 w_cons parameters to delta_max=0.1000 bound.
2026-08-11 20:58:57 | sleep.weights.plasticity       | INFO  | Hard-clipped 34 w_cons parameters to delta_max=0.1000 bound.
2026-08-11 20:58:57 | sleep.weights.plasticity       | INFO  | Hard-clipped 34 w_cons parameters to delta_max=0.1000 bound.
2026-08-11 20:58:57 | sleep.weights.plasticity       | INFO  | Hard-clipped 34 w_cons parameters to delta_max=0.1000 bound.
2026-08-11 20:58:57 | sleep.weights.plasticity       | INFO  | Hard-clipped 34 w_cons parameters to delta_max=0.1000 bound.
2026-08-11 20:58:57 | sleep.weights.plasticity       | INFO  | Hard-clipped 34 w_cons parameters to delta_max=0.1000 bound.
2026-08-11 20:58:58 | sleep.weights.plasticity       | INFO  | Hard-clipped 34 w_cons parameters to delta_max=0.1000 bound.
2026-08-11 20:58:58 | sleep.weights.plasticity       | INFO  | Hard-clipped 34 w_cons parameters to delta_max=0.1000 bound.
2026-08-11 20:58:58 | sleep.weights.plasticity       | INFO  | Hard-clipped 34 w_cons parameters to delta_max=0.1000 bound.
2026-08-11 20:58:58 | sleep.weights.plasticity       | INFO  | Hard-clipped 34 w_cons parameters to delta_max=0.1000 bound.
2026-08-11 20:58:58 | sleep.weights.plasticity       | INFO  | Hard-clipped 34 w_cons parameters to delta_max=0.1000 bound.
2026-08-11 20:58:58 | sleep.weights.plasticity       | INFO  | Hard-clipped 34 w_cons parameters to delta_max=0.1000 bound.
2026-08-11 20:58:59 | sleep.weights.plasticity       | INFO  | Hard-clipped 34 w_cons parameters to delta_max=0.1000 bound.
2026-08-11 20:58:59 | sleep.weights.plasticity       | INFO  | Hard-clipped 34 w_cons parameters to delta_max=0.1000 bound.
2026-08-11 20:58:59 | sleep.weights.plasticity       | INFO  | Hard-clipped 34 w_cons parameters to delta_max=0.1000 bound.
2026-08-11 20:58:59 | sleep.weights.plasticity       | INFO  | Hard-clipped 34 w_cons parameters to delta_max=0.1000 bound.
2026-08-11 20:58:59 | sleep.weights.plasticity       | INFO  | Hard-clipped 34 w_cons parameters to delta_max=0.1000 bound.
2026-08-11 20:58:59 | sleep.weights.plasticity       | INFO  | Hard-clipped 34 w_cons parameters to delta_max=0.1000 bound.
2026-08-11 20:58:59 | sleep.weights.plasticity       | INFO  | Hard-clipped 34 w_cons parameters to delta_max=0.1000 bound.
2026-08-11 20:59:00 | sleep.weights.plasticity       | INFO  | Hard-clipped 34 w_cons parameters to delta_max=0.1000 bound.
2026-08-11 20:59:00 | sleep.weights.plasticity       | INFO  | Hard-clipped 34 w_cons parameters to delta_max=0.1000 bound.
2026-08-11 20:59:00 | sleep.weights.plasticity       | INFO  | Hard-clipped 34 w_cons parameters to delta_max=0.1000 bound.
2026-08-11 20:59:00 | sleep.weights.plasticity       | INFO  | Hard-clipped 34 w_cons parameters to delta_max=0.1000 bound.
2026-08-11 20:59:00 | sleep.weights.plasticity       | INFO  | Hard-clipped 33 w_cons parameters to delta_max=0.1000 bound.
2026-08-11 20:59:00 | sleep.weights.plasticity       | INFO  | Hard-clipped 33 w_cons parameters to delta_max=0.1000 bound.
2026-08-11 20:59:00 | sleep.weights.plasticity       | INFO  | Hard-clipped 32 w_cons parameters to delta_max=0.1000 bound.
2026-08-11 20:59:01 | sleep.weights.plasticity       | INFO  | Hard-clipped 33 w_cons parameters to delta_max=0.1000 bound.
2026-08-11 20:59:01 | sleep.weights.plasticity       | INFO  | Hard-clipped 33 w_cons parameters to delta_max=0.1000 bound.
2026-08-11 20:59:01 | sleep.weights.plasticity       | INFO  | Hard-clipped 33 w_cons parameters to delta_max=0.1000 bound.
2026-08-11 20:59:01 | sleep.weights.plasticity       | INFO  | Hard-clipped 34 w_cons parameters to delta_max=0.1000 bound.
2026-08-11 20:59:01 | sleep.weights.plasticity       | INFO  | Hard-clipped 33 w_cons parameters to delta_max=0.1000 bound.
2026-08-11 20:59:01 | sleep.weights.plasticity       | INFO  | Hard-clipped 34 w_cons parameters to delta_max=0.1000 bound.
2026-08-11 20:59:01 | sleep.weights.plasticity       | INFO  | Hard-clipped 34 w_cons parameters to delta_max=0.1000 bound.
2026-08-11 20:59:02 | sleep.weights.plasticity       | INFO  | Hard-clipped 34 w_cons parameters to delta_max=0.1000 bound.
2026-08-11 20:59:02 | sleep.weights.plasticity       | INFO  | Hard-clipped 34 w_cons parameters to delta_max=0.1000 bound.
2026-08-11 20:59:02 | sleep.weights.plasticity       | INFO  | Hard-clipped 33 w_cons parameters to delta_max=0.1000 bound.
2026-08-11 20:59:02 | sleep.weights.plasticity       | INFO  | Hard-clipped 33 w_cons parameters to delta_max=0.1000 bound.
2026-08-11 20:59:02 | sleep.weights.plasticity       | INFO  | Hard-clipped 33 w_cons parameters to delta_max=0.1000 bound.
2026-08-11 20:59:02 | sleep.weights.plasticity       | INFO  | Hard-clipped 34 w_cons parameters to delta_max=0.1000 bound.
2026-08-11 20:59:02 | sleep.weights.plasticity       | INFO  | Hard-clipped 34 w_cons parameters to delta_max=0.1000 bound.
2026-08-11 20:59:03 | sleep.weights.plasticity       | INFO  | Hard-clipped 34 w_cons parameters to delta_max=0.1000 bound.
2026-08-11 20:59:03 | sleep.weights.plasticity       | INFO  | Hard-clipped 34 w_cons parameters to delta_max=0.1000 bound.
2026-08-11 20:59:03 | sleep.weights.plasticity       | INFO  | Hard-clipped 32 w_cons parameters to delta_max=0.1000 bound.
2026-08-11 20:59:03 | sleep.weights.plasticity       | INFO  | Hard-clipped 31 w_cons parameters to delta_max=0.1000 bound.
2026-08-11 20:59:03 | sleep.weights.plasticity       | INFO  | Hard-clipped 30 w_cons parameters to delta_max=0.1000 bound.
2026-08-11 20:59:03 | sleep.weights.plasticity       | INFO  | Hard-clipped 30 w_cons parameters to delta_max=0.1000 bound.
2026-08-11 20:59:03 | sleep.weights.plasticity       | INFO  | Hard-clipped 31 w_cons parameters to delta_max=0.1000 bound.
2026-08-11 20:59:04 | sleep.weights.plasticity       | INFO  | Hard-clipped 30 w_cons parameters to delta_max=0.1000 bound.
2026-08-11 20:59:04 | sleep.weights.plasticity       | INFO  | Hard-clipped 29 w_cons parameters to delta_max=0.1000 bound.
2026-08-11 20:59:04 | sleep.weights.plasticity       | INFO  | Hard-clipped 31 w_cons parameters to delta_max=0.1000 bound.
2026-08-11 20:59:04 | sleep.weights.plasticity       | INFO  | Hard-clipped 32 w_cons parameters to delta_max=0.1000 bound.
2026-08-11 20:59:04 | sleep.weights.plasticity       | INFO  | Hard-clipped 33 w_cons parameters to delta_max=0.1000 bound.
2026-08-11 20:59:04 | sleep.weights.plasticity       | INFO  | Hard-clipped 33 w_cons parameters to delta_max=0.1000 bound.
2026-08-11 20:59:04 | sleep.weights.plasticity       | INFO  | Hard-clipped 33 w_cons parameters to delta_max=0.1000 bound.
2026-08-11 20:59:05 | sleep.weights.plasticity       | INFO  | Hard-clipped 32 w_cons parameters to delta_max=0.1000 bound.
2026-08-11 20:59:05 | sleep.weights.plasticity       | INFO  | Hard-clipped 33 w_cons parameters to delta_max=0.1000 bound.
2026-08-11 20:59:05 | sleep.weights.plasticity       | INFO  | Hard-clipped 33 w_cons parameters to delta_max=0.1000 bound.
2026-08-11 20:59:05 | sleep.weights.plasticity       | INFO  | Hard-clipped 34 w_cons parameters to delta_max=0.1000 bound.
2026-08-11 20:59:05 | sleep.weights.plasticity       | INFO  | Hard-clipped 34 w_cons parameters to delta_max=0.1000 bound.
2026-08-11 20:59:05 | sleep.weights.plasticity       | INFO  | Hard-clipped 34 w_cons parameters to delta_max=0.1000 bound.
2026-08-11 20:59:06 | sleep.weights.plasticity       | INFO  | Hard-clipped 34 w_cons parameters to delta_max=0.1000 bound.
2026-08-11 20:59:06 | sleep.weights.plasticity       | INFO  | Hard-clipped 34 w_cons parameters to delta_max=0.1000 bound.
2026-08-11 20:59:06 | sleep.weights.plasticity       | INFO  | Hard-clipped 34 w_cons parameters to delta_max=0.1000 bound.
2026-08-11 20:59:06 | sleep.weights.plasticity       | INFO  | Hard-clipped 34 w_cons parameters to delta_max=0.1000 bound.
2026-08-11 20:59:06 | sleep.weights.plasticity       | INFO  | Hard-clipped 34 w_cons parameters to delta_max=0.1000 bound.
2026-08-11 20:59:06 | sleep.weights.plasticity       | INFO  | Hard-clipped 34 w_cons parameters to delta_max=0.1000 bound.
2026-08-11 20:59:06 | sleep.weights.plasticity       | INFO  | Hard-clipped 34 w_cons parameters to delta_max=0.1000 bound.
2026-08-11 20:59:07 | sleep.weights.plasticity       | INFO  | Hard-clipped 34 w_cons parameters to delta_max=0.1000 bound.
2026-08-11 20:59:07 | sleep.weights.plasticity       | INFO  | Hard-clipped 34 w_cons parameters to delta_max=0.1000 bound.
2026-08-11 20:59:07 | sleep.weights.plasticity       | INFO  | Hard-clipped 34 w_cons parameters to delta_max=0.1000 bound.
2026-08-11 20:59:07 | sleep.weights.plasticity       | INFO  | Hard-clipped 34 w_cons parameters to delta_max=0.1000 bound.
2026-08-11 20:59:07 | sleep.weights.plasticity       | INFO  | Hard-clipped 33 w_cons parameters to delta_max=0.1000 bound.
2026-08-11 20:59:07 | sleep.weights.plasticity       | INFO  | Hard-clipped 33 w_cons parameters to delta_max=0.1000 bound.
2026-08-11 20:59:07 | sleep.weights.plasticity       | INFO  | Hard-clipped 33 w_cons parameters to delta_max=0.1000 bound.
2026-08-11 20:59:08 | sleep.weights.plasticity       | INFO  | Hard-clipped 33 w_cons parameters to delta_max=0.1000 bound.
2026-08-11 20:59:08 | sleep.weights.plasticity       | INFO  | Hard-clipped 34 w_cons parameters to delta_max=0.1000 bound.
2026-08-11 20:59:08 | sleep.weights.plasticity       | INFO  | Hard-clipped 34 w_cons parameters to delta_max=0.1000 bound.
2026-08-11 20:59:08 | sleep.weights.plasticity       | INFO  | Hard-clipped 33 w_cons parameters to delta_max=0.1000 bound.
2026-08-11 20:59:08 | sleep.weights.plasticity       | INFO  | Hard-clipped 34 w_cons parameters to delta_max=0.1000 bound.
2026-08-11 20:59:08 | sleep.weights.plasticity       | INFO  | Hard-clipped 34 w_cons parameters to delta_max=0.1000 bound.
2026-08-11 20:59:08 | sleep.weights.plasticity       | INFO  | Hard-clipped 34 w_cons parameters to delta_max=0.1000 bound.
2026-08-11 20:59:09 | sleep.weights.plasticity       | INFO  | Hard-clipped 34 w_cons parameters to delta_max=0.1000 bound.
2026-08-11 20:59:09 | sleep.weights.plasticity       | INFO  | Hard-clipped 34 w_cons parameters to delta_max=0.1000 bound.
2026-08-11 20:59:09 | sleep.weights.plasticity       | INFO  | Hard-clipped 34 w_cons parameters to delta_max=0.1000 bound.
2026-08-11 20:59:09 | sleep.weights.plasticity       | INFO  | Hard-clipped 34 w_cons parameters to delta_max=0.1000 bound.
2026-08-11 20:59:09 | sleep.weights.plasticity       | INFO  | Hard-clipped 34 w_cons parameters to delta_max=0.1000 bound.
2026-08-11 20:59:09 | sleep.weights.plasticity       | INFO  | Hard-clipped 34 w_cons parameters to delta_max=0.1000 bound.
2026-08-11 20:59:09 | sleep.weights.plasticity       | INFO  | Hard-clipped 34 w_cons parameters to delta_max=0.1000 bound.
2026-08-11 20:59:10 | sleep.weights.plasticity       | INFO  | Hard-clipped 34 w_cons parameters to delta_max=0.1000 bound.
2026-08-11 20:59:10 | sleep.weights.plasticity       | INFO  | Hard-clipped 28 w_cons parameters to delta_max=0.1000 bound.
2026-08-11 20:59:10 | sleep.weights.plasticity       | INFO  | Hard-clipped 28 w_cons parameters to delta_max=0.1000 bound.
2026-08-11 20:59:10 | sleep.weights.plasticity       | INFO  | Hard-clipped 28 w_cons parameters to delta_max=0.1000 bound.
2026-08-11 20:59:10 | sleep.weights.plasticity       | INFO  | Hard-clipped 27 w_cons parameters to delta_max=0.1000 bound.
2026-08-11 20:59:10 | sleep.weights.plasticity       | INFO  | Hard-clipped 28 w_cons parameters to delta_max=0.1000 bound.
2026-08-11 20:59:10 | sleep.weights.plasticity       | INFO  | Hard-clipped 29 w_cons parameters to delta_max=0.1000 bound.
2026-08-11 20:59:11 | sleep.weights.plasticity       | INFO  | Hard-clipped 30 w_cons parameters to delta_max=0.1000 bound.
2026-08-11 20:59:11 | sleep.weights.plasticity       | INFO  | Hard-clipped 30 w_cons parameters to delta_max=0.1000 bound.
2026-08-11 20:59:11 | sleep.weights.plasticity       | INFO  | Hard-clipped 28 w_cons parameters to delta_max=0.1000 bound.
2026-08-11 20:59:11 | sleep.weights.plasticity       | INFO  | Hard-clipped 27 w_cons parameters to delta_max=0.1000 bound.
2026-08-11 20:59:11 | sleep.weights.plasticity       | INFO  | Hard-clipped 26 w_cons parameters to delta_max=0.1000 bound.
2026-08-11 20:59:11 | sleep.weights.plasticity       | INFO  | Hard-clipped 27 w_cons parameters to delta_max=0.1000 bound.
2026-08-11 20:59:11 | sleep.weights.plasticity       | INFO  | Hard-clipped 30 w_cons parameters to delta_max=0.1000 bound.
2026-08-11 20:59:12 | sleep.weights.plasticity       | INFO  | Hard-clipped 32 w_cons parameters to delta_max=0.1000 bound.
2026-08-11 20:59:12 | sleep.weights.plasticity       | INFO  | Hard-clipped 33 w_cons parameters to delta_max=0.1000 bound.
2026-08-11 20:59:12 | sleep.weights.plasticity       | INFO  | Hard-clipped 33 w_cons parameters to delta_max=0.1000 bound.
2026-08-11 20:59:12 | sleep.weights.plasticity       | INFO  | Hard-clipped 34 w_cons parameters to delta_max=0.1000 bound.
2026-08-11 20:59:12 | sleep.weights.plasticity       | INFO  | Hard-clipped 34 w_cons parameters to delta_max=0.1000 bound.
2026-08-11 20:59:12 | sleep.weights.plasticity       | INFO  | Hard-clipped 34 w_cons parameters to delta_max=0.1000 bound.
2026-08-11 20:59:13 | sleep.weights.plasticity       | INFO  | Hard-clipped 34 w_cons parameters to delta_max=0.1000 bound.
2026-08-11 20:59:13 | sleep.weights.plasticity       | INFO  | Hard-clipped 34 w_cons parameters to delta_max=0.1000 bound.
2026-08-11 20:59:13 | sleep.weights.plasticity       | INFO  | Hard-clipped 34 w_cons parameters to delta_max=0.1000 bound.
2026-08-11 20:59:13 | sleep.weights.plasticity       | INFO  | Hard-clipped 34 w_cons parameters to delta_max=0.1000 bound.
2026-08-11 20:59:13 | sleep.weights.plasticity       | INFO  | Hard-clipped 34 w_cons parameters to delta_max=0.1000 bound.
2026-08-11 20:59:13 | sleep.weights.plasticity       | INFO  | Hard-clipped 34 w_cons parameters to delta_max=0.1000 bound.
2026-08-11 20:59:13 | sleep.weights.plasticity       | INFO  | Hard-clipped 34 w_cons parameters to delta_max=0.1000 bound.
2026-08-11 20:59:14 | sleep.weights.plasticity       | INFO  | Hard-clipped 34 w_cons parameters to delta_max=0.1000 bound.
2026-08-11 20:59:14 | sleep.weights.plasticity       | INFO  | Hard-clipped 34 w_cons parameters to delta_max=0.1000 bound.
2026-08-11 20:59:14 | sleep.weights.plasticity       | INFO  | Hard-clipped 29 w_cons parameters to delta_max=0.1000 bound.
2026-08-11 20:59:14 | sleep.weights.plasticity       | INFO  | Hard-clipped 27 w_cons parameters to delta_max=0.1000 bound.
2026-08-11 20:59:14 | sleep.weights.plasticity       | INFO  | Hard-clipped 24 w_cons parameters to delta_max=0.1000 bound.
2026-08-11 20:59:14 | sleep.weights.plasticity       | INFO  | Hard-clipped 24 w_cons parameters to delta_max=0.1000 bound.
2026-08-11 20:59:14 | sleep.weights.plasticity       | INFO  | Hard-clipped 24 w_cons parameters to delta_max=0.1000 bound.
2026-08-11 20:59:15 | sleep.weights.plasticity       | INFO  | Hard-clipped 25 w_cons parameters to delta_max=0.1000 bound.
2026-08-11 20:59:15 | sleep.weights.plasticity       | INFO  | Hard-clipped 26 w_cons parameters to delta_max=0.1000 bound.
2026-08-11 20:59:15 | sleep.weights.plasticity       | INFO  | Hard-clipped 27 w_cons parameters to delta_max=0.1000 bound.
2026-08-11 20:59:15 | sleep.weights.plasticity       | INFO  | Hard-clipped 27 w_cons parameters to delta_max=0.1000 bound.
2026-08-11 20:59:15 | sleep.weights.plasticity       | INFO  | Hard-clipped 28 w_cons parameters to delta_max=0.1000 bound.
2026-08-11 20:59:15 | sleep.weights.plasticity       | INFO  | Hard-clipped 30 w_cons parameters to delta_max=0.1000 bound.
2026-08-11 20:59:15 | sleep.weights.plasticity       | INFO  | Hard-clipped 30 w_cons parameters to delta_max=0.1000 bound.
2026-08-11 20:59:16 | sleep.weights.plasticity       | INFO  | Hard-clipped 30 w_cons parameters to delta_max=0.1000 bound.
2026-08-11 20:59:16 | sleep.weights.plasticity       | INFO  | Hard-clipped 31 w_cons parameters to delta_max=0.1000 bound.
2026-08-11 20:59:16 | sleep.weights.plasticity       | INFO  | Hard-clipped 32 w_cons parameters to delta_max=0.1000 bound.
2026-08-11 20:59:16 | sleep.weights.plasticity       | INFO  | Hard-clipped 32 w_cons parameters to delta_max=0.1000 bound.
2026-08-11 20:59:16 | sleep.weights.plasticity       | INFO  | Hard-clipped 33 w_cons parameters to delta_max=0.1000 bound.
2026-08-11 20:59:16 | sleep.weights.plasticity       | INFO  | Hard-clipped 33 w_cons parameters to delta_max=0.1000 bound.
2026-08-11 20:59:16 | sleep.weights.plasticity       | INFO  | Hard-clipped 33 w_cons parameters to delta_max=0.1000 bound.
2026-08-11 20:59:17 | sleep.weights.plasticity       | INFO  | Hard-clipped 33 w_cons parameters to delta_max=0.1000 bound.
2026-08-11 20:59:17 | sleep.weights.plasticity       | INFO  | Hard-clipped 33 w_cons parameters to delta_max=0.1000 bound.
2026-08-11 20:59:17 | sleep.weights.plasticity       | INFO  | Hard-clipped 34 w_cons parameters to delta_max=0.1000 bound.
2026-08-11 20:59:17 | sleep.weights.plasticity       | INFO  | Hard-clipped 34 w_cons parameters to delta_max=0.1000 bound.
2026-08-11 20:59:17 | sleep.weights.plasticity       | INFO  | Hard-clipped 34 w_cons parameters to delta_max=0.1000 bound.
2026-08-11 20:59:17 | sleep.weights.plasticity       | INFO  | Hard-clipped 34 w_cons parameters to delta_max=0.1000 bound.
2026-08-11 20:59:17 | sleep.weights.plasticity       | INFO  | Hard-clipped 34 w_cons parameters to delta_max=0.1000 bound.
2026-08-11 20:59:18 | sleep.weights.plasticity       | INFO  | Hard-clipped 34 w_cons parameters to delta_max=0.1000 bound.
2026-08-11 20:59:18 | sleep.weights.plasticity       | INFO  | Hard-clipped 34 w_cons parameters to delta_max=0.1000 bound.
2026-08-11 20:59:18 | sleep.weights.plasticity       | INFO  | Hard-clipped 34 w_cons parameters to delta_max=0.1000 bound.
2026-08-11 20:59:18 | sleep.weights.plasticity       | INFO  | Hard-clipped 34 w_cons parameters to delta_max=0.1000 bound.
2026-08-11 20:59:18 | sleep.sleep_engine.train       | INFO  |   distill step 750/1500 | loss=1.1308 (kl=0.5492 ce=1.1633) | lr=5.87e-05
2026-08-11 20:59:18 | sleep.weights.plasticity       | INFO  | Hard-clipped 34 w_cons parameters to delta_max=0.1000 bound.
2026-08-11 20:59:18 | sleep.weights.plasticity       | INFO  | Hard-clipped 34 w_cons parameters to delta_max=0.1000 bound.
2026-08-11 20:59:19 | sleep.weights.plasticity       | INFO  | Hard-clipped 34 w_cons parameters to delta_max=0.1000 bound.
2026-08-11 20:59:19 | sleep.weights.plasticity       | INFO  | Hard-clipped 34 w_cons parameters to delta_max=0.1000 bound.
2026-08-11 20:59:19 | sleep.weights.plasticity       | INFO  | Hard-clipped 34 w_cons parameters to delta_max=0.1000 bound.
2026-08-11 20:59:19 | sleep.weights.plasticity       | INFO  | Hard-clipped 34 w_cons parameters to delta_max=0.1000 bound.
2026-08-11 20:59:19 | sleep.weights.plasticity       | INFO  | Hard-clipped 34 w_cons parameters to delta_max=0.1000 bound.
2026-08-11 20:59:19 | sleep.weights.plasticity       | INFO  | Hard-clipped 34 w_cons parameters to delta_max=0.1000 bound.
2026-08-11 20:59:19 | sleep.weights.plasticity       | INFO  | Hard-clipped 34 w_cons parameters to delta_max=0.1000 bound.
2026-08-11 20:59:20 | sleep.weights.plasticity       | INFO  | Hard-clipped 34 w_cons parameters to delta_max=0.1000 bound.
2026-08-11 20:59:20 | sleep.weights.plasticity       | INFO  | Hard-clipped 35 w_cons parameters to delta_max=0.1000 bound.
2026-08-11 20:59:20 | sleep.weights.plasticity       | INFO  | Hard-clipped 35 w_cons parameters to delta_max=0.1000 bound.
2026-08-11 20:59:20 | sleep.weights.plasticity       | INFO  | Hard-clipped 35 w_cons parameters to delta_max=0.1000 bound.
2026-08-11 20:59:20 | sleep.weights.plasticity       | INFO  | Hard-clipped 35 w_cons parameters to delta_max=0.1000 bound.
2026-08-11 20:59:20 | sleep.weights.plasticity       | INFO  | Hard-clipped 35 w_cons parameters to delta_max=0.1000 bound.
2026-08-11 20:59:20 | sleep.weights.plasticity       | INFO  | Hard-clipped 35 w_cons parameters to delta_max=0.1000 bound.
2026-08-11 20:59:21 | sleep.weights.plasticity       | INFO  | Hard-clipped 35 w_cons parameters to delta_max=0.1000 bound.
2026-08-11 20:59:21 | sleep.weights.plasticity       | INFO  | Hard-clipped 35 w_cons parameters to delta_max=0.1000 bound.
2026-08-11 20:59:21 | sleep.weights.plasticity       | INFO  | Hard-clipped 35 w_cons parameters to delta_max=0.1000 bound.
2026-08-11 20:59:21 | sleep.weights.plasticity       | INFO  | Hard-clipped 35 w_cons parameters to delta_max=0.1000 bound.
2026-08-11 20:59:21 | sleep.weights.plasticity       | INFO  | Hard-clipped 35 w_cons parameters to delta_max=0.1000 bound.
2026-08-11 20:59:21 | sleep.weights.plasticity       | INFO  | Hard-clipped 35 w_cons parameters to delta_max=0.1000 bound.
2026-08-11 20:59:21 | sleep.weights.plasticity       | INFO  | Hard-clipped 35 w_cons parameters to delta_max=0.1000 bound.
2026-08-11 20:59:22 | sleep.weights.plasticity       | INFO  | Hard-clipped 35 w_cons parameters to delta_max=0.1000 bound.
2026-08-11 20:59:22 | sleep.weights.plasticity       | INFO  | Hard-clipped 35 w_cons parameters to delta_max=0.1000 bound.
2026-08-11 20:59:22 | sleep.weights.plasticity       | INFO  | Hard-clipped 35 w_cons parameters to delta_max=0.1000 bound.
2026-08-11 20:59:22 | sleep.weights.plasticity       | INFO  | Hard-clipped 35 w_cons parameters to delta_max=0.1000 bound.
2026-08-11 20:59:22 | sleep.weights.plasticity       | INFO  | Hard-clipped 34 w_cons parameters to delta_max=0.1000 bound.
2026-08-11 20:59:22 | sleep.weights.plasticity       | INFO  | Hard-clipped 33 w_cons parameters to delta_max=0.1000 bound.
2026-08-11 20:59:22 | sleep.weights.plasticity       | INFO  | Hard-clipped 34 w_cons parameters to delta_max=0.1000 bound.
2026-08-11 20:59:23 | sleep.weights.plasticity       | INFO  | Hard-clipped 35 w_cons parameters to delta_max=0.1000 bound.
2026-08-11 20:59:23 | sleep.weights.plasticity       | INFO  | Hard-clipped 35 w_cons parameters to delta_max=0.1000 bound.
2026-08-11 20:59:23 | sleep.weights.plasticity       | INFO  | Hard-clipped 35 w_cons parameters to delta_max=0.1000 bound.
2026-08-11 20:59:23 | sleep.weights.plasticity       | INFO  | Hard-clipped 35 w_cons parameters to delta_max=0.1000 bound.
2026-08-11 20:59:23 | sleep.weights.plasticity       | INFO  | Hard-clipped 35 w_cons parameters to delta_max=0.1000 bound.
2026-08-11 20:59:23 | sleep.weights.plasticity       | INFO  | Hard-clipped 35 w_cons parameters to delta_max=0.1000 bound.
2026-08-11 20:59:24 | sleep.weights.plasticity       | INFO  | Hard-clipped 35 w_cons parameters to delta_max=0.1000 bound.
2026-08-11 20:59:24 | sleep.weights.plasticity       | INFO  | Hard-clipped 35 w_cons parameters to delta_max=0.1000 bound.
2026-08-11 20:59:24 | sleep.weights.plasticity       | INFO  | Hard-clipped 35 w_cons parameters to delta_max=0.1000 bound.
2026-08-11 20:59:24 | sleep.weights.plasticity       | INFO  | Hard-clipped 35 w_cons parameters to delta_max=0.1000 bound.
2026-08-11 20:59:24 | sleep.weights.plasticity       | INFO  | Hard-clipped 32 w_cons parameters to delta_max=0.1000 bound.
2026-08-11 20:59:24 | sleep.weights.plasticity       | INFO  | Hard-clipped 31 w_cons parameters to delta_max=0.1000 bound.
2026-08-11 20:59:24 | sleep.weights.plasticity       | INFO  | Hard-clipped 31 w_cons parameters to delta_max=0.1000 bound.
2026-08-11 20:59:25 | sleep.weights.plasticity       | INFO  | Hard-clipped 28 w_cons parameters to delta_max=0.1000 bound.
2026-08-11 20:59:25 | sleep.weights.plasticity       | INFO  | Hard-clipped 23 w_cons parameters to delta_max=0.1000 bound.
2026-08-11 20:59:25 | sleep.weights.plasticity       | INFO  | Hard-clipped 22 w_cons parameters to delta_max=0.1000 bound.
2026-08-11 20:59:25 | sleep.weights.plasticity       | INFO  | Hard-clipped 19 w_cons parameters to delta_max=0.1000 bound.
2026-08-11 20:59:25 | sleep.weights.plasticity       | INFO  | Hard-clipped 19 w_cons parameters to delta_max=0.1000 bound.
2026-08-11 20:59:25 | sleep.weights.plasticity       | INFO  | Hard-clipped 21 w_cons parameters to delta_max=0.1000 bound.
2026-08-11 20:59:25 | sleep.weights.plasticity       | INFO  | Hard-clipped 22 w_cons parameters to delta_max=0.1000 bound.
2026-08-11 20:59:26 | sleep.weights.plasticity       | INFO  | Hard-clipped 22 w_cons parameters to delta_max=0.1000 bound.
2026-08-11 20:59:26 | sleep.weights.plasticity       | INFO  | Hard-clipped 26 w_cons parameters to delta_max=0.1000 bound.
2026-08-11 20:59:26 | sleep.weights.plasticity       | INFO  | Hard-clipped 28 w_cons parameters to delta_max=0.1000 bound.
2026-08-11 20:59:26 | sleep.weights.plasticity       | INFO  | Hard-clipped 31 w_cons parameters to delta_max=0.1000 bound.
2026-08-11 20:59:26 | sleep.weights.plasticity       | INFO  | Hard-clipped 33 w_cons parameters to delta_max=0.1000 bound.
2026-08-11 20:59:26 | sleep.weights.plasticity       | INFO  | Hard-clipped 34 w_cons parameters to delta_max=0.1000 bound.
2026-08-11 20:59:26 | sleep.weights.plasticity       | INFO  | Hard-clipped 34 w_cons parameters to delta_max=0.1000 bound.
2026-08-11 20:59:27 | sleep.weights.plasticity       | INFO  | Hard-clipped 34 w_cons parameters to delta_max=0.1000 bound.
2026-08-11 20:59:27 | sleep.weights.plasticity       | INFO  | Hard-clipped 34 w_cons parameters to delta_max=0.1000 bound.
2026-08-11 20:59:27 | sleep.weights.plasticity       | INFO  | Hard-clipped 34 w_cons parameters to delta_max=0.1000 bound.
2026-08-11 20:59:27 | sleep.weights.plasticity       | INFO  | Hard-clipped 34 w_cons parameters to delta_max=0.1000 bound.
2026-08-11 20:59:27 | sleep.weights.plasticity       | INFO  | Hard-clipped 35 w_cons parameters to delta_max=0.1000 bound.
2026-08-11 20:59:27 | sleep.weights.plasticity       | INFO  | Hard-clipped 35 w_cons parameters to delta_max=0.1000 bound.
2026-08-11 20:59:27 | sleep.weights.plasticity       | INFO  | Hard-clipped 35 w_cons parameters to delta_max=0.1000 bound.
2026-08-11 20:59:28 | sleep.weights.plasticity       | INFO  | Hard-clipped 34 w_cons parameters to delta_max=0.1000 bound.
2026-08-11 20:59:28 | sleep.weights.plasticity       | INFO  | Hard-clipped 35 w_cons parameters to delta_max=0.1000 bound.
2026-08-11 20:59:28 | sleep.weights.plasticity       | INFO  | Hard-clipped 35 w_cons parameters to delta_max=0.1000 bound.
2026-08-11 20:59:28 | sleep.weights.plasticity       | INFO  | Hard-clipped 35 w_cons parameters to delta_max=0.1000 bound.
2026-08-11 20:59:28 | sleep.weights.plasticity       | INFO  | Hard-clipped 35 w_cons parameters to delta_max=0.1000 bound.
2026-08-11 20:59:28 | sleep.weights.plasticity       | INFO  | Hard-clipped 35 w_cons parameters to delta_max=0.1000 bound.
2026-08-11 20:59:28 | sleep.weights.plasticity       | INFO  | Hard-clipped 32 w_cons parameters to delta_max=0.1000 bound.
2026-08-11 20:59:29 | sleep.weights.plasticity       | INFO  | Hard-clipped 33 w_cons parameters to delta_max=0.1000 bound.
2026-08-11 20:59:29 | sleep.weights.plasticity       | INFO  | Hard-clipped 32 w_cons parameters to delta_max=0.1000 bound.
2026-08-11 20:59:29 | sleep.weights.plasticity       | INFO  | Hard-clipped 34 w_cons parameters to delta_max=0.1000 bound.
2026-08-11 20:59:29 | sleep.weights.plasticity       | INFO  | Hard-clipped 34 w_cons parameters to delta_max=0.1000 bound.
2026-08-11 20:59:29 | sleep.weights.plasticity       | INFO  | Hard-clipped 34 w_cons parameters to delta_max=0.1000 bound.
2026-08-11 20:59:29 | sleep.weights.plasticity       | INFO  | Hard-clipped 34 w_cons parameters to delta_max=0.1000 bound.
2026-08-11 20:59:29 | sleep.weights.plasticity       | INFO  | Hard-clipped 35 w_cons parameters to delta_max=0.1000 bound.
2026-08-11 20:59:30 | sleep.weights.plasticity       | INFO  | Hard-clipped 35 w_cons parameters to delta_max=0.1000 bound.
2026-08-11 20:59:30 | sleep.weights.plasticity       | INFO  | Hard-clipped 35 w_cons parameters to delta_max=0.1000 bound.
2026-08-11 20:59:30 | sleep.weights.plasticity       | INFO  | Hard-clipped 35 w_cons parameters to delta_max=0.1000 bound.
2026-08-11 20:59:30 | sleep.weights.plasticity       | INFO  | Hard-clipped 35 w_cons parameters to delta_max=0.1000 bound.
2026-08-11 20:59:30 | sleep.weights.plasticity       | INFO  | Hard-clipped 35 w_cons parameters to delta_max=0.1000 bound.
2026-08-11 20:59:30 | sleep.weights.plasticity       | INFO  | Hard-clipped 35 w_cons parameters to delta_max=0.1000 bound.
2026-08-11 20:59:30 | sleep.weights.plasticity       | INFO  | Hard-clipped 35 w_cons parameters to delta_max=0.1000 bound.
2026-08-11 20:59:31 | sleep.weights.plasticity       | INFO  | Hard-clipped 35 w_cons parameters to delta_max=0.1000 bound.
2026-08-11 20:59:31 | sleep.weights.plasticity       | INFO  | Hard-clipped 35 w_cons parameters to delta_max=0.1000 bound.
2026-08-11 20:59:31 | sleep.weights.plasticity       | INFO  | Hard-clipped 33 w_cons parameters to delta_max=0.1000 bound.
2026-08-11 20:59:31 | sleep.weights.plasticity       | INFO  | Hard-clipped 32 w_cons parameters to delta_max=0.1000 bound.
2026-08-11 20:59:31 | sleep.weights.plasticity       | INFO  | Hard-clipped 33 w_cons parameters to delta_max=0.1000 bound.
2026-08-11 20:59:31 | sleep.weights.plasticity       | INFO  | Hard-clipped 32 w_cons parameters to delta_max=0.1000 bound.
2026-08-11 20:59:31 | sleep.weights.plasticity       | INFO  | Hard-clipped 35 w_cons parameters to delta_max=0.1000 bound.
2026-08-11 20:59:32 | sleep.weights.plasticity       | INFO  | Hard-clipped 32 w_cons parameters to delta_max=0.1000 bound.
2026-08-11 20:59:32 | sleep.weights.plasticity       | INFO  | Hard-clipped 32 w_cons parameters to delta_max=0.1000 bound.
2026-08-11 20:59:32 | sleep.weights.plasticity       | INFO  | Hard-clipped 31 w_cons parameters to delta_max=0.1000 bound.
2026-08-11 20:59:32 | sleep.weights.plasticity       | INFO  | Hard-clipped 31 w_cons parameters to delta_max=0.1000 bound.
2026-08-11 20:59:32 | sleep.weights.plasticity       | INFO  | Hard-clipped 27 w_cons parameters to delta_max=0.1000 bound.
2026-08-11 20:59:32 | sleep.weights.plasticity       | INFO  | Hard-clipped 30 w_cons parameters to delta_max=0.1000 bound.
2026-08-11 20:59:33 | sleep.weights.plasticity       | INFO  | Hard-clipped 30 w_cons parameters to delta_max=0.1000 bound.
2026-08-11 20:59:33 | sleep.weights.plasticity       | INFO  | Hard-clipped 31 w_cons parameters to delta_max=0.1000 bound.
2026-08-11 20:59:33 | sleep.weights.plasticity       | INFO  | Hard-clipped 31 w_cons parameters to delta_max=0.1000 bound.
2026-08-11 20:59:33 | sleep.weights.plasticity       | INFO  | Hard-clipped 32 w_cons parameters to delta_max=0.1000 bound.
2026-08-11 20:59:33 | sleep.weights.plasticity       | INFO  | Hard-clipped 32 w_cons parameters to delta_max=0.1000 bound.
2026-08-11 20:59:33 | sleep.weights.plasticity       | INFO  | Hard-clipped 30 w_cons parameters to delta_max=0.1000 bound.
2026-08-11 20:59:33 | sleep.weights.plasticity       | INFO  | Hard-clipped 32 w_cons parameters to delta_max=0.1000 bound.
2026-08-11 20:59:34 | sleep.weights.plasticity       | INFO  | Hard-clipped 32 w_cons parameters to delta_max=0.1000 bound.
2026-08-11 20:59:34 | sleep.weights.plasticity       | INFO  | Hard-clipped 32 w_cons parameters to delta_max=0.1000 bound.
2026-08-11 20:59:34 | sleep.weights.plasticity       | INFO  | Hard-clipped 32 w_cons parameters to delta_max=0.1000 bound.
2026-08-11 20:59:34 | sleep.weights.plasticity       | INFO  | Hard-clipped 32 w_cons parameters to delta_max=0.1000 bound.
2026-08-11 20:59:34 | sleep.weights.plasticity       | INFO  | Hard-clipped 34 w_cons parameters to delta_max=0.1000 bound.
2026-08-11 20:59:34 | sleep.weights.plasticity       | INFO  | Hard-clipped 34 w_cons parameters to delta_max=0.1000 bound.
2026-08-11 20:59:34 | sleep.weights.plasticity       | INFO  | Hard-clipped 34 w_cons parameters to delta_max=0.1000 bound.
2026-08-11 20:59:35 | sleep.weights.plasticity       | INFO  | Hard-clipped 35 w_cons parameters to delta_max=0.1000 bound.
2026-08-11 20:59:35 | sleep.weights.plasticity       | INFO  | Hard-clipped 35 w_cons parameters to delta_max=0.1000 bound.
2026-08-11 20:59:35 | sleep.weights.plasticity       | INFO  | Hard-clipped 35 w_cons parameters to delta_max=0.1000 bound.
2026-08-11 20:59:35 | sleep.weights.plasticity       | INFO  | Hard-clipped 36 w_cons parameters to delta_max=0.1000 bound.
2026-08-11 20:59:35 | sleep.weights.plasticity       | INFO  | Hard-clipped 36 w_cons parameters to delta_max=0.1000 bound.
2026-08-11 20:59:35 | sleep.weights.plasticity       | INFO  | Hard-clipped 36 w_cons parameters to delta_max=0.1000 bound.
2026-08-11 20:59:35 | sleep.weights.plasticity       | INFO  | Hard-clipped 36 w_cons parameters to delta_max=0.1000 bound.
2026-08-11 20:59:36 | sleep.weights.plasticity       | INFO  | Hard-clipped 36 w_cons parameters to delta_max=0.1000 bound.
2026-08-11 20:59:36 | sleep.weights.plasticity       | INFO  | Hard-clipped 34 w_cons parameters to delta_max=0.1000 bound.
2026-08-11 20:59:36 | sleep.weights.plasticity       | INFO  | Hard-clipped 34 w_cons parameters to delta_max=0.1000 bound.
2026-08-11 20:59:36 | sleep.weights.plasticity       | INFO  | Hard-clipped 32 w_cons parameters to delta_max=0.1000 bound.
2026-08-11 20:59:36 | sleep.weights.plasticity       | INFO  | Hard-clipped 32 w_cons parameters to delta_max=0.1000 bound.
2026-08-11 20:59:36 | sleep.weights.plasticity       | INFO  | Hard-clipped 32 w_cons parameters to delta_max=0.1000 bound.
2026-08-11 20:59:36 | sleep.weights.plasticity       | INFO  | Hard-clipped 30 w_cons parameters to delta_max=0.1000 bound.
2026-08-11 20:59:37 | sleep.weights.plasticity       | INFO  | Hard-clipped 30 w_cons parameters to delta_max=0.1000 bound.
2026-08-11 20:59:37 | sleep.weights.plasticity       | INFO  | Hard-clipped 30 w_cons parameters to delta_max=0.1000 bound.
2026-08-11 20:59:37 | sleep.weights.plasticity       | INFO  | Hard-clipped 31 w_cons parameters to delta_max=0.1000 bound.
2026-08-11 20:59:37 | sleep.weights.plasticity       | INFO  | Hard-clipped 31 w_cons parameters to delta_max=0.1000 bound.
2026-08-11 20:59:37 | sleep.weights.plasticity       | INFO  | Hard-clipped 31 w_cons parameters to delta_max=0.1000 bound.
2026-08-11 20:59:37 | sleep.weights.plasticity       | INFO  | Hard-clipped 31 w_cons parameters to delta_max=0.1000 bound.
2026-08-11 20:59:37 | sleep.weights.plasticity       | INFO  | Hard-clipped 31 w_cons parameters to delta_max=0.1000 bound.
2026-08-11 20:59:38 | sleep.weights.plasticity       | INFO  | Hard-clipped 35 w_cons parameters to delta_max=0.1000 bound.
2026-08-11 20:59:38 | sleep.weights.plasticity       | INFO  | Hard-clipped 35 w_cons parameters to delta_max=0.1000 bound.
2026-08-11 20:59:38 | sleep.weights.plasticity       | INFO  | Hard-clipped 36 w_cons parameters to delta_max=0.1000 bound.
2026-08-11 20:59:38 | sleep.weights.plasticity       | INFO  | Hard-clipped 36 w_cons parameters to delta_max=0.1000 bound.
2026-08-11 20:59:38 | sleep.weights.plasticity       | INFO  | Hard-clipped 36 w_cons parameters to delta_max=0.1000 bound.
2026-08-11 20:59:38 | sleep.weights.plasticity       | INFO  | Hard-clipped 36 w_cons parameters to delta_max=0.1000 bound.
2026-08-11 20:59:38 | sleep.weights.plasticity       | INFO  | Hard-clipped 36 w_cons parameters to delta_max=0.1000 bound.
2026-08-11 20:59:39 | sleep.weights.plasticity       | INFO  | Hard-clipped 36 w_cons parameters to delta_max=0.1000 bound.
2026-08-11 20:59:39 | sleep.weights.plasticity       | INFO  | Hard-clipped 36 w_cons parameters to delta_max=0.1000 bound.
2026-08-11 20:59:39 | sleep.weights.plasticity       | INFO  | Hard-clipped 36 w_cons parameters to delta_max=0.1000 bound.
2026-08-11 20:59:39 | sleep.weights.plasticity       | INFO  | Hard-clipped 36 w_cons parameters to delta_max=0.1000 bound.
2026-08-11 20:59:39 | sleep.weights.plasticity       | INFO  | Hard-clipped 35 w_cons parameters to delta_max=0.1000 bound.
2026-08-11 20:59:39 | sleep.weights.plasticity       | INFO  | Hard-clipped 35 w_cons parameters to delta_max=0.1000 bound.
2026-08-11 20:59:39 | sleep.weights.plasticity       | INFO  | Hard-clipped 34 w_cons parameters to delta_max=0.1000 bound.
2026-08-11 20:59:40 | sleep.weights.plasticity       | INFO  | Hard-clipped 32 w_cons parameters to delta_max=0.1000 bound.
2026-08-11 20:59:40 | sleep.weights.plasticity       | INFO  | Hard-clipped 28 w_cons parameters to delta_max=0.1000 bound.
2026-08-11 20:59:40 | sleep.weights.plasticity       | INFO  | Hard-clipped 26 w_cons parameters to delta_max=0.1000 bound.
2026-08-11 20:59:40 | sleep.sleep_engine.train       | INFO  |   distill step 900/1500 | loss=0.5215 (kl=0.3724 ce=0.2983) | lr=4.13e-05
2026-08-11 20:59:40 | sleep.weights.plasticity       | INFO  | Hard-clipped 25 w_cons parameters to delta_max=0.1000 bound.
2026-08-11 20:59:40 | sleep.weights.plasticity       | INFO  | Hard-clipped 27 w_cons parameters to delta_max=0.1000 bound.
2026-08-11 20:59:40 | sleep.weights.plasticity       | INFO  | Hard-clipped 27 w_cons parameters to delta_max=0.1000 bound.
2026-08-11 20:59:40 | sleep.weights.plasticity       | INFO  | Hard-clipped 27 w_cons parameters to delta_max=0.1000 bound.
2026-08-11 20:59:41 | sleep.weights.plasticity       | INFO  | Hard-clipped 28 w_cons parameters to delta_max=0.1000 bound.
2026-08-11 20:59:41 | sleep.weights.plasticity       | INFO  | Hard-clipped 28 w_cons parameters to delta_max=0.1000 bound.
2026-08-11 20:59:41 | sleep.weights.plasticity       | INFO  | Hard-clipped 29 w_cons parameters to delta_max=0.1000 bound.
2026-08-11 20:59:41 | sleep.weights.plasticity       | INFO  | Hard-clipped 32 w_cons parameters to delta_max=0.1000 bound.
2026-08-11 20:59:41 | sleep.weights.plasticity       | INFO  | Hard-clipped 33 w_cons parameters to delta_max=0.1000 bound.
2026-08-11 20:59:41 | sleep.weights.plasticity       | INFO  | Hard-clipped 34 w_cons parameters to delta_max=0.1000 bound.
2026-08-11 20:59:41 | sleep.weights.plasticity       | INFO  | Hard-clipped 36 w_cons parameters to delta_max=0.1000 bound.
2026-08-11 20:59:42 | sleep.weights.plasticity       | INFO  | Hard-clipped 36 w_cons parameters to delta_max=0.1000 bound.
2026-08-11 20:59:42 | sleep.weights.plasticity       | INFO  | Hard-clipped 36 w_cons parameters to delta_max=0.1000 bound.
2026-08-11 20:59:42 | sleep.weights.plasticity       | INFO  | Hard-clipped 36 w_cons parameters to delta_max=0.1000 bound.
2026-08-11 20:59:42 | sleep.weights.plasticity       | INFO  | Hard-clipped 36 w_cons parameters to delta_max=0.1000 bound.
2026-08-11 20:59:42 | sleep.weights.plasticity       | INFO  | Hard-clipped 36 w_cons parameters to delta_max=0.1000 bound.
2026-08-11 20:59:42 | sleep.weights.plasticity       | INFO  | Hard-clipped 36 w_cons parameters to delta_max=0.1000 bound.
2026-08-11 20:59:42 | sleep.weights.plasticity       | INFO  | Hard-clipped 36 w_cons parameters to delta_max=0.1000 bound.
2026-08-11 20:59:43 | sleep.weights.plasticity       | INFO  | Hard-clipped 36 w_cons parameters to delta_max=0.1000 bound.
2026-08-11 20:59:43 | sleep.weights.plasticity       | INFO  | Hard-clipped 35 w_cons parameters to delta_max=0.1000 bound.
2026-08-11 20:59:43 | sleep.weights.plasticity       | INFO  | Hard-clipped 33 w_cons parameters to delta_max=0.1000 bound.
2026-08-11 20:59:43 | sleep.weights.plasticity       | INFO  | Hard-clipped 36 w_cons parameters to delta_max=0.1000 bound.
2026-08-11 20:59:43 | sleep.weights.plasticity       | INFO  | Hard-clipped 34 w_cons parameters to delta_max=0.1000 bound.
2026-08-11 20:59:43 | sleep.weights.plasticity       | INFO  | Hard-clipped 34 w_cons parameters to delta_max=0.1000 bound.
2026-08-11 20:59:43 | sleep.weights.plasticity       | INFO  | Hard-clipped 31 w_cons parameters to delta_max=0.1000 bound.
2026-08-11 20:59:44 | sleep.weights.plasticity       | INFO  | Hard-clipped 28 w_cons parameters to delta_max=0.1000 bound.
2026-08-11 20:59:44 | sleep.weights.plasticity       | INFO  | Hard-clipped 23 w_cons parameters to delta_max=0.1000 bound.
2026-08-11 20:59:44 | sleep.weights.plasticity       | INFO  | Hard-clipped 22 w_cons parameters to delta_max=0.1000 bound.
2026-08-11 20:59:44 | sleep.weights.plasticity       | INFO  | Hard-clipped 21 w_cons parameters to delta_max=0.1000 bound.
2026-08-11 20:59:44 | sleep.weights.plasticity       | INFO  | Hard-clipped 20 w_cons parameters to delta_max=0.1000 bound.
2026-08-11 20:59:44 | sleep.weights.plasticity       | INFO  | Hard-clipped 25 w_cons parameters to delta_max=0.1000 bound.
2026-08-11 20:59:44 | sleep.weights.plasticity       | INFO  | Hard-clipped 26 w_cons parameters to delta_max=0.1000 bound.
2026-08-11 20:59:45 | sleep.weights.plasticity       | INFO  | Hard-clipped 27 w_cons parameters to delta_max=0.1000 bound.
2026-08-11 20:59:45 | sleep.weights.plasticity       | INFO  | Hard-clipped 27 w_cons parameters to delta_max=0.1000 bound.
2026-08-11 20:59:45 | sleep.weights.plasticity       | INFO  | Hard-clipped 26 w_cons parameters to delta_max=0.1000 bound.
2026-08-11 20:59:45 | sleep.weights.plasticity       | INFO  | Hard-clipped 29 w_cons parameters to delta_max=0.1000 bound.
2026-08-11 20:59:45 | sleep.weights.plasticity       | INFO  | Hard-clipped 31 w_cons parameters to delta_max=0.1000 bound.
2026-08-11 20:59:45 | sleep.weights.plasticity       | INFO  | Hard-clipped 31 w_cons parameters to delta_max=0.1000 bound.
2026-08-11 20:59:45 | sleep.weights.plasticity       | INFO  | Hard-clipped 32 w_cons parameters to delta_max=0.1000 bound.
2026-08-11 20:59:46 | sleep.weights.plasticity       | INFO  | Hard-clipped 33 w_cons parameters to delta_max=0.1000 bound.
2026-08-11 20:59:46 | sleep.weights.plasticity       | INFO  | Hard-clipped 33 w_cons parameters to delta_max=0.1000 bound.
2026-08-11 20:59:46 | sleep.weights.plasticity       | INFO  | Hard-clipped 33 w_cons parameters to delta_max=0.1000 bound.
2026-08-11 20:59:46 | sleep.weights.plasticity       | INFO  | Hard-clipped 34 w_cons parameters to delta_max=0.1000 bound.
2026-08-11 20:59:46 | sleep.weights.plasticity       | INFO  | Hard-clipped 34 w_cons parameters to delta_max=0.1000 bound.
2026-08-11 20:59:46 | sleep.weights.plasticity       | INFO  | Hard-clipped 34 w_cons parameters to delta_max=0.1000 bound.
2026-08-11 20:59:47 | sleep.weights.plasticity       | INFO  | Hard-clipped 35 w_cons parameters to delta_max=0.1000 bound.
2026-08-11 20:59:47 | sleep.weights.plasticity       | INFO  | Hard-clipped 35 w_cons parameters to delta_max=0.1000 bound.
2026-08-11 20:59:47 | sleep.weights.plasticity       | INFO  | Hard-clipped 35 w_cons parameters to delta_max=0.1000 bound.
2026-08-11 20:59:47 | sleep.weights.plasticity       | INFO  | Hard-clipped 36 w_cons parameters to delta_max=0.1000 bound.
2026-08-11 20:59:47 | sleep.weights.plasticity       | INFO  | Hard-clipped 36 w_cons parameters to delta_max=0.1000 bound.
2026-08-11 20:59:47 | sleep.weights.plasticity       | INFO  | Hard-clipped 36 w_cons parameters to delta_max=0.1000 bound.
2026-08-11 20:59:47 | sleep.weights.plasticity       | INFO  | Hard-clipped 36 w_cons parameters to delta_max=0.1000 bound.
2026-08-11 20:59:48 | sleep.weights.plasticity       | INFO  | Hard-clipped 36 w_cons parameters to delta_max=0.1000 bound.
2026-08-11 20:59:48 | sleep.weights.plasticity       | INFO  | Hard-clipped 36 w_cons parameters to delta_max=0.1000 bound.
2026-08-11 20:59:48 | sleep.weights.plasticity       | INFO  | Hard-clipped 32 w_cons parameters to delta_max=0.1000 bound.
2026-08-11 20:59:48 | sleep.weights.plasticity       | INFO  | Hard-clipped 32 w_cons parameters to delta_max=0.1000 bound.
2026-08-11 20:59:48 | sleep.weights.plasticity       | INFO  | Hard-clipped 30 w_cons parameters to delta_max=0.1000 bound.
2026-08-11 20:59:48 | sleep.weights.plasticity       | INFO  | Hard-clipped 31 w_cons parameters to delta_max=0.1000 bound.
2026-08-11 20:59:48 | sleep.weights.plasticity       | INFO  | Hard-clipped 31 w_cons parameters to delta_max=0.1000 bound.
2026-08-11 20:59:49 | sleep.weights.plasticity       | INFO  | Hard-clipped 33 w_cons parameters to delta_max=0.1000 bound.
2026-08-11 20:59:49 | sleep.weights.plasticity       | INFO  | Hard-clipped 35 w_cons parameters to delta_max=0.1000 bound.
2026-08-11 20:59:49 | sleep.weights.plasticity       | INFO  | Hard-clipped 35 w_cons parameters to delta_max=0.1000 bound.
2026-08-11 20:59:49 | sleep.weights.plasticity       | INFO  | Hard-clipped 35 w_cons parameters to delta_max=0.1000 bound.
2026-08-11 20:59:49 | sleep.weights.plasticity       | INFO  | Hard-clipped 35 w_cons parameters to delta_max=0.1000 bound.
2026-08-11 20:59:49 | sleep.weights.plasticity       | INFO  | Hard-clipped 35 w_cons parameters to delta_max=0.1000 bound.
2026-08-11 20:59:49 | sleep.weights.plasticity       | INFO  | Hard-clipped 35 w_cons parameters to delta_max=0.1000 bound.
2026-08-11 20:59:50 | sleep.weights.plasticity       | INFO  | Hard-clipped 36 w_cons parameters to delta_max=0.1000 bound.
2026-08-11 20:59:50 | sleep.weights.plasticity       | INFO  | Hard-clipped 36 w_cons parameters to delta_max=0.1000 bound.
2026-08-11 20:59:50 | sleep.weights.plasticity       | INFO  | Hard-clipped 36 w_cons parameters to delta_max=0.1000 bound.
2026-08-11 20:59:50 | sleep.weights.plasticity       | INFO  | Hard-clipped 36 w_cons parameters to delta_max=0.1000 bound.
2026-08-11 20:59:50 | sleep.weights.plasticity       | INFO  | Hard-clipped 36 w_cons parameters to delta_max=0.1000 bound.
2026-08-11 20:59:50 | sleep.weights.plasticity       | INFO  | Hard-clipped 36 w_cons parameters to delta_max=0.1000 bound.
2026-08-11 20:59:50 | sleep.weights.plasticity       | INFO  | Hard-clipped 36 w_cons parameters to delta_max=0.1000 bound.
2026-08-11 20:59:51 | sleep.weights.plasticity       | INFO  | Hard-clipped 36 w_cons parameters to delta_max=0.1000 bound.
2026-08-11 20:59:51 | sleep.weights.plasticity       | INFO  | Hard-clipped 36 w_cons parameters to delta_max=0.1000 bound.
2026-08-11 20:59:51 | sleep.weights.plasticity       | INFO  | Hard-clipped 30 w_cons parameters to delta_max=0.1000 bound.
2026-08-11 20:59:51 | sleep.weights.plasticity       | INFO  | Hard-clipped 30 w_cons parameters to delta_max=0.1000 bound.
2026-08-11 20:59:51 | sleep.weights.plasticity       | INFO  | Hard-clipped 33 w_cons parameters to delta_max=0.1000 bound.
2026-08-11 20:59:51 | sleep.weights.plasticity       | INFO  | Hard-clipped 35 w_cons parameters to delta_max=0.1000 bound.
2026-08-11 20:59:51 | sleep.weights.plasticity       | INFO  | Hard-clipped 35 w_cons parameters to delta_max=0.1000 bound.
2026-08-11 20:59:52 | sleep.weights.plasticity       | INFO  | Hard-clipped 36 w_cons parameters to delta_max=0.1000 bound.
2026-08-11 20:59:52 | sleep.weights.plasticity       | INFO  | Hard-clipped 36 w_cons parameters to delta_max=0.1000 bound.
2026-08-11 20:59:52 | sleep.weights.plasticity       | INFO  | Hard-clipped 35 w_cons parameters to delta_max=0.1000 bound.
2026-08-11 20:59:52 | sleep.weights.plasticity       | INFO  | Hard-clipped 35 w_cons parameters to delta_max=0.1000 bound.
2026-08-11 20:59:52 | sleep.weights.plasticity       | INFO  | Hard-clipped 36 w_cons parameters to delta_max=0.1000 bound.
2026-08-11 20:59:52 | sleep.weights.plasticity       | INFO  | Hard-clipped 36 w_cons parameters to delta_max=0.1000 bound.
2026-08-11 20:59:52 | sleep.weights.plasticity       | INFO  | Hard-clipped 36 w_cons parameters to delta_max=0.1000 bound.
2026-08-11 20:59:53 | sleep.weights.plasticity       | INFO  | Hard-clipped 36 w_cons parameters to delta_max=0.1000 bound.
2026-08-11 20:59:53 | sleep.weights.plasticity       | INFO  | Hard-clipped 36 w_cons parameters to delta_max=0.1000 bound.
2026-08-11 20:59:53 | sleep.weights.plasticity       | INFO  | Hard-clipped 36 w_cons parameters to delta_max=0.1000 bound.
2026-08-11 20:59:53 | sleep.weights.plasticity       | INFO  | Hard-clipped 36 w_cons parameters to delta_max=0.1000 bound.
2026-08-11 20:59:53 | sleep.weights.plasticity       | INFO  | Hard-clipped 36 w_cons parameters to delta_max=0.1000 bound.
2026-08-11 20:59:53 | sleep.weights.plasticity       | INFO  | Hard-clipped 36 w_cons parameters to delta_max=0.1000 bound.
2026-08-11 20:59:54 | sleep.weights.plasticity       | INFO  | Hard-clipped 36 w_cons parameters to delta_max=0.1000 bound.
2026-08-11 20:59:54 | sleep.weights.plasticity       | INFO  | Hard-clipped 36 w_cons parameters to delta_max=0.1000 bound.
2026-08-11 20:59:54 | sleep.weights.plasticity       | INFO  | Hard-clipped 36 w_cons parameters to delta_max=0.1000 bound.
2026-08-11 20:59:54 | sleep.weights.plasticity       | INFO  | Hard-clipped 36 w_cons parameters to delta_max=0.1000 bound.
2026-08-11 20:59:54 | sleep.weights.plasticity       | INFO  | Hard-clipped 36 w_cons parameters to delta_max=0.1000 bound.
2026-08-11 20:59:54 | sleep.weights.plasticity       | INFO  | Hard-clipped 35 w_cons parameters to delta_max=0.1000 bound.
2026-08-11 20:59:54 | sleep.weights.plasticity       | INFO  | Hard-clipped 35 w_cons parameters to delta_max=0.1000 bound.
2026-08-11 20:59:55 | sleep.weights.plasticity       | INFO  | Hard-clipped 34 w_cons parameters to delta_max=0.1000 bound.
2026-08-11 20:59:55 | sleep.weights.plasticity       | INFO  | Hard-clipped 30 w_cons parameters to delta_max=0.1000 bound.
2026-08-11 20:59:55 | sleep.weights.plasticity       | INFO  | Hard-clipped 29 w_cons parameters to delta_max=0.1000 bound.
2026-08-11 20:59:55 | sleep.weights.plasticity       | INFO  | Hard-clipped 33 w_cons parameters to delta_max=0.1000 bound.
2026-08-11 20:59:55 | sleep.weights.plasticity       | INFO  | Hard-clipped 29 w_cons parameters to delta_max=0.1000 bound.
2026-08-11 20:59:55 | sleep.weights.plasticity       | INFO  | Hard-clipped 31 w_cons parameters to delta_max=0.1000 bound.
2026-08-11 20:59:55 | sleep.weights.plasticity       | INFO  | Hard-clipped 34 w_cons parameters to delta_max=0.1000 bound.
2026-08-11 20:59:56 | sleep.weights.plasticity       | INFO  | Hard-clipped 35 w_cons parameters to delta_max=0.1000 bound.
2026-08-11 20:59:56 | sleep.weights.plasticity       | INFO  | Hard-clipped 35 w_cons parameters to delta_max=0.1000 bound.
2026-08-11 20:59:56 | sleep.weights.plasticity       | INFO  | Hard-clipped 34 w_cons parameters to delta_max=0.1000 bound.
2026-08-11 20:59:56 | sleep.weights.plasticity       | INFO  | Hard-clipped 34 w_cons parameters to delta_max=0.1000 bound.
2026-08-11 20:59:56 | sleep.weights.plasticity       | INFO  | Hard-clipped 33 w_cons parameters to delta_max=0.1000 bound.
2026-08-11 20:59:56 | sleep.weights.plasticity       | INFO  | Hard-clipped 35 w_cons parameters to delta_max=0.1000 bound.
2026-08-11 20:59:56 | sleep.weights.plasticity       | INFO  | Hard-clipped 35 w_cons parameters to delta_max=0.1000 bound.
2026-08-11 20:59:57 | sleep.weights.plasticity       | INFO  | Hard-clipped 35 w_cons parameters to delta_max=0.1000 bound.
2026-08-11 20:59:57 | sleep.weights.plasticity       | INFO  | Hard-clipped 35 w_cons parameters to delta_max=0.1000 bound.
2026-08-11 20:59:57 | sleep.weights.plasticity       | INFO  | Hard-clipped 35 w_cons parameters to delta_max=0.1000 bound.
2026-08-11 20:59:57 | sleep.weights.plasticity       | INFO  | Hard-clipped 35 w_cons parameters to delta_max=0.1000 bound.
2026-08-11 20:59:57 | sleep.weights.plasticity       | INFO  | Hard-clipped 35 w_cons parameters to delta_max=0.1000 bound.
2026-08-11 20:59:57 | sleep.weights.plasticity       | INFO  | Hard-clipped 35 w_cons parameters to delta_max=0.1000 bound.
2026-08-11 20:59:57 | sleep.weights.plasticity       | INFO  | Hard-clipped 36 w_cons parameters to delta_max=0.1000 bound.
2026-08-11 20:59:58 | sleep.weights.plasticity       | INFO  | Hard-clipped 36 w_cons parameters to delta_max=0.1000 bound.
2026-08-11 20:59:58 | sleep.weights.plasticity       | INFO  | Hard-clipped 36 w_cons parameters to delta_max=0.1000 bound.
2026-08-11 20:59:58 | sleep.weights.plasticity       | INFO  | Hard-clipped 36 w_cons parameters to delta_max=0.1000 bound.
2026-08-11 20:59:58 | sleep.weights.plasticity       | INFO  | Hard-clipped 36 w_cons parameters to delta_max=0.1000 bound.
2026-08-11 20:59:58 | sleep.weights.plasticity       | INFO  | Hard-clipped 36 w_cons parameters to delta_max=0.1000 bound.
2026-08-11 20:59:58 | sleep.weights.plasticity       | INFO  | Hard-clipped 36 w_cons parameters to delta_max=0.1000 bound.
2026-08-11 20:59:58 | sleep.weights.plasticity       | INFO  | Hard-clipped 36 w_cons parameters to delta_max=0.1000 bound.
2026-08-11 20:59:59 | sleep.weights.plasticity       | INFO  | Hard-clipped 36 w_cons parameters to delta_max=0.1000 bound.
2026-08-11 20:59:59 | sleep.weights.plasticity       | INFO  | Hard-clipped 36 w_cons parameters to delta_max=0.1000 bound.
2026-08-11 20:59:59 | sleep.weights.plasticity       | INFO  | Hard-clipped 36 w_cons parameters to delta_max=0.1000 bound.
2026-08-11 20:59:59 | sleep.weights.plasticity       | INFO  | Hard-clipped 36 w_cons parameters to delta_max=0.1000 bound.
2026-08-11 20:59:59 | sleep.weights.plasticity       | INFO  | Hard-clipped 36 w_cons parameters to delta_max=0.1000 bound.
2026-08-11 20:59:59 | sleep.weights.plasticity       | INFO  | Hard-clipped 36 w_cons parameters to delta_max=0.1000 bound.
2026-08-11 20:59:59 | sleep.weights.plasticity       | INFO  | Hard-clipped 35 w_cons parameters to delta_max=0.1000 bound.
2026-08-11 21:00:00 | sleep.weights.plasticity       | INFO  | Hard-clipped 36 w_cons parameters to delta_max=0.1000 bound.
2026-08-11 21:00:00 | sleep.weights.plasticity       | INFO  | Hard-clipped 36 w_cons parameters to delta_max=0.1000 bound.
2026-08-11 21:00:00 | sleep.weights.plasticity       | INFO  | Hard-clipped 36 w_cons parameters to delta_max=0.1000 bound.
2026-08-11 21:00:00 | sleep.weights.plasticity       | INFO  | Hard-clipped 36 w_cons parameters to delta_max=0.1000 bound.
2026-08-11 21:00:00 | sleep.weights.plasticity       | INFO  | Hard-clipped 36 w_cons parameters to delta_max=0.1000 bound.
2026-08-11 21:00:00 | sleep.weights.plasticity       | INFO  | Hard-clipped 36 w_cons parameters to delta_max=0.1000 bound.
2026-08-11 21:00:00 | sleep.weights.plasticity       | INFO  | Hard-clipped 36 w_cons parameters to delta_max=0.1000 bound.
2026-08-11 21:00:01 | sleep.weights.plasticity       | INFO  | Hard-clipped 36 w_cons parameters to delta_max=0.1000 bound.
2026-08-11 21:00:01 | sleep.weights.plasticity       | INFO  | Hard-clipped 36 w_cons parameters to delta_max=0.1000 bound.
2026-08-11 21:00:01 | sleep.weights.plasticity       | INFO  | Hard-clipped 36 w_cons parameters to delta_max=0.1000 bound.
2026-08-11 21:00:01 | sleep.weights.plasticity       | INFO  | Hard-clipped 36 w_cons parameters to delta_max=0.1000 bound.
2026-08-11 21:00:01 | sleep.weights.plasticity       | INFO  | Hard-clipped 36 w_cons parameters to delta_max=0.1000 bound.
2026-08-11 21:00:01 | sleep.weights.plasticity       | INFO  | Hard-clipped 36 w_cons parameters to delta_max=0.1000 bound.
2026-08-11 21:00:02 | sleep.weights.plasticity       | INFO  | Hard-clipped 36 w_cons parameters to delta_max=0.1000 bound.
2026-08-11 21:00:02 | sleep.weights.plasticity       | INFO  | Hard-clipped 36 w_cons parameters to delta_max=0.1000 bound.
2026-08-11 21:00:02 | sleep.sleep_engine.train       | INFO  |   distill step 1050/1500 | loss=0.5607 (kl=0.3195 ce=0.4825) | lr=2.50e-05
2026-08-11 21:00:02 | sleep.weights.plasticity       | INFO  | Hard-clipped 35 w_cons parameters to delta_max=0.1000 bound.
2026-08-11 21:00:02 | sleep.weights.plasticity       | INFO  | Hard-clipped 34 w_cons parameters to delta_max=0.1000 bound.
2026-08-11 21:00:02 | sleep.weights.plasticity       | INFO  | Hard-clipped 34 w_cons parameters to delta_max=0.1000 bound.
2026-08-11 21:00:02 | sleep.weights.plasticity       | INFO  | Hard-clipped 34 w_cons parameters to delta_max=0.1000 bound.
2026-08-11 21:00:02 | sleep.weights.plasticity       | INFO  | Hard-clipped 34 w_cons parameters to delta_max=0.1000 bound.
2026-08-11 21:00:03 | sleep.weights.plasticity       | INFO  | Hard-clipped 34 w_cons parameters to delta_max=0.1000 bound.
2026-08-11 21:00:03 | sleep.weights.plasticity       | INFO  | Hard-clipped 34 w_cons parameters to delta_max=0.1000 bound.
2026-08-11 21:00:03 | sleep.weights.plasticity       | INFO  | Hard-clipped 34 w_cons parameters to delta_max=0.1000 bound.
2026-08-11 21:00:03 | sleep.weights.plasticity       | INFO  | Hard-clipped 35 w_cons parameters to delta_max=0.1000 bound.
2026-08-11 21:00:03 | sleep.weights.plasticity       | INFO  | Hard-clipped 35 w_cons parameters to delta_max=0.1000 bound.
2026-08-11 21:00:03 | sleep.weights.plasticity       | INFO  | Hard-clipped 35 w_cons parameters to delta_max=0.1000 bound.
2026-08-11 21:00:03 | sleep.weights.plasticity       | INFO  | Hard-clipped 35 w_cons parameters to delta_max=0.1000 bound.
2026-08-11 21:00:04 | sleep.weights.plasticity       | INFO  | Hard-clipped 35 w_cons parameters to delta_max=0.1000 bound.
2026-08-11 21:00:04 | sleep.weights.plasticity       | INFO  | Hard-clipped 35 w_cons parameters to delta_max=0.1000 bound.
2026-08-11 21:00:04 | sleep.weights.plasticity       | INFO  | Hard-clipped 35 w_cons parameters to delta_max=0.1000 bound.
2026-08-11 21:00:04 | sleep.weights.plasticity       | INFO  | Hard-clipped 36 w_cons parameters to delta_max=0.1000 bound.
2026-08-11 21:00:04 | sleep.weights.plasticity       | INFO  | Hard-clipped 36 w_cons parameters to delta_max=0.1000 bound.
2026-08-11 21:00:04 | sleep.weights.plasticity       | INFO  | Hard-clipped 36 w_cons parameters to delta_max=0.1000 bound.
2026-08-11 21:00:05 | sleep.weights.plasticity       | INFO  | Hard-clipped 36 w_cons parameters to delta_max=0.1000 bound.
2026-08-11 21:00:05 | sleep.weights.plasticity       | INFO  | Hard-clipped 36 w_cons parameters to delta_max=0.1000 bound.
2026-08-11 21:00:05 | sleep.weights.plasticity       | INFO  | Hard-clipped 36 w_cons parameters to delta_max=0.1000 bound.
2026-08-11 21:00:05 | sleep.weights.plasticity       | INFO  | Hard-clipped 36 w_cons parameters to delta_max=0.1000 bound.
2026-08-11 21:00:05 | sleep.weights.plasticity       | INFO  | Hard-clipped 36 w_cons parameters to delta_max=0.1000 bound.
2026-08-11 21:00:05 | sleep.weights.plasticity       | INFO  | Hard-clipped 35 w_cons parameters to delta_max=0.1000 bound.
2026-08-11 21:00:05 | sleep.weights.plasticity       | INFO  | Hard-clipped 35 w_cons parameters to delta_max=0.1000 bound.
2026-08-11 21:00:06 | sleep.weights.plasticity       | INFO  | Hard-clipped 35 w_cons parameters to delta_max=0.1000 bound.
2026-08-11 21:00:06 | sleep.weights.plasticity       | INFO  | Hard-clipped 36 w_cons parameters to delta_max=0.1000 bound.
2026-08-11 21:00:06 | sleep.weights.plasticity       | INFO  | Hard-clipped 36 w_cons parameters to delta_max=0.1000 bound.
2026-08-11 21:00:06 | sleep.weights.plasticity       | INFO  | Hard-clipped 36 w_cons parameters to delta_max=0.1000 bound.
2026-08-11 21:00:06 | sleep.weights.plasticity       | INFO  | Hard-clipped 36 w_cons parameters to delta_max=0.1000 bound.
2026-08-11 21:00:06 | sleep.weights.plasticity       | INFO  | Hard-clipped 36 w_cons parameters to delta_max=0.1000 bound.
2026-08-11 21:00:07 | sleep.weights.plasticity       | INFO  | Hard-clipped 36 w_cons parameters to delta_max=0.1000 bound.
2026-08-11 21:00:07 | sleep.weights.plasticity       | INFO  | Hard-clipped 36 w_cons parameters to delta_max=0.1000 bound.
2026-08-11 21:00:07 | sleep.weights.plasticity       | INFO  | Hard-clipped 36 w_cons parameters to delta_max=0.1000 bound.
2026-08-11 21:00:07 | sleep.weights.plasticity       | INFO  | Hard-clipped 36 w_cons parameters to delta_max=0.1000 bound.
2026-08-11 21:00:07 | sleep.weights.plasticity       | INFO  | Hard-clipped 36 w_cons parameters to delta_max=0.1000 bound.
2026-08-11 21:00:07 | sleep.weights.plasticity       | INFO  | Hard-clipped 36 w_cons parameters to delta_max=0.1000 bound.
2026-08-11 21:00:07 | sleep.weights.plasticity       | INFO  | Hard-clipped 35 w_cons parameters to delta_max=0.1000 bound.
2026-08-11 21:00:08 | sleep.weights.plasticity       | INFO  | Hard-clipped 34 w_cons parameters to delta_max=0.1000 bound.
2026-08-11 21:00:08 | sleep.weights.plasticity       | INFO  | Hard-clipped 31 w_cons parameters to delta_max=0.1000 bound.
2026-08-11 21:00:08 | sleep.weights.plasticity       | INFO  | Hard-clipped 29 w_cons parameters to delta_max=0.1000 bound.
2026-08-11 21:00:08 | sleep.weights.plasticity       | INFO  | Hard-clipped 29 w_cons parameters to delta_max=0.1000 bound.
2026-08-11 21:00:08 | sleep.weights.plasticity       | INFO  | Hard-clipped 28 w_cons parameters to delta_max=0.1000 bound.
2026-08-11 21:00:08 | sleep.weights.plasticity       | INFO  | Hard-clipped 30 w_cons parameters to delta_max=0.1000 bound.
2026-08-11 21:00:09 | sleep.weights.plasticity       | INFO  | Hard-clipped 30 w_cons parameters to delta_max=0.1000 bound.
2026-08-11 21:00:09 | sleep.weights.plasticity       | INFO  | Hard-clipped 32 w_cons parameters to delta_max=0.1000 bound.
2026-08-11 21:00:09 | sleep.weights.plasticity       | INFO  | Hard-clipped 31 w_cons parameters to delta_max=0.1000 bound.
2026-08-11 21:00:09 | sleep.weights.plasticity       | INFO  | Hard-clipped 32 w_cons parameters to delta_max=0.1000 bound.
2026-08-11 21:00:09 | sleep.weights.plasticity       | INFO  | Hard-clipped 33 w_cons parameters to delta_max=0.1000 bound.
2026-08-11 21:00:09 | sleep.weights.plasticity       | INFO  | Hard-clipped 33 w_cons parameters to delta_max=0.1000 bound.
2026-08-11 21:00:09 | sleep.weights.plasticity       | INFO  | Hard-clipped 35 w_cons parameters to delta_max=0.1000 bound.
2026-08-11 21:00:10 | sleep.weights.plasticity       | INFO  | Hard-clipped 36 w_cons parameters to delta_max=0.1000 bound.
2026-08-11 21:00:10 | sleep.weights.plasticity       | INFO  | Hard-clipped 36 w_cons parameters to delta_max=0.1000 bound.
2026-08-11 21:00:10 | sleep.weights.plasticity       | INFO  | Hard-clipped 36 w_cons parameters to delta_max=0.1000 bound.
2026-08-11 21:00:10 | sleep.weights.plasticity       | INFO  | Hard-clipped 36 w_cons parameters to delta_max=0.1000 bound.
2026-08-11 21:00:10 | sleep.weights.plasticity       | INFO  | Hard-clipped 35 w_cons parameters to delta_max=0.1000 bound.
2026-08-11 21:00:10 | sleep.weights.plasticity       | INFO  | Hard-clipped 35 w_cons parameters to delta_max=0.1000 bound.
2026-08-11 21:00:10 | sleep.weights.plasticity       | INFO  | Hard-clipped 35 w_cons parameters to delta_max=0.1000 bound.
2026-08-11 21:00:11 | sleep.weights.plasticity       | INFO  | Hard-clipped 35 w_cons parameters to delta_max=0.1000 bound.
2026-08-11 21:00:11 | sleep.weights.plasticity       | INFO  | Hard-clipped 36 w_cons parameters to delta_max=0.1000 bound.
2026-08-11 21:00:11 | sleep.weights.plasticity       | INFO  | Hard-clipped 36 w_cons parameters to delta_max=0.1000 bound.
2026-08-11 21:00:11 | sleep.weights.plasticity       | INFO  | Hard-clipped 36 w_cons parameters to delta_max=0.1000 bound.
2026-08-11 21:00:11 | sleep.weights.plasticity       | INFO  | Hard-clipped 36 w_cons parameters to delta_max=0.1000 bound.
2026-08-11 21:00:11 | sleep.weights.plasticity       | INFO  | Hard-clipped 36 w_cons parameters to delta_max=0.1000 bound.
2026-08-11 21:00:11 | sleep.weights.plasticity       | INFO  | Hard-clipped 36 w_cons parameters to delta_max=0.1000 bound.
2026-08-11 21:00:12 | sleep.weights.plasticity       | INFO  | Hard-clipped 36 w_cons parameters to delta_max=0.1000 bound.
2026-08-11 21:00:12 | sleep.weights.plasticity       | INFO  | Hard-clipped 36 w_cons parameters to delta_max=0.1000 bound.
2026-08-11 21:00:12 | sleep.weights.plasticity       | INFO  | Hard-clipped 36 w_cons parameters to delta_max=0.1000 bound.
2026-08-11 21:00:12 | sleep.weights.plasticity       | INFO  | Hard-clipped 36 w_cons parameters to delta_max=0.1000 bound.
2026-08-11 21:00:12 | sleep.weights.plasticity       | INFO  | Hard-clipped 36 w_cons parameters to delta_max=0.1000 bound.
2026-08-11 21:00:12 | sleep.weights.plasticity       | INFO  | Hard-clipped 35 w_cons parameters to delta_max=0.1000 bound.
2026-08-11 21:00:13 | sleep.weights.plasticity       | INFO  | Hard-clipped 35 w_cons parameters to delta_max=0.1000 bound.
2026-08-11 21:00:13 | sleep.weights.plasticity       | INFO  | Hard-clipped 32 w_cons parameters to delta_max=0.1000 bound.
2026-08-11 21:00:13 | sleep.weights.plasticity       | INFO  | Hard-clipped 33 w_cons parameters to delta_max=0.1000 bound.
2026-08-11 21:00:13 | sleep.weights.plasticity       | INFO  | Hard-clipped 33 w_cons parameters to delta_max=0.1000 bound.
2026-08-11 21:00:13 | sleep.weights.plasticity       | INFO  | Hard-clipped 33 w_cons parameters to delta_max=0.1000 bound.
2026-08-11 21:00:13 | sleep.weights.plasticity       | INFO  | Hard-clipped 31 w_cons parameters to delta_max=0.1000 bound.
2026-08-11 21:00:13 | sleep.weights.plasticity       | INFO  | Hard-clipped 34 w_cons parameters to delta_max=0.1000 bound.
2026-08-11 21:00:14 | sleep.weights.plasticity       | INFO  | Hard-clipped 35 w_cons parameters to delta_max=0.1000 bound.
2026-08-11 21:00:14 | sleep.weights.plasticity       | INFO  | Hard-clipped 36 w_cons parameters to delta_max=0.1000 bound.
2026-08-11 21:00:14 | sleep.weights.plasticity       | INFO  | Hard-clipped 36 w_cons parameters to delta_max=0.1000 bound.
2026-08-11 21:00:14 | sleep.weights.plasticity       | INFO  | Hard-clipped 36 w_cons parameters to delta_max=0.1000 bound.
2026-08-11 21:00:14 | sleep.weights.plasticity       | INFO  | Hard-clipped 36 w_cons parameters to delta_max=0.1000 bound.
2026-08-11 21:00:14 | sleep.weights.plasticity       | INFO  | Hard-clipped 32 w_cons parameters to delta_max=0.1000 bound.
2026-08-11 21:00:14 | sleep.weights.plasticity       | INFO  | Hard-clipped 35 w_cons parameters to delta_max=0.1000 bound.
2026-08-11 21:00:15 | sleep.weights.plasticity       | INFO  | Hard-clipped 35 w_cons parameters to delta_max=0.1000 bound.
2026-08-11 21:00:15 | sleep.weights.plasticity       | INFO  | Hard-clipped 35 w_cons parameters to delta_max=0.1000 bound.
2026-08-11 21:00:15 | sleep.weights.plasticity       | INFO  | Hard-clipped 35 w_cons parameters to delta_max=0.1000 bound.
2026-08-11 21:00:15 | sleep.weights.plasticity       | INFO  | Hard-clipped 35 w_cons parameters to delta_max=0.1000 bound.
2026-08-11 21:00:15 | sleep.weights.plasticity       | INFO  | Hard-clipped 36 w_cons parameters to delta_max=0.1000 bound.
2026-08-11 21:00:15 | sleep.weights.plasticity       | INFO  | Hard-clipped 36 w_cons parameters to delta_max=0.1000 bound.
2026-08-11 21:00:16 | sleep.weights.plasticity       | INFO  | Hard-clipped 36 w_cons parameters to delta_max=0.1000 bound.
2026-08-11 21:00:16 | sleep.weights.plasticity       | INFO  | Hard-clipped 36 w_cons parameters to delta_max=0.1000 bound.
2026-08-11 21:00:16 | sleep.weights.plasticity       | INFO  | Hard-clipped 36 w_cons parameters to delta_max=0.1000 bound.
2026-08-11 21:00:16 | sleep.weights.plasticity       | INFO  | Hard-clipped 36 w_cons parameters to delta_max=0.1000 bound.
2026-08-11 21:00:16 | sleep.weights.plasticity       | INFO  | Hard-clipped 34 w_cons parameters to delta_max=0.1000 bound.
2026-08-11 21:00:16 | sleep.weights.plasticity       | INFO  | Hard-clipped 34 w_cons parameters to delta_max=0.1000 bound.
2026-08-11 21:00:16 | sleep.weights.plasticity       | INFO  | Hard-clipped 34 w_cons parameters to delta_max=0.1000 bound.
2026-08-11 21:00:17 | sleep.weights.plasticity       | INFO  | Hard-clipped 34 w_cons parameters to delta_max=0.1000 bound.
2026-08-11 21:00:17 | sleep.weights.plasticity       | INFO  | Hard-clipped 35 w_cons parameters to delta_max=0.1000 bound.
2026-08-11 21:00:17 | sleep.weights.plasticity       | INFO  | Hard-clipped 35 w_cons parameters to delta_max=0.1000 bound.
2026-08-11 21:00:17 | sleep.weights.plasticity       | INFO  | Hard-clipped 36 w_cons parameters to delta_max=0.1000 bound.
2026-08-11 21:00:17 | sleep.weights.plasticity       | INFO  | Hard-clipped 36 w_cons parameters to delta_max=0.1000 bound.
2026-08-11 21:00:17 | sleep.weights.plasticity       | INFO  | Hard-clipped 35 w_cons parameters to delta_max=0.1000 bound.
2026-08-11 21:00:18 | sleep.weights.plasticity       | INFO  | Hard-clipped 36 w_cons parameters to delta_max=0.1000 bound.
2026-08-11 21:00:18 | sleep.weights.plasticity       | INFO  | Hard-clipped 36 w_cons parameters to delta_max=0.1000 bound.
2026-08-11 21:00:18 | sleep.weights.plasticity       | INFO  | Hard-clipped 35 w_cons parameters to delta_max=0.1000 bound.
2026-08-11 21:00:18 | sleep.weights.plasticity       | INFO  | Hard-clipped 34 w_cons parameters to delta_max=0.1000 bound.
2026-08-11 21:00:18 | sleep.weights.plasticity       | INFO  | Hard-clipped 33 w_cons parameters to delta_max=0.1000 bound.
2026-08-11 21:00:18 | sleep.weights.plasticity       | INFO  | Hard-clipped 34 w_cons parameters to delta_max=0.1000 bound.
2026-08-11 21:00:18 | sleep.weights.plasticity       | INFO  | Hard-clipped 32 w_cons parameters to delta_max=0.1000 bound.
2026-08-11 21:00:19 | sleep.weights.plasticity       | INFO  | Hard-clipped 33 w_cons parameters to delta_max=0.1000 bound.
2026-08-11 21:00:19 | sleep.weights.plasticity       | INFO  | Hard-clipped 35 w_cons parameters to delta_max=0.1000 bound.
2026-08-11 21:00:19 | sleep.weights.plasticity       | INFO  | Hard-clipped 36 w_cons parameters to delta_max=0.1000 bound.
2026-08-11 21:00:19 | sleep.weights.plasticity       | INFO  | Hard-clipped 35 w_cons parameters to delta_max=0.1000 bound.
2026-08-11 21:00:19 | sleep.weights.plasticity       | INFO  | Hard-clipped 36 w_cons parameters to delta_max=0.1000 bound.
2026-08-11 21:00:19 | sleep.weights.plasticity       | INFO  | Hard-clipped 36 w_cons parameters to delta_max=0.1000 bound.
2026-08-11 21:00:20 | sleep.weights.plasticity       | INFO  | Hard-clipped 36 w_cons parameters to delta_max=0.1000 bound.
2026-08-11 21:00:20 | sleep.weights.plasticity       | INFO  | Hard-clipped 36 w_cons parameters to delta_max=0.1000 bound.
2026-08-11 21:00:20 | sleep.weights.plasticity       | INFO  | Hard-clipped 36 w_cons parameters to delta_max=0.1000 bound.
2026-08-11 21:00:20 | sleep.weights.plasticity       | INFO  | Hard-clipped 36 w_cons parameters to delta_max=0.1000 bound.
2026-08-11 21:00:20 | sleep.weights.plasticity       | INFO  | Hard-clipped 36 w_cons parameters to delta_max=0.1000 bound.
2026-08-11 21:00:20 | sleep.weights.plasticity       | INFO  | Hard-clipped 36 w_cons parameters to delta_max=0.1000 bound.
2026-08-11 21:00:20 | sleep.weights.plasticity       | INFO  | Hard-clipped 36 w_cons parameters to delta_max=0.1000 bound.
2026-08-11 21:00:21 | sleep.weights.plasticity       | INFO  | Hard-clipped 36 w_cons parameters to delta_max=0.1000 bound.
2026-08-11 21:00:21 | sleep.weights.plasticity       | INFO  | Hard-clipped 36 w_cons parameters to delta_max=0.1000 bound.
2026-08-11 21:00:21 | sleep.weights.plasticity       | INFO  | Hard-clipped 36 w_cons parameters to delta_max=0.1000 bound.
2026-08-11 21:00:21 | sleep.weights.plasticity       | INFO  | Hard-clipped 36 w_cons parameters to delta_max=0.1000 bound.
2026-08-11 21:00:21 | sleep.weights.plasticity       | INFO  | Hard-clipped 36 w_cons parameters to delta_max=0.1000 bound.
2026-08-11 21:00:21 | sleep.weights.plasticity       | INFO  | Hard-clipped 36 w_cons parameters to delta_max=0.1000 bound.
2026-08-11 21:00:21 | sleep.weights.plasticity       | INFO  | Hard-clipped 36 w_cons parameters to delta_max=0.1000 bound.
2026-08-11 21:00:22 | sleep.weights.plasticity       | INFO  | Hard-clipped 36 w_cons parameters to delta_max=0.1000 bound.
2026-08-11 21:00:22 | sleep.weights.plasticity       | INFO  | Hard-clipped 36 w_cons parameters to delta_max=0.1000 bound.
2026-08-11 21:00:22 | sleep.weights.plasticity       | INFO  | Hard-clipped 36 w_cons parameters to delta_max=0.1000 bound.
2026-08-11 21:00:22 | sleep.weights.plasticity       | INFO  | Hard-clipped 36 w_cons parameters to delta_max=0.1000 bound.
2026-08-11 21:00:22 | sleep.weights.plasticity       | INFO  | Hard-clipped 36 w_cons parameters to delta_max=0.1000 bound.
2026-08-11 21:00:22 | sleep.weights.plasticity       | INFO  | Hard-clipped 36 w_cons parameters to delta_max=0.1000 bound.
2026-08-11 21:00:22 | sleep.weights.plasticity       | INFO  | Hard-clipped 36 w_cons parameters to delta_max=0.1000 bound.
2026-08-11 21:00:23 | sleep.weights.plasticity       | INFO  | Hard-clipped 36 w_cons parameters to delta_max=0.1000 bound.
2026-08-11 21:00:23 | sleep.weights.plasticity       | INFO  | Hard-clipped 30 w_cons parameters to delta_max=0.1000 bound.
2026-08-11 21:00:23 | sleep.weights.plasticity       | INFO  | Hard-clipped 30 w_cons parameters to delta_max=0.1000 bound.
2026-08-11 21:00:23 | sleep.weights.plasticity       | INFO  | Hard-clipped 27 w_cons parameters to delta_max=0.1000 bound.
2026-08-11 21:00:23 | sleep.weights.plasticity       | INFO  | Hard-clipped 29 w_cons parameters to delta_max=0.1000 bound.
2026-08-11 21:00:23 | sleep.weights.plasticity       | INFO  | Hard-clipped 28 w_cons parameters to delta_max=0.1000 bound.
2026-08-11 21:00:23 | sleep.weights.plasticity       | INFO  | Hard-clipped 29 w_cons parameters to delta_max=0.1000 bound.
2026-08-11 21:00:24 | sleep.weights.plasticity       | INFO  | Hard-clipped 29 w_cons parameters to delta_max=0.1000 bound.
2026-08-11 21:00:24 | sleep.weights.plasticity       | INFO  | Hard-clipped 30 w_cons parameters to delta_max=0.1000 bound.
2026-08-11 21:00:24 | sleep.weights.plasticity       | INFO  | Hard-clipped 33 w_cons parameters to delta_max=0.1000 bound.
2026-08-11 21:00:24 | sleep.weights.plasticity       | INFO  | Hard-clipped 33 w_cons parameters to delta_max=0.1000 bound.
2026-08-11 21:00:24 | sleep.weights.plasticity       | INFO  | Hard-clipped 32 w_cons parameters to delta_max=0.1000 bound.
2026-08-11 21:00:24 | sleep.sleep_engine.train       | INFO  |   distill step 1200/1500 | loss=0.6576 (kl=0.3804 ce=0.5544) | lr=1.17e-05
2026-08-11 21:00:24 | sleep.weights.plasticity       | INFO  | Hard-clipped 31 w_cons parameters to delta_max=0.1000 bound.
2026-08-11 21:00:24 | sleep.weights.plasticity       | INFO  | Hard-clipped 33 w_cons parameters to delta_max=0.1000 bound.
2026-08-11 21:00:25 | sleep.weights.plasticity       | INFO  | Hard-clipped 33 w_cons parameters to delta_max=0.1000 bound.
2026-08-11 21:00:25 | sleep.weights.plasticity       | INFO  | Hard-clipped 32 w_cons parameters to delta_max=0.1000 bound.
2026-08-11 21:00:25 | sleep.weights.plasticity       | INFO  | Hard-clipped 30 w_cons parameters to delta_max=0.1000 bound.
2026-08-11 21:00:25 | sleep.weights.plasticity       | INFO  | Hard-clipped 32 w_cons parameters to delta_max=0.1000 bound.
2026-08-11 21:00:25 | sleep.weights.plasticity       | INFO  | Hard-clipped 32 w_cons parameters to delta_max=0.1000 bound.
2026-08-11 21:00:25 | sleep.weights.plasticity       | INFO  | Hard-clipped 32 w_cons parameters to delta_max=0.1000 bound.
2026-08-11 21:00:25 | sleep.weights.plasticity       | INFO  | Hard-clipped 33 w_cons parameters to delta_max=0.1000 bound.
2026-08-11 21:00:26 | sleep.weights.plasticity       | INFO  | Hard-clipped 34 w_cons parameters to delta_max=0.1000 bound.
2026-08-11 21:00:26 | sleep.weights.plasticity       | INFO  | Hard-clipped 34 w_cons parameters to delta_max=0.1000 bound.
2026-08-11 21:00:26 | sleep.weights.plasticity       | INFO  | Hard-clipped 34 w_cons parameters to delta_max=0.1000 bound.
2026-08-11 21:00:26 | sleep.weights.plasticity       | INFO  | Hard-clipped 35 w_cons parameters to delta_max=0.1000 bound.
2026-08-11 21:00:26 | sleep.weights.plasticity       | INFO  | Hard-clipped 35 w_cons parameters to delta_max=0.1000 bound.
2026-08-11 21:00:26 | sleep.weights.plasticity       | INFO  | Hard-clipped 35 w_cons parameters to delta_max=0.1000 bound.
2026-08-11 21:00:27 | sleep.weights.plasticity       | INFO  | Hard-clipped 35 w_cons parameters to delta_max=0.1000 bound.
2026-08-11 21:00:27 | sleep.weights.plasticity       | INFO  | Hard-clipped 34 w_cons parameters to delta_max=0.1000 bound.
2026-08-11 21:00:27 | sleep.weights.plasticity       | INFO  | Hard-clipped 34 w_cons parameters to delta_max=0.1000 bound.
2026-08-11 21:00:27 | sleep.weights.plasticity       | INFO  | Hard-clipped 33 w_cons parameters to delta_max=0.1000 bound.
2026-08-11 21:00:27 | sleep.weights.plasticity       | INFO  | Hard-clipped 34 w_cons parameters to delta_max=0.1000 bound.
2026-08-11 21:00:27 | sleep.weights.plasticity       | INFO  | Hard-clipped 34 w_cons parameters to delta_max=0.1000 bound.
2026-08-11 21:00:27 | sleep.weights.plasticity       | INFO  | Hard-clipped 35 w_cons parameters to delta_max=0.1000 bound.
2026-08-11 21:00:28 | sleep.weights.plasticity       | INFO  | Hard-clipped 35 w_cons parameters to delta_max=0.1000 bound.
2026-08-11 21:00:28 | sleep.weights.plasticity       | INFO  | Hard-clipped 35 w_cons parameters to delta_max=0.1000 bound.
2026-08-11 21:00:28 | sleep.weights.plasticity       | INFO  | Hard-clipped 35 w_cons parameters to delta_max=0.1000 bound.
2026-08-11 21:00:28 | sleep.weights.plasticity       | INFO  | Hard-clipped 36 w_cons parameters to delta_max=0.1000 bound.
2026-08-11 21:00:28 | sleep.weights.plasticity       | INFO  | Hard-clipped 36 w_cons parameters to delta_max=0.1000 bound.
2026-08-11 21:00:28 | sleep.weights.plasticity       | INFO  | Hard-clipped 36 w_cons parameters to delta_max=0.1000 bound.
2026-08-11 21:00:28 | sleep.weights.plasticity       | INFO  | Hard-clipped 36 w_cons parameters to delta_max=0.1000 bound.
2026-08-11 21:00:29 | sleep.weights.plasticity       | INFO  | Hard-clipped 36 w_cons parameters to delta_max=0.1000 bound.
2026-08-11 21:00:29 | sleep.weights.plasticity       | INFO  | Hard-clipped 36 w_cons parameters to delta_max=0.1000 bound.
2026-08-11 21:00:29 | sleep.weights.plasticity       | INFO  | Hard-clipped 36 w_cons parameters to delta_max=0.1000 bound.
2026-08-11 21:00:29 | sleep.weights.plasticity       | INFO  | Hard-clipped 36 w_cons parameters to delta_max=0.1000 bound.
2026-08-11 21:00:29 | sleep.weights.plasticity       | INFO  | Hard-clipped 36 w_cons parameters to delta_max=0.1000 bound.
2026-08-11 21:00:29 | sleep.weights.plasticity       | INFO  | Hard-clipped 36 w_cons parameters to delta_max=0.1000 bound.
2026-08-11 21:00:30 | sleep.weights.plasticity       | INFO  | Hard-clipped 34 w_cons parameters to delta_max=0.1000 bound.
2026-08-11 21:00:30 | sleep.weights.plasticity       | INFO  | Hard-clipped 30 w_cons parameters to delta_max=0.1000 bound.
2026-08-11 21:00:30 | sleep.weights.plasticity       | INFO  | Hard-clipped 30 w_cons parameters to delta_max=0.1000 bound.
2026-08-11 21:00:30 | sleep.weights.plasticity       | INFO  | Hard-clipped 25 w_cons parameters to delta_max=0.1000 bound.
2026-08-11 21:00:30 | sleep.weights.plasticity       | INFO  | Hard-clipped 25 w_cons parameters to delta_max=0.1000 bound.
2026-08-11 21:00:30 | sleep.weights.plasticity       | INFO  | Hard-clipped 25 w_cons parameters to delta_max=0.1000 bound.
2026-08-11 21:00:30 | sleep.weights.plasticity       | INFO  | Hard-clipped 24 w_cons parameters to delta_max=0.1000 bound.
2026-08-11 21:00:31 | sleep.weights.plasticity       | INFO  | Hard-clipped 24 w_cons parameters to delta_max=0.1000 bound.
2026-08-11 21:00:31 | sleep.weights.plasticity       | INFO  | Hard-clipped 24 w_cons parameters to delta_max=0.1000 bound.
2026-08-11 21:00:31 | sleep.weights.plasticity       | INFO  | Hard-clipped 24 w_cons parameters to delta_max=0.1000 bound.
2026-08-11 21:00:31 | sleep.weights.plasticity       | INFO  | Hard-clipped 25 w_cons parameters to delta_max=0.1000 bound.
2026-08-11 21:00:31 | sleep.weights.plasticity       | INFO  | Hard-clipped 25 w_cons parameters to delta_max=0.1000 bound.
2026-08-11 21:00:31 | sleep.weights.plasticity       | INFO  | Hard-clipped 28 w_cons parameters to delta_max=0.1000 bound.
2026-08-11 21:00:31 | sleep.weights.plasticity       | INFO  | Hard-clipped 30 w_cons parameters to delta_max=0.1000 bound.
2026-08-11 21:00:32 | sleep.weights.plasticity       | INFO  | Hard-clipped 30 w_cons parameters to delta_max=0.1000 bound.
2026-08-11 21:00:32 | sleep.weights.plasticity       | INFO  | Hard-clipped 31 w_cons parameters to delta_max=0.1000 bound.
2026-08-11 21:00:32 | sleep.weights.plasticity       | INFO  | Hard-clipped 32 w_cons parameters to delta_max=0.1000 bound.
2026-08-11 21:00:32 | sleep.weights.plasticity       | INFO  | Hard-clipped 29 w_cons parameters to delta_max=0.1000 bound.
2026-08-11 21:00:32 | sleep.weights.plasticity       | INFO  | Hard-clipped 29 w_cons parameters to delta_max=0.1000 bound.
2026-08-11 21:00:32 | sleep.weights.plasticity       | INFO  | Hard-clipped 29 w_cons parameters to delta_max=0.1000 bound.
2026-08-11 21:00:33 | sleep.weights.plasticity       | INFO  | Hard-clipped 30 w_cons parameters to delta_max=0.1000 bound.
2026-08-11 21:00:33 | sleep.weights.plasticity       | INFO  | Hard-clipped 31 w_cons parameters to delta_max=0.1000 bound.
2026-08-11 21:00:33 | sleep.weights.plasticity       | INFO  | Hard-clipped 33 w_cons parameters to delta_max=0.1000 bound.
2026-08-11 21:00:33 | sleep.weights.plasticity       | INFO  | Hard-clipped 33 w_cons parameters to delta_max=0.1000 bound.
2026-08-11 21:00:33 | sleep.weights.plasticity       | INFO  | Hard-clipped 33 w_cons parameters to delta_max=0.1000 bound.
2026-08-11 21:00:33 | sleep.weights.plasticity       | INFO  | Hard-clipped 34 w_cons parameters to delta_max=0.1000 bound.
2026-08-11 21:00:33 | sleep.weights.plasticity       | INFO  | Hard-clipped 34 w_cons parameters to delta_max=0.1000 bound.
2026-08-11 21:00:34 | sleep.weights.plasticity       | INFO  | Hard-clipped 35 w_cons parameters to delta_max=0.1000 bound.
2026-08-11 21:00:34 | sleep.weights.plasticity       | INFO  | Hard-clipped 35 w_cons parameters to delta_max=0.1000 bound.
2026-08-11 21:00:34 | sleep.weights.plasticity       | INFO  | Hard-clipped 35 w_cons parameters to delta_max=0.1000 bound.
2026-08-11 21:00:34 | sleep.weights.plasticity       | INFO  | Hard-clipped 35 w_cons parameters to delta_max=0.1000 bound.
2026-08-11 21:00:34 | sleep.weights.plasticity       | INFO  | Hard-clipped 35 w_cons parameters to delta_max=0.1000 bound.
2026-08-11 21:00:34 | sleep.weights.plasticity       | INFO  | Hard-clipped 35 w_cons parameters to delta_max=0.1000 bound.
2026-08-11 21:00:35 | sleep.weights.plasticity       | INFO  | Hard-clipped 35 w_cons parameters to delta_max=0.1000 bound.
2026-08-11 21:00:35 | sleep.weights.plasticity       | INFO  | Hard-clipped 36 w_cons parameters to delta_max=0.1000 bound.
2026-08-11 21:00:35 | sleep.weights.plasticity       | INFO  | Hard-clipped 36 w_cons parameters to delta_max=0.1000 bound.
2026-08-11 21:00:35 | sleep.weights.plasticity       | INFO  | Hard-clipped 36 w_cons parameters to delta_max=0.1000 bound.
2026-08-11 21:00:35 | sleep.weights.plasticity       | INFO  | Hard-clipped 36 w_cons parameters to delta_max=0.1000 bound.
2026-08-11 21:00:35 | sleep.weights.plasticity       | INFO  | Hard-clipped 36 w_cons parameters to delta_max=0.1000 bound.
2026-08-11 21:00:35 | sleep.weights.plasticity       | INFO  | Hard-clipped 36 w_cons parameters to delta_max=0.1000 bound.
2026-08-11 21:00:36 | sleep.weights.plasticity       | INFO  | Hard-clipped 36 w_cons parameters to delta_max=0.1000 bound.
2026-08-11 21:00:36 | sleep.weights.plasticity       | INFO  | Hard-clipped 36 w_cons parameters to delta_max=0.1000 bound.
2026-08-11 21:00:36 | sleep.weights.plasticity       | INFO  | Hard-clipped 36 w_cons parameters to delta_max=0.1000 bound.
2026-08-11 21:00:36 | sleep.weights.plasticity       | INFO  | Hard-clipped 36 w_cons parameters to delta_max=0.1000 bound.
2026-08-11 21:00:36 | sleep.weights.plasticity       | INFO  | Hard-clipped 36 w_cons parameters to delta_max=0.1000 bound.
2026-08-11 21:00:36 | sleep.weights.plasticity       | INFO  | Hard-clipped 36 w_cons parameters to delta_max=0.1000 bound.
2026-08-11 21:00:36 | sleep.weights.plasticity       | INFO  | Hard-clipped 36 w_cons parameters to delta_max=0.1000 bound.
2026-08-11 21:00:37 | sleep.weights.plasticity       | INFO  | Hard-clipped 35 w_cons parameters to delta_max=0.1000 bound.
2026-08-11 21:00:37 | sleep.weights.plasticity       | INFO  | Hard-clipped 35 w_cons parameters to delta_max=0.1000 bound.
2026-08-11 21:00:37 | sleep.weights.plasticity       | INFO  | Hard-clipped 36 w_cons parameters to delta_max=0.1000 bound.
2026-08-11 21:00:37 | sleep.weights.plasticity       | INFO  | Hard-clipped 35 w_cons parameters to delta_max=0.1000 bound.
2026-08-11 21:00:37 | sleep.weights.plasticity       | INFO  | Hard-clipped 35 w_cons parameters to delta_max=0.1000 bound.
2026-08-11 21:00:37 | sleep.weights.plasticity       | INFO  | Hard-clipped 35 w_cons parameters to delta_max=0.1000 bound.
2026-08-11 21:00:38 | sleep.weights.plasticity       | INFO  | Hard-clipped 35 w_cons parameters to delta_max=0.1000 bound.
2026-08-11 21:00:38 | sleep.weights.plasticity       | INFO  | Hard-clipped 35 w_cons parameters to delta_max=0.1000 bound.
2026-08-11 21:00:38 | sleep.weights.plasticity       | INFO  | Hard-clipped 35 w_cons parameters to delta_max=0.1000 bound.
2026-08-11 21:00:38 | sleep.weights.plasticity       | INFO  | Hard-clipped 35 w_cons parameters to delta_max=0.1000 bound.
2026-08-11 21:00:38 | sleep.weights.plasticity       | INFO  | Hard-clipped 35 w_cons parameters to delta_max=0.1000 bound.
2026-08-11 21:00:38 | sleep.weights.plasticity       | INFO  | Hard-clipped 35 w_cons parameters to delta_max=0.1000 bound.
2026-08-11 21:00:38 | sleep.weights.plasticity       | INFO  | Hard-clipped 35 w_cons parameters to delta_max=0.1000 bound.
2026-08-11 21:00:39 | sleep.weights.plasticity       | INFO  | Hard-clipped 35 w_cons parameters to delta_max=0.1000 bound.
2026-08-11 21:00:39 | sleep.weights.plasticity       | INFO  | Hard-clipped 35 w_cons parameters to delta_max=0.1000 bound.
2026-08-11 21:00:39 | sleep.weights.plasticity       | INFO  | Hard-clipped 35 w_cons parameters to delta_max=0.1000 bound.
2026-08-11 21:00:39 | sleep.weights.plasticity       | INFO  | Hard-clipped 35 w_cons parameters to delta_max=0.1000 bound.
2026-08-11 21:00:39 | sleep.weights.plasticity       | INFO  | Hard-clipped 33 w_cons parameters to delta_max=0.1000 bound.
2026-08-11 21:00:39 | sleep.weights.plasticity       | INFO  | Hard-clipped 33 w_cons parameters to delta_max=0.1000 bound.
2026-08-11 21:00:40 | sleep.weights.plasticity       | INFO  | Hard-clipped 33 w_cons parameters to delta_max=0.1000 bound.
2026-08-11 21:00:40 | sleep.weights.plasticity       | INFO  | Hard-clipped 34 w_cons parameters to delta_max=0.1000 bound.
2026-08-11 21:00:40 | sleep.weights.plasticity       | INFO  | Hard-clipped 34 w_cons parameters to delta_max=0.1000 bound.
2026-08-11 21:00:40 | sleep.weights.plasticity       | INFO  | Hard-clipped 32 w_cons parameters to delta_max=0.1000 bound.
2026-08-11 21:00:40 | sleep.weights.plasticity       | INFO  | Hard-clipped 33 w_cons parameters to delta_max=0.1000 bound.
2026-08-11 21:00:40 | sleep.weights.plasticity       | INFO  | Hard-clipped 34 w_cons parameters to delta_max=0.1000 bound.
2026-08-11 21:00:40 | sleep.weights.plasticity       | INFO  | Hard-clipped 35 w_cons parameters to delta_max=0.1000 bound.
2026-08-11 21:00:41 | sleep.weights.plasticity       | INFO  | Hard-clipped 35 w_cons parameters to delta_max=0.1000 bound.
2026-08-11 21:00:41 | sleep.weights.plasticity       | INFO  | Hard-clipped 35 w_cons parameters to delta_max=0.1000 bound.
2026-08-11 21:00:41 | sleep.weights.plasticity       | INFO  | Hard-clipped 35 w_cons parameters to delta_max=0.1000 bound.
2026-08-11 21:00:41 | sleep.weights.plasticity       | INFO  | Hard-clipped 35 w_cons parameters to delta_max=0.1000 bound.
2026-08-11 21:00:41 | sleep.weights.plasticity       | INFO  | Hard-clipped 35 w_cons parameters to delta_max=0.1000 bound.
2026-08-11 21:00:41 | sleep.weights.plasticity       | INFO  | Hard-clipped 35 w_cons parameters to delta_max=0.1000 bound.
2026-08-11 21:00:41 | sleep.weights.plasticity       | INFO  | Hard-clipped 35 w_cons parameters to delta_max=0.1000 bound.
2026-08-11 21:00:42 | sleep.weights.plasticity       | INFO  | Hard-clipped 36 w_cons parameters to delta_max=0.1000 bound.
2026-08-11 21:00:42 | sleep.weights.plasticity       | INFO  | Hard-clipped 35 w_cons parameters to delta_max=0.1000 bound.
2026-08-11 21:00:42 | sleep.weights.plasticity       | INFO  | Hard-clipped 35 w_cons parameters to delta_max=0.1000 bound.
2026-08-11 21:00:42 | sleep.weights.plasticity       | INFO  | Hard-clipped 34 w_cons parameters to delta_max=0.1000 bound.
2026-08-11 21:00:42 | sleep.weights.plasticity       | INFO  | Hard-clipped 32 w_cons parameters to delta_max=0.1000 bound.
2026-08-11 21:00:42 | sleep.weights.plasticity       | INFO  | Hard-clipped 33 w_cons parameters to delta_max=0.1000 bound.
2026-08-11 21:00:43 | sleep.weights.plasticity       | INFO  | Hard-clipped 34 w_cons parameters to delta_max=0.1000 bound.
2026-08-11 21:00:43 | sleep.weights.plasticity       | INFO  | Hard-clipped 34 w_cons parameters to delta_max=0.1000 bound.
2026-08-11 21:00:43 | sleep.weights.plasticity       | INFO  | Hard-clipped 33 w_cons parameters to delta_max=0.1000 bound.
2026-08-11 21:00:43 | sleep.weights.plasticity       | INFO  | Hard-clipped 33 w_cons parameters to delta_max=0.1000 bound.
2026-08-11 21:00:43 | sleep.weights.plasticity       | INFO  | Hard-clipped 34 w_cons parameters to delta_max=0.1000 bound.
2026-08-11 21:00:43 | sleep.weights.plasticity       | INFO  | Hard-clipped 32 w_cons parameters to delta_max=0.1000 bound.
2026-08-11 21:00:43 | sleep.weights.plasticity       | INFO  | Hard-clipped 35 w_cons parameters to delta_max=0.1000 bound.
2026-08-11 21:00:44 | sleep.weights.plasticity       | INFO  | Hard-clipped 36 w_cons parameters to delta_max=0.1000 bound.
2026-08-11 21:00:44 | sleep.weights.plasticity       | INFO  | Hard-clipped 36 w_cons parameters to delta_max=0.1000 bound.
2026-08-11 21:00:44 | sleep.weights.plasticity       | INFO  | Hard-clipped 36 w_cons parameters to delta_max=0.1000 bound.
2026-08-11 21:00:44 | sleep.weights.plasticity       | INFO  | Hard-clipped 36 w_cons parameters to delta_max=0.1000 bound.
2026-08-11 21:00:44 | sleep.weights.plasticity       | INFO  | Hard-clipped 36 w_cons parameters to delta_max=0.1000 bound.
2026-08-11 21:00:44 | sleep.weights.plasticity       | INFO  | Hard-clipped 36 w_cons parameters to delta_max=0.1000 bound.
2026-08-11 21:00:44 | sleep.weights.plasticity       | INFO  | Hard-clipped 36 w_cons parameters to delta_max=0.1000 bound.
2026-08-11 21:00:45 | sleep.weights.plasticity       | INFO  | Hard-clipped 36 w_cons parameters to delta_max=0.1000 bound.
2026-08-11 21:00:45 | sleep.weights.plasticity       | INFO  | Hard-clipped 36 w_cons parameters to delta_max=0.1000 bound.
2026-08-11 21:00:45 | sleep.weights.plasticity       | INFO  | Hard-clipped 35 w_cons parameters to delta_max=0.1000 bound.
2026-08-11 21:00:45 | sleep.weights.plasticity       | INFO  | Hard-clipped 36 w_cons parameters to delta_max=0.1000 bound.
2026-08-11 21:00:45 | sleep.weights.plasticity       | INFO  | Hard-clipped 33 w_cons parameters to delta_max=0.1000 bound.
2026-08-11 21:00:45 | sleep.weights.plasticity       | INFO  | Hard-clipped 32 w_cons parameters to delta_max=0.1000 bound.
2026-08-11 21:00:45 | sleep.weights.plasticity       | INFO  | Hard-clipped 30 w_cons parameters to delta_max=0.1000 bound.
2026-08-11 21:00:46 | sleep.weights.plasticity       | INFO  | Hard-clipped 32 w_cons parameters to delta_max=0.1000 bound.
2026-08-11 21:00:46 | sleep.weights.plasticity       | INFO  | Hard-clipped 30 w_cons parameters to delta_max=0.1000 bound.
2026-08-11 21:00:46 | sleep.weights.plasticity       | INFO  | Hard-clipped 32 w_cons parameters to delta_max=0.1000 bound.
2026-08-11 21:00:46 | sleep.weights.plasticity       | INFO  | Hard-clipped 34 w_cons parameters to delta_max=0.1000 bound.
2026-08-11 21:00:46 | sleep.weights.plasticity       | INFO  | Hard-clipped 34 w_cons parameters to delta_max=0.1000 bound.
2026-08-11 21:00:46 | sleep.weights.plasticity       | INFO  | Hard-clipped 35 w_cons parameters to delta_max=0.1000 bound.
2026-08-11 21:00:46 | sleep.weights.plasticity       | INFO  | Hard-clipped 36 w_cons parameters to delta_max=0.1000 bound.
2026-08-11 21:00:47 | sleep.weights.plasticity       | INFO  | Hard-clipped 34 w_cons parameters to delta_max=0.1000 bound.
2026-08-11 21:00:47 | sleep.sleep_engine.train       | INFO  |   distill step 1350/1500 | loss=0.6374 (kl=0.4304 ce=0.4140) | lr=3.02e-06
2026-08-11 21:00:47 | sleep.weights.plasticity       | INFO  | Hard-clipped 34 w_cons parameters to delta_max=0.1000 bound.
2026-08-11 21:00:47 | sleep.weights.plasticity       | INFO  | Hard-clipped 36 w_cons parameters to delta_max=0.1000 bound.
2026-08-11 21:00:47 | sleep.weights.plasticity       | INFO  | Hard-clipped 36 w_cons parameters to delta_max=0.1000 bound.
2026-08-11 21:00:47 | sleep.weights.plasticity       | INFO  | Hard-clipped 36 w_cons parameters to delta_max=0.1000 bound.
2026-08-11 21:00:47 | sleep.weights.plasticity       | INFO  | Hard-clipped 36 w_cons parameters to delta_max=0.1000 bound.
2026-08-11 21:00:48 | sleep.weights.plasticity       | INFO  | Hard-clipped 36 w_cons parameters to delta_max=0.1000 bound.
2026-08-11 21:00:48 | sleep.weights.plasticity       | INFO  | Hard-clipped 36 w_cons parameters to delta_max=0.1000 bound.
2026-08-11 21:00:48 | sleep.weights.plasticity       | INFO  | Hard-clipped 36 w_cons parameters to delta_max=0.1000 bound.
2026-08-11 21:00:48 | sleep.weights.plasticity       | INFO  | Hard-clipped 35 w_cons parameters to delta_max=0.1000 bound.
2026-08-11 21:00:48 | sleep.weights.plasticity       | INFO  | Hard-clipped 36 w_cons parameters to delta_max=0.1000 bound.
2026-08-11 21:00:48 | sleep.weights.plasticity       | INFO  | Hard-clipped 34 w_cons parameters to delta_max=0.1000 bound.
2026-08-11 21:00:48 | sleep.weights.plasticity       | INFO  | Hard-clipped 34 w_cons parameters to delta_max=0.1000 bound.
2026-08-11 21:00:49 | sleep.weights.plasticity       | INFO  | Hard-clipped 34 w_cons parameters to delta_max=0.1000 bound.
2026-08-11 21:00:49 | sleep.weights.plasticity       | INFO  | Hard-clipped 34 w_cons parameters to delta_max=0.1000 bound.
2026-08-11 21:00:49 | sleep.weights.plasticity       | INFO  | Hard-clipped 34 w_cons parameters to delta_max=0.1000 bound.
2026-08-11 21:00:49 | sleep.weights.plasticity       | INFO  | Hard-clipped 34 w_cons parameters to delta_max=0.1000 bound.
2026-08-11 21:00:49 | sleep.weights.plasticity       | INFO  | Hard-clipped 34 w_cons parameters to delta_max=0.1000 bound.
2026-08-11 21:00:49 | sleep.weights.plasticity       | INFO  | Hard-clipped 35 w_cons parameters to delta_max=0.1000 bound.
2026-08-11 21:00:49 | sleep.weights.plasticity       | INFO  | Hard-clipped 36 w_cons parameters to delta_max=0.1000 bound.
2026-08-11 21:00:50 | sleep.weights.plasticity       | INFO  | Hard-clipped 36 w_cons parameters to delta_max=0.1000 bound.
2026-08-11 21:00:50 | sleep.weights.plasticity       | INFO  | Hard-clipped 36 w_cons parameters to delta_max=0.1000 bound.
2026-08-11 21:00:50 | sleep.weights.plasticity       | INFO  | Hard-clipped 36 w_cons parameters to delta_max=0.1000 bound.
2026-08-11 21:00:50 | sleep.weights.plasticity       | INFO  | Hard-clipped 34 w_cons parameters to delta_max=0.1000 bound.
2026-08-11 21:00:50 | sleep.weights.plasticity       | INFO  | Hard-clipped 34 w_cons parameters to delta_max=0.1000 bound.
2026-08-11 21:00:50 | sleep.weights.plasticity       | INFO  | Hard-clipped 34 w_cons parameters to delta_max=0.1000 bound.
2026-08-11 21:00:50 | sleep.weights.plasticity       | INFO  | Hard-clipped 33 w_cons parameters to delta_max=0.1000 bound.
2026-08-11 21:00:51 | sleep.weights.plasticity       | INFO  | Hard-clipped 33 w_cons parameters to delta_max=0.1000 bound.
2026-08-11 21:00:51 | sleep.weights.plasticity       | INFO  | Hard-clipped 33 w_cons parameters to delta_max=0.1000 bound.
2026-08-11 21:00:51 | sleep.weights.plasticity       | INFO  | Hard-clipped 33 w_cons parameters to delta_max=0.1000 bound.
2026-08-11 21:00:51 | sleep.weights.plasticity       | INFO  | Hard-clipped 34 w_cons parameters to delta_max=0.1000 bound.
2026-08-11 21:00:51 | sleep.weights.plasticity       | INFO  | Hard-clipped 34 w_cons parameters to delta_max=0.1000 bound.
2026-08-11 21:00:51 | sleep.weights.plasticity       | INFO  | Hard-clipped 34 w_cons parameters to delta_max=0.1000 bound.
2026-08-11 21:00:52 | sleep.weights.plasticity       | INFO  | Hard-clipped 34 w_cons parameters to delta_max=0.1000 bound.
2026-08-11 21:00:52 | sleep.weights.plasticity       | INFO  | Hard-clipped 33 w_cons parameters to delta_max=0.1000 bound.
2026-08-11 21:00:52 | sleep.weights.plasticity       | INFO  | Hard-clipped 34 w_cons parameters to delta_max=0.1000 bound.
2026-08-11 21:00:52 | sleep.weights.plasticity       | INFO  | Hard-clipped 34 w_cons parameters to delta_max=0.1000 bound.
2026-08-11 21:00:52 | sleep.weights.plasticity       | INFO  | Hard-clipped 34 w_cons parameters to delta_max=0.1000 bound.
2026-08-11 21:00:52 | sleep.weights.plasticity       | INFO  | Hard-clipped 34 w_cons parameters to delta_max=0.1000 bound.
2026-08-11 21:00:52 | sleep.weights.plasticity       | INFO  | Hard-clipped 34 w_cons parameters to delta_max=0.1000 bound.
2026-08-11 21:00:53 | sleep.weights.plasticity       | INFO  | Hard-clipped 34 w_cons parameters to delta_max=0.1000 bound.
2026-08-11 21:00:53 | sleep.weights.plasticity       | INFO  | Hard-clipped 34 w_cons parameters to delta_max=0.1000 bound.
2026-08-11 21:00:53 | sleep.weights.plasticity       | INFO  | Hard-clipped 34 w_cons parameters to delta_max=0.1000 bound.
2026-08-11 21:00:53 | sleep.weights.plasticity       | INFO  | Hard-clipped 34 w_cons parameters to delta_max=0.1000 bound.
2026-08-11 21:00:53 | sleep.weights.plasticity       | INFO  | Hard-clipped 34 w_cons parameters to delta_max=0.1000 bound.
2026-08-11 21:00:53 | sleep.weights.plasticity       | INFO  | Hard-clipped 34 w_cons parameters to delta_max=0.1000 bound.
2026-08-11 21:00:53 | sleep.weights.plasticity       | INFO  | Hard-clipped 33 w_cons parameters to delta_max=0.1000 bound.
2026-08-11 21:00:54 | sleep.weights.plasticity       | INFO  | Hard-clipped 31 w_cons parameters to delta_max=0.1000 bound.
2026-08-11 21:00:54 | sleep.weights.plasticity       | INFO  | Hard-clipped 31 w_cons parameters to delta_max=0.1000 bound.
2026-08-11 21:00:54 | sleep.weights.plasticity       | INFO  | Hard-clipped 30 w_cons parameters to delta_max=0.1000 bound.
2026-08-11 21:00:54 | sleep.weights.plasticity       | INFO  | Hard-clipped 31 w_cons parameters to delta_max=0.1000 bound.
2026-08-11 21:00:54 | sleep.weights.plasticity       | INFO  | Hard-clipped 30 w_cons parameters to delta_max=0.1000 bound.
2026-08-11 21:00:54 | sleep.weights.plasticity       | INFO  | Hard-clipped 30 w_cons parameters to delta_max=0.1000 bound.
2026-08-11 21:00:54 | sleep.weights.plasticity       | INFO  | Hard-clipped 32 w_cons parameters to delta_max=0.1000 bound.
2026-08-11 21:00:55 | sleep.weights.plasticity       | INFO  | Hard-clipped 33 w_cons parameters to delta_max=0.1000 bound.
2026-08-11 21:00:55 | sleep.weights.plasticity       | INFO  | Hard-clipped 34 w_cons parameters to delta_max=0.1000 bound.
2026-08-11 21:00:55 | sleep.weights.plasticity       | INFO  | Hard-clipped 34 w_cons parameters to delta_max=0.1000 bound.
2026-08-11 21:00:55 | sleep.weights.plasticity       | INFO  | Hard-clipped 35 w_cons parameters to delta_max=0.1000 bound.
2026-08-11 21:00:55 | sleep.weights.plasticity       | INFO  | Hard-clipped 35 w_cons parameters to delta_max=0.1000 bound.
2026-08-11 21:00:55 | sleep.weights.plasticity       | INFO  | Hard-clipped 36 w_cons parameters to delta_max=0.1000 bound.
2026-08-11 21:00:55 | sleep.weights.plasticity       | INFO  | Hard-clipped 36 w_cons parameters to delta_max=0.1000 bound.
2026-08-11 21:00:56 | sleep.weights.plasticity       | INFO  | Hard-clipped 36 w_cons parameters to delta_max=0.1000 bound.
2026-08-11 21:00:56 | sleep.weights.plasticity       | INFO  | Hard-clipped 36 w_cons parameters to delta_max=0.1000 bound.
2026-08-11 21:00:56 | sleep.weights.plasticity       | INFO  | Hard-clipped 36 w_cons parameters to delta_max=0.1000 bound.
2026-08-11 21:00:56 | sleep.weights.plasticity       | INFO  | Hard-clipped 36 w_cons parameters to delta_max=0.1000 bound.
2026-08-11 21:00:56 | sleep.weights.plasticity       | INFO  | Hard-clipped 36 w_cons parameters to delta_max=0.1000 bound.
2026-08-11 21:00:56 | sleep.weights.plasticity       | INFO  | Hard-clipped 36 w_cons parameters to delta_max=0.1000 bound.
2026-08-11 21:00:57 | sleep.weights.plasticity       | INFO  | Hard-clipped 36 w_cons parameters to delta_max=0.1000 bound.
2026-08-11 21:00:57 | sleep.weights.plasticity       | INFO  | Hard-clipped 36 w_cons parameters to delta_max=0.1000 bound.
2026-08-11 21:00:57 | sleep.weights.plasticity       | INFO  | Hard-clipped 36 w_cons parameters to delta_max=0.1000 bound.
2026-08-11 21:00:57 | sleep.weights.plasticity       | INFO  | Hard-clipped 36 w_cons parameters to delta_max=0.1000 bound.
2026-08-11 21:00:57 | sleep.weights.plasticity       | INFO  | Hard-clipped 36 w_cons parameters to delta_max=0.1000 bound.
2026-08-11 21:00:57 | sleep.weights.plasticity       | INFO  | Hard-clipped 36 w_cons parameters to delta_max=0.1000 bound.
2026-08-11 21:00:57 | sleep.weights.plasticity       | INFO  | Hard-clipped 36 w_cons parameters to delta_max=0.1000 bound.
2026-08-11 21:00:58 | sleep.weights.plasticity       | INFO  | Hard-clipped 36 w_cons parameters to delta_max=0.1000 bound.
2026-08-11 21:00:58 | sleep.weights.plasticity       | INFO  | Hard-clipped 36 w_cons parameters to delta_max=0.1000 bound.
2026-08-11 21:00:58 | sleep.weights.plasticity       | INFO  | Hard-clipped 36 w_cons parameters to delta_max=0.1000 bound.
2026-08-11 21:00:58 | sleep.weights.plasticity       | INFO  | Hard-clipped 36 w_cons parameters to delta_max=0.1000 bound.
2026-08-11 21:00:58 | sleep.weights.plasticity       | INFO  | Hard-clipped 36 w_cons parameters to delta_max=0.1000 bound.
2026-08-11 21:00:58 | sleep.weights.plasticity       | INFO  | Hard-clipped 36 w_cons parameters to delta_max=0.1000 bound.
2026-08-11 21:00:58 | sleep.weights.plasticity       | INFO  | Hard-clipped 36 w_cons parameters to delta_max=0.1000 bound.
2026-08-11 21:00:59 | sleep.weights.plasticity       | INFO  | Hard-clipped 36 w_cons parameters to delta_max=0.1000 bound.
2026-08-11 21:00:59 | sleep.weights.plasticity       | INFO  | Hard-clipped 36 w_cons parameters to delta_max=0.1000 bound.
2026-08-11 21:00:59 | sleep.weights.plasticity       | INFO  | Hard-clipped 36 w_cons parameters to delta_max=0.1000 bound.
2026-08-11 21:00:59 | sleep.weights.plasticity       | INFO  | Hard-clipped 36 w_cons parameters to delta_max=0.1000 bound.
2026-08-11 21:00:59 | sleep.weights.plasticity       | INFO  | Hard-clipped 36 w_cons parameters to delta_max=0.1000 bound.
2026-08-11 21:00:59 | sleep.weights.plasticity       | INFO  | Hard-clipped 36 w_cons parameters to delta_max=0.1000 bound.
2026-08-11 21:00:59 | sleep.weights.plasticity       | INFO  | Hard-clipped 36 w_cons parameters to delta_max=0.1000 bound.
2026-08-11 21:01:00 | sleep.weights.plasticity       | INFO  | Hard-clipped 36 w_cons parameters to delta_max=0.1000 bound.
2026-08-11 21:01:00 | sleep.weights.plasticity       | INFO  | Hard-clipped 35 w_cons parameters to delta_max=0.1000 bound.
2026-08-11 21:01:00 | sleep.weights.plasticity       | INFO  | Hard-clipped 36 w_cons parameters to delta_max=0.1000 bound.
2026-08-11 21:01:00 | sleep.weights.plasticity       | INFO  | Hard-clipped 36 w_cons parameters to delta_max=0.1000 bound.
2026-08-11 21:01:00 | sleep.weights.plasticity       | INFO  | Hard-clipped 36 w_cons parameters to delta_max=0.1000 bound.
2026-08-11 21:01:00 | sleep.weights.plasticity       | INFO  | Hard-clipped 36 w_cons parameters to delta_max=0.1000 bound.
2026-08-11 21:01:00 | sleep.weights.plasticity       | INFO  | Hard-clipped 36 w_cons parameters to delta_max=0.1000 bound.
2026-08-11 21:01:01 | sleep.weights.plasticity       | INFO  | Hard-clipped 36 w_cons parameters to delta_max=0.1000 bound.
2026-08-11 21:01:01 | sleep.weights.plasticity       | INFO  | Hard-clipped 36 w_cons parameters to delta_max=0.1000 bound.
2026-08-11 21:01:01 | sleep.weights.plasticity       | INFO  | Hard-clipped 36 w_cons parameters to delta_max=0.1000 bound.
2026-08-11 21:01:01 | sleep.weights.plasticity       | INFO  | Hard-clipped 36 w_cons parameters to delta_max=0.1000 bound.
2026-08-11 21:01:01 | sleep.weights.plasticity       | INFO  | Hard-clipped 36 w_cons parameters to delta_max=0.1000 bound.
2026-08-11 21:01:01 | sleep.weights.plasticity       | INFO  | Hard-clipped 36 w_cons parameters to delta_max=0.1000 bound.
2026-08-11 21:01:01 | sleep.weights.plasticity       | INFO  | Hard-clipped 36 w_cons parameters to delta_max=0.1000 bound.
2026-08-11 21:01:02 | sleep.weights.plasticity       | INFO  | Hard-clipped 36 w_cons parameters to delta_max=0.1000 bound.
2026-08-11 21:01:02 | sleep.weights.plasticity       | INFO  | Hard-clipped 36 w_cons parameters to delta_max=0.1000 bound.
2026-08-11 21:01:02 | sleep.weights.plasticity       | INFO  | Hard-clipped 36 w_cons parameters to delta_max=0.1000 bound.
2026-08-11 21:01:02 | sleep.weights.plasticity       | INFO  | Hard-clipped 36 w_cons parameters to delta_max=0.1000 bound.
2026-08-11 21:01:02 | sleep.weights.plasticity       | INFO  | Hard-clipped 36 w_cons parameters to delta_max=0.1000 bound.
2026-08-11 21:01:02 | sleep.weights.plasticity       | INFO  | Hard-clipped 36 w_cons parameters to delta_max=0.1000 bound.
2026-08-11 21:01:03 | sleep.weights.plasticity       | INFO  | Hard-clipped 36 w_cons parameters to delta_max=0.1000 bound.
2026-08-11 21:01:03 | sleep.weights.plasticity       | INFO  | Hard-clipped 36 w_cons parameters to delta_max=0.1000 bound.
2026-08-11 21:01:03 | sleep.weights.plasticity       | INFO  | Hard-clipped 36 w_cons parameters to delta_max=0.1000 bound.
2026-08-11 21:01:03 | sleep.weights.plasticity       | INFO  | Hard-clipped 36 w_cons parameters to delta_max=0.1000 bound.
2026-08-11 21:01:03 | sleep.weights.plasticity       | INFO  | Hard-clipped 36 w_cons parameters to delta_max=0.1000 bound.
2026-08-11 21:01:03 | sleep.weights.plasticity       | INFO  | Hard-clipped 36 w_cons parameters to delta_max=0.1000 bound.
2026-08-11 21:01:03 | sleep.weights.plasticity       | INFO  | Hard-clipped 36 w_cons parameters to delta_max=0.1000 bound.
2026-08-11 21:01:04 | sleep.weights.plasticity       | INFO  | Hard-clipped 36 w_cons parameters to delta_max=0.1000 bound.
2026-08-11 21:01:04 | sleep.weights.plasticity       | INFO  | Hard-clipped 36 w_cons parameters to delta_max=0.1000 bound.
2026-08-11 21:01:04 | sleep.weights.plasticity       | INFO  | Hard-clipped 36 w_cons parameters to delta_max=0.1000 bound.
2026-08-11 21:01:04 | sleep.weights.plasticity       | INFO  | Hard-clipped 36 w_cons parameters to delta_max=0.1000 bound.
2026-08-11 21:01:04 | sleep.weights.plasticity       | INFO  | Hard-clipped 36 w_cons parameters to delta_max=0.1000 bound.
2026-08-11 21:01:04 | sleep.weights.plasticity       | INFO  | Hard-clipped 36 w_cons parameters to delta_max=0.1000 bound.
2026-08-11 21:01:04 | sleep.weights.plasticity       | INFO  | Hard-clipped 36 w_cons parameters to delta_max=0.1000 bound.
2026-08-11 21:01:05 | sleep.weights.plasticity       | INFO  | Hard-clipped 36 w_cons parameters to delta_max=0.1000 bound.
2026-08-11 21:01:05 | sleep.weights.plasticity       | INFO  | Hard-clipped 36 w_cons parameters to delta_max=0.1000 bound.
2026-08-11 21:01:05 | sleep.weights.plasticity       | INFO  | Hard-clipped 36 w_cons parameters to delta_max=0.1000 bound.
2026-08-11 21:01:05 | sleep.weights.plasticity       | INFO  | Hard-clipped 36 w_cons parameters to delta_max=0.1000 bound.
2026-08-11 21:01:05 | sleep.weights.plasticity       | INFO  | Hard-clipped 36 w_cons parameters to delta_max=0.1000 bound.
2026-08-11 21:01:05 | sleep.weights.plasticity       | INFO  | Hard-clipped 36 w_cons parameters to delta_max=0.1000 bound.
2026-08-11 21:01:05 | sleep.weights.plasticity       | INFO  | Hard-clipped 36 w_cons parameters to delta_max=0.1000 bound.
2026-08-11 21:01:06 | sleep.weights.plasticity       | INFO  | Hard-clipped 36 w_cons parameters to delta_max=0.1000 bound.
2026-08-11 21:01:06 | sleep.weights.plasticity       | INFO  | Hard-clipped 36 w_cons parameters to delta_max=0.1000 bound.
2026-08-11 21:01:06 | sleep.weights.plasticity       | INFO  | Hard-clipped 36 w_cons parameters to delta_max=0.1000 bound.
2026-08-11 21:01:06 | sleep.weights.plasticity       | INFO  | Hard-clipped 36 w_cons parameters to delta_max=0.1000 bound.
2026-08-11 21:01:06 | sleep.weights.plasticity       | INFO  | Hard-clipped 36 w_cons parameters to delta_max=0.1000 bound.
2026-08-11 21:01:06 | sleep.weights.plasticity       | INFO  | Hard-clipped 36 w_cons parameters to delta_max=0.1000 bound.
2026-08-11 21:01:06 | sleep.weights.plasticity       | INFO  | Hard-clipped 36 w_cons parameters to delta_max=0.1000 bound.
2026-08-11 21:01:07 | sleep.weights.plasticity       | INFO  | Hard-clipped 36 w_cons parameters to delta_max=0.1000 bound.
2026-08-11 21:01:07 | sleep.weights.plasticity       | INFO  | Hard-clipped 36 w_cons parameters to delta_max=0.1000 bound.
2026-08-11 21:01:07 | sleep.weights.plasticity       | INFO  | Hard-clipped 36 w_cons parameters to delta_max=0.1000 bound.
2026-08-11 21:01:07 | sleep.weights.plasticity       | INFO  | Hard-clipped 36 w_cons parameters to delta_max=0.1000 bound.
2026-08-11 21:01:07 | sleep.weights.plasticity       | INFO  | Hard-clipped 36 w_cons parameters to delta_max=0.1000 bound.
2026-08-11 21:01:07 | sleep.weights.plasticity       | INFO  | Hard-clipped 36 w_cons parameters to delta_max=0.1000 bound.
2026-08-11 21:01:07 | sleep.weights.plasticity       | INFO  | Hard-clipped 34 w_cons parameters to delta_max=0.1000 bound.
2026-08-11 21:01:08 | sleep.weights.plasticity       | INFO  | Hard-clipped 31 w_cons parameters to delta_max=0.1000 bound.
2026-08-11 21:01:08 | sleep.weights.plasticity       | INFO  | Hard-clipped 32 w_cons parameters to delta_max=0.1000 bound.
2026-08-11 21:01:08 | sleep.weights.plasticity       | INFO  | Hard-clipped 30 w_cons parameters to delta_max=0.1000 bound.
2026-08-11 21:01:08 | sleep.weights.plasticity       | INFO  | Hard-clipped 28 w_cons parameters to delta_max=0.1000 bound.
2026-08-11 21:01:08 | sleep.weights.plasticity       | INFO  | Hard-clipped 20 w_cons parameters to delta_max=0.1000 bound.
2026-08-11 21:01:08 | sleep.weights.plasticity       | INFO  | Hard-clipped 23 w_cons parameters to delta_max=0.1000 bound.
2026-08-11 21:01:09 | sleep.weights.plasticity       | INFO  | Hard-clipped 16 w_cons parameters to delta_max=0.1000 bound.
2026-08-11 21:01:09 | sleep.weights.plasticity       | INFO  | Hard-clipped 13 w_cons parameters to delta_max=0.1000 bound.
2026-08-11 21:01:09 | sleep.sleep_engine.train       | INFO  |   distill step 1500/1500 | loss=0.4859 (kl=0.3356 ce=0.3007) | lr=0.00e+00
2026-08-11 21:01:09 | sleep.sleep_engine.train       | INFO  | Sleep distill-training complete | n_steps=1500 | final_loss=0.4859 | mean_loss=1.2183
2026-08-11 21:01:09 | sleep.sleep_engine             | INFO  | Phase 3 complete: 1500 steps, final_loss=0.4859, mean_loss=1.2183
2026-08-11 21:01:09 | sleep.sleep_engine             | INFO  | Phase 4/5: PPL CHECK (skipped — no benchmark data)
2026-08-11 21:01:09 | sleep.sleep_engine             | INFO  | Phase 5/5: VALIDATE & CLEANUP
2026-08-11 21:01:09 | sleep.weights.plasticity       | INFO  | Saved checkpoint for adapter 'w_cons': 44 parameters.
2026-08-11 21:01:09 | sleep.weights.plasticity       | INFO  | Restored 44 parameters for adapter 'w_cons' from checkpoint.
2026-08-11 21:01:10 | sleep.weights.plasticity       | INFO  | Restored 44 parameters for adapter 'w_cons' from checkpoint.
[transformers] The attention mask is not set and cannot be inferred from input because pad token is same as eos token. As a consequence, you may observe unexpected behavior. Please pass your input's `attention_mask` to obtain reliable results.
2026-08-11 21:01:55 | sleep.sleep_engine             | INFO  | Two-stage validation: 31/31 passed surprise, 31 also passed the mini-recall gate (self-grading gap = 0)
2026-08-11 21:01:55 | sleep.sleep_engine.cleanup     | INFO  | Cleanup complete | passed=31 | failed=0 | permanently_removed=0
2026-08-11 21:01:55 | sleep.sleep_engine             | INFO  | Phase 5 complete: consolidated=31, failed=0, permanently_removed=0
2026-08-11 21:01:55 | sleep.metrics                  | INFO  | summary | {'sleep_engine/n_candidates': 31, 'sleep_engine/n_replays_generated': 637, 'sleep_engine/n_replays_accepted': 637, 'sleep_engine/n_consolidated': 31, 'sleep_engine/n_failed': 0, 'sleep_engine/n_permanently_removed': 0, 'sleep_engine/rolled_back': False}
2026-08-11 21:01:55 | sleep.weights.kv_memory        | INFO  | bank cleared: freed 100 tags / 4691 tokens
2026-08-11 21:01:55 | sleep.sleep_engine             | INFO  | KV bank cleared (100 entries removed)
2026-08-11 21:01:55 | sleep.sleep_engine             | INFO  | KV memory injection: ENABLED
2026-08-11 21:01:55 | sleep.sleep_engine             | INFO  | === Sleep cycle END ===
2026-08-11 21:02:04 | sleep.evaluation.recall_formats | INFO  | MC recall: accuracy=0.2050, mean_correct_prob=0.2442 across 200 facts
2026-08-11 21:04:26 | sleep.evaluation.recall_formats | INFO  | Cloze recall: accuracy=0.1900 across 200 facts
2026-08-11 21:10:15 | sleep.evaluation.recall_formats | INFO  | Free-form recall (greedy): mean_score=0.2017, accuracy=0.3700 across 200 facts
2026-08-11 21:10:15 | sleep.evaluation.preservation  | INFO  | Perplexity evaluation: PPL=7.7544 (mean_loss=2.0483, 36 tokens)
2026-08-11 21:10:15 | sleep.evaluation.preservation  | INFO  | BCP: 1.1838 (current_ppl=7.7544, original_ppl=6.5503)
2026-08-11 21:11:03 | sleep.evaluation.recall_formats | INFO  | Free-form recall (greedy): mean_score=0.7976, accuracy=1.0000 across 28 facts
2026-08-11 21:11:03 | sleep.experiment.common        | INFO  | Wrote results to /workspace/results/d2_mistral_s3.json

================================================================
FULL PIPELINE v2 — recipe=distill seed=3
================================================================
  tags=112  PRP=31  consolidated=31  recall-gate=31
  DRA (greedy):   0.2017  (trained subset: 0.7976 over 28)
  cloze:          0.1900
  MC:             0.2050
  BCP:            1.1838
  rolled_back:    False
  Results: /workspace/results/d2_mistral_s3.json
2026-08-11 21:11:03 | sleep.weights.kv_injection     | INFO  | KVInjector uninstalled from 10 layers
