2026-08-11 20:43:03 | sleep.utils.seed               | INFO  | Seeded all RNGs with seed=2 (deterministic_algorithms=False)
2026-08-11 20:43:03 | sleep.experiment.13            | INFO  | ======================================================================
2026-08-11 20:43:03 | sleep.experiment.13            | INFO  | EXPERIMENT 13: Full pipeline v2 | recipe=distill | seed=2
2026-08-11 20:43:03 | sleep.experiment.13            | INFO  | ======================================================================
2026-08-11 20:43:03 | sleep.experiment.13            | INFO  | Safety overrides: {'delta_max': (0.01, 0.1)}
Loading weights:   0%|          | 0/291 [00:00<?, ?it/s]Loading weights: 100%|██████████| 291/291 [00:00<00:00, 6865.50it/s]
2026-08-11 20:43:07 | sleep.experiment.common        | INFO  | Loaded /workspace/models/mistral-7b | dtype=bfloat16 | attn=eager | device=cuda | layers=32
2026-08-11 20:43:07 | sleep.experiment.13            | INFO  | Loaded 200 facts (paraphrased: True)
2026-08-11 20:43:07 | sleep.weights.lora             | INFO  | LoRA target modules for mistral: ['up_proj', 'down_proj']
2026-08-11 20:43:07 | sleep.weights.lora             | INFO  | LoRA config: rank=16, alpha=32, selection=middle, layers=[10, 11, 12, 13, 14, 15, 16, 17, 18, 19, 20] (of 32 total), targets=['up_proj', 'down_proj']
2026-08-11 20:43:08 | sleep.weights.lora             | INFO  | Created LoRA adapter 'w_fast': 6488064 trainable parameters (0.0895% of base model)
2026-08-11 20:43:08 | sleep.weights.lora             | INFO  | LoRA target modules for mistral: ['up_proj', 'down_proj']
2026-08-11 20:43:08 | sleep.weights.lora             | INFO  | LoRA config: rank=16, alpha=32, selection=middle, layers=[10, 11, 12, 13, 14, 15, 16, 17, 18, 19, 20] (of 32 total), targets=['up_proj', 'down_proj']
2026-08-11 20:43:09 | sleep.weights.lora             | INFO  | Dual adapters ready: w_fast=6488064 params, w_cons=6488064 params
/usr/local/lib/python3.11/dist-packages/peft/tuners/tuners_utils.py:2193: UserWarning: Adapter cannot be set when the model is merged. Unmerging the model first.
  warnings.warn("Adapter cannot be set when the model is merged. Unmerging the model first.")
2026-08-11 20:43:09 | sleep.weights.fast_update      | INFO  | FastWeightUpdater initialized: 44 parameter groups, alpha_base=1.00e-04, momentum=0.90
2026-08-11 20:43:09 | sleep.weights.plasticity       | INFO  | Adapted layers: [10, 11, 12, 13, 14, 15, 16, 17, 18, 19, 20] (middle 33% of 32 layers)
2026-08-11 20:43:09 | sleep.weights.plasticity       | INFO  | Injection layers: [22, 23, 24, 25, 26, 27, 28, 29, 30, 31] (top 33% of 32 layers)
2026-08-11 20:43:09 | sleep.weights.plasticity       | INFO  | Computed Frobenius norms for 224 base model weight matrices.
2026-08-11 20:43:09 | sleep.weights.kv_injection     | INFO  | KVInjector installed on 10 layers: [22, 23, 24, 25, 26, 27, 28, 29, 30, 31]
2026-08-11 20:43:09 | sleep.weights                  | INFO  | KV memory mode enabled | adapted_layers=[10, 11, 12, 13, 14, 15, 16, 17, 18, 19, 20] | num_kv_heads=8 | head_dim=128 | max_total_tokens=20000 | top_k=64 | device=cuda:0 | dtype=torch.bfloat16
2026-08-11 20:43:09 | sleep.weights                  | INFO  | DualWeightSystem initialized | W_fast: 6,488,064 params | W_cons: 6,488,064 params | Adapted layers: [10, 11, 12, 13, 14, 15, 16, 17, 18, 19, 20] | Plasticity: 0.188–0.452 | KV bank installed
2026-08-11 20:43:09 | sleep.experiment.13            | INFO  | Adapter layers: [10, 11, 12, 13, 14, 15, 16, 17, 18, 19, 20] | injection layers: [22, 23, 24, 25, 26, 27, 28, 29, 30, 31]
/usr/local/lib/python3.11/dist-packages/peft/tuners/lora/layer.py:983: UserWarning: Already unmerged. Nothing to do.
  warnings.warn("Already unmerged. Nothing to do.")
2026-08-11 20:43:10 | sleep.evaluation.preservation  | INFO  | Perplexity evaluation: PPL=6.5503 (mean_loss=1.8795, 36 tokens)
2026-08-11 20:43:10 | sleep.experiment.13            | INFO  | WAKE: feeding 200 facts
2026-08-11 20:43:10 | sleep.tagging                  | INFO  | step=1 | 2 tags created from 2 spans | buffer: 2/36273 (0.0%)
2026-08-11 20:43:10 | sleep.tagging                  | INFO  | step=2 | 2 tags created from 2 spans | buffer: 4/36273 (0.0%)
2026-08-11 20:43:10 | sleep.tagging                  | INFO  | step=3 | 2 tags created from 2 spans | buffer: 6/36273 (0.0%)
2026-08-11 20:43:10 | sleep.tagging                  | INFO  | step=4 | 1 tags created from 1 spans | buffer: 7/36273 (0.0%)
2026-08-11 20:43:10 | sleep.tagging                  | INFO  | step=6 | 1 tags created from 1 spans | buffer: 8/36273 (0.0%)
2026-08-11 20:43:10 | sleep.tagging                  | INFO  | step=7 | 1 tags created from 1 spans | buffer: 9/36273 (0.0%)
2026-08-11 20:43:10 | sleep.tagging                  | INFO  | step=8 | 1 tags created from 1 spans | buffer: 10/36273 (0.0%)
2026-08-11 20:43:11 | sleep.tagging                  | INFO  | step=9 | 1 tags created from 1 spans | buffer: 11/36273 (0.0%)
2026-08-11 20:43:11 | sleep.tagging                  | INFO  | step=11 | 1 tags created from 1 spans | buffer: 12/36273 (0.0%)
2026-08-11 20:43:11 | sleep.tagging                  | INFO  | step=12 | 1 tags created from 1 spans | buffer: 13/36273 (0.0%)
2026-08-11 20:43:11 | sleep.tagging                  | INFO  | step=14 | 1 tags created from 1 spans | buffer: 14/36273 (0.0%)
2026-08-11 20:43:11 | sleep.tagging                  | INFO  | step=16 | 1 tags created from 1 spans | buffer: 15/36273 (0.0%)
2026-08-11 20:43:11 | sleep.tagging                  | INFO  | step=18 | 1 tags created from 1 spans | buffer: 16/36273 (0.0%)
2026-08-11 20:43:12 | sleep.tagging                  | INFO  | step=21 | 1 tags created from 1 spans | buffer: 17/36273 (0.0%)
2026-08-11 20:43:12 | sleep.tagging                  | INFO  | step=22 | 2 tags created from 2 spans | buffer: 19/36273 (0.1%)
2026-08-11 20:43:12 | sleep.tagging                  | INFO  | step=26 | 1 tags created from 1 spans | buffer: 20/36273 (0.1%)
2026-08-11 20:43:12 | sleep.tagging                  | INFO  | step=27 | 1 tags created from 1 spans | buffer: 21/36273 (0.1%)
2026-08-11 20:43:12 | sleep.tagging                  | INFO  | step=29 | 1 tags created from 1 spans | buffer: 22/36273 (0.1%)
2026-08-11 20:43:12 | sleep.tagging                  | INFO  | step=31 | 1 tags created from 1 spans | buffer: 23/36273 (0.1%)
2026-08-11 20:43:12 | sleep.tagging                  | INFO  | step=32 | 1 tags created from 1 spans | buffer: 24/36273 (0.1%)
2026-08-11 20:43:13 | sleep.tagging                  | INFO  | step=36 | 1 tags created from 1 spans | buffer: 25/36273 (0.1%)
2026-08-11 20:43:13 | sleep.tagging                  | INFO  | step=37 | 1 tags created from 1 spans | buffer: 26/36273 (0.1%)
2026-08-11 20:43:13 | sleep.tagging                  | INFO  | step=38 | 1 tags created from 1 spans | buffer: 27/36273 (0.1%)
2026-08-11 20:43:13 | sleep.tagging                  | INFO  | step=39 | 1 tags created from 1 spans | buffer: 28/36273 (0.1%)
2026-08-11 20:43:13 | sleep.tagging                  | INFO  | step=41 | 1 tags created from 1 spans | buffer: 29/36273 (0.1%)
2026-08-11 20:43:13 | sleep.tagging                  | INFO  | step=42 | 1 tags created from 1 spans | buffer: 30/36273 (0.1%)
2026-08-11 20:43:13 | sleep.tagging                  | INFO  | step=44 | 1 tags created from 1 spans | buffer: 31/36273 (0.1%)
2026-08-11 20:43:14 | sleep.tagging                  | INFO  | step=46 | 1 tags created from 1 spans | buffer: 32/36273 (0.1%)
2026-08-11 20:43:14 | sleep.tagging                  | INFO  | step=47 | 1 tags created from 1 spans | buffer: 33/36273 (0.1%)
2026-08-11 20:43:14 | sleep.tagging                  | INFO  | step=49 | 1 tags created from 1 spans | buffer: 34/36273 (0.1%)
2026-08-11 20:43:14 | sleep.tagging                  | INFO  | step=51 | 2 tags created from 2 spans | buffer: 36/36273 (0.1%)
2026-08-11 20:43:14 | sleep.tagging                  | INFO  | step=52 | 1 tags created from 1 spans | buffer: 37/36273 (0.1%)
2026-08-11 20:43:14 | sleep.tagging                  | INFO  | step=54 | 1 tags created from 1 spans | buffer: 38/36273 (0.1%)
2026-08-11 20:43:14 | sleep.tagging                  | INFO  | step=56 | 1 tags created from 1 spans | buffer: 39/36273 (0.1%)
2026-08-11 20:43:15 | sleep.tagging                  | INFO  | step=57 | 1 tags created from 1 spans | buffer: 40/36273 (0.1%)
2026-08-11 20:43:15 | sleep.tagging                  | INFO  | step=58 | 1 tags created from 1 spans | buffer: 41/36273 (0.1%)
2026-08-11 20:43:15 | sleep.tagging                  | INFO  | step=61 | 2 tags created from 2 spans | buffer: 43/36273 (0.1%)
2026-08-11 20:43:15 | sleep.tagging                  | INFO  | step=62 | 1 tags created from 1 spans | buffer: 44/36273 (0.1%)
2026-08-11 20:43:15 | sleep.tagging                  | INFO  | step=64 | 1 tags created from 1 spans | buffer: 45/36273 (0.1%)
2026-08-11 20:43:15 | sleep.tagging                  | INFO  | step=67 | 1 tags created from 1 spans | buffer: 46/36273 (0.1%)
2026-08-11 20:43:15 | sleep.tagging                  | INFO  | step=68 | 1 tags created from 1 spans | buffer: 47/36273 (0.1%)
2026-08-11 20:43:16 | sleep.tagging                  | INFO  | step=71 | 1 tags created from 1 spans | buffer: 48/36273 (0.1%)
2026-08-11 20:43:16 | sleep.tagging                  | INFO  | step=72 | 1 tags created from 1 spans | buffer: 49/36273 (0.1%)
2026-08-11 20:43:16 | sleep.tagging                  | INFO  | step=76 | 1 tags created from 1 spans | buffer: 50/36273 (0.1%)
2026-08-11 20:43:16 | sleep.tagging                  | INFO  | step=78 | 1 tags created from 1 spans | buffer: 51/36273 (0.1%)
2026-08-11 20:43:16 | sleep.tagging                  | INFO  | step=79 | 1 tags created from 1 spans | buffer: 52/36273 (0.1%)
2026-08-11 20:43:16 | sleep.tagging                  | INFO  | step=81 | 2 tags created from 2 spans | buffer: 54/36273 (0.1%)
2026-08-11 20:43:17 | sleep.tagging                  | INFO  | step=82 | 1 tags created from 1 spans | buffer: 55/36273 (0.2%)
2026-08-11 20:43:17 | sleep.tagging                  | INFO  | step=87 | 1 tags created from 1 spans | buffer: 56/36273 (0.2%)
2026-08-11 20:43:17 | sleep.tagging                  | INFO  | step=89 | 1 tags created from 1 spans | buffer: 57/36273 (0.2%)
2026-08-11 20:43:17 | sleep.tagging                  | INFO  | step=91 | 1 tags created from 1 spans | buffer: 58/36273 (0.2%)
2026-08-11 20:43:17 | sleep.tagging                  | INFO  | step=92 | 1 tags created from 1 spans | buffer: 59/36273 (0.2%)
2026-08-11 20:43:18 | sleep.tagging                  | INFO  | step=94 | 1 tags created from 1 spans | buffer: 60/36273 (0.2%)
2026-08-11 20:43:18 | sleep.tagging                  | INFO  | step=95 | 1 tags created from 1 spans | buffer: 61/36273 (0.2%)
2026-08-11 20:43:18 | sleep.tagging                  | INFO  | step=96 | 1 tags created from 1 spans | buffer: 62/36273 (0.2%)
2026-08-11 20:43:18 | sleep.tagging                  | INFO  | step=99 | 1 tags created from 1 spans | buffer: 63/36273 (0.2%)
2026-08-11 20:43:18 | sleep.tagging                  | INFO  | step=101 | 2 tags created from 2 spans | buffer: 65/36273 (0.2%)
2026-08-11 20:43:18 | sleep.tagging                  | INFO  | step=102 | 1 tags created from 1 spans | buffer: 66/36273 (0.2%)
2026-08-11 20:43:18 | sleep.tagging                  | INFO  | step=105 | 1 tags created from 1 spans | buffer: 67/36273 (0.2%)
2026-08-11 20:43:19 | sleep.tagging                  | INFO  | step=106 | 1 tags created from 1 spans | buffer: 68/36273 (0.2%)
2026-08-11 20:43:19 | sleep.tagging                  | INFO  | step=107 | 1 tags created from 1 spans | buffer: 69/36273 (0.2%)
2026-08-11 20:43:19 | sleep.tagging                  | INFO  | step=109 | 2 tags created from 2 spans | buffer: 71/36273 (0.2%)
2026-08-11 20:43:19 | sleep.tagging                  | INFO  | step=111 | 2 tags created from 2 spans | buffer: 73/36273 (0.2%)
2026-08-11 20:43:19 | sleep.tagging                  | INFO  | step=112 | 1 tags created from 1 spans | buffer: 74/36273 (0.2%)
2026-08-11 20:43:19 | sleep.tagging                  | INFO  | step=115 | 1 tags created from 1 spans | buffer: 75/36273 (0.2%)
2026-08-11 20:43:19 | sleep.tagging                  | INFO  | step=116 | 1 tags created from 1 spans | buffer: 76/36273 (0.2%)
2026-08-11 20:43:20 | sleep.tagging                  | INFO  | step=117 | 1 tags created from 1 spans | buffer: 77/36273 (0.2%)
2026-08-11 20:43:20 | sleep.tagging                  | INFO  | step=122 | 1 tags created from 1 spans | buffer: 78/36273 (0.2%)
2026-08-11 20:43:20 | sleep.tagging                  | INFO  | step=125 | 1 tags created from 1 spans | buffer: 79/36273 (0.2%)
2026-08-11 20:43:20 | sleep.tagging                  | INFO  | step=126 | 1 tags created from 1 spans | buffer: 80/36273 (0.2%)
2026-08-11 20:43:20 | sleep.tagging                  | INFO  | step=127 | 1 tags created from 1 spans | buffer: 81/36273 (0.2%)
2026-08-11 20:43:20 | sleep.tagging                  | INFO  | step=129 | 1 tags created from 1 spans | buffer: 82/36273 (0.2%)
2026-08-11 20:43:21 | sleep.tagging                  | INFO  | step=132 | 1 tags created from 1 spans | buffer: 83/36273 (0.2%)
2026-08-11 20:43:21 | sleep.tagging                  | INFO  | step=135 | 1 tags created from 1 spans | buffer: 84/36273 (0.2%)
2026-08-11 20:43:21 | sleep.tagging                  | INFO  | step=136 | 1 tags created from 1 spans | buffer: 85/36273 (0.2%)
2026-08-11 20:43:21 | sleep.tagging                  | INFO  | step=137 | 1 tags created from 1 spans | buffer: 86/36273 (0.2%)
2026-08-11 20:43:21 | sleep.tagging                  | INFO  | step=139 | 2 tags created from 2 spans | buffer: 88/36273 (0.2%)
2026-08-11 20:43:21 | sleep.tagging                  | INFO  | step=141 | 2 tags created from 2 spans | buffer: 90/36273 (0.2%)
2026-08-11 20:43:22 | sleep.tagging                  | INFO  | step=142 | 1 tags created from 1 spans | buffer: 91/36273 (0.3%)
2026-08-11 20:43:22 | sleep.tagging                  | INFO  | step=146 | 1 tags created from 1 spans | buffer: 92/36273 (0.3%)
2026-08-11 20:43:22 | sleep.tagging                  | INFO  | step=148 | 1 tags created from 1 spans | buffer: 93/36273 (0.3%)
2026-08-11 20:43:22 | sleep.tagging                  | INFO  | step=149 | 1 tags created from 1 spans | buffer: 94/36273 (0.3%)
2026-08-11 20:43:22 | sleep.tagging                  | INFO  | step=152 | 1 tags created from 1 spans | buffer: 95/36273 (0.3%)
2026-08-11 20:43:23 | sleep.tagging                  | INFO  | step=154 | 1 tags created from 1 spans | buffer: 96/36273 (0.3%)
2026-08-11 20:43:23 | sleep.tagging                  | INFO  | step=155 | 1 tags created from 1 spans | buffer: 97/36273 (0.3%)
2026-08-11 20:43:23 | sleep.tagging                  | INFO  | step=156 | 1 tags created from 1 spans | buffer: 98/36273 (0.3%)
2026-08-11 20:43:23 | sleep.tagging                  | INFO  | step=162 | 1 tags created from 1 spans | buffer: 99/36273 (0.3%)
2026-08-11 20:43:23 | sleep.tagging                  | INFO  | step=165 | 1 tags created from 1 spans | buffer: 100/36273 (0.3%)
2026-08-11 20:43:24 | sleep.tagging                  | INFO  | step=167 | 1 tags created from 1 spans | buffer: 101/36273 (0.3%)
2026-08-11 20:43:24 | sleep.tagging                  | INFO  | step=172 | 1 tags created from 1 spans | buffer: 102/36273 (0.3%)
2026-08-11 20:43:24 | sleep.tagging                  | INFO  | step=174 | 1 tags created from 1 spans | buffer: 103/36273 (0.3%)
2026-08-11 20:43:24 | sleep.tagging                  | INFO  | step=176 | 1 tags created from 1 spans | buffer: 104/36273 (0.3%)
2026-08-11 20:43:24 | sleep.tagging                  | INFO  | step=178 | 1 tags created from 1 spans | buffer: 105/36273 (0.3%)
2026-08-11 20:43:25 | sleep.tagging                  | INFO  | step=179 | 1 tags created from 1 spans | buffer: 106/36273 (0.3%)
2026-08-11 20:43:25 | sleep.tagging                  | INFO  | step=181 | 1 tags created from 1 spans | buffer: 107/36273 (0.3%)
2026-08-11 20:43:25 | sleep.tagging                  | INFO  | step=182 | 1 tags created from 1 spans | buffer: 108/36273 (0.3%)
2026-08-11 20:43:25 | sleep.tagging                  | INFO  | step=183 | 1 tags created from 1 spans | buffer: 109/36273 (0.3%)
2026-08-11 20:43:25 | sleep.tagging                  | INFO  | step=191 | 1 tags created from 1 spans | buffer: 110/36273 (0.3%)
2026-08-11 20:43:26 | sleep.tagging                  | INFO  | step=192 | 1 tags created from 1 spans | buffer: 111/36273 (0.3%)
2026-08-11 20:43:26 | sleep.tagging                  | INFO  | step=197 | 1 tags created from 1 spans | buffer: 112/36273 (0.3%)
2026-08-11 20:43:26 | sleep.experiment.13            | INFO  | WAKE done: 112 tags, 100 episodes in bank
2026-08-11 20:43:26 | sleep.prp                      | INFO  | step=200 | PRP update: 31/3627 allocated (1%) | +31 -0 | threshold=0.323 | mean_score=0.288
2026-08-11 20:43:26 | sleep.experiment.13            | INFO  | PRP: 31/112 allocated
2026-08-11 20:43:26 | sleep.sleep_engine             | INFO  | === Sleep cycle START | 31 candidates ===
2026-08-11 20:43:26 | sleep.sleep_engine             | INFO  | Phase 1/5: GENERATE (strategy=paraphrase)
2026-08-11 20:43:26 | sleep.sleep_engine             | INFO  | KV memory injection: DISABLED
2026-08-11 20:43:26 | sleep.sleep_engine             | INFO  | Phase 1 (paraphrase strategy): 659 wordings from 29 unique sources (31 candidates)
2026-08-11 20:43:26 | sleep.sleep_engine             | INFO  | Phase 1 complete: 659/31 replays generated
2026-08-11 20:43:26 | sleep.sleep_engine             | INFO  | Phase 2/5: QUALITY CHECK
2026-08-11 20:43:26 | sleep.sleep_engine             | INFO  | Phase 2 complete: 659/659 replays accepted
2026-08-11 20:43:26 | sleep.sleep_engine             | INFO  | Phase 3/5: TRAIN (659 accepted replays)
2026-08-11 20:43:26 | sleep.sleep_engine             | INFO  | KV memory injection: DISABLED
2026-08-11 20:43:26 | sleep.weights.plasticity       | INFO  | Saved checkpoint for adapter 'w_cons': 44 parameters.
2026-08-11 20:43:26 | sleep.weights.plasticity       | INFO  | Saved checkpoint for adapter 'w_cons': 44 parameters.
2026-08-11 20:43:26 | sleep.sleep_engine.train       | INFO  | Sleep distill-training: 29 facts | 1500 steps | lr=1.00e-04 | T=2
2026-08-11 20:43:27 | sleep.sleep_engine.train       | INFO  |   distill step 1/1500 | loss=4.7452 (kl=2.8009 ce=3.8885) | lr=6.67e-07
2026-08-11 20:43:37 | sleep.weights.plasticity       | INFO  | Hard-clipped 1 w_cons parameters to delta_max=0.1000 bound.
2026-08-11 20:43:38 | sleep.weights.plasticity       | INFO  | Hard-clipped 1 w_cons parameters to delta_max=0.1000 bound.
2026-08-11 20:43:38 | sleep.weights.plasticity       | INFO  | Hard-clipped 1 w_cons parameters to delta_max=0.1000 bound.
2026-08-11 20:43:38 | sleep.weights.plasticity       | INFO  | Hard-clipped 1 w_cons parameters to delta_max=0.1000 bound.
2026-08-11 20:43:38 | sleep.weights.plasticity       | INFO  | Hard-clipped 1 w_cons parameters to delta_max=0.1000 bound.
2026-08-11 20:43:38 | sleep.weights.plasticity       | INFO  | Hard-clipped 2 w_cons parameters to delta_max=0.1000 bound.
2026-08-11 20:43:38 | sleep.weights.plasticity       | INFO  | Hard-clipped 2 w_cons parameters to delta_max=0.1000 bound.
2026-08-11 20:43:38 | sleep.weights.plasticity       | INFO  | Hard-clipped 2 w_cons parameters to delta_max=0.1000 bound.
2026-08-11 20:43:39 | sleep.weights.plasticity       | INFO  | Hard-clipped 2 w_cons parameters to delta_max=0.1000 bound.
2026-08-11 20:43:39 | sleep.weights.plasticity       | INFO  | Hard-clipped 2 w_cons parameters to delta_max=0.1000 bound.
2026-08-11 20:43:39 | sleep.weights.plasticity       | INFO  | Hard-clipped 2 w_cons parameters to delta_max=0.1000 bound.
2026-08-11 20:43:39 | sleep.weights.plasticity       | INFO  | Hard-clipped 2 w_cons parameters to delta_max=0.1000 bound.
2026-08-11 20:43:39 | sleep.weights.plasticity       | INFO  | Hard-clipped 2 w_cons parameters to delta_max=0.1000 bound.
2026-08-11 20:43:39 | sleep.weights.plasticity       | INFO  | Hard-clipped 2 w_cons parameters to delta_max=0.1000 bound.
2026-08-11 20:43:39 | sleep.weights.plasticity       | INFO  | Hard-clipped 2 w_cons parameters to delta_max=0.1000 bound.
2026-08-11 20:43:40 | sleep.weights.plasticity       | INFO  | Hard-clipped 1 w_cons parameters to delta_max=0.1000 bound.
2026-08-11 20:43:40 | sleep.weights.plasticity       | INFO  | Hard-clipped 2 w_cons parameters to delta_max=0.1000 bound.
2026-08-11 20:43:40 | sleep.weights.plasticity       | INFO  | Hard-clipped 2 w_cons parameters to delta_max=0.1000 bound.
2026-08-11 20:43:40 | sleep.weights.plasticity       | INFO  | Hard-clipped 2 w_cons parameters to delta_max=0.1000 bound.
2026-08-11 20:43:40 | sleep.weights.plasticity       | INFO  | Hard-clipped 2 w_cons parameters to delta_max=0.1000 bound.
2026-08-11 20:43:41 | sleep.weights.plasticity       | INFO  | Hard-clipped 2 w_cons parameters to delta_max=0.1000 bound.
2026-08-11 20:43:41 | sleep.weights.plasticity       | INFO  | Hard-clipped 3 w_cons parameters to delta_max=0.1000 bound.
2026-08-11 20:43:41 | sleep.weights.plasticity       | INFO  | Hard-clipped 3 w_cons parameters to delta_max=0.1000 bound.
2026-08-11 20:43:41 | sleep.weights.plasticity       | INFO  | Hard-clipped 3 w_cons parameters to delta_max=0.1000 bound.
2026-08-11 20:43:41 | sleep.weights.plasticity       | INFO  | Hard-clipped 3 w_cons parameters to delta_max=0.1000 bound.
2026-08-11 20:43:41 | sleep.weights.plasticity       | INFO  | Hard-clipped 3 w_cons parameters to delta_max=0.1000 bound.
2026-08-11 20:43:41 | sleep.weights.plasticity       | INFO  | Hard-clipped 3 w_cons parameters to delta_max=0.1000 bound.
2026-08-11 20:43:42 | sleep.weights.plasticity       | INFO  | Hard-clipped 3 w_cons parameters to delta_max=0.1000 bound.
2026-08-11 20:43:42 | sleep.weights.plasticity       | INFO  | Hard-clipped 3 w_cons parameters to delta_max=0.1000 bound.
2026-08-11 20:43:42 | sleep.weights.plasticity       | INFO  | Hard-clipped 3 w_cons parameters to delta_max=0.1000 bound.
2026-08-11 20:43:42 | sleep.weights.plasticity       | INFO  | Hard-clipped 3 w_cons parameters to delta_max=0.1000 bound.
2026-08-11 20:43:42 | sleep.weights.plasticity       | INFO  | Hard-clipped 3 w_cons parameters to delta_max=0.1000 bound.
2026-08-11 20:43:42 | sleep.weights.plasticity       | INFO  | Hard-clipped 3 w_cons parameters to delta_max=0.1000 bound.
2026-08-11 20:43:42 | sleep.weights.plasticity       | INFO  | Hard-clipped 3 w_cons parameters to delta_max=0.1000 bound.
2026-08-11 20:43:43 | sleep.weights.plasticity       | INFO  | Hard-clipped 3 w_cons parameters to delta_max=0.1000 bound.
2026-08-11 20:43:43 | sleep.weights.plasticity       | INFO  | Hard-clipped 4 w_cons parameters to delta_max=0.1000 bound.
2026-08-11 20:43:43 | sleep.weights.plasticity       | INFO  | Hard-clipped 4 w_cons parameters to delta_max=0.1000 bound.
2026-08-11 20:43:43 | sleep.weights.plasticity       | INFO  | Hard-clipped 4 w_cons parameters to delta_max=0.1000 bound.
2026-08-11 20:43:43 | sleep.weights.plasticity       | INFO  | Hard-clipped 2 w_cons parameters to delta_max=0.1000 bound.
2026-08-11 20:43:43 | sleep.weights.plasticity       | INFO  | Hard-clipped 3 w_cons parameters to delta_max=0.1000 bound.
2026-08-11 20:43:43 | sleep.weights.plasticity       | INFO  | Hard-clipped 4 w_cons parameters to delta_max=0.1000 bound.
2026-08-11 20:43:44 | sleep.weights.plasticity       | INFO  | Hard-clipped 4 w_cons parameters to delta_max=0.1000 bound.
2026-08-11 20:43:44 | sleep.weights.plasticity       | INFO  | Hard-clipped 4 w_cons parameters to delta_max=0.1000 bound.
2026-08-11 20:43:44 | sleep.weights.plasticity       | INFO  | Hard-clipped 4 w_cons parameters to delta_max=0.1000 bound.
2026-08-11 20:43:44 | sleep.weights.plasticity       | INFO  | Hard-clipped 4 w_cons parameters to delta_max=0.1000 bound.
2026-08-11 20:43:44 | sleep.weights.plasticity       | INFO  | Hard-clipped 4 w_cons parameters to delta_max=0.1000 bound.
2026-08-11 20:43:44 | sleep.weights.plasticity       | INFO  | Hard-clipped 4 w_cons parameters to delta_max=0.1000 bound.
2026-08-11 20:43:44 | sleep.weights.plasticity       | INFO  | Hard-clipped 4 w_cons parameters to delta_max=0.1000 bound.
2026-08-11 20:43:45 | sleep.weights.plasticity       | INFO  | Hard-clipped 4 w_cons parameters to delta_max=0.1000 bound.
2026-08-11 20:43:45 | sleep.weights.plasticity       | INFO  | Hard-clipped 4 w_cons parameters to delta_max=0.1000 bound.
2026-08-11 20:43:45 | sleep.weights.plasticity       | INFO  | Hard-clipped 4 w_cons parameters to delta_max=0.1000 bound.
2026-08-11 20:43:45 | sleep.weights.plasticity       | INFO  | Hard-clipped 4 w_cons parameters to delta_max=0.1000 bound.
2026-08-11 20:43:45 | sleep.weights.plasticity       | INFO  | Hard-clipped 4 w_cons parameters to delta_max=0.1000 bound.
2026-08-11 20:43:45 | sleep.weights.plasticity       | INFO  | Hard-clipped 5 w_cons parameters to delta_max=0.1000 bound.
2026-08-11 20:43:46 | sleep.weights.plasticity       | INFO  | Hard-clipped 5 w_cons parameters to delta_max=0.1000 bound.
2026-08-11 20:43:46 | sleep.weights.plasticity       | INFO  | Hard-clipped 5 w_cons parameters to delta_max=0.1000 bound.
2026-08-11 20:43:46 | sleep.weights.plasticity       | INFO  | Hard-clipped 5 w_cons parameters to delta_max=0.1000 bound.
2026-08-11 20:43:46 | sleep.weights.plasticity       | INFO  | Hard-clipped 5 w_cons parameters to delta_max=0.1000 bound.
2026-08-11 20:43:46 | sleep.weights.plasticity       | INFO  | Hard-clipped 5 w_cons parameters to delta_max=0.1000 bound.
2026-08-11 20:43:46 | sleep.weights.plasticity       | INFO  | Hard-clipped 5 w_cons parameters to delta_max=0.1000 bound.
2026-08-11 20:43:46 | sleep.weights.plasticity       | INFO  | Hard-clipped 5 w_cons parameters to delta_max=0.1000 bound.
2026-08-11 20:43:47 | sleep.weights.plasticity       | INFO  | Hard-clipped 5 w_cons parameters to delta_max=0.1000 bound.
2026-08-11 20:43:47 | sleep.weights.plasticity       | INFO  | Hard-clipped 5 w_cons parameters to delta_max=0.1000 bound.
2026-08-11 20:43:47 | sleep.weights.plasticity       | INFO  | Hard-clipped 5 w_cons parameters to delta_max=0.1000 bound.
2026-08-11 20:43:47 | sleep.weights.plasticity       | INFO  | Hard-clipped 5 w_cons parameters to delta_max=0.1000 bound.
2026-08-11 20:43:47 | sleep.weights.plasticity       | INFO  | Hard-clipped 5 w_cons parameters to delta_max=0.1000 bound.
2026-08-11 20:43:47 | sleep.weights.plasticity       | INFO  | Hard-clipped 5 w_cons parameters to delta_max=0.1000 bound.
2026-08-11 20:43:47 | sleep.weights.plasticity       | INFO  | Hard-clipped 5 w_cons parameters to delta_max=0.1000 bound.
2026-08-11 20:43:48 | sleep.weights.plasticity       | INFO  | Hard-clipped 5 w_cons parameters to delta_max=0.1000 bound.
2026-08-11 20:43:48 | sleep.weights.plasticity       | INFO  | Hard-clipped 5 w_cons parameters to delta_max=0.1000 bound.
2026-08-11 20:43:48 | sleep.weights.plasticity       | INFO  | Hard-clipped 5 w_cons parameters to delta_max=0.1000 bound.
2026-08-11 20:43:48 | sleep.weights.plasticity       | INFO  | Hard-clipped 6 w_cons parameters to delta_max=0.1000 bound.
2026-08-11 20:43:48 | sleep.weights.plasticity       | INFO  | Hard-clipped 6 w_cons parameters to delta_max=0.1000 bound.
2026-08-11 20:43:48 | sleep.weights.plasticity       | INFO  | Hard-clipped 6 w_cons parameters to delta_max=0.1000 bound.
2026-08-11 20:43:48 | sleep.weights.plasticity       | INFO  | Hard-clipped 6 w_cons parameters to delta_max=0.1000 bound.
2026-08-11 20:43:49 | sleep.weights.plasticity       | INFO  | Hard-clipped 6 w_cons parameters to delta_max=0.1000 bound.
2026-08-11 20:43:49 | sleep.sleep_engine.train       | INFO  |   distill step 150/1500 | loss=1.5427 (kl=0.8491 ce=1.3872) | lr=1.00e-04
2026-08-11 20:43:49 | sleep.weights.plasticity       | INFO  | Hard-clipped 4 w_cons parameters to delta_max=0.1000 bound.
2026-08-11 20:43:49 | sleep.weights.plasticity       | INFO  | Hard-clipped 6 w_cons parameters to delta_max=0.1000 bound.
2026-08-11 20:43:49 | sleep.weights.plasticity       | INFO  | Hard-clipped 6 w_cons parameters to delta_max=0.1000 bound.
2026-08-11 20:43:49 | sleep.weights.plasticity       | INFO  | Hard-clipped 6 w_cons parameters to delta_max=0.1000 bound.
2026-08-11 20:43:49 | sleep.weights.plasticity       | INFO  | Hard-clipped 6 w_cons parameters to delta_max=0.1000 bound.
2026-08-11 20:43:49 | sleep.weights.plasticity       | INFO  | Hard-clipped 6 w_cons parameters to delta_max=0.1000 bound.
2026-08-11 20:43:50 | sleep.weights.plasticity       | INFO  | Hard-clipped 6 w_cons parameters to delta_max=0.1000 bound.
2026-08-11 20:43:50 | sleep.weights.plasticity       | INFO  | Hard-clipped 6 w_cons parameters to delta_max=0.1000 bound.
2026-08-11 20:43:50 | sleep.weights.plasticity       | INFO  | Hard-clipped 6 w_cons parameters to delta_max=0.1000 bound.
2026-08-11 20:43:50 | sleep.weights.plasticity       | INFO  | Hard-clipped 6 w_cons parameters to delta_max=0.1000 bound.
2026-08-11 20:43:50 | sleep.weights.plasticity       | INFO  | Hard-clipped 6 w_cons parameters to delta_max=0.1000 bound.
2026-08-11 20:43:50 | sleep.weights.plasticity       | INFO  | Hard-clipped 6 w_cons parameters to delta_max=0.1000 bound.
2026-08-11 20:43:51 | sleep.weights.plasticity       | INFO  | Hard-clipped 6 w_cons parameters to delta_max=0.1000 bound.
2026-08-11 20:43:51 | sleep.weights.plasticity       | INFO  | Hard-clipped 6 w_cons parameters to delta_max=0.1000 bound.
2026-08-11 20:43:51 | sleep.weights.plasticity       | INFO  | Hard-clipped 6 w_cons parameters to delta_max=0.1000 bound.
2026-08-11 20:43:51 | sleep.weights.plasticity       | INFO  | Hard-clipped 6 w_cons parameters to delta_max=0.1000 bound.
2026-08-11 20:43:51 | sleep.weights.plasticity       | INFO  | Hard-clipped 6 w_cons parameters to delta_max=0.1000 bound.
2026-08-11 20:43:51 | sleep.weights.plasticity       | INFO  | Hard-clipped 6 w_cons parameters to delta_max=0.1000 bound.
2026-08-11 20:43:51 | sleep.weights.plasticity       | INFO  | Hard-clipped 6 w_cons parameters to delta_max=0.1000 bound.
2026-08-11 20:43:52 | sleep.weights.plasticity       | INFO  | Hard-clipped 6 w_cons parameters to delta_max=0.1000 bound.
2026-08-11 20:43:52 | sleep.weights.plasticity       | INFO  | Hard-clipped 6 w_cons parameters to delta_max=0.1000 bound.
2026-08-11 20:43:52 | sleep.weights.plasticity       | INFO  | Hard-clipped 6 w_cons parameters to delta_max=0.1000 bound.
2026-08-11 20:43:52 | sleep.weights.plasticity       | INFO  | Hard-clipped 4 w_cons parameters to delta_max=0.1000 bound.
2026-08-11 20:43:52 | sleep.weights.plasticity       | INFO  | Hard-clipped 4 w_cons parameters to delta_max=0.1000 bound.
2026-08-11 20:43:52 | sleep.weights.plasticity       | INFO  | Hard-clipped 5 w_cons parameters to delta_max=0.1000 bound.
2026-08-11 20:43:52 | sleep.weights.plasticity       | INFO  | Hard-clipped 6 w_cons parameters to delta_max=0.1000 bound.
2026-08-11 20:43:53 | sleep.weights.plasticity       | INFO  | Hard-clipped 6 w_cons parameters to delta_max=0.1000 bound.
2026-08-11 20:43:53 | sleep.weights.plasticity       | INFO  | Hard-clipped 6 w_cons parameters to delta_max=0.1000 bound.
2026-08-11 20:43:53 | sleep.weights.plasticity       | INFO  | Hard-clipped 6 w_cons parameters to delta_max=0.1000 bound.
2026-08-11 20:43:53 | sleep.weights.plasticity       | INFO  | Hard-clipped 8 w_cons parameters to delta_max=0.1000 bound.
2026-08-11 20:43:53 | sleep.weights.plasticity       | INFO  | Hard-clipped 8 w_cons parameters to delta_max=0.1000 bound.
2026-08-11 20:43:53 | sleep.weights.plasticity       | INFO  | Hard-clipped 8 w_cons parameters to delta_max=0.1000 bound.
2026-08-11 20:43:53 | sleep.weights.plasticity       | INFO  | Hard-clipped 8 w_cons parameters to delta_max=0.1000 bound.
2026-08-11 20:43:54 | sleep.weights.plasticity       | INFO  | Hard-clipped 8 w_cons parameters to delta_max=0.1000 bound.
2026-08-11 20:43:54 | sleep.weights.plasticity       | INFO  | Hard-clipped 8 w_cons parameters to delta_max=0.1000 bound.
2026-08-11 20:43:54 | sleep.weights.plasticity       | INFO  | Hard-clipped 8 w_cons parameters to delta_max=0.1000 bound.
2026-08-11 20:43:54 | sleep.weights.plasticity       | INFO  | Hard-clipped 8 w_cons parameters to delta_max=0.1000 bound.
2026-08-11 20:43:54 | sleep.weights.plasticity       | INFO  | Hard-clipped 8 w_cons parameters to delta_max=0.1000 bound.
2026-08-11 20:43:54 | sleep.weights.plasticity       | INFO  | Hard-clipped 8 w_cons parameters to delta_max=0.1000 bound.
2026-08-11 20:43:54 | sleep.weights.plasticity       | INFO  | Hard-clipped 8 w_cons parameters to delta_max=0.1000 bound.
2026-08-11 20:43:55 | sleep.weights.plasticity       | INFO  | Hard-clipped 8 w_cons parameters to delta_max=0.1000 bound.
2026-08-11 20:43:55 | sleep.weights.plasticity       | INFO  | Hard-clipped 8 w_cons parameters to delta_max=0.1000 bound.
2026-08-11 20:43:55 | sleep.weights.plasticity       | INFO  | Hard-clipped 8 w_cons parameters to delta_max=0.1000 bound.
2026-08-11 20:43:55 | sleep.weights.plasticity       | INFO  | Hard-clipped 8 w_cons parameters to delta_max=0.1000 bound.
2026-08-11 20:43:55 | sleep.weights.plasticity       | INFO  | Hard-clipped 8 w_cons parameters to delta_max=0.1000 bound.
2026-08-11 20:43:55 | sleep.weights.plasticity       | INFO  | Hard-clipped 9 w_cons parameters to delta_max=0.1000 bound.
2026-08-11 20:43:55 | sleep.weights.plasticity       | INFO  | Hard-clipped 9 w_cons parameters to delta_max=0.1000 bound.
2026-08-11 20:43:56 | sleep.weights.plasticity       | INFO  | Hard-clipped 9 w_cons parameters to delta_max=0.1000 bound.
2026-08-11 20:43:56 | sleep.weights.plasticity       | INFO  | Hard-clipped 9 w_cons parameters to delta_max=0.1000 bound.
2026-08-11 20:43:56 | sleep.weights.plasticity       | INFO  | Hard-clipped 9 w_cons parameters to delta_max=0.1000 bound.
2026-08-11 20:43:56 | sleep.weights.plasticity       | INFO  | Hard-clipped 9 w_cons parameters to delta_max=0.1000 bound.
2026-08-11 20:43:56 | sleep.weights.plasticity       | INFO  | Hard-clipped 10 w_cons parameters to delta_max=0.1000 bound.
2026-08-11 20:43:56 | sleep.weights.plasticity       | INFO  | Hard-clipped 10 w_cons parameters to delta_max=0.1000 bound.
2026-08-11 20:43:56 | sleep.weights.plasticity       | INFO  | Hard-clipped 10 w_cons parameters to delta_max=0.1000 bound.
2026-08-11 20:43:57 | sleep.weights.plasticity       | INFO  | Hard-clipped 10 w_cons parameters to delta_max=0.1000 bound.
2026-08-11 20:43:57 | sleep.weights.plasticity       | INFO  | Hard-clipped 10 w_cons parameters to delta_max=0.1000 bound.
2026-08-11 20:43:57 | sleep.weights.plasticity       | INFO  | Hard-clipped 10 w_cons parameters to delta_max=0.1000 bound.
2026-08-11 20:43:57 | sleep.weights.plasticity       | INFO  | Hard-clipped 10 w_cons parameters to delta_max=0.1000 bound.
2026-08-11 20:43:57 | sleep.weights.plasticity       | INFO  | Hard-clipped 10 w_cons parameters to delta_max=0.1000 bound.
2026-08-11 20:43:57 | sleep.weights.plasticity       | INFO  | Hard-clipped 10 w_cons parameters to delta_max=0.1000 bound.
2026-08-11 20:43:57 | sleep.weights.plasticity       | INFO  | Hard-clipped 10 w_cons parameters to delta_max=0.1000 bound.
2026-08-11 20:43:58 | sleep.weights.plasticity       | INFO  | Hard-clipped 9 w_cons parameters to delta_max=0.1000 bound.
2026-08-11 20:43:58 | sleep.weights.plasticity       | INFO  | Hard-clipped 9 w_cons parameters to delta_max=0.1000 bound.
2026-08-11 20:43:58 | sleep.weights.plasticity       | INFO  | Hard-clipped 9 w_cons parameters to delta_max=0.1000 bound.
2026-08-11 20:43:58 | sleep.weights.plasticity       | INFO  | Hard-clipped 9 w_cons parameters to delta_max=0.1000 bound.
2026-08-11 20:43:58 | sleep.weights.plasticity       | INFO  | Hard-clipped 9 w_cons parameters to delta_max=0.1000 bound.
2026-08-11 20:43:58 | sleep.weights.plasticity       | INFO  | Hard-clipped 10 w_cons parameters to delta_max=0.1000 bound.
2026-08-11 20:43:58 | sleep.weights.plasticity       | INFO  | Hard-clipped 10 w_cons parameters to delta_max=0.1000 bound.
2026-08-11 20:43:59 | sleep.weights.plasticity       | INFO  | Hard-clipped 10 w_cons parameters to delta_max=0.1000 bound.
2026-08-11 20:43:59 | sleep.weights.plasticity       | INFO  | Hard-clipped 10 w_cons parameters to delta_max=0.1000 bound.
2026-08-11 20:43:59 | sleep.weights.plasticity       | INFO  | Hard-clipped 11 w_cons parameters to delta_max=0.1000 bound.
2026-08-11 20:43:59 | sleep.weights.plasticity       | INFO  | Hard-clipped 11 w_cons parameters to delta_max=0.1000 bound.
2026-08-11 20:43:59 | sleep.weights.plasticity       | INFO  | Hard-clipped 11 w_cons parameters to delta_max=0.1000 bound.
2026-08-11 20:43:59 | sleep.weights.plasticity       | INFO  | Hard-clipped 11 w_cons parameters to delta_max=0.1000 bound.
2026-08-11 20:43:59 | sleep.weights.plasticity       | INFO  | Hard-clipped 11 w_cons parameters to delta_max=0.1000 bound.
2026-08-11 20:44:00 | sleep.weights.plasticity       | INFO  | Hard-clipped 11 w_cons parameters to delta_max=0.1000 bound.
2026-08-11 20:44:00 | sleep.weights.plasticity       | INFO  | Hard-clipped 11 w_cons parameters to delta_max=0.1000 bound.
2026-08-11 20:44:00 | sleep.weights.plasticity       | INFO  | Hard-clipped 11 w_cons parameters to delta_max=0.1000 bound.
2026-08-11 20:44:00 | sleep.weights.plasticity       | INFO  | Hard-clipped 11 w_cons parameters to delta_max=0.1000 bound.
2026-08-11 20:44:00 | sleep.weights.plasticity       | INFO  | Hard-clipped 11 w_cons parameters to delta_max=0.1000 bound.
2026-08-11 20:44:00 | sleep.weights.plasticity       | INFO  | Hard-clipped 13 w_cons parameters to delta_max=0.1000 bound.
2026-08-11 20:44:00 | sleep.weights.plasticity       | INFO  | Hard-clipped 13 w_cons parameters to delta_max=0.1000 bound.
2026-08-11 20:44:01 | sleep.weights.plasticity       | INFO  | Hard-clipped 14 w_cons parameters to delta_max=0.1000 bound.
2026-08-11 20:44:01 | sleep.weights.plasticity       | INFO  | Hard-clipped 14 w_cons parameters to delta_max=0.1000 bound.
2026-08-11 20:44:01 | sleep.weights.plasticity       | INFO  | Hard-clipped 14 w_cons parameters to delta_max=0.1000 bound.
2026-08-11 20:44:01 | sleep.weights.plasticity       | INFO  | Hard-clipped 14 w_cons parameters to delta_max=0.1000 bound.
2026-08-11 20:44:01 | sleep.weights.plasticity       | INFO  | Hard-clipped 15 w_cons parameters to delta_max=0.1000 bound.
2026-08-11 20:44:01 | sleep.weights.plasticity       | INFO  | Hard-clipped 15 w_cons parameters to delta_max=0.1000 bound.
2026-08-11 20:44:01 | sleep.weights.plasticity       | INFO  | Hard-clipped 15 w_cons parameters to delta_max=0.1000 bound.
2026-08-11 20:44:02 | sleep.weights.plasticity       | INFO  | Hard-clipped 15 w_cons parameters to delta_max=0.1000 bound.
2026-08-11 20:44:02 | sleep.weights.plasticity       | INFO  | Hard-clipped 15 w_cons parameters to delta_max=0.1000 bound.
2026-08-11 20:44:02 | sleep.weights.plasticity       | INFO  | Hard-clipped 15 w_cons parameters to delta_max=0.1000 bound.
2026-08-11 20:44:02 | sleep.weights.plasticity       | INFO  | Hard-clipped 15 w_cons parameters to delta_max=0.1000 bound.
2026-08-11 20:44:02 | sleep.weights.plasticity       | INFO  | Hard-clipped 15 w_cons parameters to delta_max=0.1000 bound.
2026-08-11 20:44:02 | sleep.weights.plasticity       | INFO  | Hard-clipped 15 w_cons parameters to delta_max=0.1000 bound.
2026-08-11 20:44:02 | sleep.weights.plasticity       | INFO  | Hard-clipped 15 w_cons parameters to delta_max=0.1000 bound.
2026-08-11 20:44:03 | sleep.weights.plasticity       | INFO  | Hard-clipped 15 w_cons parameters to delta_max=0.1000 bound.
2026-08-11 20:44:03 | sleep.weights.plasticity       | INFO  | Hard-clipped 15 w_cons parameters to delta_max=0.1000 bound.
2026-08-11 20:44:03 | sleep.weights.plasticity       | INFO  | Hard-clipped 16 w_cons parameters to delta_max=0.1000 bound.
2026-08-11 20:44:03 | sleep.weights.plasticity       | INFO  | Hard-clipped 16 w_cons parameters to delta_max=0.1000 bound.
2026-08-11 20:44:03 | sleep.weights.plasticity       | INFO  | Hard-clipped 16 w_cons parameters to delta_max=0.1000 bound.
2026-08-11 20:44:03 | sleep.weights.plasticity       | INFO  | Hard-clipped 16 w_cons parameters to delta_max=0.1000 bound.
2026-08-11 20:44:03 | sleep.weights.plasticity       | INFO  | Hard-clipped 16 w_cons parameters to delta_max=0.1000 bound.
2026-08-11 20:44:04 | sleep.weights.plasticity       | INFO  | Hard-clipped 16 w_cons parameters to delta_max=0.1000 bound.
2026-08-11 20:44:04 | sleep.weights.plasticity       | INFO  | Hard-clipped 16 w_cons parameters to delta_max=0.1000 bound.
2026-08-11 20:44:04 | sleep.weights.plasticity       | INFO  | Hard-clipped 16 w_cons parameters to delta_max=0.1000 bound.
2026-08-11 20:44:04 | sleep.weights.plasticity       | INFO  | Hard-clipped 16 w_cons parameters to delta_max=0.1000 bound.
2026-08-11 20:44:04 | sleep.weights.plasticity       | INFO  | Hard-clipped 16 w_cons parameters to delta_max=0.1000 bound.
2026-08-11 20:44:04 | sleep.weights.plasticity       | INFO  | Hard-clipped 16 w_cons parameters to delta_max=0.1000 bound.
2026-08-11 20:44:05 | sleep.weights.plasticity       | INFO  | Hard-clipped 16 w_cons parameters to delta_max=0.1000 bound.
2026-08-11 20:44:05 | sleep.weights.plasticity       | INFO  | Hard-clipped 16 w_cons parameters to delta_max=0.1000 bound.
2026-08-11 20:44:05 | sleep.weights.plasticity       | INFO  | Hard-clipped 16 w_cons parameters to delta_max=0.1000 bound.
2026-08-11 20:44:05 | sleep.weights.plasticity       | INFO  | Hard-clipped 16 w_cons parameters to delta_max=0.1000 bound.
2026-08-11 20:44:05 | sleep.weights.plasticity       | INFO  | Hard-clipped 17 w_cons parameters to delta_max=0.1000 bound.
2026-08-11 20:44:05 | sleep.weights.plasticity       | INFO  | Hard-clipped 17 w_cons parameters to delta_max=0.1000 bound.
2026-08-11 20:44:05 | sleep.weights.plasticity       | INFO  | Hard-clipped 17 w_cons parameters to delta_max=0.1000 bound.
2026-08-11 20:44:05 | sleep.weights.plasticity       | INFO  | Hard-clipped 18 w_cons parameters to delta_max=0.1000 bound.
2026-08-11 20:44:06 | sleep.weights.plasticity       | INFO  | Hard-clipped 19 w_cons parameters to delta_max=0.1000 bound.
2026-08-11 20:44:06 | sleep.weights.plasticity       | INFO  | Hard-clipped 19 w_cons parameters to delta_max=0.1000 bound.
2026-08-11 20:44:06 | sleep.weights.plasticity       | INFO  | Hard-clipped 19 w_cons parameters to delta_max=0.1000 bound.
2026-08-11 20:44:06 | sleep.weights.plasticity       | INFO  | Hard-clipped 19 w_cons parameters to delta_max=0.1000 bound.
2026-08-11 20:44:06 | sleep.weights.plasticity       | INFO  | Hard-clipped 19 w_cons parameters to delta_max=0.1000 bound.
2026-08-11 20:44:06 | sleep.weights.plasticity       | INFO  | Hard-clipped 19 w_cons parameters to delta_max=0.1000 bound.
2026-08-11 20:44:06 | sleep.weights.plasticity       | INFO  | Hard-clipped 19 w_cons parameters to delta_max=0.1000 bound.
2026-08-11 20:44:07 | sleep.weights.plasticity       | INFO  | Hard-clipped 19 w_cons parameters to delta_max=0.1000 bound.
2026-08-11 20:44:07 | sleep.weights.plasticity       | INFO  | Hard-clipped 16 w_cons parameters to delta_max=0.1000 bound.
2026-08-11 20:44:07 | sleep.weights.plasticity       | INFO  | Hard-clipped 16 w_cons parameters to delta_max=0.1000 bound.
2026-08-11 20:44:07 | sleep.weights.plasticity       | INFO  | Hard-clipped 17 w_cons parameters to delta_max=0.1000 bound.
2026-08-11 20:44:07 | sleep.weights.plasticity       | INFO  | Hard-clipped 18 w_cons parameters to delta_max=0.1000 bound.
2026-08-11 20:44:07 | sleep.weights.plasticity       | INFO  | Hard-clipped 19 w_cons parameters to delta_max=0.1000 bound.
2026-08-11 20:44:08 | sleep.weights.plasticity       | INFO  | Hard-clipped 19 w_cons parameters to delta_max=0.1000 bound.
2026-08-11 20:44:08 | sleep.weights.plasticity       | INFO  | Hard-clipped 19 w_cons parameters to delta_max=0.1000 bound.
2026-08-11 20:44:08 | sleep.weights.plasticity       | INFO  | Hard-clipped 19 w_cons parameters to delta_max=0.1000 bound.
2026-08-11 20:44:08 | sleep.weights.plasticity       | INFO  | Hard-clipped 19 w_cons parameters to delta_max=0.1000 bound.
2026-08-11 20:44:08 | sleep.weights.plasticity       | INFO  | Hard-clipped 19 w_cons parameters to delta_max=0.1000 bound.
2026-08-11 20:44:08 | sleep.weights.plasticity       | INFO  | Hard-clipped 19 w_cons parameters to delta_max=0.1000 bound.
2026-08-11 20:44:08 | sleep.weights.plasticity       | INFO  | Hard-clipped 19 w_cons parameters to delta_max=0.1000 bound.
2026-08-11 20:44:09 | sleep.weights.plasticity       | INFO  | Hard-clipped 20 w_cons parameters to delta_max=0.1000 bound.
2026-08-11 20:44:09 | sleep.weights.plasticity       | INFO  | Hard-clipped 20 w_cons parameters to delta_max=0.1000 bound.
2026-08-11 20:44:09 | sleep.weights.plasticity       | INFO  | Hard-clipped 20 w_cons parameters to delta_max=0.1000 bound.
2026-08-11 20:44:09 | sleep.weights.plasticity       | INFO  | Hard-clipped 20 w_cons parameters to delta_max=0.1000 bound.
2026-08-11 20:44:09 | sleep.weights.plasticity       | INFO  | Hard-clipped 20 w_cons parameters to delta_max=0.1000 bound.
2026-08-11 20:44:09 | sleep.weights.plasticity       | INFO  | Hard-clipped 20 w_cons parameters to delta_max=0.1000 bound.
2026-08-11 20:44:09 | sleep.weights.plasticity       | INFO  | Hard-clipped 18 w_cons parameters to delta_max=0.1000 bound.
2026-08-11 20:44:10 | sleep.weights.plasticity       | INFO  | Hard-clipped 15 w_cons parameters to delta_max=0.1000 bound.
2026-08-11 20:44:10 | sleep.weights.plasticity       | INFO  | Hard-clipped 19 w_cons parameters to delta_max=0.1000 bound.
2026-08-11 20:44:10 | sleep.weights.plasticity       | INFO  | Hard-clipped 20 w_cons parameters to delta_max=0.1000 bound.
2026-08-11 20:44:10 | sleep.weights.plasticity       | INFO  | Hard-clipped 20 w_cons parameters to delta_max=0.1000 bound.
2026-08-11 20:44:10 | sleep.weights.plasticity       | INFO  | Hard-clipped 20 w_cons parameters to delta_max=0.1000 bound.
2026-08-11 20:44:10 | sleep.weights.plasticity       | INFO  | Hard-clipped 20 w_cons parameters to delta_max=0.1000 bound.
2026-08-11 20:44:10 | sleep.sleep_engine.train       | INFO  |   distill step 300/1500 | loss=2.4371 (kl=1.2349 ce=2.4045) | lr=9.70e-05
2026-08-11 20:44:10 | sleep.weights.plasticity       | INFO  | Hard-clipped 20 w_cons parameters to delta_max=0.1000 bound.
2026-08-11 20:44:11 | sleep.weights.plasticity       | INFO  | Hard-clipped 20 w_cons parameters to delta_max=0.1000 bound.
2026-08-11 20:44:11 | sleep.weights.plasticity       | INFO  | Hard-clipped 20 w_cons parameters to delta_max=0.1000 bound.
2026-08-11 20:44:11 | sleep.weights.plasticity       | INFO  | Hard-clipped 20 w_cons parameters to delta_max=0.1000 bound.
2026-08-11 20:44:11 | sleep.weights.plasticity       | INFO  | Hard-clipped 20 w_cons parameters to delta_max=0.1000 bound.
2026-08-11 20:44:11 | sleep.weights.plasticity       | INFO  | Hard-clipped 20 w_cons parameters to delta_max=0.1000 bound.
2026-08-11 20:44:11 | sleep.weights.plasticity       | INFO  | Hard-clipped 20 w_cons parameters to delta_max=0.1000 bound.
2026-08-11 20:44:11 | sleep.weights.plasticity       | INFO  | Hard-clipped 20 w_cons parameters to delta_max=0.1000 bound.
2026-08-11 20:44:12 | sleep.weights.plasticity       | INFO  | Hard-clipped 20 w_cons parameters to delta_max=0.1000 bound.
2026-08-11 20:44:12 | sleep.weights.plasticity       | INFO  | Hard-clipped 20 w_cons parameters to delta_max=0.1000 bound.
2026-08-11 20:44:12 | sleep.weights.plasticity       | INFO  | Hard-clipped 20 w_cons parameters to delta_max=0.1000 bound.
2026-08-11 20:44:12 | sleep.weights.plasticity       | INFO  | Hard-clipped 20 w_cons parameters to delta_max=0.1000 bound.
2026-08-11 20:44:12 | sleep.weights.plasticity       | INFO  | Hard-clipped 19 w_cons parameters to delta_max=0.1000 bound.
2026-08-11 20:44:12 | sleep.weights.plasticity       | INFO  | Hard-clipped 19 w_cons parameters to delta_max=0.1000 bound.
2026-08-11 20:44:12 | sleep.weights.plasticity       | INFO  | Hard-clipped 18 w_cons parameters to delta_max=0.1000 bound.
2026-08-11 20:44:13 | sleep.weights.plasticity       | INFO  | Hard-clipped 19 w_cons parameters to delta_max=0.1000 bound.
2026-08-11 20:44:13 | sleep.weights.plasticity       | INFO  | Hard-clipped 19 w_cons parameters to delta_max=0.1000 bound.
2026-08-11 20:44:13 | sleep.weights.plasticity       | INFO  | Hard-clipped 19 w_cons parameters to delta_max=0.1000 bound.
2026-08-11 20:44:13 | sleep.weights.plasticity       | INFO  | Hard-clipped 20 w_cons parameters to delta_max=0.1000 bound.
2026-08-11 20:44:13 | sleep.weights.plasticity       | INFO  | Hard-clipped 20 w_cons parameters to delta_max=0.1000 bound.
2026-08-11 20:44:13 | sleep.weights.plasticity       | INFO  | Hard-clipped 20 w_cons parameters to delta_max=0.1000 bound.
2026-08-11 20:44:14 | sleep.weights.plasticity       | INFO  | Hard-clipped 21 w_cons parameters to delta_max=0.1000 bound.
2026-08-11 20:44:14 | sleep.weights.plasticity       | INFO  | Hard-clipped 20 w_cons parameters to delta_max=0.1000 bound.
2026-08-11 20:44:14 | sleep.weights.plasticity       | INFO  | Hard-clipped 20 w_cons parameters to delta_max=0.1000 bound.
2026-08-11 20:44:14 | sleep.weights.plasticity       | INFO  | Hard-clipped 20 w_cons parameters to delta_max=0.1000 bound.
2026-08-11 20:44:14 | sleep.weights.plasticity       | INFO  | Hard-clipped 20 w_cons parameters to delta_max=0.1000 bound.
2026-08-11 20:44:14 | sleep.weights.plasticity       | INFO  | Hard-clipped 20 w_cons parameters to delta_max=0.1000 bound.
2026-08-11 20:44:14 | sleep.weights.plasticity       | INFO  | Hard-clipped 20 w_cons parameters to delta_max=0.1000 bound.
2026-08-11 20:44:15 | sleep.weights.plasticity       | INFO  | Hard-clipped 20 w_cons parameters to delta_max=0.1000 bound.
2026-08-11 20:44:15 | sleep.weights.plasticity       | INFO  | Hard-clipped 20 w_cons parameters to delta_max=0.1000 bound.
2026-08-11 20:44:15 | sleep.weights.plasticity       | INFO  | Hard-clipped 20 w_cons parameters to delta_max=0.1000 bound.
2026-08-11 20:44:15 | sleep.weights.plasticity       | INFO  | Hard-clipped 21 w_cons parameters to delta_max=0.1000 bound.
2026-08-11 20:44:15 | sleep.weights.plasticity       | INFO  | Hard-clipped 21 w_cons parameters to delta_max=0.1000 bound.
2026-08-11 20:44:15 | sleep.weights.plasticity       | INFO  | Hard-clipped 21 w_cons parameters to delta_max=0.1000 bound.
2026-08-11 20:44:15 | sleep.weights.plasticity       | INFO  | Hard-clipped 21 w_cons parameters to delta_max=0.1000 bound.
2026-08-11 20:44:16 | sleep.weights.plasticity       | INFO  | Hard-clipped 22 w_cons parameters to delta_max=0.1000 bound.
2026-08-11 20:44:16 | sleep.weights.plasticity       | INFO  | Hard-clipped 21 w_cons parameters to delta_max=0.1000 bound.
2026-08-11 20:44:16 | sleep.weights.plasticity       | INFO  | Hard-clipped 22 w_cons parameters to delta_max=0.1000 bound.
2026-08-11 20:44:16 | sleep.weights.plasticity       | INFO  | Hard-clipped 22 w_cons parameters to delta_max=0.1000 bound.
2026-08-11 20:44:16 | sleep.weights.plasticity       | INFO  | Hard-clipped 22 w_cons parameters to delta_max=0.1000 bound.
2026-08-11 20:44:16 | sleep.weights.plasticity       | INFO  | Hard-clipped 22 w_cons parameters to delta_max=0.1000 bound.
2026-08-11 20:44:17 | sleep.weights.plasticity       | INFO  | Hard-clipped 22 w_cons parameters to delta_max=0.1000 bound.
2026-08-11 20:44:17 | sleep.weights.plasticity       | INFO  | Hard-clipped 22 w_cons parameters to delta_max=0.1000 bound.
2026-08-11 20:44:17 | sleep.weights.plasticity       | INFO  | Hard-clipped 22 w_cons parameters to delta_max=0.1000 bound.
2026-08-11 20:44:17 | sleep.weights.plasticity       | INFO  | Hard-clipped 22 w_cons parameters to delta_max=0.1000 bound.
2026-08-11 20:44:17 | sleep.weights.plasticity       | INFO  | Hard-clipped 22 w_cons parameters to delta_max=0.1000 bound.
2026-08-11 20:44:17 | sleep.weights.plasticity       | INFO  | Hard-clipped 22 w_cons parameters to delta_max=0.1000 bound.
2026-08-11 20:44:17 | sleep.weights.plasticity       | INFO  | Hard-clipped 22 w_cons parameters to delta_max=0.1000 bound.
2026-08-11 20:44:18 | sleep.weights.plasticity       | INFO  | Hard-clipped 22 w_cons parameters to delta_max=0.1000 bound.
2026-08-11 20:44:18 | sleep.weights.plasticity       | INFO  | Hard-clipped 22 w_cons parameters to delta_max=0.1000 bound.
2026-08-11 20:44:18 | sleep.weights.plasticity       | INFO  | Hard-clipped 22 w_cons parameters to delta_max=0.1000 bound.
2026-08-11 20:44:18 | sleep.weights.plasticity       | INFO  | Hard-clipped 22 w_cons parameters to delta_max=0.1000 bound.
2026-08-11 20:44:18 | sleep.weights.plasticity       | INFO  | Hard-clipped 22 w_cons parameters to delta_max=0.1000 bound.
2026-08-11 20:44:18 | sleep.weights.plasticity       | INFO  | Hard-clipped 22 w_cons parameters to delta_max=0.1000 bound.
2026-08-11 20:44:18 | sleep.weights.plasticity       | INFO  | Hard-clipped 22 w_cons parameters to delta_max=0.1000 bound.
2026-08-11 20:44:19 | sleep.weights.plasticity       | INFO  | Hard-clipped 22 w_cons parameters to delta_max=0.1000 bound.
2026-08-11 20:44:19 | sleep.weights.plasticity       | INFO  | Hard-clipped 22 w_cons parameters to delta_max=0.1000 bound.
2026-08-11 20:44:19 | sleep.weights.plasticity       | INFO  | Hard-clipped 22 w_cons parameters to delta_max=0.1000 bound.
2026-08-11 20:44:19 | sleep.weights.plasticity       | INFO  | Hard-clipped 22 w_cons parameters to delta_max=0.1000 bound.
2026-08-11 20:44:19 | sleep.weights.plasticity       | INFO  | Hard-clipped 23 w_cons parameters to delta_max=0.1000 bound.
2026-08-11 20:44:19 | sleep.weights.plasticity       | INFO  | Hard-clipped 23 w_cons parameters to delta_max=0.1000 bound.
2026-08-11 20:44:20 | sleep.weights.plasticity       | INFO  | Hard-clipped 23 w_cons parameters to delta_max=0.1000 bound.
2026-08-11 20:44:20 | sleep.weights.plasticity       | INFO  | Hard-clipped 23 w_cons parameters to delta_max=0.1000 bound.
2026-08-11 20:44:20 | sleep.weights.plasticity       | INFO  | Hard-clipped 24 w_cons parameters to delta_max=0.1000 bound.
2026-08-11 20:44:20 | sleep.weights.plasticity       | INFO  | Hard-clipped 24 w_cons parameters to delta_max=0.1000 bound.
2026-08-11 20:44:20 | sleep.weights.plasticity       | INFO  | Hard-clipped 24 w_cons parameters to delta_max=0.1000 bound.
2026-08-11 20:44:20 | sleep.weights.plasticity       | INFO  | Hard-clipped 24 w_cons parameters to delta_max=0.1000 bound.
2026-08-11 20:44:20 | sleep.weights.plasticity       | INFO  | Hard-clipped 24 w_cons parameters to delta_max=0.1000 bound.
2026-08-11 20:44:21 | sleep.weights.plasticity       | INFO  | Hard-clipped 24 w_cons parameters to delta_max=0.1000 bound.
2026-08-11 20:44:21 | sleep.weights.plasticity       | INFO  | Hard-clipped 24 w_cons parameters to delta_max=0.1000 bound.
2026-08-11 20:44:21 | sleep.weights.plasticity       | INFO  | Hard-clipped 24 w_cons parameters to delta_max=0.1000 bound.
2026-08-11 20:44:21 | sleep.weights.plasticity       | INFO  | Hard-clipped 24 w_cons parameters to delta_max=0.1000 bound.
2026-08-11 20:44:21 | sleep.weights.plasticity       | INFO  | Hard-clipped 24 w_cons parameters to delta_max=0.1000 bound.
2026-08-11 20:44:21 | sleep.weights.plasticity       | INFO  | Hard-clipped 24 w_cons parameters to delta_max=0.1000 bound.
2026-08-11 20:44:21 | sleep.weights.plasticity       | INFO  | Hard-clipped 24 w_cons parameters to delta_max=0.1000 bound.
2026-08-11 20:44:22 | sleep.weights.plasticity       | INFO  | Hard-clipped 24 w_cons parameters to delta_max=0.1000 bound.
2026-08-11 20:44:22 | sleep.weights.plasticity       | INFO  | Hard-clipped 24 w_cons parameters to delta_max=0.1000 bound.
2026-08-11 20:44:22 | sleep.weights.plasticity       | INFO  | Hard-clipped 24 w_cons parameters to delta_max=0.1000 bound.
2026-08-11 20:44:22 | sleep.weights.plasticity       | INFO  | Hard-clipped 25 w_cons parameters to delta_max=0.1000 bound.
2026-08-11 20:44:22 | sleep.weights.plasticity       | INFO  | Hard-clipped 25 w_cons parameters to delta_max=0.1000 bound.
2026-08-11 20:44:22 | sleep.weights.plasticity       | INFO  | Hard-clipped 25 w_cons parameters to delta_max=0.1000 bound.
2026-08-11 20:44:23 | sleep.weights.plasticity       | INFO  | Hard-clipped 25 w_cons parameters to delta_max=0.1000 bound.
2026-08-11 20:44:23 | sleep.weights.plasticity       | INFO  | Hard-clipped 25 w_cons parameters to delta_max=0.1000 bound.
2026-08-11 20:44:23 | sleep.weights.plasticity       | INFO  | Hard-clipped 25 w_cons parameters to delta_max=0.1000 bound.
2026-08-11 20:44:23 | sleep.weights.plasticity       | INFO  | Hard-clipped 25 w_cons parameters to delta_max=0.1000 bound.
2026-08-11 20:44:23 | sleep.weights.plasticity       | INFO  | Hard-clipped 25 w_cons parameters to delta_max=0.1000 bound.
2026-08-11 20:44:23 | sleep.weights.plasticity       | INFO  | Hard-clipped 25 w_cons parameters to delta_max=0.1000 bound.
2026-08-11 20:44:23 | sleep.weights.plasticity       | INFO  | Hard-clipped 25 w_cons parameters to delta_max=0.1000 bound.
2026-08-11 20:44:24 | sleep.weights.plasticity       | INFO  | Hard-clipped 25 w_cons parameters to delta_max=0.1000 bound.
2026-08-11 20:44:24 | sleep.weights.plasticity       | INFO  | Hard-clipped 25 w_cons parameters to delta_max=0.1000 bound.
2026-08-11 20:44:24 | sleep.weights.plasticity       | INFO  | Hard-clipped 26 w_cons parameters to delta_max=0.1000 bound.
2026-08-11 20:44:24 | sleep.weights.plasticity       | INFO  | Hard-clipped 26 w_cons parameters to delta_max=0.1000 bound.
2026-08-11 20:44:24 | sleep.weights.plasticity       | INFO  | Hard-clipped 26 w_cons parameters to delta_max=0.1000 bound.
2026-08-11 20:44:24 | sleep.weights.plasticity       | INFO  | Hard-clipped 26 w_cons parameters to delta_max=0.1000 bound.
2026-08-11 20:44:24 | sleep.weights.plasticity       | INFO  | Hard-clipped 26 w_cons parameters to delta_max=0.1000 bound.
2026-08-11 20:44:25 | sleep.weights.plasticity       | INFO  | Hard-clipped 26 w_cons parameters to delta_max=0.1000 bound.
2026-08-11 20:44:25 | sleep.weights.plasticity       | INFO  | Hard-clipped 26 w_cons parameters to delta_max=0.1000 bound.
2026-08-11 20:44:25 | sleep.weights.plasticity       | INFO  | Hard-clipped 26 w_cons parameters to delta_max=0.1000 bound.
2026-08-11 20:44:25 | sleep.weights.plasticity       | INFO  | Hard-clipped 25 w_cons parameters to delta_max=0.1000 bound.
2026-08-11 20:44:25 | sleep.weights.plasticity       | INFO  | Hard-clipped 24 w_cons parameters to delta_max=0.1000 bound.
2026-08-11 20:44:25 | sleep.weights.plasticity       | INFO  | Hard-clipped 22 w_cons parameters to delta_max=0.1000 bound.
2026-08-11 20:44:25 | sleep.weights.plasticity       | INFO  | Hard-clipped 22 w_cons parameters to delta_max=0.1000 bound.
2026-08-11 20:44:26 | sleep.weights.plasticity       | INFO  | Hard-clipped 23 w_cons parameters to delta_max=0.1000 bound.
2026-08-11 20:44:26 | sleep.weights.plasticity       | INFO  | Hard-clipped 23 w_cons parameters to delta_max=0.1000 bound.
2026-08-11 20:44:26 | sleep.weights.plasticity       | INFO  | Hard-clipped 22 w_cons parameters to delta_max=0.1000 bound.
2026-08-11 20:44:26 | sleep.weights.plasticity       | INFO  | Hard-clipped 22 w_cons parameters to delta_max=0.1000 bound.
2026-08-11 20:44:26 | sleep.weights.plasticity       | INFO  | Hard-clipped 23 w_cons parameters to delta_max=0.1000 bound.
2026-08-11 20:44:26 | sleep.weights.plasticity       | INFO  | Hard-clipped 25 w_cons parameters to delta_max=0.1000 bound.
2026-08-11 20:44:26 | sleep.weights.plasticity       | INFO  | Hard-clipped 25 w_cons parameters to delta_max=0.1000 bound.
2026-08-11 20:44:27 | sleep.weights.plasticity       | INFO  | Hard-clipped 25 w_cons parameters to delta_max=0.1000 bound.
2026-08-11 20:44:27 | sleep.weights.plasticity       | INFO  | Hard-clipped 25 w_cons parameters to delta_max=0.1000 bound.
2026-08-11 20:44:27 | sleep.weights.plasticity       | INFO  | Hard-clipped 25 w_cons parameters to delta_max=0.1000 bound.
2026-08-11 20:44:27 | sleep.weights.plasticity       | INFO  | Hard-clipped 25 w_cons parameters to delta_max=0.1000 bound.
2026-08-11 20:44:27 | sleep.weights.plasticity       | INFO  | Hard-clipped 25 w_cons parameters to delta_max=0.1000 bound.
2026-08-11 20:44:27 | sleep.weights.plasticity       | INFO  | Hard-clipped 26 w_cons parameters to delta_max=0.1000 bound.
2026-08-11 20:44:27 | sleep.weights.plasticity       | INFO  | Hard-clipped 27 w_cons parameters to delta_max=0.1000 bound.
2026-08-11 20:44:28 | sleep.weights.plasticity       | INFO  | Hard-clipped 27 w_cons parameters to delta_max=0.1000 bound.
2026-08-11 20:44:28 | sleep.weights.plasticity       | INFO  | Hard-clipped 27 w_cons parameters to delta_max=0.1000 bound.
2026-08-11 20:44:28 | sleep.weights.plasticity       | INFO  | Hard-clipped 28 w_cons parameters to delta_max=0.1000 bound.
2026-08-11 20:44:28 | sleep.weights.plasticity       | INFO  | Hard-clipped 28 w_cons parameters to delta_max=0.1000 bound.
2026-08-11 20:44:28 | sleep.weights.plasticity       | INFO  | Hard-clipped 27 w_cons parameters to delta_max=0.1000 bound.
2026-08-11 20:44:28 | sleep.weights.plasticity       | INFO  | Hard-clipped 26 w_cons parameters to delta_max=0.1000 bound.
2026-08-11 20:44:29 | sleep.weights.plasticity       | INFO  | Hard-clipped 27 w_cons parameters to delta_max=0.1000 bound.
2026-08-11 20:44:29 | sleep.weights.plasticity       | INFO  | Hard-clipped 26 w_cons parameters to delta_max=0.1000 bound.
2026-08-11 20:44:29 | sleep.weights.plasticity       | INFO  | Hard-clipped 25 w_cons parameters to delta_max=0.1000 bound.
2026-08-11 20:44:29 | sleep.weights.plasticity       | INFO  | Hard-clipped 23 w_cons parameters to delta_max=0.1000 bound.
2026-08-11 20:44:29 | sleep.weights.plasticity       | INFO  | Hard-clipped 24 w_cons parameters to delta_max=0.1000 bound.
2026-08-11 20:44:29 | sleep.weights.plasticity       | INFO  | Hard-clipped 24 w_cons parameters to delta_max=0.1000 bound.
2026-08-11 20:44:29 | sleep.weights.plasticity       | INFO  | Hard-clipped 27 w_cons parameters to delta_max=0.1000 bound.
2026-08-11 20:44:30 | sleep.weights.plasticity       | INFO  | Hard-clipped 27 w_cons parameters to delta_max=0.1000 bound.
2026-08-11 20:44:30 | sleep.weights.plasticity       | INFO  | Hard-clipped 27 w_cons parameters to delta_max=0.1000 bound.
2026-08-11 20:44:30 | sleep.weights.plasticity       | INFO  | Hard-clipped 28 w_cons parameters to delta_max=0.1000 bound.
2026-08-11 20:44:30 | sleep.weights.plasticity       | INFO  | Hard-clipped 28 w_cons parameters to delta_max=0.1000 bound.
2026-08-11 20:44:30 | sleep.weights.plasticity       | INFO  | Hard-clipped 28 w_cons parameters to delta_max=0.1000 bound.
2026-08-11 20:44:30 | sleep.weights.plasticity       | INFO  | Hard-clipped 29 w_cons parameters to delta_max=0.1000 bound.
2026-08-11 20:44:30 | sleep.weights.plasticity       | INFO  | Hard-clipped 29 w_cons parameters to delta_max=0.1000 bound.
2026-08-11 20:44:31 | sleep.weights.plasticity       | INFO  | Hard-clipped 29 w_cons parameters to delta_max=0.1000 bound.
2026-08-11 20:44:31 | sleep.weights.plasticity       | INFO  | Hard-clipped 30 w_cons parameters to delta_max=0.1000 bound.
2026-08-11 20:44:31 | sleep.weights.plasticity       | INFO  | Hard-clipped 30 w_cons parameters to delta_max=0.1000 bound.
2026-08-11 20:44:31 | sleep.weights.plasticity       | INFO  | Hard-clipped 30 w_cons parameters to delta_max=0.1000 bound.
2026-08-11 20:44:31 | sleep.weights.plasticity       | INFO  | Hard-clipped 30 w_cons parameters to delta_max=0.1000 bound.
2026-08-11 20:44:31 | sleep.weights.plasticity       | INFO  | Hard-clipped 30 w_cons parameters to delta_max=0.1000 bound.
2026-08-11 20:44:31 | sleep.weights.plasticity       | INFO  | Hard-clipped 30 w_cons parameters to delta_max=0.1000 bound.
2026-08-11 20:44:32 | sleep.weights.plasticity       | INFO  | Hard-clipped 30 w_cons parameters to delta_max=0.1000 bound.
2026-08-11 20:44:32 | sleep.weights.plasticity       | INFO  | Hard-clipped 29 w_cons parameters to delta_max=0.1000 bound.
2026-08-11 20:44:32 | sleep.weights.plasticity       | INFO  | Hard-clipped 28 w_cons parameters to delta_max=0.1000 bound.
2026-08-11 20:44:32 | sleep.weights.plasticity       | INFO  | Hard-clipped 28 w_cons parameters to delta_max=0.1000 bound.
2026-08-11 20:44:32 | sleep.weights.plasticity       | INFO  | Hard-clipped 28 w_cons parameters to delta_max=0.1000 bound.
2026-08-11 20:44:32 | sleep.weights.plasticity       | INFO  | Hard-clipped 28 w_cons parameters to delta_max=0.1000 bound.
2026-08-11 20:44:32 | sleep.weights.plasticity       | INFO  | Hard-clipped 29 w_cons parameters to delta_max=0.1000 bound.
2026-08-11 20:44:32 | sleep.sleep_engine.train       | INFO  |   distill step 450/1500 | loss=0.9854 (kl=0.5961 ce=0.7786) | lr=8.83e-05
2026-08-11 20:44:33 | sleep.weights.plasticity       | INFO  | Hard-clipped 29 w_cons parameters to delta_max=0.1000 bound.
2026-08-11 20:44:33 | sleep.weights.plasticity       | INFO  | Hard-clipped 29 w_cons parameters to delta_max=0.1000 bound.
2026-08-11 20:44:33 | sleep.weights.plasticity       | INFO  | Hard-clipped 29 w_cons parameters to delta_max=0.1000 bound.
2026-08-11 20:44:33 | sleep.weights.plasticity       | INFO  | Hard-clipped 30 w_cons parameters to delta_max=0.1000 bound.
2026-08-11 20:44:33 | sleep.weights.plasticity       | INFO  | Hard-clipped 30 w_cons parameters to delta_max=0.1000 bound.
2026-08-11 20:44:33 | sleep.weights.plasticity       | INFO  | Hard-clipped 30 w_cons parameters to delta_max=0.1000 bound.
2026-08-11 20:44:33 | sleep.weights.plasticity       | INFO  | Hard-clipped 30 w_cons parameters to delta_max=0.1000 bound.
2026-08-11 20:44:34 | sleep.weights.plasticity       | INFO  | Hard-clipped 30 w_cons parameters to delta_max=0.1000 bound.
2026-08-11 20:44:34 | sleep.weights.plasticity       | INFO  | Hard-clipped 30 w_cons parameters to delta_max=0.1000 bound.
2026-08-11 20:44:34 | sleep.weights.plasticity       | INFO  | Hard-clipped 30 w_cons parameters to delta_max=0.1000 bound.
2026-08-11 20:44:34 | sleep.weights.plasticity       | INFO  | Hard-clipped 30 w_cons parameters to delta_max=0.1000 bound.
2026-08-11 20:44:34 | sleep.weights.plasticity       | INFO  | Hard-clipped 30 w_cons parameters to delta_max=0.1000 bound.
2026-08-11 20:44:34 | sleep.weights.plasticity       | INFO  | Hard-clipped 30 w_cons parameters to delta_max=0.1000 bound.
2026-08-11 20:44:34 | sleep.weights.plasticity       | INFO  | Hard-clipped 30 w_cons parameters to delta_max=0.1000 bound.
2026-08-11 20:44:35 | sleep.weights.plasticity       | INFO  | Hard-clipped 30 w_cons parameters to delta_max=0.1000 bound.
2026-08-11 20:44:35 | sleep.weights.plasticity       | INFO  | Hard-clipped 30 w_cons parameters to delta_max=0.1000 bound.
2026-08-11 20:44:35 | sleep.weights.plasticity       | INFO  | Hard-clipped 30 w_cons parameters to delta_max=0.1000 bound.
2026-08-11 20:44:35 | sleep.weights.plasticity       | INFO  | Hard-clipped 30 w_cons parameters to delta_max=0.1000 bound.
2026-08-11 20:44:35 | sleep.weights.plasticity       | INFO  | Hard-clipped 30 w_cons parameters to delta_max=0.1000 bound.
2026-08-11 20:44:35 | sleep.weights.plasticity       | INFO  | Hard-clipped 30 w_cons parameters to delta_max=0.1000 bound.
2026-08-11 20:44:35 | sleep.weights.plasticity       | INFO  | Hard-clipped 30 w_cons parameters to delta_max=0.1000 bound.
2026-08-11 20:44:36 | sleep.weights.plasticity       | INFO  | Hard-clipped 30 w_cons parameters to delta_max=0.1000 bound.
2026-08-11 20:44:36 | sleep.weights.plasticity       | INFO  | Hard-clipped 30 w_cons parameters to delta_max=0.1000 bound.
2026-08-11 20:44:36 | sleep.weights.plasticity       | INFO  | Hard-clipped 30 w_cons parameters to delta_max=0.1000 bound.
2026-08-11 20:44:36 | sleep.weights.plasticity       | INFO  | Hard-clipped 30 w_cons parameters to delta_max=0.1000 bound.
2026-08-11 20:44:36 | sleep.weights.plasticity       | INFO  | Hard-clipped 30 w_cons parameters to delta_max=0.1000 bound.
2026-08-11 20:44:36 | sleep.weights.plasticity       | INFO  | Hard-clipped 30 w_cons parameters to delta_max=0.1000 bound.
2026-08-11 20:44:36 | sleep.weights.plasticity       | INFO  | Hard-clipped 30 w_cons parameters to delta_max=0.1000 bound.
2026-08-11 20:44:37 | sleep.weights.plasticity       | INFO  | Hard-clipped 30 w_cons parameters to delta_max=0.1000 bound.
2026-08-11 20:44:37 | sleep.weights.plasticity       | INFO  | Hard-clipped 30 w_cons parameters to delta_max=0.1000 bound.
2026-08-11 20:44:37 | sleep.weights.plasticity       | INFO  | Hard-clipped 30 w_cons parameters to delta_max=0.1000 bound.
2026-08-11 20:44:37 | sleep.weights.plasticity       | INFO  | Hard-clipped 30 w_cons parameters to delta_max=0.1000 bound.
2026-08-11 20:44:37 | sleep.weights.plasticity       | INFO  | Hard-clipped 30 w_cons parameters to delta_max=0.1000 bound.
2026-08-11 20:44:37 | sleep.weights.plasticity       | INFO  | Hard-clipped 30 w_cons parameters to delta_max=0.1000 bound.
2026-08-11 20:44:37 | sleep.weights.plasticity       | INFO  | Hard-clipped 30 w_cons parameters to delta_max=0.1000 bound.
2026-08-11 20:44:38 | sleep.weights.plasticity       | INFO  | Hard-clipped 30 w_cons parameters to delta_max=0.1000 bound.
2026-08-11 20:44:38 | sleep.weights.plasticity       | INFO  | Hard-clipped 30 w_cons parameters to delta_max=0.1000 bound.
2026-08-11 20:44:38 | sleep.weights.plasticity       | INFO  | Hard-clipped 30 w_cons parameters to delta_max=0.1000 bound.
2026-08-11 20:44:38 | sleep.weights.plasticity       | INFO  | Hard-clipped 30 w_cons parameters to delta_max=0.1000 bound.
2026-08-11 20:44:38 | sleep.weights.plasticity       | INFO  | Hard-clipped 30 w_cons parameters to delta_max=0.1000 bound.
2026-08-11 20:44:38 | sleep.weights.plasticity       | INFO  | Hard-clipped 30 w_cons parameters to delta_max=0.1000 bound.
2026-08-11 20:44:38 | sleep.weights.plasticity       | INFO  | Hard-clipped 30 w_cons parameters to delta_max=0.1000 bound.
2026-08-11 20:44:39 | sleep.weights.plasticity       | INFO  | Hard-clipped 27 w_cons parameters to delta_max=0.1000 bound.
2026-08-11 20:44:39 | sleep.weights.plasticity       | INFO  | Hard-clipped 29 w_cons parameters to delta_max=0.1000 bound.
2026-08-11 20:44:39 | sleep.weights.plasticity       | INFO  | Hard-clipped 23 w_cons parameters to delta_max=0.1000 bound.
2026-08-11 20:44:39 | sleep.weights.plasticity       | INFO  | Hard-clipped 24 w_cons parameters to delta_max=0.1000 bound.
2026-08-11 20:44:39 | sleep.weights.plasticity       | INFO  | Hard-clipped 24 w_cons parameters to delta_max=0.1000 bound.
2026-08-11 20:44:39 | sleep.weights.plasticity       | INFO  | Hard-clipped 26 w_cons parameters to delta_max=0.1000 bound.
2026-08-11 20:44:39 | sleep.weights.plasticity       | INFO  | Hard-clipped 26 w_cons parameters to delta_max=0.1000 bound.
2026-08-11 20:44:40 | sleep.weights.plasticity       | INFO  | Hard-clipped 27 w_cons parameters to delta_max=0.1000 bound.
2026-08-11 20:44:40 | sleep.weights.plasticity       | INFO  | Hard-clipped 28 w_cons parameters to delta_max=0.1000 bound.
2026-08-11 20:44:40 | sleep.weights.plasticity       | INFO  | Hard-clipped 28 w_cons parameters to delta_max=0.1000 bound.
2026-08-11 20:44:40 | sleep.weights.plasticity       | INFO  | Hard-clipped 28 w_cons parameters to delta_max=0.1000 bound.
2026-08-11 20:44:40 | sleep.weights.plasticity       | INFO  | Hard-clipped 30 w_cons parameters to delta_max=0.1000 bound.
2026-08-11 20:44:40 | sleep.weights.plasticity       | INFO  | Hard-clipped 30 w_cons parameters to delta_max=0.1000 bound.
2026-08-11 20:44:40 | sleep.weights.plasticity       | INFO  | Hard-clipped 31 w_cons parameters to delta_max=0.1000 bound.
2026-08-11 20:44:41 | sleep.weights.plasticity       | INFO  | Hard-clipped 31 w_cons parameters to delta_max=0.1000 bound.
2026-08-11 20:44:41 | sleep.weights.plasticity       | INFO  | Hard-clipped 31 w_cons parameters to delta_max=0.1000 bound.
2026-08-11 20:44:41 | sleep.weights.plasticity       | INFO  | Hard-clipped 31 w_cons parameters to delta_max=0.1000 bound.
2026-08-11 20:44:41 | sleep.weights.plasticity       | INFO  | Hard-clipped 31 w_cons parameters to delta_max=0.1000 bound.
2026-08-11 20:44:41 | sleep.weights.plasticity       | INFO  | Hard-clipped 31 w_cons parameters to delta_max=0.1000 bound.
2026-08-11 20:44:41 | sleep.weights.plasticity       | INFO  | Hard-clipped 31 w_cons parameters to delta_max=0.1000 bound.
2026-08-11 20:44:41 | sleep.weights.plasticity       | INFO  | Hard-clipped 31 w_cons parameters to delta_max=0.1000 bound.
2026-08-11 20:44:42 | sleep.weights.plasticity       | INFO  | Hard-clipped 31 w_cons parameters to delta_max=0.1000 bound.
2026-08-11 20:44:42 | sleep.weights.plasticity       | INFO  | Hard-clipped 31 w_cons parameters to delta_max=0.1000 bound.
2026-08-11 20:44:42 | sleep.weights.plasticity       | INFO  | Hard-clipped 31 w_cons parameters to delta_max=0.1000 bound.
2026-08-11 20:44:42 | sleep.weights.plasticity       | INFO  | Hard-clipped 30 w_cons parameters to delta_max=0.1000 bound.
2026-08-11 20:44:42 | sleep.weights.plasticity       | INFO  | Hard-clipped 31 w_cons parameters to delta_max=0.1000 bound.
2026-08-11 20:44:42 | sleep.weights.plasticity       | INFO  | Hard-clipped 31 w_cons parameters to delta_max=0.1000 bound.
2026-08-11 20:44:42 | sleep.weights.plasticity       | INFO  | Hard-clipped 31 w_cons parameters to delta_max=0.1000 bound.
2026-08-11 20:44:43 | sleep.weights.plasticity       | INFO  | Hard-clipped 31 w_cons parameters to delta_max=0.1000 bound.
2026-08-11 20:44:43 | sleep.weights.plasticity       | INFO  | Hard-clipped 31 w_cons parameters to delta_max=0.1000 bound.
2026-08-11 20:44:43 | sleep.weights.plasticity       | INFO  | Hard-clipped 31 w_cons parameters to delta_max=0.1000 bound.
2026-08-11 20:44:43 | sleep.weights.plasticity       | INFO  | Hard-clipped 31 w_cons parameters to delta_max=0.1000 bound.
2026-08-11 20:44:43 | sleep.weights.plasticity       | INFO  | Hard-clipped 31 w_cons parameters to delta_max=0.1000 bound.
2026-08-11 20:44:43 | sleep.weights.plasticity       | INFO  | Hard-clipped 31 w_cons parameters to delta_max=0.1000 bound.
2026-08-11 20:44:44 | sleep.weights.plasticity       | INFO  | Hard-clipped 31 w_cons parameters to delta_max=0.1000 bound.
2026-08-11 20:44:44 | sleep.weights.plasticity       | INFO  | Hard-clipped 32 w_cons parameters to delta_max=0.1000 bound.
2026-08-11 20:44:44 | sleep.weights.plasticity       | INFO  | Hard-clipped 32 w_cons parameters to delta_max=0.1000 bound.
2026-08-11 20:44:44 | sleep.weights.plasticity       | INFO  | Hard-clipped 29 w_cons parameters to delta_max=0.1000 bound.
2026-08-11 20:44:44 | sleep.weights.plasticity       | INFO  | Hard-clipped 29 w_cons parameters to delta_max=0.1000 bound.
2026-08-11 20:44:44 | sleep.weights.plasticity       | INFO  | Hard-clipped 30 w_cons parameters to delta_max=0.1000 bound.
2026-08-11 20:44:44 | sleep.weights.plasticity       | INFO  | Hard-clipped 31 w_cons parameters to delta_max=0.1000 bound.
2026-08-11 20:44:45 | sleep.weights.plasticity       | INFO  | Hard-clipped 29 w_cons parameters to delta_max=0.1000 bound.
2026-08-11 20:44:45 | sleep.weights.plasticity       | INFO  | Hard-clipped 27 w_cons parameters to delta_max=0.1000 bound.
2026-08-11 20:44:45 | sleep.weights.plasticity       | INFO  | Hard-clipped 30 w_cons parameters to delta_max=0.1000 bound.
2026-08-11 20:44:45 | sleep.weights.plasticity       | INFO  | Hard-clipped 31 w_cons parameters to delta_max=0.1000 bound.
2026-08-11 20:44:45 | sleep.weights.plasticity       | INFO  | Hard-clipped 31 w_cons parameters to delta_max=0.1000 bound.
2026-08-11 20:44:45 | sleep.weights.plasticity       | INFO  | Hard-clipped 33 w_cons parameters to delta_max=0.1000 bound.
2026-08-11 20:44:45 | sleep.weights.plasticity       | INFO  | Hard-clipped 32 w_cons parameters to delta_max=0.1000 bound.
2026-08-11 20:44:46 | sleep.weights.plasticity       | INFO  | Hard-clipped 32 w_cons parameters to delta_max=0.1000 bound.
2026-08-11 20:44:46 | sleep.weights.plasticity       | INFO  | Hard-clipped 30 w_cons parameters to delta_max=0.1000 bound.
2026-08-11 20:44:46 | sleep.weights.plasticity       | INFO  | Hard-clipped 28 w_cons parameters to delta_max=0.1000 bound.
2026-08-11 20:44:46 | sleep.weights.plasticity       | INFO  | Hard-clipped 30 w_cons parameters to delta_max=0.1000 bound.
2026-08-11 20:44:46 | sleep.weights.plasticity       | INFO  | Hard-clipped 31 w_cons parameters to delta_max=0.1000 bound.
2026-08-11 20:44:46 | sleep.weights.plasticity       | INFO  | Hard-clipped 31 w_cons parameters to delta_max=0.1000 bound.
2026-08-11 20:44:46 | sleep.weights.plasticity       | INFO  | Hard-clipped 33 w_cons parameters to delta_max=0.1000 bound.
2026-08-11 20:44:47 | sleep.weights.plasticity       | INFO  | Hard-clipped 33 w_cons parameters to delta_max=0.1000 bound.
2026-08-11 20:44:47 | sleep.weights.plasticity       | INFO  | Hard-clipped 33 w_cons parameters to delta_max=0.1000 bound.
2026-08-11 20:44:47 | sleep.weights.plasticity       | INFO  | Hard-clipped 33 w_cons parameters to delta_max=0.1000 bound.
2026-08-11 20:44:47 | sleep.weights.plasticity       | INFO  | Hard-clipped 33 w_cons parameters to delta_max=0.1000 bound.
2026-08-11 20:44:47 | sleep.weights.plasticity       | INFO  | Hard-clipped 33 w_cons parameters to delta_max=0.1000 bound.
2026-08-11 20:44:47 | sleep.weights.plasticity       | INFO  | Hard-clipped 32 w_cons parameters to delta_max=0.1000 bound.
2026-08-11 20:44:48 | sleep.weights.plasticity       | INFO  | Hard-clipped 33 w_cons parameters to delta_max=0.1000 bound.
2026-08-11 20:44:48 | sleep.weights.plasticity       | INFO  | Hard-clipped 33 w_cons parameters to delta_max=0.1000 bound.
2026-08-11 20:44:48 | sleep.weights.plasticity       | INFO  | Hard-clipped 33 w_cons parameters to delta_max=0.1000 bound.
2026-08-11 20:44:48 | sleep.weights.plasticity       | INFO  | Hard-clipped 29 w_cons parameters to delta_max=0.1000 bound.
2026-08-11 20:44:48 | sleep.weights.plasticity       | INFO  | Hard-clipped 30 w_cons parameters to delta_max=0.1000 bound.
2026-08-11 20:44:48 | sleep.weights.plasticity       | INFO  | Hard-clipped 31 w_cons parameters to delta_max=0.1000 bound.
2026-08-11 20:44:48 | sleep.weights.plasticity       | INFO  | Hard-clipped 32 w_cons parameters to delta_max=0.1000 bound.
2026-08-11 20:44:49 | sleep.weights.plasticity       | INFO  | Hard-clipped 32 w_cons parameters to delta_max=0.1000 bound.
2026-08-11 20:44:49 | sleep.weights.plasticity       | INFO  | Hard-clipped 33 w_cons parameters to delta_max=0.1000 bound.
2026-08-11 20:44:49 | sleep.weights.plasticity       | INFO  | Hard-clipped 33 w_cons parameters to delta_max=0.1000 bound.
2026-08-11 20:44:49 | sleep.weights.plasticity       | INFO  | Hard-clipped 33 w_cons parameters to delta_max=0.1000 bound.
2026-08-11 20:44:49 | sleep.weights.plasticity       | INFO  | Hard-clipped 32 w_cons parameters to delta_max=0.1000 bound.
2026-08-11 20:44:49 | sleep.weights.plasticity       | INFO  | Hard-clipped 33 w_cons parameters to delta_max=0.1000 bound.
2026-08-11 20:44:49 | sleep.weights.plasticity       | INFO  | Hard-clipped 33 w_cons parameters to delta_max=0.1000 bound.
2026-08-11 20:44:50 | sleep.weights.plasticity       | INFO  | Hard-clipped 33 w_cons parameters to delta_max=0.1000 bound.
2026-08-11 20:44:50 | sleep.weights.plasticity       | INFO  | Hard-clipped 33 w_cons parameters to delta_max=0.1000 bound.
2026-08-11 20:44:50 | sleep.weights.plasticity       | INFO  | Hard-clipped 33 w_cons parameters to delta_max=0.1000 bound.
2026-08-11 20:44:50 | sleep.weights.plasticity       | INFO  | Hard-clipped 33 w_cons parameters to delta_max=0.1000 bound.
2026-08-11 20:44:50 | sleep.weights.plasticity       | INFO  | Hard-clipped 32 w_cons parameters to delta_max=0.1000 bound.
2026-08-11 20:44:50 | sleep.weights.plasticity       | INFO  | Hard-clipped 33 w_cons parameters to delta_max=0.1000 bound.
2026-08-11 20:44:50 | sleep.weights.plasticity       | INFO  | Hard-clipped 33 w_cons parameters to delta_max=0.1000 bound.
2026-08-11 20:44:51 | sleep.weights.plasticity       | INFO  | Hard-clipped 33 w_cons parameters to delta_max=0.1000 bound.
2026-08-11 20:44:51 | sleep.weights.plasticity       | INFO  | Hard-clipped 33 w_cons parameters to delta_max=0.1000 bound.
2026-08-11 20:44:51 | sleep.weights.plasticity       | INFO  | Hard-clipped 33 w_cons parameters to delta_max=0.1000 bound.
2026-08-11 20:44:51 | sleep.weights.plasticity       | INFO  | Hard-clipped 33 w_cons parameters to delta_max=0.1000 bound.
2026-08-11 20:44:51 | sleep.weights.plasticity       | INFO  | Hard-clipped 33 w_cons parameters to delta_max=0.1000 bound.
2026-08-11 20:44:51 | sleep.weights.plasticity       | INFO  | Hard-clipped 33 w_cons parameters to delta_max=0.1000 bound.
2026-08-11 20:44:51 | sleep.weights.plasticity       | INFO  | Hard-clipped 33 w_cons parameters to delta_max=0.1000 bound.
2026-08-11 20:44:52 | sleep.weights.plasticity       | INFO  | Hard-clipped 33 w_cons parameters to delta_max=0.1000 bound.
2026-08-11 20:44:52 | sleep.weights.plasticity       | INFO  | Hard-clipped 33 w_cons parameters to delta_max=0.1000 bound.
2026-08-11 20:44:52 | sleep.weights.plasticity       | INFO  | Hard-clipped 33 w_cons parameters to delta_max=0.1000 bound.
2026-08-11 20:44:52 | sleep.weights.plasticity       | INFO  | Hard-clipped 33 w_cons parameters to delta_max=0.1000 bound.
2026-08-11 20:44:52 | sleep.weights.plasticity       | INFO  | Hard-clipped 33 w_cons parameters to delta_max=0.1000 bound.
2026-08-11 20:44:52 | sleep.weights.plasticity       | INFO  | Hard-clipped 33 w_cons parameters to delta_max=0.1000 bound.
2026-08-11 20:44:53 | sleep.weights.plasticity       | INFO  | Hard-clipped 31 w_cons parameters to delta_max=0.1000 bound.
2026-08-11 20:44:53 | sleep.weights.plasticity       | INFO  | Hard-clipped 32 w_cons parameters to delta_max=0.1000 bound.
2026-08-11 20:44:53 | sleep.weights.plasticity       | INFO  | Hard-clipped 32 w_cons parameters to delta_max=0.1000 bound.
2026-08-11 20:44:53 | sleep.weights.plasticity       | INFO  | Hard-clipped 31 w_cons parameters to delta_max=0.1000 bound.
2026-08-11 20:44:53 | sleep.weights.plasticity       | INFO  | Hard-clipped 32 w_cons parameters to delta_max=0.1000 bound.
2026-08-11 20:44:53 | sleep.weights.plasticity       | INFO  | Hard-clipped 32 w_cons parameters to delta_max=0.1000 bound.
2026-08-11 20:44:53 | sleep.weights.plasticity       | INFO  | Hard-clipped 33 w_cons parameters to delta_max=0.1000 bound.
2026-08-11 20:44:54 | sleep.weights.plasticity       | INFO  | Hard-clipped 33 w_cons parameters to delta_max=0.1000 bound.
2026-08-11 20:44:54 | sleep.weights.plasticity       | INFO  | Hard-clipped 33 w_cons parameters to delta_max=0.1000 bound.
2026-08-11 20:44:54 | sleep.weights.plasticity       | INFO  | Hard-clipped 33 w_cons parameters to delta_max=0.1000 bound.
2026-08-11 20:44:54 | sleep.weights.plasticity       | INFO  | Hard-clipped 32 w_cons parameters to delta_max=0.1000 bound.
2026-08-11 20:44:54 | sleep.weights.plasticity       | INFO  | Hard-clipped 32 w_cons parameters to delta_max=0.1000 bound.
2026-08-11 20:44:54 | sleep.weights.plasticity       | INFO  | Hard-clipped 30 w_cons parameters to delta_max=0.1000 bound.
2026-08-11 20:44:54 | sleep.sleep_engine.train       | INFO  |   distill step 600/1500 | loss=1.1950 (kl=0.7516 ce=0.8868) | lr=7.50e-05
2026-08-11 20:44:54 | sleep.weights.plasticity       | INFO  | Hard-clipped 32 w_cons parameters to delta_max=0.1000 bound.
2026-08-11 20:44:55 | sleep.weights.plasticity       | INFO  | Hard-clipped 31 w_cons parameters to delta_max=0.1000 bound.
2026-08-11 20:44:55 | sleep.weights.plasticity       | INFO  | Hard-clipped 27 w_cons parameters to delta_max=0.1000 bound.
2026-08-11 20:44:55 | sleep.weights.plasticity       | INFO  | Hard-clipped 26 w_cons parameters to delta_max=0.1000 bound.
2026-08-11 20:44:55 | sleep.weights.plasticity       | INFO  | Hard-clipped 25 w_cons parameters to delta_max=0.1000 bound.
2026-08-11 20:44:55 | sleep.weights.plasticity       | INFO  | Hard-clipped 27 w_cons parameters to delta_max=0.1000 bound.
2026-08-11 20:44:55 | sleep.weights.plasticity       | INFO  | Hard-clipped 27 w_cons parameters to delta_max=0.1000 bound.
2026-08-11 20:44:55 | sleep.weights.plasticity       | INFO  | Hard-clipped 28 w_cons parameters to delta_max=0.1000 bound.
2026-08-11 20:44:56 | sleep.weights.plasticity       | INFO  | Hard-clipped 29 w_cons parameters to delta_max=0.1000 bound.
2026-08-11 20:44:56 | sleep.weights.plasticity       | INFO  | Hard-clipped 29 w_cons parameters to delta_max=0.1000 bound.
2026-08-11 20:44:56 | sleep.weights.plasticity       | INFO  | Hard-clipped 29 w_cons parameters to delta_max=0.1000 bound.
2026-08-11 20:44:56 | sleep.weights.plasticity       | INFO  | Hard-clipped 30 w_cons parameters to delta_max=0.1000 bound.
2026-08-11 20:44:56 | sleep.weights.plasticity       | INFO  | Hard-clipped 31 w_cons parameters to delta_max=0.1000 bound.
2026-08-11 20:44:56 | sleep.weights.plasticity       | INFO  | Hard-clipped 31 w_cons parameters to delta_max=0.1000 bound.
2026-08-11 20:44:56 | sleep.weights.plasticity       | INFO  | Hard-clipped 32 w_cons parameters to delta_max=0.1000 bound.
2026-08-11 20:44:57 | sleep.weights.plasticity       | INFO  | Hard-clipped 32 w_cons parameters to delta_max=0.1000 bound.
2026-08-11 20:44:57 | sleep.weights.plasticity       | INFO  | Hard-clipped 33 w_cons parameters to delta_max=0.1000 bound.
2026-08-11 20:44:57 | sleep.weights.plasticity       | INFO  | Hard-clipped 33 w_cons parameters to delta_max=0.1000 bound.
2026-08-11 20:44:57 | sleep.weights.plasticity       | INFO  | Hard-clipped 33 w_cons parameters to delta_max=0.1000 bound.
2026-08-11 20:44:57 | sleep.weights.plasticity       | INFO  | Hard-clipped 33 w_cons parameters to delta_max=0.1000 bound.
2026-08-11 20:44:57 | sleep.weights.plasticity       | INFO  | Hard-clipped 33 w_cons parameters to delta_max=0.1000 bound.
2026-08-11 20:44:57 | sleep.weights.plasticity       | INFO  | Hard-clipped 33 w_cons parameters to delta_max=0.1000 bound.
2026-08-11 20:44:58 | sleep.weights.plasticity       | INFO  | Hard-clipped 33 w_cons parameters to delta_max=0.1000 bound.
2026-08-11 20:44:58 | sleep.weights.plasticity       | INFO  | Hard-clipped 33 w_cons parameters to delta_max=0.1000 bound.
2026-08-11 20:44:58 | sleep.weights.plasticity       | INFO  | Hard-clipped 32 w_cons parameters to delta_max=0.1000 bound.
2026-08-11 20:44:58 | sleep.weights.plasticity       | INFO  | Hard-clipped 32 w_cons parameters to delta_max=0.1000 bound.
2026-08-11 20:44:58 | sleep.weights.plasticity       | INFO  | Hard-clipped 32 w_cons parameters to delta_max=0.1000 bound.
2026-08-11 20:44:58 | sleep.weights.plasticity       | INFO  | Hard-clipped 32 w_cons parameters to delta_max=0.1000 bound.
2026-08-11 20:44:58 | sleep.weights.plasticity       | INFO  | Hard-clipped 32 w_cons parameters to delta_max=0.1000 bound.
2026-08-11 20:44:59 | sleep.weights.plasticity       | INFO  | Hard-clipped 32 w_cons parameters to delta_max=0.1000 bound.
2026-08-11 20:44:59 | sleep.weights.plasticity       | INFO  | Hard-clipped 32 w_cons parameters to delta_max=0.1000 bound.
2026-08-11 20:44:59 | sleep.weights.plasticity       | INFO  | Hard-clipped 32 w_cons parameters to delta_max=0.1000 bound.
2026-08-11 20:44:59 | sleep.weights.plasticity       | INFO  | Hard-clipped 31 w_cons parameters to delta_max=0.1000 bound.
2026-08-11 20:44:59 | sleep.weights.plasticity       | INFO  | Hard-clipped 32 w_cons parameters to delta_max=0.1000 bound.
2026-08-11 20:44:59 | sleep.weights.plasticity       | INFO  | Hard-clipped 33 w_cons parameters to delta_max=0.1000 bound.
2026-08-11 20:45:00 | sleep.weights.plasticity       | INFO  | Hard-clipped 33 w_cons parameters to delta_max=0.1000 bound.
2026-08-11 20:45:00 | sleep.weights.plasticity       | INFO  | Hard-clipped 33 w_cons parameters to delta_max=0.1000 bound.
2026-08-11 20:45:00 | sleep.weights.plasticity       | INFO  | Hard-clipped 33 w_cons parameters to delta_max=0.1000 bound.
2026-08-11 20:45:00 | sleep.weights.plasticity       | INFO  | Hard-clipped 34 w_cons parameters to delta_max=0.1000 bound.
2026-08-11 20:45:00 | sleep.weights.plasticity       | INFO  | Hard-clipped 34 w_cons parameters to delta_max=0.1000 bound.
2026-08-11 20:45:00 | sleep.weights.plasticity       | INFO  | Hard-clipped 34 w_cons parameters to delta_max=0.1000 bound.
2026-08-11 20:45:00 | sleep.weights.plasticity       | INFO  | Hard-clipped 34 w_cons parameters to delta_max=0.1000 bound.
2026-08-11 20:45:01 | sleep.weights.plasticity       | INFO  | Hard-clipped 34 w_cons parameters to delta_max=0.1000 bound.
2026-08-11 20:45:01 | sleep.weights.plasticity       | INFO  | Hard-clipped 34 w_cons parameters to delta_max=0.1000 bound.
2026-08-11 20:45:01 | sleep.weights.plasticity       | INFO  | Hard-clipped 34 w_cons parameters to delta_max=0.1000 bound.
2026-08-11 20:45:01 | sleep.weights.plasticity       | INFO  | Hard-clipped 34 w_cons parameters to delta_max=0.1000 bound.
2026-08-11 20:45:01 | sleep.weights.plasticity       | INFO  | Hard-clipped 34 w_cons parameters to delta_max=0.1000 bound.
2026-08-11 20:45:01 | sleep.weights.plasticity       | INFO  | Hard-clipped 34 w_cons parameters to delta_max=0.1000 bound.
2026-08-11 20:45:02 | sleep.weights.plasticity       | INFO  | Hard-clipped 31 w_cons parameters to delta_max=0.1000 bound.
2026-08-11 20:45:02 | sleep.weights.plasticity       | INFO  | Hard-clipped 33 w_cons parameters to delta_max=0.1000 bound.
2026-08-11 20:45:02 | sleep.weights.plasticity       | INFO  | Hard-clipped 33 w_cons parameters to delta_max=0.1000 bound.
2026-08-11 20:45:02 | sleep.weights.plasticity       | INFO  | Hard-clipped 33 w_cons parameters to delta_max=0.1000 bound.
2026-08-11 20:45:02 | sleep.weights.plasticity       | INFO  | Hard-clipped 33 w_cons parameters to delta_max=0.1000 bound.
2026-08-11 20:45:02 | sleep.weights.plasticity       | INFO  | Hard-clipped 34 w_cons parameters to delta_max=0.1000 bound.
2026-08-11 20:45:02 | sleep.weights.plasticity       | INFO  | Hard-clipped 34 w_cons parameters to delta_max=0.1000 bound.
2026-08-11 20:45:03 | sleep.weights.plasticity       | INFO  | Hard-clipped 34 w_cons parameters to delta_max=0.1000 bound.
2026-08-11 20:45:03 | sleep.weights.plasticity       | INFO  | Hard-clipped 34 w_cons parameters to delta_max=0.1000 bound.
2026-08-11 20:45:03 | sleep.weights.plasticity       | INFO  | Hard-clipped 34 w_cons parameters to delta_max=0.1000 bound.
2026-08-11 20:45:03 | sleep.weights.plasticity       | INFO  | Hard-clipped 34 w_cons parameters to delta_max=0.1000 bound.
2026-08-11 20:45:03 | sleep.weights.plasticity       | INFO  | Hard-clipped 34 w_cons parameters to delta_max=0.1000 bound.
2026-08-11 20:45:03 | sleep.weights.plasticity       | INFO  | Hard-clipped 34 w_cons parameters to delta_max=0.1000 bound.
2026-08-11 20:45:04 | sleep.weights.plasticity       | INFO  | Hard-clipped 34 w_cons parameters to delta_max=0.1000 bound.
2026-08-11 20:45:04 | sleep.weights.plasticity       | INFO  | Hard-clipped 34 w_cons parameters to delta_max=0.1000 bound.
2026-08-11 20:45:04 | sleep.weights.plasticity       | INFO  | Hard-clipped 34 w_cons parameters to delta_max=0.1000 bound.
2026-08-11 20:45:04 | sleep.weights.plasticity       | INFO  | Hard-clipped 34 w_cons parameters to delta_max=0.1000 bound.
2026-08-11 20:45:04 | sleep.weights.plasticity       | INFO  | Hard-clipped 34 w_cons parameters to delta_max=0.1000 bound.
2026-08-11 20:45:04 | sleep.weights.plasticity       | INFO  | Hard-clipped 35 w_cons parameters to delta_max=0.1000 bound.
2026-08-11 20:45:04 | sleep.weights.plasticity       | INFO  | Hard-clipped 35 w_cons parameters to delta_max=0.1000 bound.
2026-08-11 20:45:05 | sleep.weights.plasticity       | INFO  | Hard-clipped 35 w_cons parameters to delta_max=0.1000 bound.
2026-08-11 20:45:05 | sleep.weights.plasticity       | INFO  | Hard-clipped 35 w_cons parameters to delta_max=0.1000 bound.
2026-08-11 20:45:05 | sleep.weights.plasticity       | INFO  | Hard-clipped 35 w_cons parameters to delta_max=0.1000 bound.
2026-08-11 20:45:05 | sleep.weights.plasticity       | INFO  | Hard-clipped 35 w_cons parameters to delta_max=0.1000 bound.
2026-08-11 20:45:05 | sleep.weights.plasticity       | INFO  | Hard-clipped 35 w_cons parameters to delta_max=0.1000 bound.
2026-08-11 20:45:05 | sleep.weights.plasticity       | INFO  | Hard-clipped 35 w_cons parameters to delta_max=0.1000 bound.
2026-08-11 20:45:06 | sleep.weights.plasticity       | INFO  | Hard-clipped 35 w_cons parameters to delta_max=0.1000 bound.
2026-08-11 20:45:06 | sleep.weights.plasticity       | INFO  | Hard-clipped 35 w_cons parameters to delta_max=0.1000 bound.
2026-08-11 20:45:06 | sleep.weights.plasticity       | INFO  | Hard-clipped 35 w_cons parameters to delta_max=0.1000 bound.
2026-08-11 20:45:06 | sleep.weights.plasticity       | INFO  | Hard-clipped 35 w_cons parameters to delta_max=0.1000 bound.
2026-08-11 20:45:06 | sleep.weights.plasticity       | INFO  | Hard-clipped 33 w_cons parameters to delta_max=0.1000 bound.
2026-08-11 20:45:06 | sleep.weights.plasticity       | INFO  | Hard-clipped 33 w_cons parameters to delta_max=0.1000 bound.
2026-08-11 20:45:06 | sleep.weights.plasticity       | INFO  | Hard-clipped 33 w_cons parameters to delta_max=0.1000 bound.
2026-08-11 20:45:07 | sleep.weights.plasticity       | INFO  | Hard-clipped 32 w_cons parameters to delta_max=0.1000 bound.
2026-08-11 20:45:07 | sleep.weights.plasticity       | INFO  | Hard-clipped 33 w_cons parameters to delta_max=0.1000 bound.
2026-08-11 20:45:07 | sleep.weights.plasticity       | INFO  | Hard-clipped 33 w_cons parameters to delta_max=0.1000 bound.
2026-08-11 20:45:07 | sleep.weights.plasticity       | INFO  | Hard-clipped 31 w_cons parameters to delta_max=0.1000 bound.
2026-08-11 20:45:07 | sleep.weights.plasticity       | INFO  | Hard-clipped 31 w_cons parameters to delta_max=0.1000 bound.
2026-08-11 20:45:07 | sleep.weights.plasticity       | INFO  | Hard-clipped 32 w_cons parameters to delta_max=0.1000 bound.
2026-08-11 20:45:07 | sleep.weights.plasticity       | INFO  | Hard-clipped 33 w_cons parameters to delta_max=0.1000 bound.
2026-08-11 20:45:08 | sleep.weights.plasticity       | INFO  | Hard-clipped 33 w_cons parameters to delta_max=0.1000 bound.
2026-08-11 20:45:08 | sleep.weights.plasticity       | INFO  | Hard-clipped 29 w_cons parameters to delta_max=0.1000 bound.
2026-08-11 20:45:08 | sleep.weights.plasticity       | INFO  | Hard-clipped 27 w_cons parameters to delta_max=0.1000 bound.
2026-08-11 20:45:08 | sleep.weights.plasticity       | INFO  | Hard-clipped 30 w_cons parameters to delta_max=0.1000 bound.
2026-08-11 20:45:08 | sleep.weights.plasticity       | INFO  | Hard-clipped 30 w_cons parameters to delta_max=0.1000 bound.
2026-08-11 20:45:08 | sleep.weights.plasticity       | INFO  | Hard-clipped 30 w_cons parameters to delta_max=0.1000 bound.
2026-08-11 20:45:09 | sleep.weights.plasticity       | INFO  | Hard-clipped 31 w_cons parameters to delta_max=0.1000 bound.
2026-08-11 20:45:09 | sleep.weights.plasticity       | INFO  | Hard-clipped 33 w_cons parameters to delta_max=0.1000 bound.
2026-08-11 20:45:09 | sleep.weights.plasticity       | INFO  | Hard-clipped 33 w_cons parameters to delta_max=0.1000 bound.
2026-08-11 20:45:09 | sleep.weights.plasticity       | INFO  | Hard-clipped 33 w_cons parameters to delta_max=0.1000 bound.
2026-08-11 20:45:09 | sleep.weights.plasticity       | INFO  | Hard-clipped 33 w_cons parameters to delta_max=0.1000 bound.
2026-08-11 20:45:09 | sleep.weights.plasticity       | INFO  | Hard-clipped 34 w_cons parameters to delta_max=0.1000 bound.
2026-08-11 20:45:09 | sleep.weights.plasticity       | INFO  | Hard-clipped 34 w_cons parameters to delta_max=0.1000 bound.
2026-08-11 20:45:10 | sleep.weights.plasticity       | INFO  | Hard-clipped 31 w_cons parameters to delta_max=0.1000 bound.
2026-08-11 20:45:10 | sleep.weights.plasticity       | INFO  | Hard-clipped 28 w_cons parameters to delta_max=0.1000 bound.
2026-08-11 20:45:10 | sleep.weights.plasticity       | INFO  | Hard-clipped 29 w_cons parameters to delta_max=0.1000 bound.
2026-08-11 20:45:10 | sleep.weights.plasticity       | INFO  | Hard-clipped 29 w_cons parameters to delta_max=0.1000 bound.
2026-08-11 20:45:10 | sleep.weights.plasticity       | INFO  | Hard-clipped 31 w_cons parameters to delta_max=0.1000 bound.
2026-08-11 20:45:10 | sleep.weights.plasticity       | INFO  | Hard-clipped 31 w_cons parameters to delta_max=0.1000 bound.
2026-08-11 20:45:10 | sleep.weights.plasticity       | INFO  | Hard-clipped 32 w_cons parameters to delta_max=0.1000 bound.
2026-08-11 20:45:11 | sleep.weights.plasticity       | INFO  | Hard-clipped 32 w_cons parameters to delta_max=0.1000 bound.
2026-08-11 20:45:11 | sleep.weights.plasticity       | INFO  | Hard-clipped 33 w_cons parameters to delta_max=0.1000 bound.
2026-08-11 20:45:11 | sleep.weights.plasticity       | INFO  | Hard-clipped 34 w_cons parameters to delta_max=0.1000 bound.
2026-08-11 20:45:11 | sleep.weights.plasticity       | INFO  | Hard-clipped 34 w_cons parameters to delta_max=0.1000 bound.
2026-08-11 20:45:11 | sleep.weights.plasticity       | INFO  | Hard-clipped 34 w_cons parameters to delta_max=0.1000 bound.
2026-08-11 20:45:11 | sleep.weights.plasticity       | INFO  | Hard-clipped 35 w_cons parameters to delta_max=0.1000 bound.
2026-08-11 20:45:11 | sleep.weights.plasticity       | INFO  | Hard-clipped 35 w_cons parameters to delta_max=0.1000 bound.
2026-08-11 20:45:12 | sleep.weights.plasticity       | INFO  | Hard-clipped 35 w_cons parameters to delta_max=0.1000 bound.
2026-08-11 20:45:12 | sleep.weights.plasticity       | INFO  | Hard-clipped 35 w_cons parameters to delta_max=0.1000 bound.
2026-08-11 20:45:12 | sleep.weights.plasticity       | INFO  | Hard-clipped 35 w_cons parameters to delta_max=0.1000 bound.
2026-08-11 20:45:12 | sleep.weights.plasticity       | INFO  | Hard-clipped 35 w_cons parameters to delta_max=0.1000 bound.
2026-08-11 20:45:12 | sleep.weights.plasticity       | INFO  | Hard-clipped 35 w_cons parameters to delta_max=0.1000 bound.
2026-08-11 20:45:12 | sleep.weights.plasticity       | INFO  | Hard-clipped 35 w_cons parameters to delta_max=0.1000 bound.
2026-08-11 20:45:13 | sleep.weights.plasticity       | INFO  | Hard-clipped 35 w_cons parameters to delta_max=0.1000 bound.
2026-08-11 20:45:13 | sleep.weights.plasticity       | INFO  | Hard-clipped 35 w_cons parameters to delta_max=0.1000 bound.
2026-08-11 20:45:13 | sleep.weights.plasticity       | INFO  | Hard-clipped 34 w_cons parameters to delta_max=0.1000 bound.
2026-08-11 20:45:13 | sleep.weights.plasticity       | INFO  | Hard-clipped 34 w_cons parameters to delta_max=0.1000 bound.
2026-08-11 20:45:13 | sleep.weights.plasticity       | INFO  | Hard-clipped 33 w_cons parameters to delta_max=0.1000 bound.
2026-08-11 20:45:13 | sleep.weights.plasticity       | INFO  | Hard-clipped 33 w_cons parameters to delta_max=0.1000 bound.
2026-08-11 20:45:13 | sleep.weights.plasticity       | INFO  | Hard-clipped 34 w_cons parameters to delta_max=0.1000 bound.
2026-08-11 20:45:14 | sleep.weights.plasticity       | INFO  | Hard-clipped 35 w_cons parameters to delta_max=0.1000 bound.
2026-08-11 20:45:14 | sleep.weights.plasticity       | INFO  | Hard-clipped 35 w_cons parameters to delta_max=0.1000 bound.
2026-08-11 20:45:14 | sleep.weights.plasticity       | INFO  | Hard-clipped 35 w_cons parameters to delta_max=0.1000 bound.
2026-08-11 20:45:14 | sleep.weights.plasticity       | INFO  | Hard-clipped 35 w_cons parameters to delta_max=0.1000 bound.
2026-08-11 20:45:14 | sleep.weights.plasticity       | INFO  | Hard-clipped 35 w_cons parameters to delta_max=0.1000 bound.
2026-08-11 20:45:14 | sleep.weights.plasticity       | INFO  | Hard-clipped 35 w_cons parameters to delta_max=0.1000 bound.
2026-08-11 20:45:14 | sleep.weights.plasticity       | INFO  | Hard-clipped 35 w_cons parameters to delta_max=0.1000 bound.
2026-08-11 20:45:15 | sleep.weights.plasticity       | INFO  | Hard-clipped 34 w_cons parameters to delta_max=0.1000 bound.
2026-08-11 20:45:15 | sleep.weights.plasticity       | INFO  | Hard-clipped 35 w_cons parameters to delta_max=0.1000 bound.
2026-08-11 20:45:15 | sleep.weights.plasticity       | INFO  | Hard-clipped 35 w_cons parameters to delta_max=0.1000 bound.
2026-08-11 20:45:15 | sleep.weights.plasticity       | INFO  | Hard-clipped 34 w_cons parameters to delta_max=0.1000 bound.
2026-08-11 20:45:15 | sleep.weights.plasticity       | INFO  | Hard-clipped 33 w_cons parameters to delta_max=0.1000 bound.
2026-08-11 20:45:15 | sleep.weights.plasticity       | INFO  | Hard-clipped 33 w_cons parameters to delta_max=0.1000 bound.
2026-08-11 20:45:15 | sleep.weights.plasticity       | INFO  | Hard-clipped 34 w_cons parameters to delta_max=0.1000 bound.
2026-08-11 20:45:16 | sleep.weights.plasticity       | INFO  | Hard-clipped 35 w_cons parameters to delta_max=0.1000 bound.
2026-08-11 20:45:16 | sleep.weights.plasticity       | INFO  | Hard-clipped 35 w_cons parameters to delta_max=0.1000 bound.
2026-08-11 20:45:16 | sleep.weights.plasticity       | INFO  | Hard-clipped 35 w_cons parameters to delta_max=0.1000 bound.
2026-08-11 20:45:16 | sleep.weights.plasticity       | INFO  | Hard-clipped 35 w_cons parameters to delta_max=0.1000 bound.
2026-08-11 20:45:16 | sleep.weights.plasticity       | INFO  | Hard-clipped 35 w_cons parameters to delta_max=0.1000 bound.
2026-08-11 20:45:16 | sleep.weights.plasticity       | INFO  | Hard-clipped 35 w_cons parameters to delta_max=0.1000 bound.
2026-08-11 20:45:16 | sleep.weights.plasticity       | INFO  | Hard-clipped 35 w_cons parameters to delta_max=0.1000 bound.
2026-08-11 20:45:17 | sleep.weights.plasticity       | INFO  | Hard-clipped 35 w_cons parameters to delta_max=0.1000 bound.
2026-08-11 20:45:17 | sleep.sleep_engine.train       | INFO  |   distill step 750/1500 | loss=0.7341 (kl=0.5505 ce=0.3671) | lr=5.87e-05
2026-08-11 20:45:17 | sleep.weights.plasticity       | INFO  | Hard-clipped 35 w_cons parameters to delta_max=0.1000 bound.
2026-08-11 20:45:17 | sleep.weights.plasticity       | INFO  | Hard-clipped 35 w_cons parameters to delta_max=0.1000 bound.
2026-08-11 20:45:17 | sleep.weights.plasticity       | INFO  | Hard-clipped 35 w_cons parameters to delta_max=0.1000 bound.
2026-08-11 20:45:17 | sleep.weights.plasticity       | INFO  | Hard-clipped 35 w_cons parameters to delta_max=0.1000 bound.
2026-08-11 20:45:17 | sleep.weights.plasticity       | INFO  | Hard-clipped 35 w_cons parameters to delta_max=0.1000 bound.
2026-08-11 20:45:18 | sleep.weights.plasticity       | INFO  | Hard-clipped 35 w_cons parameters to delta_max=0.1000 bound.
2026-08-11 20:45:18 | sleep.weights.plasticity       | INFO  | Hard-clipped 35 w_cons parameters to delta_max=0.1000 bound.
2026-08-11 20:45:18 | sleep.weights.plasticity       | INFO  | Hard-clipped 35 w_cons parameters to delta_max=0.1000 bound.
2026-08-11 20:45:18 | sleep.weights.plasticity       | INFO  | Hard-clipped 35 w_cons parameters to delta_max=0.1000 bound.
2026-08-11 20:45:18 | sleep.weights.plasticity       | INFO  | Hard-clipped 35 w_cons parameters to delta_max=0.1000 bound.
2026-08-11 20:45:18 | sleep.weights.plasticity       | INFO  | Hard-clipped 35 w_cons parameters to delta_max=0.1000 bound.
2026-08-11 20:45:18 | sleep.weights.plasticity       | INFO  | Hard-clipped 35 w_cons parameters to delta_max=0.1000 bound.
2026-08-11 20:45:19 | sleep.weights.plasticity       | INFO  | Hard-clipped 35 w_cons parameters to delta_max=0.1000 bound.
2026-08-11 20:45:19 | sleep.weights.plasticity       | INFO  | Hard-clipped 35 w_cons parameters to delta_max=0.1000 bound.
2026-08-11 20:45:19 | sleep.weights.plasticity       | INFO  | Hard-clipped 35 w_cons parameters to delta_max=0.1000 bound.
2026-08-11 20:45:19 | sleep.weights.plasticity       | INFO  | Hard-clipped 35 w_cons parameters to delta_max=0.1000 bound.
2026-08-11 20:45:19 | sleep.weights.plasticity       | INFO  | Hard-clipped 35 w_cons parameters to delta_max=0.1000 bound.
2026-08-11 20:45:19 | sleep.weights.plasticity       | INFO  | Hard-clipped 35 w_cons parameters to delta_max=0.1000 bound.
2026-08-11 20:45:20 | sleep.weights.plasticity       | INFO  | Hard-clipped 35 w_cons parameters to delta_max=0.1000 bound.
2026-08-11 20:45:20 | sleep.weights.plasticity       | INFO  | Hard-clipped 35 w_cons parameters to delta_max=0.1000 bound.
2026-08-11 20:45:20 | sleep.weights.plasticity       | INFO  | Hard-clipped 35 w_cons parameters to delta_max=0.1000 bound.
2026-08-11 20:45:20 | sleep.weights.plasticity       | INFO  | Hard-clipped 35 w_cons parameters to delta_max=0.1000 bound.
2026-08-11 20:45:20 | sleep.weights.plasticity       | INFO  | Hard-clipped 35 w_cons parameters to delta_max=0.1000 bound.
2026-08-11 20:45:20 | sleep.weights.plasticity       | INFO  | Hard-clipped 35 w_cons parameters to delta_max=0.1000 bound.
2026-08-11 20:45:20 | sleep.weights.plasticity       | INFO  | Hard-clipped 35 w_cons parameters to delta_max=0.1000 bound.
2026-08-11 20:45:21 | sleep.weights.plasticity       | INFO  | Hard-clipped 35 w_cons parameters to delta_max=0.1000 bound.
2026-08-11 20:45:21 | sleep.weights.plasticity       | INFO  | Hard-clipped 35 w_cons parameters to delta_max=0.1000 bound.
2026-08-11 20:45:21 | sleep.weights.plasticity       | INFO  | Hard-clipped 35 w_cons parameters to delta_max=0.1000 bound.
2026-08-11 20:45:21 | sleep.weights.plasticity       | INFO  | Hard-clipped 35 w_cons parameters to delta_max=0.1000 bound.
2026-08-11 20:45:21 | sleep.weights.plasticity       | INFO  | Hard-clipped 34 w_cons parameters to delta_max=0.1000 bound.
2026-08-11 20:45:21 | sleep.weights.plasticity       | INFO  | Hard-clipped 34 w_cons parameters to delta_max=0.1000 bound.
2026-08-11 20:45:22 | sleep.weights.plasticity       | INFO  | Hard-clipped 32 w_cons parameters to delta_max=0.1000 bound.
2026-08-11 20:45:22 | sleep.weights.plasticity       | INFO  | Hard-clipped 33 w_cons parameters to delta_max=0.1000 bound.
2026-08-11 20:45:22 | sleep.weights.plasticity       | INFO  | Hard-clipped 33 w_cons parameters to delta_max=0.1000 bound.
2026-08-11 20:45:22 | sleep.weights.plasticity       | INFO  | Hard-clipped 31 w_cons parameters to delta_max=0.1000 bound.
2026-08-11 20:45:22 | sleep.weights.plasticity       | INFO  | Hard-clipped 28 w_cons parameters to delta_max=0.1000 bound.
2026-08-11 20:45:22 | sleep.weights.plasticity       | INFO  | Hard-clipped 32 w_cons parameters to delta_max=0.1000 bound.
2026-08-11 20:45:22 | sleep.weights.plasticity       | INFO  | Hard-clipped 32 w_cons parameters to delta_max=0.1000 bound.
2026-08-11 20:45:23 | sleep.weights.plasticity       | INFO  | Hard-clipped 35 w_cons parameters to delta_max=0.1000 bound.
2026-08-11 20:45:23 | sleep.weights.plasticity       | INFO  | Hard-clipped 35 w_cons parameters to delta_max=0.1000 bound.
2026-08-11 20:45:23 | sleep.weights.plasticity       | INFO  | Hard-clipped 35 w_cons parameters to delta_max=0.1000 bound.
2026-08-11 20:45:23 | sleep.weights.plasticity       | INFO  | Hard-clipped 35 w_cons parameters to delta_max=0.1000 bound.
2026-08-11 20:45:23 | sleep.weights.plasticity       | INFO  | Hard-clipped 32 w_cons parameters to delta_max=0.1000 bound.
2026-08-11 20:45:23 | sleep.weights.plasticity       | INFO  | Hard-clipped 33 w_cons parameters to delta_max=0.1000 bound.
2026-08-11 20:45:24 | sleep.weights.plasticity       | INFO  | Hard-clipped 33 w_cons parameters to delta_max=0.1000 bound.
2026-08-11 20:45:24 | sleep.weights.plasticity       | INFO  | Hard-clipped 33 w_cons parameters to delta_max=0.1000 bound.
2026-08-11 20:45:24 | sleep.weights.plasticity       | INFO  | Hard-clipped 33 w_cons parameters to delta_max=0.1000 bound.
2026-08-11 20:45:24 | sleep.weights.plasticity       | INFO  | Hard-clipped 33 w_cons parameters to delta_max=0.1000 bound.
2026-08-11 20:45:24 | sleep.weights.plasticity       | INFO  | Hard-clipped 33 w_cons parameters to delta_max=0.1000 bound.
2026-08-11 20:45:24 | sleep.weights.plasticity       | INFO  | Hard-clipped 33 w_cons parameters to delta_max=0.1000 bound.
2026-08-11 20:45:24 | sleep.weights.plasticity       | INFO  | Hard-clipped 34 w_cons parameters to delta_max=0.1000 bound.
2026-08-11 20:45:25 | sleep.weights.plasticity       | INFO  | Hard-clipped 35 w_cons parameters to delta_max=0.1000 bound.
2026-08-11 20:45:25 | sleep.weights.plasticity       | INFO  | Hard-clipped 35 w_cons parameters to delta_max=0.1000 bound.
2026-08-11 20:45:25 | sleep.weights.plasticity       | INFO  | Hard-clipped 35 w_cons parameters to delta_max=0.1000 bound.
2026-08-11 20:45:25 | sleep.weights.plasticity       | INFO  | Hard-clipped 35 w_cons parameters to delta_max=0.1000 bound.
2026-08-11 20:45:25 | sleep.weights.plasticity       | INFO  | Hard-clipped 35 w_cons parameters to delta_max=0.1000 bound.
2026-08-11 20:45:25 | sleep.weights.plasticity       | INFO  | Hard-clipped 35 w_cons parameters to delta_max=0.1000 bound.
2026-08-11 20:45:25 | sleep.weights.plasticity       | INFO  | Hard-clipped 35 w_cons parameters to delta_max=0.1000 bound.
2026-08-11 20:45:26 | sleep.weights.plasticity       | INFO  | Hard-clipped 35 w_cons parameters to delta_max=0.1000 bound.
2026-08-11 20:45:26 | sleep.weights.plasticity       | INFO  | Hard-clipped 35 w_cons parameters to delta_max=0.1000 bound.
2026-08-11 20:45:26 | sleep.weights.plasticity       | INFO  | Hard-clipped 35 w_cons parameters to delta_max=0.1000 bound.
2026-08-11 20:45:26 | sleep.weights.plasticity       | INFO  | Hard-clipped 35 w_cons parameters to delta_max=0.1000 bound.
2026-08-11 20:45:26 | sleep.weights.plasticity       | INFO  | Hard-clipped 35 w_cons parameters to delta_max=0.1000 bound.
2026-08-11 20:45:26 | sleep.weights.plasticity       | INFO  | Hard-clipped 34 w_cons parameters to delta_max=0.1000 bound.
2026-08-11 20:45:27 | sleep.weights.plasticity       | INFO  | Hard-clipped 34 w_cons parameters to delta_max=0.1000 bound.
2026-08-11 20:45:27 | sleep.weights.plasticity       | INFO  | Hard-clipped 33 w_cons parameters to delta_max=0.1000 bound.
2026-08-11 20:45:27 | sleep.weights.plasticity       | INFO  | Hard-clipped 33 w_cons parameters to delta_max=0.1000 bound.
2026-08-11 20:45:27 | sleep.weights.plasticity       | INFO  | Hard-clipped 33 w_cons parameters to delta_max=0.1000 bound.
2026-08-11 20:45:27 | sleep.weights.plasticity       | INFO  | Hard-clipped 33 w_cons parameters to delta_max=0.1000 bound.
2026-08-11 20:45:27 | sleep.weights.plasticity       | INFO  | Hard-clipped 33 w_cons parameters to delta_max=0.1000 bound.
2026-08-11 20:45:27 | sleep.weights.plasticity       | INFO  | Hard-clipped 32 w_cons parameters to delta_max=0.1000 bound.
2026-08-11 20:45:28 | sleep.weights.plasticity       | INFO  | Hard-clipped 31 w_cons parameters to delta_max=0.1000 bound.
2026-08-11 20:45:28 | sleep.weights.plasticity       | INFO  | Hard-clipped 32 w_cons parameters to delta_max=0.1000 bound.
2026-08-11 20:45:28 | sleep.weights.plasticity       | INFO  | Hard-clipped 32 w_cons parameters to delta_max=0.1000 bound.
2026-08-11 20:45:28 | sleep.weights.plasticity       | INFO  | Hard-clipped 32 w_cons parameters to delta_max=0.1000 bound.
2026-08-11 20:45:28 | sleep.weights.plasticity       | INFO  | Hard-clipped 34 w_cons parameters to delta_max=0.1000 bound.
2026-08-11 20:45:28 | sleep.weights.plasticity       | INFO  | Hard-clipped 34 w_cons parameters to delta_max=0.1000 bound.
2026-08-11 20:45:29 | sleep.weights.plasticity       | INFO  | Hard-clipped 35 w_cons parameters to delta_max=0.1000 bound.
2026-08-11 20:45:29 | sleep.weights.plasticity       | INFO  | Hard-clipped 35 w_cons parameters to delta_max=0.1000 bound.
2026-08-11 20:45:29 | sleep.weights.plasticity       | INFO  | Hard-clipped 35 w_cons parameters to delta_max=0.1000 bound.
2026-08-11 20:45:29 | sleep.weights.plasticity       | INFO  | Hard-clipped 35 w_cons parameters to delta_max=0.1000 bound.
2026-08-11 20:45:29 | sleep.weights.plasticity       | INFO  | Hard-clipped 35 w_cons parameters to delta_max=0.1000 bound.
2026-08-11 20:45:29 | sleep.weights.plasticity       | INFO  | Hard-clipped 35 w_cons parameters to delta_max=0.1000 bound.
2026-08-11 20:45:29 | sleep.weights.plasticity       | INFO  | Hard-clipped 35 w_cons parameters to delta_max=0.1000 bound.
2026-08-11 20:45:30 | sleep.weights.plasticity       | INFO  | Hard-clipped 35 w_cons parameters to delta_max=0.1000 bound.
2026-08-11 20:45:30 | sleep.weights.plasticity       | INFO  | Hard-clipped 35 w_cons parameters to delta_max=0.1000 bound.
2026-08-11 20:45:30 | sleep.weights.plasticity       | INFO  | Hard-clipped 35 w_cons parameters to delta_max=0.1000 bound.
2026-08-11 20:45:30 | sleep.weights.plasticity       | INFO  | Hard-clipped 35 w_cons parameters to delta_max=0.1000 bound.
2026-08-11 20:45:30 | sleep.weights.plasticity       | INFO  | Hard-clipped 35 w_cons parameters to delta_max=0.1000 bound.
2026-08-11 20:45:30 | sleep.weights.plasticity       | INFO  | Hard-clipped 35 w_cons parameters to delta_max=0.1000 bound.
2026-08-11 20:45:30 | sleep.weights.plasticity       | INFO  | Hard-clipped 35 w_cons parameters to delta_max=0.1000 bound.
2026-08-11 20:45:31 | sleep.weights.plasticity       | INFO  | Hard-clipped 35 w_cons parameters to delta_max=0.1000 bound.
2026-08-11 20:45:31 | sleep.weights.plasticity       | INFO  | Hard-clipped 35 w_cons parameters to delta_max=0.1000 bound.
2026-08-11 20:45:31 | sleep.weights.plasticity       | INFO  | Hard-clipped 35 w_cons parameters to delta_max=0.1000 bound.
2026-08-11 20:45:31 | sleep.weights.plasticity       | INFO  | Hard-clipped 35 w_cons parameters to delta_max=0.1000 bound.
2026-08-11 20:45:31 | sleep.weights.plasticity       | INFO  | Hard-clipped 33 w_cons parameters to delta_max=0.1000 bound.
2026-08-11 20:45:31 | sleep.weights.plasticity       | INFO  | Hard-clipped 32 w_cons parameters to delta_max=0.1000 bound.
2026-08-11 20:45:32 | sleep.weights.plasticity       | INFO  | Hard-clipped 33 w_cons parameters to delta_max=0.1000 bound.
2026-08-11 20:45:32 | sleep.weights.plasticity       | INFO  | Hard-clipped 31 w_cons parameters to delta_max=0.1000 bound.
2026-08-11 20:45:32 | sleep.weights.plasticity       | INFO  | Hard-clipped 32 w_cons parameters to delta_max=0.1000 bound.
2026-08-11 20:45:32 | sleep.weights.plasticity       | INFO  | Hard-clipped 32 w_cons parameters to delta_max=0.1000 bound.
2026-08-11 20:45:32 | sleep.weights.plasticity       | INFO  | Hard-clipped 32 w_cons parameters to delta_max=0.1000 bound.
2026-08-11 20:45:32 | sleep.weights.plasticity       | INFO  | Hard-clipped 30 w_cons parameters to delta_max=0.1000 bound.
2026-08-11 20:45:32 | sleep.weights.plasticity       | INFO  | Hard-clipped 30 w_cons parameters to delta_max=0.1000 bound.
2026-08-11 20:45:33 | sleep.weights.plasticity       | INFO  | Hard-clipped 30 w_cons parameters to delta_max=0.1000 bound.
2026-08-11 20:45:33 | sleep.weights.plasticity       | INFO  | Hard-clipped 30 w_cons parameters to delta_max=0.1000 bound.
2026-08-11 20:45:33 | sleep.weights.plasticity       | INFO  | Hard-clipped 31 w_cons parameters to delta_max=0.1000 bound.
2026-08-11 20:45:33 | sleep.weights.plasticity       | INFO  | Hard-clipped 31 w_cons parameters to delta_max=0.1000 bound.
2026-08-11 20:45:33 | sleep.weights.plasticity       | INFO  | Hard-clipped 33 w_cons parameters to delta_max=0.1000 bound.
2026-08-11 20:45:33 | sleep.weights.plasticity       | INFO  | Hard-clipped 33 w_cons parameters to delta_max=0.1000 bound.
2026-08-11 20:45:33 | sleep.weights.plasticity       | INFO  | Hard-clipped 33 w_cons parameters to delta_max=0.1000 bound.
2026-08-11 20:45:34 | sleep.weights.plasticity       | INFO  | Hard-clipped 33 w_cons parameters to delta_max=0.1000 bound.
2026-08-11 20:45:34 | sleep.weights.plasticity       | INFO  | Hard-clipped 33 w_cons parameters to delta_max=0.1000 bound.
2026-08-11 20:45:34 | sleep.weights.plasticity       | INFO  | Hard-clipped 34 w_cons parameters to delta_max=0.1000 bound.
2026-08-11 20:45:34 | sleep.weights.plasticity       | INFO  | Hard-clipped 34 w_cons parameters to delta_max=0.1000 bound.
2026-08-11 20:45:34 | sleep.weights.plasticity       | INFO  | Hard-clipped 35 w_cons parameters to delta_max=0.1000 bound.
2026-08-11 20:45:34 | sleep.weights.plasticity       | INFO  | Hard-clipped 34 w_cons parameters to delta_max=0.1000 bound.
2026-08-11 20:45:34 | sleep.weights.plasticity       | INFO  | Hard-clipped 34 w_cons parameters to delta_max=0.1000 bound.
2026-08-11 20:45:35 | sleep.weights.plasticity       | INFO  | Hard-clipped 33 w_cons parameters to delta_max=0.1000 bound.
2026-08-11 20:45:35 | sleep.weights.plasticity       | INFO  | Hard-clipped 25 w_cons parameters to delta_max=0.1000 bound.
2026-08-11 20:45:35 | sleep.weights.plasticity       | INFO  | Hard-clipped 25 w_cons parameters to delta_max=0.1000 bound.
2026-08-11 20:45:35 | sleep.weights.plasticity       | INFO  | Hard-clipped 25 w_cons parameters to delta_max=0.1000 bound.
2026-08-11 20:45:35 | sleep.weights.plasticity       | INFO  | Hard-clipped 25 w_cons parameters to delta_max=0.1000 bound.
2026-08-11 20:45:35 | sleep.weights.plasticity       | INFO  | Hard-clipped 29 w_cons parameters to delta_max=0.1000 bound.
2026-08-11 20:45:35 | sleep.weights.plasticity       | INFO  | Hard-clipped 28 w_cons parameters to delta_max=0.1000 bound.
2026-08-11 20:45:36 | sleep.weights.plasticity       | INFO  | Hard-clipped 29 w_cons parameters to delta_max=0.1000 bound.
2026-08-11 20:45:36 | sleep.weights.plasticity       | INFO  | Hard-clipped 33 w_cons parameters to delta_max=0.1000 bound.
2026-08-11 20:45:36 | sleep.weights.plasticity       | INFO  | Hard-clipped 33 w_cons parameters to delta_max=0.1000 bound.
2026-08-11 20:45:36 | sleep.weights.plasticity       | INFO  | Hard-clipped 33 w_cons parameters to delta_max=0.1000 bound.
2026-08-11 20:45:36 | sleep.weights.plasticity       | INFO  | Hard-clipped 33 w_cons parameters to delta_max=0.1000 bound.
2026-08-11 20:45:36 | sleep.weights.plasticity       | INFO  | Hard-clipped 33 w_cons parameters to delta_max=0.1000 bound.
2026-08-11 20:45:36 | sleep.weights.plasticity       | INFO  | Hard-clipped 33 w_cons parameters to delta_max=0.1000 bound.
2026-08-11 20:45:37 | sleep.weights.plasticity       | INFO  | Hard-clipped 34 w_cons parameters to delta_max=0.1000 bound.
2026-08-11 20:45:37 | sleep.weights.plasticity       | INFO  | Hard-clipped 34 w_cons parameters to delta_max=0.1000 bound.
2026-08-11 20:45:37 | sleep.weights.plasticity       | INFO  | Hard-clipped 34 w_cons parameters to delta_max=0.1000 bound.
2026-08-11 20:45:37 | sleep.weights.plasticity       | INFO  | Hard-clipped 34 w_cons parameters to delta_max=0.1000 bound.
2026-08-11 20:45:37 | sleep.weights.plasticity       | INFO  | Hard-clipped 34 w_cons parameters to delta_max=0.1000 bound.
2026-08-11 20:45:37 | sleep.weights.plasticity       | INFO  | Hard-clipped 34 w_cons parameters to delta_max=0.1000 bound.
2026-08-11 20:45:37 | sleep.weights.plasticity       | INFO  | Hard-clipped 34 w_cons parameters to delta_max=0.1000 bound.
2026-08-11 20:45:38 | sleep.weights.plasticity       | INFO  | Hard-clipped 35 w_cons parameters to delta_max=0.1000 bound.
2026-08-11 20:45:38 | sleep.weights.plasticity       | INFO  | Hard-clipped 34 w_cons parameters to delta_max=0.1000 bound.
2026-08-11 20:45:38 | sleep.weights.plasticity       | INFO  | Hard-clipped 35 w_cons parameters to delta_max=0.1000 bound.
2026-08-11 20:45:38 | sleep.weights.plasticity       | INFO  | Hard-clipped 35 w_cons parameters to delta_max=0.1000 bound.
2026-08-11 20:45:38 | sleep.weights.plasticity       | INFO  | Hard-clipped 35 w_cons parameters to delta_max=0.1000 bound.
2026-08-11 20:45:38 | sleep.weights.plasticity       | INFO  | Hard-clipped 35 w_cons parameters to delta_max=0.1000 bound.
2026-08-11 20:45:38 | sleep.weights.plasticity       | INFO  | Hard-clipped 35 w_cons parameters to delta_max=0.1000 bound.
2026-08-11 20:45:39 | sleep.weights.plasticity       | INFO  | Hard-clipped 35 w_cons parameters to delta_max=0.1000 bound.
2026-08-11 20:45:39 | sleep.weights.plasticity       | INFO  | Hard-clipped 35 w_cons parameters to delta_max=0.1000 bound.
2026-08-11 20:45:39 | sleep.weights.plasticity       | INFO  | Hard-clipped 35 w_cons parameters to delta_max=0.1000 bound.
2026-08-11 20:45:39 | sleep.weights.plasticity       | INFO  | Hard-clipped 35 w_cons parameters to delta_max=0.1000 bound.
2026-08-11 20:45:39 | sleep.sleep_engine.train       | INFO  |   distill step 900/1500 | loss=0.8529 (kl=0.5624 ce=0.5811) | lr=4.13e-05
2026-08-11 20:45:39 | sleep.weights.plasticity       | INFO  | Hard-clipped 35 w_cons parameters to delta_max=0.1000 bound.
2026-08-11 20:45:39 | sleep.weights.plasticity       | INFO  | Hard-clipped 35 w_cons parameters to delta_max=0.1000 bound.
2026-08-11 20:45:39 | sleep.weights.plasticity       | INFO  | Hard-clipped 35 w_cons parameters to delta_max=0.1000 bound.
2026-08-11 20:45:40 | sleep.weights.plasticity       | INFO  | Hard-clipped 35 w_cons parameters to delta_max=0.1000 bound.
2026-08-11 20:45:40 | sleep.weights.plasticity       | INFO  | Hard-clipped 33 w_cons parameters to delta_max=0.1000 bound.
2026-08-11 20:45:40 | sleep.weights.plasticity       | INFO  | Hard-clipped 30 w_cons parameters to delta_max=0.1000 bound.
2026-08-11 20:45:40 | sleep.weights.plasticity       | INFO  | Hard-clipped 32 w_cons parameters to delta_max=0.1000 bound.
2026-08-11 20:45:40 | sleep.weights.plasticity       | INFO  | Hard-clipped 33 w_cons parameters to delta_max=0.1000 bound.
2026-08-11 20:45:40 | sleep.weights.plasticity       | INFO  | Hard-clipped 33 w_cons parameters to delta_max=0.1000 bound.
2026-08-11 20:45:41 | sleep.weights.plasticity       | INFO  | Hard-clipped 34 w_cons parameters to delta_max=0.1000 bound.
2026-08-11 20:45:41 | sleep.weights.plasticity       | INFO  | Hard-clipped 35 w_cons parameters to delta_max=0.1000 bound.
2026-08-11 20:45:41 | sleep.weights.plasticity       | INFO  | Hard-clipped 35 w_cons parameters to delta_max=0.1000 bound.
2026-08-11 20:45:41 | sleep.weights.plasticity       | INFO  | Hard-clipped 34 w_cons parameters to delta_max=0.1000 bound.
2026-08-11 20:45:41 | sleep.weights.plasticity       | INFO  | Hard-clipped 35 w_cons parameters to delta_max=0.1000 bound.
2026-08-11 20:45:41 | sleep.weights.plasticity       | INFO  | Hard-clipped 35 w_cons parameters to delta_max=0.1000 bound.
2026-08-11 20:45:41 | sleep.weights.plasticity       | INFO  | Hard-clipped 31 w_cons parameters to delta_max=0.1000 bound.
2026-08-11 20:45:42 | sleep.weights.plasticity       | INFO  | Hard-clipped 30 w_cons parameters to delta_max=0.1000 bound.
2026-08-11 20:45:42 | sleep.weights.plasticity       | INFO  | Hard-clipped 30 w_cons parameters to delta_max=0.1000 bound.
2026-08-11 20:45:42 | sleep.weights.plasticity       | INFO  | Hard-clipped 30 w_cons parameters to delta_max=0.1000 bound.
2026-08-11 20:45:42 | sleep.weights.plasticity       | INFO  | Hard-clipped 29 w_cons parameters to delta_max=0.1000 bound.
2026-08-11 20:45:42 | sleep.weights.plasticity       | INFO  | Hard-clipped 25 w_cons parameters to delta_max=0.1000 bound.
2026-08-11 20:45:42 | sleep.weights.plasticity       | INFO  | Hard-clipped 26 w_cons parameters to delta_max=0.1000 bound.
2026-08-11 20:45:42 | sleep.weights.plasticity       | INFO  | Hard-clipped 28 w_cons parameters to delta_max=0.1000 bound.
2026-08-11 20:45:43 | sleep.weights.plasticity       | INFO  | Hard-clipped 28 w_cons parameters to delta_max=0.1000 bound.
2026-08-11 20:45:43 | sleep.weights.plasticity       | INFO  | Hard-clipped 28 w_cons parameters to delta_max=0.1000 bound.
2026-08-11 20:45:43 | sleep.weights.plasticity       | INFO  | Hard-clipped 29 w_cons parameters to delta_max=0.1000 bound.
2026-08-11 20:45:43 | sleep.weights.plasticity       | INFO  | Hard-clipped 29 w_cons parameters to delta_max=0.1000 bound.
2026-08-11 20:45:43 | sleep.weights.plasticity       | INFO  | Hard-clipped 30 w_cons parameters to delta_max=0.1000 bound.
2026-08-11 20:45:43 | sleep.weights.plasticity       | INFO  | Hard-clipped 31 w_cons parameters to delta_max=0.1000 bound.
2026-08-11 20:45:43 | sleep.weights.plasticity       | INFO  | Hard-clipped 31 w_cons parameters to delta_max=0.1000 bound.
2026-08-11 20:45:44 | sleep.weights.plasticity       | INFO  | Hard-clipped 31 w_cons parameters to delta_max=0.1000 bound.
2026-08-11 20:45:44 | sleep.weights.plasticity       | INFO  | Hard-clipped 31 w_cons parameters to delta_max=0.1000 bound.
2026-08-11 20:45:44 | sleep.weights.plasticity       | INFO  | Hard-clipped 32 w_cons parameters to delta_max=0.1000 bound.
2026-08-11 20:45:44 | sleep.weights.plasticity       | INFO  | Hard-clipped 33 w_cons parameters to delta_max=0.1000 bound.
2026-08-11 20:45:44 | sleep.weights.plasticity       | INFO  | Hard-clipped 34 w_cons parameters to delta_max=0.1000 bound.
2026-08-11 20:45:44 | sleep.weights.plasticity       | INFO  | Hard-clipped 34 w_cons parameters to delta_max=0.1000 bound.
2026-08-11 20:45:44 | sleep.weights.plasticity       | INFO  | Hard-clipped 34 w_cons parameters to delta_max=0.1000 bound.
2026-08-11 20:45:45 | sleep.weights.plasticity       | INFO  | Hard-clipped 35 w_cons parameters to delta_max=0.1000 bound.
2026-08-11 20:45:45 | sleep.weights.plasticity       | INFO  | Hard-clipped 35 w_cons parameters to delta_max=0.1000 bound.
2026-08-11 20:45:45 | sleep.weights.plasticity       | INFO  | Hard-clipped 35 w_cons parameters to delta_max=0.1000 bound.
2026-08-11 20:45:45 | sleep.weights.plasticity       | INFO  | Hard-clipped 35 w_cons parameters to delta_max=0.1000 bound.
2026-08-11 20:45:45 | sleep.weights.plasticity       | INFO  | Hard-clipped 35 w_cons parameters to delta_max=0.1000 bound.
2026-08-11 20:45:45 | sleep.weights.plasticity       | INFO  | Hard-clipped 35 w_cons parameters to delta_max=0.1000 bound.
2026-08-11 20:45:46 | sleep.weights.plasticity       | INFO  | Hard-clipped 35 w_cons parameters to delta_max=0.1000 bound.
2026-08-11 20:45:46 | sleep.weights.plasticity       | INFO  | Hard-clipped 35 w_cons parameters to delta_max=0.1000 bound.
2026-08-11 20:45:46 | sleep.weights.plasticity       | INFO  | Hard-clipped 35 w_cons parameters to delta_max=0.1000 bound.
2026-08-11 20:45:46 | sleep.weights.plasticity       | INFO  | Hard-clipped 35 w_cons parameters to delta_max=0.1000 bound.
2026-08-11 20:45:46 | sleep.weights.plasticity       | INFO  | Hard-clipped 31 w_cons parameters to delta_max=0.1000 bound.
2026-08-11 20:45:46 | sleep.weights.plasticity       | INFO  | Hard-clipped 27 w_cons parameters to delta_max=0.1000 bound.
2026-08-11 20:45:46 | sleep.weights.plasticity       | INFO  | Hard-clipped 23 w_cons parameters to delta_max=0.1000 bound.
2026-08-11 20:45:47 | sleep.weights.plasticity       | INFO  | Hard-clipped 23 w_cons parameters to delta_max=0.1000 bound.
2026-08-11 20:45:47 | sleep.weights.plasticity       | INFO  | Hard-clipped 23 w_cons parameters to delta_max=0.1000 bound.
2026-08-11 20:45:47 | sleep.weights.plasticity       | INFO  | Hard-clipped 23 w_cons parameters to delta_max=0.1000 bound.
2026-08-11 20:45:47 | sleep.weights.plasticity       | INFO  | Hard-clipped 23 w_cons parameters to delta_max=0.1000 bound.
2026-08-11 20:45:47 | sleep.weights.plasticity       | INFO  | Hard-clipped 24 w_cons parameters to delta_max=0.1000 bound.
2026-08-11 20:45:47 | sleep.weights.plasticity       | INFO  | Hard-clipped 24 w_cons parameters to delta_max=0.1000 bound.
2026-08-11 20:45:47 | sleep.weights.plasticity       | INFO  | Hard-clipped 23 w_cons parameters to delta_max=0.1000 bound.
2026-08-11 20:45:48 | sleep.weights.plasticity       | INFO  | Hard-clipped 23 w_cons parameters to delta_max=0.1000 bound.
2026-08-11 20:45:48 | sleep.weights.plasticity       | INFO  | Hard-clipped 23 w_cons parameters to delta_max=0.1000 bound.
2026-08-11 20:45:48 | sleep.weights.plasticity       | INFO  | Hard-clipped 23 w_cons parameters to delta_max=0.1000 bound.
2026-08-11 20:45:48 | sleep.weights.plasticity       | INFO  | Hard-clipped 24 w_cons parameters to delta_max=0.1000 bound.
2026-08-11 20:45:48 | sleep.weights.plasticity       | INFO  | Hard-clipped 29 w_cons parameters to delta_max=0.1000 bound.
2026-08-11 20:45:48 | sleep.weights.plasticity       | INFO  | Hard-clipped 32 w_cons parameters to delta_max=0.1000 bound.
2026-08-11 20:45:48 | sleep.weights.plasticity       | INFO  | Hard-clipped 33 w_cons parameters to delta_max=0.1000 bound.
2026-08-11 20:45:49 | sleep.weights.plasticity       | INFO  | Hard-clipped 33 w_cons parameters to delta_max=0.1000 bound.
2026-08-11 20:45:49 | sleep.weights.plasticity       | INFO  | Hard-clipped 34 w_cons parameters to delta_max=0.1000 bound.
2026-08-11 20:45:49 | sleep.weights.plasticity       | INFO  | Hard-clipped 35 w_cons parameters to delta_max=0.1000 bound.
2026-08-11 20:45:49 | sleep.weights.plasticity       | INFO  | Hard-clipped 35 w_cons parameters to delta_max=0.1000 bound.
2026-08-11 20:45:49 | sleep.weights.plasticity       | INFO  | Hard-clipped 35 w_cons parameters to delta_max=0.1000 bound.
2026-08-11 20:45:49 | sleep.weights.plasticity       | INFO  | Hard-clipped 35 w_cons parameters to delta_max=0.1000 bound.
2026-08-11 20:45:49 | sleep.weights.plasticity       | INFO  | Hard-clipped 35 w_cons parameters to delta_max=0.1000 bound.
2026-08-11 20:45:50 | sleep.weights.plasticity       | INFO  | Hard-clipped 35 w_cons parameters to delta_max=0.1000 bound.
2026-08-11 20:45:50 | sleep.weights.plasticity       | INFO  | Hard-clipped 34 w_cons parameters to delta_max=0.1000 bound.
2026-08-11 20:45:50 | sleep.weights.plasticity       | INFO  | Hard-clipped 34 w_cons parameters to delta_max=0.1000 bound.
2026-08-11 20:45:50 | sleep.weights.plasticity       | INFO  | Hard-clipped 34 w_cons parameters to delta_max=0.1000 bound.
2026-08-11 20:45:50 | sleep.weights.plasticity       | INFO  | Hard-clipped 33 w_cons parameters to delta_max=0.1000 bound.
2026-08-11 20:45:50 | sleep.weights.plasticity       | INFO  | Hard-clipped 32 w_cons parameters to delta_max=0.1000 bound.
2026-08-11 20:45:50 | sleep.weights.plasticity       | INFO  | Hard-clipped 32 w_cons parameters to delta_max=0.1000 bound.
2026-08-11 20:45:51 | sleep.weights.plasticity       | INFO  | Hard-clipped 32 w_cons parameters to delta_max=0.1000 bound.
2026-08-11 20:45:51 | sleep.weights.plasticity       | INFO  | Hard-clipped 33 w_cons parameters to delta_max=0.1000 bound.
2026-08-11 20:45:51 | sleep.weights.plasticity       | INFO  | Hard-clipped 33 w_cons parameters to delta_max=0.1000 bound.
2026-08-11 20:45:51 | sleep.weights.plasticity       | INFO  | Hard-clipped 34 w_cons parameters to delta_max=0.1000 bound.
2026-08-11 20:45:51 | sleep.weights.plasticity       | INFO  | Hard-clipped 33 w_cons parameters to delta_max=0.1000 bound.
2026-08-11 20:45:51 | sleep.weights.plasticity       | INFO  | Hard-clipped 30 w_cons parameters to delta_max=0.1000 bound.
2026-08-11 20:45:51 | sleep.weights.plasticity       | INFO  | Hard-clipped 33 w_cons parameters to delta_max=0.1000 bound.
2026-08-11 20:45:52 | sleep.weights.plasticity       | INFO  | Hard-clipped 32 w_cons parameters to delta_max=0.1000 bound.
2026-08-11 20:45:52 | sleep.weights.plasticity       | INFO  | Hard-clipped 34 w_cons parameters to delta_max=0.1000 bound.
2026-08-11 20:45:52 | sleep.weights.plasticity       | INFO  | Hard-clipped 31 w_cons parameters to delta_max=0.1000 bound.
2026-08-11 20:45:52 | sleep.weights.plasticity       | INFO  | Hard-clipped 32 w_cons parameters to delta_max=0.1000 bound.
2026-08-11 20:45:52 | sleep.weights.plasticity       | INFO  | Hard-clipped 31 w_cons parameters to delta_max=0.1000 bound.
2026-08-11 20:45:52 | sleep.weights.plasticity       | INFO  | Hard-clipped 33 w_cons parameters to delta_max=0.1000 bound.
2026-08-11 20:45:53 | sleep.weights.plasticity       | INFO  | Hard-clipped 34 w_cons parameters to delta_max=0.1000 bound.
2026-08-11 20:45:53 | sleep.weights.plasticity       | INFO  | Hard-clipped 35 w_cons parameters to delta_max=0.1000 bound.
2026-08-11 20:45:53 | sleep.weights.plasticity       | INFO  | Hard-clipped 35 w_cons parameters to delta_max=0.1000 bound.
2026-08-11 20:45:53 | sleep.weights.plasticity       | INFO  | Hard-clipped 35 w_cons parameters to delta_max=0.1000 bound.
2026-08-11 20:45:53 | sleep.weights.plasticity       | INFO  | Hard-clipped 35 w_cons parameters to delta_max=0.1000 bound.
2026-08-11 20:45:53 | sleep.weights.plasticity       | INFO  | Hard-clipped 35 w_cons parameters to delta_max=0.1000 bound.
2026-08-11 20:45:53 | sleep.weights.plasticity       | INFO  | Hard-clipped 35 w_cons parameters to delta_max=0.1000 bound.
2026-08-11 20:45:54 | sleep.weights.plasticity       | INFO  | Hard-clipped 35 w_cons parameters to delta_max=0.1000 bound.
2026-08-11 20:45:54 | sleep.weights.plasticity       | INFO  | Hard-clipped 35 w_cons parameters to delta_max=0.1000 bound.
2026-08-11 20:45:54 | sleep.weights.plasticity       | INFO  | Hard-clipped 35 w_cons parameters to delta_max=0.1000 bound.
2026-08-11 20:45:54 | sleep.weights.plasticity       | INFO  | Hard-clipped 35 w_cons parameters to delta_max=0.1000 bound.
2026-08-11 20:45:54 | sleep.weights.plasticity       | INFO  | Hard-clipped 35 w_cons parameters to delta_max=0.1000 bound.
2026-08-11 20:45:54 | sleep.weights.plasticity       | INFO  | Hard-clipped 35 w_cons parameters to delta_max=0.1000 bound.
2026-08-11 20:45:55 | sleep.weights.plasticity       | INFO  | Hard-clipped 35 w_cons parameters to delta_max=0.1000 bound.
2026-08-11 20:45:55 | sleep.weights.plasticity       | INFO  | Hard-clipped 32 w_cons parameters to delta_max=0.1000 bound.
2026-08-11 20:45:55 | sleep.weights.plasticity       | INFO  | Hard-clipped 27 w_cons parameters to delta_max=0.1000 bound.
2026-08-11 20:45:55 | sleep.weights.plasticity       | INFO  | Hard-clipped 31 w_cons parameters to delta_max=0.1000 bound.
2026-08-11 20:45:55 | sleep.weights.plasticity       | INFO  | Hard-clipped 31 w_cons parameters to delta_max=0.1000 bound.
2026-08-11 20:45:55 | sleep.weights.plasticity       | INFO  | Hard-clipped 26 w_cons parameters to delta_max=0.1000 bound.
2026-08-11 20:45:55 | sleep.weights.plasticity       | INFO  | Hard-clipped 25 w_cons parameters to delta_max=0.1000 bound.
2026-08-11 20:45:56 | sleep.weights.plasticity       | INFO  | Hard-clipped 25 w_cons parameters to delta_max=0.1000 bound.
2026-08-11 20:45:56 | sleep.weights.plasticity       | INFO  | Hard-clipped 27 w_cons parameters to delta_max=0.1000 bound.
2026-08-11 20:45:56 | sleep.weights.plasticity       | INFO  | Hard-clipped 28 w_cons parameters to delta_max=0.1000 bound.
2026-08-11 20:45:56 | sleep.weights.plasticity       | INFO  | Hard-clipped 27 w_cons parameters to delta_max=0.1000 bound.
2026-08-11 20:45:56 | sleep.weights.plasticity       | INFO  | Hard-clipped 27 w_cons parameters to delta_max=0.1000 bound.
2026-08-11 20:45:56 | sleep.weights.plasticity       | INFO  | Hard-clipped 27 w_cons parameters to delta_max=0.1000 bound.
2026-08-11 20:45:56 | sleep.weights.plasticity       | INFO  | Hard-clipped 27 w_cons parameters to delta_max=0.1000 bound.
2026-08-11 20:45:57 | sleep.weights.plasticity       | INFO  | Hard-clipped 30 w_cons parameters to delta_max=0.1000 bound.
2026-08-11 20:45:57 | sleep.weights.plasticity       | INFO  | Hard-clipped 32 w_cons parameters to delta_max=0.1000 bound.
2026-08-11 20:45:57 | sleep.weights.plasticity       | INFO  | Hard-clipped 32 w_cons parameters to delta_max=0.1000 bound.
2026-08-11 20:45:57 | sleep.weights.plasticity       | INFO  | Hard-clipped 35 w_cons parameters to delta_max=0.1000 bound.
2026-08-11 20:45:57 | sleep.weights.plasticity       | INFO  | Hard-clipped 35 w_cons parameters to delta_max=0.1000 bound.
2026-08-11 20:45:57 | sleep.weights.plasticity       | INFO  | Hard-clipped 35 w_cons parameters to delta_max=0.1000 bound.
2026-08-11 20:45:57 | sleep.weights.plasticity       | INFO  | Hard-clipped 35 w_cons parameters to delta_max=0.1000 bound.
2026-08-11 20:45:58 | sleep.weights.plasticity       | INFO  | Hard-clipped 35 w_cons parameters to delta_max=0.1000 bound.
2026-08-11 20:45:58 | sleep.weights.plasticity       | INFO  | Hard-clipped 35 w_cons parameters to delta_max=0.1000 bound.
2026-08-11 20:45:58 | sleep.weights.plasticity       | INFO  | Hard-clipped 34 w_cons parameters to delta_max=0.1000 bound.
2026-08-11 20:45:58 | sleep.weights.plasticity       | INFO  | Hard-clipped 33 w_cons parameters to delta_max=0.1000 bound.
2026-08-11 20:45:58 | sleep.weights.plasticity       | INFO  | Hard-clipped 35 w_cons parameters to delta_max=0.1000 bound.
2026-08-11 20:45:58 | sleep.weights.plasticity       | INFO  | Hard-clipped 35 w_cons parameters to delta_max=0.1000 bound.
2026-08-11 20:45:58 | sleep.weights.plasticity       | INFO  | Hard-clipped 35 w_cons parameters to delta_max=0.1000 bound.
2026-08-11 20:45:59 | sleep.weights.plasticity       | INFO  | Hard-clipped 35 w_cons parameters to delta_max=0.1000 bound.
2026-08-11 20:45:59 | sleep.weights.plasticity       | INFO  | Hard-clipped 35 w_cons parameters to delta_max=0.1000 bound.
2026-08-11 20:45:59 | sleep.weights.plasticity       | INFO  | Hard-clipped 32 w_cons parameters to delta_max=0.1000 bound.
2026-08-11 20:45:59 | sleep.weights.plasticity       | INFO  | Hard-clipped 33 w_cons parameters to delta_max=0.1000 bound.
2026-08-11 20:45:59 | sleep.weights.plasticity       | INFO  | Hard-clipped 34 w_cons parameters to delta_max=0.1000 bound.
2026-08-11 20:45:59 | sleep.weights.plasticity       | INFO  | Hard-clipped 35 w_cons parameters to delta_max=0.1000 bound.
2026-08-11 20:45:59 | sleep.weights.plasticity       | INFO  | Hard-clipped 34 w_cons parameters to delta_max=0.1000 bound.
2026-08-11 20:46:00 | sleep.weights.plasticity       | INFO  | Hard-clipped 31 w_cons parameters to delta_max=0.1000 bound.
2026-08-11 20:46:00 | sleep.weights.plasticity       | INFO  | Hard-clipped 31 w_cons parameters to delta_max=0.1000 bound.
2026-08-11 20:46:00 | sleep.weights.plasticity       | INFO  | Hard-clipped 29 w_cons parameters to delta_max=0.1000 bound.
2026-08-11 20:46:00 | sleep.weights.plasticity       | INFO  | Hard-clipped 30 w_cons parameters to delta_max=0.1000 bound.
2026-08-11 20:46:00 | sleep.weights.plasticity       | INFO  | Hard-clipped 28 w_cons parameters to delta_max=0.1000 bound.
2026-08-11 20:46:00 | sleep.weights.plasticity       | INFO  | Hard-clipped 31 w_cons parameters to delta_max=0.1000 bound.
2026-08-11 20:46:00 | sleep.weights.plasticity       | INFO  | Hard-clipped 34 w_cons parameters to delta_max=0.1000 bound.
2026-08-11 20:46:01 | sleep.weights.plasticity       | INFO  | Hard-clipped 35 w_cons parameters to delta_max=0.1000 bound.
2026-08-11 20:46:01 | sleep.weights.plasticity       | INFO  | Hard-clipped 35 w_cons parameters to delta_max=0.1000 bound.
2026-08-11 20:46:01 | sleep.weights.plasticity       | INFO  | Hard-clipped 35 w_cons parameters to delta_max=0.1000 bound.
2026-08-11 20:46:01 | sleep.weights.plasticity       | INFO  | Hard-clipped 35 w_cons parameters to delta_max=0.1000 bound.
2026-08-11 20:46:01 | sleep.sleep_engine.train       | INFO  |   distill step 1050/1500 | loss=0.7799 (kl=0.5680 ce=0.4237) | lr=2.50e-05
2026-08-11 20:46:01 | sleep.weights.plasticity       | INFO  | Hard-clipped 35 w_cons parameters to delta_max=0.1000 bound.
2026-08-11 20:46:01 | sleep.weights.plasticity       | INFO  | Hard-clipped 35 w_cons parameters to delta_max=0.1000 bound.
2026-08-11 20:46:01 | sleep.weights.plasticity       | INFO  | Hard-clipped 35 w_cons parameters to delta_max=0.1000 bound.
2026-08-11 20:46:02 | sleep.weights.plasticity       | INFO  | Hard-clipped 35 w_cons parameters to delta_max=0.1000 bound.
2026-08-11 20:46:02 | sleep.weights.plasticity       | INFO  | Hard-clipped 35 w_cons parameters to delta_max=0.1000 bound.
2026-08-11 20:46:02 | sleep.weights.plasticity       | INFO  | Hard-clipped 35 w_cons parameters to delta_max=0.1000 bound.
2026-08-11 20:46:02 | sleep.weights.plasticity       | INFO  | Hard-clipped 35 w_cons parameters to delta_max=0.1000 bound.
2026-08-11 20:46:02 | sleep.weights.plasticity       | INFO  | Hard-clipped 35 w_cons parameters to delta_max=0.1000 bound.
2026-08-11 20:46:02 | sleep.weights.plasticity       | INFO  | Hard-clipped 35 w_cons parameters to delta_max=0.1000 bound.
2026-08-11 20:46:03 | sleep.weights.plasticity       | INFO  | Hard-clipped 36 w_cons parameters to delta_max=0.1000 bound.
2026-08-11 20:46:03 | sleep.weights.plasticity       | INFO  | Hard-clipped 36 w_cons parameters to delta_max=0.1000 bound.
2026-08-11 20:46:03 | sleep.weights.plasticity       | INFO  | Hard-clipped 36 w_cons parameters to delta_max=0.1000 bound.
2026-08-11 20:46:03 | sleep.weights.plasticity       | INFO  | Hard-clipped 36 w_cons parameters to delta_max=0.1000 bound.
2026-08-11 20:46:03 | sleep.weights.plasticity       | INFO  | Hard-clipped 33 w_cons parameters to delta_max=0.1000 bound.
2026-08-11 20:46:03 | sleep.weights.plasticity       | INFO  | Hard-clipped 31 w_cons parameters to delta_max=0.1000 bound.
2026-08-11 20:46:03 | sleep.weights.plasticity       | INFO  | Hard-clipped 29 w_cons parameters to delta_max=0.1000 bound.
2026-08-11 20:46:04 | sleep.weights.plasticity       | INFO  | Hard-clipped 24 w_cons parameters to delta_max=0.1000 bound.
2026-08-11 20:46:04 | sleep.weights.plasticity       | INFO  | Hard-clipped 24 w_cons parameters to delta_max=0.1000 bound.
2026-08-11 20:46:04 | sleep.weights.plasticity       | INFO  | Hard-clipped 26 w_cons parameters to delta_max=0.1000 bound.
2026-08-11 20:46:04 | sleep.weights.plasticity       | INFO  | Hard-clipped 26 w_cons parameters to delta_max=0.1000 bound.
2026-08-11 20:46:04 | sleep.weights.plasticity       | INFO  | Hard-clipped 25 w_cons parameters to delta_max=0.1000 bound.
2026-08-11 20:46:04 | sleep.weights.plasticity       | INFO  | Hard-clipped 24 w_cons parameters to delta_max=0.1000 bound.
2026-08-11 20:46:04 | sleep.weights.plasticity       | INFO  | Hard-clipped 24 w_cons parameters to delta_max=0.1000 bound.
2026-08-11 20:46:05 | sleep.weights.plasticity       | INFO  | Hard-clipped 22 w_cons parameters to delta_max=0.1000 bound.
2026-08-11 20:46:05 | sleep.weights.plasticity       | INFO  | Hard-clipped 26 w_cons parameters to delta_max=0.1000 bound.
2026-08-11 20:46:05 | sleep.weights.plasticity       | INFO  | Hard-clipped 27 w_cons parameters to delta_max=0.1000 bound.
2026-08-11 20:46:05 | sleep.weights.plasticity       | INFO  | Hard-clipped 27 w_cons parameters to delta_max=0.1000 bound.
2026-08-11 20:46:05 | sleep.weights.plasticity       | INFO  | Hard-clipped 29 w_cons parameters to delta_max=0.1000 bound.
2026-08-11 20:46:05 | sleep.weights.plasticity       | INFO  | Hard-clipped 30 w_cons parameters to delta_max=0.1000 bound.
2026-08-11 20:46:05 | sleep.weights.plasticity       | INFO  | Hard-clipped 32 w_cons parameters to delta_max=0.1000 bound.
2026-08-11 20:46:06 | sleep.weights.plasticity       | INFO  | Hard-clipped 35 w_cons parameters to delta_max=0.1000 bound.
2026-08-11 20:46:06 | sleep.weights.plasticity       | INFO  | Hard-clipped 35 w_cons parameters to delta_max=0.1000 bound.
2026-08-11 20:46:06 | sleep.weights.plasticity       | INFO  | Hard-clipped 35 w_cons parameters to delta_max=0.1000 bound.
2026-08-11 20:46:06 | sleep.weights.plasticity       | INFO  | Hard-clipped 36 w_cons parameters to delta_max=0.1000 bound.
2026-08-11 20:46:06 | sleep.weights.plasticity       | INFO  | Hard-clipped 36 w_cons parameters to delta_max=0.1000 bound.
2026-08-11 20:46:06 | sleep.weights.plasticity       | INFO  | Hard-clipped 36 w_cons parameters to delta_max=0.1000 bound.
2026-08-11 20:46:06 | sleep.weights.plasticity       | INFO  | Hard-clipped 36 w_cons parameters to delta_max=0.1000 bound.
2026-08-11 20:46:07 | sleep.weights.plasticity       | INFO  | Hard-clipped 36 w_cons parameters to delta_max=0.1000 bound.
2026-08-11 20:46:07 | sleep.weights.plasticity       | INFO  | Hard-clipped 36 w_cons parameters to delta_max=0.1000 bound.
2026-08-11 20:46:07 | sleep.weights.plasticity       | INFO  | Hard-clipped 36 w_cons parameters to delta_max=0.1000 bound.
2026-08-11 20:46:07 | sleep.weights.plasticity       | INFO  | Hard-clipped 36 w_cons parameters to delta_max=0.1000 bound.
2026-08-11 20:46:07 | sleep.weights.plasticity       | INFO  | Hard-clipped 36 w_cons parameters to delta_max=0.1000 bound.
2026-08-11 20:46:07 | sleep.weights.plasticity       | INFO  | Hard-clipped 36 w_cons parameters to delta_max=0.1000 bound.
2026-08-11 20:46:07 | sleep.weights.plasticity       | INFO  | Hard-clipped 36 w_cons parameters to delta_max=0.1000 bound.
2026-08-11 20:46:08 | sleep.weights.plasticity       | INFO  | Hard-clipped 36 w_cons parameters to delta_max=0.1000 bound.
2026-08-11 20:46:08 | sleep.weights.plasticity       | INFO  | Hard-clipped 34 w_cons parameters to delta_max=0.1000 bound.
2026-08-11 20:46:08 | sleep.weights.plasticity       | INFO  | Hard-clipped 30 w_cons parameters to delta_max=0.1000 bound.
2026-08-11 20:46:08 | sleep.weights.plasticity       | INFO  | Hard-clipped 31 w_cons parameters to delta_max=0.1000 bound.
2026-08-11 20:46:08 | sleep.weights.plasticity       | INFO  | Hard-clipped 30 w_cons parameters to delta_max=0.1000 bound.
2026-08-11 20:46:08 | sleep.weights.plasticity       | INFO  | Hard-clipped 33 w_cons parameters to delta_max=0.1000 bound.
2026-08-11 20:46:08 | sleep.weights.plasticity       | INFO  | Hard-clipped 34 w_cons parameters to delta_max=0.1000 bound.
2026-08-11 20:46:09 | sleep.weights.plasticity       | INFO  | Hard-clipped 34 w_cons parameters to delta_max=0.1000 bound.
2026-08-11 20:46:09 | sleep.weights.plasticity       | INFO  | Hard-clipped 32 w_cons parameters to delta_max=0.1000 bound.
2026-08-11 20:46:09 | sleep.weights.plasticity       | INFO  | Hard-clipped 31 w_cons parameters to delta_max=0.1000 bound.
2026-08-11 20:46:09 | sleep.weights.plasticity       | INFO  | Hard-clipped 32 w_cons parameters to delta_max=0.1000 bound.
2026-08-11 20:46:09 | sleep.weights.plasticity       | INFO  | Hard-clipped 28 w_cons parameters to delta_max=0.1000 bound.
2026-08-11 20:46:09 | sleep.weights.plasticity       | INFO  | Hard-clipped 28 w_cons parameters to delta_max=0.1000 bound.
2026-08-11 20:46:09 | sleep.weights.plasticity       | INFO  | Hard-clipped 30 w_cons parameters to delta_max=0.1000 bound.
2026-08-11 20:46:10 | sleep.weights.plasticity       | INFO  | Hard-clipped 31 w_cons parameters to delta_max=0.1000 bound.
2026-08-11 20:46:10 | sleep.weights.plasticity       | INFO  | Hard-clipped 33 w_cons parameters to delta_max=0.1000 bound.
2026-08-11 20:46:10 | sleep.weights.plasticity       | INFO  | Hard-clipped 34 w_cons parameters to delta_max=0.1000 bound.
2026-08-11 20:46:10 | sleep.weights.plasticity       | INFO  | Hard-clipped 34 w_cons parameters to delta_max=0.1000 bound.
2026-08-11 20:46:10 | sleep.weights.plasticity       | INFO  | Hard-clipped 34 w_cons parameters to delta_max=0.1000 bound.
2026-08-11 20:46:10 | sleep.weights.plasticity       | INFO  | Hard-clipped 35 w_cons parameters to delta_max=0.1000 bound.
2026-08-11 20:46:10 | sleep.weights.plasticity       | INFO  | Hard-clipped 35 w_cons parameters to delta_max=0.1000 bound.
2026-08-11 20:46:11 | sleep.weights.plasticity       | INFO  | Hard-clipped 35 w_cons parameters to delta_max=0.1000 bound.
2026-08-11 20:46:11 | sleep.weights.plasticity       | INFO  | Hard-clipped 35 w_cons parameters to delta_max=0.1000 bound.
2026-08-11 20:46:11 | sleep.weights.plasticity       | INFO  | Hard-clipped 35 w_cons parameters to delta_max=0.1000 bound.
2026-08-11 20:46:11 | sleep.weights.plasticity       | INFO  | Hard-clipped 35 w_cons parameters to delta_max=0.1000 bound.
2026-08-11 20:46:11 | sleep.weights.plasticity       | INFO  | Hard-clipped 36 w_cons parameters to delta_max=0.1000 bound.
2026-08-11 20:46:11 | sleep.weights.plasticity       | INFO  | Hard-clipped 36 w_cons parameters to delta_max=0.1000 bound.
2026-08-11 20:46:12 | sleep.weights.plasticity       | INFO  | Hard-clipped 36 w_cons parameters to delta_max=0.1000 bound.
2026-08-11 20:46:12 | sleep.weights.plasticity       | INFO  | Hard-clipped 36 w_cons parameters to delta_max=0.1000 bound.
2026-08-11 20:46:12 | sleep.weights.plasticity       | INFO  | Hard-clipped 36 w_cons parameters to delta_max=0.1000 bound.
2026-08-11 20:46:12 | sleep.weights.plasticity       | INFO  | Hard-clipped 37 w_cons parameters to delta_max=0.1000 bound.
2026-08-11 20:46:12 | sleep.weights.plasticity       | INFO  | Hard-clipped 37 w_cons parameters to delta_max=0.1000 bound.
2026-08-11 20:46:12 | sleep.weights.plasticity       | INFO  | Hard-clipped 37 w_cons parameters to delta_max=0.1000 bound.
2026-08-11 20:46:12 | sleep.weights.plasticity       | INFO  | Hard-clipped 37 w_cons parameters to delta_max=0.1000 bound.
2026-08-11 20:46:13 | sleep.weights.plasticity       | INFO  | Hard-clipped 37 w_cons parameters to delta_max=0.1000 bound.
2026-08-11 20:46:13 | sleep.weights.plasticity       | INFO  | Hard-clipped 37 w_cons parameters to delta_max=0.1000 bound.
2026-08-11 20:46:13 | sleep.weights.plasticity       | INFO  | Hard-clipped 36 w_cons parameters to delta_max=0.1000 bound.
2026-08-11 20:46:13 | sleep.weights.plasticity       | INFO  | Hard-clipped 37 w_cons parameters to delta_max=0.1000 bound.
2026-08-11 20:46:13 | sleep.weights.plasticity       | INFO  | Hard-clipped 37 w_cons parameters to delta_max=0.1000 bound.
2026-08-11 20:46:13 | sleep.weights.plasticity       | INFO  | Hard-clipped 37 w_cons parameters to delta_max=0.1000 bound.
2026-08-11 20:46:13 | sleep.weights.plasticity       | INFO  | Hard-clipped 37 w_cons parameters to delta_max=0.1000 bound.
2026-08-11 20:46:14 | sleep.weights.plasticity       | INFO  | Hard-clipped 32 w_cons parameters to delta_max=0.1000 bound.
2026-08-11 20:46:14 | sleep.weights.plasticity       | INFO  | Hard-clipped 36 w_cons parameters to delta_max=0.1000 bound.
2026-08-11 20:46:14 | sleep.weights.plasticity       | INFO  | Hard-clipped 36 w_cons parameters to delta_max=0.1000 bound.
2026-08-11 20:46:14 | sleep.weights.plasticity       | INFO  | Hard-clipped 36 w_cons parameters to delta_max=0.1000 bound.
2026-08-11 20:46:14 | sleep.weights.plasticity       | INFO  | Hard-clipped 37 w_cons parameters to delta_max=0.1000 bound.
2026-08-11 20:46:14 | sleep.weights.plasticity       | INFO  | Hard-clipped 37 w_cons parameters to delta_max=0.1000 bound.
2026-08-11 20:46:14 | sleep.weights.plasticity       | INFO  | Hard-clipped 37 w_cons parameters to delta_max=0.1000 bound.
2026-08-11 20:46:15 | sleep.weights.plasticity       | INFO  | Hard-clipped 37 w_cons parameters to delta_max=0.1000 bound.
2026-08-11 20:46:15 | sleep.weights.plasticity       | INFO  | Hard-clipped 36 w_cons parameters to delta_max=0.1000 bound.
2026-08-11 20:46:15 | sleep.weights.plasticity       | INFO  | Hard-clipped 35 w_cons parameters to delta_max=0.1000 bound.
2026-08-11 20:46:15 | sleep.weights.plasticity       | INFO  | Hard-clipped 37 w_cons parameters to delta_max=0.1000 bound.
2026-08-11 20:46:15 | sleep.weights.plasticity       | INFO  | Hard-clipped 37 w_cons parameters to delta_max=0.1000 bound.
2026-08-11 20:46:15 | sleep.weights.plasticity       | INFO  | Hard-clipped 37 w_cons parameters to delta_max=0.1000 bound.
2026-08-11 20:46:15 | sleep.weights.plasticity       | INFO  | Hard-clipped 37 w_cons parameters to delta_max=0.1000 bound.
2026-08-11 20:46:16 | sleep.weights.plasticity       | INFO  | Hard-clipped 37 w_cons parameters to delta_max=0.1000 bound.
2026-08-11 20:46:16 | sleep.weights.plasticity       | INFO  | Hard-clipped 37 w_cons parameters to delta_max=0.1000 bound.
2026-08-11 20:46:16 | sleep.weights.plasticity       | INFO  | Hard-clipped 37 w_cons parameters to delta_max=0.1000 bound.
2026-08-11 20:46:16 | sleep.weights.plasticity       | INFO  | Hard-clipped 37 w_cons parameters to delta_max=0.1000 bound.
2026-08-11 20:46:16 | sleep.weights.plasticity       | INFO  | Hard-clipped 37 w_cons parameters to delta_max=0.1000 bound.
2026-08-11 20:46:16 | sleep.weights.plasticity       | INFO  | Hard-clipped 37 w_cons parameters to delta_max=0.1000 bound.
2026-08-11 20:46:16 | sleep.weights.plasticity       | INFO  | Hard-clipped 37 w_cons parameters to delta_max=0.1000 bound.
2026-08-11 20:46:17 | sleep.weights.plasticity       | INFO  | Hard-clipped 37 w_cons parameters to delta_max=0.1000 bound.
2026-08-11 20:46:17 | sleep.weights.plasticity       | INFO  | Hard-clipped 36 w_cons parameters to delta_max=0.1000 bound.
2026-08-11 20:46:17 | sleep.weights.plasticity       | INFO  | Hard-clipped 37 w_cons parameters to delta_max=0.1000 bound.
2026-08-11 20:46:17 | sleep.weights.plasticity       | INFO  | Hard-clipped 37 w_cons parameters to delta_max=0.1000 bound.
2026-08-11 20:46:17 | sleep.weights.plasticity       | INFO  | Hard-clipped 36 w_cons parameters to delta_max=0.1000 bound.
2026-08-11 20:46:17 | sleep.weights.plasticity       | INFO  | Hard-clipped 36 w_cons parameters to delta_max=0.1000 bound.
2026-08-11 20:46:17 | sleep.weights.plasticity       | INFO  | Hard-clipped 36 w_cons parameters to delta_max=0.1000 bound.
2026-08-11 20:46:18 | sleep.weights.plasticity       | INFO  | Hard-clipped 36 w_cons parameters to delta_max=0.1000 bound.
2026-08-11 20:46:18 | sleep.weights.plasticity       | INFO  | Hard-clipped 36 w_cons parameters to delta_max=0.1000 bound.
2026-08-11 20:46:18 | sleep.weights.plasticity       | INFO  | Hard-clipped 36 w_cons parameters to delta_max=0.1000 bound.
2026-08-11 20:46:18 | sleep.weights.plasticity       | INFO  | Hard-clipped 35 w_cons parameters to delta_max=0.1000 bound.
2026-08-11 20:46:18 | sleep.weights.plasticity       | INFO  | Hard-clipped 35 w_cons parameters to delta_max=0.1000 bound.
2026-08-11 20:46:18 | sleep.weights.plasticity       | INFO  | Hard-clipped 35 w_cons parameters to delta_max=0.1000 bound.
2026-08-11 20:46:18 | sleep.weights.plasticity       | INFO  | Hard-clipped 36 w_cons parameters to delta_max=0.1000 bound.
2026-08-11 20:46:19 | sleep.weights.plasticity       | INFO  | Hard-clipped 36 w_cons parameters to delta_max=0.1000 bound.
2026-08-11 20:46:19 | sleep.weights.plasticity       | INFO  | Hard-clipped 36 w_cons parameters to delta_max=0.1000 bound.
2026-08-11 20:46:19 | sleep.weights.plasticity       | INFO  | Hard-clipped 36 w_cons parameters to delta_max=0.1000 bound.
2026-08-11 20:46:19 | sleep.weights.plasticity       | INFO  | Hard-clipped 36 w_cons parameters to delta_max=0.1000 bound.
2026-08-11 20:46:19 | sleep.weights.plasticity       | INFO  | Hard-clipped 36 w_cons parameters to delta_max=0.1000 bound.
2026-08-11 20:46:19 | sleep.weights.plasticity       | INFO  | Hard-clipped 36 w_cons parameters to delta_max=0.1000 bound.
2026-08-11 20:46:20 | sleep.weights.plasticity       | INFO  | Hard-clipped 34 w_cons parameters to delta_max=0.1000 bound.
2026-08-11 20:46:20 | sleep.weights.plasticity       | INFO  | Hard-clipped 36 w_cons parameters to delta_max=0.1000 bound.
2026-08-11 20:46:20 | sleep.weights.plasticity       | INFO  | Hard-clipped 31 w_cons parameters to delta_max=0.1000 bound.
2026-08-11 20:46:20 | sleep.weights.plasticity       | INFO  | Hard-clipped 26 w_cons parameters to delta_max=0.1000 bound.
2026-08-11 20:46:20 | sleep.weights.plasticity       | INFO  | Hard-clipped 27 w_cons parameters to delta_max=0.1000 bound.
2026-08-11 20:46:20 | sleep.weights.plasticity       | INFO  | Hard-clipped 27 w_cons parameters to delta_max=0.1000 bound.
2026-08-11 20:46:20 | sleep.weights.plasticity       | INFO  | Hard-clipped 27 w_cons parameters to delta_max=0.1000 bound.
2026-08-11 20:46:21 | sleep.weights.plasticity       | INFO  | Hard-clipped 28 w_cons parameters to delta_max=0.1000 bound.
2026-08-11 20:46:21 | sleep.weights.plasticity       | INFO  | Hard-clipped 27 w_cons parameters to delta_max=0.1000 bound.
2026-08-11 20:46:21 | sleep.weights.plasticity       | INFO  | Hard-clipped 28 w_cons parameters to delta_max=0.1000 bound.
2026-08-11 20:46:21 | sleep.weights.plasticity       | INFO  | Hard-clipped 28 w_cons parameters to delta_max=0.1000 bound.
2026-08-11 20:46:21 | sleep.weights.plasticity       | INFO  | Hard-clipped 29 w_cons parameters to delta_max=0.1000 bound.
2026-08-11 20:46:21 | sleep.weights.plasticity       | INFO  | Hard-clipped 30 w_cons parameters to delta_max=0.1000 bound.
2026-08-11 20:46:21 | sleep.weights.plasticity       | INFO  | Hard-clipped 30 w_cons parameters to delta_max=0.1000 bound.
2026-08-11 20:46:22 | sleep.weights.plasticity       | INFO  | Hard-clipped 31 w_cons parameters to delta_max=0.1000 bound.
2026-08-11 20:46:22 | sleep.weights.plasticity       | INFO  | Hard-clipped 32 w_cons parameters to delta_max=0.1000 bound.
2026-08-11 20:46:22 | sleep.weights.plasticity       | INFO  | Hard-clipped 32 w_cons parameters to delta_max=0.1000 bound.
2026-08-11 20:46:22 | sleep.weights.plasticity       | INFO  | Hard-clipped 35 w_cons parameters to delta_max=0.1000 bound.
2026-08-11 20:46:22 | sleep.weights.plasticity       | INFO  | Hard-clipped 35 w_cons parameters to delta_max=0.1000 bound.
2026-08-11 20:46:22 | sleep.weights.plasticity       | INFO  | Hard-clipped 35 w_cons parameters to delta_max=0.1000 bound.
2026-08-11 20:46:22 | sleep.weights.plasticity       | INFO  | Hard-clipped 36 w_cons parameters to delta_max=0.1000 bound.
2026-08-11 20:46:23 | sleep.weights.plasticity       | INFO  | Hard-clipped 36 w_cons parameters to delta_max=0.1000 bound.
2026-08-11 20:46:23 | sleep.weights.plasticity       | INFO  | Hard-clipped 36 w_cons parameters to delta_max=0.1000 bound.
2026-08-11 20:46:23 | sleep.weights.plasticity       | INFO  | Hard-clipped 36 w_cons parameters to delta_max=0.1000 bound.
2026-08-11 20:46:23 | sleep.sleep_engine.train       | INFO  |   distill step 1200/1500 | loss=0.6262 (kl=0.3695 ce=0.5134) | lr=1.17e-05
2026-08-11 20:46:23 | sleep.weights.plasticity       | INFO  | Hard-clipped 36 w_cons parameters to delta_max=0.1000 bound.
2026-08-11 20:46:23 | sleep.weights.plasticity       | INFO  | Hard-clipped 36 w_cons parameters to delta_max=0.1000 bound.
2026-08-11 20:46:23 | sleep.weights.plasticity       | INFO  | Hard-clipped 36 w_cons parameters to delta_max=0.1000 bound.
2026-08-11 20:46:23 | sleep.weights.plasticity       | INFO  | Hard-clipped 36 w_cons parameters to delta_max=0.1000 bound.
2026-08-11 20:46:24 | sleep.weights.plasticity       | INFO  | Hard-clipped 36 w_cons parameters to delta_max=0.1000 bound.
2026-08-11 20:46:24 | sleep.weights.plasticity       | INFO  | Hard-clipped 36 w_cons parameters to delta_max=0.1000 bound.
2026-08-11 20:46:24 | sleep.weights.plasticity       | INFO  | Hard-clipped 36 w_cons parameters to delta_max=0.1000 bound.
2026-08-11 20:46:24 | sleep.weights.plasticity       | INFO  | Hard-clipped 36 w_cons parameters to delta_max=0.1000 bound.
2026-08-11 20:46:24 | sleep.weights.plasticity       | INFO  | Hard-clipped 36 w_cons parameters to delta_max=0.1000 bound.
2026-08-11 20:46:24 | sleep.weights.plasticity       | INFO  | Hard-clipped 36 w_cons parameters to delta_max=0.1000 bound.
2026-08-11 20:46:25 | sleep.weights.plasticity       | INFO  | Hard-clipped 36 w_cons parameters to delta_max=0.1000 bound.
2026-08-11 20:46:25 | sleep.weights.plasticity       | INFO  | Hard-clipped 36 w_cons parameters to delta_max=0.1000 bound.
2026-08-11 20:46:25 | sleep.weights.plasticity       | INFO  | Hard-clipped 36 w_cons parameters to delta_max=0.1000 bound.
2026-08-11 20:46:25 | sleep.weights.plasticity       | INFO  | Hard-clipped 36 w_cons parameters to delta_max=0.1000 bound.
2026-08-11 20:46:25 | sleep.weights.plasticity       | INFO  | Hard-clipped 36 w_cons parameters to delta_max=0.1000 bound.
2026-08-11 20:46:25 | sleep.weights.plasticity       | INFO  | Hard-clipped 37 w_cons parameters to delta_max=0.1000 bound.
2026-08-11 20:46:25 | sleep.weights.plasticity       | INFO  | Hard-clipped 37 w_cons parameters to delta_max=0.1000 bound.
2026-08-11 20:46:26 | sleep.weights.plasticity       | INFO  | Hard-clipped 37 w_cons parameters to delta_max=0.1000 bound.
2026-08-11 20:46:26 | sleep.weights.plasticity       | INFO  | Hard-clipped 37 w_cons parameters to delta_max=0.1000 bound.
2026-08-11 20:46:26 | sleep.weights.plasticity       | INFO  | Hard-clipped 37 w_cons parameters to delta_max=0.1000 bound.
2026-08-11 20:46:26 | sleep.weights.plasticity       | INFO  | Hard-clipped 37 w_cons parameters to delta_max=0.1000 bound.
2026-08-11 20:46:26 | sleep.weights.plasticity       | INFO  | Hard-clipped 37 w_cons parameters to delta_max=0.1000 bound.
2026-08-11 20:46:26 | sleep.weights.plasticity       | INFO  | Hard-clipped 37 w_cons parameters to delta_max=0.1000 bound.
2026-08-11 20:46:27 | sleep.weights.plasticity       | INFO  | Hard-clipped 37 w_cons parameters to delta_max=0.1000 bound.
2026-08-11 20:46:27 | sleep.weights.plasticity       | INFO  | Hard-clipped 37 w_cons parameters to delta_max=0.1000 bound.
2026-08-11 20:46:27 | sleep.weights.plasticity       | INFO  | Hard-clipped 36 w_cons parameters to delta_max=0.1000 bound.
2026-08-11 20:46:27 | sleep.weights.plasticity       | INFO  | Hard-clipped 37 w_cons parameters to delta_max=0.1000 bound.
2026-08-11 20:46:27 | sleep.weights.plasticity       | INFO  | Hard-clipped 36 w_cons parameters to delta_max=0.1000 bound.
2026-08-11 20:46:27 | sleep.weights.plasticity       | INFO  | Hard-clipped 36 w_cons parameters to delta_max=0.1000 bound.
2026-08-11 20:46:27 | sleep.weights.plasticity       | INFO  | Hard-clipped 36 w_cons parameters to delta_max=0.1000 bound.
2026-08-11 20:46:28 | sleep.weights.plasticity       | INFO  | Hard-clipped 36 w_cons parameters to delta_max=0.1000 bound.
2026-08-11 20:46:28 | sleep.weights.plasticity       | INFO  | Hard-clipped 36 w_cons parameters to delta_max=0.1000 bound.
2026-08-11 20:46:28 | sleep.weights.plasticity       | INFO  | Hard-clipped 36 w_cons parameters to delta_max=0.1000 bound.
2026-08-11 20:46:28 | sleep.weights.plasticity       | INFO  | Hard-clipped 36 w_cons parameters to delta_max=0.1000 bound.
2026-08-11 20:46:28 | sleep.weights.plasticity       | INFO  | Hard-clipped 36 w_cons parameters to delta_max=0.1000 bound.
2026-08-11 20:46:28 | sleep.weights.plasticity       | INFO  | Hard-clipped 36 w_cons parameters to delta_max=0.1000 bound.
2026-08-11 20:46:28 | sleep.weights.plasticity       | INFO  | Hard-clipped 36 w_cons parameters to delta_max=0.1000 bound.
2026-08-11 20:46:29 | sleep.weights.plasticity       | INFO  | Hard-clipped 29 w_cons parameters to delta_max=0.1000 bound.
2026-08-11 20:46:29 | sleep.weights.plasticity       | INFO  | Hard-clipped 28 w_cons parameters to delta_max=0.1000 bound.
2026-08-11 20:46:29 | sleep.weights.plasticity       | INFO  | Hard-clipped 27 w_cons parameters to delta_max=0.1000 bound.
2026-08-11 20:46:29 | sleep.weights.plasticity       | INFO  | Hard-clipped 28 w_cons parameters to delta_max=0.1000 bound.
2026-08-11 20:46:29 | sleep.weights.plasticity       | INFO  | Hard-clipped 29 w_cons parameters to delta_max=0.1000 bound.
2026-08-11 20:46:29 | sleep.weights.plasticity       | INFO  | Hard-clipped 27 w_cons parameters to delta_max=0.1000 bound.
2026-08-11 20:46:29 | sleep.weights.plasticity       | INFO  | Hard-clipped 26 w_cons parameters to delta_max=0.1000 bound.
2026-08-11 20:46:30 | sleep.weights.plasticity       | INFO  | Hard-clipped 24 w_cons parameters to delta_max=0.1000 bound.
2026-08-11 20:46:30 | sleep.weights.plasticity       | INFO  | Hard-clipped 27 w_cons parameters to delta_max=0.1000 bound.
2026-08-11 20:46:30 | sleep.weights.plasticity       | INFO  | Hard-clipped 28 w_cons parameters to delta_max=0.1000 bound.
2026-08-11 20:46:30 | sleep.weights.plasticity       | INFO  | Hard-clipped 27 w_cons parameters to delta_max=0.1000 bound.
2026-08-11 20:46:30 | sleep.weights.plasticity       | INFO  | Hard-clipped 28 w_cons parameters to delta_max=0.1000 bound.
2026-08-11 20:46:30 | sleep.weights.plasticity       | INFO  | Hard-clipped 32 w_cons parameters to delta_max=0.1000 bound.
2026-08-11 20:46:30 | sleep.weights.plasticity       | INFO  | Hard-clipped 35 w_cons parameters to delta_max=0.1000 bound.
2026-08-11 20:46:31 | sleep.weights.plasticity       | INFO  | Hard-clipped 36 w_cons parameters to delta_max=0.1000 bound.
2026-08-11 20:46:31 | sleep.weights.plasticity       | INFO  | Hard-clipped 35 w_cons parameters to delta_max=0.1000 bound.
2026-08-11 20:46:31 | sleep.weights.plasticity       | INFO  | Hard-clipped 34 w_cons parameters to delta_max=0.1000 bound.
2026-08-11 20:46:31 | sleep.weights.plasticity       | INFO  | Hard-clipped 34 w_cons parameters to delta_max=0.1000 bound.
2026-08-11 20:46:31 | sleep.weights.plasticity       | INFO  | Hard-clipped 34 w_cons parameters to delta_max=0.1000 bound.
2026-08-11 20:46:31 | sleep.weights.plasticity       | INFO  | Hard-clipped 35 w_cons parameters to delta_max=0.1000 bound.
2026-08-11 20:46:32 | sleep.weights.plasticity       | INFO  | Hard-clipped 36 w_cons parameters to delta_max=0.1000 bound.
2026-08-11 20:46:32 | sleep.weights.plasticity       | INFO  | Hard-clipped 36 w_cons parameters to delta_max=0.1000 bound.
2026-08-11 20:46:32 | sleep.weights.plasticity       | INFO  | Hard-clipped 36 w_cons parameters to delta_max=0.1000 bound.
2026-08-11 20:46:32 | sleep.weights.plasticity       | INFO  | Hard-clipped 36 w_cons parameters to delta_max=0.1000 bound.
2026-08-11 20:46:32 | sleep.weights.plasticity       | INFO  | Hard-clipped 36 w_cons parameters to delta_max=0.1000 bound.
2026-08-11 20:46:32 | sleep.weights.plasticity       | INFO  | Hard-clipped 36 w_cons parameters to delta_max=0.1000 bound.
2026-08-11 20:46:32 | sleep.weights.plasticity       | INFO  | Hard-clipped 35 w_cons parameters to delta_max=0.1000 bound.
2026-08-11 20:46:33 | sleep.weights.plasticity       | INFO  | Hard-clipped 35 w_cons parameters to delta_max=0.1000 bound.
2026-08-11 20:46:33 | sleep.weights.plasticity       | INFO  | Hard-clipped 36 w_cons parameters to delta_max=0.1000 bound.
2026-08-11 20:46:33 | sleep.weights.plasticity       | INFO  | Hard-clipped 36 w_cons parameters to delta_max=0.1000 bound.
2026-08-11 20:46:33 | sleep.weights.plasticity       | INFO  | Hard-clipped 36 w_cons parameters to delta_max=0.1000 bound.
2026-08-11 20:46:33 | sleep.weights.plasticity       | INFO  | Hard-clipped 36 w_cons parameters to delta_max=0.1000 bound.
2026-08-11 20:46:33 | sleep.weights.plasticity       | INFO  | Hard-clipped 36 w_cons parameters to delta_max=0.1000 bound.
2026-08-11 20:46:33 | sleep.weights.plasticity       | INFO  | Hard-clipped 36 w_cons parameters to delta_max=0.1000 bound.
2026-08-11 20:46:34 | sleep.weights.plasticity       | INFO  | Hard-clipped 37 w_cons parameters to delta_max=0.1000 bound.
2026-08-11 20:46:34 | sleep.weights.plasticity       | INFO  | Hard-clipped 37 w_cons parameters to delta_max=0.1000 bound.
2026-08-11 20:46:34 | sleep.weights.plasticity       | INFO  | Hard-clipped 37 w_cons parameters to delta_max=0.1000 bound.
2026-08-11 20:46:34 | sleep.weights.plasticity       | INFO  | Hard-clipped 35 w_cons parameters to delta_max=0.1000 bound.
2026-08-11 20:46:34 | sleep.weights.plasticity       | INFO  | Hard-clipped 37 w_cons parameters to delta_max=0.1000 bound.
2026-08-11 20:46:34 | sleep.weights.plasticity       | INFO  | Hard-clipped 37 w_cons parameters to delta_max=0.1000 bound.
2026-08-11 20:46:34 | sleep.weights.plasticity       | INFO  | Hard-clipped 37 w_cons parameters to delta_max=0.1000 bound.
2026-08-11 20:46:35 | sleep.weights.plasticity       | INFO  | Hard-clipped 37 w_cons parameters to delta_max=0.1000 bound.
2026-08-11 20:46:35 | sleep.weights.plasticity       | INFO  | Hard-clipped 37 w_cons parameters to delta_max=0.1000 bound.
2026-08-11 20:46:35 | sleep.weights.plasticity       | INFO  | Hard-clipped 34 w_cons parameters to delta_max=0.1000 bound.
2026-08-11 20:46:35 | sleep.weights.plasticity       | INFO  | Hard-clipped 37 w_cons parameters to delta_max=0.1000 bound.
2026-08-11 20:46:35 | sleep.weights.plasticity       | INFO  | Hard-clipped 36 w_cons parameters to delta_max=0.1000 bound.
2026-08-11 20:46:35 | sleep.weights.plasticity       | INFO  | Hard-clipped 36 w_cons parameters to delta_max=0.1000 bound.
2026-08-11 20:46:36 | sleep.weights.plasticity       | INFO  | Hard-clipped 35 w_cons parameters to delta_max=0.1000 bound.
2026-08-11 20:46:36 | sleep.weights.plasticity       | INFO  | Hard-clipped 37 w_cons parameters to delta_max=0.1000 bound.
2026-08-11 20:46:36 | sleep.weights.plasticity       | INFO  | Hard-clipped 37 w_cons parameters to delta_max=0.1000 bound.
2026-08-11 20:46:36 | sleep.weights.plasticity       | INFO  | Hard-clipped 36 w_cons parameters to delta_max=0.1000 bound.
2026-08-11 20:46:36 | sleep.weights.plasticity       | INFO  | Hard-clipped 35 w_cons parameters to delta_max=0.1000 bound.
2026-08-11 20:46:36 | sleep.weights.plasticity       | INFO  | Hard-clipped 34 w_cons parameters to delta_max=0.1000 bound.
2026-08-11 20:46:36 | sleep.weights.plasticity       | INFO  | Hard-clipped 30 w_cons parameters to delta_max=0.1000 bound.
2026-08-11 20:46:37 | sleep.weights.plasticity       | INFO  | Hard-clipped 31 w_cons parameters to delta_max=0.1000 bound.
2026-08-11 20:46:37 | sleep.weights.plasticity       | INFO  | Hard-clipped 31 w_cons parameters to delta_max=0.1000 bound.
2026-08-11 20:46:37 | sleep.weights.plasticity       | INFO  | Hard-clipped 36 w_cons parameters to delta_max=0.1000 bound.
2026-08-11 20:46:37 | sleep.weights.plasticity       | INFO  | Hard-clipped 36 w_cons parameters to delta_max=0.1000 bound.
2026-08-11 20:46:37 | sleep.weights.plasticity       | INFO  | Hard-clipped 36 w_cons parameters to delta_max=0.1000 bound.
2026-08-11 20:46:37 | sleep.weights.plasticity       | INFO  | Hard-clipped 35 w_cons parameters to delta_max=0.1000 bound.
2026-08-11 20:46:37 | sleep.weights.plasticity       | INFO  | Hard-clipped 35 w_cons parameters to delta_max=0.1000 bound.
2026-08-11 20:46:38 | sleep.weights.plasticity       | INFO  | Hard-clipped 35 w_cons parameters to delta_max=0.1000 bound.
2026-08-11 20:46:38 | sleep.weights.plasticity       | INFO  | Hard-clipped 35 w_cons parameters to delta_max=0.1000 bound.
2026-08-11 20:46:38 | sleep.weights.plasticity       | INFO  | Hard-clipped 35 w_cons parameters to delta_max=0.1000 bound.
2026-08-11 20:46:38 | sleep.weights.plasticity       | INFO  | Hard-clipped 34 w_cons parameters to delta_max=0.1000 bound.
2026-08-11 20:46:38 | sleep.weights.plasticity       | INFO  | Hard-clipped 34 w_cons parameters to delta_max=0.1000 bound.
2026-08-11 20:46:38 | sleep.weights.plasticity       | INFO  | Hard-clipped 34 w_cons parameters to delta_max=0.1000 bound.
2026-08-11 20:46:38 | sleep.weights.plasticity       | INFO  | Hard-clipped 31 w_cons parameters to delta_max=0.1000 bound.
2026-08-11 20:46:39 | sleep.weights.plasticity       | INFO  | Hard-clipped 31 w_cons parameters to delta_max=0.1000 bound.
2026-08-11 20:46:39 | sleep.weights.plasticity       | INFO  | Hard-clipped 30 w_cons parameters to delta_max=0.1000 bound.
2026-08-11 20:46:39 | sleep.weights.plasticity       | INFO  | Hard-clipped 28 w_cons parameters to delta_max=0.1000 bound.
2026-08-11 20:46:39 | sleep.weights.plasticity       | INFO  | Hard-clipped 29 w_cons parameters to delta_max=0.1000 bound.
2026-08-11 20:46:39 | sleep.weights.plasticity       | INFO  | Hard-clipped 23 w_cons parameters to delta_max=0.1000 bound.
2026-08-11 20:46:39 | sleep.weights.plasticity       | INFO  | Hard-clipped 24 w_cons parameters to delta_max=0.1000 bound.
2026-08-11 20:46:39 | sleep.weights.plasticity       | INFO  | Hard-clipped 25 w_cons parameters to delta_max=0.1000 bound.
2026-08-11 20:46:40 | sleep.weights.plasticity       | INFO  | Hard-clipped 25 w_cons parameters to delta_max=0.1000 bound.
2026-08-11 20:46:40 | sleep.weights.plasticity       | INFO  | Hard-clipped 23 w_cons parameters to delta_max=0.1000 bound.
2026-08-11 20:46:40 | sleep.weights.plasticity       | INFO  | Hard-clipped 25 w_cons parameters to delta_max=0.1000 bound.
2026-08-11 20:46:40 | sleep.weights.plasticity       | INFO  | Hard-clipped 29 w_cons parameters to delta_max=0.1000 bound.
2026-08-11 20:46:40 | sleep.weights.plasticity       | INFO  | Hard-clipped 30 w_cons parameters to delta_max=0.1000 bound.
2026-08-11 20:46:40 | sleep.weights.plasticity       | INFO  | Hard-clipped 31 w_cons parameters to delta_max=0.1000 bound.
2026-08-11 20:46:41 | sleep.weights.plasticity       | INFO  | Hard-clipped 31 w_cons parameters to delta_max=0.1000 bound.
2026-08-11 20:46:41 | sleep.weights.plasticity       | INFO  | Hard-clipped 31 w_cons parameters to delta_max=0.1000 bound.
2026-08-11 20:46:41 | sleep.weights.plasticity       | INFO  | Hard-clipped 30 w_cons parameters to delta_max=0.1000 bound.
2026-08-11 20:46:41 | sleep.weights.plasticity       | INFO  | Hard-clipped 31 w_cons parameters to delta_max=0.1000 bound.
2026-08-11 20:46:41 | sleep.weights.plasticity       | INFO  | Hard-clipped 32 w_cons parameters to delta_max=0.1000 bound.
2026-08-11 20:46:41 | sleep.weights.plasticity       | INFO  | Hard-clipped 32 w_cons parameters to delta_max=0.1000 bound.
2026-08-11 20:46:41 | sleep.weights.plasticity       | INFO  | Hard-clipped 34 w_cons parameters to delta_max=0.1000 bound.
2026-08-11 20:46:42 | sleep.weights.plasticity       | INFO  | Hard-clipped 34 w_cons parameters to delta_max=0.1000 bound.
2026-08-11 20:46:42 | sleep.weights.plasticity       | INFO  | Hard-clipped 35 w_cons parameters to delta_max=0.1000 bound.
2026-08-11 20:46:42 | sleep.weights.plasticity       | INFO  | Hard-clipped 35 w_cons parameters to delta_max=0.1000 bound.
2026-08-11 20:46:42 | sleep.weights.plasticity       | INFO  | Hard-clipped 35 w_cons parameters to delta_max=0.1000 bound.
2026-08-11 20:46:42 | sleep.weights.plasticity       | INFO  | Hard-clipped 35 w_cons parameters to delta_max=0.1000 bound.
2026-08-11 20:46:42 | sleep.weights.plasticity       | INFO  | Hard-clipped 35 w_cons parameters to delta_max=0.1000 bound.
2026-08-11 20:46:43 | sleep.weights.plasticity       | INFO  | Hard-clipped 35 w_cons parameters to delta_max=0.1000 bound.
2026-08-11 20:46:43 | sleep.weights.plasticity       | INFO  | Hard-clipped 35 w_cons parameters to delta_max=0.1000 bound.
2026-08-11 20:46:43 | sleep.weights.plasticity       | INFO  | Hard-clipped 36 w_cons parameters to delta_max=0.1000 bound.
2026-08-11 20:46:43 | sleep.weights.plasticity       | INFO  | Hard-clipped 36 w_cons parameters to delta_max=0.1000 bound.
2026-08-11 20:46:43 | sleep.weights.plasticity       | INFO  | Hard-clipped 36 w_cons parameters to delta_max=0.1000 bound.
2026-08-11 20:46:43 | sleep.weights.plasticity       | INFO  | Hard-clipped 36 w_cons parameters to delta_max=0.1000 bound.
2026-08-11 20:46:43 | sleep.weights.plasticity       | INFO  | Hard-clipped 37 w_cons parameters to delta_max=0.1000 bound.
2026-08-11 20:46:44 | sleep.weights.plasticity       | INFO  | Hard-clipped 37 w_cons parameters to delta_max=0.1000 bound.
2026-08-11 20:46:44 | sleep.weights.plasticity       | INFO  | Hard-clipped 37 w_cons parameters to delta_max=0.1000 bound.
2026-08-11 20:46:44 | sleep.weights.plasticity       | INFO  | Hard-clipped 37 w_cons parameters to delta_max=0.1000 bound.
2026-08-11 20:46:44 | sleep.weights.plasticity       | INFO  | Hard-clipped 37 w_cons parameters to delta_max=0.1000 bound.
2026-08-11 20:46:44 | sleep.weights.plasticity       | INFO  | Hard-clipped 37 w_cons parameters to delta_max=0.1000 bound.
2026-08-11 20:46:44 | sleep.weights.plasticity       | INFO  | Hard-clipped 37 w_cons parameters to delta_max=0.1000 bound.
2026-08-11 20:46:45 | sleep.weights.plasticity       | INFO  | Hard-clipped 37 w_cons parameters to delta_max=0.1000 bound.
2026-08-11 20:46:45 | sleep.weights.plasticity       | INFO  | Hard-clipped 37 w_cons parameters to delta_max=0.1000 bound.
2026-08-11 20:46:45 | sleep.weights.plasticity       | INFO  | Hard-clipped 37 w_cons parameters to delta_max=0.1000 bound.
2026-08-11 20:46:45 | sleep.weights.plasticity       | INFO  | Hard-clipped 37 w_cons parameters to delta_max=0.1000 bound.
2026-08-11 20:46:45 | sleep.weights.plasticity       | INFO  | Hard-clipped 37 w_cons parameters to delta_max=0.1000 bound.
2026-08-11 20:46:45 | sleep.weights.plasticity       | INFO  | Hard-clipped 37 w_cons parameters to delta_max=0.1000 bound.
2026-08-11 20:46:45 | sleep.sleep_engine.train       | INFO  |   distill step 1350/1500 | loss=0.5582 (kl=0.3064 ce=0.5036) | lr=3.02e-06
2026-08-11 20:46:45 | sleep.weights.plasticity       | INFO  | Hard-clipped 37 w_cons parameters to delta_max=0.1000 bound.
2026-08-11 20:46:46 | sleep.weights.plasticity       | INFO  | Hard-clipped 37 w_cons parameters to delta_max=0.1000 bound.
2026-08-11 20:46:46 | sleep.weights.plasticity       | INFO  | Hard-clipped 37 w_cons parameters to delta_max=0.1000 bound.
2026-08-11 20:46:46 | sleep.weights.plasticity       | INFO  | Hard-clipped 37 w_cons parameters to delta_max=0.1000 bound.
2026-08-11 20:46:46 | sleep.weights.plasticity       | INFO  | Hard-clipped 37 w_cons parameters to delta_max=0.1000 bound.
2026-08-11 20:46:46 | sleep.weights.plasticity       | INFO  | Hard-clipped 37 w_cons parameters to delta_max=0.1000 bound.
2026-08-11 20:46:46 | sleep.weights.plasticity       | INFO  | Hard-clipped 37 w_cons parameters to delta_max=0.1000 bound.
2026-08-11 20:46:46 | sleep.weights.plasticity       | INFO  | Hard-clipped 37 w_cons parameters to delta_max=0.1000 bound.
2026-08-11 20:46:47 | sleep.weights.plasticity       | INFO  | Hard-clipped 37 w_cons parameters to delta_max=0.1000 bound.
2026-08-11 20:46:47 | sleep.weights.plasticity       | INFO  | Hard-clipped 37 w_cons parameters to delta_max=0.1000 bound.
2026-08-11 20:46:47 | sleep.weights.plasticity       | INFO  | Hard-clipped 37 w_cons parameters to delta_max=0.1000 bound.
2026-08-11 20:46:47 | sleep.weights.plasticity       | INFO  | Hard-clipped 37 w_cons parameters to delta_max=0.1000 bound.
2026-08-11 20:46:47 | sleep.weights.plasticity       | INFO  | Hard-clipped 37 w_cons parameters to delta_max=0.1000 bound.
2026-08-11 20:46:47 | sleep.weights.plasticity       | INFO  | Hard-clipped 37 w_cons parameters to delta_max=0.1000 bound.
2026-08-11 20:46:48 | sleep.weights.plasticity       | INFO  | Hard-clipped 37 w_cons parameters to delta_max=0.1000 bound.
2026-08-11 20:46:48 | sleep.weights.plasticity       | INFO  | Hard-clipped 35 w_cons parameters to delta_max=0.1000 bound.
2026-08-11 20:46:48 | sleep.weights.plasticity       | INFO  | Hard-clipped 36 w_cons parameters to delta_max=0.1000 bound.
2026-08-11 20:46:48 | sleep.weights.plasticity       | INFO  | Hard-clipped 37 w_cons parameters to delta_max=0.1000 bound.
2026-08-11 20:46:48 | sleep.weights.plasticity       | INFO  | Hard-clipped 37 w_cons parameters to delta_max=0.1000 bound.
2026-08-11 20:46:48 | sleep.weights.plasticity       | INFO  | Hard-clipped 37 w_cons parameters to delta_max=0.1000 bound.
2026-08-11 20:46:48 | sleep.weights.plasticity       | INFO  | Hard-clipped 37 w_cons parameters to delta_max=0.1000 bound.
2026-08-11 20:46:49 | sleep.weights.plasticity       | INFO  | Hard-clipped 37 w_cons parameters to delta_max=0.1000 bound.
2026-08-11 20:46:49 | sleep.weights.plasticity       | INFO  | Hard-clipped 35 w_cons parameters to delta_max=0.1000 bound.
2026-08-11 20:46:49 | sleep.weights.plasticity       | INFO  | Hard-clipped 33 w_cons parameters to delta_max=0.1000 bound.
2026-08-11 20:46:49 | sleep.weights.plasticity       | INFO  | Hard-clipped 34 w_cons parameters to delta_max=0.1000 bound.
2026-08-11 20:46:49 | sleep.weights.plasticity       | INFO  | Hard-clipped 35 w_cons parameters to delta_max=0.1000 bound.
2026-08-11 20:46:49 | sleep.weights.plasticity       | INFO  | Hard-clipped 35 w_cons parameters to delta_max=0.1000 bound.
2026-08-11 20:46:49 | sleep.weights.plasticity       | INFO  | Hard-clipped 34 w_cons parameters to delta_max=0.1000 bound.
2026-08-11 20:46:50 | sleep.weights.plasticity       | INFO  | Hard-clipped 36 w_cons parameters to delta_max=0.1000 bound.
2026-08-11 20:46:50 | sleep.weights.plasticity       | INFO  | Hard-clipped 36 w_cons parameters to delta_max=0.1000 bound.
2026-08-11 20:46:50 | sleep.weights.plasticity       | INFO  | Hard-clipped 36 w_cons parameters to delta_max=0.1000 bound.
2026-08-11 20:46:50 | sleep.weights.plasticity       | INFO  | Hard-clipped 37 w_cons parameters to delta_max=0.1000 bound.
2026-08-11 20:46:50 | sleep.weights.plasticity       | INFO  | Hard-clipped 37 w_cons parameters to delta_max=0.1000 bound.
2026-08-11 20:46:50 | sleep.weights.plasticity       | INFO  | Hard-clipped 37 w_cons parameters to delta_max=0.1000 bound.
2026-08-11 20:46:50 | sleep.weights.plasticity       | INFO  | Hard-clipped 37 w_cons parameters to delta_max=0.1000 bound.
2026-08-11 20:46:51 | sleep.weights.plasticity       | INFO  | Hard-clipped 36 w_cons parameters to delta_max=0.1000 bound.
2026-08-11 20:46:51 | sleep.weights.plasticity       | INFO  | Hard-clipped 37 w_cons parameters to delta_max=0.1000 bound.
2026-08-11 20:46:51 | sleep.weights.plasticity       | INFO  | Hard-clipped 36 w_cons parameters to delta_max=0.1000 bound.
2026-08-11 20:46:51 | sleep.weights.plasticity       | INFO  | Hard-clipped 35 w_cons parameters to delta_max=0.1000 bound.
2026-08-11 20:46:51 | sleep.weights.plasticity       | INFO  | Hard-clipped 35 w_cons parameters to delta_max=0.1000 bound.
2026-08-11 20:46:51 | sleep.weights.plasticity       | INFO  | Hard-clipped 35 w_cons parameters to delta_max=0.1000 bound.
2026-08-11 20:46:51 | sleep.weights.plasticity       | INFO  | Hard-clipped 35 w_cons parameters to delta_max=0.1000 bound.
2026-08-11 20:46:52 | sleep.weights.plasticity       | INFO  | Hard-clipped 35 w_cons parameters to delta_max=0.1000 bound.
2026-08-11 20:46:52 | sleep.weights.plasticity       | INFO  | Hard-clipped 36 w_cons parameters to delta_max=0.1000 bound.
2026-08-11 20:46:52 | sleep.weights.plasticity       | INFO  | Hard-clipped 36 w_cons parameters to delta_max=0.1000 bound.
2026-08-11 20:46:52 | sleep.weights.plasticity       | INFO  | Hard-clipped 36 w_cons parameters to delta_max=0.1000 bound.
2026-08-11 20:46:52 | sleep.weights.plasticity       | INFO  | Hard-clipped 36 w_cons parameters to delta_max=0.1000 bound.
2026-08-11 20:46:52 | sleep.weights.plasticity       | INFO  | Hard-clipped 36 w_cons parameters to delta_max=0.1000 bound.
2026-08-11 20:46:52 | sleep.weights.plasticity       | INFO  | Hard-clipped 36 w_cons parameters to delta_max=0.1000 bound.
2026-08-11 20:46:53 | sleep.weights.plasticity       | INFO  | Hard-clipped 36 w_cons parameters to delta_max=0.1000 bound.
2026-08-11 20:46:53 | sleep.weights.plasticity       | INFO  | Hard-clipped 36 w_cons parameters to delta_max=0.1000 bound.
2026-08-11 20:46:53 | sleep.weights.plasticity       | INFO  | Hard-clipped 36 w_cons parameters to delta_max=0.1000 bound.
2026-08-11 20:46:53 | sleep.weights.plasticity       | INFO  | Hard-clipped 36 w_cons parameters to delta_max=0.1000 bound.
2026-08-11 20:46:53 | sleep.weights.plasticity       | INFO  | Hard-clipped 36 w_cons parameters to delta_max=0.1000 bound.
2026-08-11 20:46:53 | sleep.weights.plasticity       | INFO  | Hard-clipped 36 w_cons parameters to delta_max=0.1000 bound.
2026-08-11 20:46:54 | sleep.weights.plasticity       | INFO  | Hard-clipped 36 w_cons parameters to delta_max=0.1000 bound.
2026-08-11 20:46:54 | sleep.weights.plasticity       | INFO  | Hard-clipped 35 w_cons parameters to delta_max=0.1000 bound.
2026-08-11 20:46:54 | sleep.weights.plasticity       | INFO  | Hard-clipped 34 w_cons parameters to delta_max=0.1000 bound.
2026-08-11 20:46:54 | sleep.weights.plasticity       | INFO  | Hard-clipped 34 w_cons parameters to delta_max=0.1000 bound.
2026-08-11 20:46:54 | sleep.weights.plasticity       | INFO  | Hard-clipped 34 w_cons parameters to delta_max=0.1000 bound.
2026-08-11 20:46:54 | sleep.weights.plasticity       | INFO  | Hard-clipped 35 w_cons parameters to delta_max=0.1000 bound.
2026-08-11 20:46:54 | sleep.weights.plasticity       | INFO  | Hard-clipped 36 w_cons parameters to delta_max=0.1000 bound.
2026-08-11 20:46:55 | sleep.weights.plasticity       | INFO  | Hard-clipped 34 w_cons parameters to delta_max=0.1000 bound.
2026-08-11 20:46:55 | sleep.weights.plasticity       | INFO  | Hard-clipped 36 w_cons parameters to delta_max=0.1000 bound.
2026-08-11 20:46:55 | sleep.weights.plasticity       | INFO  | Hard-clipped 36 w_cons parameters to delta_max=0.1000 bound.
2026-08-11 20:46:55 | sleep.weights.plasticity       | INFO  | Hard-clipped 36 w_cons parameters to delta_max=0.1000 bound.
2026-08-11 20:46:55 | sleep.weights.plasticity       | INFO  | Hard-clipped 36 w_cons parameters to delta_max=0.1000 bound.
2026-08-11 20:46:55 | sleep.weights.plasticity       | INFO  | Hard-clipped 35 w_cons parameters to delta_max=0.1000 bound.
2026-08-11 20:46:55 | sleep.weights.plasticity       | INFO  | Hard-clipped 34 w_cons parameters to delta_max=0.1000 bound.
2026-08-11 20:46:56 | sleep.weights.plasticity       | INFO  | Hard-clipped 35 w_cons parameters to delta_max=0.1000 bound.
2026-08-11 20:46:56 | sleep.weights.plasticity       | INFO  | Hard-clipped 29 w_cons parameters to delta_max=0.1000 bound.
2026-08-11 20:46:56 | sleep.weights.plasticity       | INFO  | Hard-clipped 29 w_cons parameters to delta_max=0.1000 bound.
2026-08-11 20:46:56 | sleep.weights.plasticity       | INFO  | Hard-clipped 29 w_cons parameters to delta_max=0.1000 bound.
2026-08-11 20:46:56 | sleep.weights.plasticity       | INFO  | Hard-clipped 30 w_cons parameters to delta_max=0.1000 bound.
2026-08-11 20:46:56 | sleep.weights.plasticity       | INFO  | Hard-clipped 29 w_cons parameters to delta_max=0.1000 bound.
2026-08-11 20:46:57 | sleep.weights.plasticity       | INFO  | Hard-clipped 28 w_cons parameters to delta_max=0.1000 bound.
2026-08-11 20:46:57 | sleep.weights.plasticity       | INFO  | Hard-clipped 29 w_cons parameters to delta_max=0.1000 bound.
2026-08-11 20:46:57 | sleep.weights.plasticity       | INFO  | Hard-clipped 29 w_cons parameters to delta_max=0.1000 bound.
2026-08-11 20:46:57 | sleep.weights.plasticity       | INFO  | Hard-clipped 30 w_cons parameters to delta_max=0.1000 bound.
2026-08-11 20:46:57 | sleep.weights.plasticity       | INFO  | Hard-clipped 28 w_cons parameters to delta_max=0.1000 bound.
2026-08-11 20:46:57 | sleep.weights.plasticity       | INFO  | Hard-clipped 26 w_cons parameters to delta_max=0.1000 bound.
2026-08-11 20:46:57 | sleep.weights.plasticity       | INFO  | Hard-clipped 27 w_cons parameters to delta_max=0.1000 bound.
2026-08-11 20:46:58 | sleep.weights.plasticity       | INFO  | Hard-clipped 26 w_cons parameters to delta_max=0.1000 bound.
2026-08-11 20:46:58 | sleep.weights.plasticity       | INFO  | Hard-clipped 26 w_cons parameters to delta_max=0.1000 bound.
2026-08-11 20:46:58 | sleep.weights.plasticity       | INFO  | Hard-clipped 26 w_cons parameters to delta_max=0.1000 bound.
2026-08-11 20:46:58 | sleep.weights.plasticity       | INFO  | Hard-clipped 26 w_cons parameters to delta_max=0.1000 bound.
2026-08-11 20:46:58 | sleep.weights.plasticity       | INFO  | Hard-clipped 27 w_cons parameters to delta_max=0.1000 bound.
2026-08-11 20:46:58 | sleep.weights.plasticity       | INFO  | Hard-clipped 27 w_cons parameters to delta_max=0.1000 bound.
2026-08-11 20:46:59 | sleep.weights.plasticity       | INFO  | Hard-clipped 27 w_cons parameters to delta_max=0.1000 bound.
2026-08-11 20:46:59 | sleep.weights.plasticity       | INFO  | Hard-clipped 28 w_cons parameters to delta_max=0.1000 bound.
2026-08-11 20:46:59 | sleep.weights.plasticity       | INFO  | Hard-clipped 29 w_cons parameters to delta_max=0.1000 bound.
2026-08-11 20:46:59 | sleep.weights.plasticity       | INFO  | Hard-clipped 29 w_cons parameters to delta_max=0.1000 bound.
2026-08-11 20:46:59 | sleep.weights.plasticity       | INFO  | Hard-clipped 30 w_cons parameters to delta_max=0.1000 bound.
2026-08-11 20:46:59 | sleep.weights.plasticity       | INFO  | Hard-clipped 28 w_cons parameters to delta_max=0.1000 bound.
2026-08-11 20:46:59 | sleep.weights.plasticity       | INFO  | Hard-clipped 28 w_cons parameters to delta_max=0.1000 bound.
2026-08-11 20:47:00 | sleep.weights.plasticity       | INFO  | Hard-clipped 29 w_cons parameters to delta_max=0.1000 bound.
2026-08-11 20:47:00 | sleep.weights.plasticity       | INFO  | Hard-clipped 31 w_cons parameters to delta_max=0.1000 bound.
2026-08-11 20:47:00 | sleep.weights.plasticity       | INFO  | Hard-clipped 30 w_cons parameters to delta_max=0.1000 bound.
2026-08-11 20:47:00 | sleep.weights.plasticity       | INFO  | Hard-clipped 29 w_cons parameters to delta_max=0.1000 bound.
2026-08-11 20:47:00 | sleep.weights.plasticity       | INFO  | Hard-clipped 29 w_cons parameters to delta_max=0.1000 bound.
2026-08-11 20:47:00 | sleep.weights.plasticity       | INFO  | Hard-clipped 25 w_cons parameters to delta_max=0.1000 bound.
2026-08-11 20:47:01 | sleep.weights.plasticity       | INFO  | Hard-clipped 25 w_cons parameters to delta_max=0.1000 bound.
2026-08-11 20:47:01 | sleep.weights.plasticity       | INFO  | Hard-clipped 26 w_cons parameters to delta_max=0.1000 bound.
2026-08-11 20:47:01 | sleep.weights.plasticity       | INFO  | Hard-clipped 27 w_cons parameters to delta_max=0.1000 bound.
2026-08-11 20:47:01 | sleep.weights.plasticity       | INFO  | Hard-clipped 27 w_cons parameters to delta_max=0.1000 bound.
2026-08-11 20:47:01 | sleep.weights.plasticity       | INFO  | Hard-clipped 28 w_cons parameters to delta_max=0.1000 bound.
2026-08-11 20:47:01 | sleep.weights.plasticity       | INFO  | Hard-clipped 28 w_cons parameters to delta_max=0.1000 bound.
2026-08-11 20:47:01 | sleep.weights.plasticity       | INFO  | Hard-clipped 28 w_cons parameters to delta_max=0.1000 bound.
2026-08-11 20:47:02 | sleep.weights.plasticity       | INFO  | Hard-clipped 28 w_cons parameters to delta_max=0.1000 bound.
2026-08-11 20:47:02 | sleep.weights.plasticity       | INFO  | Hard-clipped 28 w_cons parameters to delta_max=0.1000 bound.
2026-08-11 20:47:02 | sleep.weights.plasticity       | INFO  | Hard-clipped 27 w_cons parameters to delta_max=0.1000 bound.
2026-08-11 20:47:02 | sleep.weights.plasticity       | INFO  | Hard-clipped 26 w_cons parameters to delta_max=0.1000 bound.
2026-08-11 20:47:02 | sleep.weights.plasticity       | INFO  | Hard-clipped 27 w_cons parameters to delta_max=0.1000 bound.
2026-08-11 20:47:02 | sleep.weights.plasticity       | INFO  | Hard-clipped 28 w_cons parameters to delta_max=0.1000 bound.
2026-08-11 20:47:02 | sleep.weights.plasticity       | INFO  | Hard-clipped 28 w_cons parameters to delta_max=0.1000 bound.
2026-08-11 20:47:03 | sleep.weights.plasticity       | INFO  | Hard-clipped 28 w_cons parameters to delta_max=0.1000 bound.
2026-08-11 20:47:03 | sleep.weights.plasticity       | INFO  | Hard-clipped 29 w_cons parameters to delta_max=0.1000 bound.
2026-08-11 20:47:03 | sleep.weights.plasticity       | INFO  | Hard-clipped 29 w_cons parameters to delta_max=0.1000 bound.
2026-08-11 20:47:03 | sleep.weights.plasticity       | INFO  | Hard-clipped 29 w_cons parameters to delta_max=0.1000 bound.
2026-08-11 20:47:03 | sleep.weights.plasticity       | INFO  | Hard-clipped 28 w_cons parameters to delta_max=0.1000 bound.
2026-08-11 20:47:03 | sleep.weights.plasticity       | INFO  | Hard-clipped 29 w_cons parameters to delta_max=0.1000 bound.
2026-08-11 20:47:03 | sleep.weights.plasticity       | INFO  | Hard-clipped 29 w_cons parameters to delta_max=0.1000 bound.
2026-08-11 20:47:04 | sleep.weights.plasticity       | INFO  | Hard-clipped 29 w_cons parameters to delta_max=0.1000 bound.
2026-08-11 20:47:04 | sleep.weights.plasticity       | INFO  | Hard-clipped 30 w_cons parameters to delta_max=0.1000 bound.
2026-08-11 20:47:04 | sleep.weights.plasticity       | INFO  | Hard-clipped 30 w_cons parameters to delta_max=0.1000 bound.
2026-08-11 20:47:04 | sleep.weights.plasticity       | INFO  | Hard-clipped 31 w_cons parameters to delta_max=0.1000 bound.
2026-08-11 20:47:04 | sleep.weights.plasticity       | INFO  | Hard-clipped 31 w_cons parameters to delta_max=0.1000 bound.
2026-08-11 20:47:04 | sleep.weights.plasticity       | INFO  | Hard-clipped 31 w_cons parameters to delta_max=0.1000 bound.
2026-08-11 20:47:04 | sleep.weights.plasticity       | INFO  | Hard-clipped 31 w_cons parameters to delta_max=0.1000 bound.
2026-08-11 20:47:05 | sleep.weights.plasticity       | INFO  | Hard-clipped 31 w_cons parameters to delta_max=0.1000 bound.
2026-08-11 20:47:05 | sleep.weights.plasticity       | INFO  | Hard-clipped 31 w_cons parameters to delta_max=0.1000 bound.
2026-08-11 20:47:05 | sleep.weights.plasticity       | INFO  | Hard-clipped 31 w_cons parameters to delta_max=0.1000 bound.
2026-08-11 20:47:05 | sleep.weights.plasticity       | INFO  | Hard-clipped 31 w_cons parameters to delta_max=0.1000 bound.
2026-08-11 20:47:05 | sleep.weights.plasticity       | INFO  | Hard-clipped 31 w_cons parameters to delta_max=0.1000 bound.
2026-08-11 20:47:05 | sleep.weights.plasticity       | INFO  | Hard-clipped 31 w_cons parameters to delta_max=0.1000 bound.
2026-08-11 20:47:06 | sleep.weights.plasticity       | INFO  | Hard-clipped 31 w_cons parameters to delta_max=0.1000 bound.
2026-08-11 20:47:06 | sleep.weights.plasticity       | INFO  | Hard-clipped 31 w_cons parameters to delta_max=0.1000 bound.
2026-08-11 20:47:06 | sleep.weights.plasticity       | INFO  | Hard-clipped 31 w_cons parameters to delta_max=0.1000 bound.
2026-08-11 20:47:06 | sleep.weights.plasticity       | INFO  | Hard-clipped 30 w_cons parameters to delta_max=0.1000 bound.
2026-08-11 20:47:06 | sleep.weights.plasticity       | INFO  | Hard-clipped 29 w_cons parameters to delta_max=0.1000 bound.
2026-08-11 20:47:06 | sleep.weights.plasticity       | INFO  | Hard-clipped 29 w_cons parameters to delta_max=0.1000 bound.
2026-08-11 20:47:06 | sleep.weights.plasticity       | INFO  | Hard-clipped 29 w_cons parameters to delta_max=0.1000 bound.
2026-08-11 20:47:07 | sleep.weights.plasticity       | INFO  | Hard-clipped 26 w_cons parameters to delta_max=0.1000 bound.
2026-08-11 20:47:07 | sleep.weights.plasticity       | INFO  | Hard-clipped 23 w_cons parameters to delta_max=0.1000 bound.
2026-08-11 20:47:07 | sleep.weights.plasticity       | INFO  | Hard-clipped 26 w_cons parameters to delta_max=0.1000 bound.
2026-08-11 20:47:07 | sleep.weights.plasticity       | INFO  | Hard-clipped 18 w_cons parameters to delta_max=0.1000 bound.
2026-08-11 20:47:07 | sleep.weights.plasticity       | INFO  | Hard-clipped 20 w_cons parameters to delta_max=0.1000 bound.
2026-08-11 20:47:07 | sleep.weights.plasticity       | INFO  | Hard-clipped 14 w_cons parameters to delta_max=0.1000 bound.
2026-08-11 20:47:07 | sleep.weights.plasticity       | INFO  | Hard-clipped 13 w_cons parameters to delta_max=0.1000 bound.
2026-08-11 20:47:08 | sleep.weights.plasticity       | INFO  | Hard-clipped 9 w_cons parameters to delta_max=0.1000 bound.
2026-08-11 20:47:08 | sleep.sleep_engine.train       | INFO  |   distill step 1500/1500 | loss=0.5436 (kl=0.3336 ce=0.4199) | lr=0.00e+00
2026-08-11 20:47:08 | sleep.sleep_engine.train       | INFO  | Sleep distill-training complete | n_steps=1500 | final_loss=0.5436 | mean_loss=1.2091
2026-08-11 20:47:08 | sleep.sleep_engine             | INFO  | Phase 3 complete: 1500 steps, final_loss=0.5436, mean_loss=1.2091
2026-08-11 20:47:08 | sleep.sleep_engine             | INFO  | Phase 4/5: PPL CHECK (skipped — no benchmark data)
2026-08-11 20:47:08 | sleep.sleep_engine             | INFO  | Phase 5/5: VALIDATE & CLEANUP
2026-08-11 20:47:08 | sleep.weights.plasticity       | INFO  | Saved checkpoint for adapter 'w_cons': 44 parameters.
2026-08-11 20:47:08 | sleep.weights.plasticity       | INFO  | Restored 44 parameters for adapter 'w_cons' from checkpoint.
2026-08-11 20:47:09 | sleep.weights.plasticity       | INFO  | Restored 44 parameters for adapter 'w_cons' from checkpoint.
[transformers] The attention mask is not set and cannot be inferred from input because pad token is same as eos token. As a consequence, you may observe unexpected behavior. Please pass your input's `attention_mask` to obtain reliable results.
2026-08-11 20:47:53 | sleep.sleep_engine             | INFO  | Two-stage validation: 31/31 passed surprise, 30 also passed the mini-recall gate (self-grading gap = 1)
2026-08-11 20:47:53 | sleep.sleep_engine.cleanup     | INFO  | Cleanup complete | passed=30 | failed=1 | permanently_removed=0
2026-08-11 20:47:53 | sleep.sleep_engine             | INFO  | Phase 5 complete: consolidated=30, failed=1, permanently_removed=0
2026-08-11 20:47:53 | sleep.metrics                  | INFO  | summary | {'sleep_engine/n_candidates': 31, 'sleep_engine/n_replays_generated': 659, 'sleep_engine/n_replays_accepted': 659, 'sleep_engine/n_consolidated': 30, 'sleep_engine/n_failed': 1, 'sleep_engine/n_permanently_removed': 0, 'sleep_engine/rolled_back': False}
2026-08-11 20:47:53 | sleep.weights.kv_memory        | INFO  | bank cleared: freed 100 tags / 4691 tokens
2026-08-11 20:47:53 | sleep.sleep_engine             | INFO  | KV bank cleared (100 entries removed)
2026-08-11 20:47:53 | sleep.sleep_engine             | INFO  | KV memory injection: ENABLED
2026-08-11 20:47:53 | sleep.sleep_engine             | INFO  | === Sleep cycle END ===
2026-08-11 20:48:02 | sleep.evaluation.recall_formats | INFO  | MC recall: accuracy=0.2300, mean_correct_prob=0.2442 across 200 facts
2026-08-11 20:50:21 | sleep.evaluation.recall_formats | INFO  | Cloze recall: accuracy=0.1850 across 200 facts
2026-08-11 20:56:07 | sleep.evaluation.recall_formats | INFO  | Free-form recall (greedy): mean_score=0.2183, accuracy=0.4250 across 200 facts
2026-08-11 20:56:07 | sleep.evaluation.preservation  | INFO  | Perplexity evaluation: PPL=7.8199 (mean_loss=2.0567, 36 tokens)
2026-08-11 20:56:07 | sleep.evaluation.preservation  | INFO  | BCP: 1.1938 (current_ppl=7.8199, original_ppl=6.5503)
2026-08-11 20:56:57 | sleep.evaluation.recall_formats | INFO  | Free-form recall (greedy): mean_score=0.7241, accuracy=0.9655 across 29 facts
2026-08-11 20:56:57 | sleep.experiment.common        | INFO  | Wrote results to /workspace/results/d2_mistral_s2.json

================================================================
FULL PIPELINE v2 — recipe=distill seed=2
================================================================
  tags=112  PRP=31  consolidated=30  recall-gate=30
  DRA (greedy):   0.2183  (trained subset: 0.7241 over 29)
  cloze:          0.1850
  MC:             0.2300
  BCP:            1.1938
  rolled_back:    False
  Results: /workspace/results/d2_mistral_s2.json
2026-08-11 20:56:57 | sleep.weights.kv_injection     | INFO  | KVInjector uninstalled from 10 layers
