2026-08-12 00:10:38 | sleep.utils.seed               | INFO  | Seeded all RNGs with seed=1 (deterministic_algorithms=False)
==============================================================================
EXPERIMENT 08: Multi-Cycle Continual Learning
  Method:     sleep
  Cycles:     10
  Batch size: 20
==============================================================================
  Loaded 200 facts (will run 10 cycles of 20 each)

Loading model: /workspace/models/llama-3.1-8b (eager attention)
[transformers] `torch_dtype` is deprecated! Use `dtype` instead!
Loading weights:   0%|          | 0/291 [00:00<?, ?it/s]Loading weights: 100%|██████████| 291/291 [00:00<00:00, 5142.63it/s]
  Model: 8.030B params
2026-08-12 00:10:44 | sleep.weights.lora             | INFO  | LoRA target modules for llama: ['up_proj', 'down_proj']
2026-08-12 00:10:44 | sleep.weights.lora             | INFO  | LoRA config: rank=16, alpha=32, selection=middle, layers=[10, 11, 12, 13, 14, 15, 16, 17, 18, 19, 20] (of 32 total), targets=['up_proj', 'down_proj']
2026-08-12 00:10:44 | sleep.weights.lora             | INFO  | Created LoRA adapter 'w_fast': 6488064 trainable parameters (0.0807% of base model)
2026-08-12 00:10:44 | sleep.weights.lora             | INFO  | LoRA target modules for llama: ['up_proj', 'down_proj']
2026-08-12 00:10:44 | sleep.weights.lora             | INFO  | LoRA config: rank=16, alpha=32, selection=middle, layers=[10, 11, 12, 13, 14, 15, 16, 17, 18, 19, 20] (of 32 total), targets=['up_proj', 'down_proj']
2026-08-12 00:10:45 | sleep.weights.lora             | INFO  | Dual adapters ready: w_fast=6488064 params, w_cons=6488064 params
/usr/local/lib/python3.11/dist-packages/peft/tuners/tuners_utils.py:2193: UserWarning: Adapter cannot be set when the model is merged. Unmerging the model first.
  warnings.warn("Adapter cannot be set when the model is merged. Unmerging the model first.")
2026-08-12 00:10:45 | sleep.weights.fast_update      | INFO  | FastWeightUpdater initialized: 44 parameter groups, alpha_base=1.00e-04, momentum=0.90
2026-08-12 00:10:45 | sleep.weights.plasticity       | INFO  | Adapted layers: [10, 11, 12, 13, 14, 15, 16, 17, 18, 19, 20] (middle 33% of 32 layers)
2026-08-12 00:10:45 | sleep.weights.plasticity       | INFO  | Injection layers: [22, 23, 24, 25, 26, 27, 28, 29, 30, 31] (top 33% of 32 layers)
2026-08-12 00:10:45 | sleep.weights.plasticity       | INFO  | Computed Frobenius norms for 224 base model weight matrices.
2026-08-12 00:10:45 | sleep.weights.kv_injection     | INFO  | KVInjector installed on 10 layers: [22, 23, 24, 25, 26, 27, 28, 29, 30, 31]
2026-08-12 00:10:45 | sleep.weights                  | INFO  | KV memory mode enabled | adapted_layers=[10, 11, 12, 13, 14, 15, 16, 17, 18, 19, 20] | num_kv_heads=8 | head_dim=128 | max_total_tokens=20000 | top_k=64 | device=cuda:0 | dtype=torch.bfloat16
2026-08-12 00:10:45 | sleep.weights                  | INFO  | DualWeightSystem initialized | W_fast: 6,488,064 params | W_cons: 6,488,064 params | Adapted layers: [10, 11, 12, 13, 14, 15, 16, 17, 18, 19, 20] | Plasticity: 0.188–0.452 | KV bank installed
/usr/local/lib/python3.11/dist-packages/peft/tuners/lora/layer.py:983: UserWarning: Already unmerged. Nothing to do.
  warnings.warn("Already unmerged. Nothing to do.")
2026-08-12 00:10:46 | sleep.sleep_engine.quality     | INFO  | Baseline surprise computed: mu_surprise=1.7099 nats over 53 tokens

Measuring baseline PPL on controls...
2026-08-12 00:10:46 | sleep.evaluation.preservation  | INFO  | Perplexity evaluation: PPL=5.5201 (mean_loss=1.7084, 53 tokens)
  Baseline PPL: 5.5201
2026-08-12 00:10:46 | sleep.experiment.08            | INFO  | ======================================================================
2026-08-12 00:10:46 | sleep.experiment.08            | INFO  | [SLEEP Cycle 1] Wake phase: 20 facts
2026-08-12 00:10:46 | sleep.experiment.08            | INFO  | ======================================================================
2026-08-12 00:10:46 | sleep.tagging                  | INFO  | step=1 | 2 tags created from 2 spans | buffer: 2/40151 (0.0%)
2026-08-12 00:10:46 | sleep.tagging                  | INFO  | step=2 | 1 tags created from 1 spans | buffer: 3/40151 (0.0%)
2026-08-12 00:10:46 | sleep.tagging                  | INFO  | step=3 | 2 tags created from 2 spans | buffer: 5/40151 (0.0%)
2026-08-12 00:10:46 | sleep.tagging                  | INFO  | step=4 | 1 tags created from 1 spans | buffer: 6/40151 (0.0%)
2026-08-12 00:10:46 | sleep.tagging                  | INFO  | step=6 | 1 tags created from 1 spans | buffer: 7/40151 (0.0%)
2026-08-12 00:10:46 | sleep.tagging                  | INFO  | step=7 | 1 tags created from 1 spans | buffer: 8/40151 (0.0%)
2026-08-12 00:10:47 | sleep.tagging                  | INFO  | step=9 | 1 tags created from 1 spans | buffer: 9/40151 (0.0%)
2026-08-12 00:10:47 | sleep.tagging                  | INFO  | step=12 | 1 tags created from 1 spans | buffer: 10/40151 (0.0%)
2026-08-12 00:10:47 | sleep.tagging                  | INFO  | step=14 | 1 tags created from 1 spans | buffer: 11/40151 (0.0%)
2026-08-12 00:10:47 | sleep.tagging                  | INFO  | step=17 | 1 tags created from 1 spans | buffer: 12/40151 (0.0%)
2026-08-12 00:10:47 | sleep.experiment.08            | INFO  | [Cycle 1] Wake summary: 20 facts -> 10 KV writes; bank: 392/20000 tokens
2026-08-12 00:10:47 | sleep.prp                      | INFO  | step=20 | PRP update: 3/4015 allocated (0%) | +3 -0 | threshold=0.287 | mean_score=0.255
2026-08-12 00:10:47 | sleep.experiment.08            | INFO  | [Cycle 1] PRP: 3 allocated, 3 consolidation candidates
2026-08-12 00:10:47 | sleep.sleep_engine             | INFO  | === Sleep cycle START | 3 candidates ===
2026-08-12 00:10:47 | sleep.sleep_engine             | INFO  | Phase 1/5: GENERATE (strategy=paraphrase)
2026-08-12 00:10:47 | sleep.sleep_engine             | INFO  | KV memory injection: DISABLED
2026-08-12 00:10:47 | sleep.sleep_engine             | INFO  | Phase 1 (paraphrase strategy): 66 wordings from 3 unique sources (3 candidates)
[transformers] Ignoring clean_up_tokenization_spaces=True for BPE tokenizer TokenizersBackend. The clean_up_tokenization post-processing step is designed for WordPiece tokenizers and is destructive for BPE (it strips spaces before punctuation). Set clean_up_tokenization_spaces=False to suppress this warning, or set clean_up_tokenization_spaces_for_bpe_even_though_it_will_corrupt_output=True to force cleanup anyway.
2026-08-12 00:10:47 | sleep.sleep_engine             | INFO  | Phase 1 complete: 66/3 replays generated
2026-08-12 00:10:47 | sleep.sleep_engine             | INFO  | Phase 2/5: QUALITY CHECK
2026-08-12 00:10:47 | sleep.sleep_engine             | INFO  | Phase 2 complete: 66/66 replays accepted
2026-08-12 00:10:47 | sleep.sleep_engine             | INFO  | Phase 3/5: TRAIN (66 accepted replays)
2026-08-12 00:10:47 | sleep.sleep_engine             | INFO  | KV memory injection: DISABLED
2026-08-12 00:10:47 | sleep.weights.plasticity       | INFO  | Saved checkpoint for adapter 'w_cons': 44 parameters.
2026-08-12 00:10:48 | sleep.weights.plasticity       | INFO  | Saved checkpoint for adapter 'w_cons': 44 parameters.
2026-08-12 00:10:48 | sleep.sleep_engine.train       | INFO  | Starting sleep training | n_steps=400 | n_replay=66 | lr=1.00e-04 | device=cuda
2026-08-12 00:11:05 | sleep.weights.plasticity       | INFO  | Hard-clipped 1 w_cons parameters to delta_max=0.0300 bound.
2026-08-12 00:11:05 | sleep.weights.plasticity       | INFO  | Hard-clipped 2 w_cons parameters to delta_max=0.0300 bound.
2026-08-12 00:11:06 | sleep.weights.plasticity       | INFO  | Hard-clipped 2 w_cons parameters to delta_max=0.0300 bound.
2026-08-12 00:11:06 | sleep.weights.plasticity       | INFO  | Hard-clipped 3 w_cons parameters to delta_max=0.0300 bound.
2026-08-12 00:11:07 | sleep.weights.plasticity       | INFO  | Hard-clipped 4 w_cons parameters to delta_max=0.0300 bound.
2026-08-12 00:11:07 | sleep.weights.plasticity       | INFO  | Hard-clipped 5 w_cons parameters to delta_max=0.0300 bound.
2026-08-12 00:11:08 | sleep.weights.plasticity       | INFO  | Hard-clipped 6 w_cons parameters to delta_max=0.0300 bound.
2026-08-12 00:11:08 | sleep.weights.plasticity       | INFO  | Hard-clipped 7 w_cons parameters to delta_max=0.0300 bound.
2026-08-12 00:11:09 | sleep.weights.plasticity       | INFO  | Hard-clipped 7 w_cons parameters to delta_max=0.0300 bound.
2026-08-12 00:11:09 | sleep.sleep_engine.train       | INFO  |   step 40/400 | loss=2.1595 | mean_loss=3.6833 | eta=9 | lr=1.00e-04
2026-08-12 00:11:09 | sleep.weights.plasticity       | INFO  | Hard-clipped 8 w_cons parameters to delta_max=0.0300 bound.
2026-08-12 00:11:10 | sleep.weights.plasticity       | INFO  | Hard-clipped 9 w_cons parameters to delta_max=0.0300 bound.
2026-08-12 00:11:11 | sleep.weights.plasticity       | INFO  | Hard-clipped 9 w_cons parameters to delta_max=0.0300 bound.
2026-08-12 00:11:11 | sleep.weights.plasticity       | INFO  | Hard-clipped 10 w_cons parameters to delta_max=0.0300 bound.
2026-08-12 00:11:12 | sleep.weights.plasticity       | INFO  | Hard-clipped 10 w_cons parameters to delta_max=0.0300 bound.
2026-08-12 00:11:12 | sleep.weights.plasticity       | INFO  | Hard-clipped 11 w_cons parameters to delta_max=0.0300 bound.
2026-08-12 00:11:13 | sleep.weights.plasticity       | INFO  | Hard-clipped 11 w_cons parameters to delta_max=0.0300 bound.
2026-08-12 00:11:13 | sleep.weights.plasticity       | INFO  | Hard-clipped 12 w_cons parameters to delta_max=0.0300 bound.
2026-08-12 00:11:14 | sleep.weights.plasticity       | INFO  | Hard-clipped 13 w_cons parameters to delta_max=0.0300 bound.
2026-08-12 00:11:14 | sleep.weights.plasticity       | INFO  | Hard-clipped 13 w_cons parameters to delta_max=0.0300 bound.
2026-08-12 00:11:15 | sleep.weights.plasticity       | INFO  | Hard-clipped 14 w_cons parameters to delta_max=0.0300 bound.
2026-08-12 00:11:15 | sleep.weights.plasticity       | INFO  | Hard-clipped 14 w_cons parameters to delta_max=0.0300 bound.
2026-08-12 00:11:16 | sleep.weights.plasticity       | INFO  | Hard-clipped 14 w_cons parameters to delta_max=0.0300 bound.
2026-08-12 00:11:16 | sleep.weights.plasticity       | INFO  | Hard-clipped 15 w_cons parameters to delta_max=0.0300 bound.
2026-08-12 00:11:17 | sleep.weights.plasticity       | INFO  | Hard-clipped 16 w_cons parameters to delta_max=0.0300 bound.
2026-08-12 00:11:17 | sleep.weights.plasticity       | INFO  | Hard-clipped 17 w_cons parameters to delta_max=0.0300 bound.
2026-08-12 00:11:18 | sleep.weights.plasticity       | INFO  | Hard-clipped 17 w_cons parameters to delta_max=0.0300 bound.
2026-08-12 00:11:18 | sleep.weights.plasticity       | INFO  | Hard-clipped 17 w_cons parameters to delta_max=0.0300 bound.
2026-08-12 00:11:19 | sleep.weights.plasticity       | INFO  | Hard-clipped 17 w_cons parameters to delta_max=0.0300 bound.
2026-08-12 00:11:19 | sleep.weights.plasticity       | INFO  | Hard-clipped 17 w_cons parameters to delta_max=0.0300 bound.
2026-08-12 00:11:20 | sleep.weights.plasticity       | INFO  | Hard-clipped 17 w_cons parameters to delta_max=0.0300 bound.
2026-08-12 00:11:20 | sleep.weights.plasticity       | INFO  | Hard-clipped 17 w_cons parameters to delta_max=0.0300 bound.
2026-08-12 00:11:21 | sleep.weights.plasticity       | INFO  | Hard-clipped 18 w_cons parameters to delta_max=0.0300 bound.
2026-08-12 00:11:22 | sleep.weights.plasticity       | INFO  | Hard-clipped 18 w_cons parameters to delta_max=0.0300 bound.
2026-08-12 00:11:22 | sleep.weights.plasticity       | INFO  | Hard-clipped 19 w_cons parameters to delta_max=0.0300 bound.
2026-08-12 00:11:23 | sleep.weights.plasticity       | INFO  | Hard-clipped 19 w_cons parameters to delta_max=0.0300 bound.
2026-08-12 00:11:23 | sleep.weights.plasticity       | INFO  | Hard-clipped 19 w_cons parameters to delta_max=0.0300 bound.
2026-08-12 00:11:24 | sleep.weights.plasticity       | INFO  | Hard-clipped 19 w_cons parameters to delta_max=0.0300 bound.
2026-08-12 00:11:24 | sleep.weights.plasticity       | INFO  | Hard-clipped 20 w_cons parameters to delta_max=0.0300 bound.
2026-08-12 00:11:25 | sleep.weights.plasticity       | INFO  | Hard-clipped 20 w_cons parameters to delta_max=0.0300 bound.
2026-08-12 00:11:25 | sleep.weights.plasticity       | INFO  | Hard-clipped 20 w_cons parameters to delta_max=0.0300 bound.
2026-08-12 00:11:26 | sleep.weights.plasticity       | INFO  | Hard-clipped 20 w_cons parameters to delta_max=0.0300 bound.
2026-08-12 00:11:26 | sleep.weights.plasticity       | INFO  | Hard-clipped 20 w_cons parameters to delta_max=0.0300 bound.
2026-08-12 00:11:27 | sleep.weights.plasticity       | INFO  | Hard-clipped 20 w_cons parameters to delta_max=0.0300 bound.
2026-08-12 00:11:27 | sleep.weights.plasticity       | INFO  | Hard-clipped 20 w_cons parameters to delta_max=0.0300 bound.
2026-08-12 00:11:28 | sleep.weights.plasticity       | INFO  | Hard-clipped 21 w_cons parameters to delta_max=0.0300 bound.
2026-08-12 00:11:28 | sleep.weights.plasticity       | INFO  | Hard-clipped 21 w_cons parameters to delta_max=0.0300 bound.
2026-08-12 00:11:29 | sleep.weights.plasticity       | INFO  | Hard-clipped 21 w_cons parameters to delta_max=0.0300 bound.
2026-08-12 00:11:30 | sleep.weights.plasticity       | INFO  | Hard-clipped 22 w_cons parameters to delta_max=0.0300 bound.
2026-08-12 00:11:30 | sleep.weights.plasticity       | INFO  | Hard-clipped 22 w_cons parameters to delta_max=0.0300 bound.
2026-08-12 00:11:30 | sleep.sleep_engine.train       | INFO  |   step 80/400 | loss=0.3820 | mean_loss=2.2325 | eta=9 | lr=9.70e-05
2026-08-12 00:11:31 | sleep.weights.plasticity       | INFO  | Hard-clipped 22 w_cons parameters to delta_max=0.0300 bound.
2026-08-12 00:11:31 | sleep.weights.plasticity       | INFO  | Hard-clipped 23 w_cons parameters to delta_max=0.0300 bound.
2026-08-12 00:11:32 | sleep.weights.plasticity       | INFO  | Hard-clipped 23 w_cons parameters to delta_max=0.0300 bound.
2026-08-12 00:11:32 | sleep.weights.plasticity       | INFO  | Hard-clipped 23 w_cons parameters to delta_max=0.0300 bound.
2026-08-12 00:11:33 | sleep.weights.plasticity       | INFO  | Hard-clipped 23 w_cons parameters to delta_max=0.0300 bound.
2026-08-12 00:11:33 | sleep.weights.plasticity       | INFO  | Hard-clipped 23 w_cons parameters to delta_max=0.0300 bound.
2026-08-12 00:11:34 | sleep.weights.plasticity       | INFO  | Hard-clipped 23 w_cons parameters to delta_max=0.0300 bound.
2026-08-12 00:11:34 | sleep.weights.plasticity       | INFO  | Hard-clipped 23 w_cons parameters to delta_max=0.0300 bound.
2026-08-12 00:11:35 | sleep.weights.plasticity       | INFO  | Hard-clipped 23 w_cons parameters to delta_max=0.0300 bound.
2026-08-12 00:11:35 | sleep.weights.plasticity       | INFO  | Hard-clipped 23 w_cons parameters to delta_max=0.0300 bound.
2026-08-12 00:11:36 | sleep.weights.plasticity       | INFO  | Hard-clipped 23 w_cons parameters to delta_max=0.0300 bound.
2026-08-12 00:11:36 | sleep.weights.plasticity       | INFO  | Hard-clipped 23 w_cons parameters to delta_max=0.0300 bound.
2026-08-12 00:11:37 | sleep.weights.plasticity       | INFO  | Hard-clipped 23 w_cons parameters to delta_max=0.0300 bound.
2026-08-12 00:11:38 | sleep.weights.plasticity       | INFO  | Hard-clipped 23 w_cons parameters to delta_max=0.0300 bound.
2026-08-12 00:11:38 | sleep.weights.plasticity       | INFO  | Hard-clipped 23 w_cons parameters to delta_max=0.0300 bound.
2026-08-12 00:11:39 | sleep.weights.plasticity       | INFO  | Hard-clipped 23 w_cons parameters to delta_max=0.0300 bound.
2026-08-12 00:11:39 | sleep.weights.plasticity       | INFO  | Hard-clipped 23 w_cons parameters to delta_max=0.0300 bound.
2026-08-12 00:11:40 | sleep.weights.plasticity       | INFO  | Hard-clipped 23 w_cons parameters to delta_max=0.0300 bound.
2026-08-12 00:11:40 | sleep.weights.plasticity       | INFO  | Hard-clipped 23 w_cons parameters to delta_max=0.0300 bound.
2026-08-12 00:11:41 | sleep.weights.plasticity       | INFO  | Hard-clipped 23 w_cons parameters to delta_max=0.0300 bound.
2026-08-12 00:11:41 | sleep.weights.plasticity       | INFO  | Hard-clipped 23 w_cons parameters to delta_max=0.0300 bound.
2026-08-12 00:11:42 | sleep.weights.plasticity       | INFO  | Hard-clipped 23 w_cons parameters to delta_max=0.0300 bound.
2026-08-12 00:11:42 | sleep.weights.plasticity       | INFO  | Hard-clipped 23 w_cons parameters to delta_max=0.0300 bound.
2026-08-12 00:11:43 | sleep.weights.plasticity       | INFO  | Hard-clipped 23 w_cons parameters to delta_max=0.0300 bound.
2026-08-12 00:11:44 | sleep.weights.plasticity       | INFO  | Hard-clipped 23 w_cons parameters to delta_max=0.0300 bound.
2026-08-12 00:11:44 | sleep.weights.plasticity       | INFO  | Hard-clipped 23 w_cons parameters to delta_max=0.0300 bound.
2026-08-12 00:11:45 | sleep.weights.plasticity       | INFO  | Hard-clipped 23 w_cons parameters to delta_max=0.0300 bound.
2026-08-12 00:11:45 | sleep.weights.plasticity       | INFO  | Hard-clipped 23 w_cons parameters to delta_max=0.0300 bound.
2026-08-12 00:11:46 | sleep.weights.plasticity       | INFO  | Hard-clipped 23 w_cons parameters to delta_max=0.0300 bound.
2026-08-12 00:11:46 | sleep.weights.plasticity       | INFO  | Hard-clipped 21 w_cons parameters to delta_max=0.0300 bound.
2026-08-12 00:11:47 | sleep.weights.plasticity       | INFO  | Hard-clipped 21 w_cons parameters to delta_max=0.0300 bound.
2026-08-12 00:11:47 | sleep.weights.plasticity       | INFO  | Hard-clipped 21 w_cons parameters to delta_max=0.0300 bound.
2026-08-12 00:11:48 | sleep.weights.plasticity       | INFO  | Hard-clipped 22 w_cons parameters to delta_max=0.0300 bound.
2026-08-12 00:11:48 | sleep.weights.plasticity       | INFO  | Hard-clipped 22 w_cons parameters to delta_max=0.0300 bound.
2026-08-12 00:11:49 | sleep.weights.plasticity       | INFO  | Hard-clipped 22 w_cons parameters to delta_max=0.0300 bound.
2026-08-12 00:11:49 | sleep.weights.plasticity       | INFO  | Hard-clipped 23 w_cons parameters to delta_max=0.0300 bound.
2026-08-12 00:11:50 | sleep.weights.plasticity       | INFO  | Hard-clipped 23 w_cons parameters to delta_max=0.0300 bound.
2026-08-12 00:11:50 | sleep.weights.plasticity       | INFO  | Hard-clipped 23 w_cons parameters to delta_max=0.0300 bound.
2026-08-12 00:11:51 | sleep.weights.plasticity       | INFO  | Hard-clipped 23 w_cons parameters to delta_max=0.0300 bound.
2026-08-12 00:11:52 | sleep.weights.plasticity       | INFO  | Hard-clipped 23 w_cons parameters to delta_max=0.0300 bound.
2026-08-12 00:11:52 | sleep.sleep_engine.train       | INFO  |   step 120/400 | loss=0.3324 | mean_loss=1.6068 | eta=4 | lr=8.83e-05
2026-08-12 00:11:52 | sleep.weights.plasticity       | INFO  | Hard-clipped 23 w_cons parameters to delta_max=0.0300 bound.
2026-08-12 00:11:53 | sleep.weights.plasticity       | INFO  | Hard-clipped 23 w_cons parameters to delta_max=0.0300 bound.
2026-08-12 00:11:53 | sleep.weights.plasticity       | INFO  | Hard-clipped 21 w_cons parameters to delta_max=0.0300 bound.
2026-08-12 00:11:54 | sleep.weights.plasticity       | INFO  | Hard-clipped 21 w_cons parameters to delta_max=0.0300 bound.
2026-08-12 00:11:54 | sleep.weights.plasticity       | INFO  | Hard-clipped 21 w_cons parameters to delta_max=0.0300 bound.
2026-08-12 00:11:55 | sleep.weights.plasticity       | INFO  | Hard-clipped 21 w_cons parameters to delta_max=0.0300 bound.
2026-08-12 00:11:55 | sleep.weights.plasticity       | INFO  | Hard-clipped 21 w_cons parameters to delta_max=0.0300 bound.
2026-08-12 00:11:56 | sleep.weights.plasticity       | INFO  | Hard-clipped 23 w_cons parameters to delta_max=0.0300 bound.
2026-08-12 00:11:56 | sleep.weights.plasticity       | INFO  | Hard-clipped 23 w_cons parameters to delta_max=0.0300 bound.
2026-08-12 00:11:57 | sleep.weights.plasticity       | INFO  | Hard-clipped 23 w_cons parameters to delta_max=0.0300 bound.
2026-08-12 00:11:57 | sleep.weights.plasticity       | INFO  | Hard-clipped 23 w_cons parameters to delta_max=0.0300 bound.
2026-08-12 00:11:58 | sleep.weights.plasticity       | INFO  | Hard-clipped 23 w_cons parameters to delta_max=0.0300 bound.
2026-08-12 00:11:58 | sleep.weights.plasticity       | INFO  | Hard-clipped 23 w_cons parameters to delta_max=0.0300 bound.
2026-08-12 00:11:59 | sleep.weights.plasticity       | INFO  | Hard-clipped 23 w_cons parameters to delta_max=0.0300 bound.
2026-08-12 00:12:00 | sleep.weights.plasticity       | INFO  | Hard-clipped 23 w_cons parameters to delta_max=0.0300 bound.
2026-08-12 00:12:00 | sleep.weights.plasticity       | INFO  | Hard-clipped 23 w_cons parameters to delta_max=0.0300 bound.
2026-08-12 00:12:01 | sleep.weights.plasticity       | INFO  | Hard-clipped 23 w_cons parameters to delta_max=0.0300 bound.
2026-08-12 00:12:01 | sleep.weights.plasticity       | INFO  | Hard-clipped 23 w_cons parameters to delta_max=0.0300 bound.
2026-08-12 00:12:02 | sleep.weights.plasticity       | INFO  | Hard-clipped 22 w_cons parameters to delta_max=0.0300 bound.
2026-08-12 00:12:02 | sleep.weights.plasticity       | INFO  | Hard-clipped 19 w_cons parameters to delta_max=0.0300 bound.
2026-08-12 00:12:03 | sleep.weights.plasticity       | INFO  | Hard-clipped 19 w_cons parameters to delta_max=0.0300 bound.
2026-08-12 00:12:03 | sleep.weights.plasticity       | INFO  | Hard-clipped 20 w_cons parameters to delta_max=0.0300 bound.
2026-08-12 00:12:04 | sleep.weights.plasticity       | INFO  | Hard-clipped 19 w_cons parameters to delta_max=0.0300 bound.
2026-08-12 00:12:04 | sleep.weights.plasticity       | INFO  | Hard-clipped 19 w_cons parameters to delta_max=0.0300 bound.
2026-08-12 00:12:05 | sleep.weights.plasticity       | INFO  | Hard-clipped 19 w_cons parameters to delta_max=0.0300 bound.
2026-08-12 00:12:05 | sleep.weights.plasticity       | INFO  | Hard-clipped 20 w_cons parameters to delta_max=0.0300 bound.
2026-08-12 00:12:06 | sleep.weights.plasticity       | INFO  | Hard-clipped 20 w_cons parameters to delta_max=0.0300 bound.
2026-08-12 00:12:07 | sleep.weights.plasticity       | INFO  | Hard-clipped 22 w_cons parameters to delta_max=0.0300 bound.
2026-08-12 00:12:07 | sleep.weights.plasticity       | INFO  | Hard-clipped 24 w_cons parameters to delta_max=0.0300 bound.
2026-08-12 00:12:08 | sleep.weights.plasticity       | INFO  | Hard-clipped 24 w_cons parameters to delta_max=0.0300 bound.
2026-08-12 00:12:08 | sleep.weights.plasticity       | INFO  | Hard-clipped 24 w_cons parameters to delta_max=0.0300 bound.
2026-08-12 00:12:09 | sleep.weights.plasticity       | INFO  | Hard-clipped 24 w_cons parameters to delta_max=0.0300 bound.
2026-08-12 00:12:09 | sleep.weights.plasticity       | INFO  | Hard-clipped 23 w_cons parameters to delta_max=0.0300 bound.
2026-08-12 00:12:10 | sleep.weights.plasticity       | INFO  | Hard-clipped 22 w_cons parameters to delta_max=0.0300 bound.
2026-08-12 00:12:10 | sleep.weights.plasticity       | INFO  | Hard-clipped 22 w_cons parameters to delta_max=0.0300 bound.
2026-08-12 00:12:11 | sleep.weights.plasticity       | INFO  | Hard-clipped 21 w_cons parameters to delta_max=0.0300 bound.
2026-08-12 00:12:11 | sleep.weights.plasticity       | INFO  | Hard-clipped 22 w_cons parameters to delta_max=0.0300 bound.
2026-08-12 00:12:12 | sleep.weights.plasticity       | INFO  | Hard-clipped 22 w_cons parameters to delta_max=0.0300 bound.
2026-08-12 00:12:12 | sleep.weights.plasticity       | INFO  | Hard-clipped 21 w_cons parameters to delta_max=0.0300 bound.
2026-08-12 00:12:13 | sleep.weights.plasticity       | INFO  | Hard-clipped 21 w_cons parameters to delta_max=0.0300 bound.
2026-08-12 00:12:13 | sleep.sleep_engine.train       | INFO  |   step 160/400 | loss=0.2833 | mean_loss=1.2895 | eta=4 | lr=7.50e-05
2026-08-12 00:12:13 | sleep.weights.plasticity       | INFO  | Hard-clipped 22 w_cons parameters to delta_max=0.0300 bound.
2026-08-12 00:12:14 | sleep.weights.plasticity       | INFO  | Hard-clipped 22 w_cons parameters to delta_max=0.0300 bound.
2026-08-12 00:12:14 | sleep.weights.plasticity       | INFO  | Hard-clipped 24 w_cons parameters to delta_max=0.0300 bound.
2026-08-12 00:12:15 | sleep.weights.plasticity       | INFO  | Hard-clipped 24 w_cons parameters to delta_max=0.0300 bound.
2026-08-12 00:12:15 | sleep.weights.plasticity       | INFO  | Hard-clipped 24 w_cons parameters to delta_max=0.0300 bound.
2026-08-12 00:12:16 | sleep.weights.plasticity       | INFO  | Hard-clipped 25 w_cons parameters to delta_max=0.0300 bound.
2026-08-12 00:12:17 | sleep.weights.plasticity       | INFO  | Hard-clipped 25 w_cons parameters to delta_max=0.0300 bound.
2026-08-12 00:12:17 | sleep.weights.plasticity       | INFO  | Hard-clipped 25 w_cons parameters to delta_max=0.0300 bound.
2026-08-12 00:12:18 | sleep.weights.plasticity       | INFO  | Hard-clipped 25 w_cons parameters to delta_max=0.0300 bound.
2026-08-12 00:12:18 | sleep.weights.plasticity       | INFO  | Hard-clipped 24 w_cons parameters to delta_max=0.0300 bound.
2026-08-12 00:12:19 | sleep.weights.plasticity       | INFO  | Hard-clipped 21 w_cons parameters to delta_max=0.0300 bound.
2026-08-12 00:12:19 | sleep.weights.plasticity       | INFO  | Hard-clipped 22 w_cons parameters to delta_max=0.0300 bound.
2026-08-12 00:12:20 | sleep.weights.plasticity       | INFO  | Hard-clipped 18 w_cons parameters to delta_max=0.0300 bound.
2026-08-12 00:12:20 | sleep.weights.plasticity       | INFO  | Hard-clipped 20 w_cons parameters to delta_max=0.0300 bound.
2026-08-12 00:12:21 | sleep.weights.plasticity       | INFO  | Hard-clipped 22 w_cons parameters to delta_max=0.0300 bound.
2026-08-12 00:12:21 | sleep.weights.plasticity       | INFO  | Hard-clipped 21 w_cons parameters to delta_max=0.0300 bound.
2026-08-12 00:12:22 | sleep.weights.plasticity       | INFO  | Hard-clipped 21 w_cons parameters to delta_max=0.0300 bound.
2026-08-12 00:12:23 | sleep.weights.plasticity       | INFO  | Hard-clipped 22 w_cons parameters to delta_max=0.0300 bound.
2026-08-12 00:12:23 | sleep.weights.plasticity       | INFO  | Hard-clipped 22 w_cons parameters to delta_max=0.0300 bound.
2026-08-12 00:12:24 | sleep.weights.plasticity       | INFO  | Hard-clipped 22 w_cons parameters to delta_max=0.0300 bound.
2026-08-12 00:12:24 | sleep.weights.plasticity       | INFO  | Hard-clipped 23 w_cons parameters to delta_max=0.0300 bound.
2026-08-12 00:12:25 | sleep.weights.plasticity       | INFO  | Hard-clipped 23 w_cons parameters to delta_max=0.0300 bound.
2026-08-12 00:12:25 | sleep.weights.plasticity       | INFO  | Hard-clipped 23 w_cons parameters to delta_max=0.0300 bound.
2026-08-12 00:12:26 | sleep.weights.plasticity       | INFO  | Hard-clipped 24 w_cons parameters to delta_max=0.0300 bound.
2026-08-12 00:12:26 | sleep.weights.plasticity       | INFO  | Hard-clipped 24 w_cons parameters to delta_max=0.0300 bound.
2026-08-12 00:12:27 | sleep.weights.plasticity       | INFO  | Hard-clipped 24 w_cons parameters to delta_max=0.0300 bound.
2026-08-12 00:12:27 | sleep.weights.plasticity       | INFO  | Hard-clipped 24 w_cons parameters to delta_max=0.0300 bound.
2026-08-12 00:12:28 | sleep.weights.plasticity       | INFO  | Hard-clipped 25 w_cons parameters to delta_max=0.0300 bound.
2026-08-12 00:12:29 | sleep.weights.plasticity       | INFO  | Hard-clipped 25 w_cons parameters to delta_max=0.0300 bound.
2026-08-12 00:12:29 | sleep.weights.plasticity       | INFO  | Hard-clipped 25 w_cons parameters to delta_max=0.0300 bound.
2026-08-12 00:12:30 | sleep.weights.plasticity       | INFO  | Hard-clipped 25 w_cons parameters to delta_max=0.0300 bound.
2026-08-12 00:12:30 | sleep.weights.plasticity       | INFO  | Hard-clipped 25 w_cons parameters to delta_max=0.0300 bound.
2026-08-12 00:12:31 | sleep.weights.plasticity       | INFO  | Hard-clipped 25 w_cons parameters to delta_max=0.0300 bound.
2026-08-12 00:12:31 | sleep.weights.plasticity       | INFO  | Hard-clipped 25 w_cons parameters to delta_max=0.0300 bound.
2026-08-12 00:12:32 | sleep.weights.plasticity       | INFO  | Hard-clipped 25 w_cons parameters to delta_max=0.0300 bound.
2026-08-12 00:12:32 | sleep.weights.plasticity       | INFO  | Hard-clipped 25 w_cons parameters to delta_max=0.0300 bound.
2026-08-12 00:12:33 | sleep.weights.plasticity       | INFO  | Hard-clipped 25 w_cons parameters to delta_max=0.0300 bound.
2026-08-12 00:12:33 | sleep.weights.plasticity       | INFO  | Hard-clipped 25 w_cons parameters to delta_max=0.0300 bound.
2026-08-12 00:12:34 | sleep.weights.plasticity       | INFO  | Hard-clipped 23 w_cons parameters to delta_max=0.0300 bound.
2026-08-12 00:12:34 | sleep.weights.plasticity       | INFO  | Hard-clipped 23 w_cons parameters to delta_max=0.0300 bound.
2026-08-12 00:12:34 | sleep.sleep_engine.train       | INFO  |   step 200/400 | loss=0.3336 | mean_loss=1.0977 | eta=4 | lr=5.87e-05
2026-08-12 00:12:35 | sleep.weights.plasticity       | INFO  | Hard-clipped 23 w_cons parameters to delta_max=0.0300 bound.
2026-08-12 00:12:35 | sleep.weights.plasticity       | INFO  | Hard-clipped 23 w_cons parameters to delta_max=0.0300 bound.
2026-08-12 00:12:36 | sleep.weights.plasticity       | INFO  | Hard-clipped 23 w_cons parameters to delta_max=0.0300 bound.
2026-08-12 00:12:36 | sleep.weights.plasticity       | INFO  | Hard-clipped 23 w_cons parameters to delta_max=0.0300 bound.
2026-08-12 00:12:37 | sleep.weights.plasticity       | INFO  | Hard-clipped 21 w_cons parameters to delta_max=0.0300 bound.
2026-08-12 00:12:37 | sleep.weights.plasticity       | INFO  | Hard-clipped 21 w_cons parameters to delta_max=0.0300 bound.
2026-08-12 00:12:38 | sleep.weights.plasticity       | INFO  | Hard-clipped 21 w_cons parameters to delta_max=0.0300 bound.
2026-08-12 00:12:39 | sleep.weights.plasticity       | INFO  | Hard-clipped 21 w_cons parameters to delta_max=0.0300 bound.
2026-08-12 00:12:39 | sleep.weights.plasticity       | INFO  | Hard-clipped 22 w_cons parameters to delta_max=0.0300 bound.
2026-08-12 00:12:40 | sleep.weights.plasticity       | INFO  | Hard-clipped 22 w_cons parameters to delta_max=0.0300 bound.
2026-08-12 00:12:40 | sleep.weights.plasticity       | INFO  | Hard-clipped 23 w_cons parameters to delta_max=0.0300 bound.
2026-08-12 00:12:41 | sleep.weights.plasticity       | INFO  | Hard-clipped 23 w_cons parameters to delta_max=0.0300 bound.
2026-08-12 00:12:41 | sleep.weights.plasticity       | INFO  | Hard-clipped 23 w_cons parameters to delta_max=0.0300 bound.
2026-08-12 00:12:42 | sleep.weights.plasticity       | INFO  | Hard-clipped 23 w_cons parameters to delta_max=0.0300 bound.
2026-08-12 00:12:42 | sleep.weights.plasticity       | INFO  | Hard-clipped 23 w_cons parameters to delta_max=0.0300 bound.
2026-08-12 00:12:43 | sleep.weights.plasticity       | INFO  | Hard-clipped 23 w_cons parameters to delta_max=0.0300 bound.
2026-08-12 00:12:43 | sleep.weights.plasticity       | INFO  | Hard-clipped 23 w_cons parameters to delta_max=0.0300 bound.
2026-08-12 00:12:44 | sleep.weights.plasticity       | INFO  | Hard-clipped 23 w_cons parameters to delta_max=0.0300 bound.
2026-08-12 00:12:44 | sleep.weights.plasticity       | INFO  | Hard-clipped 23 w_cons parameters to delta_max=0.0300 bound.
2026-08-12 00:12:45 | sleep.weights.plasticity       | INFO  | Hard-clipped 24 w_cons parameters to delta_max=0.0300 bound.
2026-08-12 00:12:46 | sleep.weights.plasticity       | INFO  | Hard-clipped 24 w_cons parameters to delta_max=0.0300 bound.
2026-08-12 00:12:46 | sleep.weights.plasticity       | INFO  | Hard-clipped 24 w_cons parameters to delta_max=0.0300 bound.
2026-08-12 00:12:47 | sleep.weights.plasticity       | INFO  | Hard-clipped 24 w_cons parameters to delta_max=0.0300 bound.
2026-08-12 00:12:47 | sleep.weights.plasticity       | INFO  | Hard-clipped 24 w_cons parameters to delta_max=0.0300 bound.
2026-08-12 00:12:48 | sleep.weights.plasticity       | INFO  | Hard-clipped 24 w_cons parameters to delta_max=0.0300 bound.
2026-08-12 00:12:48 | sleep.weights.plasticity       | INFO  | Hard-clipped 24 w_cons parameters to delta_max=0.0300 bound.
2026-08-12 00:12:49 | sleep.weights.plasticity       | INFO  | Hard-clipped 24 w_cons parameters to delta_max=0.0300 bound.
2026-08-12 00:12:49 | sleep.weights.plasticity       | INFO  | Hard-clipped 24 w_cons parameters to delta_max=0.0300 bound.
2026-08-12 00:12:50 | sleep.weights.plasticity       | INFO  | Hard-clipped 24 w_cons parameters to delta_max=0.0300 bound.
2026-08-12 00:12:50 | sleep.weights.plasticity       | INFO  | Hard-clipped 24 w_cons parameters to delta_max=0.0300 bound.
2026-08-12 00:12:51 | sleep.weights.plasticity       | INFO  | Hard-clipped 23 w_cons parameters to delta_max=0.0300 bound.
2026-08-12 00:12:51 | sleep.weights.plasticity       | INFO  | Hard-clipped 24 w_cons parameters to delta_max=0.0300 bound.
2026-08-12 00:12:52 | sleep.weights.plasticity       | INFO  | Hard-clipped 25 w_cons parameters to delta_max=0.0300 bound.
2026-08-12 00:12:53 | sleep.weights.plasticity       | INFO  | Hard-clipped 25 w_cons parameters to delta_max=0.0300 bound.
2026-08-12 00:12:53 | sleep.weights.plasticity       | INFO  | Hard-clipped 25 w_cons parameters to delta_max=0.0300 bound.
2026-08-12 00:12:54 | sleep.weights.plasticity       | INFO  | Hard-clipped 25 w_cons parameters to delta_max=0.0300 bound.
2026-08-12 00:12:54 | sleep.weights.plasticity       | INFO  | Hard-clipped 25 w_cons parameters to delta_max=0.0300 bound.
2026-08-12 00:12:55 | sleep.weights.plasticity       | INFO  | Hard-clipped 25 w_cons parameters to delta_max=0.0300 bound.
2026-08-12 00:12:55 | sleep.weights.plasticity       | INFO  | Hard-clipped 25 w_cons parameters to delta_max=0.0300 bound.
2026-08-12 00:12:56 | sleep.weights.plasticity       | INFO  | Hard-clipped 25 w_cons parameters to delta_max=0.0300 bound.
2026-08-12 00:12:56 | sleep.sleep_engine.train       | INFO  |   step 240/400 | loss=0.3171 | mean_loss=0.9675 | eta=4 | lr=4.13e-05
2026-08-12 00:12:56 | sleep.weights.plasticity       | INFO  | Hard-clipped 25 w_cons parameters to delta_max=0.0300 bound.
2026-08-12 00:12:57 | sleep.weights.plasticity       | INFO  | Hard-clipped 25 w_cons parameters to delta_max=0.0300 bound.
2026-08-12 00:12:57 | sleep.weights.plasticity       | INFO  | Hard-clipped 24 w_cons parameters to delta_max=0.0300 bound.
2026-08-12 00:12:58 | sleep.weights.plasticity       | INFO  | Hard-clipped 25 w_cons parameters to delta_max=0.0300 bound.
2026-08-12 00:12:59 | sleep.weights.plasticity       | INFO  | Hard-clipped 25 w_cons parameters to delta_max=0.0300 bound.
2026-08-12 00:12:59 | sleep.weights.plasticity       | INFO  | Hard-clipped 25 w_cons parameters to delta_max=0.0300 bound.
2026-08-12 00:13:00 | sleep.weights.plasticity       | INFO  | Hard-clipped 25 w_cons parameters to delta_max=0.0300 bound.
2026-08-12 00:13:00 | sleep.weights.plasticity       | INFO  | Hard-clipped 25 w_cons parameters to delta_max=0.0300 bound.
2026-08-12 00:13:01 | sleep.weights.plasticity       | INFO  | Hard-clipped 25 w_cons parameters to delta_max=0.0300 bound.
2026-08-12 00:13:01 | sleep.weights.plasticity       | INFO  | Hard-clipped 25 w_cons parameters to delta_max=0.0300 bound.
2026-08-12 00:13:02 | sleep.weights.plasticity       | INFO  | Hard-clipped 25 w_cons parameters to delta_max=0.0300 bound.
2026-08-12 00:13:02 | sleep.weights.plasticity       | INFO  | Hard-clipped 25 w_cons parameters to delta_max=0.0300 bound.
2026-08-12 00:13:03 | sleep.weights.plasticity       | INFO  | Hard-clipped 25 w_cons parameters to delta_max=0.0300 bound.
2026-08-12 00:13:03 | sleep.weights.plasticity       | INFO  | Hard-clipped 25 w_cons parameters to delta_max=0.0300 bound.
2026-08-12 00:13:04 | sleep.weights.plasticity       | INFO  | Hard-clipped 25 w_cons parameters to delta_max=0.0300 bound.
2026-08-12 00:13:04 | sleep.weights.plasticity       | INFO  | Hard-clipped 25 w_cons parameters to delta_max=0.0300 bound.
2026-08-12 00:13:05 | sleep.weights.plasticity       | INFO  | Hard-clipped 24 w_cons parameters to delta_max=0.0300 bound.
2026-08-12 00:13:05 | sleep.weights.plasticity       | INFO  | Hard-clipped 25 w_cons parameters to delta_max=0.0300 bound.
2026-08-12 00:13:06 | sleep.weights.plasticity       | INFO  | Hard-clipped 25 w_cons parameters to delta_max=0.0300 bound.
2026-08-12 00:13:06 | sleep.weights.plasticity       | INFO  | Hard-clipped 24 w_cons parameters to delta_max=0.0300 bound.
2026-08-12 00:13:07 | sleep.weights.plasticity       | INFO  | Hard-clipped 25 w_cons parameters to delta_max=0.0300 bound.
2026-08-12 00:13:07 | sleep.weights.plasticity       | INFO  | Hard-clipped 25 w_cons parameters to delta_max=0.0300 bound.
2026-08-12 00:13:08 | sleep.weights.plasticity       | INFO  | Hard-clipped 25 w_cons parameters to delta_max=0.0300 bound.
2026-08-12 00:13:09 | sleep.weights.plasticity       | INFO  | Hard-clipped 23 w_cons parameters to delta_max=0.0300 bound.
2026-08-12 00:13:09 | sleep.weights.plasticity       | INFO  | Hard-clipped 25 w_cons parameters to delta_max=0.0300 bound.
2026-08-12 00:13:10 | sleep.weights.plasticity       | INFO  | Hard-clipped 25 w_cons parameters to delta_max=0.0300 bound.
2026-08-12 00:13:10 | sleep.weights.plasticity       | INFO  | Hard-clipped 26 w_cons parameters to delta_max=0.0300 bound.
2026-08-12 00:13:11 | sleep.weights.plasticity       | INFO  | Hard-clipped 26 w_cons parameters to delta_max=0.0300 bound.
2026-08-12 00:13:11 | sleep.weights.plasticity       | INFO  | Hard-clipped 26 w_cons parameters to delta_max=0.0300 bound.
2026-08-12 00:13:12 | sleep.weights.plasticity       | INFO  | Hard-clipped 26 w_cons parameters to delta_max=0.0300 bound.
2026-08-12 00:13:12 | sleep.weights.plasticity       | INFO  | Hard-clipped 26 w_cons parameters to delta_max=0.0300 bound.
2026-08-12 00:13:13 | sleep.weights.plasticity       | INFO  | Hard-clipped 26 w_cons parameters to delta_max=0.0300 bound.
2026-08-12 00:13:13 | sleep.weights.plasticity       | INFO  | Hard-clipped 26 w_cons parameters to delta_max=0.0300 bound.
2026-08-12 00:13:14 | sleep.weights.plasticity       | INFO  | Hard-clipped 26 w_cons parameters to delta_max=0.0300 bound.
2026-08-12 00:13:15 | sleep.weights.plasticity       | INFO  | Hard-clipped 26 w_cons parameters to delta_max=0.0300 bound.
2026-08-12 00:13:15 | sleep.weights.plasticity       | INFO  | Hard-clipped 26 w_cons parameters to delta_max=0.0300 bound.
2026-08-12 00:13:16 | sleep.weights.plasticity       | INFO  | Hard-clipped 26 w_cons parameters to delta_max=0.0300 bound.
2026-08-12 00:13:16 | sleep.weights.plasticity       | INFO  | Hard-clipped 26 w_cons parameters to delta_max=0.0300 bound.
2026-08-12 00:13:17 | sleep.weights.plasticity       | INFO  | Hard-clipped 26 w_cons parameters to delta_max=0.0300 bound.
2026-08-12 00:13:17 | sleep.weights.plasticity       | INFO  | Hard-clipped 26 w_cons parameters to delta_max=0.0300 bound.
2026-08-12 00:13:17 | sleep.sleep_engine.train       | INFO  |   step 280/400 | loss=0.2581 | mean_loss=0.8729 | eta=4 | lr=2.50e-05
2026-08-12 00:13:18 | sleep.weights.plasticity       | INFO  | Hard-clipped 26 w_cons parameters to delta_max=0.0300 bound.
2026-08-12 00:13:18 | sleep.weights.plasticity       | INFO  | Hard-clipped 26 w_cons parameters to delta_max=0.0300 bound.
2026-08-12 00:13:19 | sleep.weights.plasticity       | INFO  | Hard-clipped 26 w_cons parameters to delta_max=0.0300 bound.
2026-08-12 00:13:19 | sleep.weights.plasticity       | INFO  | Hard-clipped 26 w_cons parameters to delta_max=0.0300 bound.
2026-08-12 00:13:20 | sleep.weights.plasticity       | INFO  | Hard-clipped 26 w_cons parameters to delta_max=0.0300 bound.
2026-08-12 00:13:20 | sleep.weights.plasticity       | INFO  | Hard-clipped 26 w_cons parameters to delta_max=0.0300 bound.
2026-08-12 00:13:21 | sleep.weights.plasticity       | INFO  | Hard-clipped 26 w_cons parameters to delta_max=0.0300 bound.
2026-08-12 00:13:22 | sleep.weights.plasticity       | INFO  | Hard-clipped 26 w_cons parameters to delta_max=0.0300 bound.
2026-08-12 00:13:22 | sleep.weights.plasticity       | INFO  | Hard-clipped 26 w_cons parameters to delta_max=0.0300 bound.
2026-08-12 00:13:23 | sleep.weights.plasticity       | INFO  | Hard-clipped 26 w_cons parameters to delta_max=0.0300 bound.
2026-08-12 00:13:23 | sleep.weights.plasticity       | INFO  | Hard-clipped 26 w_cons parameters to delta_max=0.0300 bound.
2026-08-12 00:13:24 | sleep.weights.plasticity       | INFO  | Hard-clipped 26 w_cons parameters to delta_max=0.0300 bound.
2026-08-12 00:13:24 | sleep.weights.plasticity       | INFO  | Hard-clipped 26 w_cons parameters to delta_max=0.0300 bound.
2026-08-12 00:13:25 | sleep.weights.plasticity       | INFO  | Hard-clipped 26 w_cons parameters to delta_max=0.0300 bound.
2026-08-12 00:13:25 | sleep.weights.plasticity       | INFO  | Hard-clipped 26 w_cons parameters to delta_max=0.0300 bound.
2026-08-12 00:13:26 | sleep.weights.plasticity       | INFO  | Hard-clipped 26 w_cons parameters to delta_max=0.0300 bound.
2026-08-12 00:13:26 | sleep.weights.plasticity       | INFO  | Hard-clipped 26 w_cons parameters to delta_max=0.0300 bound.
2026-08-12 00:13:27 | sleep.weights.plasticity       | INFO  | Hard-clipped 26 w_cons parameters to delta_max=0.0300 bound.
2026-08-12 00:13:28 | sleep.weights.plasticity       | INFO  | Hard-clipped 26 w_cons parameters to delta_max=0.0300 bound.
2026-08-12 00:13:28 | sleep.weights.plasticity       | INFO  | Hard-clipped 26 w_cons parameters to delta_max=0.0300 bound.
2026-08-12 00:13:29 | sleep.weights.plasticity       | INFO  | Hard-clipped 26 w_cons parameters to delta_max=0.0300 bound.
2026-08-12 00:13:29 | sleep.weights.plasticity       | INFO  | Hard-clipped 26 w_cons parameters to delta_max=0.0300 bound.
2026-08-12 00:13:30 | sleep.weights.plasticity       | INFO  | Hard-clipped 26 w_cons parameters to delta_max=0.0300 bound.
2026-08-12 00:13:30 | sleep.weights.plasticity       | INFO  | Hard-clipped 26 w_cons parameters to delta_max=0.0300 bound.
2026-08-12 00:13:31 | sleep.weights.plasticity       | INFO  | Hard-clipped 26 w_cons parameters to delta_max=0.0300 bound.
2026-08-12 00:13:31 | sleep.weights.plasticity       | INFO  | Hard-clipped 26 w_cons parameters to delta_max=0.0300 bound.
2026-08-12 00:13:32 | sleep.weights.plasticity       | INFO  | Hard-clipped 26 w_cons parameters to delta_max=0.0300 bound.
2026-08-12 00:13:32 | sleep.weights.plasticity       | INFO  | Hard-clipped 26 w_cons parameters to delta_max=0.0300 bound.
2026-08-12 00:13:33 | sleep.weights.plasticity       | INFO  | Hard-clipped 26 w_cons parameters to delta_max=0.0300 bound.
2026-08-12 00:13:33 | sleep.weights.plasticity       | INFO  | Hard-clipped 26 w_cons parameters to delta_max=0.0300 bound.
2026-08-12 00:13:34 | sleep.weights.plasticity       | INFO  | Hard-clipped 26 w_cons parameters to delta_max=0.0300 bound.
2026-08-12 00:13:34 | sleep.weights.plasticity       | INFO  | Hard-clipped 26 w_cons parameters to delta_max=0.0300 bound.
2026-08-12 00:13:35 | sleep.weights.plasticity       | INFO  | Hard-clipped 26 w_cons parameters to delta_max=0.0300 bound.
2026-08-12 00:13:36 | sleep.weights.plasticity       | INFO  | Hard-clipped 26 w_cons parameters to delta_max=0.0300 bound.
2026-08-12 00:13:36 | sleep.weights.plasticity       | INFO  | Hard-clipped 26 w_cons parameters to delta_max=0.0300 bound.
2026-08-12 00:13:37 | sleep.weights.plasticity       | INFO  | Hard-clipped 26 w_cons parameters to delta_max=0.0300 bound.
2026-08-12 00:13:37 | sleep.weights.plasticity       | INFO  | Hard-clipped 26 w_cons parameters to delta_max=0.0300 bound.
2026-08-12 00:13:38 | sleep.weights.plasticity       | INFO  | Hard-clipped 26 w_cons parameters to delta_max=0.0300 bound.
2026-08-12 00:13:38 | sleep.weights.plasticity       | INFO  | Hard-clipped 26 w_cons parameters to delta_max=0.0300 bound.
2026-08-12 00:13:39 | sleep.weights.plasticity       | INFO  | Hard-clipped 26 w_cons parameters to delta_max=0.0300 bound.
2026-08-12 00:13:39 | sleep.sleep_engine.train       | INFO  |   step 320/400 | loss=0.2582 | mean_loss=0.8016 | eta=9 | lr=1.17e-05
2026-08-12 00:13:39 | sleep.weights.plasticity       | INFO  | Hard-clipped 26 w_cons parameters to delta_max=0.0300 bound.
2026-08-12 00:13:40 | sleep.weights.plasticity       | INFO  | Hard-clipped 26 w_cons parameters to delta_max=0.0300 bound.
2026-08-12 00:13:40 | sleep.weights.plasticity       | INFO  | Hard-clipped 26 w_cons parameters to delta_max=0.0300 bound.
2026-08-12 00:13:41 | sleep.weights.plasticity       | INFO  | Hard-clipped 26 w_cons parameters to delta_max=0.0300 bound.
2026-08-12 00:13:41 | sleep.weights.plasticity       | INFO  | Hard-clipped 26 w_cons parameters to delta_max=0.0300 bound.
2026-08-12 00:13:42 | sleep.weights.plasticity       | INFO  | Hard-clipped 27 w_cons parameters to delta_max=0.0300 bound.
2026-08-12 00:13:43 | sleep.weights.plasticity       | INFO  | Hard-clipped 27 w_cons parameters to delta_max=0.0300 bound.
2026-08-12 00:13:43 | sleep.weights.plasticity       | INFO  | Hard-clipped 27 w_cons parameters to delta_max=0.0300 bound.
2026-08-12 00:13:44 | sleep.weights.plasticity       | INFO  | Hard-clipped 27 w_cons parameters to delta_max=0.0300 bound.
2026-08-12 00:13:44 | sleep.weights.plasticity       | INFO  | Hard-clipped 27 w_cons parameters to delta_max=0.0300 bound.
2026-08-12 00:13:45 | sleep.weights.plasticity       | INFO  | Hard-clipped 27 w_cons parameters to delta_max=0.0300 bound.
2026-08-12 00:13:45 | sleep.weights.plasticity       | INFO  | Hard-clipped 27 w_cons parameters to delta_max=0.0300 bound.
2026-08-12 00:13:46 | sleep.weights.plasticity       | INFO  | Hard-clipped 27 w_cons parameters to delta_max=0.0300 bound.
2026-08-12 00:13:46 | sleep.weights.plasticity       | INFO  | Hard-clipped 27 w_cons parameters to delta_max=0.0300 bound.
2026-08-12 00:13:47 | sleep.weights.plasticity       | INFO  | Hard-clipped 27 w_cons parameters to delta_max=0.0300 bound.
2026-08-12 00:13:47 | sleep.weights.plasticity       | INFO  | Hard-clipped 27 w_cons parameters to delta_max=0.0300 bound.
2026-08-12 00:13:48 | sleep.weights.plasticity       | INFO  | Hard-clipped 27 w_cons parameters to delta_max=0.0300 bound.
2026-08-12 00:13:48 | sleep.weights.plasticity       | INFO  | Hard-clipped 27 w_cons parameters to delta_max=0.0300 bound.
2026-08-12 00:13:49 | sleep.weights.plasticity       | INFO  | Hard-clipped 27 w_cons parameters to delta_max=0.0300 bound.
2026-08-12 00:13:49 | sleep.weights.plasticity       | INFO  | Hard-clipped 27 w_cons parameters to delta_max=0.0300 bound.
2026-08-12 00:13:50 | sleep.weights.plasticity       | INFO  | Hard-clipped 27 w_cons parameters to delta_max=0.0300 bound.
2026-08-12 00:13:51 | sleep.weights.plasticity       | INFO  | Hard-clipped 27 w_cons parameters to delta_max=0.0300 bound.
2026-08-12 00:13:51 | sleep.weights.plasticity       | INFO  | Hard-clipped 27 w_cons parameters to delta_max=0.0300 bound.
2026-08-12 00:13:52 | sleep.weights.plasticity       | INFO  | Hard-clipped 27 w_cons parameters to delta_max=0.0300 bound.
2026-08-12 00:13:52 | sleep.weights.plasticity       | INFO  | Hard-clipped 27 w_cons parameters to delta_max=0.0300 bound.
2026-08-12 00:13:53 | sleep.weights.plasticity       | INFO  | Hard-clipped 27 w_cons parameters to delta_max=0.0300 bound.
2026-08-12 00:13:53 | sleep.weights.plasticity       | INFO  | Hard-clipped 27 w_cons parameters to delta_max=0.0300 bound.
2026-08-12 00:13:54 | sleep.weights.plasticity       | INFO  | Hard-clipped 25 w_cons parameters to delta_max=0.0300 bound.
2026-08-12 00:13:54 | sleep.weights.plasticity       | INFO  | Hard-clipped 24 w_cons parameters to delta_max=0.0300 bound.
2026-08-12 00:13:55 | sleep.weights.plasticity       | INFO  | Hard-clipped 25 w_cons parameters to delta_max=0.0300 bound.
2026-08-12 00:13:55 | sleep.weights.plasticity       | INFO  | Hard-clipped 26 w_cons parameters to delta_max=0.0300 bound.
2026-08-12 00:13:56 | sleep.weights.plasticity       | INFO  | Hard-clipped 27 w_cons parameters to delta_max=0.0300 bound.
2026-08-12 00:13:56 | sleep.weights.plasticity       | INFO  | Hard-clipped 27 w_cons parameters to delta_max=0.0300 bound.
2026-08-12 00:13:57 | sleep.weights.plasticity       | INFO  | Hard-clipped 26 w_cons parameters to delta_max=0.0300 bound.
2026-08-12 00:13:58 | sleep.weights.plasticity       | INFO  | Hard-clipped 27 w_cons parameters to delta_max=0.0300 bound.
2026-08-12 00:13:58 | sleep.weights.plasticity       | INFO  | Hard-clipped 27 w_cons parameters to delta_max=0.0300 bound.
2026-08-12 00:13:59 | sleep.weights.plasticity       | INFO  | Hard-clipped 27 w_cons parameters to delta_max=0.0300 bound.
2026-08-12 00:13:59 | sleep.weights.plasticity       | INFO  | Hard-clipped 27 w_cons parameters to delta_max=0.0300 bound.
2026-08-12 00:14:00 | sleep.weights.plasticity       | INFO  | Hard-clipped 27 w_cons parameters to delta_max=0.0300 bound.
2026-08-12 00:14:00 | sleep.weights.plasticity       | INFO  | Hard-clipped 27 w_cons parameters to delta_max=0.0300 bound.
2026-08-12 00:14:00 | sleep.sleep_engine.train       | INFO  |   step 360/400 | loss=0.3043 | mean_loss=0.7452 | eta=9 | lr=3.02e-06
2026-08-12 00:14:01 | sleep.weights.plasticity       | INFO  | Hard-clipped 27 w_cons parameters to delta_max=0.0300 bound.
2026-08-12 00:14:01 | sleep.weights.plasticity       | INFO  | Hard-clipped 27 w_cons parameters to delta_max=0.0300 bound.
2026-08-12 00:14:02 | sleep.weights.plasticity       | INFO  | Hard-clipped 27 w_cons parameters to delta_max=0.0300 bound.
2026-08-12 00:14:02 | sleep.weights.plasticity       | INFO  | Hard-clipped 27 w_cons parameters to delta_max=0.0300 bound.
2026-08-12 00:14:03 | sleep.weights.plasticity       | INFO  | Hard-clipped 27 w_cons parameters to delta_max=0.0300 bound.
2026-08-12 00:14:03 | sleep.weights.plasticity       | INFO  | Hard-clipped 27 w_cons parameters to delta_max=0.0300 bound.
2026-08-12 00:14:04 | sleep.weights.plasticity       | INFO  | Hard-clipped 27 w_cons parameters to delta_max=0.0300 bound.
2026-08-12 00:14:04 | sleep.weights.plasticity       | INFO  | Hard-clipped 27 w_cons parameters to delta_max=0.0300 bound.
2026-08-12 00:14:05 | sleep.weights.plasticity       | INFO  | Hard-clipped 27 w_cons parameters to delta_max=0.0300 bound.
2026-08-12 00:14:06 | sleep.weights.plasticity       | INFO  | Hard-clipped 27 w_cons parameters to delta_max=0.0300 bound.
2026-08-12 00:14:06 | sleep.weights.plasticity       | INFO  | Hard-clipped 27 w_cons parameters to delta_max=0.0300 bound.
2026-08-12 00:14:07 | sleep.weights.plasticity       | INFO  | Hard-clipped 27 w_cons parameters to delta_max=0.0300 bound.
2026-08-12 00:14:07 | sleep.weights.plasticity       | INFO  | Hard-clipped 27 w_cons parameters to delta_max=0.0300 bound.
2026-08-12 00:14:08 | sleep.weights.plasticity       | INFO  | Hard-clipped 27 w_cons parameters to delta_max=0.0300 bound.
2026-08-12 00:14:08 | sleep.weights.plasticity       | INFO  | Hard-clipped 27 w_cons parameters to delta_max=0.0300 bound.
2026-08-12 00:14:09 | sleep.weights.plasticity       | INFO  | Hard-clipped 27 w_cons parameters to delta_max=0.0300 bound.
2026-08-12 00:14:09 | sleep.weights.plasticity       | INFO  | Hard-clipped 27 w_cons parameters to delta_max=0.0300 bound.
2026-08-12 00:14:10 | sleep.weights.plasticity       | INFO  | Hard-clipped 27 w_cons parameters to delta_max=0.0300 bound.
2026-08-12 00:14:10 | sleep.weights.plasticity       | INFO  | Hard-clipped 27 w_cons parameters to delta_max=0.0300 bound.
2026-08-12 00:14:11 | sleep.weights.plasticity       | INFO  | Hard-clipped 27 w_cons parameters to delta_max=0.0300 bound.
2026-08-12 00:14:11 | sleep.weights.plasticity       | INFO  | Hard-clipped 27 w_cons parameters to delta_max=0.0300 bound.
2026-08-12 00:14:12 | sleep.weights.plasticity       | INFO  | Hard-clipped 27 w_cons parameters to delta_max=0.0300 bound.
2026-08-12 00:14:13 | sleep.weights.plasticity       | INFO  | Hard-clipped 27 w_cons parameters to delta_max=0.0300 bound.
2026-08-12 00:14:13 | sleep.weights.plasticity       | INFO  | Hard-clipped 27 w_cons parameters to delta_max=0.0300 bound.
2026-08-12 00:14:14 | sleep.weights.plasticity       | INFO  | Hard-clipped 27 w_cons parameters to delta_max=0.0300 bound.
2026-08-12 00:14:14 | sleep.weights.plasticity       | INFO  | Hard-clipped 27 w_cons parameters to delta_max=0.0300 bound.
2026-08-12 00:14:15 | sleep.weights.plasticity       | INFO  | Hard-clipped 27 w_cons parameters to delta_max=0.0300 bound.
2026-08-12 00:14:15 | sleep.weights.plasticity       | INFO  | Hard-clipped 27 w_cons parameters to delta_max=0.0300 bound.
2026-08-12 00:14:16 | sleep.weights.plasticity       | INFO  | Hard-clipped 27 w_cons parameters to delta_max=0.0300 bound.
2026-08-12 00:14:16 | sleep.weights.plasticity       | INFO  | Hard-clipped 27 w_cons parameters to delta_max=0.0300 bound.
2026-08-12 00:14:17 | sleep.weights.plasticity       | INFO  | Hard-clipped 27 w_cons parameters to delta_max=0.0300 bound.
2026-08-12 00:14:17 | sleep.weights.plasticity       | INFO  | Hard-clipped 27 w_cons parameters to delta_max=0.0300 bound.
2026-08-12 00:14:18 | sleep.weights.plasticity       | INFO  | Hard-clipped 27 w_cons parameters to delta_max=0.0300 bound.
2026-08-12 00:14:18 | sleep.weights.plasticity       | INFO  | Hard-clipped 27 w_cons parameters to delta_max=0.0300 bound.
2026-08-12 00:14:19 | sleep.weights.plasticity       | INFO  | Hard-clipped 27 w_cons parameters to delta_max=0.0300 bound.
2026-08-12 00:14:20 | sleep.weights.plasticity       | INFO  | Hard-clipped 27 w_cons parameters to delta_max=0.0300 bound.
2026-08-12 00:14:20 | sleep.weights.plasticity       | INFO  | Hard-clipped 27 w_cons parameters to delta_max=0.0300 bound.
2026-08-12 00:14:21 | sleep.weights.plasticity       | INFO  | Hard-clipped 26 w_cons parameters to delta_max=0.0300 bound.
2026-08-12 00:14:21 | sleep.weights.plasticity       | INFO  | Hard-clipped 26 w_cons parameters to delta_max=0.0300 bound.
2026-08-12 00:14:22 | sleep.weights.plasticity       | INFO  | Hard-clipped 23 w_cons parameters to delta_max=0.0300 bound.
2026-08-12 00:14:22 | sleep.sleep_engine.train       | INFO  |   step 400/400 | loss=0.2815 | mean_loss=0.6996 | eta=9 | lr=0.00e+00
2026-08-12 00:14:22 | sleep.sleep_engine.train       | INFO  | Sleep training complete | n_steps=400 | final_loss=0.2815 | mean_loss=0.6996
2026-08-12 00:14:22 | sleep.metrics                  | INFO  | summary | {'sleep_train/final_loss': 0.2815040647983551, 'sleep_train/mean_loss': 0.6996087358146906, 'sleep_train/n_steps': 400}
2026-08-12 00:14:22 | sleep.sleep_engine             | INFO  | Phase 3 complete: 400 steps, final_loss=0.2815, mean_loss=0.6996
2026-08-12 00:14:22 | sleep.sleep_engine             | INFO  | Phase 4/5: PPL CHECK (skipped — no benchmark data)
2026-08-12 00:14:22 | sleep.sleep_engine             | INFO  | Phase 5/5: VALIDATE & CLEANUP
2026-08-12 00:14:22 | sleep.weights.plasticity       | INFO  | Saved checkpoint for adapter 'w_cons': 44 parameters.
2026-08-12 00:14:22 | sleep.weights.plasticity       | INFO  | Restored 44 parameters for adapter 'w_cons' from checkpoint.
2026-08-12 00:14:22 | sleep.weights.plasticity       | INFO  | Restored 44 parameters for adapter 'w_cons' from checkpoint.
[transformers] The attention mask is not set and cannot be inferred from input because pad token is same as eos token. As a consequence, you may observe unexpected behavior. Please pass your input's `attention_mask` to obtain reliable results.
2026-08-12 00:14:27 | sleep.sleep_engine             | INFO  | Two-stage validation: 3/3 passed surprise, 1 also passed the mini-recall gate (self-grading gap = 2)
2026-08-12 00:14:27 | sleep.sleep_engine.cleanup     | INFO  | Cleanup complete | passed=1 | failed=2 | permanently_removed=0
2026-08-12 00:14:27 | sleep.sleep_engine             | INFO  | Phase 5 complete: consolidated=1, failed=2, permanently_removed=0
2026-08-12 00:14:27 | sleep.metrics                  | INFO  | summary | {'sleep_engine/n_candidates': 3, 'sleep_engine/n_replays_generated': 66, 'sleep_engine/n_replays_accepted': 66, 'sleep_engine/n_consolidated': 1, 'sleep_engine/n_failed': 2, 'sleep_engine/n_permanently_removed': 0, 'sleep_engine/rolled_back': False}
2026-08-12 00:14:27 | sleep.weights.kv_memory        | INFO  | bank cleared: freed 10 tags / 392 tokens
2026-08-12 00:14:27 | sleep.sleep_engine             | INFO  | KV bank cleared (10 entries removed)
2026-08-12 00:14:27 | sleep.sleep_engine             | INFO  | KV memory injection: ENABLED
2026-08-12 00:14:27 | sleep.sleep_engine             | INFO  | === Sleep cycle END ===
2026-08-12 00:15:02 | sleep.evaluation.recall        | INFO  | Recall evaluation: DRA=0.0833 across 20 cases
2026-08-12 00:15:39 | sleep.evaluation.recall        | INFO  | Recall evaluation: DRA=0.0833 across 20 cases
2026-08-12 00:15:39 | sleep.evaluation.preservation  | INFO  | Perplexity evaluation: PPL=7.2969 (mean_loss=1.9875, 53 tokens)
2026-08-12 00:15:39 | sleep.evaluation.preservation  | INFO  | BCP: 1.3219 (current_ppl=7.2969, original_ppl=5.5201)
2026-08-12 00:15:39 | sleep.experiment.08            | INFO  | [sleep Cycle 1 EVAL] DRA cumulative=0.083 (3/20 hits); DRA current=0.083 (3/20 hits); BCP=1.3219
2026-08-12 00:15:39 | sleep.experiment.08            | INFO  | ======================================================================
2026-08-12 00:15:39 | sleep.experiment.08            | INFO  | [SLEEP Cycle 2] Wake phase: 20 facts
2026-08-12 00:15:39 | sleep.experiment.08            | INFO  | ======================================================================
2026-08-12 00:15:39 | sleep.tagging                  | INFO  | step=21 | 1 tags created from 1 spans | buffer: 13/40151 (0.0%)
2026-08-12 00:15:39 | sleep.tagging                  | INFO  | step=24 | 1 tags created from 1 spans | buffer: 14/40151 (0.0%)
2026-08-12 00:15:39 | sleep.tagging                  | INFO  | step=26 | 1 tags created from 1 spans | buffer: 15/40151 (0.0%)
2026-08-12 00:15:39 | sleep.tagging                  | INFO  | step=27 | 1 tags created from 1 spans | buffer: 16/40151 (0.0%)
2026-08-12 00:15:40 | sleep.tagging                  | INFO  | step=31 | 1 tags created from 1 spans | buffer: 17/40151 (0.0%)
2026-08-12 00:15:40 | sleep.tagging                  | INFO  | step=34 | 1 tags created from 1 spans | buffer: 18/40151 (0.0%)
2026-08-12 00:15:40 | sleep.tagging                  | INFO  | step=36 | 1 tags created from 1 spans | buffer: 19/40151 (0.0%)
2026-08-12 00:15:40 | sleep.tagging                  | INFO  | step=37 | 1 tags created from 1 spans | buffer: 20/40151 (0.0%)
2026-08-12 00:15:40 | sleep.experiment.08            | INFO  | [Cycle 2] Wake summary: 20 facts -> 8 KV writes; bank: 314/20000 tokens
2026-08-12 00:15:40 | sleep.prp                      | INFO  | step=40 | PRP update: 8/4015 allocated (0%) | +7 -0 | threshold=0.308 | mean_score=0.277
2026-08-12 00:15:40 | sleep.experiment.08            | INFO  | [Cycle 2] PRP: 8 allocated, 8 consolidation candidates
2026-08-12 00:15:40 | sleep.sleep_engine             | INFO  | === Sleep cycle START | 8 candidates ===
2026-08-12 00:15:40 | sleep.sleep_engine             | INFO  | Phase 1/5: GENERATE (strategy=paraphrase)
2026-08-12 00:15:40 | sleep.sleep_engine             | INFO  | KV memory injection: DISABLED
2026-08-12 00:15:40 | sleep.sleep_engine             | INFO  | Phase 1 (paraphrase strategy): 113 wordings from 5 unique sources (8 candidates)
2026-08-12 00:15:40 | sleep.sleep_engine             | INFO  | Phase 1 complete: 113/8 replays generated
2026-08-12 00:15:40 | sleep.sleep_engine             | INFO  | Phase 2/5: QUALITY CHECK
2026-08-12 00:15:40 | sleep.sleep_engine             | INFO  | Phase 2 complete: 113/113 replays accepted
2026-08-12 00:15:40 | sleep.sleep_engine             | INFO  | Phase 3/5: TRAIN (113 accepted replays)
2026-08-12 00:15:40 | sleep.sleep_engine             | INFO  | KV memory injection: DISABLED
2026-08-12 00:15:40 | sleep.weights.plasticity       | INFO  | Saved checkpoint for adapter 'w_cons': 44 parameters.
2026-08-12 00:15:41 | sleep.weights.plasticity       | INFO  | Saved checkpoint for adapter 'w_cons': 44 parameters.
2026-08-12 00:15:41 | sleep.sleep_engine.train       | INFO  | Starting sleep training | n_steps=400 | n_replay=113 | lr=1.00e-04 | device=cuda
2026-08-12 00:16:02 | sleep.sleep_engine.train       | INFO  |   step 40/400 | loss=0.8280 | mean_loss=2.6945 | eta=9 | lr=1.00e-04
2026-08-12 00:16:11 | sleep.weights.plasticity       | INFO  | Hard-clipped 1 w_cons parameters to delta_max=0.0300 bound.
2026-08-12 00:16:12 | sleep.weights.plasticity       | INFO  | Hard-clipped 2 w_cons parameters to delta_max=0.0300 bound.
2026-08-12 00:16:12 | sleep.weights.plasticity       | INFO  | Hard-clipped 2 w_cons parameters to delta_max=0.0300 bound.
2026-08-12 00:16:13 | sleep.weights.plasticity       | INFO  | Hard-clipped 2 w_cons parameters to delta_max=0.0300 bound.
2026-08-12 00:16:13 | sleep.weights.plasticity       | INFO  | Hard-clipped 2 w_cons parameters to delta_max=0.0300 bound.
2026-08-12 00:16:14 | sleep.weights.plasticity       | INFO  | Hard-clipped 2 w_cons parameters to delta_max=0.0300 bound.
2026-08-12 00:16:14 | sleep.weights.plasticity       | INFO  | Hard-clipped 2 w_cons parameters to delta_max=0.0300 bound.
2026-08-12 00:16:15 | sleep.weights.plasticity       | INFO  | Hard-clipped 2 w_cons parameters to delta_max=0.0300 bound.
2026-08-12 00:16:15 | sleep.weights.plasticity       | INFO  | Hard-clipped 2 w_cons parameters to delta_max=0.0300 bound.
2026-08-12 00:16:16 | sleep.weights.plasticity       | INFO  | Hard-clipped 2 w_cons parameters to delta_max=0.0300 bound.
2026-08-12 00:16:16 | sleep.weights.plasticity       | INFO  | Hard-clipped 2 w_cons parameters to delta_max=0.0300 bound.
2026-08-12 00:16:17 | sleep.weights.plasticity       | INFO  | Hard-clipped 2 w_cons parameters to delta_max=0.0300 bound.
2026-08-12 00:16:17 | sleep.weights.plasticity       | INFO  | Hard-clipped 2 w_cons parameters to delta_max=0.0300 bound.
2026-08-12 00:16:18 | sleep.weights.plasticity       | INFO  | Hard-clipped 2 w_cons parameters to delta_max=0.0300 bound.
2026-08-12 00:16:18 | sleep.weights.plasticity       | INFO  | Hard-clipped 2 w_cons parameters to delta_max=0.0300 bound.
2026-08-12 00:16:19 | sleep.weights.plasticity       | INFO  | Hard-clipped 2 w_cons parameters to delta_max=0.0300 bound.
2026-08-12 00:16:19 | sleep.weights.plasticity       | INFO  | Hard-clipped 2 w_cons parameters to delta_max=0.0300 bound.
2026-08-12 00:16:20 | sleep.weights.plasticity       | INFO  | Hard-clipped 3 w_cons parameters to delta_max=0.0300 bound.
2026-08-12 00:16:21 | sleep.weights.plasticity       | INFO  | Hard-clipped 3 w_cons parameters to delta_max=0.0300 bound.
2026-08-12 00:16:21 | sleep.weights.plasticity       | INFO  | Hard-clipped 3 w_cons parameters to delta_max=0.0300 bound.
2026-08-12 00:16:22 | sleep.weights.plasticity       | INFO  | Hard-clipped 3 w_cons parameters to delta_max=0.0300 bound.
2026-08-12 00:16:22 | sleep.weights.plasticity       | INFO  | Hard-clipped 3 w_cons parameters to delta_max=0.0300 bound.
2026-08-12 00:16:23 | sleep.weights.plasticity       | INFO  | Hard-clipped 3 w_cons parameters to delta_max=0.0300 bound.
2026-08-12 00:16:23 | sleep.sleep_engine.train       | INFO  |   step 80/400 | loss=0.2118 | mean_loss=1.5291 | eta=9 | lr=9.70e-05
2026-08-12 00:16:23 | sleep.weights.plasticity       | INFO  | Hard-clipped 3 w_cons parameters to delta_max=0.0300 bound.
2026-08-12 00:16:24 | sleep.weights.plasticity       | INFO  | Hard-clipped 3 w_cons parameters to delta_max=0.0300 bound.
2026-08-12 00:16:24 | sleep.weights.plasticity       | INFO  | Hard-clipped 3 w_cons parameters to delta_max=0.0300 bound.
2026-08-12 00:16:25 | sleep.weights.plasticity       | INFO  | Hard-clipped 3 w_cons parameters to delta_max=0.0300 bound.
2026-08-12 00:16:25 | sleep.weights.plasticity       | INFO  | Hard-clipped 4 w_cons parameters to delta_max=0.0300 bound.
2026-08-12 00:16:26 | sleep.weights.plasticity       | INFO  | Hard-clipped 4 w_cons parameters to delta_max=0.0300 bound.
2026-08-12 00:16:26 | sleep.weights.plasticity       | INFO  | Hard-clipped 4 w_cons parameters to delta_max=0.0300 bound.
2026-08-12 00:16:27 | sleep.weights.plasticity       | INFO  | Hard-clipped 2 w_cons parameters to delta_max=0.0300 bound.
2026-08-12 00:16:27 | sleep.weights.plasticity       | INFO  | Hard-clipped 2 w_cons parameters to delta_max=0.0300 bound.
2026-08-12 00:16:28 | sleep.weights.plasticity       | INFO  | Hard-clipped 2 w_cons parameters to delta_max=0.0300 bound.
2026-08-12 00:16:28 | sleep.weights.plasticity       | INFO  | Hard-clipped 1 w_cons parameters to delta_max=0.0300 bound.
2026-08-12 00:16:29 | sleep.weights.plasticity       | INFO  | Hard-clipped 2 w_cons parameters to delta_max=0.0300 bound.
2026-08-12 00:16:29 | sleep.weights.plasticity       | INFO  | Hard-clipped 2 w_cons parameters to delta_max=0.0300 bound.
2026-08-12 00:16:30 | sleep.weights.plasticity       | INFO  | Hard-clipped 2 w_cons parameters to delta_max=0.0300 bound.
2026-08-12 00:16:31 | sleep.weights.plasticity       | INFO  | Hard-clipped 2 w_cons parameters to delta_max=0.0300 bound.
2026-08-12 00:16:31 | sleep.weights.plasticity       | INFO  | Hard-clipped 2 w_cons parameters to delta_max=0.0300 bound.
2026-08-12 00:16:32 | sleep.weights.plasticity       | INFO  | Hard-clipped 2 w_cons parameters to delta_max=0.0300 bound.
2026-08-12 00:16:32 | sleep.weights.plasticity       | INFO  | Hard-clipped 2 w_cons parameters to delta_max=0.0300 bound.
2026-08-12 00:16:33 | sleep.weights.plasticity       | INFO  | Hard-clipped 2 w_cons parameters to delta_max=0.0300 bound.
2026-08-12 00:16:33 | sleep.weights.plasticity       | INFO  | Hard-clipped 2 w_cons parameters to delta_max=0.0300 bound.
2026-08-12 00:16:34 | sleep.weights.plasticity       | INFO  | Hard-clipped 3 w_cons parameters to delta_max=0.0300 bound.
2026-08-12 00:16:34 | sleep.weights.plasticity       | INFO  | Hard-clipped 3 w_cons parameters to delta_max=0.0300 bound.
2026-08-12 00:16:35 | sleep.weights.plasticity       | INFO  | Hard-clipped 3 w_cons parameters to delta_max=0.0300 bound.
2026-08-12 00:16:35 | sleep.weights.plasticity       | INFO  | Hard-clipped 3 w_cons parameters to delta_max=0.0300 bound.
2026-08-12 00:16:36 | sleep.weights.plasticity       | INFO  | Hard-clipped 3 w_cons parameters to delta_max=0.0300 bound.
2026-08-12 00:16:36 | sleep.weights.plasticity       | INFO  | Hard-clipped 3 w_cons parameters to delta_max=0.0300 bound.
2026-08-12 00:16:37 | sleep.weights.plasticity       | INFO  | Hard-clipped 3 w_cons parameters to delta_max=0.0300 bound.
2026-08-12 00:16:37 | sleep.weights.plasticity       | INFO  | Hard-clipped 3 w_cons parameters to delta_max=0.0300 bound.
2026-08-12 00:16:38 | sleep.weights.plasticity       | INFO  | Hard-clipped 3 w_cons parameters to delta_max=0.0300 bound.
2026-08-12 00:16:39 | sleep.weights.plasticity       | INFO  | Hard-clipped 3 w_cons parameters to delta_max=0.0300 bound.
2026-08-12 00:16:39 | sleep.weights.plasticity       | INFO  | Hard-clipped 3 w_cons parameters to delta_max=0.0300 bound.
2026-08-12 00:16:40 | sleep.weights.plasticity       | INFO  | Hard-clipped 3 w_cons parameters to delta_max=0.0300 bound.
2026-08-12 00:16:40 | sleep.weights.plasticity       | INFO  | Hard-clipped 3 w_cons parameters to delta_max=0.0300 bound.
2026-08-12 00:16:41 | sleep.weights.plasticity       | INFO  | Hard-clipped 3 w_cons parameters to delta_max=0.0300 bound.
2026-08-12 00:16:41 | sleep.weights.plasticity       | INFO  | Hard-clipped 3 w_cons parameters to delta_max=0.0300 bound.
2026-08-12 00:16:42 | sleep.weights.plasticity       | INFO  | Hard-clipped 3 w_cons parameters to delta_max=0.0300 bound.
2026-08-12 00:16:42 | sleep.weights.plasticity       | INFO  | Hard-clipped 3 w_cons parameters to delta_max=0.0300 bound.
2026-08-12 00:16:43 | sleep.weights.plasticity       | INFO  | Hard-clipped 3 w_cons parameters to delta_max=0.0300 bound.
2026-08-12 00:16:43 | sleep.weights.plasticity       | INFO  | Hard-clipped 3 w_cons parameters to delta_max=0.0300 bound.
2026-08-12 00:16:44 | sleep.weights.plasticity       | INFO  | Hard-clipped 3 w_cons parameters to delta_max=0.0300 bound.
2026-08-12 00:16:44 | sleep.sleep_engine.train       | INFO  |   step 120/400 | loss=0.1934 | mean_loss=1.0944 | eta=4 | lr=8.83e-05
2026-08-12 00:16:44 | sleep.weights.plasticity       | INFO  | Hard-clipped 3 w_cons parameters to delta_max=0.0300 bound.
2026-08-12 00:16:45 | sleep.weights.plasticity       | INFO  | Hard-clipped 3 w_cons parameters to delta_max=0.0300 bound.
2026-08-12 00:16:45 | sleep.weights.plasticity       | INFO  | Hard-clipped 3 w_cons parameters to delta_max=0.0300 bound.
2026-08-12 00:16:46 | sleep.weights.plasticity       | INFO  | Hard-clipped 3 w_cons parameters to delta_max=0.0300 bound.
2026-08-12 00:16:46 | sleep.weights.plasticity       | INFO  | Hard-clipped 3 w_cons parameters to delta_max=0.0300 bound.
2026-08-12 00:16:47 | sleep.weights.plasticity       | INFO  | Hard-clipped 3 w_cons parameters to delta_max=0.0300 bound.
2026-08-12 00:16:47 | sleep.weights.plasticity       | INFO  | Hard-clipped 3 w_cons parameters to delta_max=0.0300 bound.
2026-08-12 00:16:48 | sleep.weights.plasticity       | INFO  | Hard-clipped 3 w_cons parameters to delta_max=0.0300 bound.
2026-08-12 00:16:49 | sleep.weights.plasticity       | INFO  | Hard-clipped 3 w_cons parameters to delta_max=0.0300 bound.
2026-08-12 00:16:49 | sleep.weights.plasticity       | INFO  | Hard-clipped 3 w_cons parameters to delta_max=0.0300 bound.
2026-08-12 00:16:50 | sleep.weights.plasticity       | INFO  | Hard-clipped 3 w_cons parameters to delta_max=0.0300 bound.
2026-08-12 00:16:50 | sleep.weights.plasticity       | INFO  | Hard-clipped 3 w_cons parameters to delta_max=0.0300 bound.
2026-08-12 00:16:51 | sleep.weights.plasticity       | INFO  | Hard-clipped 3 w_cons parameters to delta_max=0.0300 bound.
2026-08-12 00:16:51 | sleep.weights.plasticity       | INFO  | Hard-clipped 3 w_cons parameters to delta_max=0.0300 bound.
2026-08-12 00:16:52 | sleep.weights.plasticity       | INFO  | Hard-clipped 3 w_cons parameters to delta_max=0.0300 bound.
2026-08-12 00:16:52 | sleep.weights.plasticity       | INFO  | Hard-clipped 3 w_cons parameters to delta_max=0.0300 bound.
2026-08-12 00:16:53 | sleep.weights.plasticity       | INFO  | Hard-clipped 3 w_cons parameters to delta_max=0.0300 bound.
2026-08-12 00:16:53 | sleep.weights.plasticity       | INFO  | Hard-clipped 3 w_cons parameters to delta_max=0.0300 bound.
2026-08-12 00:16:54 | sleep.weights.plasticity       | INFO  | Hard-clipped 3 w_cons parameters to delta_max=0.0300 bound.
2026-08-12 00:16:54 | sleep.weights.plasticity       | INFO  | Hard-clipped 3 w_cons parameters to delta_max=0.0300 bound.
2026-08-12 00:16:55 | sleep.weights.plasticity       | INFO  | Hard-clipped 4 w_cons parameters to delta_max=0.0300 bound.
2026-08-12 00:16:55 | sleep.weights.plasticity       | INFO  | Hard-clipped 3 w_cons parameters to delta_max=0.0300 bound.
2026-08-12 00:16:56 | sleep.weights.plasticity       | INFO  | Hard-clipped 3 w_cons parameters to delta_max=0.0300 bound.
2026-08-12 00:16:56 | sleep.weights.plasticity       | INFO  | Hard-clipped 3 w_cons parameters to delta_max=0.0300 bound.
2026-08-12 00:16:57 | sleep.weights.plasticity       | INFO  | Hard-clipped 4 w_cons parameters to delta_max=0.0300 bound.
2026-08-12 00:16:58 | sleep.weights.plasticity       | INFO  | Hard-clipped 4 w_cons parameters to delta_max=0.0300 bound.
2026-08-12 00:16:58 | sleep.weights.plasticity       | INFO  | Hard-clipped 4 w_cons parameters to delta_max=0.0300 bound.
2026-08-12 00:16:59 | sleep.weights.plasticity       | INFO  | Hard-clipped 4 w_cons parameters to delta_max=0.0300 bound.
2026-08-12 00:16:59 | sleep.weights.plasticity       | INFO  | Hard-clipped 4 w_cons parameters to delta_max=0.0300 bound.
2026-08-12 00:17:00 | sleep.weights.plasticity       | INFO  | Hard-clipped 4 w_cons parameters to delta_max=0.0300 bound.
2026-08-12 00:17:00 | sleep.weights.plasticity       | INFO  | Hard-clipped 4 w_cons parameters to delta_max=0.0300 bound.
2026-08-12 00:17:01 | sleep.weights.plasticity       | INFO  | Hard-clipped 4 w_cons parameters to delta_max=0.0300 bound.
2026-08-12 00:17:01 | sleep.weights.plasticity       | INFO  | Hard-clipped 4 w_cons parameters to delta_max=0.0300 bound.
2026-08-12 00:17:02 | sleep.weights.plasticity       | INFO  | Hard-clipped 3 w_cons parameters to delta_max=0.0300 bound.
2026-08-12 00:17:02 | sleep.weights.plasticity       | INFO  | Hard-clipped 4 w_cons parameters to delta_max=0.0300 bound.
2026-08-12 00:17:03 | sleep.weights.plasticity       | INFO  | Hard-clipped 3 w_cons parameters to delta_max=0.0300 bound.
2026-08-12 00:17:03 | sleep.weights.plasticity       | INFO  | Hard-clipped 3 w_cons parameters to delta_max=0.0300 bound.
2026-08-12 00:17:04 | sleep.weights.plasticity       | INFO  | Hard-clipped 4 w_cons parameters to delta_max=0.0300 bound.
2026-08-12 00:17:04 | sleep.weights.plasticity       | INFO  | Hard-clipped 4 w_cons parameters to delta_max=0.0300 bound.
2026-08-12 00:17:05 | sleep.weights.plasticity       | INFO  | Hard-clipped 4 w_cons parameters to delta_max=0.0300 bound.
2026-08-12 00:17:05 | sleep.sleep_engine.train       | INFO  |   step 160/400 | loss=0.2173 | mean_loss=0.8739 | eta=4 | lr=7.50e-05
2026-08-12 00:17:05 | sleep.weights.plasticity       | INFO  | Hard-clipped 4 w_cons parameters to delta_max=0.0300 bound.
2026-08-12 00:17:06 | sleep.weights.plasticity       | INFO  | Hard-clipped 4 w_cons parameters to delta_max=0.0300 bound.
2026-08-12 00:17:06 | sleep.weights.plasticity       | INFO  | Hard-clipped 4 w_cons parameters to delta_max=0.0300 bound.
2026-08-12 00:17:07 | sleep.weights.plasticity       | INFO  | Hard-clipped 4 w_cons parameters to delta_max=0.0300 bound.
2026-08-12 00:17:07 | sleep.weights.plasticity       | INFO  | Hard-clipped 3 w_cons parameters to delta_max=0.0300 bound.
2026-08-12 00:17:08 | sleep.weights.plasticity       | INFO  | Hard-clipped 3 w_cons parameters to delta_max=0.0300 bound.
2026-08-12 00:17:09 | sleep.weights.plasticity       | INFO  | Hard-clipped 3 w_cons parameters to delta_max=0.0300 bound.
2026-08-12 00:17:09 | sleep.weights.plasticity       | INFO  | Hard-clipped 3 w_cons parameters to delta_max=0.0300 bound.
2026-08-12 00:17:10 | sleep.weights.plasticity       | INFO  | Hard-clipped 4 w_cons parameters to delta_max=0.0300 bound.
2026-08-12 00:17:10 | sleep.weights.plasticity       | INFO  | Hard-clipped 4 w_cons parameters to delta_max=0.0300 bound.
2026-08-12 00:17:11 | sleep.weights.plasticity       | INFO  | Hard-clipped 4 w_cons parameters to delta_max=0.0300 bound.
2026-08-12 00:17:11 | sleep.weights.plasticity       | INFO  | Hard-clipped 4 w_cons parameters to delta_max=0.0300 bound.
2026-08-12 00:17:12 | sleep.weights.plasticity       | INFO  | Hard-clipped 4 w_cons parameters to delta_max=0.0300 bound.
2026-08-12 00:17:12 | sleep.weights.plasticity       | INFO  | Hard-clipped 4 w_cons parameters to delta_max=0.0300 bound.
2026-08-12 00:17:13 | sleep.weights.plasticity       | INFO  | Hard-clipped 4 w_cons parameters to delta_max=0.0300 bound.
2026-08-12 00:17:13 | sleep.weights.plasticity       | INFO  | Hard-clipped 4 w_cons parameters to delta_max=0.0300 bound.
2026-08-12 00:17:14 | sleep.weights.plasticity       | INFO  | Hard-clipped 4 w_cons parameters to delta_max=0.0300 bound.
2026-08-12 00:17:15 | sleep.weights.plasticity       | INFO  | Hard-clipped 4 w_cons parameters to delta_max=0.0300 bound.
2026-08-12 00:17:15 | sleep.weights.plasticity       | INFO  | Hard-clipped 3 w_cons parameters to delta_max=0.0300 bound.
2026-08-12 00:17:16 | sleep.weights.plasticity       | INFO  | Hard-clipped 3 w_cons parameters to delta_max=0.0300 bound.
2026-08-12 00:17:16 | sleep.weights.plasticity       | INFO  | Hard-clipped 3 w_cons parameters to delta_max=0.0300 bound.
2026-08-12 00:17:17 | sleep.weights.plasticity       | INFO  | Hard-clipped 3 w_cons parameters to delta_max=0.0300 bound.
2026-08-12 00:17:17 | sleep.weights.plasticity       | INFO  | Hard-clipped 3 w_cons parameters to delta_max=0.0300 bound.
2026-08-12 00:17:18 | sleep.weights.plasticity       | INFO  | Hard-clipped 3 w_cons parameters to delta_max=0.0300 bound.
2026-08-12 00:17:18 | sleep.weights.plasticity       | INFO  | Hard-clipped 3 w_cons parameters to delta_max=0.0300 bound.
2026-08-12 00:17:19 | sleep.weights.plasticity       | INFO  | Hard-clipped 3 w_cons parameters to delta_max=0.0300 bound.
2026-08-12 00:17:19 | sleep.weights.plasticity       | INFO  | Hard-clipped 3 w_cons parameters to delta_max=0.0300 bound.
2026-08-12 00:17:20 | sleep.weights.plasticity       | INFO  | Hard-clipped 3 w_cons parameters to delta_max=0.0300 bound.
2026-08-12 00:17:20 | sleep.weights.plasticity       | INFO  | Hard-clipped 4 w_cons parameters to delta_max=0.0300 bound.
2026-08-12 00:17:21 | sleep.weights.plasticity       | INFO  | Hard-clipped 4 w_cons parameters to delta_max=0.0300 bound.
2026-08-12 00:17:22 | sleep.weights.plasticity       | INFO  | Hard-clipped 4 w_cons parameters to delta_max=0.0300 bound.
2026-08-12 00:17:22 | sleep.weights.plasticity       | INFO  | Hard-clipped 4 w_cons parameters to delta_max=0.0300 bound.
2026-08-12 00:17:23 | sleep.weights.plasticity       | INFO  | Hard-clipped 4 w_cons parameters to delta_max=0.0300 bound.
2026-08-12 00:17:23 | sleep.weights.plasticity       | INFO  | Hard-clipped 4 w_cons parameters to delta_max=0.0300 bound.
2026-08-12 00:17:24 | sleep.weights.plasticity       | INFO  | Hard-clipped 4 w_cons parameters to delta_max=0.0300 bound.
2026-08-12 00:17:24 | sleep.weights.plasticity       | INFO  | Hard-clipped 4 w_cons parameters to delta_max=0.0300 bound.
2026-08-12 00:17:25 | sleep.weights.plasticity       | INFO  | Hard-clipped 4 w_cons parameters to delta_max=0.0300 bound.
2026-08-12 00:17:25 | sleep.weights.plasticity       | INFO  | Hard-clipped 4 w_cons parameters to delta_max=0.0300 bound.
2026-08-12 00:17:26 | sleep.weights.plasticity       | INFO  | Hard-clipped 4 w_cons parameters to delta_max=0.0300 bound.
2026-08-12 00:17:26 | sleep.weights.plasticity       | INFO  | Hard-clipped 4 w_cons parameters to delta_max=0.0300 bound.
2026-08-12 00:17:26 | sleep.sleep_engine.train       | INFO  |   step 200/400 | loss=0.2003 | mean_loss=0.7397 | eta=4 | lr=5.87e-05
2026-08-12 00:17:27 | sleep.weights.plasticity       | INFO  | Hard-clipped 4 w_cons parameters to delta_max=0.0300 bound.
2026-08-12 00:17:27 | sleep.weights.plasticity       | INFO  | Hard-clipped 4 w_cons parameters to delta_max=0.0300 bound.
2026-08-12 00:17:28 | sleep.weights.plasticity       | INFO  | Hard-clipped 4 w_cons parameters to delta_max=0.0300 bound.
2026-08-12 00:17:29 | sleep.weights.plasticity       | INFO  | Hard-clipped 4 w_cons parameters to delta_max=0.0300 bound.
2026-08-12 00:17:29 | sleep.weights.plasticity       | INFO  | Hard-clipped 4 w_cons parameters to delta_max=0.0300 bound.
2026-08-12 00:17:30 | sleep.weights.plasticity       | INFO  | Hard-clipped 4 w_cons parameters to delta_max=0.0300 bound.
2026-08-12 00:17:30 | sleep.weights.plasticity       | INFO  | Hard-clipped 4 w_cons parameters to delta_max=0.0300 bound.
2026-08-12 00:17:31 | sleep.weights.plasticity       | INFO  | Hard-clipped 4 w_cons parameters to delta_max=0.0300 bound.
2026-08-12 00:17:31 | sleep.weights.plasticity       | INFO  | Hard-clipped 4 w_cons parameters to delta_max=0.0300 bound.
2026-08-12 00:17:32 | sleep.weights.plasticity       | INFO  | Hard-clipped 4 w_cons parameters to delta_max=0.0300 bound.
2026-08-12 00:17:32 | sleep.weights.plasticity       | INFO  | Hard-clipped 4 w_cons parameters to delta_max=0.0300 bound.
2026-08-12 00:17:33 | sleep.weights.plasticity       | INFO  | Hard-clipped 4 w_cons parameters to delta_max=0.0300 bound.
2026-08-12 00:17:33 | sleep.weights.plasticity       | INFO  | Hard-clipped 4 w_cons parameters to delta_max=0.0300 bound.
2026-08-12 00:17:34 | sleep.weights.plasticity       | INFO  | Hard-clipped 4 w_cons parameters to delta_max=0.0300 bound.
2026-08-12 00:17:34 | sleep.weights.plasticity       | INFO  | Hard-clipped 4 w_cons parameters to delta_max=0.0300 bound.
2026-08-12 00:17:35 | sleep.weights.plasticity       | INFO  | Hard-clipped 4 w_cons parameters to delta_max=0.0300 bound.
2026-08-12 00:17:35 | sleep.weights.plasticity       | INFO  | Hard-clipped 3 w_cons parameters to delta_max=0.0300 bound.
2026-08-12 00:17:36 | sleep.weights.plasticity       | INFO  | Hard-clipped 3 w_cons parameters to delta_max=0.0300 bound.
2026-08-12 00:17:37 | sleep.weights.plasticity       | INFO  | Hard-clipped 4 w_cons parameters to delta_max=0.0300 bound.
2026-08-12 00:17:37 | sleep.weights.plasticity       | INFO  | Hard-clipped 4 w_cons parameters to delta_max=0.0300 bound.
2026-08-12 00:17:37 | sleep.weights.plasticity       | INFO  | Hard-clipped 4 w_cons parameters to delta_max=0.0300 bound.
2026-08-12 00:17:38 | sleep.weights.plasticity       | INFO  | Hard-clipped 4 w_cons parameters to delta_max=0.0300 bound.
2026-08-12 00:17:39 | sleep.weights.plasticity       | INFO  | Hard-clipped 4 w_cons parameters to delta_max=0.0300 bound.
2026-08-12 00:17:39 | sleep.weights.plasticity       | INFO  | Hard-clipped 4 w_cons parameters to delta_max=0.0300 bound.
2026-08-12 00:17:40 | sleep.weights.plasticity       | INFO  | Hard-clipped 4 w_cons parameters to delta_max=0.0300 bound.
2026-08-12 00:17:40 | sleep.weights.plasticity       | INFO  | Hard-clipped 4 w_cons parameters to delta_max=0.0300 bound.
2026-08-12 00:17:41 | sleep.weights.plasticity       | INFO  | Hard-clipped 4 w_cons parameters to delta_max=0.0300 bound.
2026-08-12 00:17:41 | sleep.weights.plasticity       | INFO  | Hard-clipped 4 w_cons parameters to delta_max=0.0300 bound.
2026-08-12 00:17:42 | sleep.weights.plasticity       | INFO  | Hard-clipped 4 w_cons parameters to delta_max=0.0300 bound.
2026-08-12 00:17:42 | sleep.weights.plasticity       | INFO  | Hard-clipped 4 w_cons parameters to delta_max=0.0300 bound.
2026-08-12 00:17:43 | sleep.weights.plasticity       | INFO  | Hard-clipped 4 w_cons parameters to delta_max=0.0300 bound.
2026-08-12 00:17:43 | sleep.weights.plasticity       | INFO  | Hard-clipped 4 w_cons parameters to delta_max=0.0300 bound.
2026-08-12 00:17:44 | sleep.weights.plasticity       | INFO  | Hard-clipped 4 w_cons parameters to delta_max=0.0300 bound.
2026-08-12 00:17:44 | sleep.weights.plasticity       | INFO  | Hard-clipped 4 w_cons parameters to delta_max=0.0300 bound.
2026-08-12 00:17:45 | sleep.weights.plasticity       | INFO  | Hard-clipped 4 w_cons parameters to delta_max=0.0300 bound.
2026-08-12 00:17:45 | sleep.weights.plasticity       | INFO  | Hard-clipped 4 w_cons parameters to delta_max=0.0300 bound.
2026-08-12 00:17:46 | sleep.weights.plasticity       | INFO  | Hard-clipped 4 w_cons parameters to delta_max=0.0300 bound.
2026-08-12 00:17:46 | sleep.weights.plasticity       | INFO  | Hard-clipped 4 w_cons parameters to delta_max=0.0300 bound.
2026-08-12 00:17:47 | sleep.weights.plasticity       | INFO  | Hard-clipped 4 w_cons parameters to delta_max=0.0300 bound.
2026-08-12 00:17:47 | sleep.weights.plasticity       | INFO  | Hard-clipped 4 w_cons parameters to delta_max=0.0300 bound.
2026-08-12 00:17:47 | sleep.sleep_engine.train       | INFO  |   step 240/400 | loss=0.1999 | mean_loss=0.6485 | eta=4 | lr=4.13e-05
2026-08-12 00:17:48 | sleep.weights.plasticity       | INFO  | Hard-clipped 4 w_cons parameters to delta_max=0.0300 bound.
2026-08-12 00:17:49 | sleep.weights.plasticity       | INFO  | Hard-clipped 4 w_cons parameters to delta_max=0.0300 bound.
2026-08-12 00:17:49 | sleep.weights.plasticity       | INFO  | Hard-clipped 4 w_cons parameters to delta_max=0.0300 bound.
2026-08-12 00:17:50 | sleep.weights.plasticity       | INFO  | Hard-clipped 4 w_cons parameters to delta_max=0.0300 bound.
2026-08-12 00:17:50 | sleep.weights.plasticity       | INFO  | Hard-clipped 4 w_cons parameters to delta_max=0.0300 bound.
2026-08-12 00:17:51 | sleep.weights.plasticity       | INFO  | Hard-clipped 4 w_cons parameters to delta_max=0.0300 bound.
2026-08-12 00:17:51 | sleep.weights.plasticity       | INFO  | Hard-clipped 4 w_cons parameters to delta_max=0.0300 bound.
2026-08-12 00:17:52 | sleep.weights.plasticity       | INFO  | Hard-clipped 4 w_cons parameters to delta_max=0.0300 bound.
2026-08-12 00:17:52 | sleep.weights.plasticity       | INFO  | Hard-clipped 3 w_cons parameters to delta_max=0.0300 bound.
2026-08-12 00:17:53 | sleep.weights.plasticity       | INFO  | Hard-clipped 3 w_cons parameters to delta_max=0.0300 bound.
2026-08-12 00:17:53 | sleep.weights.plasticity       | INFO  | Hard-clipped 3 w_cons parameters to delta_max=0.0300 bound.
2026-08-12 00:17:54 | sleep.weights.plasticity       | INFO  | Hard-clipped 4 w_cons parameters to delta_max=0.0300 bound.
2026-08-12 00:17:54 | sleep.weights.plasticity       | INFO  | Hard-clipped 4 w_cons parameters to delta_max=0.0300 bound.
2026-08-12 00:17:55 | sleep.weights.plasticity       | INFO  | Hard-clipped 3 w_cons parameters to delta_max=0.0300 bound.
2026-08-12 00:17:55 | sleep.weights.plasticity       | INFO  | Hard-clipped 4 w_cons parameters to delta_max=0.0300 bound.
2026-08-12 00:17:56 | sleep.weights.plasticity       | INFO  | Hard-clipped 4 w_cons parameters to delta_max=0.0300 bound.
2026-08-12 00:17:56 | sleep.weights.plasticity       | INFO  | Hard-clipped 4 w_cons parameters to delta_max=0.0300 bound.
2026-08-12 00:17:57 | sleep.weights.plasticity       | INFO  | Hard-clipped 4 w_cons parameters to delta_max=0.0300 bound.
2026-08-12 00:17:57 | sleep.weights.plasticity       | INFO  | Hard-clipped 4 w_cons parameters to delta_max=0.0300 bound.
2026-08-12 00:17:58 | sleep.weights.plasticity       | INFO  | Hard-clipped 4 w_cons parameters to delta_max=0.0300 bound.
2026-08-12 00:17:58 | sleep.weights.plasticity       | INFO  | Hard-clipped 4 w_cons parameters to delta_max=0.0300 bound.
2026-08-12 00:17:59 | sleep.weights.plasticity       | INFO  | Hard-clipped 4 w_cons parameters to delta_max=0.0300 bound.
2026-08-12 00:17:59 | sleep.weights.plasticity       | INFO  | Hard-clipped 4 w_cons parameters to delta_max=0.0300 bound.
2026-08-12 00:18:00 | sleep.weights.plasticity       | INFO  | Hard-clipped 4 w_cons parameters to delta_max=0.0300 bound.
2026-08-12 00:18:00 | sleep.weights.plasticity       | INFO  | Hard-clipped 4 w_cons parameters to delta_max=0.0300 bound.
2026-08-12 00:18:01 | sleep.weights.plasticity       | INFO  | Hard-clipped 4 w_cons parameters to delta_max=0.0300 bound.
2026-08-12 00:18:01 | sleep.weights.plasticity       | INFO  | Hard-clipped 4 w_cons parameters to delta_max=0.0300 bound.
2026-08-12 00:18:02 | sleep.weights.plasticity       | INFO  | Hard-clipped 4 w_cons parameters to delta_max=0.0300 bound.
2026-08-12 00:18:03 | sleep.weights.plasticity       | INFO  | Hard-clipped 3 w_cons parameters to delta_max=0.0300 bound.
2026-08-12 00:18:03 | sleep.weights.plasticity       | INFO  | Hard-clipped 3 w_cons parameters to delta_max=0.0300 bound.
2026-08-12 00:18:04 | sleep.weights.plasticity       | INFO  | Hard-clipped 4 w_cons parameters to delta_max=0.0300 bound.
2026-08-12 00:18:04 | sleep.weights.plasticity       | INFO  | Hard-clipped 4 w_cons parameters to delta_max=0.0300 bound.
2026-08-12 00:18:05 | sleep.weights.plasticity       | INFO  | Hard-clipped 4 w_cons parameters to delta_max=0.0300 bound.
2026-08-12 00:18:05 | sleep.weights.plasticity       | INFO  | Hard-clipped 4 w_cons parameters to delta_max=0.0300 bound.
2026-08-12 00:18:06 | sleep.weights.plasticity       | INFO  | Hard-clipped 4 w_cons parameters to delta_max=0.0300 bound.
2026-08-12 00:18:06 | sleep.weights.plasticity       | INFO  | Hard-clipped 4 w_cons parameters to delta_max=0.0300 bound.
2026-08-12 00:18:07 | sleep.weights.plasticity       | INFO  | Hard-clipped 4 w_cons parameters to delta_max=0.0300 bound.
2026-08-12 00:18:07 | sleep.weights.plasticity       | INFO  | Hard-clipped 4 w_cons parameters to delta_max=0.0300 bound.
2026-08-12 00:18:08 | sleep.weights.plasticity       | INFO  | Hard-clipped 4 w_cons parameters to delta_max=0.0300 bound.
2026-08-12 00:18:08 | sleep.weights.plasticity       | INFO  | Hard-clipped 4 w_cons parameters to delta_max=0.0300 bound.
2026-08-12 00:18:08 | sleep.sleep_engine.train       | INFO  |   step 280/400 | loss=0.2057 | mean_loss=0.5831 | eta=4 | lr=2.50e-05
2026-08-12 00:18:09 | sleep.weights.plasticity       | INFO  | Hard-clipped 4 w_cons parameters to delta_max=0.0300 bound.
2026-08-12 00:18:09 | sleep.weights.plasticity       | INFO  | Hard-clipped 3 w_cons parameters to delta_max=0.0300 bound.
2026-08-12 00:18:10 | sleep.weights.plasticity       | INFO  | Hard-clipped 3 w_cons parameters to delta_max=0.0300 bound.
2026-08-12 00:18:10 | sleep.weights.plasticity       | INFO  | Hard-clipped 3 w_cons parameters to delta_max=0.0300 bound.
2026-08-12 00:18:11 | sleep.weights.plasticity       | INFO  | Hard-clipped 4 w_cons parameters to delta_max=0.0300 bound.
2026-08-12 00:18:11 | sleep.weights.plasticity       | INFO  | Hard-clipped 4 w_cons parameters to delta_max=0.0300 bound.
2026-08-12 00:18:12 | sleep.weights.plasticity       | INFO  | Hard-clipped 4 w_cons parameters to delta_max=0.0300 bound.
2026-08-12 00:18:12 | sleep.weights.plasticity       | INFO  | Hard-clipped 4 w_cons parameters to delta_max=0.0300 bound.
2026-08-12 00:18:13 | sleep.weights.plasticity       | INFO  | Hard-clipped 4 w_cons parameters to delta_max=0.0300 bound.
2026-08-12 00:18:13 | sleep.weights.plasticity       | INFO  | Hard-clipped 4 w_cons parameters to delta_max=0.0300 bound.
2026-08-12 00:18:14 | sleep.weights.plasticity       | INFO  | Hard-clipped 4 w_cons parameters to delta_max=0.0300 bound.
2026-08-12 00:18:15 | sleep.weights.plasticity       | INFO  | Hard-clipped 4 w_cons parameters to delta_max=0.0300 bound.
2026-08-12 00:18:15 | sleep.weights.plasticity       | INFO  | Hard-clipped 4 w_cons parameters to delta_max=0.0300 bound.
2026-08-12 00:18:16 | sleep.weights.plasticity       | INFO  | Hard-clipped 4 w_cons parameters to delta_max=0.0300 bound.
2026-08-12 00:18:16 | sleep.weights.plasticity       | INFO  | Hard-clipped 4 w_cons parameters to delta_max=0.0300 bound.
2026-08-12 00:18:17 | sleep.weights.plasticity       | INFO  | Hard-clipped 4 w_cons parameters to delta_max=0.0300 bound.
2026-08-12 00:18:17 | sleep.weights.plasticity       | INFO  | Hard-clipped 4 w_cons parameters to delta_max=0.0300 bound.
2026-08-12 00:18:18 | sleep.weights.plasticity       | INFO  | Hard-clipped 4 w_cons parameters to delta_max=0.0300 bound.
2026-08-12 00:18:18 | sleep.weights.plasticity       | INFO  | Hard-clipped 4 w_cons parameters to delta_max=0.0300 bound.
2026-08-12 00:18:19 | sleep.weights.plasticity       | INFO  | Hard-clipped 4 w_cons parameters to delta_max=0.0300 bound.
2026-08-12 00:18:19 | sleep.weights.plasticity       | INFO  | Hard-clipped 4 w_cons parameters to delta_max=0.0300 bound.
2026-08-12 00:18:20 | sleep.weights.plasticity       | INFO  | Hard-clipped 3 w_cons parameters to delta_max=0.0300 bound.
2026-08-12 00:18:20 | sleep.weights.plasticity       | INFO  | Hard-clipped 4 w_cons parameters to delta_max=0.0300 bound.
2026-08-12 00:18:21 | sleep.weights.plasticity       | INFO  | Hard-clipped 4 w_cons parameters to delta_max=0.0300 bound.
2026-08-12 00:18:21 | sleep.weights.plasticity       | INFO  | Hard-clipped 4 w_cons parameters to delta_max=0.0300 bound.
2026-08-12 00:18:22 | sleep.weights.plasticity       | INFO  | Hard-clipped 4 w_cons parameters to delta_max=0.0300 bound.
2026-08-12 00:18:22 | sleep.weights.plasticity       | INFO  | Hard-clipped 4 w_cons parameters to delta_max=0.0300 bound.
2026-08-12 00:18:23 | sleep.weights.plasticity       | INFO  | Hard-clipped 4 w_cons parameters to delta_max=0.0300 bound.
2026-08-12 00:18:24 | sleep.weights.plasticity       | INFO  | Hard-clipped 4 w_cons parameters to delta_max=0.0300 bound.
2026-08-12 00:18:24 | sleep.weights.plasticity       | INFO  | Hard-clipped 4 w_cons parameters to delta_max=0.0300 bound.
2026-08-12 00:18:25 | sleep.weights.plasticity       | INFO  | Hard-clipped 4 w_cons parameters to delta_max=0.0300 bound.
2026-08-12 00:18:25 | sleep.weights.plasticity       | INFO  | Hard-clipped 4 w_cons parameters to delta_max=0.0300 bound.
2026-08-12 00:18:26 | sleep.weights.plasticity       | INFO  | Hard-clipped 4 w_cons parameters to delta_max=0.0300 bound.
2026-08-12 00:18:26 | sleep.weights.plasticity       | INFO  | Hard-clipped 4 w_cons parameters to delta_max=0.0300 bound.
2026-08-12 00:18:27 | sleep.weights.plasticity       | INFO  | Hard-clipped 4 w_cons parameters to delta_max=0.0300 bound.
2026-08-12 00:18:27 | sleep.weights.plasticity       | INFO  | Hard-clipped 4 w_cons parameters to delta_max=0.0300 bound.
2026-08-12 00:18:28 | sleep.weights.plasticity       | INFO  | Hard-clipped 4 w_cons parameters to delta_max=0.0300 bound.
2026-08-12 00:18:28 | sleep.weights.plasticity       | INFO  | Hard-clipped 4 w_cons parameters to delta_max=0.0300 bound.
2026-08-12 00:18:29 | sleep.weights.plasticity       | INFO  | Hard-clipped 4 w_cons parameters to delta_max=0.0300 bound.
2026-08-12 00:18:29 | sleep.weights.plasticity       | INFO  | Hard-clipped 4 w_cons parameters to delta_max=0.0300 bound.
2026-08-12 00:18:29 | sleep.sleep_engine.train       | INFO  |   step 320/400 | loss=0.1740 | mean_loss=0.5334 | eta=9 | lr=1.17e-05
2026-08-12 00:18:30 | sleep.weights.plasticity       | INFO  | Hard-clipped 3 w_cons parameters to delta_max=0.0300 bound.
2026-08-12 00:18:30 | sleep.weights.plasticity       | INFO  | Hard-clipped 4 w_cons parameters to delta_max=0.0300 bound.
2026-08-12 00:18:31 | sleep.weights.plasticity       | INFO  | Hard-clipped 4 w_cons parameters to delta_max=0.0300 bound.
2026-08-12 00:18:31 | sleep.weights.plasticity       | INFO  | Hard-clipped 4 w_cons parameters to delta_max=0.0300 bound.
2026-08-12 00:18:32 | sleep.weights.plasticity       | INFO  | Hard-clipped 4 w_cons parameters to delta_max=0.0300 bound.
2026-08-12 00:18:32 | sleep.weights.plasticity       | INFO  | Hard-clipped 4 w_cons parameters to delta_max=0.0300 bound.
2026-08-12 00:18:33 | sleep.weights.plasticity       | INFO  | Hard-clipped 4 w_cons parameters to delta_max=0.0300 bound.
2026-08-12 00:18:34 | sleep.weights.plasticity       | INFO  | Hard-clipped 4 w_cons parameters to delta_max=0.0300 bound.
2026-08-12 00:18:34 | sleep.weights.plasticity       | INFO  | Hard-clipped 4 w_cons parameters to delta_max=0.0300 bound.
2026-08-12 00:18:35 | sleep.weights.plasticity       | INFO  | Hard-clipped 4 w_cons parameters to delta_max=0.0300 bound.
2026-08-12 00:18:35 | sleep.weights.plasticity       | INFO  | Hard-clipped 4 w_cons parameters to delta_max=0.0300 bound.
2026-08-12 00:18:36 | sleep.weights.plasticity       | INFO  | Hard-clipped 4 w_cons parameters to delta_max=0.0300 bound.
2026-08-12 00:18:36 | sleep.weights.plasticity       | INFO  | Hard-clipped 4 w_cons parameters to delta_max=0.0300 bound.
2026-08-12 00:18:37 | sleep.weights.plasticity       | INFO  | Hard-clipped 4 w_cons parameters to delta_max=0.0300 bound.
2026-08-12 00:18:37 | sleep.weights.plasticity       | INFO  | Hard-clipped 4 w_cons parameters to delta_max=0.0300 bound.
2026-08-12 00:18:38 | sleep.weights.plasticity       | INFO  | Hard-clipped 4 w_cons parameters to delta_max=0.0300 bound.
2026-08-12 00:18:38 | sleep.weights.plasticity       | INFO  | Hard-clipped 4 w_cons parameters to delta_max=0.0300 bound.
2026-08-12 00:18:39 | sleep.weights.plasticity       | INFO  | Hard-clipped 4 w_cons parameters to delta_max=0.0300 bound.
2026-08-12 00:18:39 | sleep.weights.plasticity       | INFO  | Hard-clipped 4 w_cons parameters to delta_max=0.0300 bound.
2026-08-12 00:18:40 | sleep.weights.plasticity       | INFO  | Hard-clipped 4 w_cons parameters to delta_max=0.0300 bound.
2026-08-12 00:18:41 | sleep.weights.plasticity       | INFO  | Hard-clipped 4 w_cons parameters to delta_max=0.0300 bound.
2026-08-12 00:18:41 | sleep.weights.plasticity       | INFO  | Hard-clipped 4 w_cons parameters to delta_max=0.0300 bound.
2026-08-12 00:18:42 | sleep.weights.plasticity       | INFO  | Hard-clipped 4 w_cons parameters to delta_max=0.0300 bound.
2026-08-12 00:18:42 | sleep.weights.plasticity       | INFO  | Hard-clipped 4 w_cons parameters to delta_max=0.0300 bound.
2026-08-12 00:18:43 | sleep.weights.plasticity       | INFO  | Hard-clipped 4 w_cons parameters to delta_max=0.0300 bound.
2026-08-12 00:18:43 | sleep.weights.plasticity       | INFO  | Hard-clipped 4 w_cons parameters to delta_max=0.0300 bound.
2026-08-12 00:18:44 | sleep.weights.plasticity       | INFO  | Hard-clipped 4 w_cons parameters to delta_max=0.0300 bound.
2026-08-12 00:18:44 | sleep.weights.plasticity       | INFO  | Hard-clipped 4 w_cons parameters to delta_max=0.0300 bound.
2026-08-12 00:18:45 | sleep.weights.plasticity       | INFO  | Hard-clipped 4 w_cons parameters to delta_max=0.0300 bound.
2026-08-12 00:18:45 | sleep.weights.plasticity       | INFO  | Hard-clipped 4 w_cons parameters to delta_max=0.0300 bound.
2026-08-12 00:18:46 | sleep.weights.plasticity       | INFO  | Hard-clipped 4 w_cons parameters to delta_max=0.0300 bound.
2026-08-12 00:18:46 | sleep.weights.plasticity       | INFO  | Hard-clipped 4 w_cons parameters to delta_max=0.0300 bound.
2026-08-12 00:18:47 | sleep.weights.plasticity       | INFO  | Hard-clipped 4 w_cons parameters to delta_max=0.0300 bound.
2026-08-12 00:18:47 | sleep.weights.plasticity       | INFO  | Hard-clipped 4 w_cons parameters to delta_max=0.0300 bound.
2026-08-12 00:18:48 | sleep.weights.plasticity       | INFO  | Hard-clipped 4 w_cons parameters to delta_max=0.0300 bound.
2026-08-12 00:18:48 | sleep.weights.plasticity       | INFO  | Hard-clipped 4 w_cons parameters to delta_max=0.0300 bound.
2026-08-12 00:18:49 | sleep.weights.plasticity       | INFO  | Hard-clipped 4 w_cons parameters to delta_max=0.0300 bound.
2026-08-12 00:18:49 | sleep.weights.plasticity       | INFO  | Hard-clipped 4 w_cons parameters to delta_max=0.0300 bound.
2026-08-12 00:18:50 | sleep.weights.plasticity       | INFO  | Hard-clipped 4 w_cons parameters to delta_max=0.0300 bound.
2026-08-12 00:18:51 | sleep.weights.plasticity       | INFO  | Hard-clipped 4 w_cons parameters to delta_max=0.0300 bound.
2026-08-12 00:18:51 | sleep.sleep_engine.train       | INFO  |   step 360/400 | loss=0.1952 | mean_loss=0.4946 | eta=9 | lr=3.02e-06
2026-08-12 00:18:51 | sleep.weights.plasticity       | INFO  | Hard-clipped 4 w_cons parameters to delta_max=0.0300 bound.
2026-08-12 00:18:52 | sleep.weights.plasticity       | INFO  | Hard-clipped 4 w_cons parameters to delta_max=0.0300 bound.
2026-08-12 00:18:52 | sleep.weights.plasticity       | INFO  | Hard-clipped 3 w_cons parameters to delta_max=0.0300 bound.
2026-08-12 00:18:53 | sleep.weights.plasticity       | INFO  | Hard-clipped 3 w_cons parameters to delta_max=0.0300 bound.
2026-08-12 00:18:53 | sleep.weights.plasticity       | INFO  | Hard-clipped 3 w_cons parameters to delta_max=0.0300 bound.
2026-08-12 00:18:54 | sleep.weights.plasticity       | INFO  | Hard-clipped 3 w_cons parameters to delta_max=0.0300 bound.
2026-08-12 00:18:54 | sleep.weights.plasticity       | INFO  | Hard-clipped 3 w_cons parameters to delta_max=0.0300 bound.
2026-08-12 00:18:55 | sleep.weights.plasticity       | INFO  | Hard-clipped 3 w_cons parameters to delta_max=0.0300 bound.
2026-08-12 00:18:55 | sleep.weights.plasticity       | INFO  | Hard-clipped 3 w_cons parameters to delta_max=0.0300 bound.
2026-08-12 00:18:56 | sleep.weights.plasticity       | INFO  | Hard-clipped 3 w_cons parameters to delta_max=0.0300 bound.
2026-08-12 00:18:56 | sleep.weights.plasticity       | INFO  | Hard-clipped 2 w_cons parameters to delta_max=0.0300 bound.
2026-08-12 00:18:57 | sleep.weights.plasticity       | INFO  | Hard-clipped 1 w_cons parameters to delta_max=0.0300 bound.
2026-08-12 00:18:57 | sleep.weights.plasticity       | INFO  | Hard-clipped 1 w_cons parameters to delta_max=0.0300 bound.
2026-08-12 00:18:58 | sleep.weights.plasticity       | INFO  | Hard-clipped 1 w_cons parameters to delta_max=0.0300 bound.
2026-08-12 00:18:58 | sleep.weights.plasticity       | INFO  | Hard-clipped 1 w_cons parameters to delta_max=0.0300 bound.
2026-08-12 00:18:59 | sleep.weights.plasticity       | INFO  | Hard-clipped 1 w_cons parameters to delta_max=0.0300 bound.
2026-08-12 00:19:00 | sleep.weights.plasticity       | INFO  | Hard-clipped 1 w_cons parameters to delta_max=0.0300 bound.
2026-08-12 00:19:00 | sleep.weights.plasticity       | INFO  | Hard-clipped 1 w_cons parameters to delta_max=0.0300 bound.
2026-08-12 00:19:01 | sleep.weights.plasticity       | INFO  | Hard-clipped 1 w_cons parameters to delta_max=0.0300 bound.
2026-08-12 00:19:01 | sleep.weights.plasticity       | INFO  | Hard-clipped 1 w_cons parameters to delta_max=0.0300 bound.
2026-08-12 00:19:02 | sleep.weights.plasticity       | INFO  | Hard-clipped 1 w_cons parameters to delta_max=0.0300 bound.
2026-08-12 00:19:02 | sleep.weights.plasticity       | INFO  | Hard-clipped 1 w_cons parameters to delta_max=0.0300 bound.
2026-08-12 00:19:03 | sleep.weights.plasticity       | INFO  | Hard-clipped 1 w_cons parameters to delta_max=0.0300 bound.
2026-08-12 00:19:03 | sleep.weights.plasticity       | INFO  | Hard-clipped 1 w_cons parameters to delta_max=0.0300 bound.
2026-08-12 00:19:04 | sleep.weights.plasticity       | INFO  | Hard-clipped 1 w_cons parameters to delta_max=0.0300 bound.
2026-08-12 00:19:04 | sleep.weights.plasticity       | INFO  | Hard-clipped 1 w_cons parameters to delta_max=0.0300 bound.
2026-08-12 00:19:05 | sleep.weights.plasticity       | INFO  | Hard-clipped 1 w_cons parameters to delta_max=0.0300 bound.
2026-08-12 00:19:05 | sleep.weights.plasticity       | INFO  | Hard-clipped 1 w_cons parameters to delta_max=0.0300 bound.
2026-08-12 00:19:06 | sleep.weights.plasticity       | INFO  | Hard-clipped 1 w_cons parameters to delta_max=0.0300 bound.
2026-08-12 00:19:06 | sleep.weights.plasticity       | INFO  | Hard-clipped 1 w_cons parameters to delta_max=0.0300 bound.
2026-08-12 00:19:07 | sleep.weights.plasticity       | INFO  | Hard-clipped 1 w_cons parameters to delta_max=0.0300 bound.
2026-08-12 00:19:08 | sleep.weights.plasticity       | INFO  | Hard-clipped 1 w_cons parameters to delta_max=0.0300 bound.
2026-08-12 00:19:08 | sleep.weights.plasticity       | INFO  | Hard-clipped 1 w_cons parameters to delta_max=0.0300 bound.
2026-08-12 00:19:09 | sleep.weights.plasticity       | INFO  | Hard-clipped 1 w_cons parameters to delta_max=0.0300 bound.
2026-08-12 00:19:09 | sleep.weights.plasticity       | INFO  | Hard-clipped 1 w_cons parameters to delta_max=0.0300 bound.
2026-08-12 00:19:10 | sleep.weights.plasticity       | INFO  | Hard-clipped 1 w_cons parameters to delta_max=0.0300 bound.
2026-08-12 00:19:10 | sleep.weights.plasticity       | INFO  | Hard-clipped 1 w_cons parameters to delta_max=0.0300 bound.
2026-08-12 00:19:11 | sleep.weights.plasticity       | INFO  | Hard-clipped 1 w_cons parameters to delta_max=0.0300 bound.
2026-08-12 00:19:11 | sleep.weights.plasticity       | INFO  | Hard-clipped 1 w_cons parameters to delta_max=0.0300 bound.
2026-08-12 00:19:12 | sleep.weights.plasticity       | INFO  | Hard-clipped 1 w_cons parameters to delta_max=0.0300 bound.
2026-08-12 00:19:12 | sleep.sleep_engine.train       | INFO  |   step 400/400 | loss=0.1854 | mean_loss=0.4634 | eta=9 | lr=0.00e+00
2026-08-12 00:19:12 | sleep.sleep_engine.train       | INFO  | Sleep training complete | n_steps=400 | final_loss=0.1854 | mean_loss=0.4634
2026-08-12 00:19:12 | sleep.metrics                  | INFO  | summary | {'sleep_train/final_loss': 0.18542449176311493, 'sleep_train/mean_loss': 0.46344856098294257, 'sleep_train/n_steps': 400}
2026-08-12 00:19:12 | sleep.sleep_engine             | INFO  | Phase 3 complete: 400 steps, final_loss=0.1854, mean_loss=0.4634
2026-08-12 00:19:12 | sleep.sleep_engine             | INFO  | Phase 4/5: PPL CHECK (skipped — no benchmark data)
2026-08-12 00:19:12 | sleep.sleep_engine             | INFO  | Phase 5/5: VALIDATE & CLEANUP
2026-08-12 00:19:12 | sleep.weights.plasticity       | INFO  | Saved checkpoint for adapter 'w_cons': 44 parameters.
2026-08-12 00:19:12 | sleep.weights.plasticity       | INFO  | Restored 44 parameters for adapter 'w_cons' from checkpoint.
2026-08-12 00:19:12 | sleep.weights.plasticity       | INFO  | Restored 44 parameters for adapter 'w_cons' from checkpoint.
2026-08-12 00:19:19 | sleep.sleep_engine             | INFO  | Two-stage validation: 5/8 passed surprise, 4 also passed the mini-recall gate (self-grading gap = 1)
2026-08-12 00:19:19 | sleep.sleep_engine.cleanup     | INFO  | Cleanup complete | passed=4 | failed=4 | permanently_removed=0
2026-08-12 00:19:19 | sleep.sleep_engine             | INFO  | Phase 5 complete: consolidated=4, failed=4, permanently_removed=0
2026-08-12 00:19:19 | sleep.metrics                  | INFO  | summary | {'sleep_engine/n_candidates': 8, 'sleep_engine/n_replays_generated': 113, 'sleep_engine/n_replays_accepted': 113, 'sleep_engine/n_consolidated': 4, 'sleep_engine/n_failed': 4, 'sleep_engine/n_permanently_removed': 0, 'sleep_engine/rolled_back': False}
2026-08-12 00:19:19 | sleep.weights.kv_memory        | INFO  | bank cleared: freed 8 tags / 314 tokens
2026-08-12 00:19:19 | sleep.sleep_engine             | INFO  | KV bank cleared (8 entries removed)
2026-08-12 00:19:19 | sleep.sleep_engine             | INFO  | KV memory injection: ENABLED
2026-08-12 00:19:19 | sleep.sleep_engine             | INFO  | === Sleep cycle END ===
2026-08-12 00:20:20 | sleep.evaluation.recall        | INFO  | Recall evaluation: DRA=0.0833 across 40 cases
2026-08-12 00:20:50 | sleep.evaluation.recall        | INFO  | Recall evaluation: DRA=0.1667 across 20 cases
2026-08-12 00:20:50 | sleep.evaluation.preservation  | INFO  | Perplexity evaluation: PPL=32.4081 (mean_loss=3.4784, 53 tokens)
2026-08-12 00:20:50 | sleep.evaluation.preservation  | INFO  | BCP: 5.8709 (current_ppl=32.4081, original_ppl=5.5201)
2026-08-12 00:20:50 | sleep.experiment.08            | INFO  | [sleep Cycle 2 EVAL] DRA cumulative=0.083 (6/40 hits); DRA current=0.167 (6/20 hits); BCP=5.8709
2026-08-12 00:20:50 | sleep.experiment.08            | INFO  | ======================================================================
2026-08-12 00:20:50 | sleep.experiment.08            | INFO  | [SLEEP Cycle 3] Wake phase: 20 facts
2026-08-12 00:20:50 | sleep.experiment.08            | INFO  | ======================================================================
2026-08-12 00:20:51 | sleep.tagging                  | INFO  | step=42 | 1 tags created from 1 spans | buffer: 21/40151 (0.1%)
2026-08-12 00:20:51 | sleep.tagging                  | INFO  | step=44 | 1 tags created from 1 spans | buffer: 22/40151 (0.1%)
2026-08-12 00:20:51 | sleep.tagging                  | INFO  | step=46 | 1 tags created from 1 spans | buffer: 23/40151 (0.1%)
2026-08-12 00:20:51 | sleep.tagging                  | INFO  | step=47 | 1 tags created from 1 spans | buffer: 24/40151 (0.1%)
2026-08-12 00:20:51 | sleep.tagging                  | INFO  | step=49 | 1 tags created from 1 spans | buffer: 25/40151 (0.1%)
2026-08-12 00:20:51 | sleep.tagging                  | INFO  | step=51 | 2 tags created from 2 spans | buffer: 27/40151 (0.1%)
2026-08-12 00:20:51 | sleep.tagging                  | INFO  | step=52 | 1 tags created from 1 spans | buffer: 28/40151 (0.1%)
2026-08-12 00:20:51 | sleep.tagging                  | INFO  | step=54 | 1 tags created from 1 spans | buffer: 29/40151 (0.1%)
2026-08-12 00:20:52 | sleep.tagging                  | INFO  | step=56 | 1 tags created from 1 spans | buffer: 30/40151 (0.1%)
2026-08-12 00:20:52 | sleep.tagging                  | INFO  | step=57 | 1 tags created from 1 spans | buffer: 31/40151 (0.1%)
2026-08-12 00:20:52 | sleep.experiment.08            | INFO  | [Cycle 3] Wake summary: 20 facts -> 10 KV writes; bank: 402/20000 tokens
2026-08-12 00:20:52 | sleep.prp                      | INFO  | step=60 | PRP update: 11/4015 allocated (0%) | +7 -0 | threshold=0.323 | mean_score=0.288
2026-08-12 00:20:52 | sleep.experiment.08            | INFO  | [Cycle 3] PRP: 11 allocated, 11 consolidation candidates
2026-08-12 00:20:52 | sleep.sleep_engine             | INFO  | === Sleep cycle START | 11 candidates ===
2026-08-12 00:20:52 | sleep.sleep_engine             | INFO  | Phase 1/5: GENERATE (strategy=paraphrase)
2026-08-12 00:20:52 | sleep.sleep_engine             | INFO  | KV memory injection: DISABLED
2026-08-12 00:20:52 | sleep.sleep_engine             | INFO  | Phase 1 (paraphrase strategy): 135 wordings from 6 unique sources (11 candidates)
2026-08-12 00:20:52 | sleep.sleep_engine             | INFO  | Phase 1 complete: 135/11 replays generated
2026-08-12 00:20:52 | sleep.sleep_engine             | INFO  | Phase 2/5: QUALITY CHECK
2026-08-12 00:20:52 | sleep.sleep_engine             | INFO  | Phase 2 complete: 135/135 replays accepted
2026-08-12 00:20:52 | sleep.sleep_engine             | INFO  | Phase 3/5: TRAIN (135 accepted replays)
2026-08-12 00:20:52 | sleep.sleep_engine             | INFO  | KV memory injection: DISABLED
2026-08-12 00:20:52 | sleep.weights.plasticity       | INFO  | Saved checkpoint for adapter 'w_cons': 44 parameters.
2026-08-12 00:20:52 | sleep.weights.plasticity       | INFO  | Saved checkpoint for adapter 'w_cons': 44 parameters.
2026-08-12 00:20:52 | sleep.sleep_engine.train       | INFO  | Starting sleep training | n_steps=400 | n_replay=135 | lr=1.00e-04 | device=cuda
2026-08-12 00:21:13 | sleep.sleep_engine.train       | INFO  |   step 40/400 | loss=0.2511 | mean_loss=1.6597 | eta=9 | lr=1.00e-04
2026-08-12 00:21:34 | sleep.sleep_engine.train       | INFO  |   step 80/400 | loss=0.2069 | mean_loss=0.9398 | eta=9 | lr=9.70e-05
2026-08-12 00:21:40 | sleep.weights.plasticity       | INFO  | Hard-clipped 1 w_cons parameters to delta_max=0.0300 bound.
2026-08-12 00:21:41 | sleep.weights.plasticity       | INFO  | Hard-clipped 1 w_cons parameters to delta_max=0.0300 bound.
2026-08-12 00:21:41 | sleep.weights.plasticity       | INFO  | Hard-clipped 1 w_cons parameters to delta_max=0.0300 bound.
2026-08-12 00:21:42 | sleep.weights.plasticity       | INFO  | Hard-clipped 1 w_cons parameters to delta_max=0.0300 bound.
2026-08-12 00:21:42 | sleep.weights.plasticity       | INFO  | Hard-clipped 1 w_cons parameters to delta_max=0.0300 bound.
2026-08-12 00:21:43 | sleep.weights.plasticity       | INFO  | Hard-clipped 1 w_cons parameters to delta_max=0.0300 bound.
2026-08-12 00:21:43 | sleep.weights.plasticity       | INFO  | Hard-clipped 1 w_cons parameters to delta_max=0.0300 bound.
2026-08-12 00:21:44 | sleep.weights.plasticity       | INFO  | Hard-clipped 1 w_cons parameters to delta_max=0.0300 bound.
2026-08-12 00:21:44 | sleep.weights.plasticity       | INFO  | Hard-clipped 1 w_cons parameters to delta_max=0.0300 bound.
2026-08-12 00:21:45 | sleep.weights.plasticity       | INFO  | Hard-clipped 1 w_cons parameters to delta_max=0.0300 bound.
2026-08-12 00:21:45 | sleep.weights.plasticity       | INFO  | Hard-clipped 1 w_cons parameters to delta_max=0.0300 bound.
2026-08-12 00:21:46 | sleep.weights.plasticity       | INFO  | Hard-clipped 1 w_cons parameters to delta_max=0.0300 bound.
2026-08-12 00:21:46 | sleep.weights.plasticity       | INFO  | Hard-clipped 1 w_cons parameters to delta_max=0.0300 bound.
2026-08-12 00:21:47 | sleep.weights.plasticity       | INFO  | Hard-clipped 1 w_cons parameters to delta_max=0.0300 bound.
2026-08-12 00:21:47 | sleep.weights.plasticity       | INFO  | Hard-clipped 1 w_cons parameters to delta_max=0.0300 bound.
2026-08-12 00:21:48 | sleep.weights.plasticity       | INFO  | Hard-clipped 1 w_cons parameters to delta_max=0.0300 bound.
2026-08-12 00:21:48 | sleep.weights.plasticity       | INFO  | Hard-clipped 1 w_cons parameters to delta_max=0.0300 bound.
2026-08-12 00:21:49 | sleep.weights.plasticity       | INFO  | Hard-clipped 1 w_cons parameters to delta_max=0.0300 bound.
2026-08-12 00:21:50 | sleep.weights.plasticity       | INFO  | Hard-clipped 1 w_cons parameters to delta_max=0.0300 bound.
2026-08-12 00:21:50 | sleep.weights.plasticity       | INFO  | Hard-clipped 1 w_cons parameters to delta_max=0.0300 bound.
2026-08-12 00:21:51 | sleep.weights.plasticity       | INFO  | Hard-clipped 1 w_cons parameters to delta_max=0.0300 bound.
2026-08-12 00:21:51 | sleep.weights.plasticity       | INFO  | Hard-clipped 1 w_cons parameters to delta_max=0.0300 bound.
2026-08-12 00:21:52 | sleep.weights.plasticity       | INFO  | Hard-clipped 1 w_cons parameters to delta_max=0.0300 bound.
2026-08-12 00:21:52 | sleep.weights.plasticity       | INFO  | Hard-clipped 1 w_cons parameters to delta_max=0.0300 bound.
2026-08-12 00:21:53 | sleep.weights.plasticity       | INFO  | Hard-clipped 2 w_cons parameters to delta_max=0.0300 bound.
2026-08-12 00:21:53 | sleep.weights.plasticity       | INFO  | Hard-clipped 2 w_cons parameters to delta_max=0.0300 bound.
2026-08-12 00:21:54 | sleep.weights.plasticity       | INFO  | Hard-clipped 2 w_cons parameters to delta_max=0.0300 bound.
2026-08-12 00:21:54 | sleep.weights.plasticity       | INFO  | Hard-clipped 2 w_cons parameters to delta_max=0.0300 bound.
2026-08-12 00:21:55 | sleep.weights.plasticity       | INFO  | Hard-clipped 2 w_cons parameters to delta_max=0.0300 bound.
2026-08-12 00:21:55 | sleep.weights.plasticity       | INFO  | Hard-clipped 2 w_cons parameters to delta_max=0.0300 bound.
2026-08-12 00:21:55 | sleep.sleep_engine.train       | INFO  |   step 120/400 | loss=0.1951 | mean_loss=0.6903 | eta=4 | lr=8.83e-05
2026-08-12 00:21:56 | sleep.weights.plasticity       | INFO  | Hard-clipped 2 w_cons parameters to delta_max=0.0300 bound.
2026-08-12 00:21:56 | sleep.weights.plasticity       | INFO  | Hard-clipped 2 w_cons parameters to delta_max=0.0300 bound.
2026-08-12 00:21:57 | sleep.weights.plasticity       | INFO  | Hard-clipped 2 w_cons parameters to delta_max=0.0300 bound.
2026-08-12 00:21:57 | sleep.weights.plasticity       | INFO  | Hard-clipped 2 w_cons parameters to delta_max=0.0300 bound.
2026-08-12 00:21:58 | sleep.weights.plasticity       | INFO  | Hard-clipped 2 w_cons parameters to delta_max=0.0300 bound.
2026-08-12 00:21:59 | sleep.weights.plasticity       | INFO  | Hard-clipped 2 w_cons parameters to delta_max=0.0300 bound.
2026-08-12 00:21:59 | sleep.weights.plasticity       | INFO  | Hard-clipped 2 w_cons parameters to delta_max=0.0300 bound.
2026-08-12 00:22:00 | sleep.weights.plasticity       | INFO  | Hard-clipped 2 w_cons parameters to delta_max=0.0300 bound.
2026-08-12 00:22:00 | sleep.weights.plasticity       | INFO  | Hard-clipped 2 w_cons parameters to delta_max=0.0300 bound.
2026-08-12 00:22:01 | sleep.weights.plasticity       | INFO  | Hard-clipped 2 w_cons parameters to delta_max=0.0300 bound.
2026-08-12 00:22:01 | sleep.weights.plasticity       | INFO  | Hard-clipped 2 w_cons parameters to delta_max=0.0300 bound.
2026-08-12 00:22:02 | sleep.weights.plasticity       | INFO  | Hard-clipped 2 w_cons parameters to delta_max=0.0300 bound.
2026-08-12 00:22:02 | sleep.weights.plasticity       | INFO  | Hard-clipped 2 w_cons parameters to delta_max=0.0300 bound.
2026-08-12 00:22:03 | sleep.weights.plasticity       | INFO  | Hard-clipped 2 w_cons parameters to delta_max=0.0300 bound.
2026-08-12 00:22:03 | sleep.weights.plasticity       | INFO  | Hard-clipped 2 w_cons parameters to delta_max=0.0300 bound.
2026-08-12 00:22:04 | sleep.weights.plasticity       | INFO  | Hard-clipped 2 w_cons parameters to delta_max=0.0300 bound.
2026-08-12 00:22:04 | sleep.weights.plasticity       | INFO  | Hard-clipped 2 w_cons parameters to delta_max=0.0300 bound.
2026-08-12 00:22:05 | sleep.weights.plasticity       | INFO  | Hard-clipped 2 w_cons parameters to delta_max=0.0300 bound.
2026-08-12 00:22:05 | sleep.weights.plasticity       | INFO  | Hard-clipped 2 w_cons parameters to delta_max=0.0300 bound.
2026-08-12 00:22:06 | sleep.weights.plasticity       | INFO  | Hard-clipped 2 w_cons parameters to delta_max=0.0300 bound.
2026-08-12 00:22:06 | sleep.weights.plasticity       | INFO  | Hard-clipped 2 w_cons parameters to delta_max=0.0300 bound.
2026-08-12 00:22:07 | sleep.weights.plasticity       | INFO  | Hard-clipped 2 w_cons parameters to delta_max=0.0300 bound.
2026-08-12 00:22:08 | sleep.weights.plasticity       | INFO  | Hard-clipped 2 w_cons parameters to delta_max=0.0300 bound.
2026-08-12 00:22:08 | sleep.weights.plasticity       | INFO  | Hard-clipped 2 w_cons parameters to delta_max=0.0300 bound.
2026-08-12 00:22:09 | sleep.weights.plasticity       | INFO  | Hard-clipped 2 w_cons parameters to delta_max=0.0300 bound.
2026-08-12 00:22:09 | sleep.weights.plasticity       | INFO  | Hard-clipped 2 w_cons parameters to delta_max=0.0300 bound.
2026-08-12 00:22:10 | sleep.weights.plasticity       | INFO  | Hard-clipped 2 w_cons parameters to delta_max=0.0300 bound.
2026-08-12 00:22:10 | sleep.weights.plasticity       | INFO  | Hard-clipped 2 w_cons parameters to delta_max=0.0300 bound.
2026-08-12 00:22:11 | sleep.weights.plasticity       | INFO  | Hard-clipped 2 w_cons parameters to delta_max=0.0300 bound.
2026-08-12 00:22:11 | sleep.weights.plasticity       | INFO  | Hard-clipped 1 w_cons parameters to delta_max=0.0300 bound.
2026-08-12 00:22:12 | sleep.weights.plasticity       | INFO  | Hard-clipped 1 w_cons parameters to delta_max=0.0300 bound.
2026-08-12 00:22:12 | sleep.weights.plasticity       | INFO  | Hard-clipped 1 w_cons parameters to delta_max=0.0300 bound.
2026-08-12 00:22:13 | sleep.weights.plasticity       | INFO  | Hard-clipped 1 w_cons parameters to delta_max=0.0300 bound.
2026-08-12 00:22:13 | sleep.weights.plasticity       | INFO  | Hard-clipped 1 w_cons parameters to delta_max=0.0300 bound.
2026-08-12 00:22:14 | sleep.weights.plasticity       | INFO  | Hard-clipped 1 w_cons parameters to delta_max=0.0300 bound.
2026-08-12 00:22:14 | sleep.weights.plasticity       | INFO  | Hard-clipped 1 w_cons parameters to delta_max=0.0300 bound.
2026-08-12 00:22:15 | sleep.weights.plasticity       | INFO  | Hard-clipped 1 w_cons parameters to delta_max=0.0300 bound.
2026-08-12 00:22:16 | sleep.weights.plasticity       | INFO  | Hard-clipped 2 w_cons parameters to delta_max=0.0300 bound.
2026-08-12 00:22:16 | sleep.weights.plasticity       | INFO  | Hard-clipped 2 w_cons parameters to delta_max=0.0300 bound.
2026-08-12 00:22:17 | sleep.weights.plasticity       | INFO  | Hard-clipped 2 w_cons parameters to delta_max=0.0300 bound.
2026-08-12 00:22:17 | sleep.sleep_engine.train       | INFO  |   step 160/400 | loss=0.1855 | mean_loss=0.5647 | eta=4 | lr=7.50e-05
2026-08-12 00:22:17 | sleep.weights.plasticity       | INFO  | Hard-clipped 2 w_cons parameters to delta_max=0.0300 bound.
2026-08-12 00:22:18 | sleep.weights.plasticity       | INFO  | Hard-clipped 1 w_cons parameters to delta_max=0.0300 bound.
2026-08-12 00:22:18 | sleep.weights.plasticity       | INFO  | Hard-clipped 2 w_cons parameters to delta_max=0.0300 bound.
2026-08-12 00:22:19 | sleep.weights.plasticity       | INFO  | Hard-clipped 2 w_cons parameters to delta_max=0.0300 bound.
2026-08-12 00:22:19 | sleep.weights.plasticity       | INFO  | Hard-clipped 2 w_cons parameters to delta_max=0.0300 bound.
2026-08-12 00:22:20 | sleep.weights.plasticity       | INFO  | Hard-clipped 2 w_cons parameters to delta_max=0.0300 bound.
2026-08-12 00:22:20 | sleep.weights.plasticity       | INFO  | Hard-clipped 2 w_cons parameters to delta_max=0.0300 bound.
2026-08-12 00:22:21 | sleep.weights.plasticity       | INFO  | Hard-clipped 2 w_cons parameters to delta_max=0.0300 bound.
2026-08-12 00:22:21 | sleep.weights.plasticity       | INFO  | Hard-clipped 2 w_cons parameters to delta_max=0.0300 bound.
2026-08-12 00:22:22 | sleep.weights.plasticity       | INFO  | Hard-clipped 2 w_cons parameters to delta_max=0.0300 bound.
2026-08-12 00:22:22 | sleep.weights.plasticity       | INFO  | Hard-clipped 2 w_cons parameters to delta_max=0.0300 bound.
2026-08-12 00:22:23 | sleep.weights.plasticity       | INFO  | Hard-clipped 2 w_cons parameters to delta_max=0.0300 bound.
2026-08-12 00:22:24 | sleep.weights.plasticity       | INFO  | Hard-clipped 1 w_cons parameters to delta_max=0.0300 bound.
2026-08-12 00:22:24 | sleep.weights.plasticity       | INFO  | Hard-clipped 1 w_cons parameters to delta_max=0.0300 bound.
2026-08-12 00:22:25 | sleep.weights.plasticity       | INFO  | Hard-clipped 1 w_cons parameters to delta_max=0.0300 bound.
2026-08-12 00:22:25 | sleep.weights.plasticity       | INFO  | Hard-clipped 1 w_cons parameters to delta_max=0.0300 bound.
2026-08-12 00:22:26 | sleep.weights.plasticity       | INFO  | Hard-clipped 2 w_cons parameters to delta_max=0.0300 bound.
2026-08-12 00:22:26 | sleep.weights.plasticity       | INFO  | Hard-clipped 2 w_cons parameters to delta_max=0.0300 bound.
2026-08-12 00:22:27 | sleep.weights.plasticity       | INFO  | Hard-clipped 2 w_cons parameters to delta_max=0.0300 bound.
2026-08-12 00:22:27 | sleep.weights.plasticity       | INFO  | Hard-clipped 2 w_cons parameters to delta_max=0.0300 bound.
2026-08-12 00:22:28 | sleep.weights.plasticity       | INFO  | Hard-clipped 2 w_cons parameters to delta_max=0.0300 bound.
2026-08-12 00:22:28 | sleep.weights.plasticity       | INFO  | Hard-clipped 2 w_cons parameters to delta_max=0.0300 bound.
2026-08-12 00:22:29 | sleep.weights.plasticity       | INFO  | Hard-clipped 1 w_cons parameters to delta_max=0.0300 bound.
2026-08-12 00:22:29 | sleep.weights.plasticity       | INFO  | Hard-clipped 1 w_cons parameters to delta_max=0.0300 bound.
2026-08-12 00:22:30 | sleep.weights.plasticity       | INFO  | Hard-clipped 1 w_cons parameters to delta_max=0.0300 bound.
2026-08-12 00:22:30 | sleep.weights.plasticity       | INFO  | Hard-clipped 1 w_cons parameters to delta_max=0.0300 bound.
2026-08-12 00:22:31 | sleep.weights.plasticity       | INFO  | Hard-clipped 1 w_cons parameters to delta_max=0.0300 bound.
2026-08-12 00:22:32 | sleep.weights.plasticity       | INFO  | Hard-clipped 1 w_cons parameters to delta_max=0.0300 bound.
2026-08-12 00:22:32 | sleep.weights.plasticity       | INFO  | Hard-clipped 1 w_cons parameters to delta_max=0.0300 bound.
2026-08-12 00:22:33 | sleep.weights.plasticity       | INFO  | Hard-clipped 1 w_cons parameters to delta_max=0.0300 bound.
2026-08-12 00:22:33 | sleep.weights.plasticity       | INFO  | Hard-clipped 1 w_cons parameters to delta_max=0.0300 bound.
2026-08-12 00:22:34 | sleep.weights.plasticity       | INFO  | Hard-clipped 1 w_cons parameters to delta_max=0.0300 bound.
2026-08-12 00:22:34 | sleep.weights.plasticity       | INFO  | Hard-clipped 1 w_cons parameters to delta_max=0.0300 bound.
2026-08-12 00:22:35 | sleep.weights.plasticity       | INFO  | Hard-clipped 2 w_cons parameters to delta_max=0.0300 bound.
2026-08-12 00:22:35 | sleep.weights.plasticity       | INFO  | Hard-clipped 2 w_cons parameters to delta_max=0.0300 bound.
2026-08-12 00:22:36 | sleep.weights.plasticity       | INFO  | Hard-clipped 2 w_cons parameters to delta_max=0.0300 bound.
2026-08-12 00:22:36 | sleep.weights.plasticity       | INFO  | Hard-clipped 1 w_cons parameters to delta_max=0.0300 bound.
2026-08-12 00:22:37 | sleep.weights.plasticity       | INFO  | Hard-clipped 1 w_cons parameters to delta_max=0.0300 bound.
2026-08-12 00:22:37 | sleep.weights.plasticity       | INFO  | Hard-clipped 1 w_cons parameters to delta_max=0.0300 bound.
2026-08-12 00:22:38 | sleep.weights.plasticity       | INFO  | Hard-clipped 1 w_cons parameters to delta_max=0.0300 bound.
2026-08-12 00:22:38 | sleep.sleep_engine.train       | INFO  |   step 200/400 | loss=0.1708 | mean_loss=0.4876 | eta=4 | lr=5.87e-05
2026-08-12 00:22:38 | sleep.weights.plasticity       | INFO  | Hard-clipped 1 w_cons parameters to delta_max=0.0300 bound.
2026-08-12 00:22:39 | sleep.weights.plasticity       | INFO  | Hard-clipped 3 w_cons parameters to delta_max=0.0300 bound.
2026-08-12 00:22:40 | sleep.weights.plasticity       | INFO  | Hard-clipped 3 w_cons parameters to delta_max=0.0300 bound.
2026-08-12 00:22:40 | sleep.weights.plasticity       | INFO  | Hard-clipped 3 w_cons parameters to delta_max=0.0300 bound.
2026-08-12 00:22:41 | sleep.weights.plasticity       | INFO  | Hard-clipped 3 w_cons parameters to delta_max=0.0300 bound.
2026-08-12 00:22:41 | sleep.weights.plasticity       | INFO  | Hard-clipped 3 w_cons parameters to delta_max=0.0300 bound.
2026-08-12 00:22:42 | sleep.weights.plasticity       | INFO  | Hard-clipped 2 w_cons parameters to delta_max=0.0300 bound.
2026-08-12 00:22:42 | sleep.weights.plasticity       | INFO  | Hard-clipped 2 w_cons parameters to delta_max=0.0300 bound.
2026-08-12 00:22:43 | sleep.weights.plasticity       | INFO  | Hard-clipped 2 w_cons parameters to delta_max=0.0300 bound.
2026-08-12 00:22:43 | sleep.weights.plasticity       | INFO  | Hard-clipped 2 w_cons parameters to delta_max=0.0300 bound.
2026-08-12 00:22:44 | sleep.weights.plasticity       | INFO  | Hard-clipped 2 w_cons parameters to delta_max=0.0300 bound.
2026-08-12 00:22:44 | sleep.weights.plasticity       | INFO  | Hard-clipped 2 w_cons parameters to delta_max=0.0300 bound.
2026-08-12 00:22:45 | sleep.weights.plasticity       | INFO  | Hard-clipped 2 w_cons parameters to delta_max=0.0300 bound.
2026-08-12 00:22:45 | sleep.weights.plasticity       | INFO  | Hard-clipped 3 w_cons parameters to delta_max=0.0300 bound.
2026-08-12 00:22:46 | sleep.weights.plasticity       | INFO  | Hard-clipped 3 w_cons parameters to delta_max=0.0300 bound.
2026-08-12 00:22:46 | sleep.weights.plasticity       | INFO  | Hard-clipped 3 w_cons parameters to delta_max=0.0300 bound.
2026-08-12 00:22:47 | sleep.weights.plasticity       | INFO  | Hard-clipped 3 w_cons parameters to delta_max=0.0300 bound.
2026-08-12 00:22:48 | sleep.weights.plasticity       | INFO  | Hard-clipped 3 w_cons parameters to delta_max=0.0300 bound.
2026-08-12 00:22:48 | sleep.weights.plasticity       | INFO  | Hard-clipped 3 w_cons parameters to delta_max=0.0300 bound.
2026-08-12 00:22:49 | sleep.weights.plasticity       | INFO  | Hard-clipped 3 w_cons parameters to delta_max=0.0300 bound.
2026-08-12 00:22:49 | sleep.weights.plasticity       | INFO  | Hard-clipped 3 w_cons parameters to delta_max=0.0300 bound.
2026-08-12 00:22:50 | sleep.weights.plasticity       | INFO  | Hard-clipped 3 w_cons parameters to delta_max=0.0300 bound.
2026-08-12 00:22:50 | sleep.weights.plasticity       | INFO  | Hard-clipped 3 w_cons parameters to delta_max=0.0300 bound.
2026-08-12 00:22:51 | sleep.weights.plasticity       | INFO  | Hard-clipped 3 w_cons parameters to delta_max=0.0300 bound.
2026-08-12 00:22:51 | sleep.weights.plasticity       | INFO  | Hard-clipped 3 w_cons parameters to delta_max=0.0300 bound.
2026-08-12 00:22:52 | sleep.weights.plasticity       | INFO  | Hard-clipped 2 w_cons parameters to delta_max=0.0300 bound.
2026-08-12 00:22:52 | sleep.weights.plasticity       | INFO  | Hard-clipped 2 w_cons parameters to delta_max=0.0300 bound.
2026-08-12 00:22:53 | sleep.weights.plasticity       | INFO  | Hard-clipped 2 w_cons parameters to delta_max=0.0300 bound.
2026-08-12 00:22:53 | sleep.weights.plasticity       | INFO  | Hard-clipped 2 w_cons parameters to delta_max=0.0300 bound.
2026-08-12 00:22:54 | sleep.weights.plasticity       | INFO  | Hard-clipped 2 w_cons parameters to delta_max=0.0300 bound.
2026-08-12 00:22:54 | sleep.weights.plasticity       | INFO  | Hard-clipped 2 w_cons parameters to delta_max=0.0300 bound.
2026-08-12 00:22:55 | sleep.weights.plasticity       | INFO  | Hard-clipped 2 w_cons parameters to delta_max=0.0300 bound.
2026-08-12 00:22:56 | sleep.weights.plasticity       | INFO  | Hard-clipped 2 w_cons parameters to delta_max=0.0300 bound.
2026-08-12 00:22:56 | sleep.weights.plasticity       | INFO  | Hard-clipped 2 w_cons parameters to delta_max=0.0300 bound.
2026-08-12 00:22:57 | sleep.weights.plasticity       | INFO  | Hard-clipped 2 w_cons parameters to delta_max=0.0300 bound.
2026-08-12 00:22:57 | sleep.weights.plasticity       | INFO  | Hard-clipped 2 w_cons parameters to delta_max=0.0300 bound.
2026-08-12 00:22:58 | sleep.weights.plasticity       | INFO  | Hard-clipped 2 w_cons parameters to delta_max=0.0300 bound.
2026-08-12 00:22:58 | sleep.weights.plasticity       | INFO  | Hard-clipped 3 w_cons parameters to delta_max=0.0300 bound.
2026-08-12 00:22:59 | sleep.weights.plasticity       | INFO  | Hard-clipped 3 w_cons parameters to delta_max=0.0300 bound.
2026-08-12 00:22:59 | sleep.weights.plasticity       | INFO  | Hard-clipped 3 w_cons parameters to delta_max=0.0300 bound.
2026-08-12 00:22:59 | sleep.sleep_engine.train       | INFO  |   step 240/400 | loss=0.1784 | mean_loss=0.4365 | eta=4 | lr=4.13e-05
2026-08-12 00:23:00 | sleep.weights.plasticity       | INFO  | Hard-clipped 3 w_cons parameters to delta_max=0.0300 bound.
2026-08-12 00:23:00 | sleep.weights.plasticity       | INFO  | Hard-clipped 3 w_cons parameters to delta_max=0.0300 bound.
2026-08-12 00:23:01 | sleep.weights.plasticity       | INFO  | Hard-clipped 3 w_cons parameters to delta_max=0.0300 bound.
2026-08-12 00:23:01 | sleep.weights.plasticity       | INFO  | Hard-clipped 3 w_cons parameters to delta_max=0.0300 bound.
2026-08-12 00:23:02 | sleep.weights.plasticity       | INFO  | Hard-clipped 3 w_cons parameters to delta_max=0.0300 bound.
2026-08-12 00:23:02 | sleep.weights.plasticity       | INFO  | Hard-clipped 3 w_cons parameters to delta_max=0.0300 bound.
2026-08-12 00:23:03 | sleep.weights.plasticity       | INFO  | Hard-clipped 3 w_cons parameters to delta_max=0.0300 bound.
2026-08-12 00:23:04 | sleep.weights.plasticity       | INFO  | Hard-clipped 3 w_cons parameters to delta_max=0.0300 bound.
2026-08-12 00:23:04 | sleep.weights.plasticity       | INFO  | Hard-clipped 3 w_cons parameters to delta_max=0.0300 bound.
2026-08-12 00:23:05 | sleep.weights.plasticity       | INFO  | Hard-clipped 3 w_cons parameters to delta_max=0.0300 bound.
2026-08-12 00:23:05 | sleep.weights.plasticity       | INFO  | Hard-clipped 3 w_cons parameters to delta_max=0.0300 bound.
2026-08-12 00:23:06 | sleep.weights.plasticity       | INFO  | Hard-clipped 3 w_cons parameters to delta_max=0.0300 bound.
2026-08-12 00:23:06 | sleep.weights.plasticity       | INFO  | Hard-clipped 3 w_cons parameters to delta_max=0.0300 bound.
2026-08-12 00:23:07 | sleep.weights.plasticity       | INFO  | Hard-clipped 3 w_cons parameters to delta_max=0.0300 bound.
2026-08-12 00:23:07 | sleep.weights.plasticity       | INFO  | Hard-clipped 3 w_cons parameters to delta_max=0.0300 bound.
2026-08-12 00:23:08 | sleep.weights.plasticity       | INFO  | Hard-clipped 3 w_cons parameters to delta_max=0.0300 bound.
2026-08-12 00:23:08 | sleep.weights.plasticity       | INFO  | Hard-clipped 3 w_cons parameters to delta_max=0.0300 bound.
2026-08-12 00:23:09 | sleep.weights.plasticity       | INFO  | Hard-clipped 3 w_cons parameters to delta_max=0.0300 bound.
2026-08-12 00:23:09 | sleep.weights.plasticity       | INFO  | Hard-clipped 3 w_cons parameters to delta_max=0.0300 bound.
2026-08-12 00:23:10 | sleep.weights.plasticity       | INFO  | Hard-clipped 3 w_cons parameters to delta_max=0.0300 bound.
2026-08-12 00:23:10 | sleep.weights.plasticity       | INFO  | Hard-clipped 3 w_cons parameters to delta_max=0.0300 bound.
2026-08-12 00:23:11 | sleep.weights.plasticity       | INFO  | Hard-clipped 3 w_cons parameters to delta_max=0.0300 bound.
2026-08-12 00:23:12 | sleep.weights.plasticity       | INFO  | Hard-clipped 3 w_cons parameters to delta_max=0.0300 bound.
2026-08-12 00:23:12 | sleep.weights.plasticity       | INFO  | Hard-clipped 3 w_cons parameters to delta_max=0.0300 bound.
2026-08-12 00:23:13 | sleep.weights.plasticity       | INFO  | Hard-clipped 3 w_cons parameters to delta_max=0.0300 bound.
2026-08-12 00:23:13 | sleep.weights.plasticity       | INFO  | Hard-clipped 3 w_cons parameters to delta_max=0.0300 bound.
2026-08-12 00:23:14 | sleep.weights.plasticity       | INFO  | Hard-clipped 3 w_cons parameters to delta_max=0.0300 bound.
2026-08-12 00:23:14 | sleep.weights.plasticity       | INFO  | Hard-clipped 2 w_cons parameters to delta_max=0.0300 bound.
2026-08-12 00:23:15 | sleep.weights.plasticity       | INFO  | Hard-clipped 2 w_cons parameters to delta_max=0.0300 bound.
2026-08-12 00:23:15 | sleep.weights.plasticity       | INFO  | Hard-clipped 2 w_cons parameters to delta_max=0.0300 bound.
2026-08-12 00:23:16 | sleep.weights.plasticity       | INFO  | Hard-clipped 1 w_cons parameters to delta_max=0.0300 bound.
2026-08-12 00:23:16 | sleep.weights.plasticity       | INFO  | Hard-clipped 2 w_cons parameters to delta_max=0.0300 bound.
2026-08-12 00:23:17 | sleep.weights.plasticity       | INFO  | Hard-clipped 2 w_cons parameters to delta_max=0.0300 bound.
2026-08-12 00:23:17 | sleep.weights.plasticity       | INFO  | Hard-clipped 2 w_cons parameters to delta_max=0.0300 bound.
2026-08-12 00:23:18 | sleep.weights.plasticity       | INFO  | Hard-clipped 2 w_cons parameters to delta_max=0.0300 bound.
2026-08-12 00:23:18 | sleep.weights.plasticity       | INFO  | Hard-clipped 2 w_cons parameters to delta_max=0.0300 bound.
2026-08-12 00:23:19 | sleep.weights.plasticity       | INFO  | Hard-clipped 2 w_cons parameters to delta_max=0.0300 bound.
2026-08-12 00:23:19 | sleep.weights.plasticity       | INFO  | Hard-clipped 2 w_cons parameters to delta_max=0.0300 bound.
2026-08-12 00:23:20 | sleep.weights.plasticity       | INFO  | Hard-clipped 2 w_cons parameters to delta_max=0.0300 bound.
2026-08-12 00:23:21 | sleep.weights.plasticity       | INFO  | Hard-clipped 3 w_cons parameters to delta_max=0.0300 bound.
2026-08-12 00:23:21 | sleep.sleep_engine.train       | INFO  |   step 280/400 | loss=0.1742 | mean_loss=0.4000 | eta=4 | lr=2.50e-05
2026-08-12 00:23:21 | sleep.weights.plasticity       | INFO  | Hard-clipped 3 w_cons parameters to delta_max=0.0300 bound.
2026-08-12 00:23:22 | sleep.weights.plasticity       | INFO  | Hard-clipped 3 w_cons parameters to delta_max=0.0300 bound.
2026-08-12 00:23:22 | sleep.weights.plasticity       | INFO  | Hard-clipped 3 w_cons parameters to delta_max=0.0300 bound.
2026-08-12 00:23:23 | sleep.weights.plasticity       | INFO  | Hard-clipped 3 w_cons parameters to delta_max=0.0300 bound.
2026-08-12 00:23:23 | sleep.weights.plasticity       | INFO  | Hard-clipped 3 w_cons parameters to delta_max=0.0300 bound.
2026-08-12 00:23:24 | sleep.weights.plasticity       | INFO  | Hard-clipped 3 w_cons parameters to delta_max=0.0300 bound.
2026-08-12 00:23:24 | sleep.weights.plasticity       | INFO  | Hard-clipped 3 w_cons parameters to delta_max=0.0300 bound.
2026-08-12 00:23:25 | sleep.weights.plasticity       | INFO  | Hard-clipped 3 w_cons parameters to delta_max=0.0300 bound.
2026-08-12 00:23:25 | sleep.weights.plasticity       | INFO  | Hard-clipped 3 w_cons parameters to delta_max=0.0300 bound.
2026-08-12 00:23:26 | sleep.weights.plasticity       | INFO  | Hard-clipped 2 w_cons parameters to delta_max=0.0300 bound.
2026-08-12 00:23:26 | sleep.weights.plasticity       | INFO  | Hard-clipped 2 w_cons parameters to delta_max=0.0300 bound.
2026-08-12 00:23:27 | sleep.weights.plasticity       | INFO  | Hard-clipped 2 w_cons parameters to delta_max=0.0300 bound.
2026-08-12 00:23:27 | sleep.weights.plasticity       | INFO  | Hard-clipped 2 w_cons parameters to delta_max=0.0300 bound.
2026-08-12 00:23:28 | sleep.weights.plasticity       | INFO  | Hard-clipped 2 w_cons parameters to delta_max=0.0300 bound.
2026-08-12 00:23:28 | sleep.weights.plasticity       | INFO  | Hard-clipped 3 w_cons parameters to delta_max=0.0300 bound.
2026-08-12 00:23:29 | sleep.weights.plasticity       | INFO  | Hard-clipped 1 w_cons parameters to delta_max=0.0300 bound.
2026-08-12 00:23:29 | sleep.weights.plasticity       | INFO  | Hard-clipped 1 w_cons parameters to delta_max=0.0300 bound.
2026-08-12 00:23:30 | sleep.weights.plasticity       | INFO  | Hard-clipped 2 w_cons parameters to delta_max=0.0300 bound.
2026-08-12 00:23:30 | sleep.weights.plasticity       | INFO  | Hard-clipped 3 w_cons parameters to delta_max=0.0300 bound.
2026-08-12 00:23:31 | sleep.weights.plasticity       | INFO  | Hard-clipped 3 w_cons parameters to delta_max=0.0300 bound.
2026-08-12 00:23:31 | sleep.weights.plasticity       | INFO  | Hard-clipped 3 w_cons parameters to delta_max=0.0300 bound.
2026-08-12 00:23:32 | sleep.weights.plasticity       | INFO  | Hard-clipped 3 w_cons parameters to delta_max=0.0300 bound.
2026-08-12 00:23:33 | sleep.weights.plasticity       | INFO  | Hard-clipped 3 w_cons parameters to delta_max=0.0300 bound.
2026-08-12 00:23:33 | sleep.weights.plasticity       | INFO  | Hard-clipped 3 w_cons parameters to delta_max=0.0300 bound.
2026-08-12 00:23:34 | sleep.weights.plasticity       | INFO  | Hard-clipped 3 w_cons parameters to delta_max=0.0300 bound.
2026-08-12 00:23:34 | sleep.weights.plasticity       | INFO  | Hard-clipped 3 w_cons parameters to delta_max=0.0300 bound.
2026-08-12 00:23:35 | sleep.weights.plasticity       | INFO  | Hard-clipped 2 w_cons parameters to delta_max=0.0300 bound.
2026-08-12 00:23:35 | sleep.weights.plasticity       | INFO  | Hard-clipped 2 w_cons parameters to delta_max=0.0300 bound.
2026-08-12 00:23:36 | sleep.weights.plasticity       | INFO  | Hard-clipped 2 w_cons parameters to delta_max=0.0300 bound.
2026-08-12 00:23:36 | sleep.weights.plasticity       | INFO  | Hard-clipped 2 w_cons parameters to delta_max=0.0300 bound.
2026-08-12 00:23:37 | sleep.weights.plasticity       | INFO  | Hard-clipped 2 w_cons parameters to delta_max=0.0300 bound.
2026-08-12 00:23:37 | sleep.weights.plasticity       | INFO  | Hard-clipped 2 w_cons parameters to delta_max=0.0300 bound.
2026-08-12 00:23:38 | sleep.weights.plasticity       | INFO  | Hard-clipped 2 w_cons parameters to delta_max=0.0300 bound.
2026-08-12 00:23:38 | sleep.weights.plasticity       | INFO  | Hard-clipped 2 w_cons parameters to delta_max=0.0300 bound.
2026-08-12 00:23:39 | sleep.weights.plasticity       | INFO  | Hard-clipped 3 w_cons parameters to delta_max=0.0300 bound.
2026-08-12 00:23:39 | sleep.weights.plasticity       | INFO  | Hard-clipped 3 w_cons parameters to delta_max=0.0300 bound.
2026-08-12 00:23:40 | sleep.weights.plasticity       | INFO  | Hard-clipped 3 w_cons parameters to delta_max=0.0300 bound.
2026-08-12 00:23:41 | sleep.weights.plasticity       | INFO  | Hard-clipped 3 w_cons parameters to delta_max=0.0300 bound.
2026-08-12 00:23:41 | sleep.weights.plasticity       | INFO  | Hard-clipped 2 w_cons parameters to delta_max=0.0300 bound.
2026-08-12 00:23:42 | sleep.weights.plasticity       | INFO  | Hard-clipped 3 w_cons parameters to delta_max=0.0300 bound.
2026-08-12 00:23:42 | sleep.sleep_engine.train       | INFO  |   step 320/400 | loss=0.1782 | mean_loss=0.3722 | eta=9 | lr=1.17e-05
2026-08-12 00:23:42 | sleep.weights.plasticity       | INFO  | Hard-clipped 3 w_cons parameters to delta_max=0.0300 bound.
2026-08-12 00:23:43 | sleep.weights.plasticity       | INFO  | Hard-clipped 3 w_cons parameters to delta_max=0.0300 bound.
2026-08-12 00:23:43 | sleep.weights.plasticity       | INFO  | Hard-clipped 3 w_cons parameters to delta_max=0.0300 bound.
2026-08-12 00:23:44 | sleep.weights.plasticity       | INFO  | Hard-clipped 3 w_cons parameters to delta_max=0.0300 bound.
2026-08-12 00:23:44 | sleep.weights.plasticity       | INFO  | Hard-clipped 3 w_cons parameters to delta_max=0.0300 bound.
2026-08-12 00:23:45 | sleep.weights.plasticity       | INFO  | Hard-clipped 2 w_cons parameters to delta_max=0.0300 bound.
2026-08-12 00:23:45 | sleep.weights.plasticity       | INFO  | Hard-clipped 2 w_cons parameters to delta_max=0.0300 bound.
2026-08-12 00:23:46 | sleep.weights.plasticity       | INFO  | Hard-clipped 1 w_cons parameters to delta_max=0.0300 bound.
2026-08-12 00:23:46 | sleep.weights.plasticity       | INFO  | Hard-clipped 2 w_cons parameters to delta_max=0.0300 bound.
2026-08-12 00:23:47 | sleep.weights.plasticity       | INFO  | Hard-clipped 2 w_cons parameters to delta_max=0.0300 bound.
2026-08-12 00:23:47 | sleep.weights.plasticity       | INFO  | Hard-clipped 2 w_cons parameters to delta_max=0.0300 bound.
2026-08-12 00:23:48 | sleep.weights.plasticity       | INFO  | Hard-clipped 2 w_cons parameters to delta_max=0.0300 bound.
2026-08-12 00:23:49 | sleep.weights.plasticity       | INFO  | Hard-clipped 2 w_cons parameters to delta_max=0.0300 bound.
2026-08-12 00:23:49 | sleep.weights.plasticity       | INFO  | Hard-clipped 2 w_cons parameters to delta_max=0.0300 bound.
2026-08-12 00:23:50 | sleep.weights.plasticity       | INFO  | Hard-clipped 2 w_cons parameters to delta_max=0.0300 bound.
2026-08-12 00:23:50 | sleep.weights.plasticity       | INFO  | Hard-clipped 2 w_cons parameters to delta_max=0.0300 bound.
2026-08-12 00:23:51 | sleep.weights.plasticity       | INFO  | Hard-clipped 2 w_cons parameters to delta_max=0.0300 bound.
2026-08-12 00:23:51 | sleep.weights.plasticity       | INFO  | Hard-clipped 2 w_cons parameters to delta_max=0.0300 bound.
2026-08-12 00:23:52 | sleep.weights.plasticity       | INFO  | Hard-clipped 2 w_cons parameters to delta_max=0.0300 bound.
2026-08-12 00:23:52 | sleep.weights.plasticity       | INFO  | Hard-clipped 2 w_cons parameters to delta_max=0.0300 bound.
2026-08-12 00:23:53 | sleep.weights.plasticity       | INFO  | Hard-clipped 1 w_cons parameters to delta_max=0.0300 bound.
2026-08-12 00:23:53 | sleep.weights.plasticity       | INFO  | Hard-clipped 1 w_cons parameters to delta_max=0.0300 bound.
2026-08-12 00:23:54 | sleep.weights.plasticity       | INFO  | Hard-clipped 1 w_cons parameters to delta_max=0.0300 bound.
2026-08-12 00:23:54 | sleep.weights.plasticity       | INFO  | Hard-clipped 1 w_cons parameters to delta_max=0.0300 bound.
2026-08-12 00:23:55 | sleep.weights.plasticity       | INFO  | Hard-clipped 1 w_cons parameters to delta_max=0.0300 bound.
2026-08-12 00:23:55 | sleep.weights.plasticity       | INFO  | Hard-clipped 1 w_cons parameters to delta_max=0.0300 bound.
2026-08-12 00:23:56 | sleep.weights.plasticity       | INFO  | Hard-clipped 1 w_cons parameters to delta_max=0.0300 bound.
2026-08-12 00:23:57 | sleep.weights.plasticity       | INFO  | Hard-clipped 1 w_cons parameters to delta_max=0.0300 bound.
2026-08-12 00:23:58 | sleep.weights.plasticity       | INFO  | Hard-clipped 1 w_cons parameters to delta_max=0.0300 bound.
2026-08-12 00:23:59 | sleep.weights.plasticity       | INFO  | Hard-clipped 1 w_cons parameters to delta_max=0.0300 bound.
2026-08-12 00:23:59 | sleep.weights.plasticity       | INFO  | Hard-clipped 2 w_cons parameters to delta_max=0.0300 bound.
2026-08-12 00:24:00 | sleep.weights.plasticity       | INFO  | Hard-clipped 2 w_cons parameters to delta_max=0.0300 bound.
2026-08-12 00:24:00 | sleep.weights.plasticity       | INFO  | Hard-clipped 2 w_cons parameters to delta_max=0.0300 bound.
2026-08-12 00:24:01 | sleep.weights.plasticity       | INFO  | Hard-clipped 3 w_cons parameters to delta_max=0.0300 bound.
2026-08-12 00:24:01 | sleep.weights.plasticity       | INFO  | Hard-clipped 3 w_cons parameters to delta_max=0.0300 bound.
2026-08-12 00:24:02 | sleep.weights.plasticity       | INFO  | Hard-clipped 3 w_cons parameters to delta_max=0.0300 bound.
2026-08-12 00:24:02 | sleep.weights.plasticity       | INFO  | Hard-clipped 3 w_cons parameters to delta_max=0.0300 bound.
2026-08-12 00:24:03 | sleep.weights.plasticity       | INFO  | Hard-clipped 3 w_cons parameters to delta_max=0.0300 bound.
2026-08-12 00:24:03 | sleep.sleep_engine.train       | INFO  |   step 360/400 | loss=0.1722 | mean_loss=0.3504 | eta=9 | lr=3.02e-06
2026-08-12 00:24:03 | sleep.weights.plasticity       | INFO  | Hard-clipped 3 w_cons parameters to delta_max=0.0300 bound.
2026-08-12 00:24:04 | sleep.weights.plasticity       | INFO  | Hard-clipped 3 w_cons parameters to delta_max=0.0300 bound.
2026-08-12 00:24:05 | sleep.weights.plasticity       | INFO  | Hard-clipped 3 w_cons parameters to delta_max=0.0300 bound.
2026-08-12 00:24:05 | sleep.weights.plasticity       | INFO  | Hard-clipped 2 w_cons parameters to delta_max=0.0300 bound.
2026-08-12 00:24:06 | sleep.weights.plasticity       | INFO  | Hard-clipped 2 w_cons parameters to delta_max=0.0300 bound.
2026-08-12 00:24:06 | sleep.weights.plasticity       | INFO  | Hard-clipped 3 w_cons parameters to delta_max=0.0300 bound.
2026-08-12 00:24:07 | sleep.weights.plasticity       | INFO  | Hard-clipped 3 w_cons parameters to delta_max=0.0300 bound.
2026-08-12 00:24:07 | sleep.weights.plasticity       | INFO  | Hard-clipped 3 w_cons parameters to delta_max=0.0300 bound.
2026-08-12 00:24:08 | sleep.weights.plasticity       | INFO  | Hard-clipped 2 w_cons parameters to delta_max=0.0300 bound.
2026-08-12 00:24:08 | sleep.weights.plasticity       | INFO  | Hard-clipped 3 w_cons parameters to delta_max=0.0300 bound.
2026-08-12 00:24:09 | sleep.weights.plasticity       | INFO  | Hard-clipped 3 w_cons parameters to delta_max=0.0300 bound.
2026-08-12 00:24:09 | sleep.weights.plasticity       | INFO  | Hard-clipped 1 w_cons parameters to delta_max=0.0300 bound.
2026-08-12 00:24:10 | sleep.weights.plasticity       | INFO  | Hard-clipped 1 w_cons parameters to delta_max=0.0300 bound.
2026-08-12 00:24:10 | sleep.weights.plasticity       | INFO  | Hard-clipped 1 w_cons parameters to delta_max=0.0300 bound.
2026-08-12 00:24:11 | sleep.weights.plasticity       | INFO  | Hard-clipped 1 w_cons parameters to delta_max=0.0300 bound.
2026-08-12 00:24:11 | sleep.weights.plasticity       | INFO  | Hard-clipped 1 w_cons parameters to delta_max=0.0300 bound.
2026-08-12 00:24:12 | sleep.weights.plasticity       | INFO  | Hard-clipped 1 w_cons parameters to delta_max=0.0300 bound.
2026-08-12 00:24:12 | sleep.weights.plasticity       | INFO  | Hard-clipped 1 w_cons parameters to delta_max=0.0300 bound.
2026-08-12 00:24:13 | sleep.weights.plasticity       | INFO  | Hard-clipped 1 w_cons parameters to delta_max=0.0300 bound.
2026-08-12 00:24:14 | sleep.weights.plasticity       | INFO  | Hard-clipped 1 w_cons parameters to delta_max=0.0300 bound.
2026-08-12 00:24:14 | sleep.weights.plasticity       | INFO  | Hard-clipped 1 w_cons parameters to delta_max=0.0300 bound.
2026-08-12 00:24:15 | sleep.weights.plasticity       | INFO  | Hard-clipped 2 w_cons parameters to delta_max=0.0300 bound.
2026-08-12 00:24:15 | sleep.weights.plasticity       | INFO  | Hard-clipped 2 w_cons parameters to delta_max=0.0300 bound.
2026-08-12 00:24:16 | sleep.weights.plasticity       | INFO  | Hard-clipped 2 w_cons parameters to delta_max=0.0300 bound.
2026-08-12 00:24:16 | sleep.weights.plasticity       | INFO  | Hard-clipped 2 w_cons parameters to delta_max=0.0300 bound.
2026-08-12 00:24:17 | sleep.weights.plasticity       | INFO  | Hard-clipped 1 w_cons parameters to delta_max=0.0300 bound.
2026-08-12 00:24:17 | sleep.weights.plasticity       | INFO  | Hard-clipped 1 w_cons parameters to delta_max=0.0300 bound.
2026-08-12 00:24:18 | sleep.weights.plasticity       | INFO  | Hard-clipped 1 w_cons parameters to delta_max=0.0300 bound.
2026-08-12 00:24:18 | sleep.weights.plasticity       | INFO  | Hard-clipped 1 w_cons parameters to delta_max=0.0300 bound.
2026-08-12 00:24:19 | sleep.weights.plasticity       | INFO  | Hard-clipped 1 w_cons parameters to delta_max=0.0300 bound.
2026-08-12 00:24:19 | sleep.weights.plasticity       | INFO  | Hard-clipped 1 w_cons parameters to delta_max=0.0300 bound.
2026-08-12 00:24:20 | sleep.weights.plasticity       | INFO  | Hard-clipped 1 w_cons parameters to delta_max=0.0300 bound.
2026-08-12 00:24:21 | sleep.weights.plasticity       | INFO  | Hard-clipped 1 w_cons parameters to delta_max=0.0300 bound.
2026-08-12 00:24:21 | sleep.weights.plasticity       | INFO  | Hard-clipped 1 w_cons parameters to delta_max=0.0300 bound.
2026-08-12 00:24:22 | sleep.weights.plasticity       | INFO  | Hard-clipped 1 w_cons parameters to delta_max=0.0300 bound.
2026-08-12 00:24:23 | sleep.weights.plasticity       | INFO  | Hard-clipped 1 w_cons parameters to delta_max=0.0300 bound.
2026-08-12 00:24:24 | sleep.weights.plasticity       | INFO  | Hard-clipped 1 w_cons parameters to delta_max=0.0300 bound.
2026-08-12 00:24:24 | sleep.sleep_engine.train       | INFO  |   step 400/400 | loss=0.1753 | mean_loss=0.3331 | eta=9 | lr=0.00e+00
2026-08-12 00:24:24 | sleep.sleep_engine.train       | INFO  | Sleep training complete | n_steps=400 | final_loss=0.1753 | mean_loss=0.3331
2026-08-12 00:24:24 | sleep.metrics                  | INFO  | summary | {'sleep_train/final_loss': 0.17534813284873962, 'sleep_train/mean_loss': 0.33308519996702673, 'sleep_train/n_steps': 400}
2026-08-12 00:24:24 | sleep.sleep_engine             | INFO  | Phase 3 complete: 400 steps, final_loss=0.1753, mean_loss=0.3331
2026-08-12 00:24:24 | sleep.sleep_engine             | INFO  | Phase 4/5: PPL CHECK (skipped — no benchmark data)
2026-08-12 00:24:24 | sleep.sleep_engine             | INFO  | Phase 5/5: VALIDATE & CLEANUP
2026-08-12 00:24:24 | sleep.weights.plasticity       | INFO  | Saved checkpoint for adapter 'w_cons': 44 parameters.
2026-08-12 00:24:24 | sleep.weights.plasticity       | INFO  | Restored 44 parameters for adapter 'w_cons' from checkpoint.
2026-08-12 00:24:25 | sleep.weights.plasticity       | INFO  | Restored 44 parameters for adapter 'w_cons' from checkpoint.
2026-08-12 00:24:30 | sleep.sleep_engine             | INFO  | Two-stage validation: 5/11 passed surprise, 2 also passed the mini-recall gate (self-grading gap = 3)
2026-08-12 00:24:30 | sleep.sleep_engine.cleanup     | INFO  | Cleanup complete | passed=2 | failed=9 | permanently_removed=0
2026-08-12 00:24:30 | sleep.sleep_engine             | INFO  | Phase 5 complete: consolidated=2, failed=9, permanently_removed=0
2026-08-12 00:24:30 | sleep.metrics                  | INFO  | summary | {'sleep_engine/n_candidates': 11, 'sleep_engine/n_replays_generated': 135, 'sleep_engine/n_replays_accepted': 135, 'sleep_engine/n_consolidated': 2, 'sleep_engine/n_failed': 9, 'sleep_engine/n_permanently_removed': 0, 'sleep_engine/rolled_back': False}
2026-08-12 00:24:30 | sleep.weights.kv_memory        | INFO  | bank cleared: freed 10 tags / 402 tokens
2026-08-12 00:24:30 | sleep.sleep_engine             | INFO  | KV bank cleared (10 entries removed)
2026-08-12 00:24:30 | sleep.sleep_engine             | INFO  | KV memory injection: ENABLED
2026-08-12 00:24:30 | sleep.sleep_engine             | INFO  | === Sleep cycle END ===
2026-08-12 00:25:44 | sleep.evaluation.recall        | INFO  | Recall evaluation: DRA=0.0722 across 60 cases
2026-08-12 00:26:08 | sleep.evaluation.recall        | INFO  | Recall evaluation: DRA=0.1500 across 20 cases
2026-08-12 00:26:08 | sleep.evaluation.preservation  | INFO  | Perplexity evaluation: PPL=30.3143 (mean_loss=3.4116, 53 tokens)
2026-08-12 00:26:08 | sleep.evaluation.preservation  | INFO  | BCP: 5.4916 (current_ppl=30.3143, original_ppl=5.5201)
2026-08-12 00:26:08 | sleep.experiment.08            | INFO  | [sleep Cycle 3 EVAL] DRA cumulative=0.072 (7/60 hits); DRA current=0.150 (3/20 hits); BCP=5.4916
2026-08-12 00:26:08 | sleep.experiment.08            | INFO  | ======================================================================
2026-08-12 00:26:08 | sleep.experiment.08            | INFO  | [SLEEP Cycle 4] Wake phase: 20 facts
2026-08-12 00:26:08 | sleep.experiment.08            | INFO  | ======================================================================
2026-08-12 00:26:08 | sleep.tagging                  | INFO  | step=61 | 2 tags created from 2 spans | buffer: 33/40151 (0.1%)
2026-08-12 00:26:08 | sleep.tagging                  | INFO  | step=64 | 1 tags created from 1 spans | buffer: 34/40151 (0.1%)
2026-08-12 00:26:09 | sleep.tagging                  | INFO  | step=66 | 1 tags created from 1 spans | buffer: 35/40151 (0.1%)
2026-08-12 00:26:09 | sleep.tagging                  | INFO  | step=67 | 2 tags created from 2 spans | buffer: 37/40151 (0.1%)
2026-08-12 00:26:09 | sleep.tagging                  | INFO  | step=68 | 1 tags created from 1 spans | buffer: 38/40151 (0.1%)
2026-08-12 00:26:09 | sleep.tagging                  | INFO  | step=69 | 1 tags created from 1 spans | buffer: 39/40151 (0.1%)
2026-08-12 00:26:09 | sleep.tagging                  | INFO  | step=71 | 1 tags created from 1 spans | buffer: 40/40151 (0.1%)
2026-08-12 00:26:09 | sleep.tagging                  | INFO  | step=74 | 1 tags created from 1 spans | buffer: 41/40151 (0.1%)
2026-08-12 00:26:09 | sleep.tagging                  | INFO  | step=76 | 1 tags created from 1 spans | buffer: 42/40151 (0.1%)
2026-08-12 00:26:09 | sleep.tagging                  | INFO  | step=77 | 1 tags created from 1 spans | buffer: 43/40151 (0.1%)
2026-08-12 00:26:09 | sleep.tagging                  | INFO  | step=79 | 1 tags created from 1 spans | buffer: 44/40151 (0.1%)
2026-08-12 00:26:09 | sleep.experiment.08            | INFO  | [Cycle 4] Wake summary: 20 facts -> 11 KV writes; bank: 433/20000 tokens
2026-08-12 00:26:09 | sleep.prp                      | INFO  | step=80 | PRP update: 11/4015 allocated (0%) | +9 -0 | threshold=0.268 | mean_score=0.239
2026-08-12 00:26:09 | sleep.experiment.08            | INFO  | [Cycle 4] PRP: 11 allocated, 11 consolidation candidates
2026-08-12 00:26:09 | sleep.sleep_engine             | INFO  | === Sleep cycle START | 11 candidates ===
2026-08-12 00:26:09 | sleep.sleep_engine             | INFO  | Phase 1/5: GENERATE (strategy=paraphrase)
2026-08-12 00:26:09 | sleep.sleep_engine             | INFO  | KV memory injection: DISABLED
2026-08-12 00:26:10 | sleep.sleep_engine             | INFO  | Phase 1 (paraphrase strategy): 157 wordings from 7 unique sources (11 candidates)
2026-08-12 00:26:10 | sleep.sleep_engine             | INFO  | Phase 1 complete: 157/11 replays generated
2026-08-12 00:26:10 | sleep.sleep_engine             | INFO  | Phase 2/5: QUALITY CHECK
2026-08-12 00:26:10 | sleep.sleep_engine             | INFO  | Phase 2 complete: 157/157 replays accepted
2026-08-12 00:26:10 | sleep.sleep_engine             | INFO  | Phase 3/5: TRAIN (157 accepted replays)
2026-08-12 00:26:10 | sleep.sleep_engine             | INFO  | KV memory injection: DISABLED
2026-08-12 00:26:10 | sleep.weights.plasticity       | INFO  | Saved checkpoint for adapter 'w_cons': 44 parameters.
2026-08-12 00:26:10 | sleep.weights.plasticity       | INFO  | Saved checkpoint for adapter 'w_cons': 44 parameters.
2026-08-12 00:26:10 | sleep.sleep_engine.train       | INFO  | Starting sleep training | n_steps=400 | n_replay=157 | lr=1.00e-04 | device=cuda
2026-08-12 00:26:30 | sleep.sleep_engine.train       | INFO  |   step 40/400 | loss=0.2972 | mean_loss=1.7551 | eta=9 | lr=1.00e-04
2026-08-12 00:26:49 | sleep.weights.plasticity       | INFO  | Hard-clipped 1 w_cons parameters to delta_max=0.0300 bound.
2026-08-12 00:26:50 | sleep.weights.plasticity       | INFO  | Hard-clipped 1 w_cons parameters to delta_max=0.0300 bound.
2026-08-12 00:26:50 | sleep.weights.plasticity       | INFO  | Hard-clipped 1 w_cons parameters to delta_max=0.0300 bound.
2026-08-12 00:26:51 | sleep.weights.plasticity       | INFO  | Hard-clipped 1 w_cons parameters to delta_max=0.0300 bound.
2026-08-12 00:26:51 | sleep.sleep_engine.train       | INFO  |   step 80/400 | loss=0.1947 | mean_loss=0.9901 | eta=9 | lr=9.70e-05
2026-08-12 00:26:51 | sleep.weights.plasticity       | INFO  | Hard-clipped 1 w_cons parameters to delta_max=0.0300 bound.
2026-08-12 00:26:52 | sleep.weights.plasticity       | INFO  | Hard-clipped 1 w_cons parameters to delta_max=0.0300 bound.
2026-08-12 00:26:52 | sleep.weights.plasticity       | INFO  | Hard-clipped 1 w_cons parameters to delta_max=0.0300 bound.
2026-08-12 00:26:53 | sleep.weights.plasticity       | INFO  | Hard-clipped 1 w_cons parameters to delta_max=0.0300 bound.
2026-08-12 00:26:53 | sleep.weights.plasticity       | INFO  | Hard-clipped 1 w_cons parameters to delta_max=0.0300 bound.
2026-08-12 00:26:54 | sleep.weights.plasticity       | INFO  | Hard-clipped 1 w_cons parameters to delta_max=0.0300 bound.
2026-08-12 00:26:55 | sleep.weights.plasticity       | INFO  | Hard-clipped 1 w_cons parameters to delta_max=0.0300 bound.
2026-08-12 00:26:55 | sleep.weights.plasticity       | INFO  | Hard-clipped 1 w_cons parameters to delta_max=0.0300 bound.
2026-08-12 00:26:56 | sleep.weights.plasticity       | INFO  | Hard-clipped 1 w_cons parameters to delta_max=0.0300 bound.
2026-08-12 00:26:56 | sleep.weights.plasticity       | INFO  | Hard-clipped 1 w_cons parameters to delta_max=0.0300 bound.
2026-08-12 00:26:57 | sleep.weights.plasticity       | INFO  | Hard-clipped 1 w_cons parameters to delta_max=0.0300 bound.
2026-08-12 00:26:57 | sleep.weights.plasticity       | INFO  | Hard-clipped 1 w_cons parameters to delta_max=0.0300 bound.
2026-08-12 00:26:58 | sleep.weights.plasticity       | INFO  | Hard-clipped 1 w_cons parameters to delta_max=0.0300 bound.
2026-08-12 00:26:58 | sleep.weights.plasticity       | INFO  | Hard-clipped 1 w_cons parameters to delta_max=0.0300 bound.
2026-08-12 00:26:59 | sleep.weights.plasticity       | INFO  | Hard-clipped 1 w_cons parameters to delta_max=0.0300 bound.
2026-08-12 00:26:59 | sleep.weights.plasticity       | INFO  | Hard-clipped 1 w_cons parameters to delta_max=0.0300 bound.
2026-08-12 00:27:00 | sleep.weights.plasticity       | INFO  | Hard-clipped 1 w_cons parameters to delta_max=0.0300 bound.
2026-08-12 00:27:00 | sleep.weights.plasticity       | INFO  | Hard-clipped 1 w_cons parameters to delta_max=0.0300 bound.
2026-08-12 00:27:01 | sleep.weights.plasticity       | INFO  | Hard-clipped 1 w_cons parameters to delta_max=0.0300 bound.
2026-08-12 00:27:01 | sleep.weights.plasticity       | INFO  | Hard-clipped 1 w_cons parameters to delta_max=0.0300 bound.
2026-08-12 00:27:02 | sleep.weights.plasticity       | INFO  | Hard-clipped 1 w_cons parameters to delta_max=0.0300 bound.
2026-08-12 00:27:02 | sleep.weights.plasticity       | INFO  | Hard-clipped 1 w_cons parameters to delta_max=0.0300 bound.
2026-08-12 00:27:03 | sleep.weights.plasticity       | INFO  | Hard-clipped 2 w_cons parameters to delta_max=0.0300 bound.
2026-08-12 00:27:03 | sleep.weights.plasticity       | INFO  | Hard-clipped 2 w_cons parameters to delta_max=0.0300 bound.
2026-08-12 00:27:04 | sleep.weights.plasticity       | INFO  | Hard-clipped 2 w_cons parameters to delta_max=0.0300 bound.
2026-08-12 00:27:04 | sleep.weights.plasticity       | INFO  | Hard-clipped 2 w_cons parameters to delta_max=0.0300 bound.
2026-08-12 00:27:05 | sleep.weights.plasticity       | INFO  | Hard-clipped 2 w_cons parameters to delta_max=0.0300 bound.
2026-08-12 00:27:05 | sleep.weights.plasticity       | INFO  | Hard-clipped 2 w_cons parameters to delta_max=0.0300 bound.
2026-08-12 00:27:06 | sleep.weights.plasticity       | INFO  | Hard-clipped 2 w_cons parameters to delta_max=0.0300 bound.
2026-08-12 00:27:06 | sleep.weights.plasticity       | INFO  | Hard-clipped 2 w_cons parameters to delta_max=0.0300 bound.
2026-08-12 00:27:07 | sleep.weights.plasticity       | INFO  | Hard-clipped 2 w_cons parameters to delta_max=0.0300 bound.
2026-08-12 00:27:07 | sleep.weights.plasticity       | INFO  | Hard-clipped 2 w_cons parameters to delta_max=0.0300 bound.
2026-08-12 00:27:08 | sleep.weights.plasticity       | INFO  | Hard-clipped 2 w_cons parameters to delta_max=0.0300 bound.
2026-08-12 00:27:08 | sleep.weights.plasticity       | INFO  | Hard-clipped 2 w_cons parameters to delta_max=0.0300 bound.
2026-08-12 00:27:09 | sleep.weights.plasticity       | INFO  | Hard-clipped 2 w_cons parameters to delta_max=0.0300 bound.
2026-08-12 00:27:10 | sleep.weights.plasticity       | INFO  | Hard-clipped 2 w_cons parameters to delta_max=0.0300 bound.
2026-08-12 00:27:10 | sleep.weights.plasticity       | INFO  | Hard-clipped 2 w_cons parameters to delta_max=0.0300 bound.
2026-08-12 00:27:11 | sleep.weights.plasticity       | INFO  | Hard-clipped 2 w_cons parameters to delta_max=0.0300 bound.
2026-08-12 00:27:11 | sleep.weights.plasticity       | INFO  | Hard-clipped 2 w_cons parameters to delta_max=0.0300 bound.
2026-08-12 00:27:12 | sleep.weights.plasticity       | INFO  | Hard-clipped 2 w_cons parameters to delta_max=0.0300 bound.
2026-08-12 00:27:12 | sleep.sleep_engine.train       | INFO  |   step 120/400 | loss=0.1962 | mean_loss=0.7259 | eta=4 | lr=8.83e-05
2026-08-12 00:27:12 | sleep.weights.plasticity       | INFO  | Hard-clipped 2 w_cons parameters to delta_max=0.0300 bound.
2026-08-12 00:27:13 | sleep.weights.plasticity       | INFO  | Hard-clipped 2 w_cons parameters to delta_max=0.0300 bound.
2026-08-12 00:27:13 | sleep.weights.plasticity       | INFO  | Hard-clipped 2 w_cons parameters to delta_max=0.0300 bound.
2026-08-12 00:27:14 | sleep.weights.plasticity       | INFO  | Hard-clipped 2 w_cons parameters to delta_max=0.0300 bound.
2026-08-12 00:27:14 | sleep.weights.plasticity       | INFO  | Hard-clipped 2 w_cons parameters to delta_max=0.0300 bound.
2026-08-12 00:27:15 | sleep.weights.plasticity       | INFO  | Hard-clipped 2 w_cons parameters to delta_max=0.0300 bound.
2026-08-12 00:27:15 | sleep.weights.plasticity       | INFO  | Hard-clipped 1 w_cons parameters to delta_max=0.0300 bound.
2026-08-12 00:27:16 | sleep.weights.plasticity       | INFO  | Hard-clipped 1 w_cons parameters to delta_max=0.0300 bound.
2026-08-12 00:27:16 | sleep.weights.plasticity       | INFO  | Hard-clipped 1 w_cons parameters to delta_max=0.0300 bound.
2026-08-12 00:27:17 | sleep.weights.plasticity       | INFO  | Hard-clipped 1 w_cons parameters to delta_max=0.0300 bound.
2026-08-12 00:27:17 | sleep.weights.plasticity       | INFO  | Hard-clipped 1 w_cons parameters to delta_max=0.0300 bound.
2026-08-12 00:27:18 | sleep.weights.plasticity       | INFO  | Hard-clipped 1 w_cons parameters to delta_max=0.0300 bound.
2026-08-12 00:27:18 | sleep.weights.plasticity       | INFO  | Hard-clipped 1 w_cons parameters to delta_max=0.0300 bound.
2026-08-12 00:27:19 | sleep.weights.plasticity       | INFO  | Hard-clipped 1 w_cons parameters to delta_max=0.0300 bound.
2026-08-12 00:27:19 | sleep.weights.plasticity       | INFO  | Hard-clipped 1 w_cons parameters to delta_max=0.0300 bound.
2026-08-12 00:27:20 | sleep.weights.plasticity       | INFO  | Hard-clipped 1 w_cons parameters to delta_max=0.0300 bound.
2026-08-12 00:27:20 | sleep.weights.plasticity       | INFO  | Hard-clipped 1 w_cons parameters to delta_max=0.0300 bound.
2026-08-12 00:27:21 | sleep.weights.plasticity       | INFO  | Hard-clipped 1 w_cons parameters to delta_max=0.0300 bound.
2026-08-12 00:27:21 | sleep.weights.plasticity       | INFO  | Hard-clipped 1 w_cons parameters to delta_max=0.0300 bound.
2026-08-12 00:27:22 | sleep.weights.plasticity       | INFO  | Hard-clipped 1 w_cons parameters to delta_max=0.0300 bound.
2026-08-12 00:27:22 | sleep.weights.plasticity       | INFO  | Hard-clipped 1 w_cons parameters to delta_max=0.0300 bound.
2026-08-12 00:27:23 | sleep.weights.plasticity       | INFO  | Hard-clipped 1 w_cons parameters to delta_max=0.0300 bound.
2026-08-12 00:27:24 | sleep.weights.plasticity       | INFO  | Hard-clipped 1 w_cons parameters to delta_max=0.0300 bound.
2026-08-12 00:27:24 | sleep.weights.plasticity       | INFO  | Hard-clipped 1 w_cons parameters to delta_max=0.0300 bound.
2026-08-12 00:27:25 | sleep.weights.plasticity       | INFO  | Hard-clipped 1 w_cons parameters to delta_max=0.0300 bound.
2026-08-12 00:27:25 | sleep.weights.plasticity       | INFO  | Hard-clipped 1 w_cons parameters to delta_max=0.0300 bound.
2026-08-12 00:27:26 | sleep.weights.plasticity       | INFO  | Hard-clipped 1 w_cons parameters to delta_max=0.0300 bound.
2026-08-12 00:27:26 | sleep.weights.plasticity       | INFO  | Hard-clipped 1 w_cons parameters to delta_max=0.0300 bound.
2026-08-12 00:27:27 | sleep.weights.plasticity       | INFO  | Hard-clipped 1 w_cons parameters to delta_max=0.0300 bound.
2026-08-12 00:27:27 | sleep.weights.plasticity       | INFO  | Hard-clipped 1 w_cons parameters to delta_max=0.0300 bound.
2026-08-12 00:27:28 | sleep.weights.plasticity       | INFO  | Hard-clipped 1 w_cons parameters to delta_max=0.0300 bound.
2026-08-12 00:27:28 | sleep.weights.plasticity       | INFO  | Hard-clipped 1 w_cons parameters to delta_max=0.0300 bound.
2026-08-12 00:27:29 | sleep.weights.plasticity       | INFO  | Hard-clipped 1 w_cons parameters to delta_max=0.0300 bound.
2026-08-12 00:27:29 | sleep.weights.plasticity       | INFO  | Hard-clipped 2 w_cons parameters to delta_max=0.0300 bound.
2026-08-12 00:27:30 | sleep.weights.plasticity       | INFO  | Hard-clipped 2 w_cons parameters to delta_max=0.0300 bound.
2026-08-12 00:27:30 | sleep.weights.plasticity       | INFO  | Hard-clipped 2 w_cons parameters to delta_max=0.0300 bound.
2026-08-12 00:27:31 | sleep.weights.plasticity       | INFO  | Hard-clipped 2 w_cons parameters to delta_max=0.0300 bound.
2026-08-12 00:27:31 | sleep.weights.plasticity       | INFO  | Hard-clipped 2 w_cons parameters to delta_max=0.0300 bound.
2026-08-12 00:27:32 | sleep.weights.plasticity       | INFO  | Hard-clipped 2 w_cons parameters to delta_max=0.0300 bound.
2026-08-12 00:27:32 | sleep.weights.plasticity       | INFO  | Hard-clipped 2 w_cons parameters to delta_max=0.0300 bound.
2026-08-12 00:27:32 | sleep.sleep_engine.train       | INFO  |   step 160/400 | loss=0.1895 | mean_loss=0.5934 | eta=4 | lr=7.50e-05
2026-08-12 00:27:33 | sleep.weights.plasticity       | INFO  | Hard-clipped 2 w_cons parameters to delta_max=0.0300 bound.
2026-08-12 00:27:33 | sleep.weights.plasticity       | INFO  | Hard-clipped 2 w_cons parameters to delta_max=0.0300 bound.
2026-08-12 00:27:34 | sleep.weights.plasticity       | INFO  | Hard-clipped 2 w_cons parameters to delta_max=0.0300 bound.
2026-08-12 00:27:34 | sleep.weights.plasticity       | INFO  | Hard-clipped 2 w_cons parameters to delta_max=0.0300 bound.
2026-08-12 00:27:35 | sleep.weights.plasticity       | INFO  | Hard-clipped 2 w_cons parameters to delta_max=0.0300 bound.
2026-08-12 00:27:35 | sleep.weights.plasticity       | INFO  | Hard-clipped 2 w_cons parameters to delta_max=0.0300 bound.
2026-08-12 00:27:36 | sleep.weights.plasticity       | INFO  | Hard-clipped 2 w_cons parameters to delta_max=0.0300 bound.
2026-08-12 00:27:36 | sleep.weights.plasticity       | INFO  | Hard-clipped 2 w_cons parameters to delta_max=0.0300 bound.
2026-08-12 00:27:37 | sleep.weights.plasticity       | INFO  | Hard-clipped 2 w_cons parameters to delta_max=0.0300 bound.
2026-08-12 00:27:37 | sleep.weights.plasticity       | INFO  | Hard-clipped 2 w_cons parameters to delta_max=0.0300 bound.
2026-08-12 00:27:38 | sleep.weights.plasticity       | INFO  | Hard-clipped 2 w_cons parameters to delta_max=0.0300 bound.
2026-08-12 00:27:38 | sleep.weights.plasticity       | INFO  | Hard-clipped 2 w_cons parameters to delta_max=0.0300 bound.
2026-08-12 00:27:39 | sleep.weights.plasticity       | INFO  | Hard-clipped 2 w_cons parameters to delta_max=0.0300 bound.
2026-08-12 00:27:39 | sleep.weights.plasticity       | INFO  | Hard-clipped 2 w_cons parameters to delta_max=0.0300 bound.
2026-08-12 00:27:40 | sleep.weights.plasticity       | INFO  | Hard-clipped 2 w_cons parameters to delta_max=0.0300 bound.
2026-08-12 00:27:40 | sleep.weights.plasticity       | INFO  | Hard-clipped 1 w_cons parameters to delta_max=0.0300 bound.
2026-08-12 00:27:41 | sleep.weights.plasticity       | INFO  | Hard-clipped 1 w_cons parameters to delta_max=0.0300 bound.
2026-08-12 00:27:41 | sleep.weights.plasticity       | INFO  | Hard-clipped 1 w_cons parameters to delta_max=0.0300 bound.
2026-08-12 00:27:42 | sleep.weights.plasticity       | INFO  | Hard-clipped 1 w_cons parameters to delta_max=0.0300 bound.
2026-08-12 00:27:43 | sleep.weights.plasticity       | INFO  | Hard-clipped 1 w_cons parameters to delta_max=0.0300 bound.
2026-08-12 00:27:43 | sleep.weights.plasticity       | INFO  | Hard-clipped 1 w_cons parameters to delta_max=0.0300 bound.
2026-08-12 00:27:44 | sleep.weights.plasticity       | INFO  | Hard-clipped 1 w_cons parameters to delta_max=0.0300 bound.
2026-08-12 00:27:44 | sleep.weights.plasticity       | INFO  | Hard-clipped 1 w_cons parameters to delta_max=0.0300 bound.
2026-08-12 00:27:45 | sleep.weights.plasticity       | INFO  | Hard-clipped 1 w_cons parameters to delta_max=0.0300 bound.
2026-08-12 00:27:45 | sleep.weights.plasticity       | INFO  | Hard-clipped 1 w_cons parameters to delta_max=0.0300 bound.
2026-08-12 00:27:46 | sleep.weights.plasticity       | INFO  | Hard-clipped 1 w_cons parameters to delta_max=0.0300 bound.
2026-08-12 00:27:46 | sleep.weights.plasticity       | INFO  | Hard-clipped 1 w_cons parameters to delta_max=0.0300 bound.
2026-08-12 00:27:47 | sleep.weights.plasticity       | INFO  | Hard-clipped 1 w_cons parameters to delta_max=0.0300 bound.
2026-08-12 00:27:47 | sleep.weights.plasticity       | INFO  | Hard-clipped 1 w_cons parameters to delta_max=0.0300 bound.
2026-08-12 00:27:48 | sleep.weights.plasticity       | INFO  | Hard-clipped 1 w_cons parameters to delta_max=0.0300 bound.
2026-08-12 00:27:48 | sleep.weights.plasticity       | INFO  | Hard-clipped 1 w_cons parameters to delta_max=0.0300 bound.
2026-08-12 00:27:49 | sleep.weights.plasticity       | INFO  | Hard-clipped 1 w_cons parameters to delta_max=0.0300 bound.
2026-08-12 00:27:49 | sleep.weights.plasticity       | INFO  | Hard-clipped 1 w_cons parameters to delta_max=0.0300 bound.
2026-08-12 00:27:50 | sleep.weights.plasticity       | INFO  | Hard-clipped 1 w_cons parameters to delta_max=0.0300 bound.
2026-08-12 00:27:50 | sleep.weights.plasticity       | INFO  | Hard-clipped 1 w_cons parameters to delta_max=0.0300 bound.
2026-08-12 00:27:51 | sleep.weights.plasticity       | INFO  | Hard-clipped 1 w_cons parameters to delta_max=0.0300 bound.
2026-08-12 00:27:51 | sleep.weights.plasticity       | INFO  | Hard-clipped 1 w_cons parameters to delta_max=0.0300 bound.
2026-08-12 00:27:52 | sleep.weights.plasticity       | INFO  | Hard-clipped 1 w_cons parameters to delta_max=0.0300 bound.
2026-08-12 00:27:52 | sleep.weights.plasticity       | INFO  | Hard-clipped 1 w_cons parameters to delta_max=0.0300 bound.
2026-08-12 00:27:53 | sleep.weights.plasticity       | INFO  | Hard-clipped 1 w_cons parameters to delta_max=0.0300 bound.
2026-08-12 00:27:53 | sleep.sleep_engine.train       | INFO  |   step 200/400 | loss=0.1832 | mean_loss=0.5132 | eta=4 | lr=5.87e-05
2026-08-12 00:27:53 | sleep.weights.plasticity       | INFO  | Hard-clipped 1 w_cons parameters to delta_max=0.0300 bound.
2026-08-12 00:27:54 | sleep.weights.plasticity       | INFO  | Hard-clipped 1 w_cons parameters to delta_max=0.0300 bound.
2026-08-12 00:27:54 | sleep.weights.plasticity       | INFO  | Hard-clipped 2 w_cons parameters to delta_max=0.0300 bound.
2026-08-12 00:27:55 | sleep.weights.plasticity       | INFO  | Hard-clipped 2 w_cons parameters to delta_max=0.0300 bound.
2026-08-12 00:27:56 | sleep.weights.plasticity       | INFO  | Hard-clipped 2 w_cons parameters to delta_max=0.0300 bound.
2026-08-12 00:27:56 | sleep.weights.plasticity       | INFO  | Hard-clipped 2 w_cons parameters to delta_max=0.0300 bound.
2026-08-12 00:27:57 | sleep.weights.plasticity       | INFO  | Hard-clipped 2 w_cons parameters to delta_max=0.0300 bound.
2026-08-12 00:27:57 | sleep.weights.plasticity       | INFO  | Hard-clipped 2 w_cons parameters to delta_max=0.0300 bound.
2026-08-12 00:27:58 | sleep.weights.plasticity       | INFO  | Hard-clipped 2 w_cons parameters to delta_max=0.0300 bound.
2026-08-12 00:27:58 | sleep.weights.plasticity       | INFO  | Hard-clipped 2 w_cons parameters to delta_max=0.0300 bound.
2026-08-12 00:27:59 | sleep.weights.plasticity       | INFO  | Hard-clipped 2 w_cons parameters to delta_max=0.0300 bound.
2026-08-12 00:27:59 | sleep.weights.plasticity       | INFO  | Hard-clipped 2 w_cons parameters to delta_max=0.0300 bound.
2026-08-12 00:28:00 | sleep.weights.plasticity       | INFO  | Hard-clipped 2 w_cons parameters to delta_max=0.0300 bound.
2026-08-12 00:28:00 | sleep.weights.plasticity       | INFO  | Hard-clipped 2 w_cons parameters to delta_max=0.0300 bound.
2026-08-12 00:28:01 | sleep.weights.plasticity       | INFO  | Hard-clipped 2 w_cons parameters to delta_max=0.0300 bound.
2026-08-12 00:28:01 | sleep.weights.plasticity       | INFO  | Hard-clipped 2 w_cons parameters to delta_max=0.0300 bound.
2026-08-12 00:28:02 | sleep.weights.plasticity       | INFO  | Hard-clipped 2 w_cons parameters to delta_max=0.0300 bound.
2026-08-12 00:28:02 | sleep.weights.plasticity       | INFO  | Hard-clipped 2 w_cons parameters to delta_max=0.0300 bound.
2026-08-12 00:28:03 | sleep.weights.plasticity       | INFO  | Hard-clipped 1 w_cons parameters to delta_max=0.0300 bound.
2026-08-12 00:28:03 | sleep.weights.plasticity       | INFO  | Hard-clipped 2 w_cons parameters to delta_max=0.0300 bound.
2026-08-12 00:28:04 | sleep.weights.plasticity       | INFO  | Hard-clipped 1 w_cons parameters to delta_max=0.0300 bound.
2026-08-12 00:28:04 | sleep.weights.plasticity       | INFO  | Hard-clipped 2 w_cons parameters to delta_max=0.0300 bound.
2026-08-12 00:28:05 | sleep.weights.plasticity       | INFO  | Hard-clipped 2 w_cons parameters to delta_max=0.0300 bound.
2026-08-12 00:28:05 | sleep.weights.plasticity       | INFO  | Hard-clipped 1 w_cons parameters to delta_max=0.0300 bound.
2026-08-12 00:28:06 | sleep.weights.plasticity       | INFO  | Hard-clipped 1 w_cons parameters to delta_max=0.0300 bound.
2026-08-12 00:28:07 | sleep.weights.plasticity       | INFO  | Hard-clipped 1 w_cons parameters to delta_max=0.0300 bound.
2026-08-12 00:28:07 | sleep.weights.plasticity       | INFO  | Hard-clipped 1 w_cons parameters to delta_max=0.0300 bound.
2026-08-12 00:28:08 | sleep.weights.plasticity       | INFO  | Hard-clipped 1 w_cons parameters to delta_max=0.0300 bound.
2026-08-12 00:28:08 | sleep.weights.plasticity       | INFO  | Hard-clipped 1 w_cons parameters to delta_max=0.0300 bound.
2026-08-12 00:28:09 | sleep.weights.plasticity       | INFO  | Hard-clipped 1 w_cons parameters to delta_max=0.0300 bound.
2026-08-12 00:28:09 | sleep.weights.plasticity       | INFO  | Hard-clipped 1 w_cons parameters to delta_max=0.0300 bound.
2026-08-12 00:28:10 | sleep.weights.plasticity       | INFO  | Hard-clipped 1 w_cons parameters to delta_max=0.0300 bound.
2026-08-12 00:28:10 | sleep.weights.plasticity       | INFO  | Hard-clipped 1 w_cons parameters to delta_max=0.0300 bound.
2026-08-12 00:28:11 | sleep.weights.plasticity       | INFO  | Hard-clipped 1 w_cons parameters to delta_max=0.0300 bound.
2026-08-12 00:28:11 | sleep.weights.plasticity       | INFO  | Hard-clipped 1 w_cons parameters to delta_max=0.0300 bound.
2026-08-12 00:28:12 | sleep.weights.plasticity       | INFO  | Hard-clipped 1 w_cons parameters to delta_max=0.0300 bound.
2026-08-12 00:28:12 | sleep.weights.plasticity       | INFO  | Hard-clipped 1 w_cons parameters to delta_max=0.0300 bound.
2026-08-12 00:28:13 | sleep.weights.plasticity       | INFO  | Hard-clipped 2 w_cons parameters to delta_max=0.0300 bound.
2026-08-12 00:28:13 | sleep.weights.plasticity       | INFO  | Hard-clipped 2 w_cons parameters to delta_max=0.0300 bound.
2026-08-12 00:28:14 | sleep.weights.plasticity       | INFO  | Hard-clipped 2 w_cons parameters to delta_max=0.0300 bound.
2026-08-12 00:28:14 | sleep.sleep_engine.train       | INFO  |   step 240/400 | loss=0.1827 | mean_loss=0.4587 | eta=4 | lr=4.13e-05
2026-08-12 00:28:14 | sleep.weights.plasticity       | INFO  | Hard-clipped 2 w_cons parameters to delta_max=0.0300 bound.
2026-08-12 00:28:15 | sleep.weights.plasticity       | INFO  | Hard-clipped 2 w_cons parameters to delta_max=0.0300 bound.
2026-08-12 00:28:15 | sleep.weights.plasticity       | INFO  | Hard-clipped 1 w_cons parameters to delta_max=0.0300 bound.
2026-08-12 00:28:16 | sleep.weights.plasticity       | INFO  | Hard-clipped 1 w_cons parameters to delta_max=0.0300 bound.
2026-08-12 00:28:16 | sleep.weights.plasticity       | INFO  | Hard-clipped 1 w_cons parameters to delta_max=0.0300 bound.
2026-08-12 00:28:17 | sleep.weights.plasticity       | INFO  | Hard-clipped 1 w_cons parameters to delta_max=0.0300 bound.
2026-08-12 00:28:17 | sleep.weights.plasticity       | INFO  | Hard-clipped 1 w_cons parameters to delta_max=0.0300 bound.
2026-08-12 00:28:18 | sleep.weights.plasticity       | INFO  | Hard-clipped 1 w_cons parameters to delta_max=0.0300 bound.
2026-08-12 00:28:18 | sleep.weights.plasticity       | INFO  | Hard-clipped 1 w_cons parameters to delta_max=0.0300 bound.
2026-08-12 00:28:19 | sleep.weights.plasticity       | INFO  | Hard-clipped 1 w_cons parameters to delta_max=0.0300 bound.
2026-08-12 00:28:19 | sleep.weights.plasticity       | INFO  | Hard-clipped 1 w_cons parameters to delta_max=0.0300 bound.
2026-08-12 00:28:20 | sleep.weights.plasticity       | INFO  | Hard-clipped 1 w_cons parameters to delta_max=0.0300 bound.
2026-08-12 00:28:20 | sleep.weights.plasticity       | INFO  | Hard-clipped 1 w_cons parameters to delta_max=0.0300 bound.
2026-08-12 00:28:21 | sleep.weights.plasticity       | INFO  | Hard-clipped 2 w_cons parameters to delta_max=0.0300 bound.
2026-08-12 00:28:21 | sleep.weights.plasticity       | INFO  | Hard-clipped 2 w_cons parameters to delta_max=0.0300 bound.
2026-08-12 00:28:22 | sleep.weights.plasticity       | INFO  | Hard-clipped 2 w_cons parameters to delta_max=0.0300 bound.
2026-08-12 00:28:23 | sleep.weights.plasticity       | INFO  | Hard-clipped 2 w_cons parameters to delta_max=0.0300 bound.
2026-08-12 00:28:23 | sleep.weights.plasticity       | INFO  | Hard-clipped 2 w_cons parameters to delta_max=0.0300 bound.
2026-08-12 00:28:24 | sleep.weights.plasticity       | INFO  | Hard-clipped 1 w_cons parameters to delta_max=0.0300 bound.
2026-08-12 00:28:24 | sleep.weights.plasticity       | INFO  | Hard-clipped 1 w_cons parameters to delta_max=0.0300 bound.
2026-08-12 00:28:25 | sleep.weights.plasticity       | INFO  | Hard-clipped 1 w_cons parameters to delta_max=0.0300 bound.
2026-08-12 00:28:25 | sleep.weights.plasticity       | INFO  | Hard-clipped 1 w_cons parameters to delta_max=0.0300 bound.
2026-08-12 00:28:26 | sleep.weights.plasticity       | INFO  | Hard-clipped 1 w_cons parameters to delta_max=0.0300 bound.
2026-08-12 00:28:26 | sleep.weights.plasticity       | INFO  | Hard-clipped 1 w_cons parameters to delta_max=0.0300 bound.
2026-08-12 00:28:27 | sleep.weights.plasticity       | INFO  | Hard-clipped 1 w_cons parameters to delta_max=0.0300 bound.
2026-08-12 00:28:27 | sleep.weights.plasticity       | INFO  | Hard-clipped 1 w_cons parameters to delta_max=0.0300 bound.
2026-08-12 00:28:28 | sleep.weights.plasticity       | INFO  | Hard-clipped 2 w_cons parameters to delta_max=0.0300 bound.
2026-08-12 00:28:28 | sleep.weights.plasticity       | INFO  | Hard-clipped 2 w_cons parameters to delta_max=0.0300 bound.
2026-08-12 00:28:29 | sleep.weights.plasticity       | INFO  | Hard-clipped 2 w_cons parameters to delta_max=0.0300 bound.
2026-08-12 00:28:29 | sleep.weights.plasticity       | INFO  | Hard-clipped 2 w_cons parameters to delta_max=0.0300 bound.
2026-08-12 00:28:30 | sleep.weights.plasticity       | INFO  | Hard-clipped 2 w_cons parameters to delta_max=0.0300 bound.
2026-08-12 00:28:30 | sleep.weights.plasticity       | INFO  | Hard-clipped 2 w_cons parameters to delta_max=0.0300 bound.
2026-08-12 00:28:31 | sleep.weights.plasticity       | INFO  | Hard-clipped 2 w_cons parameters to delta_max=0.0300 bound.
2026-08-12 00:28:31 | sleep.weights.plasticity       | INFO  | Hard-clipped 2 w_cons parameters to delta_max=0.0300 bound.
2026-08-12 00:28:32 | sleep.weights.plasticity       | INFO  | Hard-clipped 1 w_cons parameters to delta_max=0.0300 bound.
2026-08-12 00:28:32 | sleep.weights.plasticity       | INFO  | Hard-clipped 1 w_cons parameters to delta_max=0.0300 bound.
2026-08-12 00:28:33 | sleep.weights.plasticity       | INFO  | Hard-clipped 1 w_cons parameters to delta_max=0.0300 bound.
2026-08-12 00:28:33 | sleep.weights.plasticity       | INFO  | Hard-clipped 1 w_cons parameters to delta_max=0.0300 bound.
2026-08-12 00:28:34 | sleep.weights.plasticity       | INFO  | Hard-clipped 1 w_cons parameters to delta_max=0.0300 bound.
2026-08-12 00:28:34 | sleep.weights.plasticity       | INFO  | Hard-clipped 1 w_cons parameters to delta_max=0.0300 bound.
2026-08-12 00:28:34 | sleep.sleep_engine.train       | INFO  |   step 280/400 | loss=0.2025 | mean_loss=0.4200 | eta=4 | lr=2.50e-05
2026-08-12 00:28:35 | sleep.weights.plasticity       | INFO  | Hard-clipped 1 w_cons parameters to delta_max=0.0300 bound.
2026-08-12 00:28:35 | sleep.weights.plasticity       | INFO  | Hard-clipped 1 w_cons parameters to delta_max=0.0300 bound.
2026-08-12 00:28:36 | sleep.weights.plasticity       | INFO  | Hard-clipped 1 w_cons parameters to delta_max=0.0300 bound.
2026-08-12 00:28:37 | sleep.weights.plasticity       | INFO  | Hard-clipped 1 w_cons parameters to delta_max=0.0300 bound.
2026-08-12 00:28:37 | sleep.weights.plasticity       | INFO  | Hard-clipped 1 w_cons parameters to delta_max=0.0300 bound.
2026-08-12 00:28:38 | sleep.weights.plasticity       | INFO  | Hard-clipped 1 w_cons parameters to delta_max=0.0300 bound.
2026-08-12 00:28:38 | sleep.weights.plasticity       | INFO  | Hard-clipped 1 w_cons parameters to delta_max=0.0300 bound.
2026-08-12 00:28:39 | sleep.weights.plasticity       | INFO  | Hard-clipped 1 w_cons parameters to delta_max=0.0300 bound.
2026-08-12 00:28:39 | sleep.weights.plasticity       | INFO  | Hard-clipped 1 w_cons parameters to delta_max=0.0300 bound.
2026-08-12 00:28:40 | sleep.weights.plasticity       | INFO  | Hard-clipped 1 w_cons parameters to delta_max=0.0300 bound.
2026-08-12 00:28:40 | sleep.weights.plasticity       | INFO  | Hard-clipped 1 w_cons parameters to delta_max=0.0300 bound.
2026-08-12 00:28:41 | sleep.weights.plasticity       | INFO  | Hard-clipped 1 w_cons parameters to delta_max=0.0300 bound.
2026-08-12 00:28:41 | sleep.weights.plasticity       | INFO  | Hard-clipped 1 w_cons parameters to delta_max=0.0300 bound.
2026-08-12 00:28:42 | sleep.weights.plasticity       | INFO  | Hard-clipped 1 w_cons parameters to delta_max=0.0300 bound.
2026-08-12 00:28:42 | sleep.weights.plasticity       | INFO  | Hard-clipped 1 w_cons parameters to delta_max=0.0300 bound.
2026-08-12 00:28:43 | sleep.weights.plasticity       | INFO  | Hard-clipped 1 w_cons parameters to delta_max=0.0300 bound.
2026-08-12 00:28:44 | sleep.weights.plasticity       | INFO  | Hard-clipped 1 w_cons parameters to delta_max=0.0300 bound.
2026-08-12 00:28:44 | sleep.weights.plasticity       | INFO  | Hard-clipped 1 w_cons parameters to delta_max=0.0300 bound.
2026-08-12 00:28:48 | sleep.weights.plasticity       | INFO  | Hard-clipped 1 w_cons parameters to delta_max=0.0300 bound.
2026-08-12 00:28:48 | sleep.weights.plasticity       | INFO  | Hard-clipped 1 w_cons parameters to delta_max=0.0300 bound.
2026-08-12 00:28:49 | sleep.weights.plasticity       | INFO  | Hard-clipped 1 w_cons parameters to delta_max=0.0300 bound.
2026-08-12 00:28:49 | sleep.weights.plasticity       | INFO  | Hard-clipped 1 w_cons parameters to delta_max=0.0300 bound.
2026-08-12 00:28:50 | sleep.weights.plasticity       | INFO  | Hard-clipped 1 w_cons parameters to delta_max=0.0300 bound.
2026-08-12 00:28:50 | sleep.weights.plasticity       | INFO  | Hard-clipped 1 w_cons parameters to delta_max=0.0300 bound.
2026-08-12 00:28:51 | sleep.weights.plasticity       | INFO  | Hard-clipped 1 w_cons parameters to delta_max=0.0300 bound.
2026-08-12 00:28:51 | sleep.weights.plasticity       | INFO  | Hard-clipped 1 w_cons parameters to delta_max=0.0300 bound.
2026-08-12 00:28:52 | sleep.weights.plasticity       | INFO  | Hard-clipped 2 w_cons parameters to delta_max=0.0300 bound.
2026-08-12 00:28:52 | sleep.weights.plasticity       | INFO  | Hard-clipped 2 w_cons parameters to delta_max=0.0300 bound.
2026-08-12 00:28:53 | sleep.weights.plasticity       | INFO  | Hard-clipped 2 w_cons parameters to delta_max=0.0300 bound.
2026-08-12 00:28:53 | sleep.weights.plasticity       | INFO  | Hard-clipped 2 w_cons parameters to delta_max=0.0300 bound.
2026-08-12 00:28:54 | sleep.weights.plasticity       | INFO  | Hard-clipped 2 w_cons parameters to delta_max=0.0300 bound.
2026-08-12 00:28:54 | sleep.weights.plasticity       | INFO  | Hard-clipped 2 w_cons parameters to delta_max=0.0300 bound.
2026-08-12 00:28:55 | sleep.weights.plasticity       | INFO  | Hard-clipped 2 w_cons parameters to delta_max=0.0300 bound.
2026-08-12 00:28:56 | sleep.weights.plasticity       | INFO  | Hard-clipped 2 w_cons parameters to delta_max=0.0300 bound.
2026-08-12 00:28:56 | sleep.sleep_engine.train       | INFO  |   step 320/400 | loss=0.1866 | mean_loss=0.3905 | eta=9 | lr=1.17e-05
2026-08-12 00:28:56 | sleep.weights.plasticity       | INFO  | Hard-clipped 2 w_cons parameters to delta_max=0.0300 bound.
2026-08-12 00:28:57 | sleep.weights.plasticity       | INFO  | Hard-clipped 2 w_cons parameters to delta_max=0.0300 bound.
2026-08-12 00:28:57 | sleep.weights.plasticity       | INFO  | Hard-clipped 1 w_cons parameters to delta_max=0.0300 bound.
2026-08-12 00:29:01 | sleep.weights.plasticity       | INFO  | Hard-clipped 1 w_cons parameters to delta_max=0.0300 bound.
2026-08-12 00:29:01 | sleep.weights.plasticity       | INFO  | Hard-clipped 1 w_cons parameters to delta_max=0.0300 bound.
2026-08-12 00:29:02 | sleep.weights.plasticity       | INFO  | Hard-clipped 1 w_cons parameters to delta_max=0.0300 bound.
2026-08-12 00:29:02 | sleep.weights.plasticity       | INFO  | Hard-clipped 1 w_cons parameters to delta_max=0.0300 bound.
2026-08-12 00:29:03 | sleep.weights.plasticity       | INFO  | Hard-clipped 1 w_cons parameters to delta_max=0.0300 bound.
2026-08-12 00:29:03 | sleep.weights.plasticity       | INFO  | Hard-clipped 2 w_cons parameters to delta_max=0.0300 bound.
2026-08-12 00:29:04 | sleep.weights.plasticity       | INFO  | Hard-clipped 2 w_cons parameters to delta_max=0.0300 bound.
2026-08-12 00:29:04 | sleep.weights.plasticity       | INFO  | Hard-clipped 2 w_cons parameters to delta_max=0.0300 bound.
2026-08-12 00:29:05 | sleep.weights.plasticity       | INFO  | Hard-clipped 2 w_cons parameters to delta_max=0.0300 bound.
2026-08-12 00:29:05 | sleep.weights.plasticity       | INFO  | Hard-clipped 2 w_cons parameters to delta_max=0.0300 bound.
2026-08-12 00:29:06 | sleep.weights.plasticity       | INFO  | Hard-clipped 2 w_cons parameters to delta_max=0.0300 bound.
2026-08-12 00:29:06 | sleep.weights.plasticity       | INFO  | Hard-clipped 1 w_cons parameters to delta_max=0.0300 bound.
2026-08-12 00:29:07 | sleep.weights.plasticity       | INFO  | Hard-clipped 1 w_cons parameters to delta_max=0.0300 bound.
2026-08-12 00:29:08 | sleep.weights.plasticity       | INFO  | Hard-clipped 2 w_cons parameters to delta_max=0.0300 bound.
2026-08-12 00:29:08 | sleep.weights.plasticity       | INFO  | Hard-clipped 2 w_cons parameters to delta_max=0.0300 bound.
2026-08-12 00:29:09 | sleep.weights.plasticity       | INFO  | Hard-clipped 2 w_cons parameters to delta_max=0.0300 bound.
2026-08-12 00:29:09 | sleep.weights.plasticity       | INFO  | Hard-clipped 1 w_cons parameters to delta_max=0.0300 bound.
2026-08-12 00:29:10 | sleep.weights.plasticity       | INFO  | Hard-clipped 1 w_cons parameters to delta_max=0.0300 bound.
2026-08-12 00:29:10 | sleep.weights.plasticity       | INFO  | Hard-clipped 1 w_cons parameters to delta_max=0.0300 bound.
2026-08-12 00:29:11 | sleep.weights.plasticity       | INFO  | Hard-clipped 1 w_cons parameters to delta_max=0.0300 bound.
2026-08-12 00:29:11 | sleep.weights.plasticity       | INFO  | Hard-clipped 1 w_cons parameters to delta_max=0.0300 bound.
2026-08-12 00:29:12 | sleep.weights.plasticity       | INFO  | Hard-clipped 1 w_cons parameters to delta_max=0.0300 bound.
2026-08-12 00:29:12 | sleep.weights.plasticity       | INFO  | Hard-clipped 1 w_cons parameters to delta_max=0.0300 bound.
2026-08-12 00:29:13 | sleep.weights.plasticity       | INFO  | Hard-clipped 1 w_cons parameters to delta_max=0.0300 bound.
2026-08-12 00:29:13 | sleep.weights.plasticity       | INFO  | Hard-clipped 1 w_cons parameters to delta_max=0.0300 bound.
2026-08-12 00:29:14 | sleep.weights.plasticity       | INFO  | Hard-clipped 1 w_cons parameters to delta_max=0.0300 bound.
2026-08-12 00:29:14 | sleep.weights.plasticity       | INFO  | Hard-clipped 1 w_cons parameters to delta_max=0.0300 bound.
2026-08-12 00:29:15 | sleep.weights.plasticity       | INFO  | Hard-clipped 1 w_cons parameters to delta_max=0.0300 bound.
2026-08-12 00:29:15 | sleep.weights.plasticity       | INFO  | Hard-clipped 1 w_cons parameters to delta_max=0.0300 bound.
2026-08-12 00:29:16 | sleep.weights.plasticity       | INFO  | Hard-clipped 1 w_cons parameters to delta_max=0.0300 bound.
2026-08-12 00:29:16 | sleep.weights.plasticity       | INFO  | Hard-clipped 1 w_cons parameters to delta_max=0.0300 bound.
2026-08-12 00:29:16 | sleep.sleep_engine.train       | INFO  |   step 360/400 | loss=0.1819 | mean_loss=0.3680 | eta=9 | lr=3.02e-06
2026-08-12 00:29:17 | sleep.weights.plasticity       | INFO  | Hard-clipped 1 w_cons parameters to delta_max=0.0300 bound.
2026-08-12 00:29:17 | sleep.weights.plasticity       | INFO  | Hard-clipped 1 w_cons parameters to delta_max=0.0300 bound.
2026-08-12 00:29:18 | sleep.weights.plasticity       | INFO  | Hard-clipped 1 w_cons parameters to delta_max=0.0300 bound.
2026-08-12 00:29:18 | sleep.weights.plasticity       | INFO  | Hard-clipped 1 w_cons parameters to delta_max=0.0300 bound.
2026-08-12 00:29:19 | sleep.weights.plasticity       | INFO  | Hard-clipped 1 w_cons parameters to delta_max=0.0300 bound.
2026-08-12 00:29:19 | sleep.weights.plasticity       | INFO  | Hard-clipped 1 w_cons parameters to delta_max=0.0300 bound.
2026-08-12 00:29:20 | sleep.weights.plasticity       | INFO  | Hard-clipped 1 w_cons parameters to delta_max=0.0300 bound.
2026-08-12 00:29:20 | sleep.weights.plasticity       | INFO  | Hard-clipped 1 w_cons parameters to delta_max=0.0300 bound.
2026-08-12 00:29:21 | sleep.weights.plasticity       | INFO  | Hard-clipped 1 w_cons parameters to delta_max=0.0300 bound.
2026-08-12 00:29:21 | sleep.weights.plasticity       | INFO  | Hard-clipped 1 w_cons parameters to delta_max=0.0300 bound.
2026-08-12 00:29:22 | sleep.weights.plasticity       | INFO  | Hard-clipped 1 w_cons parameters to delta_max=0.0300 bound.
2026-08-12 00:29:22 | sleep.weights.plasticity       | INFO  | Hard-clipped 1 w_cons parameters to delta_max=0.0300 bound.
2026-08-12 00:29:23 | sleep.weights.plasticity       | INFO  | Hard-clipped 1 w_cons parameters to delta_max=0.0300 bound.
2026-08-12 00:29:24 | sleep.weights.plasticity       | INFO  | Hard-clipped 1 w_cons parameters to delta_max=0.0300 bound.
2026-08-12 00:29:37 | sleep.sleep_engine.train       | INFO  |   step 400/400 | loss=0.1850 | mean_loss=0.3495 | eta=9 | lr=0.00e+00
2026-08-12 00:29:37 | sleep.sleep_engine.train       | INFO  | Sleep training complete | n_steps=400 | final_loss=0.1850 | mean_loss=0.3495
2026-08-12 00:29:37 | sleep.metrics                  | INFO  | summary | {'sleep_train/final_loss': 0.18504036962985992, 'sleep_train/mean_loss': 0.3495490187034011, 'sleep_train/n_steps': 400}
2026-08-12 00:29:37 | sleep.sleep_engine             | INFO  | Phase 3 complete: 400 steps, final_loss=0.1850, mean_loss=0.3495
2026-08-12 00:29:37 | sleep.sleep_engine             | INFO  | Phase 4/5: PPL CHECK (skipped — no benchmark data)
2026-08-12 00:29:37 | sleep.sleep_engine             | INFO  | Phase 5/5: VALIDATE & CLEANUP
2026-08-12 00:29:37 | sleep.weights.plasticity       | INFO  | Saved checkpoint for adapter 'w_cons': 44 parameters.
2026-08-12 00:29:37 | sleep.weights.plasticity       | INFO  | Restored 44 parameters for adapter 'w_cons' from checkpoint.
2026-08-12 00:29:38 | sleep.weights.plasticity       | INFO  | Restored 44 parameters for adapter 'w_cons' from checkpoint.
2026-08-12 00:29:42 | sleep.sleep_engine             | INFO  | Two-stage validation: 6/11 passed surprise, 1 also passed the mini-recall gate (self-grading gap = 5)
2026-08-12 00:29:42 | sleep.sleep_engine.cleanup     | INFO  | Cleanup complete | passed=1 | failed=10 | permanently_removed=0
2026-08-12 00:29:42 | sleep.sleep_engine             | INFO  | Phase 5 complete: consolidated=1, failed=10, permanently_removed=0
2026-08-12 00:29:42 | sleep.metrics                  | INFO  | summary | {'sleep_engine/n_candidates': 11, 'sleep_engine/n_replays_generated': 157, 'sleep_engine/n_replays_accepted': 157, 'sleep_engine/n_consolidated': 1, 'sleep_engine/n_failed': 10, 'sleep_engine/n_permanently_removed': 0, 'sleep_engine/rolled_back': False}
2026-08-12 00:29:42 | sleep.weights.kv_memory        | INFO  | bank cleared: freed 11 tags / 433 tokens
2026-08-12 00:29:42 | sleep.sleep_engine             | INFO  | KV bank cleared (11 entries removed)
2026-08-12 00:29:42 | sleep.sleep_engine             | INFO  | KV memory injection: ENABLED
2026-08-12 00:29:42 | sleep.sleep_engine             | INFO  | === Sleep cycle END ===
2026-08-12 00:31:21 | sleep.evaluation.recall        | INFO  | Recall evaluation: DRA=0.0333 across 80 cases
2026-08-12 00:31:46 | sleep.evaluation.recall        | INFO  | Recall evaluation: DRA=0.0500 across 20 cases
2026-08-12 00:31:46 | sleep.evaluation.preservation  | INFO  | Perplexity evaluation: PPL=31.5963 (mean_loss=3.4530, 53 tokens)
2026-08-12 00:31:46 | sleep.evaluation.preservation  | INFO  | BCP: 5.7238 (current_ppl=31.5963, original_ppl=5.5201)
2026-08-12 00:31:46 | sleep.experiment.08            | INFO  | [sleep Cycle 4 EVAL] DRA cumulative=0.033 (7/80 hits); DRA current=0.050 (2/20 hits); BCP=5.7238
2026-08-12 00:31:46 | sleep.experiment.08            | INFO  | ======================================================================
2026-08-12 00:31:46 | sleep.experiment.08            | INFO  | [SLEEP Cycle 5] Wake phase: 20 facts
2026-08-12 00:31:46 | sleep.experiment.08            | INFO  | ======================================================================
2026-08-12 00:31:46 | sleep.tagging                  | INFO  | step=81 | 2 tags created from 2 spans | buffer: 46/40151 (0.1%)
2026-08-12 00:31:46 | sleep.tagging                  | INFO  | step=82 | 1 tags created from 1 spans | buffer: 47/40151 (0.1%)
2026-08-12 00:31:46 | sleep.tagging                  | INFO  | step=84 | 1 tags created from 1 spans | buffer: 48/40151 (0.1%)
2026-08-12 00:31:46 | sleep.tagging                  | INFO  | step=86 | 1 tags created from 1 spans | buffer: 49/40151 (0.1%)
2026-08-12 00:31:46 | sleep.tagging                  | INFO  | step=87 | 1 tags created from 1 spans | buffer: 50/40151 (0.1%)
2026-08-12 00:31:47 | sleep.tagging                  | INFO  | step=94 | 1 tags created from 1 spans | buffer: 51/40151 (0.1%)
2026-08-12 00:31:47 | sleep.tagging                  | INFO  | step=96 | 1 tags created from 1 spans | buffer: 52/40151 (0.1%)
2026-08-12 00:31:47 | sleep.tagging                  | INFO  | step=97 | 1 tags created from 1 spans | buffer: 53/40151 (0.1%)
2026-08-12 00:31:47 | sleep.experiment.08            | INFO  | [Cycle 5] Wake summary: 20 facts -> 8 KV writes; bank: 315/20000 tokens
2026-08-12 00:31:47 | sleep.prp                      | INFO  | step=100 | PRP update: 9/4015 allocated (0%) | +8 -0 | threshold=0.246 | mean_score=0.218
2026-08-12 00:31:47 | sleep.experiment.08            | INFO  | [Cycle 5] PRP: 9 allocated, 9 consolidation candidates
2026-08-12 00:31:47 | sleep.sleep_engine             | INFO  | === Sleep cycle START | 9 candidates ===
2026-08-12 00:31:47 | sleep.sleep_engine             | INFO  | Phase 1/5: GENERATE (strategy=paraphrase)
2026-08-12 00:31:47 | sleep.sleep_engine             | INFO  | KV memory injection: DISABLED
2026-08-12 00:31:47 | sleep.sleep_engine             | INFO  | Phase 1 (paraphrase strategy): 135 wordings from 6 unique sources (9 candidates)
2026-08-12 00:31:47 | sleep.sleep_engine             | INFO  | Phase 1 complete: 135/9 replays generated
2026-08-12 00:31:47 | sleep.sleep_engine             | INFO  | Phase 2/5: QUALITY CHECK
2026-08-12 00:31:47 | sleep.sleep_engine             | INFO  | Phase 2 complete: 135/135 replays accepted
2026-08-12 00:31:47 | sleep.sleep_engine             | INFO  | Phase 3/5: TRAIN (135 accepted replays)
2026-08-12 00:31:47 | sleep.sleep_engine             | INFO  | KV memory injection: DISABLED
2026-08-12 00:31:47 | sleep.weights.plasticity       | INFO  | Saved checkpoint for adapter 'w_cons': 44 parameters.
2026-08-12 00:31:47 | sleep.weights.plasticity       | INFO  | Saved checkpoint for adapter 'w_cons': 44 parameters.
2026-08-12 00:31:47 | sleep.sleep_engine.train       | INFO  | Starting sleep training | n_steps=400 | n_replay=135 | lr=1.00e-04 | device=cuda
2026-08-12 00:32:08 | sleep.sleep_engine.train       | INFO  |   step 40/400 | loss=0.2378 | mean_loss=1.4751 | eta=9 | lr=1.00e-04
2026-08-12 00:32:29 | sleep.sleep_engine.train       | INFO  |   step 80/400 | loss=0.2266 | mean_loss=0.8432 | eta=9 | lr=9.70e-05
2026-08-12 00:32:50 | sleep.sleep_engine.train       | INFO  |   step 120/400 | loss=0.1901 | mean_loss=0.6240 | eta=4 | lr=8.83e-05
2026-08-12 00:33:10 | sleep.sleep_engine.train       | INFO  |   step 160/400 | loss=0.1761 | mean_loss=0.5139 | eta=4 | lr=7.50e-05
2026-08-12 00:33:31 | sleep.sleep_engine.train       | INFO  |   step 200/400 | loss=0.1749 | mean_loss=0.4473 | eta=4 | lr=5.87e-05
2026-08-12 00:33:52 | sleep.sleep_engine.train       | INFO  |   step 240/400 | loss=0.1749 | mean_loss=0.4029 | eta=4 | lr=4.13e-05
2026-08-12 00:34:13 | sleep.sleep_engine.train       | INFO  |   step 280/400 | loss=0.1883 | mean_loss=0.3710 | eta=4 | lr=2.50e-05
2026-08-12 00:34:33 | sleep.sleep_engine.train       | INFO  |   step 320/400 | loss=0.1756 | mean_loss=0.3468 | eta=9 | lr=1.17e-05
2026-08-12 00:34:54 | sleep.sleep_engine.train       | INFO  |   step 360/400 | loss=0.1662 | mean_loss=0.3277 | eta=9 | lr=3.02e-06
2026-08-12 00:35:15 | sleep.sleep_engine.train       | INFO  |   step 400/400 | loss=0.1833 | mean_loss=0.3127 | eta=9 | lr=0.00e+00
2026-08-12 00:35:15 | sleep.sleep_engine.train       | INFO  | Sleep training complete | n_steps=400 | final_loss=0.1833 | mean_loss=0.3127
2026-08-12 00:35:15 | sleep.metrics                  | INFO  | summary | {'sleep_train/final_loss': 0.18332554399967194, 'sleep_train/mean_loss': 0.31270488630980253, 'sleep_train/n_steps': 400}
2026-08-12 00:35:15 | sleep.sleep_engine             | INFO  | Phase 3 complete: 400 steps, final_loss=0.1833, mean_loss=0.3127
2026-08-12 00:35:15 | sleep.sleep_engine             | INFO  | Phase 4/5: PPL CHECK (skipped — no benchmark data)
2026-08-12 00:35:15 | sleep.sleep_engine             | INFO  | Phase 5/5: VALIDATE & CLEANUP
2026-08-12 00:35:15 | sleep.weights.plasticity       | INFO  | Saved checkpoint for adapter 'w_cons': 44 parameters.
2026-08-12 00:35:15 | sleep.weights.plasticity       | INFO  | Restored 44 parameters for adapter 'w_cons' from checkpoint.
2026-08-12 00:35:16 | sleep.weights.plasticity       | INFO  | Restored 44 parameters for adapter 'w_cons' from checkpoint.
2026-08-12 00:35:23 | sleep.sleep_engine             | INFO  | Two-stage validation: 5/9 passed surprise, 5 also passed the mini-recall gate (self-grading gap = 0)
2026-08-12 00:35:23 | sleep.sleep_engine.cleanup     | INFO  | Cleanup complete | passed=5 | failed=4 | permanently_removed=0
2026-08-12 00:35:23 | sleep.sleep_engine             | INFO  | Phase 5 complete: consolidated=5, failed=4, permanently_removed=0
2026-08-12 00:35:23 | sleep.metrics                  | INFO  | summary | {'sleep_engine/n_candidates': 9, 'sleep_engine/n_replays_generated': 135, 'sleep_engine/n_replays_accepted': 135, 'sleep_engine/n_consolidated': 5, 'sleep_engine/n_failed': 4, 'sleep_engine/n_permanently_removed': 0, 'sleep_engine/rolled_back': False}
2026-08-12 00:35:23 | sleep.weights.kv_memory        | INFO  | bank cleared: freed 8 tags / 315 tokens
2026-08-12 00:35:23 | sleep.sleep_engine             | INFO  | KV bank cleared (8 entries removed)
2026-08-12 00:35:23 | sleep.sleep_engine             | INFO  | KV memory injection: ENABLED
2026-08-12 00:35:23 | sleep.sleep_engine             | INFO  | === Sleep cycle END ===
2026-08-12 00:37:53 | sleep.evaluation.recall        | INFO  | Recall evaluation: DRA=0.0567 across 100 cases
2026-08-12 00:38:24 | sleep.evaluation.recall        | INFO  | Recall evaluation: DRA=0.1500 across 20 cases
2026-08-12 00:38:24 | sleep.evaluation.preservation  | INFO  | Perplexity evaluation: PPL=31.5854 (mean_loss=3.4527, 53 tokens)
2026-08-12 00:38:24 | sleep.evaluation.preservation  | INFO  | BCP: 5.7218 (current_ppl=31.5854, original_ppl=5.5201)
2026-08-12 00:38:24 | sleep.experiment.08            | INFO  | [sleep Cycle 5 EVAL] DRA cumulative=0.057 (14/100 hits); DRA current=0.150 (6/20 hits); BCP=5.7218
2026-08-12 00:38:24 | sleep.experiment.08            | INFO  | ======================================================================
2026-08-12 00:38:24 | sleep.experiment.08            | INFO  | [SLEEP Cycle 6] Wake phase: 20 facts
2026-08-12 00:38:24 | sleep.experiment.08            | INFO  | ======================================================================
2026-08-12 00:38:24 | sleep.tagging                  | INFO  | step=101 | 1 tags created from 1 spans | buffer: 54/40151 (0.1%)
2026-08-12 00:38:24 | sleep.tagging                  | INFO  | step=102 | 1 tags created from 1 spans | buffer: 55/40151 (0.1%)
2026-08-12 00:38:24 | sleep.tagging                  | INFO  | step=104 | 1 tags created from 1 spans | buffer: 56/40151 (0.1%)
2026-08-12 00:38:24 | sleep.tagging                  | INFO  | step=106 | 1 tags created from 1 spans | buffer: 57/40151 (0.1%)
2026-08-12 00:38:25 | sleep.tagging                  | INFO  | step=111 | 2 tags created from 2 spans | buffer: 59/40151 (0.1%)
2026-08-12 00:38:25 | sleep.tagging                  | INFO  | step=113 | 1 tags created from 1 spans | buffer: 60/40151 (0.1%)
2026-08-12 00:38:25 | sleep.tagging                  | INFO  | step=114 | 1 tags created from 1 spans | buffer: 61/40151 (0.2%)
2026-08-12 00:38:25 | sleep.tagging                  | INFO  | step=117 | 1 tags created from 1 spans | buffer: 62/40151 (0.2%)
2026-08-12 00:38:25 | sleep.tagging                  | INFO  | step=119 | 1 tags created from 1 spans | buffer: 63/40151 (0.2%)
2026-08-12 00:38:25 | sleep.experiment.08            | INFO  | [Cycle 6] Wake summary: 20 facts -> 9 KV writes; bank: 345/20000 tokens
2026-08-12 00:38:25 | sleep.prp                      | INFO  | step=120 | PRP update: 11/4015 allocated (0%) | +6 -0 | threshold=0.250 | mean_score=0.219
2026-08-12 00:38:25 | sleep.experiment.08            | INFO  | [Cycle 6] PRP: 11 allocated, 11 consolidation candidates
2026-08-12 00:38:25 | sleep.sleep_engine             | INFO  | === Sleep cycle START | 11 candidates ===
2026-08-12 00:38:25 | sleep.sleep_engine             | INFO  | Phase 1/5: GENERATE (strategy=paraphrase)
2026-08-12 00:38:25 | sleep.sleep_engine             | INFO  | KV memory injection: DISABLED
2026-08-12 00:38:25 | sleep.sleep_engine             | INFO  | Phase 1 (paraphrase strategy): 135 wordings from 6 unique sources (11 candidates)
2026-08-12 00:38:25 | sleep.sleep_engine             | INFO  | Phase 1 complete: 135/11 replays generated
2026-08-12 00:38:25 | sleep.sleep_engine             | INFO  | Phase 2/5: QUALITY CHECK
2026-08-12 00:38:25 | sleep.sleep_engine             | INFO  | Phase 2 complete: 135/135 replays accepted
2026-08-12 00:38:25 | sleep.sleep_engine             | INFO  | Phase 3/5: TRAIN (135 accepted replays)
2026-08-12 00:38:25 | sleep.sleep_engine             | INFO  | KV memory injection: DISABLED
2026-08-12 00:38:26 | sleep.weights.plasticity       | INFO  | Saved checkpoint for adapter 'w_cons': 44 parameters.
2026-08-12 00:38:26 | sleep.weights.plasticity       | INFO  | Saved checkpoint for adapter 'w_cons': 44 parameters.
2026-08-12 00:38:26 | sleep.sleep_engine.train       | INFO  | Starting sleep training | n_steps=400 | n_replay=135 | lr=1.00e-04 | device=cuda
2026-08-12 00:38:47 | sleep.sleep_engine.train       | INFO  |   step 40/400 | loss=0.2326 | mean_loss=1.2820 | eta=9 | lr=1.00e-04
2026-08-12 00:39:08 | sleep.sleep_engine.train       | INFO  |   step 80/400 | loss=0.1924 | mean_loss=0.7337 | eta=9 | lr=9.70e-05
2026-08-12 00:39:29 | sleep.sleep_engine.train       | INFO  |   step 120/400 | loss=0.1826 | mean_loss=0.5471 | eta=4 | lr=8.83e-05
2026-08-12 00:39:50 | sleep.sleep_engine.train       | INFO  |   step 160/400 | loss=0.1620 | mean_loss=0.4533 | eta=4 | lr=7.50e-05
2026-08-12 00:40:11 | sleep.sleep_engine.train       | INFO  |   step 200/400 | loss=0.1714 | mean_loss=0.3962 | eta=4 | lr=5.87e-05
2026-08-12 00:40:33 | sleep.sleep_engine.train       | INFO  |   step 240/400 | loss=0.1562 | mean_loss=0.3579 | eta=4 | lr=4.13e-05
2026-08-12 00:40:54 | sleep.sleep_engine.train       | INFO  |   step 280/400 | loss=0.1801 | mean_loss=0.3306 | eta=4 | lr=2.50e-05
2026-08-12 00:41:15 | sleep.sleep_engine.train       | INFO  |   step 320/400 | loss=0.1580 | mean_loss=0.3102 | eta=9 | lr=1.17e-05
2026-08-12 00:41:37 | sleep.sleep_engine.train       | INFO  |   step 360/400 | loss=0.1553 | mean_loss=0.2942 | eta=9 | lr=3.02e-06
2026-08-12 00:41:58 | sleep.sleep_engine.train       | INFO  |   step 400/400 | loss=0.1800 | mean_loss=0.2814 | eta=9 | lr=0.00e+00
2026-08-12 00:41:58 | sleep.sleep_engine.train       | INFO  | Sleep training complete | n_steps=400 | final_loss=0.1800 | mean_loss=0.2814
2026-08-12 00:41:58 | sleep.metrics                  | INFO  | summary | {'sleep_train/final_loss': 0.18000748753547668, 'sleep_train/mean_loss': 0.28140122499316933, 'sleep_train/n_steps': 400}
2026-08-12 00:41:58 | sleep.sleep_engine             | INFO  | Phase 3 complete: 400 steps, final_loss=0.1800, mean_loss=0.2814
2026-08-12 00:41:58 | sleep.sleep_engine             | INFO  | Phase 4/5: PPL CHECK (skipped — no benchmark data)
2026-08-12 00:41:58 | sleep.sleep_engine             | INFO  | Phase 5/5: VALIDATE & CLEANUP
2026-08-12 00:41:58 | sleep.weights.plasticity       | INFO  | Saved checkpoint for adapter 'w_cons': 44 parameters.
2026-08-12 00:41:58 | sleep.weights.plasticity       | INFO  | Restored 44 parameters for adapter 'w_cons' from checkpoint.
2026-08-12 00:41:58 | sleep.weights.plasticity       | INFO  | Restored 44 parameters for adapter 'w_cons' from checkpoint.
2026-08-12 00:42:06 | sleep.sleep_engine             | INFO  | Two-stage validation: 5/11 passed surprise, 2 also passed the mini-recall gate (self-grading gap = 3)
2026-08-12 00:42:06 | sleep.sleep_engine.cleanup     | INFO  | Cleanup complete | passed=2 | failed=9 | permanently_removed=0
2026-08-12 00:42:06 | sleep.sleep_engine             | INFO  | Phase 5 complete: consolidated=2, failed=9, permanently_removed=0
2026-08-12 00:42:06 | sleep.metrics                  | INFO  | summary | {'sleep_engine/n_candidates': 11, 'sleep_engine/n_replays_generated': 135, 'sleep_engine/n_replays_accepted': 135, 'sleep_engine/n_consolidated': 2, 'sleep_engine/n_failed': 9, 'sleep_engine/n_permanently_removed': 0, 'sleep_engine/rolled_back': False}
2026-08-12 00:42:06 | sleep.weights.kv_memory        | INFO  | bank cleared: freed 9 tags / 345 tokens
2026-08-12 00:42:06 | sleep.sleep_engine             | INFO  | KV bank cleared (9 entries removed)
2026-08-12 00:42:06 | sleep.sleep_engine             | INFO  | KV memory injection: ENABLED
2026-08-12 00:42:06 | sleep.sleep_engine             | INFO  | === Sleep cycle END ===
2026-08-12 00:45:28 | sleep.evaluation.recall        | INFO  | Recall evaluation: DRA=0.0611 across 120 cases
2026-08-12 00:46:02 | sleep.evaluation.recall        | INFO  | Recall evaluation: DRA=0.1000 across 20 cases
2026-08-12 00:46:02 | sleep.evaluation.preservation  | INFO  | Perplexity evaluation: PPL=37.4382 (mean_loss=3.6227, 53 tokens)
2026-08-12 00:46:02 | sleep.evaluation.preservation  | INFO  | BCP: 6.7821 (current_ppl=37.4382, original_ppl=5.5201)
2026-08-12 00:46:02 | sleep.experiment.08            | INFO  | [sleep Cycle 6 EVAL] DRA cumulative=0.061 (16/120 hits); DRA current=0.100 (4/20 hits); BCP=6.7821
2026-08-12 00:46:02 | sleep.experiment.08            | INFO  | ======================================================================
2026-08-12 00:46:02 | sleep.experiment.08            | INFO  | [SLEEP Cycle 7] Wake phase: 20 facts
2026-08-12 00:46:02 | sleep.experiment.08            | INFO  | ======================================================================
2026-08-12 00:46:02 | sleep.tagging                  | INFO  | step=121 | 1 tags created from 1 spans | buffer: 64/40151 (0.2%)
2026-08-12 00:46:02 | sleep.tagging                  | INFO  | step=122 | 1 tags created from 1 spans | buffer: 65/40151 (0.2%)
2026-08-12 00:46:02 | sleep.tagging                  | INFO  | step=124 | 1 tags created from 1 spans | buffer: 66/40151 (0.2%)
2026-08-12 00:46:02 | sleep.tagging                  | INFO  | step=125 | 1 tags created from 1 spans | buffer: 67/40151 (0.2%)
2026-08-12 00:46:02 | sleep.tagging                  | INFO  | step=126 | 1 tags created from 1 spans | buffer: 68/40151 (0.2%)
2026-08-12 00:46:02 | sleep.tagging                  | INFO  | step=127 | 1 tags created from 1 spans | buffer: 69/40151 (0.2%)
2026-08-12 00:46:02 | sleep.tagging                  | INFO  | step=128 | 1 tags created from 1 spans | buffer: 70/40151 (0.2%)
2026-08-12 00:46:02 | sleep.tagging                  | INFO  | step=131 | 1 tags created from 1 spans | buffer: 71/40151 (0.2%)
2026-08-12 00:46:03 | sleep.tagging                  | INFO  | step=132 | 1 tags created from 1 spans | buffer: 72/40151 (0.2%)
2026-08-12 00:46:03 | sleep.tagging                  | INFO  | step=134 | 1 tags created from 1 spans | buffer: 73/40151 (0.2%)
2026-08-12 00:46:03 | sleep.tagging                  | INFO  | step=136 | 1 tags created from 1 spans | buffer: 74/40151 (0.2%)
2026-08-12 00:46:03 | sleep.tagging                  | INFO  | step=137 | 1 tags created from 1 spans | buffer: 75/40151 (0.2%)
2026-08-12 00:46:03 | sleep.tagging                  | INFO  | step=139 | 1 tags created from 1 spans | buffer: 76/40151 (0.2%)
2026-08-12 00:46:03 | sleep.experiment.08            | INFO  | [Cycle 7] Wake summary: 20 facts -> 13 KV writes; bank: 501/20000 tokens
2026-08-12 00:46:03 | sleep.prp                      | INFO  | step=140 | PRP update: 15/4015 allocated (0%) | +13 -0 | threshold=0.250 | mean_score=0.223
2026-08-12 00:46:03 | sleep.experiment.08            | INFO  | [Cycle 7] PRP: 15 allocated, 15 consolidation candidates
2026-08-12 00:46:03 | sleep.sleep_engine             | INFO  | === Sleep cycle START | 15 candidates ===
2026-08-12 00:46:03 | sleep.sleep_engine             | INFO  | Phase 1/5: GENERATE (strategy=paraphrase)
2026-08-12 00:46:03 | sleep.sleep_engine             | INFO  | KV memory injection: DISABLED
2026-08-12 00:46:03 | sleep.sleep_engine             | INFO  | Phase 1 (paraphrase strategy): 245 wordings from 11 unique sources (15 candidates)
2026-08-12 00:46:03 | sleep.sleep_engine             | INFO  | Phase 1 complete: 245/15 replays generated
2026-08-12 00:46:03 | sleep.sleep_engine             | INFO  | Phase 2/5: QUALITY CHECK
2026-08-12 00:46:03 | sleep.sleep_engine             | INFO  | Phase 2 complete: 245/245 replays accepted
2026-08-12 00:46:03 | sleep.sleep_engine             | INFO  | Phase 3/5: TRAIN (245 accepted replays)
2026-08-12 00:46:03 | sleep.sleep_engine             | INFO  | KV memory injection: DISABLED
2026-08-12 00:46:03 | sleep.weights.plasticity       | INFO  | Saved checkpoint for adapter 'w_cons': 44 parameters.
2026-08-12 00:46:03 | sleep.weights.plasticity       | INFO  | Saved checkpoint for adapter 'w_cons': 44 parameters.
2026-08-12 00:46:03 | sleep.sleep_engine.train       | INFO  | Starting sleep training | n_steps=400 | n_replay=245 | lr=1.00e-04 | device=cuda
2026-08-12 00:46:24 | sleep.sleep_engine.train       | INFO  |   step 40/400 | loss=0.3632 | mean_loss=1.5683 | eta=9 | lr=1.00e-04
2026-08-12 00:46:46 | sleep.sleep_engine.train       | INFO  |   step 80/400 | loss=0.2461 | mean_loss=0.9145 | eta=9 | lr=9.70e-05
2026-08-12 00:46:47 | sleep.weights.plasticity       | INFO  | Hard-clipped 1 w_cons parameters to delta_max=0.0300 bound.
2026-08-12 00:46:48 | sleep.weights.plasticity       | INFO  | Hard-clipped 1 w_cons parameters to delta_max=0.0300 bound.
2026-08-12 00:46:48 | sleep.weights.plasticity       | INFO  | Hard-clipped 1 w_cons parameters to delta_max=0.0300 bound.
2026-08-12 00:46:49 | sleep.weights.plasticity       | INFO  | Hard-clipped 1 w_cons parameters to delta_max=0.0300 bound.
2026-08-12 00:46:49 | sleep.weights.plasticity       | INFO  | Hard-clipped 1 w_cons parameters to delta_max=0.0300 bound.
2026-08-12 00:46:50 | sleep.weights.plasticity       | INFO  | Hard-clipped 1 w_cons parameters to delta_max=0.0300 bound.
2026-08-12 00:46:50 | sleep.weights.plasticity       | INFO  | Hard-clipped 1 w_cons parameters to delta_max=0.0300 bound.
2026-08-12 00:46:51 | sleep.weights.plasticity       | INFO  | Hard-clipped 1 w_cons parameters to delta_max=0.0300 bound.
2026-08-12 00:46:52 | sleep.weights.plasticity       | INFO  | Hard-clipped 1 w_cons parameters to delta_max=0.0300 bound.
2026-08-12 00:46:52 | sleep.weights.plasticity       | INFO  | Hard-clipped 1 w_cons parameters to delta_max=0.0300 bound.
2026-08-12 00:46:53 | sleep.weights.plasticity       | INFO  | Hard-clipped 2 w_cons parameters to delta_max=0.0300 bound.
2026-08-12 00:46:53 | sleep.weights.plasticity       | INFO  | Hard-clipped 2 w_cons parameters to delta_max=0.0300 bound.
2026-08-12 00:46:54 | sleep.weights.plasticity       | INFO  | Hard-clipped 2 w_cons parameters to delta_max=0.0300 bound.
2026-08-12 00:46:54 | sleep.weights.plasticity       | INFO  | Hard-clipped 2 w_cons parameters to delta_max=0.0300 bound.
2026-08-12 00:46:55 | sleep.weights.plasticity       | INFO  | Hard-clipped 2 w_cons parameters to delta_max=0.0300 bound.
2026-08-12 00:46:55 | sleep.weights.plasticity       | INFO  | Hard-clipped 2 w_cons parameters to delta_max=0.0300 bound.
2026-08-12 00:46:56 | sleep.weights.plasticity       | INFO  | Hard-clipped 2 w_cons parameters to delta_max=0.0300 bound.
2026-08-12 00:46:56 | sleep.weights.plasticity       | INFO  | Hard-clipped 2 w_cons parameters to delta_max=0.0300 bound.
2026-08-12 00:46:57 | sleep.weights.plasticity       | INFO  | Hard-clipped 2 w_cons parameters to delta_max=0.0300 bound.
2026-08-12 00:46:57 | sleep.weights.plasticity       | INFO  | Hard-clipped 2 w_cons parameters to delta_max=0.0300 bound.
2026-08-12 00:46:58 | sleep.weights.plasticity       | INFO  | Hard-clipped 2 w_cons parameters to delta_max=0.0300 bound.
2026-08-12 00:46:59 | sleep.weights.plasticity       | INFO  | Hard-clipped 2 w_cons parameters to delta_max=0.0300 bound.
2026-08-12 00:46:59 | sleep.weights.plasticity       | INFO  | Hard-clipped 2 w_cons parameters to delta_max=0.0300 bound.
2026-08-12 00:47:00 | sleep.weights.plasticity       | INFO  | Hard-clipped 2 w_cons parameters to delta_max=0.0300 bound.
2026-08-12 00:47:00 | sleep.weights.plasticity       | INFO  | Hard-clipped 2 w_cons parameters to delta_max=0.0300 bound.
2026-08-12 00:47:01 | sleep.weights.plasticity       | INFO  | Hard-clipped 2 w_cons parameters to delta_max=0.0300 bound.
2026-08-12 00:47:01 | sleep.weights.plasticity       | INFO  | Hard-clipped 2 w_cons parameters to delta_max=0.0300 bound.
2026-08-12 00:47:02 | sleep.weights.plasticity       | INFO  | Hard-clipped 2 w_cons parameters to delta_max=0.0300 bound.
2026-08-12 00:47:02 | sleep.weights.plasticity       | INFO  | Hard-clipped 2 w_cons parameters to delta_max=0.0300 bound.
2026-08-12 00:47:03 | sleep.weights.plasticity       | INFO  | Hard-clipped 2 w_cons parameters to delta_max=0.0300 bound.
2026-08-12 00:47:03 | sleep.weights.plasticity       | INFO  | Hard-clipped 2 w_cons parameters to delta_max=0.0300 bound.
2026-08-12 00:47:04 | sleep.weights.plasticity       | INFO  | Hard-clipped 2 w_cons parameters to delta_max=0.0300 bound.
2026-08-12 00:47:04 | sleep.weights.plasticity       | INFO  | Hard-clipped 2 w_cons parameters to delta_max=0.0300 bound.
2026-08-12 00:47:05 | sleep.weights.plasticity       | INFO  | Hard-clipped 2 w_cons parameters to delta_max=0.0300 bound.
2026-08-12 00:47:06 | sleep.weights.plasticity       | INFO  | Hard-clipped 2 w_cons parameters to delta_max=0.0300 bound.
2026-08-12 00:47:06 | sleep.weights.plasticity       | INFO  | Hard-clipped 2 w_cons parameters to delta_max=0.0300 bound.
2026-08-12 00:47:07 | sleep.weights.plasticity       | INFO  | Hard-clipped 2 w_cons parameters to delta_max=0.0300 bound.
2026-08-12 00:47:07 | sleep.weights.plasticity       | INFO  | Hard-clipped 2 w_cons parameters to delta_max=0.0300 bound.
2026-08-12 00:47:07 | sleep.sleep_engine.train       | INFO  |   step 120/400 | loss=0.1969 | mean_loss=0.6788 | eta=4 | lr=8.83e-05
2026-08-12 00:47:08 | sleep.weights.plasticity       | INFO  | Hard-clipped 2 w_cons parameters to delta_max=0.0300 bound.
2026-08-12 00:47:08 | sleep.weights.plasticity       | INFO  | Hard-clipped 2 w_cons parameters to delta_max=0.0300 bound.
2026-08-12 00:47:09 | sleep.weights.plasticity       | INFO  | Hard-clipped 2 w_cons parameters to delta_max=0.0300 bound.
2026-08-12 00:47:09 | sleep.weights.plasticity       | INFO  | Hard-clipped 2 w_cons parameters to delta_max=0.0300 bound.
2026-08-12 00:47:10 | sleep.weights.plasticity       | INFO  | Hard-clipped 2 w_cons parameters to delta_max=0.0300 bound.
2026-08-12 00:47:10 | sleep.weights.plasticity       | INFO  | Hard-clipped 2 w_cons parameters to delta_max=0.0300 bound.
2026-08-12 00:47:11 | sleep.weights.plasticity       | INFO  | Hard-clipped 2 w_cons parameters to delta_max=0.0300 bound.
2026-08-12 00:47:11 | sleep.weights.plasticity       | INFO  | Hard-clipped 2 w_cons parameters to delta_max=0.0300 bound.
2026-08-12 00:47:12 | sleep.weights.plasticity       | INFO  | Hard-clipped 2 w_cons parameters to delta_max=0.0300 bound.
2026-08-12 00:47:12 | sleep.weights.plasticity       | INFO  | Hard-clipped 2 w_cons parameters to delta_max=0.0300 bound.
2026-08-12 00:47:13 | sleep.weights.plasticity       | INFO  | Hard-clipped 2 w_cons parameters to delta_max=0.0300 bound.
2026-08-12 00:47:13 | sleep.weights.plasticity       | INFO  | Hard-clipped 2 w_cons parameters to delta_max=0.0300 bound.
2026-08-12 00:47:14 | sleep.weights.plasticity       | INFO  | Hard-clipped 2 w_cons parameters to delta_max=0.0300 bound.
2026-08-12 00:47:15 | sleep.weights.plasticity       | INFO  | Hard-clipped 2 w_cons parameters to delta_max=0.0300 bound.
2026-08-12 00:47:15 | sleep.weights.plasticity       | INFO  | Hard-clipped 2 w_cons parameters to delta_max=0.0300 bound.
2026-08-12 00:47:16 | sleep.weights.plasticity       | INFO  | Hard-clipped 2 w_cons parameters to delta_max=0.0300 bound.
2026-08-12 00:47:16 | sleep.weights.plasticity       | INFO  | Hard-clipped 2 w_cons parameters to delta_max=0.0300 bound.
2026-08-12 00:47:17 | sleep.weights.plasticity       | INFO  | Hard-clipped 2 w_cons parameters to delta_max=0.0300 bound.
2026-08-12 00:47:17 | sleep.weights.plasticity       | INFO  | Hard-clipped 2 w_cons parameters to delta_max=0.0300 bound.
2026-08-12 00:47:18 | sleep.weights.plasticity       | INFO  | Hard-clipped 2 w_cons parameters to delta_max=0.0300 bound.
2026-08-12 00:47:18 | sleep.weights.plasticity       | INFO  | Hard-clipped 2 w_cons parameters to delta_max=0.0300 bound.
2026-08-12 00:47:19 | sleep.weights.plasticity       | INFO  | Hard-clipped 2 w_cons parameters to delta_max=0.0300 bound.
2026-08-12 00:47:19 | sleep.weights.plasticity       | INFO  | Hard-clipped 2 w_cons parameters to delta_max=0.0300 bound.
2026-08-12 00:47:20 | sleep.weights.plasticity       | INFO  | Hard-clipped 2 w_cons parameters to delta_max=0.0300 bound.
2026-08-12 00:47:20 | sleep.weights.plasticity       | INFO  | Hard-clipped 2 w_cons parameters to delta_max=0.0300 bound.
2026-08-12 00:47:21 | sleep.weights.plasticity       | INFO  | Hard-clipped 2 w_cons parameters to delta_max=0.0300 bound.
2026-08-12 00:47:22 | sleep.weights.plasticity       | INFO  | Hard-clipped 2 w_cons parameters to delta_max=0.0300 bound.
2026-08-12 00:47:22 | sleep.weights.plasticity       | INFO  | Hard-clipped 2 w_cons parameters to delta_max=0.0300 bound.
2026-08-12 00:47:23 | sleep.weights.plasticity       | INFO  | Hard-clipped 2 w_cons parameters to delta_max=0.0300 bound.
2026-08-12 00:47:23 | sleep.weights.plasticity       | INFO  | Hard-clipped 2 w_cons parameters to delta_max=0.0300 bound.
2026-08-12 00:47:24 | sleep.weights.plasticity       | INFO  | Hard-clipped 2 w_cons parameters to delta_max=0.0300 bound.
2026-08-12 00:47:24 | sleep.weights.plasticity       | INFO  | Hard-clipped 2 w_cons parameters to delta_max=0.0300 bound.
2026-08-12 00:47:25 | sleep.weights.plasticity       | INFO  | Hard-clipped 2 w_cons parameters to delta_max=0.0300 bound.
2026-08-12 00:47:25 | sleep.weights.plasticity       | INFO  | Hard-clipped 2 w_cons parameters to delta_max=0.0300 bound.
2026-08-12 00:47:26 | sleep.weights.plasticity       | INFO  | Hard-clipped 2 w_cons parameters to delta_max=0.0300 bound.
2026-08-12 00:47:26 | sleep.weights.plasticity       | INFO  | Hard-clipped 2 w_cons parameters to delta_max=0.0300 bound.
2026-08-12 00:47:27 | sleep.weights.plasticity       | INFO  | Hard-clipped 2 w_cons parameters to delta_max=0.0300 bound.
2026-08-12 00:47:27 | sleep.weights.plasticity       | INFO  | Hard-clipped 2 w_cons parameters to delta_max=0.0300 bound.
2026-08-12 00:47:28 | sleep.weights.plasticity       | INFO  | Hard-clipped 2 w_cons parameters to delta_max=0.0300 bound.
2026-08-12 00:47:28 | sleep.weights.plasticity       | INFO  | Hard-clipped 2 w_cons parameters to delta_max=0.0300 bound.
2026-08-12 00:47:28 | sleep.sleep_engine.train       | INFO  |   step 160/400 | loss=0.1929 | mean_loss=0.5603 | eta=4 | lr=7.50e-05
2026-08-12 00:47:29 | sleep.weights.plasticity       | INFO  | Hard-clipped 2 w_cons parameters to delta_max=0.0300 bound.
2026-08-12 00:47:29 | sleep.weights.plasticity       | INFO  | Hard-clipped 2 w_cons parameters to delta_max=0.0300 bound.
2026-08-12 00:47:30 | sleep.weights.plasticity       | INFO  | Hard-clipped 2 w_cons parameters to delta_max=0.0300 bound.
2026-08-12 00:47:31 | sleep.weights.plasticity       | INFO  | Hard-clipped 2 w_cons parameters to delta_max=0.0300 bound.
2026-08-12 00:47:31 | sleep.weights.plasticity       | INFO  | Hard-clipped 2 w_cons parameters to delta_max=0.0300 bound.
2026-08-12 00:47:32 | sleep.weights.plasticity       | INFO  | Hard-clipped 2 w_cons parameters to delta_max=0.0300 bound.
2026-08-12 00:47:32 | sleep.weights.plasticity       | INFO  | Hard-clipped 2 w_cons parameters to delta_max=0.0300 bound.
2026-08-12 00:47:33 | sleep.weights.plasticity       | INFO  | Hard-clipped 2 w_cons parameters to delta_max=0.0300 bound.
2026-08-12 00:47:33 | sleep.weights.plasticity       | INFO  | Hard-clipped 2 w_cons parameters to delta_max=0.0300 bound.
2026-08-12 00:47:34 | sleep.weights.plasticity       | INFO  | Hard-clipped 2 w_cons parameters to delta_max=0.0300 bound.
2026-08-12 00:47:34 | sleep.weights.plasticity       | INFO  | Hard-clipped 2 w_cons parameters to delta_max=0.0300 bound.
2026-08-12 00:47:35 | sleep.weights.plasticity       | INFO  | Hard-clipped 2 w_cons parameters to delta_max=0.0300 bound.
2026-08-12 00:47:35 | sleep.weights.plasticity       | INFO  | Hard-clipped 2 w_cons parameters to delta_max=0.0300 bound.
2026-08-12 00:47:36 | sleep.weights.plasticity       | INFO  | Hard-clipped 1 w_cons parameters to delta_max=0.0300 bound.
2026-08-12 00:47:36 | sleep.weights.plasticity       | INFO  | Hard-clipped 2 w_cons parameters to delta_max=0.0300 bound.
2026-08-12 00:47:37 | sleep.weights.plasticity       | INFO  | Hard-clipped 2 w_cons parameters to delta_max=0.0300 bound.
2026-08-12 00:47:37 | sleep.weights.plasticity       | INFO  | Hard-clipped 2 w_cons parameters to delta_max=0.0300 bound.
2026-08-12 00:47:38 | sleep.weights.plasticity       | INFO  | Hard-clipped 2 w_cons parameters to delta_max=0.0300 bound.
2026-08-12 00:47:38 | sleep.weights.plasticity       | INFO  | Hard-clipped 2 w_cons parameters to delta_max=0.0300 bound.
2026-08-12 00:47:39 | sleep.weights.plasticity       | INFO  | Hard-clipped 2 w_cons parameters to delta_max=0.0300 bound.
2026-08-12 00:47:40 | sleep.weights.plasticity       | INFO  | Hard-clipped 2 w_cons parameters to delta_max=0.0300 bound.
2026-08-12 00:47:40 | sleep.weights.plasticity       | INFO  | Hard-clipped 2 w_cons parameters to delta_max=0.0300 bound.
2026-08-12 00:47:41 | sleep.weights.plasticity       | INFO  | Hard-clipped 2 w_cons parameters to delta_max=0.0300 bound.
2026-08-12 00:47:41 | sleep.weights.plasticity       | INFO  | Hard-clipped 2 w_cons parameters to delta_max=0.0300 bound.
2026-08-12 00:47:42 | sleep.weights.plasticity       | INFO  | Hard-clipped 2 w_cons parameters to delta_max=0.0300 bound.
2026-08-12 00:47:42 | sleep.weights.plasticity       | INFO  | Hard-clipped 2 w_cons parameters to delta_max=0.0300 bound.
2026-08-12 00:47:43 | sleep.weights.plasticity       | INFO  | Hard-clipped 2 w_cons parameters to delta_max=0.0300 bound.
2026-08-12 00:47:43 | sleep.weights.plasticity       | INFO  | Hard-clipped 2 w_cons parameters to delta_max=0.0300 bound.
2026-08-12 00:47:44 | sleep.weights.plasticity       | INFO  | Hard-clipped 2 w_cons parameters to delta_max=0.0300 bound.
2026-08-12 00:47:44 | sleep.weights.plasticity       | INFO  | Hard-clipped 2 w_cons parameters to delta_max=0.0300 bound.
2026-08-12 00:47:45 | sleep.weights.plasticity       | INFO  | Hard-clipped 2 w_cons parameters to delta_max=0.0300 bound.
2026-08-12 00:47:45 | sleep.weights.plasticity       | INFO  | Hard-clipped 2 w_cons parameters to delta_max=0.0300 bound.
2026-08-12 00:47:46 | sleep.weights.plasticity       | INFO  | Hard-clipped 2 w_cons parameters to delta_max=0.0300 bound.
2026-08-12 00:47:46 | sleep.weights.plasticity       | INFO  | Hard-clipped 1 w_cons parameters to delta_max=0.0300 bound.
2026-08-12 00:47:47 | sleep.weights.plasticity       | INFO  | Hard-clipped 1 w_cons parameters to delta_max=0.0300 bound.
2026-08-12 00:47:48 | sleep.weights.plasticity       | INFO  | Hard-clipped 1 w_cons parameters to delta_max=0.0300 bound.
2026-08-12 00:47:48 | sleep.weights.plasticity       | INFO  | Hard-clipped 1 w_cons parameters to delta_max=0.0300 bound.
2026-08-12 00:47:50 | sleep.sleep_engine.train       | INFO  |   step 200/400 | loss=0.2064 | mean_loss=0.4878 | eta=4 | lr=5.87e-05
2026-08-12 00:47:51 | sleep.weights.plasticity       | INFO  | Hard-clipped 1 w_cons parameters to delta_max=0.0300 bound.
2026-08-12 00:47:51 | sleep.weights.plasticity       | INFO  | Hard-clipped 1 w_cons parameters to delta_max=0.0300 bound.
2026-08-12 00:47:52 | sleep.weights.plasticity       | INFO  | Hard-clipped 1 w_cons parameters to delta_max=0.0300 bound.
2026-08-12 00:47:52 | sleep.weights.plasticity       | INFO  | Hard-clipped 1 w_cons parameters to delta_max=0.0300 bound.
2026-08-12 00:47:53 | sleep.weights.plasticity       | INFO  | Hard-clipped 1 w_cons parameters to delta_max=0.0300 bound.
2026-08-12 00:47:53 | sleep.weights.plasticity       | INFO  | Hard-clipped 2 w_cons parameters to delta_max=0.0300 bound.
2026-08-12 00:47:54 | sleep.weights.plasticity       | INFO  | Hard-clipped 2 w_cons parameters to delta_max=0.0300 bound.
2026-08-12 00:47:54 | sleep.weights.plasticity       | INFO  | Hard-clipped 2 w_cons parameters to delta_max=0.0300 bound.
2026-08-12 00:47:55 | sleep.weights.plasticity       | INFO  | Hard-clipped 2 w_cons parameters to delta_max=0.0300 bound.
2026-08-12 00:47:56 | sleep.weights.plasticity       | INFO  | Hard-clipped 2 w_cons parameters to delta_max=0.0300 bound.
2026-08-12 00:47:56 | sleep.weights.plasticity       | INFO  | Hard-clipped 2 w_cons parameters to delta_max=0.0300 bound.
2026-08-12 00:47:57 | sleep.weights.plasticity       | INFO  | Hard-clipped 2 w_cons parameters to delta_max=0.0300 bound.
2026-08-12 00:47:57 | sleep.weights.plasticity       | INFO  | Hard-clipped 2 w_cons parameters to delta_max=0.0300 bound.
2026-08-12 00:47:58 | sleep.weights.plasticity       | INFO  | Hard-clipped 2 w_cons parameters to delta_max=0.0300 bound.
2026-08-12 00:47:58 | sleep.weights.plasticity       | INFO  | Hard-clipped 2 w_cons parameters to delta_max=0.0300 bound.
2026-08-12 00:47:59 | sleep.weights.plasticity       | INFO  | Hard-clipped 2 w_cons parameters to delta_max=0.0300 bound.
2026-08-12 00:47:59 | sleep.weights.plasticity       | INFO  | Hard-clipped 1 w_cons parameters to delta_max=0.0300 bound.
2026-08-12 00:48:00 | sleep.weights.plasticity       | INFO  | Hard-clipped 1 w_cons parameters to delta_max=0.0300 bound.
2026-08-12 00:48:00 | sleep.weights.plasticity       | INFO  | Hard-clipped 1 w_cons parameters to delta_max=0.0300 bound.
2026-08-12 00:48:01 | sleep.weights.plasticity       | INFO  | Hard-clipped 1 w_cons parameters to delta_max=0.0300 bound.
2026-08-12 00:48:01 | sleep.weights.plasticity       | INFO  | Hard-clipped 1 w_cons parameters to delta_max=0.0300 bound.
2026-08-12 00:48:02 | sleep.weights.plasticity       | INFO  | Hard-clipped 1 w_cons parameters to delta_max=0.0300 bound.
2026-08-12 00:48:03 | sleep.weights.plasticity       | INFO  | Hard-clipped 1 w_cons parameters to delta_max=0.0300 bound.
2026-08-12 00:48:03 | sleep.weights.plasticity       | INFO  | Hard-clipped 1 w_cons parameters to delta_max=0.0300 bound.
2026-08-12 00:48:04 | sleep.weights.plasticity       | INFO  | Hard-clipped 1 w_cons parameters to delta_max=0.0300 bound.
2026-08-12 00:48:04 | sleep.weights.plasticity       | INFO  | Hard-clipped 2 w_cons parameters to delta_max=0.0300 bound.
2026-08-12 00:48:05 | sleep.weights.plasticity       | INFO  | Hard-clipped 2 w_cons parameters to delta_max=0.0300 bound.
2026-08-12 00:48:05 | sleep.weights.plasticity       | INFO  | Hard-clipped 2 w_cons parameters to delta_max=0.0300 bound.
2026-08-12 00:48:06 | sleep.weights.plasticity       | INFO  | Hard-clipped 2 w_cons parameters to delta_max=0.0300 bound.
2026-08-12 00:48:06 | sleep.weights.plasticity       | INFO  | Hard-clipped 2 w_cons parameters to delta_max=0.0300 bound.
2026-08-12 00:48:07 | sleep.weights.plasticity       | INFO  | Hard-clipped 2 w_cons parameters to delta_max=0.0300 bound.
2026-08-12 00:48:07 | sleep.weights.plasticity       | INFO  | Hard-clipped 2 w_cons parameters to delta_max=0.0300 bound.
2026-08-12 00:48:08 | sleep.weights.plasticity       | INFO  | Hard-clipped 2 w_cons parameters to delta_max=0.0300 bound.
2026-08-12 00:48:09 | sleep.weights.plasticity       | INFO  | Hard-clipped 2 w_cons parameters to delta_max=0.0300 bound.
2026-08-12 00:48:09 | sleep.weights.plasticity       | INFO  | Hard-clipped 2 w_cons parameters to delta_max=0.0300 bound.
2026-08-12 00:48:10 | sleep.weights.plasticity       | INFO  | Hard-clipped 2 w_cons parameters to delta_max=0.0300 bound.
2026-08-12 00:48:10 | sleep.weights.plasticity       | INFO  | Hard-clipped 1 w_cons parameters to delta_max=0.0300 bound.
2026-08-12 00:48:11 | sleep.weights.plasticity       | INFO  | Hard-clipped 1 w_cons parameters to delta_max=0.0300 bound.
2026-08-12 00:48:11 | sleep.weights.plasticity       | INFO  | Hard-clipped 2 w_cons parameters to delta_max=0.0300 bound.
2026-08-12 00:48:11 | sleep.sleep_engine.train       | INFO  |   step 240/400 | loss=0.1916 | mean_loss=0.4386 | eta=4 | lr=4.13e-05
2026-08-12 00:48:12 | sleep.weights.plasticity       | INFO  | Hard-clipped 2 w_cons parameters to delta_max=0.0300 bound.
2026-08-12 00:48:12 | sleep.weights.plasticity       | INFO  | Hard-clipped 1 w_cons parameters to delta_max=0.0300 bound.
2026-08-12 00:48:13 | sleep.weights.plasticity       | INFO  | Hard-clipped 2 w_cons parameters to delta_max=0.0300 bound.
2026-08-12 00:48:13 | sleep.weights.plasticity       | INFO  | Hard-clipped 2 w_cons parameters to delta_max=0.0300 bound.
2026-08-12 00:48:14 | sleep.weights.plasticity       | INFO  | Hard-clipped 1 w_cons parameters to delta_max=0.0300 bound.
2026-08-12 00:48:14 | sleep.weights.plasticity       | INFO  | Hard-clipped 1 w_cons parameters to delta_max=0.0300 bound.
2026-08-12 00:48:15 | sleep.weights.plasticity       | INFO  | Hard-clipped 1 w_cons parameters to delta_max=0.0300 bound.
2026-08-12 00:48:16 | sleep.weights.plasticity       | INFO  | Hard-clipped 1 w_cons parameters to delta_max=0.0300 bound.
2026-08-12 00:48:16 | sleep.weights.plasticity       | INFO  | Hard-clipped 1 w_cons parameters to delta_max=0.0300 bound.
2026-08-12 00:48:17 | sleep.weights.plasticity       | INFO  | Hard-clipped 1 w_cons parameters to delta_max=0.0300 bound.
2026-08-12 00:48:17 | sleep.weights.plasticity       | INFO  | Hard-clipped 2 w_cons parameters to delta_max=0.0300 bound.
2026-08-12 00:48:18 | sleep.weights.plasticity       | INFO  | Hard-clipped 2 w_cons parameters to delta_max=0.0300 bound.
2026-08-12 00:48:18 | sleep.weights.plasticity       | INFO  | Hard-clipped 2 w_cons parameters to delta_max=0.0300 bound.
2026-08-12 00:48:19 | sleep.weights.plasticity       | INFO  | Hard-clipped 2 w_cons parameters to delta_max=0.0300 bound.
2026-08-12 00:48:19 | sleep.weights.plasticity       | INFO  | Hard-clipped 2 w_cons parameters to delta_max=0.0300 bound.
2026-08-12 00:48:20 | sleep.weights.plasticity       | INFO  | Hard-clipped 2 w_cons parameters to delta_max=0.0300 bound.
2026-08-12 00:48:20 | sleep.weights.plasticity       | INFO  | Hard-clipped 2 w_cons parameters to delta_max=0.0300 bound.
2026-08-12 00:48:21 | sleep.weights.plasticity       | INFO  | Hard-clipped 1 w_cons parameters to delta_max=0.0300 bound.
2026-08-12 00:48:21 | sleep.weights.plasticity       | INFO  | Hard-clipped 1 w_cons parameters to delta_max=0.0300 bound.
2026-08-12 00:48:22 | sleep.weights.plasticity       | INFO  | Hard-clipped 1 w_cons parameters to delta_max=0.0300 bound.
2026-08-12 00:48:22 | sleep.weights.plasticity       | INFO  | Hard-clipped 1 w_cons parameters to delta_max=0.0300 bound.
2026-08-12 00:48:23 | sleep.weights.plasticity       | INFO  | Hard-clipped 1 w_cons parameters to delta_max=0.0300 bound.
2026-08-12 00:48:24 | sleep.weights.plasticity       | INFO  | Hard-clipped 1 w_cons parameters to delta_max=0.0300 bound.
2026-08-12 00:48:24 | sleep.weights.plasticity       | INFO  | Hard-clipped 1 w_cons parameters to delta_max=0.0300 bound.
2026-08-12 00:48:25 | sleep.weights.plasticity       | INFO  | Hard-clipped 1 w_cons parameters to delta_max=0.0300 bound.
2026-08-12 00:48:25 | sleep.weights.plasticity       | INFO  | Hard-clipped 1 w_cons parameters to delta_max=0.0300 bound.
2026-08-12 00:48:26 | sleep.weights.plasticity       | INFO  | Hard-clipped 1 w_cons parameters to delta_max=0.0300 bound.
2026-08-12 00:48:26 | sleep.weights.plasticity       | INFO  | Hard-clipped 1 w_cons parameters to delta_max=0.0300 bound.
2026-08-12 00:48:27 | sleep.weights.plasticity       | INFO  | Hard-clipped 1 w_cons parameters to delta_max=0.0300 bound.
2026-08-12 00:48:27 | sleep.weights.plasticity       | INFO  | Hard-clipped 1 w_cons parameters to delta_max=0.0300 bound.
2026-08-12 00:48:28 | sleep.weights.plasticity       | INFO  | Hard-clipped 1 w_cons parameters to delta_max=0.0300 bound.
2026-08-12 00:48:28 | sleep.weights.plasticity       | INFO  | Hard-clipped 1 w_cons parameters to delta_max=0.0300 bound.
2026-08-12 00:48:29 | sleep.weights.plasticity       | INFO  | Hard-clipped 1 w_cons parameters to delta_max=0.0300 bound.
2026-08-12 00:48:29 | sleep.weights.plasticity       | INFO  | Hard-clipped 2 w_cons parameters to delta_max=0.0300 bound.
2026-08-12 00:48:30 | sleep.weights.plasticity       | INFO  | Hard-clipped 2 w_cons parameters to delta_max=0.0300 bound.
2026-08-12 00:48:31 | sleep.weights.plasticity       | INFO  | Hard-clipped 2 w_cons parameters to delta_max=0.0300 bound.
2026-08-12 00:48:31 | sleep.weights.plasticity       | INFO  | Hard-clipped 2 w_cons parameters to delta_max=0.0300 bound.
2026-08-12 00:48:32 | sleep.weights.plasticity       | INFO  | Hard-clipped 1 w_cons parameters to delta_max=0.0300 bound.
2026-08-12 00:48:32 | sleep.weights.plasticity       | INFO  | Hard-clipped 2 w_cons parameters to delta_max=0.0300 bound.
2026-08-12 00:48:33 | sleep.weights.plasticity       | INFO  | Hard-clipped 2 w_cons parameters to delta_max=0.0300 bound.
2026-08-12 00:48:33 | sleep.sleep_engine.train       | INFO  |   step 280/400 | loss=0.1708 | mean_loss=0.4035 | eta=4 | lr=2.50e-05
2026-08-12 00:48:33 | sleep.weights.plasticity       | INFO  | Hard-clipped 2 w_cons parameters to delta_max=0.0300 bound.
2026-08-12 00:48:34 | sleep.weights.plasticity       | INFO  | Hard-clipped 2 w_cons parameters to delta_max=0.0300 bound.
2026-08-12 00:48:34 | sleep.weights.plasticity       | INFO  | Hard-clipped 2 w_cons parameters to delta_max=0.0300 bound.
2026-08-12 00:48:35 | sleep.weights.plasticity       | INFO  | Hard-clipped 2 w_cons parameters to delta_max=0.0300 bound.
2026-08-12 00:48:35 | sleep.weights.plasticity       | INFO  | Hard-clipped 2 w_cons parameters to delta_max=0.0300 bound.
2026-08-12 00:48:36 | sleep.weights.plasticity       | INFO  | Hard-clipped 2 w_cons parameters to delta_max=0.0300 bound.
2026-08-12 00:48:36 | sleep.weights.plasticity       | INFO  | Hard-clipped 1 w_cons parameters to delta_max=0.0300 bound.
2026-08-12 00:48:37 | sleep.weights.plasticity       | INFO  | Hard-clipped 2 w_cons parameters to delta_max=0.0300 bound.
2026-08-12 00:48:37 | sleep.weights.plasticity       | INFO  | Hard-clipped 1 w_cons parameters to delta_max=0.0300 bound.
2026-08-12 00:48:38 | sleep.weights.plasticity       | INFO  | Hard-clipped 1 w_cons parameters to delta_max=0.0300 bound.
2026-08-12 00:48:38 | sleep.weights.plasticity       | INFO  | Hard-clipped 1 w_cons parameters to delta_max=0.0300 bound.
2026-08-12 00:48:39 | sleep.weights.plasticity       | INFO  | Hard-clipped 1 w_cons parameters to delta_max=0.0300 bound.
2026-08-12 00:48:39 | sleep.weights.plasticity       | INFO  | Hard-clipped 1 w_cons parameters to delta_max=0.0300 bound.
2026-08-12 00:48:40 | sleep.weights.plasticity       | INFO  | Hard-clipped 1 w_cons parameters to delta_max=0.0300 bound.
2026-08-12 00:48:40 | sleep.weights.plasticity       | INFO  | Hard-clipped 1 w_cons parameters to delta_max=0.0300 bound.
2026-08-12 00:48:41 | sleep.weights.plasticity       | INFO  | Hard-clipped 1 w_cons parameters to delta_max=0.0300 bound.
2026-08-12 00:48:42 | sleep.weights.plasticity       | INFO  | Hard-clipped 1 w_cons parameters to delta_max=0.0300 bound.
2026-08-12 00:48:42 | sleep.weights.plasticity       | INFO  | Hard-clipped 1 w_cons parameters to delta_max=0.0300 bound.
2026-08-12 00:48:43 | sleep.weights.plasticity       | INFO  | Hard-clipped 1 w_cons parameters to delta_max=0.0300 bound.
2026-08-12 00:48:43 | sleep.weights.plasticity       | INFO  | Hard-clipped 1 w_cons parameters to delta_max=0.0300 bound.
2026-08-12 00:48:44 | sleep.weights.plasticity       | INFO  | Hard-clipped 1 w_cons parameters to delta_max=0.0300 bound.
2026-08-12 00:48:44 | sleep.weights.plasticity       | INFO  | Hard-clipped 1 w_cons parameters to delta_max=0.0300 bound.
2026-08-12 00:48:45 | sleep.weights.plasticity       | INFO  | Hard-clipped 1 w_cons parameters to delta_max=0.0300 bound.
2026-08-12 00:48:45 | sleep.weights.plasticity       | INFO  | Hard-clipped 1 w_cons parameters to delta_max=0.0300 bound.
2026-08-12 00:48:46 | sleep.weights.plasticity       | INFO  | Hard-clipped 1 w_cons parameters to delta_max=0.0300 bound.
2026-08-12 00:48:49 | sleep.weights.plasticity       | INFO  | Hard-clipped 1 w_cons parameters to delta_max=0.0300 bound.
2026-08-12 00:48:50 | sleep.weights.plasticity       | INFO  | Hard-clipped 1 w_cons parameters to delta_max=0.0300 bound.
2026-08-12 00:48:50 | sleep.weights.plasticity       | INFO  | Hard-clipped 2 w_cons parameters to delta_max=0.0300 bound.
2026-08-12 00:48:51 | sleep.weights.plasticity       | INFO  | Hard-clipped 2 w_cons parameters to delta_max=0.0300 bound.
2026-08-12 00:48:51 | sleep.weights.plasticity       | INFO  | Hard-clipped 2 w_cons parameters to delta_max=0.0300 bound.
2026-08-12 00:48:52 | sleep.weights.plasticity       | INFO  | Hard-clipped 1 w_cons parameters to delta_max=0.0300 bound.
2026-08-12 00:48:52 | sleep.weights.plasticity       | INFO  | Hard-clipped 1 w_cons parameters to delta_max=0.0300 bound.
2026-08-12 00:48:53 | sleep.weights.plasticity       | INFO  | Hard-clipped 2 w_cons parameters to delta_max=0.0300 bound.
2026-08-12 00:48:53 | sleep.weights.plasticity       | INFO  | Hard-clipped 1 w_cons parameters to delta_max=0.0300 bound.
2026-08-12 00:48:54 | sleep.weights.plasticity       | INFO  | Hard-clipped 1 w_cons parameters to delta_max=0.0300 bound.
2026-08-12 00:48:54 | sleep.sleep_engine.train       | INFO  |   step 320/400 | loss=0.1992 | mean_loss=0.3773 | eta=9 | lr=1.17e-05
2026-08-12 00:48:54 | sleep.weights.plasticity       | INFO  | Hard-clipped 2 w_cons parameters to delta_max=0.0300 bound.
2026-08-12 00:48:55 | sleep.weights.plasticity       | INFO  | Hard-clipped 2 w_cons parameters to delta_max=0.0300 bound.
2026-08-12 00:48:55 | sleep.weights.plasticity       | INFO  | Hard-clipped 2 w_cons parameters to delta_max=0.0300 bound.
2026-08-12 00:48:56 | sleep.weights.plasticity       | INFO  | Hard-clipped 2 w_cons parameters to delta_max=0.0300 bound.
2026-08-12 00:48:58 | sleep.weights.plasticity       | INFO  | Hard-clipped 1 w_cons parameters to delta_max=0.0300 bound.
2026-08-12 00:48:59 | sleep.weights.plasticity       | INFO  | Hard-clipped 1 w_cons parameters to delta_max=0.0300 bound.
2026-08-12 00:48:59 | sleep.weights.plasticity       | INFO  | Hard-clipped 1 w_cons parameters to delta_max=0.0300 bound.
2026-08-12 00:49:00 | sleep.weights.plasticity       | INFO  | Hard-clipped 1 w_cons parameters to delta_max=0.0300 bound.
2026-08-12 00:49:00 | sleep.weights.plasticity       | INFO  | Hard-clipped 1 w_cons parameters to delta_max=0.0300 bound.
2026-08-12 00:49:15 | sleep.sleep_engine.train       | INFO  |   step 360/400 | loss=0.1869 | mean_loss=0.3566 | eta=9 | lr=3.02e-06
2026-08-12 00:49:37 | sleep.sleep_engine.train       | INFO  |   step 400/400 | loss=0.1910 | mean_loss=0.3401 | eta=9 | lr=0.00e+00
2026-08-12 00:49:37 | sleep.sleep_engine.train       | INFO  | Sleep training complete | n_steps=400 | final_loss=0.1910 | mean_loss=0.3401
2026-08-12 00:49:37 | sleep.metrics                  | INFO  | summary | {'sleep_train/final_loss': 0.19097624719142914, 'sleep_train/mean_loss': 0.3401142878457904, 'sleep_train/n_steps': 400}
2026-08-12 00:49:37 | sleep.sleep_engine             | INFO  | Phase 3 complete: 400 steps, final_loss=0.1910, mean_loss=0.3401
2026-08-12 00:49:37 | sleep.sleep_engine             | INFO  | Phase 4/5: PPL CHECK (skipped — no benchmark data)
2026-08-12 00:49:37 | sleep.sleep_engine             | INFO  | Phase 5/5: VALIDATE & CLEANUP
2026-08-12 00:49:37 | sleep.weights.plasticity       | INFO  | Saved checkpoint for adapter 'w_cons': 44 parameters.
2026-08-12 00:49:37 | sleep.weights.plasticity       | INFO  | Restored 44 parameters for adapter 'w_cons' from checkpoint.
2026-08-12 00:49:37 | sleep.weights.plasticity       | INFO  | Restored 44 parameters for adapter 'w_cons' from checkpoint.
2026-08-12 00:49:49 | sleep.sleep_engine             | INFO  | Two-stage validation: 11/15 passed surprise, 6 also passed the mini-recall gate (self-grading gap = 5)
2026-08-12 00:49:49 | sleep.sleep_engine.cleanup     | INFO  | Cleanup complete | passed=6 | failed=9 | permanently_removed=0
2026-08-12 00:49:49 | sleep.sleep_engine             | INFO  | Phase 5 complete: consolidated=6, failed=9, permanently_removed=0
2026-08-12 00:49:49 | sleep.metrics                  | INFO  | summary | {'sleep_engine/n_candidates': 15, 'sleep_engine/n_replays_generated': 245, 'sleep_engine/n_replays_accepted': 245, 'sleep_engine/n_consolidated': 6, 'sleep_engine/n_failed': 9, 'sleep_engine/n_permanently_removed': 0, 'sleep_engine/rolled_back': False}
2026-08-12 00:49:49 | sleep.weights.kv_memory        | INFO  | bank cleared: freed 13 tags / 501 tokens
2026-08-12 00:49:49 | sleep.sleep_engine             | INFO  | KV bank cleared (13 entries removed)
2026-08-12 00:49:49 | sleep.sleep_engine             | INFO  | KV memory injection: ENABLED
2026-08-12 00:49:49 | sleep.sleep_engine             | INFO  | === Sleep cycle END ===
2026-08-12 00:53:05 | sleep.evaluation.recall        | INFO  | Recall evaluation: DRA=0.1214 across 140 cases
2026-08-12 00:53:31 | sleep.evaluation.recall        | INFO  | Recall evaluation: DRA=0.2333 across 20 cases
2026-08-12 00:53:31 | sleep.evaluation.preservation  | INFO  | Perplexity evaluation: PPL=28.9258 (mean_loss=3.3647, 53 tokens)
2026-08-12 00:53:31 | sleep.evaluation.preservation  | INFO  | BCP: 5.2400 (current_ppl=28.9258, original_ppl=5.5201)
2026-08-12 00:53:31 | sleep.experiment.08            | INFO  | [sleep Cycle 7 EVAL] DRA cumulative=0.121 (39/140 hits); DRA current=0.233 (7/20 hits); BCP=5.2400
2026-08-12 00:53:31 | sleep.experiment.08            | INFO  | ======================================================================
2026-08-12 00:53:31 | sleep.experiment.08            | INFO  | [SLEEP Cycle 8] Wake phase: 20 facts
2026-08-12 00:53:31 | sleep.experiment.08            | INFO  | ======================================================================
2026-08-12 00:53:32 | sleep.tagging                  | INFO  | step=141 | 1 tags created from 1 spans | buffer: 77/40151 (0.2%)
2026-08-12 00:53:32 | sleep.tagging                  | INFO  | step=142 | 1 tags created from 1 spans | buffer: 78/40151 (0.2%)
2026-08-12 00:53:32 | sleep.tagging                  | INFO  | step=144 | 1 tags created from 1 spans | buffer: 79/40151 (0.2%)
2026-08-12 00:53:32 | sleep.tagging                  | INFO  | step=147 | 1 tags created from 1 spans | buffer: 80/40151 (0.2%)
2026-08-12 00:53:32 | sleep.tagging                  | INFO  | step=149 | 1 tags created from 1 spans | buffer: 81/40151 (0.2%)
2026-08-12 00:53:32 | sleep.tagging                  | INFO  | step=151 | 1 tags created from 1 spans | buffer: 82/40151 (0.2%)
2026-08-12 00:53:32 | sleep.tagging                  | INFO  | step=154 | 1 tags created from 1 spans | buffer: 83/40151 (0.2%)
2026-08-12 00:53:32 | sleep.tagging                  | INFO  | step=155 | 1 tags created from 1 spans | buffer: 84/40151 (0.2%)
2026-08-12 00:53:33 | sleep.tagging                  | INFO  | step=157 | 1 tags created from 1 spans | buffer: 85/40151 (0.2%)
2026-08-12 00:53:33 | sleep.experiment.08            | INFO  | [Cycle 8] Wake summary: 20 facts -> 9 KV writes; bank: 347/20000 tokens
2026-08-12 00:53:33 | sleep.prp                      | INFO  | step=160 | PRP update: 17/4015 allocated (0%) | +11 -0 | threshold=0.245 | mean_score=0.217
2026-08-12 00:53:33 | sleep.experiment.08            | INFO  | [Cycle 8] PRP: 17 allocated, 17 consolidation candidates
2026-08-12 00:53:33 | sleep.sleep_engine             | INFO  | === Sleep cycle START | 17 candidates ===
2026-08-12 00:53:33 | sleep.sleep_engine             | INFO  | Phase 1/5: GENERATE (strategy=paraphrase)
2026-08-12 00:53:33 | sleep.sleep_engine             | INFO  | KV memory injection: DISABLED
2026-08-12 00:53:33 | sleep.sleep_engine             | INFO  | Phase 1 (paraphrase strategy): 182 wordings from 8 unique sources (17 candidates)
2026-08-12 00:53:33 | sleep.sleep_engine             | INFO  | Phase 1 complete: 182/17 replays generated
2026-08-12 00:53:33 | sleep.sleep_engine             | INFO  | Phase 2/5: QUALITY CHECK
2026-08-12 00:53:33 | sleep.sleep_engine             | INFO  | Phase 2 complete: 182/182 replays accepted
2026-08-12 00:53:33 | sleep.sleep_engine             | INFO  | Phase 3/5: TRAIN (182 accepted replays)
2026-08-12 00:53:33 | sleep.sleep_engine             | INFO  | KV memory injection: DISABLED
2026-08-12 00:53:33 | sleep.weights.plasticity       | INFO  | Saved checkpoint for adapter 'w_cons': 44 parameters.
2026-08-12 00:53:33 | sleep.weights.plasticity       | INFO  | Saved checkpoint for adapter 'w_cons': 44 parameters.
2026-08-12 00:53:33 | sleep.sleep_engine.train       | INFO  | Starting sleep training | n_steps=400 | n_replay=182 | lr=1.00e-04 | device=cuda
2026-08-12 00:53:56 | sleep.sleep_engine.train       | INFO  |   step 40/400 | loss=0.2808 | mean_loss=1.2054 | eta=9 | lr=1.00e-04
2026-08-12 00:54:18 | sleep.sleep_engine.train       | INFO  |   step 80/400 | loss=0.2026 | mean_loss=0.7118 | eta=9 | lr=9.70e-05
2026-08-12 00:54:41 | sleep.sleep_engine.train       | INFO  |   step 120/400 | loss=0.1924 | mean_loss=0.5384 | eta=4 | lr=8.83e-05
2026-08-12 00:55:03 | sleep.sleep_engine.train       | INFO  |   step 160/400 | loss=0.1656 | mean_loss=0.4513 | eta=4 | lr=7.50e-05
2026-08-12 00:55:26 | sleep.sleep_engine.train       | INFO  |   step 200/400 | loss=0.1594 | mean_loss=0.3973 | eta=4 | lr=5.87e-05
2026-08-12 00:55:49 | sleep.sleep_engine.train       | INFO  |   step 240/400 | loss=0.1900 | mean_loss=0.3617 | eta=4 | lr=4.13e-05
2026-08-12 00:56:11 | sleep.sleep_engine.train       | INFO  |   step 280/400 | loss=0.1851 | mean_loss=0.3359 | eta=4 | lr=2.50e-05
2026-08-12 00:56:34 | sleep.sleep_engine.train       | INFO  |   step 320/400 | loss=0.1869 | mean_loss=0.3159 | eta=9 | lr=1.17e-05
2026-08-12 00:56:57 | sleep.sleep_engine.train       | INFO  |   step 360/400 | loss=0.1771 | mean_loss=0.3008 | eta=9 | lr=3.02e-06
2026-08-12 00:57:19 | sleep.sleep_engine.train       | INFO  |   step 400/400 | loss=0.1737 | mean_loss=0.2882 | eta=9 | lr=0.00e+00
2026-08-12 00:57:19 | sleep.sleep_engine.train       | INFO  | Sleep training complete | n_steps=400 | final_loss=0.1737 | mean_loss=0.2882
2026-08-12 00:57:19 | sleep.metrics                  | INFO  | summary | {'sleep_train/final_loss': 0.17365723848342896, 'sleep_train/mean_loss': 0.28821875762194393, 'sleep_train/n_steps': 400}
2026-08-12 00:57:19 | sleep.sleep_engine             | INFO  | Phase 3 complete: 400 steps, final_loss=0.1737, mean_loss=0.2882
2026-08-12 00:57:19 | sleep.sleep_engine             | INFO  | Phase 4/5: PPL CHECK (skipped — no benchmark data)
2026-08-12 00:57:19 | sleep.sleep_engine             | INFO  | Phase 5/5: VALIDATE & CLEANUP
2026-08-12 00:57:20 | sleep.weights.plasticity       | INFO  | Saved checkpoint for adapter 'w_cons': 44 parameters.
2026-08-12 00:57:20 | sleep.weights.plasticity       | INFO  | Restored 44 parameters for adapter 'w_cons' from checkpoint.
2026-08-12 00:57:20 | sleep.weights.plasticity       | INFO  | Restored 44 parameters for adapter 'w_cons' from checkpoint.
2026-08-12 00:57:26 | sleep.sleep_engine             | INFO  | Two-stage validation: 8/17 passed surprise, 3 also passed the mini-recall gate (self-grading gap = 5)
2026-08-12 00:57:26 | sleep.sleep_engine.cleanup     | INFO  | Cleanup complete | passed=3 | failed=14 | permanently_removed=0
2026-08-12 00:57:26 | sleep.sleep_engine             | INFO  | Phase 5 complete: consolidated=3, failed=14, permanently_removed=0
2026-08-12 00:57:26 | sleep.metrics                  | INFO  | summary | {'sleep_engine/n_candidates': 17, 'sleep_engine/n_replays_generated': 182, 'sleep_engine/n_replays_accepted': 182, 'sleep_engine/n_consolidated': 3, 'sleep_engine/n_failed': 14, 'sleep_engine/n_permanently_removed': 0, 'sleep_engine/rolled_back': False}
2026-08-12 00:57:26 | sleep.weights.kv_memory        | INFO  | bank cleared: freed 9 tags / 347 tokens
2026-08-12 00:57:26 | sleep.sleep_engine             | INFO  | KV bank cleared (9 entries removed)
2026-08-12 00:57:26 | sleep.sleep_engine             | INFO  | KV memory injection: ENABLED
2026-08-12 00:57:26 | sleep.sleep_engine             | INFO  | === Sleep cycle END ===
2026-08-12 01:00:30 | sleep.evaluation.recall        | INFO  | Recall evaluation: DRA=0.0667 across 160 cases
2026-08-12 01:00:53 | sleep.evaluation.recall        | INFO  | Recall evaluation: DRA=0.2167 across 20 cases
2026-08-12 01:00:53 | sleep.evaluation.preservation  | INFO  | Perplexity evaluation: PPL=24.1479 (mean_loss=3.1842, 53 tokens)
2026-08-12 01:00:53 | sleep.evaluation.preservation  | INFO  | BCP: 4.3745 (current_ppl=24.1479, original_ppl=5.5201)
2026-08-12 01:00:53 | sleep.experiment.08            | INFO  | [sleep Cycle 8 EVAL] DRA cumulative=0.067 (26/160 hits); DRA current=0.217 (8/20 hits); BCP=4.3745
2026-08-12 01:00:53 | sleep.experiment.08            | INFO  | ======================================================================
2026-08-12 01:00:53 | sleep.experiment.08            | INFO  | [SLEEP Cycle 9] Wake phase: 20 facts
2026-08-12 01:00:53 | sleep.experiment.08            | INFO  | ======================================================================
2026-08-12 01:00:53 | sleep.tagging                  | INFO  | step=161 | 1 tags created from 1 spans | buffer: 86/40151 (0.2%)
2026-08-12 01:00:53 | sleep.tagging                  | INFO  | step=162 | 1 tags created from 1 spans | buffer: 87/40151 (0.2%)
2026-08-12 01:00:53 | sleep.tagging                  | INFO  | step=164 | 1 tags created from 1 spans | buffer: 88/40151 (0.2%)
2026-08-12 01:00:53 | sleep.tagging                  | INFO  | step=166 | 1 tags created from 1 spans | buffer: 89/40151 (0.2%)
2026-08-12 01:00:53 | sleep.tagging                  | INFO  | step=168 | 1 tags created from 1 spans | buffer: 90/40151 (0.2%)
2026-08-12 01:00:54 | sleep.tagging                  | INFO  | step=171 | 1 tags created from 1 spans | buffer: 91/40151 (0.2%)
2026-08-12 01:00:54 | sleep.tagging                  | INFO  | step=174 | 1 tags created from 1 spans | buffer: 92/40151 (0.2%)
2026-08-12 01:00:54 | sleep.tagging                  | INFO  | step=176 | 1 tags created from 1 spans | buffer: 93/40151 (0.2%)
2026-08-12 01:00:54 | sleep.tagging                  | INFO  | step=177 | 1 tags created from 1 spans | buffer: 94/40151 (0.2%)
2026-08-12 01:00:54 | sleep.experiment.08            | INFO  | [Cycle 9] Wake summary: 20 facts -> 9 KV writes; bank: 352/20000 tokens
2026-08-12 01:00:54 | sleep.prp                      | INFO  | step=180 | PRP update: 15/4015 allocated (0%) | +12 -0 | threshold=0.230 | mean_score=0.203
2026-08-12 01:00:54 | sleep.experiment.08            | INFO  | [Cycle 9] PRP: 15 allocated, 15 consolidation candidates
2026-08-12 01:00:54 | sleep.sleep_engine             | INFO  | === Sleep cycle START | 15 candidates ===
2026-08-12 01:00:54 | sleep.sleep_engine             | INFO  | Phase 1/5: GENERATE (strategy=paraphrase)
2026-08-12 01:00:54 | sleep.sleep_engine             | INFO  | KV memory injection: DISABLED
2026-08-12 01:00:54 | sleep.sleep_engine             | INFO  | Phase 1 (paraphrase strategy): 154 wordings from 7 unique sources (15 candidates)
2026-08-12 01:00:54 | sleep.sleep_engine             | INFO  | Phase 1 complete: 154/15 replays generated
2026-08-12 01:00:54 | sleep.sleep_engine             | INFO  | Phase 2/5: QUALITY CHECK
2026-08-12 01:00:54 | sleep.sleep_engine             | INFO  | Phase 2 complete: 154/154 replays accepted
2026-08-12 01:00:54 | sleep.sleep_engine             | INFO  | Phase 3/5: TRAIN (154 accepted replays)
2026-08-12 01:00:54 | sleep.sleep_engine             | INFO  | KV memory injection: DISABLED
2026-08-12 01:00:54 | sleep.weights.plasticity       | INFO  | Saved checkpoint for adapter 'w_cons': 44 parameters.
2026-08-12 01:00:54 | sleep.weights.plasticity       | INFO  | Saved checkpoint for adapter 'w_cons': 44 parameters.
2026-08-12 01:00:54 | sleep.sleep_engine.train       | INFO  | Starting sleep training | n_steps=400 | n_replay=154 | lr=1.00e-04 | device=cuda
2026-08-12 01:01:15 | sleep.sleep_engine.train       | INFO  |   step 40/400 | loss=0.2667 | mean_loss=1.2509 | eta=9 | lr=1.00e-04
2026-08-12 01:01:36 | sleep.sleep_engine.train       | INFO  |   step 80/400 | loss=0.1984 | mean_loss=0.7246 | eta=9 | lr=9.70e-05
2026-08-12 01:01:57 | sleep.sleep_engine.train       | INFO  |   step 120/400 | loss=0.1826 | mean_loss=0.5425 | eta=4 | lr=8.83e-05
2026-08-12 01:02:18 | sleep.sleep_engine.train       | INFO  |   step 160/400 | loss=0.1694 | mean_loss=0.4506 | eta=4 | lr=7.50e-05
2026-08-12 01:02:38 | sleep.sleep_engine.train       | INFO  |   step 200/400 | loss=0.1598 | mean_loss=0.3953 | eta=4 | lr=5.87e-05
2026-08-12 01:02:59 | sleep.sleep_engine.train       | INFO  |   step 240/400 | loss=0.1691 | mean_loss=0.3580 | eta=4 | lr=4.13e-05
2026-08-12 01:03:20 | sleep.sleep_engine.train       | INFO  |   step 280/400 | loss=0.1718 | mean_loss=0.3313 | eta=4 | lr=2.50e-05
2026-08-12 01:03:41 | sleep.sleep_engine.train       | INFO  |   step 320/400 | loss=0.1693 | mean_loss=0.3112 | eta=9 | lr=1.17e-05
2026-08-12 01:04:02 | sleep.sleep_engine.train       | INFO  |   step 360/400 | loss=0.1689 | mean_loss=0.2952 | eta=9 | lr=3.02e-06
2026-08-12 01:04:23 | sleep.sleep_engine.train       | INFO  |   step 400/400 | loss=0.1719 | mean_loss=0.2829 | eta=9 | lr=0.00e+00
2026-08-12 01:04:23 | sleep.sleep_engine.train       | INFO  | Sleep training complete | n_steps=400 | final_loss=0.1719 | mean_loss=0.2829
2026-08-12 01:04:23 | sleep.metrics                  | INFO  | summary | {'sleep_train/final_loss': 0.17187730967998505, 'sleep_train/mean_loss': 0.28288920514285565, 'sleep_train/n_steps': 400}
2026-08-12 01:04:23 | sleep.sleep_engine             | INFO  | Phase 3 complete: 400 steps, final_loss=0.1719, mean_loss=0.2829
2026-08-12 01:04:23 | sleep.sleep_engine             | INFO  | Phase 4/5: PPL CHECK (skipped — no benchmark data)
2026-08-12 01:04:23 | sleep.sleep_engine             | INFO  | Phase 5/5: VALIDATE & CLEANUP
2026-08-12 01:04:23 | sleep.weights.plasticity       | INFO  | Saved checkpoint for adapter 'w_cons': 44 parameters.
2026-08-12 01:04:23 | sleep.weights.plasticity       | INFO  | Restored 44 parameters for adapter 'w_cons' from checkpoint.
2026-08-12 01:04:23 | sleep.weights.plasticity       | INFO  | Restored 44 parameters for adapter 'w_cons' from checkpoint.
2026-08-12 01:04:31 | sleep.sleep_engine             | INFO  | Two-stage validation: 7/15 passed surprise, 5 also passed the mini-recall gate (self-grading gap = 2)
2026-08-12 01:04:31 | sleep.sleep_engine.cleanup     | INFO  | Cleanup complete | passed=5 | failed=10 | permanently_removed=0
2026-08-12 01:04:31 | sleep.sleep_engine             | INFO  | Phase 5 complete: consolidated=5, failed=10, permanently_removed=0
2026-08-12 01:04:31 | sleep.metrics                  | INFO  | summary | {'sleep_engine/n_candidates': 15, 'sleep_engine/n_replays_generated': 154, 'sleep_engine/n_replays_accepted': 154, 'sleep_engine/n_consolidated': 5, 'sleep_engine/n_failed': 10, 'sleep_engine/n_permanently_removed': 0, 'sleep_engine/rolled_back': False}
2026-08-12 01:04:31 | sleep.weights.kv_memory        | INFO  | bank cleared: freed 9 tags / 352 tokens
2026-08-12 01:04:31 | sleep.sleep_engine             | INFO  | KV bank cleared (9 entries removed)
2026-08-12 01:04:31 | sleep.sleep_engine             | INFO  | KV memory injection: ENABLED
2026-08-12 01:04:31 | sleep.sleep_engine             | INFO  | === Sleep cycle END ===
2026-08-12 01:08:11 | sleep.evaluation.recall        | INFO  | Recall evaluation: DRA=0.0704 across 180 cases
2026-08-12 01:08:37 | sleep.evaluation.recall        | INFO  | Recall evaluation: DRA=0.2667 across 20 cases
2026-08-12 01:08:37 | sleep.evaluation.preservation  | INFO  | Perplexity evaluation: PPL=29.5131 (mean_loss=3.3848, 53 tokens)
2026-08-12 01:08:37 | sleep.evaluation.preservation  | INFO  | BCP: 5.3464 (current_ppl=29.5131, original_ppl=5.5201)
2026-08-12 01:08:37 | sleep.experiment.08            | INFO  | [sleep Cycle 9 EVAL] DRA cumulative=0.070 (29/180 hits); DRA current=0.267 (8/20 hits); BCP=5.3464
2026-08-12 01:08:37 | sleep.experiment.08            | INFO  | ======================================================================
2026-08-12 01:08:37 | sleep.experiment.08            | INFO  | [SLEEP Cycle 10] Wake phase: 20 facts
2026-08-12 01:08:37 | sleep.experiment.08            | INFO  | ======================================================================
2026-08-12 01:08:37 | sleep.tagging                  | INFO  | step=182 | 1 tags created from 1 spans | buffer: 95/40151 (0.2%)
2026-08-12 01:08:37 | sleep.tagging                  | INFO  | step=184 | 1 tags created from 1 spans | buffer: 96/40151 (0.2%)
2026-08-12 01:08:38 | sleep.tagging                  | INFO  | step=187 | 1 tags created from 1 spans | buffer: 97/40151 (0.2%)
2026-08-12 01:08:38 | sleep.tagging                  | INFO  | step=191 | 1 tags created from 1 spans | buffer: 98/40151 (0.2%)
2026-08-12 01:08:38 | sleep.tagging                  | INFO  | step=194 | 1 tags created from 1 spans | buffer: 99/40151 (0.2%)
2026-08-12 01:08:38 | sleep.tagging                  | INFO  | step=196 | 1 tags created from 1 spans | buffer: 100/40151 (0.2%)
2026-08-12 01:08:38 | sleep.tagging                  | INFO  | step=197 | 1 tags created from 1 spans | buffer: 101/40151 (0.3%)
2026-08-12 01:08:38 | sleep.experiment.08            | INFO  | [Cycle 10] Wake summary: 20 facts -> 7 KV writes; bank: 276/20000 tokens
2026-08-12 01:08:38 | sleep.prp                      | INFO  | step=200 | PRP update: 15/4015 allocated (0%) | +10 -0 | threshold=0.224 | mean_score=0.198
2026-08-12 01:08:38 | sleep.experiment.08            | INFO  | [Cycle 10] PRP: 15 allocated, 15 consolidation candidates
2026-08-12 01:08:38 | sleep.sleep_engine             | INFO  | === Sleep cycle START | 15 candidates ===
2026-08-12 01:08:38 | sleep.sleep_engine             | INFO  | Phase 1/5: GENERATE (strategy=paraphrase)
2026-08-12 01:08:38 | sleep.sleep_engine             | INFO  | KV memory injection: DISABLED
2026-08-12 01:08:38 | sleep.sleep_engine             | INFO  | Phase 1 (paraphrase strategy): 135 wordings from 6 unique sources (15 candidates)
2026-08-12 01:08:38 | sleep.sleep_engine             | INFO  | Phase 1 complete: 135/15 replays generated
2026-08-12 01:08:38 | sleep.sleep_engine             | INFO  | Phase 2/5: QUALITY CHECK
2026-08-12 01:08:38 | sleep.sleep_engine             | INFO  | Phase 2 complete: 135/135 replays accepted
2026-08-12 01:08:38 | sleep.sleep_engine             | INFO  | Phase 3/5: TRAIN (135 accepted replays)
2026-08-12 01:08:38 | sleep.sleep_engine             | INFO  | KV memory injection: DISABLED
2026-08-12 01:08:38 | sleep.weights.plasticity       | INFO  | Saved checkpoint for adapter 'w_cons': 44 parameters.
2026-08-12 01:08:39 | sleep.weights.plasticity       | INFO  | Saved checkpoint for adapter 'w_cons': 44 parameters.
2026-08-12 01:08:39 | sleep.sleep_engine.train       | INFO  | Starting sleep training | n_steps=400 | n_replay=135 | lr=1.00e-04 | device=cuda
2026-08-12 01:08:59 | sleep.sleep_engine.train       | INFO  |   step 40/400 | loss=0.1838 | mean_loss=0.8302 | eta=9 | lr=1.00e-04
2026-08-12 01:09:20 | sleep.sleep_engine.train       | INFO  |   step 80/400 | loss=0.1774 | mean_loss=0.5056 | eta=9 | lr=9.70e-05
2026-08-12 01:09:41 | sleep.sleep_engine.train       | INFO  |   step 120/400 | loss=0.1575 | mean_loss=0.3937 | eta=4 | lr=8.83e-05
2026-08-12 01:10:02 | sleep.sleep_engine.train       | INFO  |   step 160/400 | loss=0.1772 | mean_loss=0.3380 | eta=4 | lr=7.50e-05
2026-08-12 01:10:24 | sleep.sleep_engine.train       | INFO  |   step 200/400 | loss=0.1643 | mean_loss=0.3042 | eta=4 | lr=5.87e-05
2026-08-12 01:10:45 | sleep.sleep_engine.train       | INFO  |   step 240/400 | loss=0.1615 | mean_loss=0.2817 | eta=4 | lr=4.13e-05
2026-08-12 01:11:06 | sleep.sleep_engine.train       | INFO  |   step 280/400 | loss=0.1733 | mean_loss=0.2657 | eta=4 | lr=2.50e-05
2026-08-12 01:11:27 | sleep.sleep_engine.train       | INFO  |   step 320/400 | loss=0.1664 | mean_loss=0.2537 | eta=9 | lr=1.17e-05
2026-08-12 01:11:48 | sleep.sleep_engine.train       | INFO  |   step 360/400 | loss=0.1731 | mean_loss=0.2439 | eta=9 | lr=3.02e-06
2026-08-12 01:12:09 | sleep.sleep_engine.train       | INFO  |   step 400/400 | loss=0.1536 | mean_loss=0.2362 | eta=9 | lr=0.00e+00
2026-08-12 01:12:09 | sleep.sleep_engine.train       | INFO  | Sleep training complete | n_steps=400 | final_loss=0.1536 | mean_loss=0.2362
2026-08-12 01:12:09 | sleep.metrics                  | INFO  | summary | {'sleep_train/final_loss': 0.1535883992910385, 'sleep_train/mean_loss': 0.2362148990109563, 'sleep_train/n_steps': 400}
2026-08-12 01:12:09 | sleep.sleep_engine             | INFO  | Phase 3 complete: 400 steps, final_loss=0.1536, mean_loss=0.2362
2026-08-12 01:12:09 | sleep.sleep_engine             | INFO  | Phase 4/5: PPL CHECK (skipped — no benchmark data)
2026-08-12 01:12:09 | sleep.sleep_engine             | INFO  | Phase 5/5: VALIDATE & CLEANUP
2026-08-12 01:12:09 | sleep.weights.plasticity       | INFO  | Saved checkpoint for adapter 'w_cons': 44 parameters.
2026-08-12 01:12:09 | sleep.weights.plasticity       | INFO  | Restored 44 parameters for adapter 'w_cons' from checkpoint.
2026-08-12 01:12:09 | sleep.weights.plasticity       | INFO  | Restored 44 parameters for adapter 'w_cons' from checkpoint.
2026-08-12 01:12:17 | sleep.sleep_engine             | INFO  | Two-stage validation: 6/15 passed surprise, 5 also passed the mini-recall gate (self-grading gap = 1)
2026-08-12 01:12:17 | sleep.sleep_engine.cleanup     | INFO  | Cleanup complete | passed=5 | failed=10 | permanently_removed=0
2026-08-12 01:12:17 | sleep.sleep_engine             | INFO  | Phase 5 complete: consolidated=5, failed=10, permanently_removed=0
2026-08-12 01:12:17 | sleep.metrics                  | INFO  | summary | {'sleep_engine/n_candidates': 15, 'sleep_engine/n_replays_generated': 135, 'sleep_engine/n_replays_accepted': 135, 'sleep_engine/n_consolidated': 5, 'sleep_engine/n_failed': 10, 'sleep_engine/n_permanently_removed': 0, 'sleep_engine/rolled_back': False}
2026-08-12 01:12:17 | sleep.weights.kv_memory        | INFO  | bank cleared: freed 7 tags / 276 tokens
2026-08-12 01:12:17 | sleep.sleep_engine             | INFO  | KV bank cleared (7 entries removed)
2026-08-12 01:12:17 | sleep.sleep_engine             | INFO  | KV memory injection: ENABLED
2026-08-12 01:12:17 | sleep.sleep_engine             | INFO  | === Sleep cycle END ===
2026-08-12 01:14:54 | sleep.evaluation.recall        | INFO  | Recall evaluation: DRA=0.0617 across 200 cases
2026-08-12 01:15:11 | sleep.evaluation.recall        | INFO  | Recall evaluation: DRA=0.1833 across 20 cases
2026-08-12 01:15:11 | sleep.evaluation.preservation  | INFO  | Perplexity evaluation: PPL=50.7669 (mean_loss=3.9272, 53 tokens)
2026-08-12 01:15:11 | sleep.evaluation.preservation  | INFO  | BCP: 9.1967 (current_ppl=50.7669, original_ppl=5.5201)
2026-08-12 01:15:11 | sleep.experiment.08            | INFO  | [sleep Cycle 10 EVAL] DRA cumulative=0.062 (27/200 hits); DRA current=0.183 (6/20 hits); BCP=9.1967

==============================================================================
MULTI-CYCLE SUMMARY (sleep)
==============================================================================
Cycle  Cum N   DRA cum    DRA cur    BCP       
--------------------------------------------------
1      20      0.0833     0.0833     1.3219    
2      40      0.0833     0.1667     5.8709    
3      60      0.0722     0.1500     5.4916    
4      80      0.0333     0.0500     5.7238    
5      100     0.0567     0.1500     5.7218    
6      120     0.0611     0.1000     6.7821    
7      140     0.1214     0.2333     5.2400    
8      160     0.0667     0.2167     4.3745    
9      180     0.0704     0.2667     5.3464    
10     200     0.0617     0.1833     9.1967    

Results saved to: /workspace/results/d3_llama_v2mod_s1.json
