2026-08-12 02:08:55 | sleep.utils.seed               | INFO  | Seeded all RNGs with seed=0 (deterministic_algorithms=False)
==============================================================================
EXPERIMENT 08: Multi-Cycle Continual Learning
  Method:     sleep
  Cycles:     10
  Batch size: 20
==============================================================================
  Loaded 200 facts (will run 10 cycles of 20 each)

Loading model: /workspace/models/mistral-7b (eager attention)
[transformers] `torch_dtype` is deprecated! Use `dtype` instead!
Loading weights:   0%|          | 0/291 [00:00<?, ?it/s]Loading weights: 100%|██████████| 291/291 [00:00<00:00, 5490.82it/s]
  Model: 7.242B params
2026-08-12 02:08:59 | sleep.weights.lora             | INFO  | LoRA target modules for mistral: ['up_proj', 'down_proj']
2026-08-12 02:08:59 | sleep.weights.lora             | INFO  | LoRA config: rank=16, alpha=32, selection=middle, layers=[10, 11, 12, 13, 14, 15, 16, 17, 18, 19, 20] (of 32 total), targets=['up_proj', 'down_proj']
2026-08-12 02:09:00 | sleep.weights.lora             | INFO  | Created LoRA adapter 'w_fast': 6488064 trainable parameters (0.0895% of base model)
2026-08-12 02:09:00 | sleep.weights.lora             | INFO  | LoRA target modules for mistral: ['up_proj', 'down_proj']
2026-08-12 02:09:00 | sleep.weights.lora             | INFO  | LoRA config: rank=16, alpha=32, selection=middle, layers=[10, 11, 12, 13, 14, 15, 16, 17, 18, 19, 20] (of 32 total), targets=['up_proj', 'down_proj']
2026-08-12 02:09:01 | sleep.weights.lora             | INFO  | Dual adapters ready: w_fast=6488064 params, w_cons=6488064 params
/usr/local/lib/python3.11/dist-packages/peft/tuners/tuners_utils.py:2193: UserWarning: Adapter cannot be set when the model is merged. Unmerging the model first.
  warnings.warn("Adapter cannot be set when the model is merged. Unmerging the model first.")
2026-08-12 02:09:01 | sleep.weights.fast_update      | INFO  | FastWeightUpdater initialized: 44 parameter groups, alpha_base=1.00e-04, momentum=0.90
2026-08-12 02:09:01 | sleep.weights.plasticity       | INFO  | Adapted layers: [10, 11, 12, 13, 14, 15, 16, 17, 18, 19, 20] (middle 33% of 32 layers)
2026-08-12 02:09:01 | sleep.weights.plasticity       | INFO  | Injection layers: [22, 23, 24, 25, 26, 27, 28, 29, 30, 31] (top 33% of 32 layers)
2026-08-12 02:09:01 | sleep.weights.plasticity       | INFO  | Computed Frobenius norms for 224 base model weight matrices.
2026-08-12 02:09:01 | sleep.weights.kv_injection     | INFO  | KVInjector installed on 10 layers: [22, 23, 24, 25, 26, 27, 28, 29, 30, 31]
2026-08-12 02:09:01 | sleep.weights                  | INFO  | KV memory mode enabled | adapted_layers=[10, 11, 12, 13, 14, 15, 16, 17, 18, 19, 20] | num_kv_heads=8 | head_dim=128 | max_total_tokens=20000 | top_k=64 | device=cuda:0 | dtype=torch.bfloat16
2026-08-12 02:09:01 | sleep.weights                  | INFO  | DualWeightSystem initialized | W_fast: 6,488,064 params | W_cons: 6,488,064 params | Adapted layers: [10, 11, 12, 13, 14, 15, 16, 17, 18, 19, 20] | Plasticity: 0.188–0.452 | KV bank installed
/usr/local/lib/python3.11/dist-packages/peft/tuners/lora/layer.py:983: UserWarning: Already unmerged. Nothing to do.
  warnings.warn("Already unmerged. Nothing to do.")
2026-08-12 02:09:02 | sleep.sleep_engine.quality     | INFO  | Baseline surprise computed: mu_surprise=1.4738 nats over 62 tokens

Measuring baseline PPL on controls...
2026-08-12 02:09:02 | sleep.evaluation.preservation  | INFO  | Perplexity evaluation: PPL=4.3646 (mean_loss=1.4735, 62 tokens)
  Baseline PPL: 4.3646
2026-08-12 02:09:02 | sleep.experiment.08            | INFO  | ======================================================================
2026-08-12 02:09:02 | sleep.experiment.08            | INFO  | [SLEEP Cycle 1] Wake phase: 20 facts
2026-08-12 02:09:02 | sleep.experiment.08            | INFO  | ======================================================================
2026-08-12 02:09:02 | sleep.tagging                  | INFO  | step=1 | 2 tags created from 2 spans | buffer: 2/36208 (0.0%)
2026-08-12 02:09:02 | sleep.tagging                  | INFO  | step=2 | 2 tags created from 2 spans | buffer: 4/36208 (0.0%)
2026-08-12 02:09:02 | sleep.tagging                  | INFO  | step=3 | 2 tags created from 2 spans | buffer: 6/36208 (0.0%)
2026-08-12 02:09:03 | sleep.tagging                  | INFO  | step=6 | 1 tags created from 1 spans | buffer: 7/36208 (0.0%)
2026-08-12 02:09:03 | sleep.tagging                  | INFO  | step=7 | 1 tags created from 1 spans | buffer: 8/36208 (0.0%)
2026-08-12 02:09:03 | sleep.tagging                  | INFO  | step=8 | 1 tags created from 1 spans | buffer: 9/36208 (0.0%)
2026-08-12 02:09:03 | sleep.tagging                  | INFO  | step=9 | 1 tags created from 1 spans | buffer: 10/36208 (0.0%)
2026-08-12 02:09:03 | sleep.tagging                  | INFO  | step=11 | 1 tags created from 1 spans | buffer: 11/36208 (0.0%)
2026-08-12 02:09:03 | sleep.tagging                  | INFO  | step=12 | 1 tags created from 1 spans | buffer: 12/36208 (0.0%)
2026-08-12 02:09:03 | sleep.tagging                  | INFO  | step=14 | 1 tags created from 1 spans | buffer: 13/36208 (0.0%)
2026-08-12 02:09:04 | sleep.tagging                  | INFO  | step=16 | 1 tags created from 1 spans | buffer: 14/36208 (0.0%)
2026-08-12 02:09:04 | sleep.tagging                  | INFO  | step=18 | 1 tags created from 1 spans | buffer: 15/36208 (0.0%)
2026-08-12 02:09:04 | sleep.experiment.08            | INFO  | [Cycle 1] Wake summary: 20 facts -> 12 KV writes; bank: 568/20000 tokens
2026-08-12 02:09:04 | sleep.prp                      | INFO  | step=20 | PRP update: 6/3620 allocated (0%) | +6 -0 | threshold=0.325 | mean_score=0.291
2026-08-12 02:09:04 | sleep.experiment.08            | INFO  | [Cycle 1] PRP: 6 allocated, 6 consolidation candidates
2026-08-12 02:09:04 | sleep.sleep_engine             | INFO  | === Sleep cycle START | 6 candidates ===
2026-08-12 02:09:04 | sleep.sleep_engine             | INFO  | Phase 1/5: GENERATE (strategy=paraphrase)
2026-08-12 02:09:04 | sleep.sleep_engine             | INFO  | KV memory injection: DISABLED
2026-08-12 02:09:04 | sleep.sleep_engine             | INFO  | Phase 1 (paraphrase strategy): 138 wordings from 6 unique sources (6 candidates)
2026-08-12 02:09:04 | sleep.sleep_engine             | INFO  | Phase 1 complete: 138/6 replays generated
2026-08-12 02:09:04 | sleep.sleep_engine             | INFO  | Phase 2/5: QUALITY CHECK
2026-08-12 02:09:04 | sleep.sleep_engine             | INFO  | Phase 2 complete: 138/138 replays accepted
2026-08-12 02:09:04 | sleep.sleep_engine             | INFO  | Phase 3/5: TRAIN (138 accepted replays)
2026-08-12 02:09:04 | sleep.sleep_engine             | INFO  | KV memory injection: DISABLED
2026-08-12 02:09:04 | sleep.weights.plasticity       | INFO  | Saved checkpoint for adapter 'w_cons': 44 parameters.
2026-08-12 02:09:04 | sleep.weights.plasticity       | INFO  | Saved checkpoint for adapter 'w_cons': 44 parameters.
2026-08-12 02:09:04 | sleep.sleep_engine.train       | INFO  | Sleep distill-training: 6 facts | 400 steps | lr=1.00e-04 | T=2
2026-08-12 02:09:04 | sleep.sleep_engine.train       | INFO  |   distill step 1/400 | loss=4.1142 (kl=2.1367 ce=3.9551) | lr=2.50e-06
2026-08-12 02:09:11 | sleep.sleep_engine.train       | INFO  |   distill step 40/400 | loss=2.7470 (kl=1.4197 ce=2.6544) | lr=1.00e-04
2026-08-12 02:09:11 | sleep.weights.plasticity       | INFO  | Hard-clipped 1 w_cons parameters to delta_max=0.1000 bound.
2026-08-12 02:09:11 | sleep.weights.plasticity       | INFO  | Hard-clipped 1 w_cons parameters to delta_max=0.1000 bound.
2026-08-12 02:09:11 | sleep.weights.plasticity       | INFO  | Hard-clipped 2 w_cons parameters to delta_max=0.1000 bound.
2026-08-12 02:09:12 | sleep.weights.plasticity       | INFO  | Hard-clipped 2 w_cons parameters to delta_max=0.1000 bound.
2026-08-12 02:09:12 | sleep.weights.plasticity       | INFO  | Hard-clipped 2 w_cons parameters to delta_max=0.1000 bound.
2026-08-12 02:09:12 | sleep.weights.plasticity       | INFO  | Hard-clipped 2 w_cons parameters to delta_max=0.1000 bound.
2026-08-12 02:09:12 | sleep.weights.plasticity       | INFO  | Hard-clipped 2 w_cons parameters to delta_max=0.1000 bound.
2026-08-12 02:09:12 | sleep.weights.plasticity       | INFO  | Hard-clipped 2 w_cons parameters to delta_max=0.1000 bound.
2026-08-12 02:09:12 | sleep.weights.plasticity       | INFO  | Hard-clipped 3 w_cons parameters to delta_max=0.1000 bound.
2026-08-12 02:09:13 | sleep.weights.plasticity       | INFO  | Hard-clipped 3 w_cons parameters to delta_max=0.1000 bound.
2026-08-12 02:09:13 | sleep.weights.plasticity       | INFO  | Hard-clipped 3 w_cons parameters to delta_max=0.1000 bound.
2026-08-12 02:09:13 | sleep.weights.plasticity       | INFO  | Hard-clipped 3 w_cons parameters to delta_max=0.1000 bound.
2026-08-12 02:09:13 | sleep.weights.plasticity       | INFO  | Hard-clipped 3 w_cons parameters to delta_max=0.1000 bound.
2026-08-12 02:09:13 | sleep.weights.plasticity       | INFO  | Hard-clipped 3 w_cons parameters to delta_max=0.1000 bound.
2026-08-12 02:09:13 | sleep.weights.plasticity       | INFO  | Hard-clipped 3 w_cons parameters to delta_max=0.1000 bound.
2026-08-12 02:09:14 | sleep.weights.plasticity       | INFO  | Hard-clipped 3 w_cons parameters to delta_max=0.1000 bound.
2026-08-12 02:09:14 | sleep.weights.plasticity       | INFO  | Hard-clipped 3 w_cons parameters to delta_max=0.1000 bound.
2026-08-12 02:09:14 | sleep.weights.plasticity       | INFO  | Hard-clipped 3 w_cons parameters to delta_max=0.1000 bound.
2026-08-12 02:09:14 | sleep.weights.plasticity       | INFO  | Hard-clipped 3 w_cons parameters to delta_max=0.1000 bound.
2026-08-12 02:09:14 | sleep.weights.plasticity       | INFO  | Hard-clipped 3 w_cons parameters to delta_max=0.1000 bound.
2026-08-12 02:09:14 | sleep.weights.plasticity       | INFO  | Hard-clipped 3 w_cons parameters to delta_max=0.1000 bound.
2026-08-12 02:09:14 | sleep.weights.plasticity       | INFO  | Hard-clipped 3 w_cons parameters to delta_max=0.1000 bound.
2026-08-12 02:09:15 | sleep.weights.plasticity       | INFO  | Hard-clipped 3 w_cons parameters to delta_max=0.1000 bound.
2026-08-12 02:09:15 | sleep.weights.plasticity       | INFO  | Hard-clipped 3 w_cons parameters to delta_max=0.1000 bound.
2026-08-12 02:09:15 | sleep.weights.plasticity       | INFO  | Hard-clipped 3 w_cons parameters to delta_max=0.1000 bound.
2026-08-12 02:09:15 | sleep.weights.plasticity       | INFO  | Hard-clipped 3 w_cons parameters to delta_max=0.1000 bound.
2026-08-12 02:09:15 | sleep.weights.plasticity       | INFO  | Hard-clipped 3 w_cons parameters to delta_max=0.1000 bound.
2026-08-12 02:09:15 | sleep.weights.plasticity       | INFO  | Hard-clipped 3 w_cons parameters to delta_max=0.1000 bound.
2026-08-12 02:09:16 | sleep.weights.plasticity       | INFO  | Hard-clipped 3 w_cons parameters to delta_max=0.1000 bound.
2026-08-12 02:09:16 | sleep.weights.plasticity       | INFO  | Hard-clipped 3 w_cons parameters to delta_max=0.1000 bound.
2026-08-12 02:09:16 | sleep.weights.plasticity       | INFO  | Hard-clipped 3 w_cons parameters to delta_max=0.1000 bound.
2026-08-12 02:09:16 | sleep.weights.plasticity       | INFO  | Hard-clipped 4 w_cons parameters to delta_max=0.1000 bound.
2026-08-12 02:09:16 | sleep.weights.plasticity       | INFO  | Hard-clipped 4 w_cons parameters to delta_max=0.1000 bound.
2026-08-12 02:09:16 | sleep.weights.plasticity       | INFO  | Hard-clipped 4 w_cons parameters to delta_max=0.1000 bound.
2026-08-12 02:09:17 | sleep.weights.plasticity       | INFO  | Hard-clipped 4 w_cons parameters to delta_max=0.1000 bound.
2026-08-12 02:09:17 | sleep.weights.plasticity       | INFO  | Hard-clipped 4 w_cons parameters to delta_max=0.1000 bound.
2026-08-12 02:09:17 | sleep.weights.plasticity       | INFO  | Hard-clipped 5 w_cons parameters to delta_max=0.1000 bound.
2026-08-12 02:09:17 | sleep.weights.plasticity       | INFO  | Hard-clipped 5 w_cons parameters to delta_max=0.1000 bound.
2026-08-12 02:09:17 | sleep.sleep_engine.train       | INFO  |   distill step 80/400 | loss=1.5215 (kl=0.9940 ce=1.0550) | lr=9.70e-05
2026-08-12 02:09:17 | sleep.weights.plasticity       | INFO  | Hard-clipped 5 w_cons parameters to delta_max=0.1000 bound.
2026-08-12 02:09:17 | sleep.weights.plasticity       | INFO  | Hard-clipped 5 w_cons parameters to delta_max=0.1000 bound.
2026-08-12 02:09:18 | sleep.weights.plasticity       | INFO  | Hard-clipped 5 w_cons parameters to delta_max=0.1000 bound.
2026-08-12 02:09:18 | sleep.weights.plasticity       | INFO  | Hard-clipped 5 w_cons parameters to delta_max=0.1000 bound.
2026-08-12 02:09:18 | sleep.weights.plasticity       | INFO  | Hard-clipped 5 w_cons parameters to delta_max=0.1000 bound.
2026-08-12 02:09:18 | sleep.weights.plasticity       | INFO  | Hard-clipped 5 w_cons parameters to delta_max=0.1000 bound.
2026-08-12 02:09:18 | sleep.weights.plasticity       | INFO  | Hard-clipped 5 w_cons parameters to delta_max=0.1000 bound.
2026-08-12 02:09:18 | sleep.weights.plasticity       | INFO  | Hard-clipped 5 w_cons parameters to delta_max=0.1000 bound.
2026-08-12 02:09:18 | sleep.weights.plasticity       | INFO  | Hard-clipped 5 w_cons parameters to delta_max=0.1000 bound.
2026-08-12 02:09:19 | sleep.weights.plasticity       | INFO  | Hard-clipped 5 w_cons parameters to delta_max=0.1000 bound.
2026-08-12 02:09:19 | sleep.weights.plasticity       | INFO  | Hard-clipped 5 w_cons parameters to delta_max=0.1000 bound.
2026-08-12 02:09:19 | sleep.weights.plasticity       | INFO  | Hard-clipped 5 w_cons parameters to delta_max=0.1000 bound.
2026-08-12 02:09:19 | sleep.weights.plasticity       | INFO  | Hard-clipped 5 w_cons parameters to delta_max=0.1000 bound.
2026-08-12 02:09:19 | sleep.weights.plasticity       | INFO  | Hard-clipped 5 w_cons parameters to delta_max=0.1000 bound.
2026-08-12 02:09:19 | sleep.weights.plasticity       | INFO  | Hard-clipped 5 w_cons parameters to delta_max=0.1000 bound.
2026-08-12 02:09:20 | sleep.weights.plasticity       | INFO  | Hard-clipped 5 w_cons parameters to delta_max=0.1000 bound.
2026-08-12 02:09:20 | sleep.weights.plasticity       | INFO  | Hard-clipped 5 w_cons parameters to delta_max=0.1000 bound.
2026-08-12 02:09:20 | sleep.weights.plasticity       | INFO  | Hard-clipped 5 w_cons parameters to delta_max=0.1000 bound.
2026-08-12 02:09:20 | sleep.weights.plasticity       | INFO  | Hard-clipped 5 w_cons parameters to delta_max=0.1000 bound.
2026-08-12 02:09:20 | sleep.weights.plasticity       | INFO  | Hard-clipped 5 w_cons parameters to delta_max=0.1000 bound.
2026-08-12 02:09:20 | sleep.weights.plasticity       | INFO  | Hard-clipped 5 w_cons parameters to delta_max=0.1000 bound.
2026-08-12 02:09:21 | sleep.weights.plasticity       | INFO  | Hard-clipped 5 w_cons parameters to delta_max=0.1000 bound.
2026-08-12 02:09:21 | sleep.weights.plasticity       | INFO  | Hard-clipped 5 w_cons parameters to delta_max=0.1000 bound.
2026-08-12 02:09:21 | sleep.weights.plasticity       | INFO  | Hard-clipped 6 w_cons parameters to delta_max=0.1000 bound.
2026-08-12 02:09:21 | sleep.weights.plasticity       | INFO  | Hard-clipped 6 w_cons parameters to delta_max=0.1000 bound.
2026-08-12 02:09:21 | sleep.weights.plasticity       | INFO  | Hard-clipped 6 w_cons parameters to delta_max=0.1000 bound.
2026-08-12 02:09:21 | sleep.weights.plasticity       | INFO  | Hard-clipped 6 w_cons parameters to delta_max=0.1000 bound.
2026-08-12 02:09:22 | sleep.weights.plasticity       | INFO  | Hard-clipped 6 w_cons parameters to delta_max=0.1000 bound.
2026-08-12 02:09:22 | sleep.weights.plasticity       | INFO  | Hard-clipped 6 w_cons parameters to delta_max=0.1000 bound.
2026-08-12 02:09:22 | sleep.weights.plasticity       | INFO  | Hard-clipped 7 w_cons parameters to delta_max=0.1000 bound.
2026-08-12 02:09:22 | sleep.weights.plasticity       | INFO  | Hard-clipped 8 w_cons parameters to delta_max=0.1000 bound.
2026-08-12 02:09:22 | sleep.weights.plasticity       | INFO  | Hard-clipped 8 w_cons parameters to delta_max=0.1000 bound.
2026-08-12 02:09:22 | sleep.weights.plasticity       | INFO  | Hard-clipped 8 w_cons parameters to delta_max=0.1000 bound.
2026-08-12 02:09:22 | sleep.weights.plasticity       | INFO  | Hard-clipped 8 w_cons parameters to delta_max=0.1000 bound.
2026-08-12 02:09:23 | sleep.weights.plasticity       | INFO  | Hard-clipped 8 w_cons parameters to delta_max=0.1000 bound.
2026-08-12 02:09:23 | sleep.weights.plasticity       | INFO  | Hard-clipped 8 w_cons parameters to delta_max=0.1000 bound.
2026-08-12 02:09:23 | sleep.weights.plasticity       | INFO  | Hard-clipped 8 w_cons parameters to delta_max=0.1000 bound.
2026-08-12 02:09:23 | sleep.weights.plasticity       | INFO  | Hard-clipped 8 w_cons parameters to delta_max=0.1000 bound.
2026-08-12 02:09:23 | sleep.weights.plasticity       | INFO  | Hard-clipped 8 w_cons parameters to delta_max=0.1000 bound.
2026-08-12 02:09:23 | sleep.weights.plasticity       | INFO  | Hard-clipped 8 w_cons parameters to delta_max=0.1000 bound.
2026-08-12 02:09:23 | sleep.sleep_engine.train       | INFO  |   distill step 120/400 | loss=1.3184 (kl=0.8126 ce=1.0115) | lr=8.83e-05
2026-08-12 02:09:24 | sleep.weights.plasticity       | INFO  | Hard-clipped 8 w_cons parameters to delta_max=0.1000 bound.
2026-08-12 02:09:24 | sleep.weights.plasticity       | INFO  | Hard-clipped 8 w_cons parameters to delta_max=0.1000 bound.
2026-08-12 02:09:24 | sleep.weights.plasticity       | INFO  | Hard-clipped 5 w_cons parameters to delta_max=0.1000 bound.
2026-08-12 02:09:24 | sleep.weights.plasticity       | INFO  | Hard-clipped 7 w_cons parameters to delta_max=0.1000 bound.
2026-08-12 02:09:24 | sleep.weights.plasticity       | INFO  | Hard-clipped 8 w_cons parameters to delta_max=0.1000 bound.
2026-08-12 02:09:24 | sleep.weights.plasticity       | INFO  | Hard-clipped 9 w_cons parameters to delta_max=0.1000 bound.
2026-08-12 02:09:25 | sleep.weights.plasticity       | INFO  | Hard-clipped 6 w_cons parameters to delta_max=0.1000 bound.
2026-08-12 02:09:25 | sleep.weights.plasticity       | INFO  | Hard-clipped 7 w_cons parameters to delta_max=0.1000 bound.
2026-08-12 02:09:25 | sleep.weights.plasticity       | INFO  | Hard-clipped 8 w_cons parameters to delta_max=0.1000 bound.
2026-08-12 02:09:25 | sleep.weights.plasticity       | INFO  | Hard-clipped 9 w_cons parameters to delta_max=0.1000 bound.
2026-08-12 02:09:25 | sleep.weights.plasticity       | INFO  | Hard-clipped 9 w_cons parameters to delta_max=0.1000 bound.
2026-08-12 02:09:25 | sleep.weights.plasticity       | INFO  | Hard-clipped 9 w_cons parameters to delta_max=0.1000 bound.
2026-08-12 02:09:25 | sleep.weights.plasticity       | INFO  | Hard-clipped 9 w_cons parameters to delta_max=0.1000 bound.
2026-08-12 02:09:26 | sleep.weights.plasticity       | INFO  | Hard-clipped 9 w_cons parameters to delta_max=0.1000 bound.
2026-08-12 02:09:26 | sleep.weights.plasticity       | INFO  | Hard-clipped 9 w_cons parameters to delta_max=0.1000 bound.
2026-08-12 02:09:26 | sleep.weights.plasticity       | INFO  | Hard-clipped 9 w_cons parameters to delta_max=0.1000 bound.
2026-08-12 02:09:26 | sleep.weights.plasticity       | INFO  | Hard-clipped 9 w_cons parameters to delta_max=0.1000 bound.
2026-08-12 02:09:26 | sleep.weights.plasticity       | INFO  | Hard-clipped 9 w_cons parameters to delta_max=0.1000 bound.
2026-08-12 02:09:26 | sleep.weights.plasticity       | INFO  | Hard-clipped 9 w_cons parameters to delta_max=0.1000 bound.
2026-08-12 02:09:27 | sleep.weights.plasticity       | INFO  | Hard-clipped 10 w_cons parameters to delta_max=0.1000 bound.
2026-08-12 02:09:27 | sleep.weights.plasticity       | INFO  | Hard-clipped 11 w_cons parameters to delta_max=0.1000 bound.
2026-08-12 02:09:27 | sleep.weights.plasticity       | INFO  | Hard-clipped 11 w_cons parameters to delta_max=0.1000 bound.
2026-08-12 02:09:27 | sleep.weights.plasticity       | INFO  | Hard-clipped 11 w_cons parameters to delta_max=0.1000 bound.
2026-08-12 02:09:27 | sleep.weights.plasticity       | INFO  | Hard-clipped 11 w_cons parameters to delta_max=0.1000 bound.
2026-08-12 02:09:27 | sleep.weights.plasticity       | INFO  | Hard-clipped 10 w_cons parameters to delta_max=0.1000 bound.
2026-08-12 02:09:28 | sleep.weights.plasticity       | INFO  | Hard-clipped 10 w_cons parameters to delta_max=0.1000 bound.
2026-08-12 02:09:28 | sleep.weights.plasticity       | INFO  | Hard-clipped 10 w_cons parameters to delta_max=0.1000 bound.
2026-08-12 02:09:28 | sleep.weights.plasticity       | INFO  | Hard-clipped 10 w_cons parameters to delta_max=0.1000 bound.
2026-08-12 02:09:28 | sleep.weights.plasticity       | INFO  | Hard-clipped 10 w_cons parameters to delta_max=0.1000 bound.
2026-08-12 02:09:28 | sleep.weights.plasticity       | INFO  | Hard-clipped 11 w_cons parameters to delta_max=0.1000 bound.
2026-08-12 02:09:28 | sleep.weights.plasticity       | INFO  | Hard-clipped 11 w_cons parameters to delta_max=0.1000 bound.
2026-08-12 02:09:28 | sleep.weights.plasticity       | INFO  | Hard-clipped 11 w_cons parameters to delta_max=0.1000 bound.
2026-08-12 02:09:29 | sleep.weights.plasticity       | INFO  | Hard-clipped 11 w_cons parameters to delta_max=0.1000 bound.
2026-08-12 02:09:29 | sleep.weights.plasticity       | INFO  | Hard-clipped 11 w_cons parameters to delta_max=0.1000 bound.
2026-08-12 02:09:29 | sleep.weights.plasticity       | INFO  | Hard-clipped 11 w_cons parameters to delta_max=0.1000 bound.
2026-08-12 02:09:29 | sleep.weights.plasticity       | INFO  | Hard-clipped 11 w_cons parameters to delta_max=0.1000 bound.
2026-08-12 02:09:29 | sleep.weights.plasticity       | INFO  | Hard-clipped 11 w_cons parameters to delta_max=0.1000 bound.
2026-08-12 02:09:29 | sleep.weights.plasticity       | INFO  | Hard-clipped 11 w_cons parameters to delta_max=0.1000 bound.
2026-08-12 02:09:30 | sleep.weights.plasticity       | INFO  | Hard-clipped 12 w_cons parameters to delta_max=0.1000 bound.
2026-08-12 02:09:30 | sleep.weights.plasticity       | INFO  | Hard-clipped 12 w_cons parameters to delta_max=0.1000 bound.
2026-08-12 02:09:30 | sleep.sleep_engine.train       | INFO  |   distill step 160/400 | loss=1.0865 (kl=0.8931 ce=0.3870) | lr=7.50e-05
2026-08-12 02:09:30 | sleep.weights.plasticity       | INFO  | Hard-clipped 13 w_cons parameters to delta_max=0.1000 bound.
2026-08-12 02:09:30 | sleep.weights.plasticity       | INFO  | Hard-clipped 13 w_cons parameters to delta_max=0.1000 bound.
2026-08-12 02:09:30 | sleep.weights.plasticity       | INFO  | Hard-clipped 13 w_cons parameters to delta_max=0.1000 bound.
2026-08-12 02:09:30 | sleep.weights.plasticity       | INFO  | Hard-clipped 13 w_cons parameters to delta_max=0.1000 bound.
2026-08-12 02:09:30 | sleep.weights.plasticity       | INFO  | Hard-clipped 12 w_cons parameters to delta_max=0.1000 bound.
2026-08-12 02:09:31 | sleep.weights.plasticity       | INFO  | Hard-clipped 12 w_cons parameters to delta_max=0.1000 bound.
2026-08-12 02:09:31 | sleep.weights.plasticity       | INFO  | Hard-clipped 13 w_cons parameters to delta_max=0.1000 bound.
2026-08-12 02:09:31 | sleep.weights.plasticity       | INFO  | Hard-clipped 13 w_cons parameters to delta_max=0.1000 bound.
2026-08-12 02:09:31 | sleep.weights.plasticity       | INFO  | Hard-clipped 13 w_cons parameters to delta_max=0.1000 bound.
2026-08-12 02:09:31 | sleep.weights.plasticity       | INFO  | Hard-clipped 13 w_cons parameters to delta_max=0.1000 bound.
2026-08-12 02:09:31 | sleep.weights.plasticity       | INFO  | Hard-clipped 13 w_cons parameters to delta_max=0.1000 bound.
2026-08-12 02:09:32 | sleep.weights.plasticity       | INFO  | Hard-clipped 13 w_cons parameters to delta_max=0.1000 bound.
2026-08-12 02:09:32 | sleep.weights.plasticity       | INFO  | Hard-clipped 13 w_cons parameters to delta_max=0.1000 bound.
2026-08-12 02:09:32 | sleep.weights.plasticity       | INFO  | Hard-clipped 13 w_cons parameters to delta_max=0.1000 bound.
2026-08-12 02:09:32 | sleep.weights.plasticity       | INFO  | Hard-clipped 13 w_cons parameters to delta_max=0.1000 bound.
2026-08-12 02:09:32 | sleep.weights.plasticity       | INFO  | Hard-clipped 13 w_cons parameters to delta_max=0.1000 bound.
2026-08-12 02:09:32 | sleep.weights.plasticity       | INFO  | Hard-clipped 13 w_cons parameters to delta_max=0.1000 bound.
2026-08-12 02:09:32 | sleep.weights.plasticity       | INFO  | Hard-clipped 13 w_cons parameters to delta_max=0.1000 bound.
2026-08-12 02:09:33 | sleep.weights.plasticity       | INFO  | Hard-clipped 13 w_cons parameters to delta_max=0.1000 bound.
2026-08-12 02:09:33 | sleep.weights.plasticity       | INFO  | Hard-clipped 14 w_cons parameters to delta_max=0.1000 bound.
2026-08-12 02:09:33 | sleep.weights.plasticity       | INFO  | Hard-clipped 14 w_cons parameters to delta_max=0.1000 bound.
2026-08-12 02:09:33 | sleep.weights.plasticity       | INFO  | Hard-clipped 14 w_cons parameters to delta_max=0.1000 bound.
2026-08-12 02:09:33 | sleep.weights.plasticity       | INFO  | Hard-clipped 14 w_cons parameters to delta_max=0.1000 bound.
2026-08-12 02:09:33 | sleep.weights.plasticity       | INFO  | Hard-clipped 14 w_cons parameters to delta_max=0.1000 bound.
2026-08-12 02:09:34 | sleep.weights.plasticity       | INFO  | Hard-clipped 14 w_cons parameters to delta_max=0.1000 bound.
2026-08-12 02:09:34 | sleep.weights.plasticity       | INFO  | Hard-clipped 15 w_cons parameters to delta_max=0.1000 bound.
2026-08-12 02:09:34 | sleep.weights.plasticity       | INFO  | Hard-clipped 15 w_cons parameters to delta_max=0.1000 bound.
2026-08-12 02:09:34 | sleep.weights.plasticity       | INFO  | Hard-clipped 15 w_cons parameters to delta_max=0.1000 bound.
2026-08-12 02:09:34 | sleep.weights.plasticity       | INFO  | Hard-clipped 14 w_cons parameters to delta_max=0.1000 bound.
2026-08-12 02:09:34 | sleep.weights.plasticity       | INFO  | Hard-clipped 14 w_cons parameters to delta_max=0.1000 bound.
2026-08-12 02:09:35 | sleep.weights.plasticity       | INFO  | Hard-clipped 14 w_cons parameters to delta_max=0.1000 bound.
2026-08-12 02:09:35 | sleep.weights.plasticity       | INFO  | Hard-clipped 14 w_cons parameters to delta_max=0.1000 bound.
2026-08-12 02:09:35 | sleep.weights.plasticity       | INFO  | Hard-clipped 14 w_cons parameters to delta_max=0.1000 bound.
2026-08-12 02:09:35 | sleep.weights.plasticity       | INFO  | Hard-clipped 15 w_cons parameters to delta_max=0.1000 bound.
2026-08-12 02:09:35 | sleep.weights.plasticity       | INFO  | Hard-clipped 15 w_cons parameters to delta_max=0.1000 bound.
2026-08-12 02:09:35 | sleep.weights.plasticity       | INFO  | Hard-clipped 15 w_cons parameters to delta_max=0.1000 bound.
2026-08-12 02:09:35 | sleep.weights.plasticity       | INFO  | Hard-clipped 15 w_cons parameters to delta_max=0.1000 bound.
2026-08-12 02:09:36 | sleep.weights.plasticity       | INFO  | Hard-clipped 14 w_cons parameters to delta_max=0.1000 bound.
2026-08-12 02:09:36 | sleep.weights.plasticity       | INFO  | Hard-clipped 15 w_cons parameters to delta_max=0.1000 bound.
2026-08-12 02:09:36 | sleep.weights.plasticity       | INFO  | Hard-clipped 15 w_cons parameters to delta_max=0.1000 bound.
2026-08-12 02:09:36 | sleep.sleep_engine.train       | INFO  |   distill step 200/400 | loss=0.7414 (kl=0.4703 ce=0.5423) | lr=5.87e-05
2026-08-12 02:09:36 | sleep.weights.plasticity       | INFO  | Hard-clipped 15 w_cons parameters to delta_max=0.1000 bound.
2026-08-12 02:09:36 | sleep.weights.plasticity       | INFO  | Hard-clipped 15 w_cons parameters to delta_max=0.1000 bound.
2026-08-12 02:09:36 | sleep.weights.plasticity       | INFO  | Hard-clipped 15 w_cons parameters to delta_max=0.1000 bound.
2026-08-12 02:09:37 | sleep.weights.plasticity       | INFO  | Hard-clipped 15 w_cons parameters to delta_max=0.1000 bound.
2026-08-12 02:09:37 | sleep.weights.plasticity       | INFO  | Hard-clipped 15 w_cons parameters to delta_max=0.1000 bound.
2026-08-12 02:09:37 | sleep.weights.plasticity       | INFO  | Hard-clipped 15 w_cons parameters to delta_max=0.1000 bound.
2026-08-12 02:09:37 | sleep.weights.plasticity       | INFO  | Hard-clipped 16 w_cons parameters to delta_max=0.1000 bound.
2026-08-12 02:09:37 | sleep.weights.plasticity       | INFO  | Hard-clipped 16 w_cons parameters to delta_max=0.1000 bound.
2026-08-12 02:09:37 | sleep.weights.plasticity       | INFO  | Hard-clipped 16 w_cons parameters to delta_max=0.1000 bound.
2026-08-12 02:09:38 | sleep.weights.plasticity       | INFO  | Hard-clipped 16 w_cons parameters to delta_max=0.1000 bound.
2026-08-12 02:09:38 | sleep.weights.plasticity       | INFO  | Hard-clipped 16 w_cons parameters to delta_max=0.1000 bound.
2026-08-12 02:09:38 | sleep.weights.plasticity       | INFO  | Hard-clipped 16 w_cons parameters to delta_max=0.1000 bound.
2026-08-12 02:09:38 | sleep.weights.plasticity       | INFO  | Hard-clipped 16 w_cons parameters to delta_max=0.1000 bound.
2026-08-12 02:09:38 | sleep.weights.plasticity       | INFO  | Hard-clipped 16 w_cons parameters to delta_max=0.1000 bound.
2026-08-12 02:09:38 | sleep.weights.plasticity       | INFO  | Hard-clipped 16 w_cons parameters to delta_max=0.1000 bound.
2026-08-12 02:09:39 | sleep.weights.plasticity       | INFO  | Hard-clipped 16 w_cons parameters to delta_max=0.1000 bound.
2026-08-12 02:09:39 | sleep.weights.plasticity       | INFO  | Hard-clipped 16 w_cons parameters to delta_max=0.1000 bound.
2026-08-12 02:09:39 | sleep.weights.plasticity       | INFO  | Hard-clipped 15 w_cons parameters to delta_max=0.1000 bound.
2026-08-12 02:09:39 | sleep.weights.plasticity       | INFO  | Hard-clipped 16 w_cons parameters to delta_max=0.1000 bound.
2026-08-12 02:09:39 | sleep.weights.plasticity       | INFO  | Hard-clipped 14 w_cons parameters to delta_max=0.1000 bound.
2026-08-12 02:09:39 | sleep.weights.plasticity       | INFO  | Hard-clipped 13 w_cons parameters to delta_max=0.1000 bound.
2026-08-12 02:09:39 | sleep.weights.plasticity       | INFO  | Hard-clipped 15 w_cons parameters to delta_max=0.1000 bound.
2026-08-12 02:09:40 | sleep.weights.plasticity       | INFO  | Hard-clipped 15 w_cons parameters to delta_max=0.1000 bound.
2026-08-12 02:09:40 | sleep.weights.plasticity       | INFO  | Hard-clipped 15 w_cons parameters to delta_max=0.1000 bound.
2026-08-12 02:09:40 | sleep.weights.plasticity       | INFO  | Hard-clipped 15 w_cons parameters to delta_max=0.1000 bound.
2026-08-12 02:09:40 | sleep.weights.plasticity       | INFO  | Hard-clipped 14 w_cons parameters to delta_max=0.1000 bound.
2026-08-12 02:09:40 | sleep.weights.plasticity       | INFO  | Hard-clipped 16 w_cons parameters to delta_max=0.1000 bound.
2026-08-12 02:09:40 | sleep.weights.plasticity       | INFO  | Hard-clipped 15 w_cons parameters to delta_max=0.1000 bound.
2026-08-12 02:09:41 | sleep.weights.plasticity       | INFO  | Hard-clipped 15 w_cons parameters to delta_max=0.1000 bound.
2026-08-12 02:09:41 | sleep.weights.plasticity       | INFO  | Hard-clipped 16 w_cons parameters to delta_max=0.1000 bound.
2026-08-12 02:09:41 | sleep.weights.plasticity       | INFO  | Hard-clipped 16 w_cons parameters to delta_max=0.1000 bound.
2026-08-12 02:09:41 | sleep.weights.plasticity       | INFO  | Hard-clipped 16 w_cons parameters to delta_max=0.1000 bound.
2026-08-12 02:09:41 | sleep.weights.plasticity       | INFO  | Hard-clipped 16 w_cons parameters to delta_max=0.1000 bound.
2026-08-12 02:09:41 | sleep.weights.plasticity       | INFO  | Hard-clipped 16 w_cons parameters to delta_max=0.1000 bound.
2026-08-12 02:09:41 | sleep.weights.plasticity       | INFO  | Hard-clipped 17 w_cons parameters to delta_max=0.1000 bound.
2026-08-12 02:09:42 | sleep.weights.plasticity       | INFO  | Hard-clipped 18 w_cons parameters to delta_max=0.1000 bound.
2026-08-12 02:09:42 | sleep.weights.plasticity       | INFO  | Hard-clipped 18 w_cons parameters to delta_max=0.1000 bound.
2026-08-12 02:09:42 | sleep.weights.plasticity       | INFO  | Hard-clipped 18 w_cons parameters to delta_max=0.1000 bound.
2026-08-12 02:09:42 | sleep.weights.plasticity       | INFO  | Hard-clipped 18 w_cons parameters to delta_max=0.1000 bound.
2026-08-12 02:09:42 | sleep.weights.plasticity       | INFO  | Hard-clipped 19 w_cons parameters to delta_max=0.1000 bound.
2026-08-12 02:09:42 | sleep.sleep_engine.train       | INFO  |   distill step 240/400 | loss=0.9586 (kl=0.5549 ce=0.8074) | lr=4.13e-05
2026-08-12 02:09:42 | sleep.weights.plasticity       | INFO  | Hard-clipped 19 w_cons parameters to delta_max=0.1000 bound.
2026-08-12 02:09:43 | sleep.weights.plasticity       | INFO  | Hard-clipped 19 w_cons parameters to delta_max=0.1000 bound.
2026-08-12 02:09:43 | sleep.weights.plasticity       | INFO  | Hard-clipped 19 w_cons parameters to delta_max=0.1000 bound.
2026-08-12 02:09:43 | sleep.weights.plasticity       | INFO  | Hard-clipped 19 w_cons parameters to delta_max=0.1000 bound.
2026-08-12 02:09:43 | sleep.weights.plasticity       | INFO  | Hard-clipped 19 w_cons parameters to delta_max=0.1000 bound.
2026-08-12 02:09:43 | sleep.weights.plasticity       | INFO  | Hard-clipped 19 w_cons parameters to delta_max=0.1000 bound.
2026-08-12 02:09:43 | sleep.weights.plasticity       | INFO  | Hard-clipped 19 w_cons parameters to delta_max=0.1000 bound.
2026-08-12 02:09:44 | sleep.weights.plasticity       | INFO  | Hard-clipped 19 w_cons parameters to delta_max=0.1000 bound.
2026-08-12 02:09:44 | sleep.weights.plasticity       | INFO  | Hard-clipped 19 w_cons parameters to delta_max=0.1000 bound.
2026-08-12 02:09:44 | sleep.weights.plasticity       | INFO  | Hard-clipped 19 w_cons parameters to delta_max=0.1000 bound.
2026-08-12 02:09:44 | sleep.weights.plasticity       | INFO  | Hard-clipped 19 w_cons parameters to delta_max=0.1000 bound.
2026-08-12 02:09:44 | sleep.weights.plasticity       | INFO  | Hard-clipped 19 w_cons parameters to delta_max=0.1000 bound.
2026-08-12 02:09:44 | sleep.weights.plasticity       | INFO  | Hard-clipped 19 w_cons parameters to delta_max=0.1000 bound.
2026-08-12 02:09:44 | sleep.weights.plasticity       | INFO  | Hard-clipped 19 w_cons parameters to delta_max=0.1000 bound.
2026-08-12 02:09:45 | sleep.weights.plasticity       | INFO  | Hard-clipped 19 w_cons parameters to delta_max=0.1000 bound.
2026-08-12 02:09:45 | sleep.weights.plasticity       | INFO  | Hard-clipped 19 w_cons parameters to delta_max=0.1000 bound.
2026-08-12 02:09:45 | sleep.weights.plasticity       | INFO  | Hard-clipped 19 w_cons parameters to delta_max=0.1000 bound.
2026-08-12 02:09:45 | sleep.weights.plasticity       | INFO  | Hard-clipped 19 w_cons parameters to delta_max=0.1000 bound.
2026-08-12 02:09:45 | sleep.weights.plasticity       | INFO  | Hard-clipped 19 w_cons parameters to delta_max=0.1000 bound.
2026-08-12 02:09:45 | sleep.weights.plasticity       | INFO  | Hard-clipped 19 w_cons parameters to delta_max=0.1000 bound.
2026-08-12 02:09:46 | sleep.weights.plasticity       | INFO  | Hard-clipped 19 w_cons parameters to delta_max=0.1000 bound.
2026-08-12 02:09:46 | sleep.weights.plasticity       | INFO  | Hard-clipped 19 w_cons parameters to delta_max=0.1000 bound.
2026-08-12 02:09:46 | sleep.weights.plasticity       | INFO  | Hard-clipped 19 w_cons parameters to delta_max=0.1000 bound.
2026-08-12 02:09:46 | sleep.weights.plasticity       | INFO  | Hard-clipped 19 w_cons parameters to delta_max=0.1000 bound.
2026-08-12 02:09:46 | sleep.weights.plasticity       | INFO  | Hard-clipped 19 w_cons parameters to delta_max=0.1000 bound.
2026-08-12 02:09:46 | sleep.weights.plasticity       | INFO  | Hard-clipped 19 w_cons parameters to delta_max=0.1000 bound.
2026-08-12 02:09:47 | sleep.weights.plasticity       | INFO  | Hard-clipped 19 w_cons parameters to delta_max=0.1000 bound.
2026-08-12 02:09:47 | sleep.weights.plasticity       | INFO  | Hard-clipped 19 w_cons parameters to delta_max=0.1000 bound.
2026-08-12 02:09:47 | sleep.weights.plasticity       | INFO  | Hard-clipped 19 w_cons parameters to delta_max=0.1000 bound.
2026-08-12 02:09:47 | sleep.weights.plasticity       | INFO  | Hard-clipped 19 w_cons parameters to delta_max=0.1000 bound.
2026-08-12 02:09:47 | sleep.weights.plasticity       | INFO  | Hard-clipped 16 w_cons parameters to delta_max=0.1000 bound.
2026-08-12 02:09:47 | sleep.weights.plasticity       | INFO  | Hard-clipped 16 w_cons parameters to delta_max=0.1000 bound.
2026-08-12 02:09:47 | sleep.weights.plasticity       | INFO  | Hard-clipped 17 w_cons parameters to delta_max=0.1000 bound.
2026-08-12 02:09:48 | sleep.weights.plasticity       | INFO  | Hard-clipped 16 w_cons parameters to delta_max=0.1000 bound.
2026-08-12 02:09:48 | sleep.weights.plasticity       | INFO  | Hard-clipped 17 w_cons parameters to delta_max=0.1000 bound.
2026-08-12 02:09:48 | sleep.weights.plasticity       | INFO  | Hard-clipped 18 w_cons parameters to delta_max=0.1000 bound.
2026-08-12 02:09:48 | sleep.weights.plasticity       | INFO  | Hard-clipped 18 w_cons parameters to delta_max=0.1000 bound.
2026-08-12 02:09:48 | sleep.weights.plasticity       | INFO  | Hard-clipped 18 w_cons parameters to delta_max=0.1000 bound.
2026-08-12 02:09:48 | sleep.weights.plasticity       | INFO  | Hard-clipped 19 w_cons parameters to delta_max=0.1000 bound.
2026-08-12 02:09:49 | sleep.weights.plasticity       | INFO  | Hard-clipped 19 w_cons parameters to delta_max=0.1000 bound.
2026-08-12 02:09:49 | sleep.sleep_engine.train       | INFO  |   distill step 280/400 | loss=0.8154 (kl=0.3302 ce=0.9705) | lr=2.50e-05
2026-08-12 02:09:49 | sleep.weights.plasticity       | INFO  | Hard-clipped 18 w_cons parameters to delta_max=0.1000 bound.
2026-08-12 02:09:49 | sleep.weights.plasticity       | INFO  | Hard-clipped 19 w_cons parameters to delta_max=0.1000 bound.
2026-08-12 02:09:49 | sleep.weights.plasticity       | INFO  | Hard-clipped 19 w_cons parameters to delta_max=0.1000 bound.
2026-08-12 02:09:49 | sleep.weights.plasticity       | INFO  | Hard-clipped 19 w_cons parameters to delta_max=0.1000 bound.
2026-08-12 02:09:49 | sleep.weights.plasticity       | INFO  | Hard-clipped 19 w_cons parameters to delta_max=0.1000 bound.
2026-08-12 02:09:50 | sleep.weights.plasticity       | INFO  | Hard-clipped 19 w_cons parameters to delta_max=0.1000 bound.
2026-08-12 02:09:50 | sleep.weights.plasticity       | INFO  | Hard-clipped 19 w_cons parameters to delta_max=0.1000 bound.
2026-08-12 02:09:50 | sleep.weights.plasticity       | INFO  | Hard-clipped 19 w_cons parameters to delta_max=0.1000 bound.
2026-08-12 02:09:50 | sleep.weights.plasticity       | INFO  | Hard-clipped 19 w_cons parameters to delta_max=0.1000 bound.
2026-08-12 02:09:50 | sleep.weights.plasticity       | INFO  | Hard-clipped 19 w_cons parameters to delta_max=0.1000 bound.
2026-08-12 02:09:50 | sleep.weights.plasticity       | INFO  | Hard-clipped 19 w_cons parameters to delta_max=0.1000 bound.
2026-08-12 02:09:50 | sleep.weights.plasticity       | INFO  | Hard-clipped 19 w_cons parameters to delta_max=0.1000 bound.
2026-08-12 02:09:51 | sleep.weights.plasticity       | INFO  | Hard-clipped 19 w_cons parameters to delta_max=0.1000 bound.
2026-08-12 02:09:51 | sleep.weights.plasticity       | INFO  | Hard-clipped 18 w_cons parameters to delta_max=0.1000 bound.
2026-08-12 02:09:51 | sleep.weights.plasticity       | INFO  | Hard-clipped 16 w_cons parameters to delta_max=0.1000 bound.
2026-08-12 02:09:51 | sleep.weights.plasticity       | INFO  | Hard-clipped 18 w_cons parameters to delta_max=0.1000 bound.
2026-08-12 02:09:51 | sleep.weights.plasticity       | INFO  | Hard-clipped 18 w_cons parameters to delta_max=0.1000 bound.
2026-08-12 02:09:51 | sleep.weights.plasticity       | INFO  | Hard-clipped 18 w_cons parameters to delta_max=0.1000 bound.
2026-08-12 02:09:52 | sleep.weights.plasticity       | INFO  | Hard-clipped 18 w_cons parameters to delta_max=0.1000 bound.
2026-08-12 02:09:52 | sleep.weights.plasticity       | INFO  | Hard-clipped 19 w_cons parameters to delta_max=0.1000 bound.
2026-08-12 02:09:52 | sleep.weights.plasticity       | INFO  | Hard-clipped 19 w_cons parameters to delta_max=0.1000 bound.
2026-08-12 02:09:52 | sleep.weights.plasticity       | INFO  | Hard-clipped 19 w_cons parameters to delta_max=0.1000 bound.
2026-08-12 02:09:52 | sleep.weights.plasticity       | INFO  | Hard-clipped 19 w_cons parameters to delta_max=0.1000 bound.
2026-08-12 02:09:52 | sleep.weights.plasticity       | INFO  | Hard-clipped 19 w_cons parameters to delta_max=0.1000 bound.
2026-08-12 02:09:52 | sleep.weights.plasticity       | INFO  | Hard-clipped 19 w_cons parameters to delta_max=0.1000 bound.
2026-08-12 02:09:53 | sleep.weights.plasticity       | INFO  | Hard-clipped 19 w_cons parameters to delta_max=0.1000 bound.
2026-08-12 02:09:53 | sleep.weights.plasticity       | INFO  | Hard-clipped 18 w_cons parameters to delta_max=0.1000 bound.
2026-08-12 02:09:53 | sleep.weights.plasticity       | INFO  | Hard-clipped 19 w_cons parameters to delta_max=0.1000 bound.
2026-08-12 02:09:53 | sleep.weights.plasticity       | INFO  | Hard-clipped 19 w_cons parameters to delta_max=0.1000 bound.
2026-08-12 02:09:53 | sleep.weights.plasticity       | INFO  | Hard-clipped 19 w_cons parameters to delta_max=0.1000 bound.
2026-08-12 02:09:53 | sleep.weights.plasticity       | INFO  | Hard-clipped 19 w_cons parameters to delta_max=0.1000 bound.
2026-08-12 02:09:54 | sleep.weights.plasticity       | INFO  | Hard-clipped 19 w_cons parameters to delta_max=0.1000 bound.
2026-08-12 02:09:54 | sleep.weights.plasticity       | INFO  | Hard-clipped 19 w_cons parameters to delta_max=0.1000 bound.
2026-08-12 02:09:54 | sleep.weights.plasticity       | INFO  | Hard-clipped 19 w_cons parameters to delta_max=0.1000 bound.
2026-08-12 02:09:54 | sleep.weights.plasticity       | INFO  | Hard-clipped 19 w_cons parameters to delta_max=0.1000 bound.
2026-08-12 02:09:54 | sleep.weights.plasticity       | INFO  | Hard-clipped 19 w_cons parameters to delta_max=0.1000 bound.
2026-08-12 02:09:54 | sleep.weights.plasticity       | INFO  | Hard-clipped 19 w_cons parameters to delta_max=0.1000 bound.
2026-08-12 02:09:54 | sleep.weights.plasticity       | INFO  | Hard-clipped 19 w_cons parameters to delta_max=0.1000 bound.
2026-08-12 02:09:55 | sleep.weights.plasticity       | INFO  | Hard-clipped 19 w_cons parameters to delta_max=0.1000 bound.
2026-08-12 02:09:55 | sleep.weights.plasticity       | INFO  | Hard-clipped 19 w_cons parameters to delta_max=0.1000 bound.
2026-08-12 02:09:55 | sleep.sleep_engine.train       | INFO  |   distill step 320/400 | loss=1.0732 (kl=0.4529 ce=1.2406) | lr=1.17e-05
2026-08-12 02:09:55 | sleep.weights.plasticity       | INFO  | Hard-clipped 19 w_cons parameters to delta_max=0.1000 bound.
2026-08-12 02:09:55 | sleep.weights.plasticity       | INFO  | Hard-clipped 19 w_cons parameters to delta_max=0.1000 bound.
2026-08-12 02:09:55 | sleep.weights.plasticity       | INFO  | Hard-clipped 19 w_cons parameters to delta_max=0.1000 bound.
2026-08-12 02:09:55 | sleep.weights.plasticity       | INFO  | Hard-clipped 19 w_cons parameters to delta_max=0.1000 bound.
2026-08-12 02:09:56 | sleep.weights.plasticity       | INFO  | Hard-clipped 19 w_cons parameters to delta_max=0.1000 bound.
2026-08-12 02:09:56 | sleep.weights.plasticity       | INFO  | Hard-clipped 19 w_cons parameters to delta_max=0.1000 bound.
2026-08-12 02:09:56 | sleep.weights.plasticity       | INFO  | Hard-clipped 19 w_cons parameters to delta_max=0.1000 bound.
2026-08-12 02:09:56 | sleep.weights.plasticity       | INFO  | Hard-clipped 19 w_cons parameters to delta_max=0.1000 bound.
2026-08-12 02:09:56 | sleep.weights.plasticity       | INFO  | Hard-clipped 19 w_cons parameters to delta_max=0.1000 bound.
2026-08-12 02:09:56 | sleep.weights.plasticity       | INFO  | Hard-clipped 19 w_cons parameters to delta_max=0.1000 bound.
2026-08-12 02:09:57 | sleep.weights.plasticity       | INFO  | Hard-clipped 18 w_cons parameters to delta_max=0.1000 bound.
2026-08-12 02:09:57 | sleep.weights.plasticity       | INFO  | Hard-clipped 18 w_cons parameters to delta_max=0.1000 bound.
2026-08-12 02:09:57 | sleep.weights.plasticity       | INFO  | Hard-clipped 18 w_cons parameters to delta_max=0.1000 bound.
2026-08-12 02:09:57 | sleep.weights.plasticity       | INFO  | Hard-clipped 19 w_cons parameters to delta_max=0.1000 bound.
2026-08-12 02:09:57 | sleep.weights.plasticity       | INFO  | Hard-clipped 17 w_cons parameters to delta_max=0.1000 bound.
2026-08-12 02:09:57 | sleep.weights.plasticity       | INFO  | Hard-clipped 17 w_cons parameters to delta_max=0.1000 bound.
2026-08-12 02:09:58 | sleep.weights.plasticity       | INFO  | Hard-clipped 15 w_cons parameters to delta_max=0.1000 bound.
2026-08-12 02:09:58 | sleep.weights.plasticity       | INFO  | Hard-clipped 15 w_cons parameters to delta_max=0.1000 bound.
2026-08-12 02:09:58 | sleep.weights.plasticity       | INFO  | Hard-clipped 15 w_cons parameters to delta_max=0.1000 bound.
2026-08-12 02:09:58 | sleep.weights.plasticity       | INFO  | Hard-clipped 15 w_cons parameters to delta_max=0.1000 bound.
2026-08-12 02:09:58 | sleep.weights.plasticity       | INFO  | Hard-clipped 14 w_cons parameters to delta_max=0.1000 bound.
2026-08-12 02:09:58 | sleep.weights.plasticity       | INFO  | Hard-clipped 16 w_cons parameters to delta_max=0.1000 bound.
2026-08-12 02:09:59 | sleep.weights.plasticity       | INFO  | Hard-clipped 16 w_cons parameters to delta_max=0.1000 bound.
2026-08-12 02:09:59 | sleep.weights.plasticity       | INFO  | Hard-clipped 16 w_cons parameters to delta_max=0.1000 bound.
2026-08-12 02:09:59 | sleep.weights.plasticity       | INFO  | Hard-clipped 12 w_cons parameters to delta_max=0.1000 bound.
2026-08-12 02:09:59 | sleep.weights.plasticity       | INFO  | Hard-clipped 16 w_cons parameters to delta_max=0.1000 bound.
2026-08-12 02:09:59 | sleep.weights.plasticity       | INFO  | Hard-clipped 16 w_cons parameters to delta_max=0.1000 bound.
2026-08-12 02:09:59 | sleep.weights.plasticity       | INFO  | Hard-clipped 16 w_cons parameters to delta_max=0.1000 bound.
2026-08-12 02:10:00 | sleep.weights.plasticity       | INFO  | Hard-clipped 16 w_cons parameters to delta_max=0.1000 bound.
2026-08-12 02:10:00 | sleep.weights.plasticity       | INFO  | Hard-clipped 16 w_cons parameters to delta_max=0.1000 bound.
2026-08-12 02:10:00 | sleep.weights.plasticity       | INFO  | Hard-clipped 16 w_cons parameters to delta_max=0.1000 bound.
2026-08-12 02:10:00 | sleep.weights.plasticity       | INFO  | Hard-clipped 16 w_cons parameters to delta_max=0.1000 bound.
2026-08-12 02:10:00 | sleep.weights.plasticity       | INFO  | Hard-clipped 16 w_cons parameters to delta_max=0.1000 bound.
2026-08-12 02:10:00 | sleep.weights.plasticity       | INFO  | Hard-clipped 16 w_cons parameters to delta_max=0.1000 bound.
2026-08-12 02:10:01 | sleep.weights.plasticity       | INFO  | Hard-clipped 16 w_cons parameters to delta_max=0.1000 bound.
2026-08-12 02:10:01 | sleep.weights.plasticity       | INFO  | Hard-clipped 18 w_cons parameters to delta_max=0.1000 bound.
2026-08-12 02:10:01 | sleep.weights.plasticity       | INFO  | Hard-clipped 18 w_cons parameters to delta_max=0.1000 bound.
2026-08-12 02:10:01 | sleep.weights.plasticity       | INFO  | Hard-clipped 18 w_cons parameters to delta_max=0.1000 bound.
2026-08-12 02:10:01 | sleep.weights.plasticity       | INFO  | Hard-clipped 18 w_cons parameters to delta_max=0.1000 bound.
2026-08-12 02:10:01 | sleep.weights.plasticity       | INFO  | Hard-clipped 18 w_cons parameters to delta_max=0.1000 bound.
2026-08-12 02:10:01 | sleep.sleep_engine.train       | INFO  |   distill step 360/400 | loss=0.6007 (kl=0.4196 ce=0.3623) | lr=3.02e-06
2026-08-12 02:10:02 | sleep.weights.plasticity       | INFO  | Hard-clipped 18 w_cons parameters to delta_max=0.1000 bound.
2026-08-12 02:10:02 | sleep.weights.plasticity       | INFO  | Hard-clipped 18 w_cons parameters to delta_max=0.1000 bound.
2026-08-12 02:10:02 | sleep.weights.plasticity       | INFO  | Hard-clipped 18 w_cons parameters to delta_max=0.1000 bound.
2026-08-12 02:10:02 | sleep.weights.plasticity       | INFO  | Hard-clipped 18 w_cons parameters to delta_max=0.1000 bound.
2026-08-12 02:10:02 | sleep.weights.plasticity       | INFO  | Hard-clipped 19 w_cons parameters to delta_max=0.1000 bound.
2026-08-12 02:10:02 | sleep.weights.plasticity       | INFO  | Hard-clipped 19 w_cons parameters to delta_max=0.1000 bound.
2026-08-12 02:10:03 | sleep.weights.plasticity       | INFO  | Hard-clipped 19 w_cons parameters to delta_max=0.1000 bound.
2026-08-12 02:10:03 | sleep.weights.plasticity       | INFO  | Hard-clipped 19 w_cons parameters to delta_max=0.1000 bound.
2026-08-12 02:10:03 | sleep.weights.plasticity       | INFO  | Hard-clipped 19 w_cons parameters to delta_max=0.1000 bound.
2026-08-12 02:10:03 | sleep.weights.plasticity       | INFO  | Hard-clipped 19 w_cons parameters to delta_max=0.1000 bound.
2026-08-12 02:10:03 | sleep.weights.plasticity       | INFO  | Hard-clipped 19 w_cons parameters to delta_max=0.1000 bound.
2026-08-12 02:10:03 | sleep.weights.plasticity       | INFO  | Hard-clipped 19 w_cons parameters to delta_max=0.1000 bound.
2026-08-12 02:10:03 | sleep.weights.plasticity       | INFO  | Hard-clipped 19 w_cons parameters to delta_max=0.1000 bound.
2026-08-12 02:10:04 | sleep.weights.plasticity       | INFO  | Hard-clipped 19 w_cons parameters to delta_max=0.1000 bound.
2026-08-12 02:10:04 | sleep.weights.plasticity       | INFO  | Hard-clipped 19 w_cons parameters to delta_max=0.1000 bound.
2026-08-12 02:10:04 | sleep.weights.plasticity       | INFO  | Hard-clipped 19 w_cons parameters to delta_max=0.1000 bound.
2026-08-12 02:10:04 | sleep.weights.plasticity       | INFO  | Hard-clipped 19 w_cons parameters to delta_max=0.1000 bound.
2026-08-12 02:10:04 | sleep.weights.plasticity       | INFO  | Hard-clipped 19 w_cons parameters to delta_max=0.1000 bound.
2026-08-12 02:10:04 | sleep.weights.plasticity       | INFO  | Hard-clipped 19 w_cons parameters to delta_max=0.1000 bound.
2026-08-12 02:10:05 | sleep.weights.plasticity       | INFO  | Hard-clipped 19 w_cons parameters to delta_max=0.1000 bound.
2026-08-12 02:10:05 | sleep.weights.plasticity       | INFO  | Hard-clipped 19 w_cons parameters to delta_max=0.1000 bound.
2026-08-12 02:10:05 | sleep.weights.plasticity       | INFO  | Hard-clipped 18 w_cons parameters to delta_max=0.1000 bound.
2026-08-12 02:10:05 | sleep.weights.plasticity       | INFO  | Hard-clipped 18 w_cons parameters to delta_max=0.1000 bound.
2026-08-12 02:10:05 | sleep.weights.plasticity       | INFO  | Hard-clipped 18 w_cons parameters to delta_max=0.1000 bound.
2026-08-12 02:10:05 | sleep.weights.plasticity       | INFO  | Hard-clipped 19 w_cons parameters to delta_max=0.1000 bound.
2026-08-12 02:10:06 | sleep.weights.plasticity       | INFO  | Hard-clipped 19 w_cons parameters to delta_max=0.1000 bound.
2026-08-12 02:10:06 | sleep.weights.plasticity       | INFO  | Hard-clipped 19 w_cons parameters to delta_max=0.1000 bound.
2026-08-12 02:10:06 | sleep.weights.plasticity       | INFO  | Hard-clipped 19 w_cons parameters to delta_max=0.1000 bound.
2026-08-12 02:10:06 | sleep.weights.plasticity       | INFO  | Hard-clipped 19 w_cons parameters to delta_max=0.1000 bound.
2026-08-12 02:10:06 | sleep.weights.plasticity       | INFO  | Hard-clipped 19 w_cons parameters to delta_max=0.1000 bound.
2026-08-12 02:10:06 | sleep.weights.plasticity       | INFO  | Hard-clipped 19 w_cons parameters to delta_max=0.1000 bound.
2026-08-12 02:10:06 | sleep.weights.plasticity       | INFO  | Hard-clipped 19 w_cons parameters to delta_max=0.1000 bound.
2026-08-12 02:10:07 | sleep.weights.plasticity       | INFO  | Hard-clipped 19 w_cons parameters to delta_max=0.1000 bound.
2026-08-12 02:10:07 | sleep.weights.plasticity       | INFO  | Hard-clipped 19 w_cons parameters to delta_max=0.1000 bound.
2026-08-12 02:10:07 | sleep.weights.plasticity       | INFO  | Hard-clipped 19 w_cons parameters to delta_max=0.1000 bound.
2026-08-12 02:10:07 | sleep.weights.plasticity       | INFO  | Hard-clipped 19 w_cons parameters to delta_max=0.1000 bound.
2026-08-12 02:10:07 | sleep.weights.plasticity       | INFO  | Hard-clipped 19 w_cons parameters to delta_max=0.1000 bound.
2026-08-12 02:10:07 | sleep.weights.plasticity       | INFO  | Hard-clipped 19 w_cons parameters to delta_max=0.1000 bound.
2026-08-12 02:10:08 | sleep.weights.plasticity       | INFO  | Hard-clipped 19 w_cons parameters to delta_max=0.1000 bound.
2026-08-12 02:10:08 | sleep.weights.plasticity       | INFO  | Hard-clipped 18 w_cons parameters to delta_max=0.1000 bound.
2026-08-12 02:10:08 | sleep.sleep_engine.train       | INFO  |   distill step 400/400 | loss=0.5570 (kl=0.3666 ce=0.3807) | lr=0.00e+00
2026-08-12 02:10:08 | sleep.sleep_engine.train       | INFO  | Sleep distill-training complete | n_steps=400 | final_loss=0.5570 | mean_loss=1.3940
2026-08-12 02:10:08 | sleep.sleep_engine             | INFO  | Phase 3 complete: 400 steps, final_loss=0.5570, mean_loss=1.3940
2026-08-12 02:10:08 | sleep.sleep_engine             | INFO  | Phase 4/5: PPL CHECK (skipped — no benchmark data)
2026-08-12 02:10:08 | sleep.sleep_engine             | INFO  | Phase 5/5: VALIDATE & CLEANUP
2026-08-12 02:10:08 | sleep.weights.plasticity       | INFO  | Saved checkpoint for adapter 'w_cons': 44 parameters.
2026-08-12 02:10:08 | sleep.weights.plasticity       | INFO  | Restored 44 parameters for adapter 'w_cons' from checkpoint.
2026-08-12 02:10:08 | sleep.weights.plasticity       | INFO  | Restored 44 parameters for adapter 'w_cons' from checkpoint.
[transformers] The attention mask is not set and cannot be inferred from input because pad token is same as eos token. As a consequence, you may observe unexpected behavior. Please pass your input's `attention_mask` to obtain reliable results.
2026-08-12 02:10:18 | sleep.sleep_engine             | INFO  | Two-stage validation: 6/6 passed surprise, 6 also passed the mini-recall gate (self-grading gap = 0)
2026-08-12 02:10:18 | sleep.sleep_engine.cleanup     | INFO  | Cleanup complete | passed=6 | failed=0 | permanently_removed=0
2026-08-12 02:10:18 | sleep.sleep_engine             | INFO  | Phase 5 complete: consolidated=6, failed=0, permanently_removed=0
2026-08-12 02:10:18 | sleep.metrics                  | INFO  | summary | {'sleep_engine/n_candidates': 6, 'sleep_engine/n_replays_generated': 138, 'sleep_engine/n_replays_accepted': 138, 'sleep_engine/n_consolidated': 6, 'sleep_engine/n_failed': 0, 'sleep_engine/n_permanently_removed': 0, 'sleep_engine/rolled_back': False}
2026-08-12 02:10:18 | sleep.weights.kv_memory        | INFO  | bank cleared: freed 12 tags / 568 tokens
2026-08-12 02:10:18 | sleep.sleep_engine             | INFO  | KV bank cleared (12 entries removed)
2026-08-12 02:10:18 | sleep.sleep_engine             | INFO  | KV memory injection: ENABLED
2026-08-12 02:10:18 | sleep.sleep_engine             | INFO  | === Sleep cycle END ===
2026-08-12 02:10:55 | sleep.evaluation.recall        | INFO  | Recall evaluation: DRA=0.3000 across 20 cases
2026-08-12 02:11:33 | sleep.evaluation.recall        | INFO  | Recall evaluation: DRA=0.3000 across 20 cases
2026-08-12 02:11:33 | sleep.evaluation.preservation  | INFO  | Perplexity evaluation: PPL=4.8875 (mean_loss=1.5867, 62 tokens)
2026-08-12 02:11:33 | sleep.evaluation.preservation  | INFO  | BCP: 1.1198 (current_ppl=4.8875, original_ppl=4.3646)
2026-08-12 02:11:33 | sleep.experiment.08            | INFO  | [sleep Cycle 1 EVAL] DRA cumulative=0.300 (7/20 hits); DRA current=0.300 (7/20 hits); BCP=1.1198
2026-08-12 02:11:33 | sleep.experiment.08            | INFO  | ======================================================================
2026-08-12 02:11:33 | sleep.experiment.08            | INFO  | [SLEEP Cycle 2] Wake phase: 20 facts
2026-08-12 02:11:33 | sleep.experiment.08            | INFO  | ======================================================================
2026-08-12 02:11:33 | sleep.tagging                  | INFO  | step=21 | 2 tags created from 2 spans | buffer: 17/36208 (0.0%)
2026-08-12 02:11:33 | sleep.tagging                  | INFO  | step=22 | 2 tags created from 2 spans | buffer: 19/36208 (0.1%)
2026-08-12 02:11:34 | sleep.tagging                  | INFO  | step=26 | 1 tags created from 1 spans | buffer: 20/36208 (0.1%)
2026-08-12 02:11:34 | sleep.tagging                  | INFO  | step=27 | 1 tags created from 1 spans | buffer: 21/36208 (0.1%)
2026-08-12 02:11:34 | sleep.tagging                  | INFO  | step=31 | 1 tags created from 1 spans | buffer: 22/36208 (0.1%)
2026-08-12 02:11:34 | sleep.tagging                  | INFO  | step=32 | 2 tags created from 2 spans | buffer: 24/36208 (0.1%)
2026-08-12 02:11:34 | sleep.tagging                  | INFO  | step=36 | 1 tags created from 1 spans | buffer: 25/36208 (0.1%)
2026-08-12 02:11:34 | sleep.tagging                  | INFO  | step=37 | 1 tags created from 1 spans | buffer: 26/36208 (0.1%)
2026-08-12 02:11:35 | sleep.tagging                  | INFO  | step=38 | 1 tags created from 1 spans | buffer: 27/36208 (0.1%)
2026-08-12 02:11:35 | sleep.tagging                  | INFO  | step=39 | 1 tags created from 1 spans | buffer: 28/36208 (0.1%)
2026-08-12 02:11:35 | sleep.experiment.08            | INFO  | [Cycle 2] Wake summary: 20 facts -> 10 KV writes; bank: 491/20000 tokens
2026-08-12 02:11:35 | sleep.prp                      | INFO  | step=40 | PRP update: 10/3620 allocated (0%) | +4 -0 | threshold=0.298 | mean_score=0.269
2026-08-12 02:11:35 | sleep.experiment.08            | INFO  | [Cycle 2] PRP: 10 allocated, 10 consolidation candidates
2026-08-12 02:11:35 | sleep.sleep_engine             | INFO  | === Sleep cycle START | 10 candidates ===
2026-08-12 02:11:35 | sleep.sleep_engine             | INFO  | Phase 1/5: GENERATE (strategy=paraphrase)
2026-08-12 02:11:35 | sleep.sleep_engine             | INFO  | KV memory injection: DISABLED
2026-08-12 02:11:35 | sleep.sleep_engine             | INFO  | Phase 1 (paraphrase strategy): 91 wordings from 4 unique sources (10 candidates)
2026-08-12 02:11:35 | sleep.sleep_engine             | INFO  | Phase 1 complete: 91/10 replays generated
2026-08-12 02:11:35 | sleep.sleep_engine             | INFO  | Phase 2/5: QUALITY CHECK
2026-08-12 02:11:35 | sleep.sleep_engine             | INFO  | Phase 2 complete: 91/91 replays accepted
2026-08-12 02:11:35 | sleep.sleep_engine             | INFO  | Phase 3/5: TRAIN (91 accepted replays)
2026-08-12 02:11:35 | sleep.sleep_engine             | INFO  | KV memory injection: DISABLED
2026-08-12 02:11:35 | sleep.weights.plasticity       | INFO  | Saved checkpoint for adapter 'w_cons': 44 parameters.
2026-08-12 02:11:35 | sleep.weights.plasticity       | INFO  | Saved checkpoint for adapter 'w_cons': 44 parameters.
2026-08-12 02:11:35 | sleep.sleep_engine.train       | INFO  | Sleep distill-training: 4 facts | 400 steps | lr=1.00e-04 | T=2
2026-08-12 02:11:35 | sleep.sleep_engine.train       | INFO  |   distill step 1/400 | loss=2.5439 (kl=1.2789 ce=2.5300) | lr=2.50e-06
2026-08-12 02:11:41 | sleep.sleep_engine.train       | INFO  |   distill step 40/400 | loss=0.9844 (kl=0.5774 ce=0.8140) | lr=1.00e-04
2026-08-12 02:11:48 | sleep.sleep_engine.train       | INFO  |   distill step 80/400 | loss=1.1475 (kl=0.6028 ce=1.0895) | lr=9.70e-05
2026-08-12 02:11:50 | sleep.weights.plasticity       | INFO  | Hard-clipped 1 w_cons parameters to delta_max=0.1000 bound.
2026-08-12 02:11:51 | sleep.weights.plasticity       | INFO  | Hard-clipped 1 w_cons parameters to delta_max=0.1000 bound.
2026-08-12 02:11:51 | sleep.weights.plasticity       | INFO  | Hard-clipped 1 w_cons parameters to delta_max=0.1000 bound.
2026-08-12 02:11:51 | sleep.weights.plasticity       | INFO  | Hard-clipped 1 w_cons parameters to delta_max=0.1000 bound.
2026-08-12 02:11:51 | sleep.weights.plasticity       | INFO  | Hard-clipped 1 w_cons parameters to delta_max=0.1000 bound.
2026-08-12 02:11:51 | sleep.weights.plasticity       | INFO  | Hard-clipped 1 w_cons parameters to delta_max=0.1000 bound.
2026-08-12 02:11:51 | sleep.weights.plasticity       | INFO  | Hard-clipped 1 w_cons parameters to delta_max=0.1000 bound.
2026-08-12 02:11:51 | sleep.weights.plasticity       | INFO  | Hard-clipped 1 w_cons parameters to delta_max=0.1000 bound.
2026-08-12 02:11:52 | sleep.weights.plasticity       | INFO  | Hard-clipped 1 w_cons parameters to delta_max=0.1000 bound.
2026-08-12 02:11:52 | sleep.weights.plasticity       | INFO  | Hard-clipped 1 w_cons parameters to delta_max=0.1000 bound.
2026-08-12 02:11:52 | sleep.weights.plasticity       | INFO  | Hard-clipped 1 w_cons parameters to delta_max=0.1000 bound.
2026-08-12 02:11:52 | sleep.weights.plasticity       | INFO  | Hard-clipped 1 w_cons parameters to delta_max=0.1000 bound.
2026-08-12 02:11:52 | sleep.weights.plasticity       | INFO  | Hard-clipped 1 w_cons parameters to delta_max=0.1000 bound.
2026-08-12 02:11:52 | sleep.weights.plasticity       | INFO  | Hard-clipped 1 w_cons parameters to delta_max=0.1000 bound.
2026-08-12 02:11:53 | sleep.weights.plasticity       | INFO  | Hard-clipped 1 w_cons parameters to delta_max=0.1000 bound.
2026-08-12 02:11:53 | sleep.weights.plasticity       | INFO  | Hard-clipped 1 w_cons parameters to delta_max=0.1000 bound.
2026-08-12 02:11:53 | sleep.weights.plasticity       | INFO  | Hard-clipped 1 w_cons parameters to delta_max=0.1000 bound.
2026-08-12 02:11:53 | sleep.weights.plasticity       | INFO  | Hard-clipped 1 w_cons parameters to delta_max=0.1000 bound.
2026-08-12 02:11:53 | sleep.weights.plasticity       | INFO  | Hard-clipped 1 w_cons parameters to delta_max=0.1000 bound.
2026-08-12 02:11:53 | sleep.weights.plasticity       | INFO  | Hard-clipped 2 w_cons parameters to delta_max=0.1000 bound.
2026-08-12 02:11:54 | sleep.weights.plasticity       | INFO  | Hard-clipped 2 w_cons parameters to delta_max=0.1000 bound.
2026-08-12 02:11:54 | sleep.weights.plasticity       | INFO  | Hard-clipped 2 w_cons parameters to delta_max=0.1000 bound.
2026-08-12 02:11:54 | sleep.weights.plasticity       | INFO  | Hard-clipped 2 w_cons parameters to delta_max=0.1000 bound.
2026-08-12 02:11:54 | sleep.sleep_engine.train       | INFO  |   distill step 120/400 | loss=0.7530 (kl=0.4209 ce=0.6642) | lr=8.83e-05
2026-08-12 02:11:54 | sleep.weights.plasticity       | INFO  | Hard-clipped 2 w_cons parameters to delta_max=0.1000 bound.
2026-08-12 02:11:54 | sleep.weights.plasticity       | INFO  | Hard-clipped 2 w_cons parameters to delta_max=0.1000 bound.
2026-08-12 02:11:54 | sleep.weights.plasticity       | INFO  | Hard-clipped 2 w_cons parameters to delta_max=0.1000 bound.
2026-08-12 02:11:54 | sleep.weights.plasticity       | INFO  | Hard-clipped 2 w_cons parameters to delta_max=0.1000 bound.
2026-08-12 02:11:55 | sleep.weights.plasticity       | INFO  | Hard-clipped 2 w_cons parameters to delta_max=0.1000 bound.
2026-08-12 02:11:55 | sleep.weights.plasticity       | INFO  | Hard-clipped 2 w_cons parameters to delta_max=0.1000 bound.
2026-08-12 02:11:55 | sleep.weights.plasticity       | INFO  | Hard-clipped 3 w_cons parameters to delta_max=0.1000 bound.
2026-08-12 02:11:55 | sleep.weights.plasticity       | INFO  | Hard-clipped 3 w_cons parameters to delta_max=0.1000 bound.
2026-08-12 02:11:55 | sleep.weights.plasticity       | INFO  | Hard-clipped 3 w_cons parameters to delta_max=0.1000 bound.
2026-08-12 02:11:55 | sleep.weights.plasticity       | INFO  | Hard-clipped 3 w_cons parameters to delta_max=0.1000 bound.
2026-08-12 02:11:56 | sleep.weights.plasticity       | INFO  | Hard-clipped 3 w_cons parameters to delta_max=0.1000 bound.
2026-08-12 02:11:56 | sleep.weights.plasticity       | INFO  | Hard-clipped 3 w_cons parameters to delta_max=0.1000 bound.
2026-08-12 02:11:56 | sleep.weights.plasticity       | INFO  | Hard-clipped 3 w_cons parameters to delta_max=0.1000 bound.
2026-08-12 02:11:56 | sleep.weights.plasticity       | INFO  | Hard-clipped 3 w_cons parameters to delta_max=0.1000 bound.
2026-08-12 02:11:56 | sleep.weights.plasticity       | INFO  | Hard-clipped 3 w_cons parameters to delta_max=0.1000 bound.
2026-08-12 02:11:56 | sleep.weights.plasticity       | INFO  | Hard-clipped 3 w_cons parameters to delta_max=0.1000 bound.
2026-08-12 02:11:57 | sleep.weights.plasticity       | INFO  | Hard-clipped 3 w_cons parameters to delta_max=0.1000 bound.
2026-08-12 02:11:57 | sleep.weights.plasticity       | INFO  | Hard-clipped 3 w_cons parameters to delta_max=0.1000 bound.
2026-08-12 02:11:57 | sleep.weights.plasticity       | INFO  | Hard-clipped 3 w_cons parameters to delta_max=0.1000 bound.
2026-08-12 02:11:57 | sleep.weights.plasticity       | INFO  | Hard-clipped 3 w_cons parameters to delta_max=0.1000 bound.
2026-08-12 02:11:57 | sleep.weights.plasticity       | INFO  | Hard-clipped 3 w_cons parameters to delta_max=0.1000 bound.
2026-08-12 02:11:57 | sleep.weights.plasticity       | INFO  | Hard-clipped 3 w_cons parameters to delta_max=0.1000 bound.
2026-08-12 02:11:57 | sleep.weights.plasticity       | INFO  | Hard-clipped 3 w_cons parameters to delta_max=0.1000 bound.
2026-08-12 02:11:58 | sleep.weights.plasticity       | INFO  | Hard-clipped 3 w_cons parameters to delta_max=0.1000 bound.
2026-08-12 02:11:58 | sleep.weights.plasticity       | INFO  | Hard-clipped 3 w_cons parameters to delta_max=0.1000 bound.
2026-08-12 02:11:58 | sleep.weights.plasticity       | INFO  | Hard-clipped 3 w_cons parameters to delta_max=0.1000 bound.
2026-08-12 02:11:58 | sleep.weights.plasticity       | INFO  | Hard-clipped 3 w_cons parameters to delta_max=0.1000 bound.
2026-08-12 02:11:58 | sleep.weights.plasticity       | INFO  | Hard-clipped 3 w_cons parameters to delta_max=0.1000 bound.
2026-08-12 02:11:58 | sleep.weights.plasticity       | INFO  | Hard-clipped 3 w_cons parameters to delta_max=0.1000 bound.
2026-08-12 02:11:59 | sleep.weights.plasticity       | INFO  | Hard-clipped 3 w_cons parameters to delta_max=0.1000 bound.
2026-08-12 02:11:59 | sleep.weights.plasticity       | INFO  | Hard-clipped 3 w_cons parameters to delta_max=0.1000 bound.
2026-08-12 02:11:59 | sleep.weights.plasticity       | INFO  | Hard-clipped 3 w_cons parameters to delta_max=0.1000 bound.
2026-08-12 02:11:59 | sleep.weights.plasticity       | INFO  | Hard-clipped 3 w_cons parameters to delta_max=0.1000 bound.
2026-08-12 02:11:59 | sleep.weights.plasticity       | INFO  | Hard-clipped 3 w_cons parameters to delta_max=0.1000 bound.
2026-08-12 02:11:59 | sleep.weights.plasticity       | INFO  | Hard-clipped 3 w_cons parameters to delta_max=0.1000 bound.
2026-08-12 02:12:00 | sleep.weights.plasticity       | INFO  | Hard-clipped 3 w_cons parameters to delta_max=0.1000 bound.
2026-08-12 02:12:00 | sleep.weights.plasticity       | INFO  | Hard-clipped 4 w_cons parameters to delta_max=0.1000 bound.
2026-08-12 02:12:00 | sleep.weights.plasticity       | INFO  | Hard-clipped 4 w_cons parameters to delta_max=0.1000 bound.
2026-08-12 02:12:00 | sleep.weights.plasticity       | INFO  | Hard-clipped 4 w_cons parameters to delta_max=0.1000 bound.
2026-08-12 02:12:00 | sleep.weights.plasticity       | INFO  | Hard-clipped 4 w_cons parameters to delta_max=0.1000 bound.
2026-08-12 02:12:00 | sleep.sleep_engine.train       | INFO  |   distill step 160/400 | loss=0.6871 (kl=0.4290 ce=0.5161) | lr=7.50e-05
2026-08-12 02:12:00 | sleep.weights.plasticity       | INFO  | Hard-clipped 4 w_cons parameters to delta_max=0.1000 bound.
2026-08-12 02:12:00 | sleep.weights.plasticity       | INFO  | Hard-clipped 4 w_cons parameters to delta_max=0.1000 bound.
2026-08-12 02:12:01 | sleep.weights.plasticity       | INFO  | Hard-clipped 4 w_cons parameters to delta_max=0.1000 bound.
2026-08-12 02:12:01 | sleep.weights.plasticity       | INFO  | Hard-clipped 4 w_cons parameters to delta_max=0.1000 bound.
2026-08-12 02:12:01 | sleep.weights.plasticity       | INFO  | Hard-clipped 4 w_cons parameters to delta_max=0.1000 bound.
2026-08-12 02:12:01 | sleep.weights.plasticity       | INFO  | Hard-clipped 4 w_cons parameters to delta_max=0.1000 bound.
2026-08-12 02:12:01 | sleep.weights.plasticity       | INFO  | Hard-clipped 4 w_cons parameters to delta_max=0.1000 bound.
2026-08-12 02:12:01 | sleep.weights.plasticity       | INFO  | Hard-clipped 4 w_cons parameters to delta_max=0.1000 bound.
2026-08-12 02:12:02 | sleep.weights.plasticity       | INFO  | Hard-clipped 4 w_cons parameters to delta_max=0.1000 bound.
2026-08-12 02:12:02 | sleep.weights.plasticity       | INFO  | Hard-clipped 4 w_cons parameters to delta_max=0.1000 bound.
2026-08-12 02:12:02 | sleep.weights.plasticity       | INFO  | Hard-clipped 4 w_cons parameters to delta_max=0.1000 bound.
2026-08-12 02:12:02 | sleep.weights.plasticity       | INFO  | Hard-clipped 5 w_cons parameters to delta_max=0.1000 bound.
2026-08-12 02:12:02 | sleep.weights.plasticity       | INFO  | Hard-clipped 5 w_cons parameters to delta_max=0.1000 bound.
2026-08-12 02:12:02 | sleep.weights.plasticity       | INFO  | Hard-clipped 5 w_cons parameters to delta_max=0.1000 bound.
2026-08-12 02:12:03 | sleep.weights.plasticity       | INFO  | Hard-clipped 5 w_cons parameters to delta_max=0.1000 bound.
2026-08-12 02:12:03 | sleep.weights.plasticity       | INFO  | Hard-clipped 5 w_cons parameters to delta_max=0.1000 bound.
2026-08-12 02:12:03 | sleep.weights.plasticity       | INFO  | Hard-clipped 5 w_cons parameters to delta_max=0.1000 bound.
2026-08-12 02:12:03 | sleep.weights.plasticity       | INFO  | Hard-clipped 5 w_cons parameters to delta_max=0.1000 bound.
2026-08-12 02:12:03 | sleep.weights.plasticity       | INFO  | Hard-clipped 5 w_cons parameters to delta_max=0.1000 bound.
2026-08-12 02:12:03 | sleep.weights.plasticity       | INFO  | Hard-clipped 5 w_cons parameters to delta_max=0.1000 bound.
2026-08-12 02:12:03 | sleep.weights.plasticity       | INFO  | Hard-clipped 5 w_cons parameters to delta_max=0.1000 bound.
2026-08-12 02:12:04 | sleep.weights.plasticity       | INFO  | Hard-clipped 5 w_cons parameters to delta_max=0.1000 bound.
2026-08-12 02:12:04 | sleep.weights.plasticity       | INFO  | Hard-clipped 5 w_cons parameters to delta_max=0.1000 bound.
2026-08-12 02:12:04 | sleep.weights.plasticity       | INFO  | Hard-clipped 5 w_cons parameters to delta_max=0.1000 bound.
2026-08-12 02:12:04 | sleep.weights.plasticity       | INFO  | Hard-clipped 5 w_cons parameters to delta_max=0.1000 bound.
2026-08-12 02:12:04 | sleep.weights.plasticity       | INFO  | Hard-clipped 5 w_cons parameters to delta_max=0.1000 bound.
2026-08-12 02:12:04 | sleep.weights.plasticity       | INFO  | Hard-clipped 5 w_cons parameters to delta_max=0.1000 bound.
2026-08-12 02:12:05 | sleep.weights.plasticity       | INFO  | Hard-clipped 5 w_cons parameters to delta_max=0.1000 bound.
2026-08-12 02:12:05 | sleep.weights.plasticity       | INFO  | Hard-clipped 5 w_cons parameters to delta_max=0.1000 bound.
2026-08-12 02:12:05 | sleep.weights.plasticity       | INFO  | Hard-clipped 5 w_cons parameters to delta_max=0.1000 bound.
2026-08-12 02:12:05 | sleep.weights.plasticity       | INFO  | Hard-clipped 5 w_cons parameters to delta_max=0.1000 bound.
2026-08-12 02:12:05 | sleep.weights.plasticity       | INFO  | Hard-clipped 5 w_cons parameters to delta_max=0.1000 bound.
2026-08-12 02:12:05 | sleep.weights.plasticity       | INFO  | Hard-clipped 5 w_cons parameters to delta_max=0.1000 bound.
2026-08-12 02:12:06 | sleep.weights.plasticity       | INFO  | Hard-clipped 5 w_cons parameters to delta_max=0.1000 bound.
2026-08-12 02:12:06 | sleep.weights.plasticity       | INFO  | Hard-clipped 5 w_cons parameters to delta_max=0.1000 bound.
2026-08-12 02:12:06 | sleep.weights.plasticity       | INFO  | Hard-clipped 5 w_cons parameters to delta_max=0.1000 bound.
2026-08-12 02:12:06 | sleep.weights.plasticity       | INFO  | Hard-clipped 5 w_cons parameters to delta_max=0.1000 bound.
2026-08-12 02:12:06 | sleep.weights.plasticity       | INFO  | Hard-clipped 4 w_cons parameters to delta_max=0.1000 bound.
2026-08-12 02:12:06 | sleep.weights.plasticity       | INFO  | Hard-clipped 5 w_cons parameters to delta_max=0.1000 bound.
2026-08-12 02:12:06 | sleep.weights.plasticity       | INFO  | Hard-clipped 5 w_cons parameters to delta_max=0.1000 bound.
2026-08-12 02:12:06 | sleep.sleep_engine.train       | INFO  |   distill step 200/400 | loss=0.7395 (kl=0.4350 ce=0.6090) | lr=5.87e-05
2026-08-12 02:12:07 | sleep.weights.plasticity       | INFO  | Hard-clipped 3 w_cons parameters to delta_max=0.1000 bound.
2026-08-12 02:12:07 | sleep.weights.plasticity       | INFO  | Hard-clipped 3 w_cons parameters to delta_max=0.1000 bound.
2026-08-12 02:12:07 | sleep.weights.plasticity       | INFO  | Hard-clipped 3 w_cons parameters to delta_max=0.1000 bound.
2026-08-12 02:12:07 | sleep.weights.plasticity       | INFO  | Hard-clipped 3 w_cons parameters to delta_max=0.1000 bound.
2026-08-12 02:12:07 | sleep.weights.plasticity       | INFO  | Hard-clipped 5 w_cons parameters to delta_max=0.1000 bound.
2026-08-12 02:12:07 | sleep.weights.plasticity       | INFO  | Hard-clipped 5 w_cons parameters to delta_max=0.1000 bound.
2026-08-12 02:12:08 | sleep.weights.plasticity       | INFO  | Hard-clipped 5 w_cons parameters to delta_max=0.1000 bound.
2026-08-12 02:12:08 | sleep.weights.plasticity       | INFO  | Hard-clipped 5 w_cons parameters to delta_max=0.1000 bound.
2026-08-12 02:12:08 | sleep.weights.plasticity       | INFO  | Hard-clipped 5 w_cons parameters to delta_max=0.1000 bound.
2026-08-12 02:12:08 | sleep.weights.plasticity       | INFO  | Hard-clipped 5 w_cons parameters to delta_max=0.1000 bound.
2026-08-12 02:12:08 | sleep.weights.plasticity       | INFO  | Hard-clipped 5 w_cons parameters to delta_max=0.1000 bound.
2026-08-12 02:12:08 | sleep.weights.plasticity       | INFO  | Hard-clipped 5 w_cons parameters to delta_max=0.1000 bound.
2026-08-12 02:12:09 | sleep.weights.plasticity       | INFO  | Hard-clipped 5 w_cons parameters to delta_max=0.1000 bound.
2026-08-12 02:12:09 | sleep.weights.plasticity       | INFO  | Hard-clipped 5 w_cons parameters to delta_max=0.1000 bound.
2026-08-12 02:12:09 | sleep.weights.plasticity       | INFO  | Hard-clipped 5 w_cons parameters to delta_max=0.1000 bound.
2026-08-12 02:12:09 | sleep.weights.plasticity       | INFO  | Hard-clipped 5 w_cons parameters to delta_max=0.1000 bound.
2026-08-12 02:12:09 | sleep.weights.plasticity       | INFO  | Hard-clipped 5 w_cons parameters to delta_max=0.1000 bound.
2026-08-12 02:12:09 | sleep.weights.plasticity       | INFO  | Hard-clipped 5 w_cons parameters to delta_max=0.1000 bound.
2026-08-12 02:12:10 | sleep.weights.plasticity       | INFO  | Hard-clipped 5 w_cons parameters to delta_max=0.1000 bound.
2026-08-12 02:12:10 | sleep.weights.plasticity       | INFO  | Hard-clipped 5 w_cons parameters to delta_max=0.1000 bound.
2026-08-12 02:12:10 | sleep.weights.plasticity       | INFO  | Hard-clipped 6 w_cons parameters to delta_max=0.1000 bound.
2026-08-12 02:12:10 | sleep.weights.plasticity       | INFO  | Hard-clipped 6 w_cons parameters to delta_max=0.1000 bound.
2026-08-12 02:12:10 | sleep.weights.plasticity       | INFO  | Hard-clipped 6 w_cons parameters to delta_max=0.1000 bound.
2026-08-12 02:12:10 | sleep.weights.plasticity       | INFO  | Hard-clipped 6 w_cons parameters to delta_max=0.1000 bound.
2026-08-12 02:12:11 | sleep.weights.plasticity       | INFO  | Hard-clipped 6 w_cons parameters to delta_max=0.1000 bound.
2026-08-12 02:12:11 | sleep.weights.plasticity       | INFO  | Hard-clipped 6 w_cons parameters to delta_max=0.1000 bound.
2026-08-12 02:12:11 | sleep.weights.plasticity       | INFO  | Hard-clipped 6 w_cons parameters to delta_max=0.1000 bound.
2026-08-12 02:12:11 | sleep.weights.plasticity       | INFO  | Hard-clipped 6 w_cons parameters to delta_max=0.1000 bound.
2026-08-12 02:12:11 | sleep.weights.plasticity       | INFO  | Hard-clipped 6 w_cons parameters to delta_max=0.1000 bound.
2026-08-12 02:12:11 | sleep.weights.plasticity       | INFO  | Hard-clipped 6 w_cons parameters to delta_max=0.1000 bound.
2026-08-12 02:12:11 | sleep.weights.plasticity       | INFO  | Hard-clipped 6 w_cons parameters to delta_max=0.1000 bound.
2026-08-12 02:12:12 | sleep.weights.plasticity       | INFO  | Hard-clipped 6 w_cons parameters to delta_max=0.1000 bound.
2026-08-12 02:12:12 | sleep.weights.plasticity       | INFO  | Hard-clipped 5 w_cons parameters to delta_max=0.1000 bound.
2026-08-12 02:12:12 | sleep.weights.plasticity       | INFO  | Hard-clipped 6 w_cons parameters to delta_max=0.1000 bound.
2026-08-12 02:12:12 | sleep.weights.plasticity       | INFO  | Hard-clipped 6 w_cons parameters to delta_max=0.1000 bound.
2026-08-12 02:12:12 | sleep.weights.plasticity       | INFO  | Hard-clipped 6 w_cons parameters to delta_max=0.1000 bound.
2026-08-12 02:12:12 | sleep.weights.plasticity       | INFO  | Hard-clipped 6 w_cons parameters to delta_max=0.1000 bound.
2026-08-12 02:12:13 | sleep.weights.plasticity       | INFO  | Hard-clipped 7 w_cons parameters to delta_max=0.1000 bound.
2026-08-12 02:12:13 | sleep.weights.plasticity       | INFO  | Hard-clipped 7 w_cons parameters to delta_max=0.1000 bound.
2026-08-12 02:12:13 | sleep.weights.plasticity       | INFO  | Hard-clipped 7 w_cons parameters to delta_max=0.1000 bound.
2026-08-12 02:12:13 | sleep.sleep_engine.train       | INFO  |   distill step 240/400 | loss=0.5782 (kl=0.3202 ce=0.5159) | lr=4.13e-05
2026-08-12 02:12:13 | sleep.weights.plasticity       | INFO  | Hard-clipped 7 w_cons parameters to delta_max=0.1000 bound.
2026-08-12 02:12:13 | sleep.weights.plasticity       | INFO  | Hard-clipped 7 w_cons parameters to delta_max=0.1000 bound.
2026-08-12 02:12:13 | sleep.weights.plasticity       | INFO  | Hard-clipped 7 w_cons parameters to delta_max=0.1000 bound.
2026-08-12 02:12:14 | sleep.weights.plasticity       | INFO  | Hard-clipped 7 w_cons parameters to delta_max=0.1000 bound.
2026-08-12 02:12:14 | sleep.weights.plasticity       | INFO  | Hard-clipped 7 w_cons parameters to delta_max=0.1000 bound.
2026-08-12 02:12:14 | sleep.weights.plasticity       | INFO  | Hard-clipped 7 w_cons parameters to delta_max=0.1000 bound.
2026-08-12 02:12:14 | sleep.weights.plasticity       | INFO  | Hard-clipped 7 w_cons parameters to delta_max=0.1000 bound.
2026-08-12 02:12:14 | sleep.weights.plasticity       | INFO  | Hard-clipped 7 w_cons parameters to delta_max=0.1000 bound.
2026-08-12 02:12:14 | sleep.weights.plasticity       | INFO  | Hard-clipped 7 w_cons parameters to delta_max=0.1000 bound.
2026-08-12 02:12:15 | sleep.weights.plasticity       | INFO  | Hard-clipped 7 w_cons parameters to delta_max=0.1000 bound.
2026-08-12 02:12:15 | sleep.weights.plasticity       | INFO  | Hard-clipped 7 w_cons parameters to delta_max=0.1000 bound.
2026-08-12 02:12:15 | sleep.weights.plasticity       | INFO  | Hard-clipped 7 w_cons parameters to delta_max=0.1000 bound.
2026-08-12 02:12:15 | sleep.weights.plasticity       | INFO  | Hard-clipped 7 w_cons parameters to delta_max=0.1000 bound.
2026-08-12 02:12:15 | sleep.weights.plasticity       | INFO  | Hard-clipped 7 w_cons parameters to delta_max=0.1000 bound.
2026-08-12 02:12:15 | sleep.weights.plasticity       | INFO  | Hard-clipped 7 w_cons parameters to delta_max=0.1000 bound.
2026-08-12 02:12:15 | sleep.weights.plasticity       | INFO  | Hard-clipped 7 w_cons parameters to delta_max=0.1000 bound.
2026-08-12 02:12:16 | sleep.weights.plasticity       | INFO  | Hard-clipped 7 w_cons parameters to delta_max=0.1000 bound.
2026-08-12 02:12:16 | sleep.weights.plasticity       | INFO  | Hard-clipped 7 w_cons parameters to delta_max=0.1000 bound.
2026-08-12 02:12:16 | sleep.weights.plasticity       | INFO  | Hard-clipped 7 w_cons parameters to delta_max=0.1000 bound.
2026-08-12 02:12:16 | sleep.weights.plasticity       | INFO  | Hard-clipped 7 w_cons parameters to delta_max=0.1000 bound.
2026-08-12 02:12:16 | sleep.weights.plasticity       | INFO  | Hard-clipped 7 w_cons parameters to delta_max=0.1000 bound.
2026-08-12 02:12:16 | sleep.weights.plasticity       | INFO  | Hard-clipped 7 w_cons parameters to delta_max=0.1000 bound.
2026-08-12 02:12:17 | sleep.weights.plasticity       | INFO  | Hard-clipped 7 w_cons parameters to delta_max=0.1000 bound.
2026-08-12 02:12:17 | sleep.weights.plasticity       | INFO  | Hard-clipped 7 w_cons parameters to delta_max=0.1000 bound.
2026-08-12 02:12:17 | sleep.weights.plasticity       | INFO  | Hard-clipped 7 w_cons parameters to delta_max=0.1000 bound.
2026-08-12 02:12:17 | sleep.weights.plasticity       | INFO  | Hard-clipped 7 w_cons parameters to delta_max=0.1000 bound.
2026-08-12 02:12:17 | sleep.weights.plasticity       | INFO  | Hard-clipped 7 w_cons parameters to delta_max=0.1000 bound.
2026-08-12 02:12:17 | sleep.weights.plasticity       | INFO  | Hard-clipped 7 w_cons parameters to delta_max=0.1000 bound.
2026-08-12 02:12:18 | sleep.weights.plasticity       | INFO  | Hard-clipped 7 w_cons parameters to delta_max=0.1000 bound.
2026-08-12 02:12:18 | sleep.weights.plasticity       | INFO  | Hard-clipped 7 w_cons parameters to delta_max=0.1000 bound.
2026-08-12 02:12:18 | sleep.weights.plasticity       | INFO  | Hard-clipped 7 w_cons parameters to delta_max=0.1000 bound.
2026-08-12 02:12:18 | sleep.weights.plasticity       | INFO  | Hard-clipped 7 w_cons parameters to delta_max=0.1000 bound.
2026-08-12 02:12:18 | sleep.weights.plasticity       | INFO  | Hard-clipped 7 w_cons parameters to delta_max=0.1000 bound.
2026-08-12 02:12:18 | sleep.weights.plasticity       | INFO  | Hard-clipped 7 w_cons parameters to delta_max=0.1000 bound.
2026-08-12 02:12:19 | sleep.weights.plasticity       | INFO  | Hard-clipped 7 w_cons parameters to delta_max=0.1000 bound.
2026-08-12 02:12:19 | sleep.weights.plasticity       | INFO  | Hard-clipped 7 w_cons parameters to delta_max=0.1000 bound.
2026-08-12 02:12:19 | sleep.weights.plasticity       | INFO  | Hard-clipped 7 w_cons parameters to delta_max=0.1000 bound.
2026-08-12 02:12:19 | sleep.weights.plasticity       | INFO  | Hard-clipped 7 w_cons parameters to delta_max=0.1000 bound.
2026-08-12 02:12:19 | sleep.weights.plasticity       | INFO  | Hard-clipped 7 w_cons parameters to delta_max=0.1000 bound.
2026-08-12 02:12:19 | sleep.weights.plasticity       | INFO  | Hard-clipped 7 w_cons parameters to delta_max=0.1000 bound.
2026-08-12 02:12:19 | sleep.sleep_engine.train       | INFO  |   distill step 280/400 | loss=0.3750 (kl=0.2776 ce=0.1948) | lr=2.50e-05
2026-08-12 02:12:20 | sleep.weights.plasticity       | INFO  | Hard-clipped 7 w_cons parameters to delta_max=0.1000 bound.
2026-08-12 02:12:20 | sleep.weights.plasticity       | INFO  | Hard-clipped 7 w_cons parameters to delta_max=0.1000 bound.
2026-08-12 02:12:20 | sleep.weights.plasticity       | INFO  | Hard-clipped 7 w_cons parameters to delta_max=0.1000 bound.
2026-08-12 02:12:20 | sleep.weights.plasticity       | INFO  | Hard-clipped 7 w_cons parameters to delta_max=0.1000 bound.
2026-08-12 02:12:20 | sleep.weights.plasticity       | INFO  | Hard-clipped 7 w_cons parameters to delta_max=0.1000 bound.
2026-08-12 02:12:20 | sleep.weights.plasticity       | INFO  | Hard-clipped 7 w_cons parameters to delta_max=0.1000 bound.
2026-08-12 02:12:21 | sleep.weights.plasticity       | INFO  | Hard-clipped 7 w_cons parameters to delta_max=0.1000 bound.
2026-08-12 02:12:21 | sleep.weights.plasticity       | INFO  | Hard-clipped 7 w_cons parameters to delta_max=0.1000 bound.
2026-08-12 02:12:21 | sleep.weights.plasticity       | INFO  | Hard-clipped 7 w_cons parameters to delta_max=0.1000 bound.
2026-08-12 02:12:21 | sleep.weights.plasticity       | INFO  | Hard-clipped 7 w_cons parameters to delta_max=0.1000 bound.
2026-08-12 02:12:21 | sleep.weights.plasticity       | INFO  | Hard-clipped 7 w_cons parameters to delta_max=0.1000 bound.
2026-08-12 02:12:21 | sleep.weights.plasticity       | INFO  | Hard-clipped 7 w_cons parameters to delta_max=0.1000 bound.
2026-08-12 02:12:22 | sleep.weights.plasticity       | INFO  | Hard-clipped 7 w_cons parameters to delta_max=0.1000 bound.
2026-08-12 02:12:22 | sleep.weights.plasticity       | INFO  | Hard-clipped 7 w_cons parameters to delta_max=0.1000 bound.
2026-08-12 02:12:22 | sleep.weights.plasticity       | INFO  | Hard-clipped 7 w_cons parameters to delta_max=0.1000 bound.
2026-08-12 02:12:22 | sleep.weights.plasticity       | INFO  | Hard-clipped 7 w_cons parameters to delta_max=0.1000 bound.
2026-08-12 02:12:22 | sleep.weights.plasticity       | INFO  | Hard-clipped 7 w_cons parameters to delta_max=0.1000 bound.
2026-08-12 02:12:22 | sleep.weights.plasticity       | INFO  | Hard-clipped 7 w_cons parameters to delta_max=0.1000 bound.
2026-08-12 02:12:22 | sleep.weights.plasticity       | INFO  | Hard-clipped 7 w_cons parameters to delta_max=0.1000 bound.
2026-08-12 02:12:23 | sleep.weights.plasticity       | INFO  | Hard-clipped 7 w_cons parameters to delta_max=0.1000 bound.
2026-08-12 02:12:23 | sleep.weights.plasticity       | INFO  | Hard-clipped 7 w_cons parameters to delta_max=0.1000 bound.
2026-08-12 02:12:23 | sleep.weights.plasticity       | INFO  | Hard-clipped 7 w_cons parameters to delta_max=0.1000 bound.
2026-08-12 02:12:23 | sleep.weights.plasticity       | INFO  | Hard-clipped 7 w_cons parameters to delta_max=0.1000 bound.
2026-08-12 02:12:23 | sleep.weights.plasticity       | INFO  | Hard-clipped 7 w_cons parameters to delta_max=0.1000 bound.
2026-08-12 02:12:23 | sleep.weights.plasticity       | INFO  | Hard-clipped 8 w_cons parameters to delta_max=0.1000 bound.
2026-08-12 02:12:24 | sleep.weights.plasticity       | INFO  | Hard-clipped 8 w_cons parameters to delta_max=0.1000 bound.
2026-08-12 02:12:24 | sleep.weights.plasticity       | INFO  | Hard-clipped 8 w_cons parameters to delta_max=0.1000 bound.
2026-08-12 02:12:24 | sleep.weights.plasticity       | INFO  | Hard-clipped 8 w_cons parameters to delta_max=0.1000 bound.
2026-08-12 02:12:24 | sleep.weights.plasticity       | INFO  | Hard-clipped 8 w_cons parameters to delta_max=0.1000 bound.
2026-08-12 02:12:24 | sleep.weights.plasticity       | INFO  | Hard-clipped 8 w_cons parameters to delta_max=0.1000 bound.
2026-08-12 02:12:24 | sleep.weights.plasticity       | INFO  | Hard-clipped 8 w_cons parameters to delta_max=0.1000 bound.
2026-08-12 02:12:25 | sleep.weights.plasticity       | INFO  | Hard-clipped 8 w_cons parameters to delta_max=0.1000 bound.
2026-08-12 02:12:25 | sleep.weights.plasticity       | INFO  | Hard-clipped 8 w_cons parameters to delta_max=0.1000 bound.
2026-08-12 02:12:25 | sleep.weights.plasticity       | INFO  | Hard-clipped 8 w_cons parameters to delta_max=0.1000 bound.
2026-08-12 02:12:25 | sleep.weights.plasticity       | INFO  | Hard-clipped 8 w_cons parameters to delta_max=0.1000 bound.
2026-08-12 02:12:25 | sleep.weights.plasticity       | INFO  | Hard-clipped 8 w_cons parameters to delta_max=0.1000 bound.
2026-08-12 02:12:25 | sleep.weights.plasticity       | INFO  | Hard-clipped 8 w_cons parameters to delta_max=0.1000 bound.
2026-08-12 02:12:26 | sleep.weights.plasticity       | INFO  | Hard-clipped 8 w_cons parameters to delta_max=0.1000 bound.
2026-08-12 02:12:26 | sleep.weights.plasticity       | INFO  | Hard-clipped 8 w_cons parameters to delta_max=0.1000 bound.
2026-08-12 02:12:26 | sleep.weights.plasticity       | INFO  | Hard-clipped 8 w_cons parameters to delta_max=0.1000 bound.
2026-08-12 02:12:26 | sleep.sleep_engine.train       | INFO  |   distill step 320/400 | loss=0.5995 (kl=0.4055 ce=0.3880) | lr=1.17e-05
2026-08-12 02:12:26 | sleep.weights.plasticity       | INFO  | Hard-clipped 8 w_cons parameters to delta_max=0.1000 bound.
2026-08-12 02:12:26 | sleep.weights.plasticity       | INFO  | Hard-clipped 8 w_cons parameters to delta_max=0.1000 bound.
2026-08-12 02:12:26 | sleep.weights.plasticity       | INFO  | Hard-clipped 8 w_cons parameters to delta_max=0.1000 bound.
2026-08-12 02:12:27 | sleep.weights.plasticity       | INFO  | Hard-clipped 8 w_cons parameters to delta_max=0.1000 bound.
2026-08-12 02:12:27 | sleep.weights.plasticity       | INFO  | Hard-clipped 8 w_cons parameters to delta_max=0.1000 bound.
2026-08-12 02:12:27 | sleep.weights.plasticity       | INFO  | Hard-clipped 8 w_cons parameters to delta_max=0.1000 bound.
2026-08-12 02:12:27 | sleep.weights.plasticity       | INFO  | Hard-clipped 8 w_cons parameters to delta_max=0.1000 bound.
2026-08-12 02:12:27 | sleep.weights.plasticity       | INFO  | Hard-clipped 8 w_cons parameters to delta_max=0.1000 bound.
2026-08-12 02:12:27 | sleep.weights.plasticity       | INFO  | Hard-clipped 8 w_cons parameters to delta_max=0.1000 bound.
2026-08-12 02:12:27 | sleep.weights.plasticity       | INFO  | Hard-clipped 8 w_cons parameters to delta_max=0.1000 bound.
2026-08-12 02:12:28 | sleep.weights.plasticity       | INFO  | Hard-clipped 8 w_cons parameters to delta_max=0.1000 bound.
2026-08-12 02:12:28 | sleep.weights.plasticity       | INFO  | Hard-clipped 8 w_cons parameters to delta_max=0.1000 bound.
2026-08-12 02:12:28 | sleep.weights.plasticity       | INFO  | Hard-clipped 8 w_cons parameters to delta_max=0.1000 bound.
2026-08-12 02:12:28 | sleep.weights.plasticity       | INFO  | Hard-clipped 8 w_cons parameters to delta_max=0.1000 bound.
2026-08-12 02:12:28 | sleep.weights.plasticity       | INFO  | Hard-clipped 8 w_cons parameters to delta_max=0.1000 bound.
2026-08-12 02:12:28 | sleep.weights.plasticity       | INFO  | Hard-clipped 8 w_cons parameters to delta_max=0.1000 bound.
2026-08-12 02:12:29 | sleep.weights.plasticity       | INFO  | Hard-clipped 8 w_cons parameters to delta_max=0.1000 bound.
2026-08-12 02:12:29 | sleep.weights.plasticity       | INFO  | Hard-clipped 8 w_cons parameters to delta_max=0.1000 bound.
2026-08-12 02:12:29 | sleep.weights.plasticity       | INFO  | Hard-clipped 8 w_cons parameters to delta_max=0.1000 bound.
2026-08-12 02:12:29 | sleep.weights.plasticity       | INFO  | Hard-clipped 8 w_cons parameters to delta_max=0.1000 bound.
2026-08-12 02:12:29 | sleep.weights.plasticity       | INFO  | Hard-clipped 8 w_cons parameters to delta_max=0.1000 bound.
2026-08-12 02:12:29 | sleep.weights.plasticity       | INFO  | Hard-clipped 8 w_cons parameters to delta_max=0.1000 bound.
2026-08-12 02:12:30 | sleep.weights.plasticity       | INFO  | Hard-clipped 8 w_cons parameters to delta_max=0.1000 bound.
2026-08-12 02:12:30 | sleep.weights.plasticity       | INFO  | Hard-clipped 8 w_cons parameters to delta_max=0.1000 bound.
2026-08-12 02:12:30 | sleep.weights.plasticity       | INFO  | Hard-clipped 8 w_cons parameters to delta_max=0.1000 bound.
2026-08-12 02:12:30 | sleep.weights.plasticity       | INFO  | Hard-clipped 8 w_cons parameters to delta_max=0.1000 bound.
2026-08-12 02:12:30 | sleep.weights.plasticity       | INFO  | Hard-clipped 8 w_cons parameters to delta_max=0.1000 bound.
2026-08-12 02:12:30 | sleep.weights.plasticity       | INFO  | Hard-clipped 8 w_cons parameters to delta_max=0.1000 bound.
2026-08-12 02:12:31 | sleep.weights.plasticity       | INFO  | Hard-clipped 8 w_cons parameters to delta_max=0.1000 bound.
2026-08-12 02:12:31 | sleep.weights.plasticity       | INFO  | Hard-clipped 8 w_cons parameters to delta_max=0.1000 bound.
2026-08-12 02:12:31 | sleep.weights.plasticity       | INFO  | Hard-clipped 8 w_cons parameters to delta_max=0.1000 bound.
2026-08-12 02:12:31 | sleep.weights.plasticity       | INFO  | Hard-clipped 8 w_cons parameters to delta_max=0.1000 bound.
2026-08-12 02:12:31 | sleep.weights.plasticity       | INFO  | Hard-clipped 8 w_cons parameters to delta_max=0.1000 bound.
2026-08-12 02:12:31 | sleep.weights.plasticity       | INFO  | Hard-clipped 8 w_cons parameters to delta_max=0.1000 bound.
2026-08-12 02:12:31 | sleep.weights.plasticity       | INFO  | Hard-clipped 8 w_cons parameters to delta_max=0.1000 bound.
2026-08-12 02:12:32 | sleep.weights.plasticity       | INFO  | Hard-clipped 8 w_cons parameters to delta_max=0.1000 bound.
2026-08-12 02:12:32 | sleep.weights.plasticity       | INFO  | Hard-clipped 8 w_cons parameters to delta_max=0.1000 bound.
2026-08-12 02:12:32 | sleep.weights.plasticity       | INFO  | Hard-clipped 8 w_cons parameters to delta_max=0.1000 bound.
2026-08-12 02:12:32 | sleep.weights.plasticity       | INFO  | Hard-clipped 8 w_cons parameters to delta_max=0.1000 bound.
2026-08-12 02:12:32 | sleep.weights.plasticity       | INFO  | Hard-clipped 8 w_cons parameters to delta_max=0.1000 bound.
2026-08-12 02:12:32 | sleep.sleep_engine.train       | INFO  |   distill step 360/400 | loss=0.4153 (kl=0.2850 ce=0.2606) | lr=3.02e-06
2026-08-12 02:12:32 | sleep.weights.plasticity       | INFO  | Hard-clipped 8 w_cons parameters to delta_max=0.1000 bound.
2026-08-12 02:12:33 | sleep.weights.plasticity       | INFO  | Hard-clipped 8 w_cons parameters to delta_max=0.1000 bound.
2026-08-12 02:12:33 | sleep.weights.plasticity       | INFO  | Hard-clipped 8 w_cons parameters to delta_max=0.1000 bound.
2026-08-12 02:12:33 | sleep.weights.plasticity       | INFO  | Hard-clipped 8 w_cons parameters to delta_max=0.1000 bound.
2026-08-12 02:12:33 | sleep.weights.plasticity       | INFO  | Hard-clipped 8 w_cons parameters to delta_max=0.1000 bound.
2026-08-12 02:12:33 | sleep.weights.plasticity       | INFO  | Hard-clipped 8 w_cons parameters to delta_max=0.1000 bound.
2026-08-12 02:12:33 | sleep.weights.plasticity       | INFO  | Hard-clipped 8 w_cons parameters to delta_max=0.1000 bound.
2026-08-12 02:12:34 | sleep.weights.plasticity       | INFO  | Hard-clipped 8 w_cons parameters to delta_max=0.1000 bound.
2026-08-12 02:12:34 | sleep.weights.plasticity       | INFO  | Hard-clipped 8 w_cons parameters to delta_max=0.1000 bound.
2026-08-12 02:12:34 | sleep.weights.plasticity       | INFO  | Hard-clipped 8 w_cons parameters to delta_max=0.1000 bound.
2026-08-12 02:12:34 | sleep.weights.plasticity       | INFO  | Hard-clipped 8 w_cons parameters to delta_max=0.1000 bound.
2026-08-12 02:12:34 | sleep.weights.plasticity       | INFO  | Hard-clipped 8 w_cons parameters to delta_max=0.1000 bound.
2026-08-12 02:12:34 | sleep.weights.plasticity       | INFO  | Hard-clipped 8 w_cons parameters to delta_max=0.1000 bound.
2026-08-12 02:12:34 | sleep.weights.plasticity       | INFO  | Hard-clipped 8 w_cons parameters to delta_max=0.1000 bound.
2026-08-12 02:12:35 | sleep.weights.plasticity       | INFO  | Hard-clipped 8 w_cons parameters to delta_max=0.1000 bound.
2026-08-12 02:12:35 | sleep.weights.plasticity       | INFO  | Hard-clipped 8 w_cons parameters to delta_max=0.1000 bound.
2026-08-12 02:12:35 | sleep.weights.plasticity       | INFO  | Hard-clipped 8 w_cons parameters to delta_max=0.1000 bound.
2026-08-12 02:12:35 | sleep.weights.plasticity       | INFO  | Hard-clipped 8 w_cons parameters to delta_max=0.1000 bound.
2026-08-12 02:12:35 | sleep.weights.plasticity       | INFO  | Hard-clipped 8 w_cons parameters to delta_max=0.1000 bound.
2026-08-12 02:12:35 | sleep.weights.plasticity       | INFO  | Hard-clipped 8 w_cons parameters to delta_max=0.1000 bound.
2026-08-12 02:12:36 | sleep.weights.plasticity       | INFO  | Hard-clipped 8 w_cons parameters to delta_max=0.1000 bound.
2026-08-12 02:12:36 | sleep.weights.plasticity       | INFO  | Hard-clipped 8 w_cons parameters to delta_max=0.1000 bound.
2026-08-12 02:12:36 | sleep.weights.plasticity       | INFO  | Hard-clipped 8 w_cons parameters to delta_max=0.1000 bound.
2026-08-12 02:12:36 | sleep.weights.plasticity       | INFO  | Hard-clipped 8 w_cons parameters to delta_max=0.1000 bound.
2026-08-12 02:12:36 | sleep.weights.plasticity       | INFO  | Hard-clipped 8 w_cons parameters to delta_max=0.1000 bound.
2026-08-12 02:12:36 | sleep.weights.plasticity       | INFO  | Hard-clipped 8 w_cons parameters to delta_max=0.1000 bound.
2026-08-12 02:12:37 | sleep.weights.plasticity       | INFO  | Hard-clipped 8 w_cons parameters to delta_max=0.1000 bound.
2026-08-12 02:12:37 | sleep.weights.plasticity       | INFO  | Hard-clipped 8 w_cons parameters to delta_max=0.1000 bound.
2026-08-12 02:12:37 | sleep.weights.plasticity       | INFO  | Hard-clipped 8 w_cons parameters to delta_max=0.1000 bound.
2026-08-12 02:12:37 | sleep.weights.plasticity       | INFO  | Hard-clipped 8 w_cons parameters to delta_max=0.1000 bound.
2026-08-12 02:12:37 | sleep.weights.plasticity       | INFO  | Hard-clipped 8 w_cons parameters to delta_max=0.1000 bound.
2026-08-12 02:12:37 | sleep.weights.plasticity       | INFO  | Hard-clipped 8 w_cons parameters to delta_max=0.1000 bound.
2026-08-12 02:12:38 | sleep.weights.plasticity       | INFO  | Hard-clipped 8 w_cons parameters to delta_max=0.1000 bound.
2026-08-12 02:12:38 | sleep.weights.plasticity       | INFO  | Hard-clipped 8 w_cons parameters to delta_max=0.1000 bound.
2026-08-12 02:12:38 | sleep.weights.plasticity       | INFO  | Hard-clipped 8 w_cons parameters to delta_max=0.1000 bound.
2026-08-12 02:12:38 | sleep.weights.plasticity       | INFO  | Hard-clipped 8 w_cons parameters to delta_max=0.1000 bound.
2026-08-12 02:12:38 | sleep.weights.plasticity       | INFO  | Hard-clipped 8 w_cons parameters to delta_max=0.1000 bound.
2026-08-12 02:12:38 | sleep.weights.plasticity       | INFO  | Hard-clipped 8 w_cons parameters to delta_max=0.1000 bound.
2026-08-12 02:12:38 | sleep.weights.plasticity       | INFO  | Hard-clipped 7 w_cons parameters to delta_max=0.1000 bound.
2026-08-12 02:12:39 | sleep.weights.plasticity       | INFO  | Hard-clipped 4 w_cons parameters to delta_max=0.1000 bound.
2026-08-12 02:12:39 | sleep.sleep_engine.train       | INFO  |   distill step 400/400 | loss=0.5160 (kl=0.3242 ce=0.3837) | lr=0.00e+00
2026-08-12 02:12:39 | sleep.sleep_engine.train       | INFO  | Sleep distill-training complete | n_steps=400 | final_loss=0.5160 | mean_loss=0.8447
2026-08-12 02:12:39 | sleep.sleep_engine             | INFO  | Phase 3 complete: 400 steps, final_loss=0.5160, mean_loss=0.8447
2026-08-12 02:12:39 | sleep.sleep_engine             | INFO  | Phase 4/5: PPL CHECK (skipped — no benchmark data)
2026-08-12 02:12:39 | sleep.sleep_engine             | INFO  | Phase 5/5: VALIDATE & CLEANUP
2026-08-12 02:12:39 | sleep.weights.plasticity       | INFO  | Saved checkpoint for adapter 'w_cons': 44 parameters.
2026-08-12 02:12:39 | sleep.weights.plasticity       | INFO  | Restored 44 parameters for adapter 'w_cons' from checkpoint.
2026-08-12 02:12:39 | sleep.weights.plasticity       | INFO  | Restored 44 parameters for adapter 'w_cons' from checkpoint.
2026-08-12 02:12:45 | sleep.sleep_engine             | INFO  | Two-stage validation: 4/10 passed surprise, 4 also passed the mini-recall gate (self-grading gap = 0)
2026-08-12 02:12:45 | sleep.sleep_engine.cleanup     | INFO  | Cleanup complete | passed=4 | failed=6 | permanently_removed=0
2026-08-12 02:12:45 | sleep.sleep_engine             | INFO  | Phase 5 complete: consolidated=4, failed=6, permanently_removed=0
2026-08-12 02:12:45 | sleep.metrics                  | INFO  | summary | {'sleep_engine/n_candidates': 10, 'sleep_engine/n_replays_generated': 91, 'sleep_engine/n_replays_accepted': 91, 'sleep_engine/n_consolidated': 4, 'sleep_engine/n_failed': 6, 'sleep_engine/n_permanently_removed': 0, 'sleep_engine/rolled_back': False}
2026-08-12 02:12:45 | sleep.weights.kv_memory        | INFO  | bank cleared: freed 10 tags / 491 tokens
2026-08-12 02:12:45 | sleep.sleep_engine             | INFO  | KV bank cleared (10 entries removed)
2026-08-12 02:12:45 | sleep.sleep_engine             | INFO  | KV memory injection: ENABLED
2026-08-12 02:12:45 | sleep.sleep_engine             | INFO  | === Sleep cycle END ===
2026-08-12 02:14:00 | sleep.evaluation.recall        | INFO  | Recall evaluation: DRA=0.1167 across 40 cases
2026-08-12 02:14:37 | sleep.evaluation.recall        | INFO  | Recall evaluation: DRA=0.1833 across 20 cases
2026-08-12 02:14:37 | sleep.evaluation.preservation  | INFO  | Perplexity evaluation: PPL=6.3756 (mean_loss=1.8525, 62 tokens)
2026-08-12 02:14:37 | sleep.evaluation.preservation  | INFO  | BCP: 1.4607 (current_ppl=6.3756, original_ppl=4.3646)
2026-08-12 02:14:37 | sleep.experiment.08            | INFO  | [sleep Cycle 2 EVAL] DRA cumulative=0.117 (8/40 hits); DRA current=0.183 (5/20 hits); BCP=1.4607
2026-08-12 02:14:37 | sleep.experiment.08            | INFO  | ======================================================================
2026-08-12 02:14:37 | sleep.experiment.08            | INFO  | [SLEEP Cycle 3] Wake phase: 20 facts
2026-08-12 02:14:37 | sleep.experiment.08            | INFO  | ======================================================================
2026-08-12 02:14:38 | sleep.tagging                  | INFO  | step=41 | 2 tags created from 2 spans | buffer: 30/36208 (0.1%)
2026-08-12 02:14:38 | sleep.tagging                  | INFO  | step=42 | 1 tags created from 1 spans | buffer: 31/36208 (0.1%)
2026-08-12 02:14:38 | sleep.tagging                  | INFO  | step=44 | 1 tags created from 1 spans | buffer: 32/36208 (0.1%)
2026-08-12 02:14:38 | sleep.tagging                  | INFO  | step=46 | 1 tags created from 1 spans | buffer: 33/36208 (0.1%)
2026-08-12 02:14:38 | sleep.tagging                  | INFO  | step=47 | 1 tags created from 1 spans | buffer: 34/36208 (0.1%)
2026-08-12 02:14:38 | sleep.tagging                  | INFO  | step=48 | 1 tags created from 1 spans | buffer: 35/36208 (0.1%)
2026-08-12 02:14:38 | sleep.tagging                  | INFO  | step=51 | 2 tags created from 2 spans | buffer: 37/36208 (0.1%)
2026-08-12 02:14:38 | sleep.tagging                  | INFO  | step=52 | 2 tags created from 2 spans | buffer: 39/36208 (0.1%)
2026-08-12 02:14:39 | sleep.tagging                  | INFO  | step=54 | 1 tags created from 1 spans | buffer: 40/36208 (0.1%)
2026-08-12 02:14:39 | sleep.tagging                  | INFO  | step=56 | 1 tags created from 1 spans | buffer: 41/36208 (0.1%)
2026-08-12 02:14:39 | sleep.tagging                  | INFO  | step=57 | 1 tags created from 1 spans | buffer: 42/36208 (0.1%)
2026-08-12 02:14:39 | sleep.tagging                  | INFO  | step=58 | 1 tags created from 1 spans | buffer: 43/36208 (0.1%)
2026-08-12 02:14:39 | sleep.experiment.08            | INFO  | [Cycle 3] Wake summary: 20 facts -> 12 KV writes; bank: 564/20000 tokens
2026-08-12 02:14:39 | sleep.prp                      | INFO  | step=60 | PRP update: 12/3620 allocated (0%) | +8 -0 | threshold=0.279 | mean_score=0.247
2026-08-12 02:14:39 | sleep.experiment.08            | INFO  | [Cycle 3] PRP: 12 allocated, 12 consolidation candidates
2026-08-12 02:14:39 | sleep.sleep_engine             | INFO  | === Sleep cycle START | 12 candidates ===
2026-08-12 02:14:39 | sleep.sleep_engine             | INFO  | Phase 1/5: GENERATE (strategy=paraphrase)
2026-08-12 02:14:39 | sleep.sleep_engine             | INFO  | KV memory injection: DISABLED
2026-08-12 02:14:39 | sleep.sleep_engine             | INFO  | Phase 1 (paraphrase strategy): 138 wordings from 6 unique sources (12 candidates)
2026-08-12 02:14:39 | sleep.sleep_engine             | INFO  | Phase 1 complete: 138/12 replays generated
2026-08-12 02:14:39 | sleep.sleep_engine             | INFO  | Phase 2/5: QUALITY CHECK
2026-08-12 02:14:39 | sleep.sleep_engine             | INFO  | Phase 2 complete: 138/138 replays accepted
2026-08-12 02:14:39 | sleep.sleep_engine             | INFO  | Phase 3/5: TRAIN (138 accepted replays)
2026-08-12 02:14:39 | sleep.sleep_engine             | INFO  | KV memory injection: DISABLED
2026-08-12 02:14:39 | sleep.weights.plasticity       | INFO  | Saved checkpoint for adapter 'w_cons': 44 parameters.
2026-08-12 02:14:39 | sleep.weights.plasticity       | INFO  | Saved checkpoint for adapter 'w_cons': 44 parameters.
2026-08-12 02:14:39 | sleep.sleep_engine.train       | INFO  | Sleep distill-training: 6 facts | 400 steps | lr=1.00e-04 | T=2
2026-08-12 02:14:39 | sleep.sleep_engine.train       | INFO  |   distill step 1/400 | loss=1.8938 (kl=0.9048 ce=1.9780) | lr=2.50e-06
2026-08-12 02:14:46 | sleep.sleep_engine.train       | INFO  |   distill step 40/400 | loss=1.7015 (kl=0.8458 ce=1.7113) | lr=1.00e-04
2026-08-12 02:14:52 | sleep.sleep_engine.train       | INFO  |   distill step 80/400 | loss=0.5822 (kl=0.4283 ce=0.3078) | lr=9.70e-05
2026-08-12 02:14:58 | sleep.weights.plasticity       | INFO  | Hard-clipped 1 w_cons parameters to delta_max=0.1000 bound.
2026-08-12 02:14:58 | sleep.weights.plasticity       | INFO  | Hard-clipped 1 w_cons parameters to delta_max=0.1000 bound.
2026-08-12 02:14:58 | sleep.weights.plasticity       | INFO  | Hard-clipped 1 w_cons parameters to delta_max=0.1000 bound.
2026-08-12 02:14:58 | sleep.weights.plasticity       | INFO  | Hard-clipped 1 w_cons parameters to delta_max=0.1000 bound.
2026-08-12 02:14:58 | sleep.weights.plasticity       | INFO  | Hard-clipped 1 w_cons parameters to delta_max=0.1000 bound.
2026-08-12 02:14:58 | sleep.weights.plasticity       | INFO  | Hard-clipped 1 w_cons parameters to delta_max=0.1000 bound.
2026-08-12 02:14:59 | sleep.weights.plasticity       | INFO  | Hard-clipped 1 w_cons parameters to delta_max=0.1000 bound.
2026-08-12 02:14:59 | sleep.weights.plasticity       | INFO  | Hard-clipped 1 w_cons parameters to delta_max=0.1000 bound.
2026-08-12 02:14:59 | sleep.sleep_engine.train       | INFO  |   distill step 120/400 | loss=0.8720 (kl=0.5905 ce=0.5630) | lr=8.83e-05
2026-08-12 02:14:59 | sleep.weights.plasticity       | INFO  | Hard-clipped 1 w_cons parameters to delta_max=0.1000 bound.
2026-08-12 02:14:59 | sleep.weights.plasticity       | INFO  | Hard-clipped 2 w_cons parameters to delta_max=0.1000 bound.
2026-08-12 02:14:59 | sleep.weights.plasticity       | INFO  | Hard-clipped 2 w_cons parameters to delta_max=0.1000 bound.
2026-08-12 02:14:59 | sleep.weights.plasticity       | INFO  | Hard-clipped 2 w_cons parameters to delta_max=0.1000 bound.
2026-08-12 02:15:00 | sleep.weights.plasticity       | INFO  | Hard-clipped 2 w_cons parameters to delta_max=0.1000 bound.
2026-08-12 02:15:00 | sleep.weights.plasticity       | INFO  | Hard-clipped 2 w_cons parameters to delta_max=0.1000 bound.
2026-08-12 02:15:00 | sleep.weights.plasticity       | INFO  | Hard-clipped 2 w_cons parameters to delta_max=0.1000 bound.
2026-08-12 02:15:00 | sleep.weights.plasticity       | INFO  | Hard-clipped 2 w_cons parameters to delta_max=0.1000 bound.
2026-08-12 02:15:00 | sleep.weights.plasticity       | INFO  | Hard-clipped 2 w_cons parameters to delta_max=0.1000 bound.
2026-08-12 02:15:00 | sleep.weights.plasticity       | INFO  | Hard-clipped 2 w_cons parameters to delta_max=0.1000 bound.
2026-08-12 02:15:01 | sleep.weights.plasticity       | INFO  | Hard-clipped 2 w_cons parameters to delta_max=0.1000 bound.
2026-08-12 02:15:01 | sleep.weights.plasticity       | INFO  | Hard-clipped 2 w_cons parameters to delta_max=0.1000 bound.
2026-08-12 02:15:01 | sleep.weights.plasticity       | INFO  | Hard-clipped 2 w_cons parameters to delta_max=0.1000 bound.
2026-08-12 02:15:01 | sleep.weights.plasticity       | INFO  | Hard-clipped 2 w_cons parameters to delta_max=0.1000 bound.
2026-08-12 02:15:01 | sleep.weights.plasticity       | INFO  | Hard-clipped 2 w_cons parameters to delta_max=0.1000 bound.
2026-08-12 02:15:01 | sleep.weights.plasticity       | INFO  | Hard-clipped 2 w_cons parameters to delta_max=0.1000 bound.
2026-08-12 02:15:01 | sleep.weights.plasticity       | INFO  | Hard-clipped 2 w_cons parameters to delta_max=0.1000 bound.
2026-08-12 02:15:02 | sleep.weights.plasticity       | INFO  | Hard-clipped 2 w_cons parameters to delta_max=0.1000 bound.
2026-08-12 02:15:02 | sleep.weights.plasticity       | INFO  | Hard-clipped 2 w_cons parameters to delta_max=0.1000 bound.
2026-08-12 02:15:02 | sleep.weights.plasticity       | INFO  | Hard-clipped 2 w_cons parameters to delta_max=0.1000 bound.
2026-08-12 02:15:02 | sleep.weights.plasticity       | INFO  | Hard-clipped 2 w_cons parameters to delta_max=0.1000 bound.
2026-08-12 02:15:02 | sleep.weights.plasticity       | INFO  | Hard-clipped 2 w_cons parameters to delta_max=0.1000 bound.
2026-08-12 02:15:02 | sleep.weights.plasticity       | INFO  | Hard-clipped 2 w_cons parameters to delta_max=0.1000 bound.
2026-08-12 02:15:03 | sleep.weights.plasticity       | INFO  | Hard-clipped 2 w_cons parameters to delta_max=0.1000 bound.
2026-08-12 02:15:03 | sleep.weights.plasticity       | INFO  | Hard-clipped 2 w_cons parameters to delta_max=0.1000 bound.
2026-08-12 02:15:03 | sleep.weights.plasticity       | INFO  | Hard-clipped 2 w_cons parameters to delta_max=0.1000 bound.
2026-08-12 02:15:03 | sleep.weights.plasticity       | INFO  | Hard-clipped 2 w_cons parameters to delta_max=0.1000 bound.
2026-08-12 02:15:03 | sleep.weights.plasticity       | INFO  | Hard-clipped 2 w_cons parameters to delta_max=0.1000 bound.
2026-08-12 02:15:03 | sleep.weights.plasticity       | INFO  | Hard-clipped 2 w_cons parameters to delta_max=0.1000 bound.
2026-08-12 02:15:04 | sleep.weights.plasticity       | INFO  | Hard-clipped 2 w_cons parameters to delta_max=0.1000 bound.
2026-08-12 02:15:04 | sleep.weights.plasticity       | INFO  | Hard-clipped 2 w_cons parameters to delta_max=0.1000 bound.
2026-08-12 02:15:04 | sleep.weights.plasticity       | INFO  | Hard-clipped 2 w_cons parameters to delta_max=0.1000 bound.
2026-08-12 02:15:04 | sleep.weights.plasticity       | INFO  | Hard-clipped 2 w_cons parameters to delta_max=0.1000 bound.
2026-08-12 02:15:04 | sleep.weights.plasticity       | INFO  | Hard-clipped 2 w_cons parameters to delta_max=0.1000 bound.
2026-08-12 02:15:04 | sleep.weights.plasticity       | INFO  | Hard-clipped 2 w_cons parameters to delta_max=0.1000 bound.
2026-08-12 02:15:05 | sleep.weights.plasticity       | INFO  | Hard-clipped 2 w_cons parameters to delta_max=0.1000 bound.
2026-08-12 02:15:05 | sleep.weights.plasticity       | INFO  | Hard-clipped 2 w_cons parameters to delta_max=0.1000 bound.
2026-08-12 02:15:05 | sleep.weights.plasticity       | INFO  | Hard-clipped 2 w_cons parameters to delta_max=0.1000 bound.
2026-08-12 02:15:05 | sleep.weights.plasticity       | INFO  | Hard-clipped 2 w_cons parameters to delta_max=0.1000 bound.
2026-08-12 02:15:05 | sleep.weights.plasticity       | INFO  | Hard-clipped 2 w_cons parameters to delta_max=0.1000 bound.
2026-08-12 02:15:05 | sleep.sleep_engine.train       | INFO  |   distill step 160/400 | loss=0.8108 (kl=0.5805 ce=0.4606) | lr=7.50e-05
2026-08-12 02:15:05 | sleep.weights.plasticity       | INFO  | Hard-clipped 2 w_cons parameters to delta_max=0.1000 bound.
2026-08-12 02:15:06 | sleep.weights.plasticity       | INFO  | Hard-clipped 2 w_cons parameters to delta_max=0.1000 bound.
2026-08-12 02:15:06 | sleep.weights.plasticity       | INFO  | Hard-clipped 2 w_cons parameters to delta_max=0.1000 bound.
2026-08-12 02:15:06 | sleep.weights.plasticity       | INFO  | Hard-clipped 2 w_cons parameters to delta_max=0.1000 bound.
2026-08-12 02:15:06 | sleep.weights.plasticity       | INFO  | Hard-clipped 3 w_cons parameters to delta_max=0.1000 bound.
2026-08-12 02:15:06 | sleep.weights.plasticity       | INFO  | Hard-clipped 3 w_cons parameters to delta_max=0.1000 bound.
2026-08-12 02:15:06 | sleep.weights.plasticity       | INFO  | Hard-clipped 4 w_cons parameters to delta_max=0.1000 bound.
2026-08-12 02:15:07 | sleep.weights.plasticity       | INFO  | Hard-clipped 4 w_cons parameters to delta_max=0.1000 bound.
2026-08-12 02:15:07 | sleep.weights.plasticity       | INFO  | Hard-clipped 4 w_cons parameters to delta_max=0.1000 bound.
2026-08-12 02:15:07 | sleep.weights.plasticity       | INFO  | Hard-clipped 4 w_cons parameters to delta_max=0.1000 bound.
2026-08-12 02:15:07 | sleep.weights.plasticity       | INFO  | Hard-clipped 4 w_cons parameters to delta_max=0.1000 bound.
2026-08-12 02:15:07 | sleep.weights.plasticity       | INFO  | Hard-clipped 4 w_cons parameters to delta_max=0.1000 bound.
2026-08-12 02:15:07 | sleep.weights.plasticity       | INFO  | Hard-clipped 4 w_cons parameters to delta_max=0.1000 bound.
2026-08-12 02:15:08 | sleep.weights.plasticity       | INFO  | Hard-clipped 4 w_cons parameters to delta_max=0.1000 bound.
2026-08-12 02:15:08 | sleep.weights.plasticity       | INFO  | Hard-clipped 4 w_cons parameters to delta_max=0.1000 bound.
2026-08-12 02:15:08 | sleep.weights.plasticity       | INFO  | Hard-clipped 4 w_cons parameters to delta_max=0.1000 bound.
2026-08-12 02:15:08 | sleep.weights.plasticity       | INFO  | Hard-clipped 4 w_cons parameters to delta_max=0.1000 bound.
2026-08-12 02:15:08 | sleep.weights.plasticity       | INFO  | Hard-clipped 4 w_cons parameters to delta_max=0.1000 bound.
2026-08-12 02:15:08 | sleep.weights.plasticity       | INFO  | Hard-clipped 4 w_cons parameters to delta_max=0.1000 bound.
2026-08-12 02:15:09 | sleep.weights.plasticity       | INFO  | Hard-clipped 4 w_cons parameters to delta_max=0.1000 bound.
2026-08-12 02:15:09 | sleep.weights.plasticity       | INFO  | Hard-clipped 4 w_cons parameters to delta_max=0.1000 bound.
2026-08-12 02:15:09 | sleep.weights.plasticity       | INFO  | Hard-clipped 4 w_cons parameters to delta_max=0.1000 bound.
2026-08-12 02:15:09 | sleep.weights.plasticity       | INFO  | Hard-clipped 4 w_cons parameters to delta_max=0.1000 bound.
2026-08-12 02:15:09 | sleep.weights.plasticity       | INFO  | Hard-clipped 5 w_cons parameters to delta_max=0.1000 bound.
2026-08-12 02:15:09 | sleep.weights.plasticity       | INFO  | Hard-clipped 5 w_cons parameters to delta_max=0.1000 bound.
2026-08-12 02:15:10 | sleep.weights.plasticity       | INFO  | Hard-clipped 5 w_cons parameters to delta_max=0.1000 bound.
2026-08-12 02:15:10 | sleep.weights.plasticity       | INFO  | Hard-clipped 5 w_cons parameters to delta_max=0.1000 bound.
2026-08-12 02:15:10 | sleep.weights.plasticity       | INFO  | Hard-clipped 5 w_cons parameters to delta_max=0.1000 bound.
2026-08-12 02:15:10 | sleep.weights.plasticity       | INFO  | Hard-clipped 5 w_cons parameters to delta_max=0.1000 bound.
2026-08-12 02:15:10 | sleep.weights.plasticity       | INFO  | Hard-clipped 5 w_cons parameters to delta_max=0.1000 bound.
2026-08-12 02:15:10 | sleep.weights.plasticity       | INFO  | Hard-clipped 5 w_cons parameters to delta_max=0.1000 bound.
2026-08-12 02:15:11 | sleep.weights.plasticity       | INFO  | Hard-clipped 5 w_cons parameters to delta_max=0.1000 bound.
2026-08-12 02:15:11 | sleep.weights.plasticity       | INFO  | Hard-clipped 5 w_cons parameters to delta_max=0.1000 bound.
2026-08-12 02:15:11 | sleep.weights.plasticity       | INFO  | Hard-clipped 5 w_cons parameters to delta_max=0.1000 bound.
2026-08-12 02:15:11 | sleep.weights.plasticity       | INFO  | Hard-clipped 5 w_cons parameters to delta_max=0.1000 bound.
2026-08-12 02:15:11 | sleep.weights.plasticity       | INFO  | Hard-clipped 5 w_cons parameters to delta_max=0.1000 bound.
2026-08-12 02:15:11 | sleep.weights.plasticity       | INFO  | Hard-clipped 5 w_cons parameters to delta_max=0.1000 bound.
2026-08-12 02:15:12 | sleep.weights.plasticity       | INFO  | Hard-clipped 5 w_cons parameters to delta_max=0.1000 bound.
2026-08-12 02:15:12 | sleep.weights.plasticity       | INFO  | Hard-clipped 5 w_cons parameters to delta_max=0.1000 bound.
2026-08-12 02:15:12 | sleep.weights.plasticity       | INFO  | Hard-clipped 5 w_cons parameters to delta_max=0.1000 bound.
2026-08-12 02:15:12 | sleep.sleep_engine.train       | INFO  |   distill step 200/400 | loss=1.1383 (kl=0.5829 ce=1.1109) | lr=5.87e-05
2026-08-12 02:15:12 | sleep.weights.plasticity       | INFO  | Hard-clipped 5 w_cons parameters to delta_max=0.1000 bound.
2026-08-12 02:15:12 | sleep.weights.plasticity       | INFO  | Hard-clipped 5 w_cons parameters to delta_max=0.1000 bound.
2026-08-12 02:15:12 | sleep.weights.plasticity       | INFO  | Hard-clipped 5 w_cons parameters to delta_max=0.1000 bound.
2026-08-12 02:15:13 | sleep.weights.plasticity       | INFO  | Hard-clipped 6 w_cons parameters to delta_max=0.1000 bound.
2026-08-12 02:15:13 | sleep.weights.plasticity       | INFO  | Hard-clipped 6 w_cons parameters to delta_max=0.1000 bound.
2026-08-12 02:15:13 | sleep.weights.plasticity       | INFO  | Hard-clipped 6 w_cons parameters to delta_max=0.1000 bound.
2026-08-12 02:15:13 | sleep.weights.plasticity       | INFO  | Hard-clipped 6 w_cons parameters to delta_max=0.1000 bound.
2026-08-12 02:15:13 | sleep.weights.plasticity       | INFO  | Hard-clipped 6 w_cons parameters to delta_max=0.1000 bound.
2026-08-12 02:15:13 | sleep.weights.plasticity       | INFO  | Hard-clipped 6 w_cons parameters to delta_max=0.1000 bound.
2026-08-12 02:15:14 | sleep.weights.plasticity       | INFO  | Hard-clipped 6 w_cons parameters to delta_max=0.1000 bound.
2026-08-12 02:15:14 | sleep.weights.plasticity       | INFO  | Hard-clipped 6 w_cons parameters to delta_max=0.1000 bound.
2026-08-12 02:15:14 | sleep.weights.plasticity       | INFO  | Hard-clipped 6 w_cons parameters to delta_max=0.1000 bound.
2026-08-12 02:15:14 | sleep.weights.plasticity       | INFO  | Hard-clipped 6 w_cons parameters to delta_max=0.1000 bound.
2026-08-12 02:15:14 | sleep.weights.plasticity       | INFO  | Hard-clipped 6 w_cons parameters to delta_max=0.1000 bound.
2026-08-12 02:15:14 | sleep.weights.plasticity       | INFO  | Hard-clipped 6 w_cons parameters to delta_max=0.1000 bound.
2026-08-12 02:15:15 | sleep.weights.plasticity       | INFO  | Hard-clipped 6 w_cons parameters to delta_max=0.1000 bound.
2026-08-12 02:15:15 | sleep.weights.plasticity       | INFO  | Hard-clipped 6 w_cons parameters to delta_max=0.1000 bound.
2026-08-12 02:15:15 | sleep.weights.plasticity       | INFO  | Hard-clipped 6 w_cons parameters to delta_max=0.1000 bound.
2026-08-12 02:15:15 | sleep.weights.plasticity       | INFO  | Hard-clipped 6 w_cons parameters to delta_max=0.1000 bound.
2026-08-12 02:15:15 | sleep.weights.plasticity       | INFO  | Hard-clipped 6 w_cons parameters to delta_max=0.1000 bound.
2026-08-12 02:15:15 | sleep.weights.plasticity       | INFO  | Hard-clipped 6 w_cons parameters to delta_max=0.1000 bound.
2026-08-12 02:15:16 | sleep.weights.plasticity       | INFO  | Hard-clipped 6 w_cons parameters to delta_max=0.1000 bound.
2026-08-12 02:15:16 | sleep.weights.plasticity       | INFO  | Hard-clipped 6 w_cons parameters to delta_max=0.1000 bound.
2026-08-12 02:15:16 | sleep.weights.plasticity       | INFO  | Hard-clipped 6 w_cons parameters to delta_max=0.1000 bound.
2026-08-12 02:15:16 | sleep.weights.plasticity       | INFO  | Hard-clipped 6 w_cons parameters to delta_max=0.1000 bound.
2026-08-12 02:15:16 | sleep.weights.plasticity       | INFO  | Hard-clipped 6 w_cons parameters to delta_max=0.1000 bound.
2026-08-12 02:15:17 | sleep.weights.plasticity       | INFO  | Hard-clipped 6 w_cons parameters to delta_max=0.1000 bound.
2026-08-12 02:15:17 | sleep.weights.plasticity       | INFO  | Hard-clipped 6 w_cons parameters to delta_max=0.1000 bound.
2026-08-12 02:15:17 | sleep.weights.plasticity       | INFO  | Hard-clipped 6 w_cons parameters to delta_max=0.1000 bound.
2026-08-12 02:15:17 | sleep.weights.plasticity       | INFO  | Hard-clipped 6 w_cons parameters to delta_max=0.1000 bound.
2026-08-12 02:15:17 | sleep.weights.plasticity       | INFO  | Hard-clipped 6 w_cons parameters to delta_max=0.1000 bound.
2026-08-12 02:15:17 | sleep.weights.plasticity       | INFO  | Hard-clipped 6 w_cons parameters to delta_max=0.1000 bound.
2026-08-12 02:15:17 | sleep.weights.plasticity       | INFO  | Hard-clipped 6 w_cons parameters to delta_max=0.1000 bound.
2026-08-12 02:15:18 | sleep.weights.plasticity       | INFO  | Hard-clipped 6 w_cons parameters to delta_max=0.1000 bound.
2026-08-12 02:15:18 | sleep.weights.plasticity       | INFO  | Hard-clipped 6 w_cons parameters to delta_max=0.1000 bound.
2026-08-12 02:15:18 | sleep.weights.plasticity       | INFO  | Hard-clipped 6 w_cons parameters to delta_max=0.1000 bound.
2026-08-12 02:15:18 | sleep.weights.plasticity       | INFO  | Hard-clipped 6 w_cons parameters to delta_max=0.1000 bound.
2026-08-12 02:15:18 | sleep.weights.plasticity       | INFO  | Hard-clipped 6 w_cons parameters to delta_max=0.1000 bound.
2026-08-12 02:15:18 | sleep.weights.plasticity       | INFO  | Hard-clipped 6 w_cons parameters to delta_max=0.1000 bound.
2026-08-12 02:15:19 | sleep.weights.plasticity       | INFO  | Hard-clipped 6 w_cons parameters to delta_max=0.1000 bound.
2026-08-12 02:15:19 | sleep.sleep_engine.train       | INFO  |   distill step 240/400 | loss=0.7444 (kl=0.4012 ce=0.6865) | lr=4.13e-05
2026-08-12 02:15:19 | sleep.weights.plasticity       | INFO  | Hard-clipped 6 w_cons parameters to delta_max=0.1000 bound.
2026-08-12 02:15:19 | sleep.weights.plasticity       | INFO  | Hard-clipped 6 w_cons parameters to delta_max=0.1000 bound.
2026-08-12 02:15:19 | sleep.weights.plasticity       | INFO  | Hard-clipped 6 w_cons parameters to delta_max=0.1000 bound.
2026-08-12 02:15:19 | sleep.weights.plasticity       | INFO  | Hard-clipped 6 w_cons parameters to delta_max=0.1000 bound.
2026-08-12 02:15:19 | sleep.weights.plasticity       | INFO  | Hard-clipped 6 w_cons parameters to delta_max=0.1000 bound.
2026-08-12 02:15:20 | sleep.weights.plasticity       | INFO  | Hard-clipped 6 w_cons parameters to delta_max=0.1000 bound.
2026-08-12 02:15:20 | sleep.weights.plasticity       | INFO  | Hard-clipped 6 w_cons parameters to delta_max=0.1000 bound.
2026-08-12 02:15:20 | sleep.weights.plasticity       | INFO  | Hard-clipped 6 w_cons parameters to delta_max=0.1000 bound.
2026-08-12 02:15:20 | sleep.weights.plasticity       | INFO  | Hard-clipped 6 w_cons parameters to delta_max=0.1000 bound.
2026-08-12 02:15:20 | sleep.weights.plasticity       | INFO  | Hard-clipped 6 w_cons parameters to delta_max=0.1000 bound.
2026-08-12 02:15:20 | sleep.weights.plasticity       | INFO  | Hard-clipped 6 w_cons parameters to delta_max=0.1000 bound.
2026-08-12 02:15:21 | sleep.weights.plasticity       | INFO  | Hard-clipped 6 w_cons parameters to delta_max=0.1000 bound.
2026-08-12 02:15:21 | sleep.weights.plasticity       | INFO  | Hard-clipped 6 w_cons parameters to delta_max=0.1000 bound.
2026-08-12 02:15:21 | sleep.weights.plasticity       | INFO  | Hard-clipped 6 w_cons parameters to delta_max=0.1000 bound.
2026-08-12 02:15:21 | sleep.weights.plasticity       | INFO  | Hard-clipped 7 w_cons parameters to delta_max=0.1000 bound.
2026-08-12 02:15:21 | sleep.weights.plasticity       | INFO  | Hard-clipped 7 w_cons parameters to delta_max=0.1000 bound.
2026-08-12 02:15:21 | sleep.weights.plasticity       | INFO  | Hard-clipped 7 w_cons parameters to delta_max=0.1000 bound.
2026-08-12 02:15:21 | sleep.weights.plasticity       | INFO  | Hard-clipped 7 w_cons parameters to delta_max=0.1000 bound.
2026-08-12 02:15:22 | sleep.weights.plasticity       | INFO  | Hard-clipped 7 w_cons parameters to delta_max=0.1000 bound.
2026-08-12 02:15:22 | sleep.weights.plasticity       | INFO  | Hard-clipped 7 w_cons parameters to delta_max=0.1000 bound.
2026-08-12 02:15:22 | sleep.weights.plasticity       | INFO  | Hard-clipped 7 w_cons parameters to delta_max=0.1000 bound.
2026-08-12 02:15:22 | sleep.weights.plasticity       | INFO  | Hard-clipped 7 w_cons parameters to delta_max=0.1000 bound.
2026-08-12 02:15:22 | sleep.weights.plasticity       | INFO  | Hard-clipped 7 w_cons parameters to delta_max=0.1000 bound.
2026-08-12 02:15:22 | sleep.weights.plasticity       | INFO  | Hard-clipped 7 w_cons parameters to delta_max=0.1000 bound.
2026-08-12 02:15:23 | sleep.weights.plasticity       | INFO  | Hard-clipped 7 w_cons parameters to delta_max=0.1000 bound.
2026-08-12 02:15:23 | sleep.weights.plasticity       | INFO  | Hard-clipped 7 w_cons parameters to delta_max=0.1000 bound.
2026-08-12 02:15:23 | sleep.weights.plasticity       | INFO  | Hard-clipped 7 w_cons parameters to delta_max=0.1000 bound.
2026-08-12 02:15:23 | sleep.weights.plasticity       | INFO  | Hard-clipped 7 w_cons parameters to delta_max=0.1000 bound.
2026-08-12 02:15:23 | sleep.weights.plasticity       | INFO  | Hard-clipped 7 w_cons parameters to delta_max=0.1000 bound.
2026-08-12 02:15:23 | sleep.weights.plasticity       | INFO  | Hard-clipped 7 w_cons parameters to delta_max=0.1000 bound.
2026-08-12 02:15:23 | sleep.weights.plasticity       | INFO  | Hard-clipped 7 w_cons parameters to delta_max=0.1000 bound.
2026-08-12 02:15:24 | sleep.weights.plasticity       | INFO  | Hard-clipped 7 w_cons parameters to delta_max=0.1000 bound.
2026-08-12 02:15:24 | sleep.weights.plasticity       | INFO  | Hard-clipped 7 w_cons parameters to delta_max=0.1000 bound.
2026-08-12 02:15:24 | sleep.weights.plasticity       | INFO  | Hard-clipped 7 w_cons parameters to delta_max=0.1000 bound.
2026-08-12 02:15:24 | sleep.weights.plasticity       | INFO  | Hard-clipped 7 w_cons parameters to delta_max=0.1000 bound.
2026-08-12 02:15:24 | sleep.weights.plasticity       | INFO  | Hard-clipped 7 w_cons parameters to delta_max=0.1000 bound.
2026-08-12 02:15:24 | sleep.weights.plasticity       | INFO  | Hard-clipped 7 w_cons parameters to delta_max=0.1000 bound.
2026-08-12 02:15:25 | sleep.weights.plasticity       | INFO  | Hard-clipped 7 w_cons parameters to delta_max=0.1000 bound.
2026-08-12 02:15:25 | sleep.weights.plasticity       | INFO  | Hard-clipped 7 w_cons parameters to delta_max=0.1000 bound.
2026-08-12 02:15:25 | sleep.weights.plasticity       | INFO  | Hard-clipped 7 w_cons parameters to delta_max=0.1000 bound.
2026-08-12 02:15:25 | sleep.sleep_engine.train       | INFO  |   distill step 280/400 | loss=0.6468 (kl=0.4838 ce=0.3260) | lr=2.50e-05
2026-08-12 02:15:25 | sleep.weights.plasticity       | INFO  | Hard-clipped 7 w_cons parameters to delta_max=0.1000 bound.
2026-08-12 02:15:25 | sleep.weights.plasticity       | INFO  | Hard-clipped 7 w_cons parameters to delta_max=0.1000 bound.
2026-08-12 02:15:25 | sleep.weights.plasticity       | INFO  | Hard-clipped 7 w_cons parameters to delta_max=0.1000 bound.
2026-08-12 02:15:25 | sleep.weights.plasticity       | INFO  | Hard-clipped 7 w_cons parameters to delta_max=0.1000 bound.
2026-08-12 02:15:26 | sleep.weights.plasticity       | INFO  | Hard-clipped 7 w_cons parameters to delta_max=0.1000 bound.
2026-08-12 02:15:26 | sleep.weights.plasticity       | INFO  | Hard-clipped 7 w_cons parameters to delta_max=0.1000 bound.
2026-08-12 02:15:26 | sleep.weights.plasticity       | INFO  | Hard-clipped 7 w_cons parameters to delta_max=0.1000 bound.
2026-08-12 02:15:26 | sleep.weights.plasticity       | INFO  | Hard-clipped 7 w_cons parameters to delta_max=0.1000 bound.
2026-08-12 02:15:26 | sleep.weights.plasticity       | INFO  | Hard-clipped 7 w_cons parameters to delta_max=0.1000 bound.
2026-08-12 02:15:26 | sleep.weights.plasticity       | INFO  | Hard-clipped 7 w_cons parameters to delta_max=0.1000 bound.
2026-08-12 02:15:27 | sleep.weights.plasticity       | INFO  | Hard-clipped 7 w_cons parameters to delta_max=0.1000 bound.
2026-08-12 02:15:27 | sleep.weights.plasticity       | INFO  | Hard-clipped 7 w_cons parameters to delta_max=0.1000 bound.
2026-08-12 02:15:27 | sleep.weights.plasticity       | INFO  | Hard-clipped 7 w_cons parameters to delta_max=0.1000 bound.
2026-08-12 02:15:27 | sleep.weights.plasticity       | INFO  | Hard-clipped 7 w_cons parameters to delta_max=0.1000 bound.
2026-08-12 02:15:27 | sleep.weights.plasticity       | INFO  | Hard-clipped 7 w_cons parameters to delta_max=0.1000 bound.
2026-08-12 02:15:27 | sleep.weights.plasticity       | INFO  | Hard-clipped 7 w_cons parameters to delta_max=0.1000 bound.
2026-08-12 02:15:28 | sleep.weights.plasticity       | INFO  | Hard-clipped 7 w_cons parameters to delta_max=0.1000 bound.
2026-08-12 02:15:28 | sleep.weights.plasticity       | INFO  | Hard-clipped 7 w_cons parameters to delta_max=0.1000 bound.
2026-08-12 02:15:28 | sleep.weights.plasticity       | INFO  | Hard-clipped 7 w_cons parameters to delta_max=0.1000 bound.
2026-08-12 02:15:28 | sleep.weights.plasticity       | INFO  | Hard-clipped 7 w_cons parameters to delta_max=0.1000 bound.
2026-08-12 02:15:28 | sleep.weights.plasticity       | INFO  | Hard-clipped 7 w_cons parameters to delta_max=0.1000 bound.
2026-08-12 02:15:28 | sleep.weights.plasticity       | INFO  | Hard-clipped 7 w_cons parameters to delta_max=0.1000 bound.
2026-08-12 02:15:29 | sleep.weights.plasticity       | INFO  | Hard-clipped 7 w_cons parameters to delta_max=0.1000 bound.
2026-08-12 02:15:29 | sleep.weights.plasticity       | INFO  | Hard-clipped 7 w_cons parameters to delta_max=0.1000 bound.
2026-08-12 02:15:29 | sleep.weights.plasticity       | INFO  | Hard-clipped 7 w_cons parameters to delta_max=0.1000 bound.
2026-08-12 02:15:29 | sleep.weights.plasticity       | INFO  | Hard-clipped 7 w_cons parameters to delta_max=0.1000 bound.
2026-08-12 02:15:29 | sleep.weights.plasticity       | INFO  | Hard-clipped 7 w_cons parameters to delta_max=0.1000 bound.
2026-08-12 02:15:29 | sleep.weights.plasticity       | INFO  | Hard-clipped 7 w_cons parameters to delta_max=0.1000 bound.
2026-08-12 02:15:30 | sleep.weights.plasticity       | INFO  | Hard-clipped 7 w_cons parameters to delta_max=0.1000 bound.
2026-08-12 02:15:30 | sleep.weights.plasticity       | INFO  | Hard-clipped 7 w_cons parameters to delta_max=0.1000 bound.
2026-08-12 02:15:30 | sleep.weights.plasticity       | INFO  | Hard-clipped 7 w_cons parameters to delta_max=0.1000 bound.
2026-08-12 02:15:30 | sleep.weights.plasticity       | INFO  | Hard-clipped 7 w_cons parameters to delta_max=0.1000 bound.
2026-08-12 02:15:30 | sleep.weights.plasticity       | INFO  | Hard-clipped 7 w_cons parameters to delta_max=0.1000 bound.
2026-08-12 02:15:30 | sleep.weights.plasticity       | INFO  | Hard-clipped 7 w_cons parameters to delta_max=0.1000 bound.
2026-08-12 02:15:30 | sleep.weights.plasticity       | INFO  | Hard-clipped 7 w_cons parameters to delta_max=0.1000 bound.
2026-08-12 02:15:31 | sleep.weights.plasticity       | INFO  | Hard-clipped 7 w_cons parameters to delta_max=0.1000 bound.
2026-08-12 02:15:31 | sleep.weights.plasticity       | INFO  | Hard-clipped 7 w_cons parameters to delta_max=0.1000 bound.
2026-08-12 02:15:31 | sleep.weights.plasticity       | INFO  | Hard-clipped 7 w_cons parameters to delta_max=0.1000 bound.
2026-08-12 02:15:31 | sleep.weights.plasticity       | INFO  | Hard-clipped 7 w_cons parameters to delta_max=0.1000 bound.
2026-08-12 02:15:31 | sleep.weights.plasticity       | INFO  | Hard-clipped 7 w_cons parameters to delta_max=0.1000 bound.
2026-08-12 02:15:31 | sleep.sleep_engine.train       | INFO  |   distill step 320/400 | loss=0.6622 (kl=0.4339 ce=0.4565) | lr=1.17e-05
2026-08-12 02:15:31 | sleep.weights.plasticity       | INFO  | Hard-clipped 7 w_cons parameters to delta_max=0.1000 bound.
2026-08-12 02:15:32 | sleep.weights.plasticity       | INFO  | Hard-clipped 7 w_cons parameters to delta_max=0.1000 bound.
2026-08-12 02:15:32 | sleep.weights.plasticity       | INFO  | Hard-clipped 7 w_cons parameters to delta_max=0.1000 bound.
2026-08-12 02:15:32 | sleep.weights.plasticity       | INFO  | Hard-clipped 7 w_cons parameters to delta_max=0.1000 bound.
2026-08-12 02:15:32 | sleep.weights.plasticity       | INFO  | Hard-clipped 7 w_cons parameters to delta_max=0.1000 bound.
2026-08-12 02:15:32 | sleep.weights.plasticity       | INFO  | Hard-clipped 7 w_cons parameters to delta_max=0.1000 bound.
2026-08-12 02:15:32 | sleep.weights.plasticity       | INFO  | Hard-clipped 7 w_cons parameters to delta_max=0.1000 bound.
2026-08-12 02:15:33 | sleep.weights.plasticity       | INFO  | Hard-clipped 7 w_cons parameters to delta_max=0.1000 bound.
2026-08-12 02:15:33 | sleep.weights.plasticity       | INFO  | Hard-clipped 7 w_cons parameters to delta_max=0.1000 bound.
2026-08-12 02:15:33 | sleep.weights.plasticity       | INFO  | Hard-clipped 7 w_cons parameters to delta_max=0.1000 bound.
2026-08-12 02:15:33 | sleep.weights.plasticity       | INFO  | Hard-clipped 7 w_cons parameters to delta_max=0.1000 bound.
2026-08-12 02:15:33 | sleep.weights.plasticity       | INFO  | Hard-clipped 7 w_cons parameters to delta_max=0.1000 bound.
2026-08-12 02:15:33 | sleep.weights.plasticity       | INFO  | Hard-clipped 7 w_cons parameters to delta_max=0.1000 bound.
2026-08-12 02:15:33 | sleep.weights.plasticity       | INFO  | Hard-clipped 7 w_cons parameters to delta_max=0.1000 bound.
2026-08-12 02:15:34 | sleep.weights.plasticity       | INFO  | Hard-clipped 7 w_cons parameters to delta_max=0.1000 bound.
2026-08-12 02:15:34 | sleep.weights.plasticity       | INFO  | Hard-clipped 7 w_cons parameters to delta_max=0.1000 bound.
2026-08-12 02:15:34 | sleep.weights.plasticity       | INFO  | Hard-clipped 7 w_cons parameters to delta_max=0.1000 bound.
2026-08-12 02:15:34 | sleep.weights.plasticity       | INFO  | Hard-clipped 7 w_cons parameters to delta_max=0.1000 bound.
2026-08-12 02:15:34 | sleep.weights.plasticity       | INFO  | Hard-clipped 7 w_cons parameters to delta_max=0.1000 bound.
2026-08-12 02:15:34 | sleep.weights.plasticity       | INFO  | Hard-clipped 7 w_cons parameters to delta_max=0.1000 bound.
2026-08-12 02:15:35 | sleep.weights.plasticity       | INFO  | Hard-clipped 7 w_cons parameters to delta_max=0.1000 bound.
2026-08-12 02:15:35 | sleep.weights.plasticity       | INFO  | Hard-clipped 7 w_cons parameters to delta_max=0.1000 bound.
2026-08-12 02:15:35 | sleep.weights.plasticity       | INFO  | Hard-clipped 7 w_cons parameters to delta_max=0.1000 bound.
2026-08-12 02:15:35 | sleep.weights.plasticity       | INFO  | Hard-clipped 7 w_cons parameters to delta_max=0.1000 bound.
2026-08-12 02:15:35 | sleep.weights.plasticity       | INFO  | Hard-clipped 7 w_cons parameters to delta_max=0.1000 bound.
2026-08-12 02:15:35 | sleep.weights.plasticity       | INFO  | Hard-clipped 7 w_cons parameters to delta_max=0.1000 bound.
2026-08-12 02:15:36 | sleep.weights.plasticity       | INFO  | Hard-clipped 7 w_cons parameters to delta_max=0.1000 bound.
2026-08-12 02:15:36 | sleep.weights.plasticity       | INFO  | Hard-clipped 7 w_cons parameters to delta_max=0.1000 bound.
2026-08-12 02:15:36 | sleep.weights.plasticity       | INFO  | Hard-clipped 7 w_cons parameters to delta_max=0.1000 bound.
2026-08-12 02:15:36 | sleep.weights.plasticity       | INFO  | Hard-clipped 7 w_cons parameters to delta_max=0.1000 bound.
2026-08-12 02:15:36 | sleep.weights.plasticity       | INFO  | Hard-clipped 7 w_cons parameters to delta_max=0.1000 bound.
2026-08-12 02:15:36 | sleep.weights.plasticity       | INFO  | Hard-clipped 7 w_cons parameters to delta_max=0.1000 bound.
2026-08-12 02:15:36 | sleep.weights.plasticity       | INFO  | Hard-clipped 7 w_cons parameters to delta_max=0.1000 bound.
2026-08-12 02:15:37 | sleep.weights.plasticity       | INFO  | Hard-clipped 7 w_cons parameters to delta_max=0.1000 bound.
2026-08-12 02:15:37 | sleep.weights.plasticity       | INFO  | Hard-clipped 7 w_cons parameters to delta_max=0.1000 bound.
2026-08-12 02:15:37 | sleep.weights.plasticity       | INFO  | Hard-clipped 7 w_cons parameters to delta_max=0.1000 bound.
2026-08-12 02:15:37 | sleep.weights.plasticity       | INFO  | Hard-clipped 7 w_cons parameters to delta_max=0.1000 bound.
2026-08-12 02:15:37 | sleep.weights.plasticity       | INFO  | Hard-clipped 7 w_cons parameters to delta_max=0.1000 bound.
2026-08-12 02:15:37 | sleep.weights.plasticity       | INFO  | Hard-clipped 7 w_cons parameters to delta_max=0.1000 bound.
2026-08-12 02:15:38 | sleep.weights.plasticity       | INFO  | Hard-clipped 7 w_cons parameters to delta_max=0.1000 bound.
2026-08-12 02:15:38 | sleep.sleep_engine.train       | INFO  |   distill step 360/400 | loss=0.5612 (kl=0.3440 ce=0.4343) | lr=3.02e-06
2026-08-12 02:15:38 | sleep.weights.plasticity       | INFO  | Hard-clipped 7 w_cons parameters to delta_max=0.1000 bound.
2026-08-12 02:15:38 | sleep.weights.plasticity       | INFO  | Hard-clipped 7 w_cons parameters to delta_max=0.1000 bound.
2026-08-12 02:15:38 | sleep.weights.plasticity       | INFO  | Hard-clipped 7 w_cons parameters to delta_max=0.1000 bound.
2026-08-12 02:15:38 | sleep.weights.plasticity       | INFO  | Hard-clipped 7 w_cons parameters to delta_max=0.1000 bound.
2026-08-12 02:15:38 | sleep.weights.plasticity       | INFO  | Hard-clipped 7 w_cons parameters to delta_max=0.1000 bound.
2026-08-12 02:15:39 | sleep.weights.plasticity       | INFO  | Hard-clipped 7 w_cons parameters to delta_max=0.1000 bound.
2026-08-12 02:15:39 | sleep.weights.plasticity       | INFO  | Hard-clipped 7 w_cons parameters to delta_max=0.1000 bound.
2026-08-12 02:15:39 | sleep.weights.plasticity       | INFO  | Hard-clipped 7 w_cons parameters to delta_max=0.1000 bound.
2026-08-12 02:15:39 | sleep.weights.plasticity       | INFO  | Hard-clipped 7 w_cons parameters to delta_max=0.1000 bound.
2026-08-12 02:15:39 | sleep.weights.plasticity       | INFO  | Hard-clipped 7 w_cons parameters to delta_max=0.1000 bound.
2026-08-12 02:15:39 | sleep.weights.plasticity       | INFO  | Hard-clipped 7 w_cons parameters to delta_max=0.1000 bound.
2026-08-12 02:15:39 | sleep.weights.plasticity       | INFO  | Hard-clipped 7 w_cons parameters to delta_max=0.1000 bound.
2026-08-12 02:15:40 | sleep.weights.plasticity       | INFO  | Hard-clipped 7 w_cons parameters to delta_max=0.1000 bound.
2026-08-12 02:15:40 | sleep.weights.plasticity       | INFO  | Hard-clipped 7 w_cons parameters to delta_max=0.1000 bound.
2026-08-12 02:15:40 | sleep.weights.plasticity       | INFO  | Hard-clipped 7 w_cons parameters to delta_max=0.1000 bound.
2026-08-12 02:15:40 | sleep.weights.plasticity       | INFO  | Hard-clipped 7 w_cons parameters to delta_max=0.1000 bound.
2026-08-12 02:15:40 | sleep.weights.plasticity       | INFO  | Hard-clipped 7 w_cons parameters to delta_max=0.1000 bound.
2026-08-12 02:15:40 | sleep.weights.plasticity       | INFO  | Hard-clipped 7 w_cons parameters to delta_max=0.1000 bound.
2026-08-12 02:15:41 | sleep.weights.plasticity       | INFO  | Hard-clipped 7 w_cons parameters to delta_max=0.1000 bound.
2026-08-12 02:15:41 | sleep.weights.plasticity       | INFO  | Hard-clipped 7 w_cons parameters to delta_max=0.1000 bound.
2026-08-12 02:15:41 | sleep.weights.plasticity       | INFO  | Hard-clipped 7 w_cons parameters to delta_max=0.1000 bound.
2026-08-12 02:15:41 | sleep.weights.plasticity       | INFO  | Hard-clipped 7 w_cons parameters to delta_max=0.1000 bound.
2026-08-12 02:15:41 | sleep.weights.plasticity       | INFO  | Hard-clipped 7 w_cons parameters to delta_max=0.1000 bound.
2026-08-12 02:15:41 | sleep.weights.plasticity       | INFO  | Hard-clipped 7 w_cons parameters to delta_max=0.1000 bound.
2026-08-12 02:15:42 | sleep.weights.plasticity       | INFO  | Hard-clipped 7 w_cons parameters to delta_max=0.1000 bound.
2026-08-12 02:15:42 | sleep.weights.plasticity       | INFO  | Hard-clipped 7 w_cons parameters to delta_max=0.1000 bound.
2026-08-12 02:15:42 | sleep.weights.plasticity       | INFO  | Hard-clipped 7 w_cons parameters to delta_max=0.1000 bound.
2026-08-12 02:15:42 | sleep.weights.plasticity       | INFO  | Hard-clipped 7 w_cons parameters to delta_max=0.1000 bound.
2026-08-12 02:15:42 | sleep.weights.plasticity       | INFO  | Hard-clipped 7 w_cons parameters to delta_max=0.1000 bound.
2026-08-12 02:15:42 | sleep.weights.plasticity       | INFO  | Hard-clipped 7 w_cons parameters to delta_max=0.1000 bound.
2026-08-12 02:15:43 | sleep.weights.plasticity       | INFO  | Hard-clipped 7 w_cons parameters to delta_max=0.1000 bound.
2026-08-12 02:15:43 | sleep.weights.plasticity       | INFO  | Hard-clipped 7 w_cons parameters to delta_max=0.1000 bound.
2026-08-12 02:15:43 | sleep.weights.plasticity       | INFO  | Hard-clipped 7 w_cons parameters to delta_max=0.1000 bound.
2026-08-12 02:15:43 | sleep.weights.plasticity       | INFO  | Hard-clipped 7 w_cons parameters to delta_max=0.1000 bound.
2026-08-12 02:15:43 | sleep.weights.plasticity       | INFO  | Hard-clipped 7 w_cons parameters to delta_max=0.1000 bound.
2026-08-12 02:15:43 | sleep.weights.plasticity       | INFO  | Hard-clipped 7 w_cons parameters to delta_max=0.1000 bound.
2026-08-12 02:15:43 | sleep.weights.plasticity       | INFO  | Hard-clipped 7 w_cons parameters to delta_max=0.1000 bound.
2026-08-12 02:15:44 | sleep.weights.plasticity       | INFO  | Hard-clipped 7 w_cons parameters to delta_max=0.1000 bound.
2026-08-12 02:15:44 | sleep.weights.plasticity       | INFO  | Hard-clipped 6 w_cons parameters to delta_max=0.1000 bound.
2026-08-12 02:15:44 | sleep.weights.plasticity       | INFO  | Hard-clipped 6 w_cons parameters to delta_max=0.1000 bound.
2026-08-12 02:15:44 | sleep.sleep_engine.train       | INFO  |   distill step 400/400 | loss=0.3462 (kl=0.2113 ce=0.2697) | lr=0.00e+00
2026-08-12 02:15:44 | sleep.sleep_engine.train       | INFO  | Sleep distill-training complete | n_steps=400 | final_loss=0.3462 | mean_loss=0.8782
2026-08-12 02:15:44 | sleep.sleep_engine             | INFO  | Phase 3 complete: 400 steps, final_loss=0.3462, mean_loss=0.8782
2026-08-12 02:15:44 | sleep.sleep_engine             | INFO  | Phase 4/5: PPL CHECK (skipped — no benchmark data)
2026-08-12 02:15:44 | sleep.sleep_engine             | INFO  | Phase 5/5: VALIDATE & CLEANUP
2026-08-12 02:15:44 | sleep.weights.plasticity       | INFO  | Saved checkpoint for adapter 'w_cons': 44 parameters.
2026-08-12 02:15:44 | sleep.weights.plasticity       | INFO  | Restored 44 parameters for adapter 'w_cons' from checkpoint.
2026-08-12 02:15:44 | sleep.weights.plasticity       | INFO  | Restored 44 parameters for adapter 'w_cons' from checkpoint.
2026-08-12 02:15:54 | sleep.sleep_engine             | INFO  | Two-stage validation: 6/12 passed surprise, 6 also passed the mini-recall gate (self-grading gap = 0)
2026-08-12 02:15:54 | sleep.sleep_engine.cleanup     | INFO  | Cleanup complete | passed=6 | failed=6 | permanently_removed=0
2026-08-12 02:15:54 | sleep.sleep_engine             | INFO  | Phase 5 complete: consolidated=6, failed=6, permanently_removed=0
2026-08-12 02:15:54 | sleep.metrics                  | INFO  | summary | {'sleep_engine/n_candidates': 12, 'sleep_engine/n_replays_generated': 138, 'sleep_engine/n_replays_accepted': 138, 'sleep_engine/n_consolidated': 6, 'sleep_engine/n_failed': 6, 'sleep_engine/n_permanently_removed': 0, 'sleep_engine/rolled_back': False}
2026-08-12 02:15:54 | sleep.weights.kv_memory        | INFO  | bank cleared: freed 12 tags / 564 tokens
2026-08-12 02:15:54 | sleep.sleep_engine             | INFO  | KV bank cleared (12 entries removed)
2026-08-12 02:15:54 | sleep.sleep_engine             | INFO  | KV memory injection: ENABLED
2026-08-12 02:15:54 | sleep.sleep_engine             | INFO  | === Sleep cycle END ===
2026-08-12 02:17:46 | sleep.evaluation.recall        | INFO  | Recall evaluation: DRA=0.1944 across 60 cases
2026-08-12 02:18:24 | sleep.evaluation.recall        | INFO  | Recall evaluation: DRA=0.3667 across 20 cases
2026-08-12 02:18:24 | sleep.evaluation.preservation  | INFO  | Perplexity evaluation: PPL=5.9590 (mean_loss=1.7849, 62 tokens)
2026-08-12 02:18:24 | sleep.evaluation.preservation  | INFO  | BCP: 1.3653 (current_ppl=5.9590, original_ppl=4.3646)
2026-08-12 02:18:24 | sleep.experiment.08            | INFO  | [sleep Cycle 3 EVAL] DRA cumulative=0.194 (22/60 hits); DRA current=0.367 (11/20 hits); BCP=1.3653
2026-08-12 02:18:24 | sleep.experiment.08            | INFO  | ======================================================================
2026-08-12 02:18:24 | sleep.experiment.08            | INFO  | [SLEEP Cycle 4] Wake phase: 20 facts
2026-08-12 02:18:24 | sleep.experiment.08            | INFO  | ======================================================================
2026-08-12 02:18:24 | sleep.tagging                  | INFO  | step=61 | 2 tags created from 2 spans | buffer: 45/36208 (0.1%)
2026-08-12 02:18:24 | sleep.tagging                  | INFO  | step=62 | 1 tags created from 1 spans | buffer: 46/36208 (0.1%)
2026-08-12 02:18:24 | sleep.tagging                  | INFO  | step=64 | 1 tags created from 1 spans | buffer: 47/36208 (0.1%)
2026-08-12 02:18:24 | sleep.tagging                  | INFO  | step=67 | 1 tags created from 1 spans | buffer: 48/36208 (0.1%)
2026-08-12 02:18:25 | sleep.tagging                  | INFO  | step=68 | 1 tags created from 1 spans | buffer: 49/36208 (0.1%)
2026-08-12 02:18:25 | sleep.tagging                  | INFO  | step=71 | 1 tags created from 1 spans | buffer: 50/36208 (0.1%)
2026-08-12 02:18:25 | sleep.tagging                  | INFO  | step=72 | 2 tags created from 2 spans | buffer: 52/36208 (0.1%)
2026-08-12 02:18:25 | sleep.tagging                  | INFO  | step=76 | 1 tags created from 1 spans | buffer: 53/36208 (0.1%)
2026-08-12 02:18:25 | sleep.tagging                  | INFO  | step=79 | 1 tags created from 1 spans | buffer: 54/36208 (0.1%)
2026-08-12 02:18:25 | sleep.experiment.08            | INFO  | [Cycle 4] Wake summary: 20 facts -> 9 KV writes; bank: 433/20000 tokens
2026-08-12 02:18:25 | sleep.prp                      | INFO  | step=80 | PRP update: 19/3620 allocated (1%) | +13 -0 | threshold=0.258 | mean_score=0.228
2026-08-12 02:18:25 | sleep.experiment.08            | INFO  | [Cycle 4] PRP: 19 allocated, 19 consolidation candidates
2026-08-12 02:18:25 | sleep.sleep_engine             | INFO  | === Sleep cycle START | 19 candidates ===
2026-08-12 02:18:25 | sleep.sleep_engine             | INFO  | Phase 1/5: GENERATE (strategy=paraphrase)
2026-08-12 02:18:25 | sleep.sleep_engine             | INFO  | KV memory injection: DISABLED
2026-08-12 02:18:25 | sleep.sleep_engine             | INFO  | Phase 1 (paraphrase strategy): 94 wordings from 4 unique sources (19 candidates)
2026-08-12 02:18:25 | sleep.sleep_engine             | INFO  | Phase 1 complete: 94/19 replays generated
2026-08-12 02:18:25 | sleep.sleep_engine             | INFO  | Phase 2/5: QUALITY CHECK
2026-08-12 02:18:25 | sleep.sleep_engine             | INFO  | Phase 2 complete: 94/94 replays accepted
2026-08-12 02:18:25 | sleep.sleep_engine             | INFO  | Phase 3/5: TRAIN (94 accepted replays)
2026-08-12 02:18:25 | sleep.sleep_engine             | INFO  | KV memory injection: DISABLED
2026-08-12 02:18:25 | sleep.weights.plasticity       | INFO  | Saved checkpoint for adapter 'w_cons': 44 parameters.
2026-08-12 02:18:26 | sleep.weights.plasticity       | INFO  | Saved checkpoint for adapter 'w_cons': 44 parameters.
2026-08-12 02:18:26 | sleep.sleep_engine.train       | INFO  | Sleep distill-training: 4 facts | 400 steps | lr=1.00e-04 | T=2
2026-08-12 02:18:26 | sleep.sleep_engine.train       | INFO  |   distill step 1/400 | loss=3.1013 (kl=1.6976 ce=2.8075) | lr=2.50e-06
2026-08-12 02:18:32 | sleep.sleep_engine.train       | INFO  |   distill step 40/400 | loss=0.9514 (kl=0.6002 ce=0.7025) | lr=1.00e-04
2026-08-12 02:18:39 | sleep.sleep_engine.train       | INFO  |   distill step 80/400 | loss=1.1026 (kl=0.6783 ce=0.8487) | lr=9.70e-05
2026-08-12 02:18:45 | sleep.sleep_engine.train       | INFO  |   distill step 120/400 | loss=0.4719 (kl=0.3779 ce=0.1879) | lr=8.83e-05
2026-08-12 02:18:46 | sleep.weights.plasticity       | INFO  | Hard-clipped 1 w_cons parameters to delta_max=0.1000 bound.
2026-08-12 02:18:46 | sleep.weights.plasticity       | INFO  | Hard-clipped 1 w_cons parameters to delta_max=0.1000 bound.
2026-08-12 02:18:46 | sleep.weights.plasticity       | INFO  | Hard-clipped 1 w_cons parameters to delta_max=0.1000 bound.
2026-08-12 02:18:47 | sleep.weights.plasticity       | INFO  | Hard-clipped 1 w_cons parameters to delta_max=0.1000 bound.
2026-08-12 02:18:47 | sleep.weights.plasticity       | INFO  | Hard-clipped 2 w_cons parameters to delta_max=0.1000 bound.
2026-08-12 02:18:47 | sleep.weights.plasticity       | INFO  | Hard-clipped 2 w_cons parameters to delta_max=0.1000 bound.
2026-08-12 02:18:47 | sleep.weights.plasticity       | INFO  | Hard-clipped 2 w_cons parameters to delta_max=0.1000 bound.
2026-08-12 02:18:47 | sleep.weights.plasticity       | INFO  | Hard-clipped 2 w_cons parameters to delta_max=0.1000 bound.
2026-08-12 02:18:47 | sleep.weights.plasticity       | INFO  | Hard-clipped 2 w_cons parameters to delta_max=0.1000 bound.
2026-08-12 02:18:48 | sleep.weights.plasticity       | INFO  | Hard-clipped 2 w_cons parameters to delta_max=0.1000 bound.
2026-08-12 02:18:48 | sleep.weights.plasticity       | INFO  | Hard-clipped 2 w_cons parameters to delta_max=0.1000 bound.
2026-08-12 02:18:48 | sleep.weights.plasticity       | INFO  | Hard-clipped 2 w_cons parameters to delta_max=0.1000 bound.
2026-08-12 02:18:48 | sleep.weights.plasticity       | INFO  | Hard-clipped 2 w_cons parameters to delta_max=0.1000 bound.
2026-08-12 02:18:48 | sleep.weights.plasticity       | INFO  | Hard-clipped 2 w_cons parameters to delta_max=0.1000 bound.
2026-08-12 02:18:48 | sleep.weights.plasticity       | INFO  | Hard-clipped 2 w_cons parameters to delta_max=0.1000 bound.
2026-08-12 02:18:48 | sleep.weights.plasticity       | INFO  | Hard-clipped 2 w_cons parameters to delta_max=0.1000 bound.
2026-08-12 02:18:49 | sleep.weights.plasticity       | INFO  | Hard-clipped 2 w_cons parameters to delta_max=0.1000 bound.
2026-08-12 02:18:49 | sleep.weights.plasticity       | INFO  | Hard-clipped 2 w_cons parameters to delta_max=0.1000 bound.
2026-08-12 02:18:49 | sleep.weights.plasticity       | INFO  | Hard-clipped 2 w_cons parameters to delta_max=0.1000 bound.
2026-08-12 02:18:49 | sleep.weights.plasticity       | INFO  | Hard-clipped 2 w_cons parameters to delta_max=0.1000 bound.
2026-08-12 02:18:49 | sleep.weights.plasticity       | INFO  | Hard-clipped 2 w_cons parameters to delta_max=0.1000 bound.
2026-08-12 02:18:49 | sleep.weights.plasticity       | INFO  | Hard-clipped 2 w_cons parameters to delta_max=0.1000 bound.
2026-08-12 02:18:50 | sleep.weights.plasticity       | INFO  | Hard-clipped 2 w_cons parameters to delta_max=0.1000 bound.
2026-08-12 02:18:50 | sleep.weights.plasticity       | INFO  | Hard-clipped 2 w_cons parameters to delta_max=0.1000 bound.
2026-08-12 02:18:50 | sleep.weights.plasticity       | INFO  | Hard-clipped 2 w_cons parameters to delta_max=0.1000 bound.
2026-08-12 02:18:50 | sleep.weights.plasticity       | INFO  | Hard-clipped 2 w_cons parameters to delta_max=0.1000 bound.
2026-08-12 02:18:50 | sleep.weights.plasticity       | INFO  | Hard-clipped 2 w_cons parameters to delta_max=0.1000 bound.
2026-08-12 02:18:50 | sleep.weights.plasticity       | INFO  | Hard-clipped 2 w_cons parameters to delta_max=0.1000 bound.
2026-08-12 02:18:51 | sleep.weights.plasticity       | INFO  | Hard-clipped 2 w_cons parameters to delta_max=0.1000 bound.
2026-08-12 02:18:51 | sleep.weights.plasticity       | INFO  | Hard-clipped 2 w_cons parameters to delta_max=0.1000 bound.
2026-08-12 02:18:51 | sleep.weights.plasticity       | INFO  | Hard-clipped 2 w_cons parameters to delta_max=0.1000 bound.
2026-08-12 02:18:51 | sleep.weights.plasticity       | INFO  | Hard-clipped 3 w_cons parameters to delta_max=0.1000 bound.
2026-08-12 02:18:51 | sleep.weights.plasticity       | INFO  | Hard-clipped 3 w_cons parameters to delta_max=0.1000 bound.
2026-08-12 02:18:51 | sleep.weights.plasticity       | INFO  | Hard-clipped 3 w_cons parameters to delta_max=0.1000 bound.
2026-08-12 02:18:51 | sleep.sleep_engine.train       | INFO  |   distill step 160/400 | loss=0.6739 (kl=0.4543 ce=0.4392) | lr=7.50e-05
2026-08-12 02:18:52 | sleep.weights.plasticity       | INFO  | Hard-clipped 3 w_cons parameters to delta_max=0.1000 bound.
2026-08-12 02:18:52 | sleep.weights.plasticity       | INFO  | Hard-clipped 3 w_cons parameters to delta_max=0.1000 bound.
2026-08-12 02:18:52 | sleep.weights.plasticity       | INFO  | Hard-clipped 4 w_cons parameters to delta_max=0.1000 bound.
2026-08-12 02:18:52 | sleep.weights.plasticity       | INFO  | Hard-clipped 4 w_cons parameters to delta_max=0.1000 bound.
2026-08-12 02:18:52 | sleep.weights.plasticity       | INFO  | Hard-clipped 4 w_cons parameters to delta_max=0.1000 bound.
2026-08-12 02:18:52 | sleep.weights.plasticity       | INFO  | Hard-clipped 4 w_cons parameters to delta_max=0.1000 bound.
2026-08-12 02:18:53 | sleep.weights.plasticity       | INFO  | Hard-clipped 4 w_cons parameters to delta_max=0.1000 bound.
2026-08-12 02:18:53 | sleep.weights.plasticity       | INFO  | Hard-clipped 4 w_cons parameters to delta_max=0.1000 bound.
2026-08-12 02:18:53 | sleep.weights.plasticity       | INFO  | Hard-clipped 4 w_cons parameters to delta_max=0.1000 bound.
2026-08-12 02:18:53 | sleep.weights.plasticity       | INFO  | Hard-clipped 4 w_cons parameters to delta_max=0.1000 bound.
2026-08-12 02:18:53 | sleep.weights.plasticity       | INFO  | Hard-clipped 4 w_cons parameters to delta_max=0.1000 bound.
2026-08-12 02:18:53 | sleep.weights.plasticity       | INFO  | Hard-clipped 4 w_cons parameters to delta_max=0.1000 bound.
2026-08-12 02:18:53 | sleep.weights.plasticity       | INFO  | Hard-clipped 4 w_cons parameters to delta_max=0.1000 bound.
2026-08-12 02:18:54 | sleep.weights.plasticity       | INFO  | Hard-clipped 4 w_cons parameters to delta_max=0.1000 bound.
2026-08-12 02:18:54 | sleep.weights.plasticity       | INFO  | Hard-clipped 4 w_cons parameters to delta_max=0.1000 bound.
2026-08-12 02:18:54 | sleep.weights.plasticity       | INFO  | Hard-clipped 4 w_cons parameters to delta_max=0.1000 bound.
2026-08-12 02:18:54 | sleep.weights.plasticity       | INFO  | Hard-clipped 4 w_cons parameters to delta_max=0.1000 bound.
2026-08-12 02:18:54 | sleep.weights.plasticity       | INFO  | Hard-clipped 4 w_cons parameters to delta_max=0.1000 bound.
2026-08-12 02:18:54 | sleep.weights.plasticity       | INFO  | Hard-clipped 4 w_cons parameters to delta_max=0.1000 bound.
2026-08-12 02:18:55 | sleep.weights.plasticity       | INFO  | Hard-clipped 4 w_cons parameters to delta_max=0.1000 bound.
2026-08-12 02:18:55 | sleep.weights.plasticity       | INFO  | Hard-clipped 4 w_cons parameters to delta_max=0.1000 bound.
2026-08-12 02:18:55 | sleep.weights.plasticity       | INFO  | Hard-clipped 4 w_cons parameters to delta_max=0.1000 bound.
2026-08-12 02:18:55 | sleep.weights.plasticity       | INFO  | Hard-clipped 4 w_cons parameters to delta_max=0.1000 bound.
2026-08-12 02:18:55 | sleep.weights.plasticity       | INFO  | Hard-clipped 4 w_cons parameters to delta_max=0.1000 bound.
2026-08-12 02:18:55 | sleep.weights.plasticity       | INFO  | Hard-clipped 4 w_cons parameters to delta_max=0.1000 bound.
2026-08-12 02:18:56 | sleep.weights.plasticity       | INFO  | Hard-clipped 4 w_cons parameters to delta_max=0.1000 bound.
2026-08-12 02:18:56 | sleep.weights.plasticity       | INFO  | Hard-clipped 4 w_cons parameters to delta_max=0.1000 bound.
2026-08-12 02:18:56 | sleep.weights.plasticity       | INFO  | Hard-clipped 4 w_cons parameters to delta_max=0.1000 bound.
2026-08-12 02:18:56 | sleep.weights.plasticity       | INFO  | Hard-clipped 4 w_cons parameters to delta_max=0.1000 bound.
2026-08-12 02:18:56 | sleep.weights.plasticity       | INFO  | Hard-clipped 4 w_cons parameters to delta_max=0.1000 bound.
2026-08-12 02:18:56 | sleep.weights.plasticity       | INFO  | Hard-clipped 4 w_cons parameters to delta_max=0.1000 bound.
2026-08-12 02:18:57 | sleep.weights.plasticity       | INFO  | Hard-clipped 4 w_cons parameters to delta_max=0.1000 bound.
2026-08-12 02:18:57 | sleep.weights.plasticity       | INFO  | Hard-clipped 4 w_cons parameters to delta_max=0.1000 bound.
2026-08-12 02:18:57 | sleep.weights.plasticity       | INFO  | Hard-clipped 4 w_cons parameters to delta_max=0.1000 bound.
2026-08-12 02:18:57 | sleep.weights.plasticity       | INFO  | Hard-clipped 4 w_cons parameters to delta_max=0.1000 bound.
2026-08-12 02:18:57 | sleep.weights.plasticity       | INFO  | Hard-clipped 4 w_cons parameters to delta_max=0.1000 bound.
2026-08-12 02:18:57 | sleep.weights.plasticity       | INFO  | Hard-clipped 4 w_cons parameters to delta_max=0.1000 bound.
2026-08-12 02:18:58 | sleep.weights.plasticity       | INFO  | Hard-clipped 4 w_cons parameters to delta_max=0.1000 bound.
2026-08-12 02:18:58 | sleep.weights.plasticity       | INFO  | Hard-clipped 4 w_cons parameters to delta_max=0.1000 bound.
2026-08-12 02:18:58 | sleep.weights.plasticity       | INFO  | Hard-clipped 4 w_cons parameters to delta_max=0.1000 bound.
2026-08-12 02:18:58 | sleep.sleep_engine.train       | INFO  |   distill step 200/400 | loss=0.4792 (kl=0.2848 ce=0.3888) | lr=5.87e-05
2026-08-12 02:18:58 | sleep.weights.plasticity       | INFO  | Hard-clipped 4 w_cons parameters to delta_max=0.1000 bound.
2026-08-12 02:18:58 | sleep.weights.plasticity       | INFO  | Hard-clipped 4 w_cons parameters to delta_max=0.1000 bound.
2026-08-12 02:18:58 | sleep.weights.plasticity       | INFO  | Hard-clipped 4 w_cons parameters to delta_max=0.1000 bound.
2026-08-12 02:18:59 | sleep.weights.plasticity       | INFO  | Hard-clipped 4 w_cons parameters to delta_max=0.1000 bound.
2026-08-12 02:18:59 | sleep.weights.plasticity       | INFO  | Hard-clipped 4 w_cons parameters to delta_max=0.1000 bound.
2026-08-12 02:18:59 | sleep.weights.plasticity       | INFO  | Hard-clipped 4 w_cons parameters to delta_max=0.1000 bound.
2026-08-12 02:18:59 | sleep.weights.plasticity       | INFO  | Hard-clipped 5 w_cons parameters to delta_max=0.1000 bound.
2026-08-12 02:18:59 | sleep.weights.plasticity       | INFO  | Hard-clipped 4 w_cons parameters to delta_max=0.1000 bound.
2026-08-12 02:18:59 | sleep.weights.plasticity       | INFO  | Hard-clipped 4 w_cons parameters to delta_max=0.1000 bound.
2026-08-12 02:18:59 | sleep.weights.plasticity       | INFO  | Hard-clipped 4 w_cons parameters to delta_max=0.1000 bound.
2026-08-12 02:19:00 | sleep.weights.plasticity       | INFO  | Hard-clipped 4 w_cons parameters to delta_max=0.1000 bound.
2026-08-12 02:19:00 | sleep.weights.plasticity       | INFO  | Hard-clipped 4 w_cons parameters to delta_max=0.1000 bound.
2026-08-12 02:19:00 | sleep.weights.plasticity       | INFO  | Hard-clipped 4 w_cons parameters to delta_max=0.1000 bound.
2026-08-12 02:19:00 | sleep.weights.plasticity       | INFO  | Hard-clipped 5 w_cons parameters to delta_max=0.1000 bound.
2026-08-12 02:19:00 | sleep.weights.plasticity       | INFO  | Hard-clipped 5 w_cons parameters to delta_max=0.1000 bound.
2026-08-12 02:19:00 | sleep.weights.plasticity       | INFO  | Hard-clipped 5 w_cons parameters to delta_max=0.1000 bound.
2026-08-12 02:19:01 | sleep.weights.plasticity       | INFO  | Hard-clipped 5 w_cons parameters to delta_max=0.1000 bound.
2026-08-12 02:19:01 | sleep.weights.plasticity       | INFO  | Hard-clipped 5 w_cons parameters to delta_max=0.1000 bound.
2026-08-12 02:19:01 | sleep.weights.plasticity       | INFO  | Hard-clipped 5 w_cons parameters to delta_max=0.1000 bound.
2026-08-12 02:19:01 | sleep.weights.plasticity       | INFO  | Hard-clipped 5 w_cons parameters to delta_max=0.1000 bound.
2026-08-12 02:19:01 | sleep.weights.plasticity       | INFO  | Hard-clipped 5 w_cons parameters to delta_max=0.1000 bound.
2026-08-12 02:19:01 | sleep.weights.plasticity       | INFO  | Hard-clipped 5 w_cons parameters to delta_max=0.1000 bound.
2026-08-12 02:19:02 | sleep.weights.plasticity       | INFO  | Hard-clipped 5 w_cons parameters to delta_max=0.1000 bound.
2026-08-12 02:19:02 | sleep.weights.plasticity       | INFO  | Hard-clipped 5 w_cons parameters to delta_max=0.1000 bound.
2026-08-12 02:19:02 | sleep.weights.plasticity       | INFO  | Hard-clipped 5 w_cons parameters to delta_max=0.1000 bound.
2026-08-12 02:19:02 | sleep.weights.plasticity       | INFO  | Hard-clipped 5 w_cons parameters to delta_max=0.1000 bound.
2026-08-12 02:19:02 | sleep.weights.plasticity       | INFO  | Hard-clipped 5 w_cons parameters to delta_max=0.1000 bound.
2026-08-12 02:19:02 | sleep.weights.plasticity       | INFO  | Hard-clipped 5 w_cons parameters to delta_max=0.1000 bound.
2026-08-12 02:19:03 | sleep.weights.plasticity       | INFO  | Hard-clipped 5 w_cons parameters to delta_max=0.1000 bound.
2026-08-12 02:19:03 | sleep.weights.plasticity       | INFO  | Hard-clipped 5 w_cons parameters to delta_max=0.1000 bound.
2026-08-12 02:19:03 | sleep.weights.plasticity       | INFO  | Hard-clipped 5 w_cons parameters to delta_max=0.1000 bound.
2026-08-12 02:19:03 | sleep.weights.plasticity       | INFO  | Hard-clipped 5 w_cons parameters to delta_max=0.1000 bound.
2026-08-12 02:19:03 | sleep.weights.plasticity       | INFO  | Hard-clipped 5 w_cons parameters to delta_max=0.1000 bound.
2026-08-12 02:19:03 | sleep.weights.plasticity       | INFO  | Hard-clipped 5 w_cons parameters to delta_max=0.1000 bound.
2026-08-12 02:19:04 | sleep.weights.plasticity       | INFO  | Hard-clipped 5 w_cons parameters to delta_max=0.1000 bound.
2026-08-12 02:19:04 | sleep.weights.plasticity       | INFO  | Hard-clipped 5 w_cons parameters to delta_max=0.1000 bound.
2026-08-12 02:19:04 | sleep.weights.plasticity       | INFO  | Hard-clipped 5 w_cons parameters to delta_max=0.1000 bound.
2026-08-12 02:19:04 | sleep.weights.plasticity       | INFO  | Hard-clipped 5 w_cons parameters to delta_max=0.1000 bound.
2026-08-12 02:19:04 | sleep.weights.plasticity       | INFO  | Hard-clipped 5 w_cons parameters to delta_max=0.1000 bound.
2026-08-12 02:19:04 | sleep.weights.plasticity       | INFO  | Hard-clipped 5 w_cons parameters to delta_max=0.1000 bound.
2026-08-12 02:19:04 | sleep.sleep_engine.train       | INFO  |   distill step 240/400 | loss=0.5596 (kl=0.3578 ce=0.4035) | lr=4.13e-05
2026-08-12 02:19:04 | sleep.weights.plasticity       | INFO  | Hard-clipped 5 w_cons parameters to delta_max=0.1000 bound.
2026-08-12 02:19:05 | sleep.weights.plasticity       | INFO  | Hard-clipped 5 w_cons parameters to delta_max=0.1000 bound.
2026-08-12 02:19:05 | sleep.weights.plasticity       | INFO  | Hard-clipped 5 w_cons parameters to delta_max=0.1000 bound.
2026-08-12 02:19:05 | sleep.weights.plasticity       | INFO  | Hard-clipped 5 w_cons parameters to delta_max=0.1000 bound.
2026-08-12 02:19:05 | sleep.weights.plasticity       | INFO  | Hard-clipped 5 w_cons parameters to delta_max=0.1000 bound.
2026-08-12 02:19:05 | sleep.weights.plasticity       | INFO  | Hard-clipped 5 w_cons parameters to delta_max=0.1000 bound.
2026-08-12 02:19:05 | sleep.weights.plasticity       | INFO  | Hard-clipped 5 w_cons parameters to delta_max=0.1000 bound.
2026-08-12 02:19:06 | sleep.weights.plasticity       | INFO  | Hard-clipped 5 w_cons parameters to delta_max=0.1000 bound.
2026-08-12 02:19:06 | sleep.weights.plasticity       | INFO  | Hard-clipped 5 w_cons parameters to delta_max=0.1000 bound.
2026-08-12 02:19:06 | sleep.weights.plasticity       | INFO  | Hard-clipped 5 w_cons parameters to delta_max=0.1000 bound.
2026-08-12 02:19:06 | sleep.weights.plasticity       | INFO  | Hard-clipped 5 w_cons parameters to delta_max=0.1000 bound.
2026-08-12 02:19:06 | sleep.weights.plasticity       | INFO  | Hard-clipped 5 w_cons parameters to delta_max=0.1000 bound.
2026-08-12 02:19:06 | sleep.weights.plasticity       | INFO  | Hard-clipped 5 w_cons parameters to delta_max=0.1000 bound.
2026-08-12 02:19:07 | sleep.weights.plasticity       | INFO  | Hard-clipped 5 w_cons parameters to delta_max=0.1000 bound.
2026-08-12 02:19:07 | sleep.weights.plasticity       | INFO  | Hard-clipped 5 w_cons parameters to delta_max=0.1000 bound.
2026-08-12 02:19:07 | sleep.weights.plasticity       | INFO  | Hard-clipped 5 w_cons parameters to delta_max=0.1000 bound.
2026-08-12 02:19:07 | sleep.weights.plasticity       | INFO  | Hard-clipped 5 w_cons parameters to delta_max=0.1000 bound.
2026-08-12 02:19:07 | sleep.weights.plasticity       | INFO  | Hard-clipped 5 w_cons parameters to delta_max=0.1000 bound.
2026-08-12 02:19:07 | sleep.weights.plasticity       | INFO  | Hard-clipped 5 w_cons parameters to delta_max=0.1000 bound.
2026-08-12 02:19:08 | sleep.weights.plasticity       | INFO  | Hard-clipped 5 w_cons parameters to delta_max=0.1000 bound.
2026-08-12 02:19:08 | sleep.weights.plasticity       | INFO  | Hard-clipped 5 w_cons parameters to delta_max=0.1000 bound.
2026-08-12 02:19:08 | sleep.weights.plasticity       | INFO  | Hard-clipped 5 w_cons parameters to delta_max=0.1000 bound.
2026-08-12 02:19:08 | sleep.weights.plasticity       | INFO  | Hard-clipped 5 w_cons parameters to delta_max=0.1000 bound.
2026-08-12 02:19:08 | sleep.weights.plasticity       | INFO  | Hard-clipped 5 w_cons parameters to delta_max=0.1000 bound.
2026-08-12 02:19:08 | sleep.weights.plasticity       | INFO  | Hard-clipped 5 w_cons parameters to delta_max=0.1000 bound.
2026-08-12 02:19:08 | sleep.weights.plasticity       | INFO  | Hard-clipped 5 w_cons parameters to delta_max=0.1000 bound.
2026-08-12 02:19:09 | sleep.weights.plasticity       | INFO  | Hard-clipped 5 w_cons parameters to delta_max=0.1000 bound.
2026-08-12 02:19:09 | sleep.weights.plasticity       | INFO  | Hard-clipped 5 w_cons parameters to delta_max=0.1000 bound.
2026-08-12 02:19:09 | sleep.weights.plasticity       | INFO  | Hard-clipped 4 w_cons parameters to delta_max=0.1000 bound.
2026-08-12 02:19:09 | sleep.weights.plasticity       | INFO  | Hard-clipped 4 w_cons parameters to delta_max=0.1000 bound.
2026-08-12 02:19:09 | sleep.weights.plasticity       | INFO  | Hard-clipped 5 w_cons parameters to delta_max=0.1000 bound.
2026-08-12 02:19:09 | sleep.weights.plasticity       | INFO  | Hard-clipped 5 w_cons parameters to delta_max=0.1000 bound.
2026-08-12 02:19:10 | sleep.weights.plasticity       | INFO  | Hard-clipped 5 w_cons parameters to delta_max=0.1000 bound.
2026-08-12 02:19:10 | sleep.weights.plasticity       | INFO  | Hard-clipped 5 w_cons parameters to delta_max=0.1000 bound.
2026-08-12 02:19:10 | sleep.weights.plasticity       | INFO  | Hard-clipped 5 w_cons parameters to delta_max=0.1000 bound.
2026-08-12 02:19:10 | sleep.weights.plasticity       | INFO  | Hard-clipped 5 w_cons parameters to delta_max=0.1000 bound.
2026-08-12 02:19:10 | sleep.weights.plasticity       | INFO  | Hard-clipped 6 w_cons parameters to delta_max=0.1000 bound.
2026-08-12 02:19:10 | sleep.weights.plasticity       | INFO  | Hard-clipped 6 w_cons parameters to delta_max=0.1000 bound.
2026-08-12 02:19:11 | sleep.weights.plasticity       | INFO  | Hard-clipped 6 w_cons parameters to delta_max=0.1000 bound.
2026-08-12 02:19:11 | sleep.weights.plasticity       | INFO  | Hard-clipped 6 w_cons parameters to delta_max=0.1000 bound.
2026-08-12 02:19:11 | sleep.sleep_engine.train       | INFO  |   distill step 280/400 | loss=0.5781 (kl=0.2734 ce=0.6093) | lr=2.50e-05
2026-08-12 02:19:11 | sleep.weights.plasticity       | INFO  | Hard-clipped 6 w_cons parameters to delta_max=0.1000 bound.
2026-08-12 02:19:11 | sleep.weights.plasticity       | INFO  | Hard-clipped 6 w_cons parameters to delta_max=0.1000 bound.
2026-08-12 02:19:11 | sleep.weights.plasticity       | INFO  | Hard-clipped 6 w_cons parameters to delta_max=0.1000 bound.
2026-08-12 02:19:11 | sleep.weights.plasticity       | INFO  | Hard-clipped 5 w_cons parameters to delta_max=0.1000 bound.
2026-08-12 02:19:12 | sleep.weights.plasticity       | INFO  | Hard-clipped 5 w_cons parameters to delta_max=0.1000 bound.
2026-08-12 02:19:12 | sleep.weights.plasticity       | INFO  | Hard-clipped 5 w_cons parameters to delta_max=0.1000 bound.
2026-08-12 02:19:12 | sleep.weights.plasticity       | INFO  | Hard-clipped 5 w_cons parameters to delta_max=0.1000 bound.
2026-08-12 02:19:12 | sleep.weights.plasticity       | INFO  | Hard-clipped 5 w_cons parameters to delta_max=0.1000 bound.
2026-08-12 02:19:12 | sleep.weights.plasticity       | INFO  | Hard-clipped 6 w_cons parameters to delta_max=0.1000 bound.
2026-08-12 02:19:12 | sleep.weights.plasticity       | INFO  | Hard-clipped 6 w_cons parameters to delta_max=0.1000 bound.
2026-08-12 02:19:12 | sleep.weights.plasticity       | INFO  | Hard-clipped 5 w_cons parameters to delta_max=0.1000 bound.
2026-08-12 02:19:13 | sleep.weights.plasticity       | INFO  | Hard-clipped 6 w_cons parameters to delta_max=0.1000 bound.
2026-08-12 02:19:13 | sleep.weights.plasticity       | INFO  | Hard-clipped 6 w_cons parameters to delta_max=0.1000 bound.
2026-08-12 02:19:13 | sleep.weights.plasticity       | INFO  | Hard-clipped 6 w_cons parameters to delta_max=0.1000 bound.
2026-08-12 02:19:13 | sleep.weights.plasticity       | INFO  | Hard-clipped 6 w_cons parameters to delta_max=0.1000 bound.
2026-08-12 02:19:13 | sleep.weights.plasticity       | INFO  | Hard-clipped 6 w_cons parameters to delta_max=0.1000 bound.
2026-08-12 02:19:13 | sleep.weights.plasticity       | INFO  | Hard-clipped 6 w_cons parameters to delta_max=0.1000 bound.
2026-08-12 02:19:14 | sleep.weights.plasticity       | INFO  | Hard-clipped 6 w_cons parameters to delta_max=0.1000 bound.
2026-08-12 02:19:14 | sleep.weights.plasticity       | INFO  | Hard-clipped 6 w_cons parameters to delta_max=0.1000 bound.
2026-08-12 02:19:14 | sleep.weights.plasticity       | INFO  | Hard-clipped 6 w_cons parameters to delta_max=0.1000 bound.
2026-08-12 02:19:14 | sleep.weights.plasticity       | INFO  | Hard-clipped 6 w_cons parameters to delta_max=0.1000 bound.
2026-08-12 02:19:14 | sleep.weights.plasticity       | INFO  | Hard-clipped 6 w_cons parameters to delta_max=0.1000 bound.
2026-08-12 02:19:14 | sleep.weights.plasticity       | INFO  | Hard-clipped 6 w_cons parameters to delta_max=0.1000 bound.
2026-08-12 02:19:15 | sleep.weights.plasticity       | INFO  | Hard-clipped 6 w_cons parameters to delta_max=0.1000 bound.
2026-08-12 02:19:15 | sleep.weights.plasticity       | INFO  | Hard-clipped 6 w_cons parameters to delta_max=0.1000 bound.
2026-08-12 02:19:15 | sleep.weights.plasticity       | INFO  | Hard-clipped 6 w_cons parameters to delta_max=0.1000 bound.
2026-08-12 02:19:15 | sleep.weights.plasticity       | INFO  | Hard-clipped 6 w_cons parameters to delta_max=0.1000 bound.
2026-08-12 02:19:15 | sleep.weights.plasticity       | INFO  | Hard-clipped 6 w_cons parameters to delta_max=0.1000 bound.
2026-08-12 02:19:15 | sleep.weights.plasticity       | INFO  | Hard-clipped 6 w_cons parameters to delta_max=0.1000 bound.
2026-08-12 02:19:16 | sleep.weights.plasticity       | INFO  | Hard-clipped 6 w_cons parameters to delta_max=0.1000 bound.
2026-08-12 02:19:16 | sleep.weights.plasticity       | INFO  | Hard-clipped 6 w_cons parameters to delta_max=0.1000 bound.
2026-08-12 02:19:16 | sleep.weights.plasticity       | INFO  | Hard-clipped 6 w_cons parameters to delta_max=0.1000 bound.
2026-08-12 02:19:16 | sleep.weights.plasticity       | INFO  | Hard-clipped 6 w_cons parameters to delta_max=0.1000 bound.
2026-08-12 02:19:16 | sleep.weights.plasticity       | INFO  | Hard-clipped 6 w_cons parameters to delta_max=0.1000 bound.
2026-08-12 02:19:16 | sleep.weights.plasticity       | INFO  | Hard-clipped 6 w_cons parameters to delta_max=0.1000 bound.
2026-08-12 02:19:17 | sleep.weights.plasticity       | INFO  | Hard-clipped 6 w_cons parameters to delta_max=0.1000 bound.
2026-08-12 02:19:17 | sleep.weights.plasticity       | INFO  | Hard-clipped 6 w_cons parameters to delta_max=0.1000 bound.
2026-08-12 02:19:17 | sleep.weights.plasticity       | INFO  | Hard-clipped 6 w_cons parameters to delta_max=0.1000 bound.
2026-08-12 02:19:17 | sleep.weights.plasticity       | INFO  | Hard-clipped 4 w_cons parameters to delta_max=0.1000 bound.
2026-08-12 02:19:17 | sleep.weights.plasticity       | INFO  | Hard-clipped 4 w_cons parameters to delta_max=0.1000 bound.
2026-08-12 02:19:17 | sleep.sleep_engine.train       | INFO  |   distill step 320/400 | loss=0.4234 (kl=0.2222 ce=0.4024) | lr=1.17e-05
2026-08-12 02:19:17 | sleep.weights.plasticity       | INFO  | Hard-clipped 4 w_cons parameters to delta_max=0.1000 bound.
2026-08-12 02:19:17 | sleep.weights.plasticity       | INFO  | Hard-clipped 4 w_cons parameters to delta_max=0.1000 bound.
2026-08-12 02:19:18 | sleep.weights.plasticity       | INFO  | Hard-clipped 5 w_cons parameters to delta_max=0.1000 bound.
2026-08-12 02:19:18 | sleep.weights.plasticity       | INFO  | Hard-clipped 5 w_cons parameters to delta_max=0.1000 bound.
2026-08-12 02:19:18 | sleep.weights.plasticity       | INFO  | Hard-clipped 5 w_cons parameters to delta_max=0.1000 bound.
2026-08-12 02:19:18 | sleep.weights.plasticity       | INFO  | Hard-clipped 5 w_cons parameters to delta_max=0.1000 bound.
2026-08-12 02:19:18 | sleep.weights.plasticity       | INFO  | Hard-clipped 5 w_cons parameters to delta_max=0.1000 bound.
2026-08-12 02:19:18 | sleep.weights.plasticity       | INFO  | Hard-clipped 5 w_cons parameters to delta_max=0.1000 bound.
2026-08-12 02:19:19 | sleep.weights.plasticity       | INFO  | Hard-clipped 5 w_cons parameters to delta_max=0.1000 bound.
2026-08-12 02:19:19 | sleep.weights.plasticity       | INFO  | Hard-clipped 5 w_cons parameters to delta_max=0.1000 bound.
2026-08-12 02:19:19 | sleep.weights.plasticity       | INFO  | Hard-clipped 5 w_cons parameters to delta_max=0.1000 bound.
2026-08-12 02:19:19 | sleep.weights.plasticity       | INFO  | Hard-clipped 5 w_cons parameters to delta_max=0.1000 bound.
2026-08-12 02:19:19 | sleep.weights.plasticity       | INFO  | Hard-clipped 5 w_cons parameters to delta_max=0.1000 bound.
2026-08-12 02:19:19 | sleep.weights.plasticity       | INFO  | Hard-clipped 5 w_cons parameters to delta_max=0.1000 bound.
2026-08-12 02:19:20 | sleep.weights.plasticity       | INFO  | Hard-clipped 5 w_cons parameters to delta_max=0.1000 bound.
2026-08-12 02:19:20 | sleep.weights.plasticity       | INFO  | Hard-clipped 5 w_cons parameters to delta_max=0.1000 bound.
2026-08-12 02:19:20 | sleep.weights.plasticity       | INFO  | Hard-clipped 6 w_cons parameters to delta_max=0.1000 bound.
2026-08-12 02:19:20 | sleep.weights.plasticity       | INFO  | Hard-clipped 6 w_cons parameters to delta_max=0.1000 bound.
2026-08-12 02:19:20 | sleep.weights.plasticity       | INFO  | Hard-clipped 6 w_cons parameters to delta_max=0.1000 bound.
2026-08-12 02:19:20 | sleep.weights.plasticity       | INFO  | Hard-clipped 6 w_cons parameters to delta_max=0.1000 bound.
2026-08-12 02:19:21 | sleep.weights.plasticity       | INFO  | Hard-clipped 6 w_cons parameters to delta_max=0.1000 bound.
2026-08-12 02:19:21 | sleep.weights.plasticity       | INFO  | Hard-clipped 6 w_cons parameters to delta_max=0.1000 bound.
2026-08-12 02:19:21 | sleep.weights.plasticity       | INFO  | Hard-clipped 6 w_cons parameters to delta_max=0.1000 bound.
2026-08-12 02:19:21 | sleep.weights.plasticity       | INFO  | Hard-clipped 6 w_cons parameters to delta_max=0.1000 bound.
2026-08-12 02:19:21 | sleep.weights.plasticity       | INFO  | Hard-clipped 6 w_cons parameters to delta_max=0.1000 bound.
2026-08-12 02:19:21 | sleep.weights.plasticity       | INFO  | Hard-clipped 6 w_cons parameters to delta_max=0.1000 bound.
2026-08-12 02:19:22 | sleep.weights.plasticity       | INFO  | Hard-clipped 6 w_cons parameters to delta_max=0.1000 bound.
2026-08-12 02:19:22 | sleep.weights.plasticity       | INFO  | Hard-clipped 6 w_cons parameters to delta_max=0.1000 bound.
2026-08-12 02:19:22 | sleep.weights.plasticity       | INFO  | Hard-clipped 6 w_cons parameters to delta_max=0.1000 bound.
2026-08-12 02:19:22 | sleep.weights.plasticity       | INFO  | Hard-clipped 6 w_cons parameters to delta_max=0.1000 bound.
2026-08-12 02:19:22 | sleep.weights.plasticity       | INFO  | Hard-clipped 6 w_cons parameters to delta_max=0.1000 bound.
2026-08-12 02:19:22 | sleep.weights.plasticity       | INFO  | Hard-clipped 6 w_cons parameters to delta_max=0.1000 bound.
2026-08-12 02:19:22 | sleep.weights.plasticity       | INFO  | Hard-clipped 6 w_cons parameters to delta_max=0.1000 bound.
2026-08-12 02:19:23 | sleep.weights.plasticity       | INFO  | Hard-clipped 6 w_cons parameters to delta_max=0.1000 bound.
2026-08-12 02:19:23 | sleep.weights.plasticity       | INFO  | Hard-clipped 6 w_cons parameters to delta_max=0.1000 bound.
2026-08-12 02:19:23 | sleep.weights.plasticity       | INFO  | Hard-clipped 6 w_cons parameters to delta_max=0.1000 bound.
2026-08-12 02:19:23 | sleep.weights.plasticity       | INFO  | Hard-clipped 6 w_cons parameters to delta_max=0.1000 bound.
2026-08-12 02:19:23 | sleep.weights.plasticity       | INFO  | Hard-clipped 6 w_cons parameters to delta_max=0.1000 bound.
2026-08-12 02:19:23 | sleep.weights.plasticity       | INFO  | Hard-clipped 6 w_cons parameters to delta_max=0.1000 bound.
2026-08-12 02:19:24 | sleep.weights.plasticity       | INFO  | Hard-clipped 6 w_cons parameters to delta_max=0.1000 bound.
2026-08-12 02:19:24 | sleep.sleep_engine.train       | INFO  |   distill step 360/400 | loss=0.5303 (kl=0.3048 ce=0.4511) | lr=3.02e-06
2026-08-12 02:19:24 | sleep.weights.plasticity       | INFO  | Hard-clipped 6 w_cons parameters to delta_max=0.1000 bound.
2026-08-12 02:19:24 | sleep.weights.plasticity       | INFO  | Hard-clipped 6 w_cons parameters to delta_max=0.1000 bound.
2026-08-12 02:19:24 | sleep.weights.plasticity       | INFO  | Hard-clipped 6 w_cons parameters to delta_max=0.1000 bound.
2026-08-12 02:19:24 | sleep.weights.plasticity       | INFO  | Hard-clipped 6 w_cons parameters to delta_max=0.1000 bound.
2026-08-12 02:19:24 | sleep.weights.plasticity       | INFO  | Hard-clipped 6 w_cons parameters to delta_max=0.1000 bound.
2026-08-12 02:19:25 | sleep.weights.plasticity       | INFO  | Hard-clipped 6 w_cons parameters to delta_max=0.1000 bound.
2026-08-12 02:19:25 | sleep.weights.plasticity       | INFO  | Hard-clipped 6 w_cons parameters to delta_max=0.1000 bound.
2026-08-12 02:19:25 | sleep.weights.plasticity       | INFO  | Hard-clipped 6 w_cons parameters to delta_max=0.1000 bound.
2026-08-12 02:19:25 | sleep.weights.plasticity       | INFO  | Hard-clipped 6 w_cons parameters to delta_max=0.1000 bound.
2026-08-12 02:19:25 | sleep.weights.plasticity       | INFO  | Hard-clipped 6 w_cons parameters to delta_max=0.1000 bound.
2026-08-12 02:19:25 | sleep.weights.plasticity       | INFO  | Hard-clipped 6 w_cons parameters to delta_max=0.1000 bound.
2026-08-12 02:19:26 | sleep.weights.plasticity       | INFO  | Hard-clipped 6 w_cons parameters to delta_max=0.1000 bound.
2026-08-12 02:19:26 | sleep.weights.plasticity       | INFO  | Hard-clipped 6 w_cons parameters to delta_max=0.1000 bound.
2026-08-12 02:19:26 | sleep.weights.plasticity       | INFO  | Hard-clipped 6 w_cons parameters to delta_max=0.1000 bound.
2026-08-12 02:19:26 | sleep.weights.plasticity       | INFO  | Hard-clipped 6 w_cons parameters to delta_max=0.1000 bound.
2026-08-12 02:19:26 | sleep.weights.plasticity       | INFO  | Hard-clipped 6 w_cons parameters to delta_max=0.1000 bound.
2026-08-12 02:19:26 | sleep.weights.plasticity       | INFO  | Hard-clipped 6 w_cons parameters to delta_max=0.1000 bound.
2026-08-12 02:19:27 | sleep.weights.plasticity       | INFO  | Hard-clipped 6 w_cons parameters to delta_max=0.1000 bound.
2026-08-12 02:19:27 | sleep.weights.plasticity       | INFO  | Hard-clipped 6 w_cons parameters to delta_max=0.1000 bound.
2026-08-12 02:19:27 | sleep.weights.plasticity       | INFO  | Hard-clipped 6 w_cons parameters to delta_max=0.1000 bound.
2026-08-12 02:19:27 | sleep.weights.plasticity       | INFO  | Hard-clipped 6 w_cons parameters to delta_max=0.1000 bound.
2026-08-12 02:19:27 | sleep.weights.plasticity       | INFO  | Hard-clipped 6 w_cons parameters to delta_max=0.1000 bound.
2026-08-12 02:19:27 | sleep.weights.plasticity       | INFO  | Hard-clipped 6 w_cons parameters to delta_max=0.1000 bound.
2026-08-12 02:19:28 | sleep.weights.plasticity       | INFO  | Hard-clipped 6 w_cons parameters to delta_max=0.1000 bound.
2026-08-12 02:19:28 | sleep.weights.plasticity       | INFO  | Hard-clipped 6 w_cons parameters to delta_max=0.1000 bound.
2026-08-12 02:19:28 | sleep.weights.plasticity       | INFO  | Hard-clipped 6 w_cons parameters to delta_max=0.1000 bound.
2026-08-12 02:19:28 | sleep.weights.plasticity       | INFO  | Hard-clipped 6 w_cons parameters to delta_max=0.1000 bound.
2026-08-12 02:19:28 | sleep.weights.plasticity       | INFO  | Hard-clipped 6 w_cons parameters to delta_max=0.1000 bound.
2026-08-12 02:19:28 | sleep.weights.plasticity       | INFO  | Hard-clipped 6 w_cons parameters to delta_max=0.1000 bound.
2026-08-12 02:19:28 | sleep.weights.plasticity       | INFO  | Hard-clipped 6 w_cons parameters to delta_max=0.1000 bound.
2026-08-12 02:19:29 | sleep.weights.plasticity       | INFO  | Hard-clipped 6 w_cons parameters to delta_max=0.1000 bound.
2026-08-12 02:19:29 | sleep.weights.plasticity       | INFO  | Hard-clipped 6 w_cons parameters to delta_max=0.1000 bound.
2026-08-12 02:19:29 | sleep.weights.plasticity       | INFO  | Hard-clipped 6 w_cons parameters to delta_max=0.1000 bound.
2026-08-12 02:19:29 | sleep.weights.plasticity       | INFO  | Hard-clipped 6 w_cons parameters to delta_max=0.1000 bound.
2026-08-12 02:19:29 | sleep.weights.plasticity       | INFO  | Hard-clipped 6 w_cons parameters to delta_max=0.1000 bound.
2026-08-12 02:19:29 | sleep.weights.plasticity       | INFO  | Hard-clipped 6 w_cons parameters to delta_max=0.1000 bound.
2026-08-12 02:19:30 | sleep.weights.plasticity       | INFO  | Hard-clipped 6 w_cons parameters to delta_max=0.1000 bound.
2026-08-12 02:19:30 | sleep.weights.plasticity       | INFO  | Hard-clipped 6 w_cons parameters to delta_max=0.1000 bound.
2026-08-12 02:19:30 | sleep.weights.plasticity       | INFO  | Hard-clipped 6 w_cons parameters to delta_max=0.1000 bound.
2026-08-12 02:19:30 | sleep.weights.plasticity       | INFO  | Hard-clipped 5 w_cons parameters to delta_max=0.1000 bound.
2026-08-12 02:19:30 | sleep.sleep_engine.train       | INFO  |   distill step 400/400 | loss=0.3701 (kl=0.1994 ce=0.3414) | lr=0.00e+00
2026-08-12 02:19:30 | sleep.sleep_engine.train       | INFO  | Sleep distill-training complete | n_steps=400 | final_loss=0.3701 | mean_loss=0.6263
2026-08-12 02:19:30 | sleep.sleep_engine             | INFO  | Phase 3 complete: 400 steps, final_loss=0.3701, mean_loss=0.6263
2026-08-12 02:19:30 | sleep.sleep_engine             | INFO  | Phase 4/5: PPL CHECK (skipped — no benchmark data)
2026-08-12 02:19:30 | sleep.sleep_engine             | INFO  | Phase 5/5: VALIDATE & CLEANUP
2026-08-12 02:19:30 | sleep.weights.plasticity       | INFO  | Saved checkpoint for adapter 'w_cons': 44 parameters.
2026-08-12 02:19:30 | sleep.weights.plasticity       | INFO  | Restored 44 parameters for adapter 'w_cons' from checkpoint.
2026-08-12 02:19:30 | sleep.weights.plasticity       | INFO  | Restored 44 parameters for adapter 'w_cons' from checkpoint.
2026-08-12 02:19:37 | sleep.sleep_engine             | INFO  | Two-stage validation: 4/19 passed surprise, 4 also passed the mini-recall gate (self-grading gap = 0)
2026-08-12 02:19:37 | sleep.sleep_engine.cleanup     | INFO  | Cleanup complete | passed=4 | failed=15 | permanently_removed=0
2026-08-12 02:19:37 | sleep.sleep_engine             | INFO  | Phase 5 complete: consolidated=4, failed=15, permanently_removed=0
2026-08-12 02:19:37 | sleep.metrics                  | INFO  | summary | {'sleep_engine/n_candidates': 19, 'sleep_engine/n_replays_generated': 94, 'sleep_engine/n_replays_accepted': 94, 'sleep_engine/n_consolidated': 4, 'sleep_engine/n_failed': 15, 'sleep_engine/n_permanently_removed': 0, 'sleep_engine/rolled_back': False}
2026-08-12 02:19:37 | sleep.weights.kv_memory        | INFO  | bank cleared: freed 9 tags / 433 tokens
2026-08-12 02:19:37 | sleep.sleep_engine             | INFO  | KV bank cleared (9 entries removed)
2026-08-12 02:19:37 | sleep.sleep_engine             | INFO  | KV memory injection: ENABLED
2026-08-12 02:19:37 | sleep.sleep_engine             | INFO  | === Sleep cycle END ===
2026-08-12 02:22:05 | sleep.evaluation.recall        | INFO  | Recall evaluation: DRA=0.1208 across 80 cases
2026-08-12 02:22:42 | sleep.evaluation.recall        | INFO  | Recall evaluation: DRA=0.2000 across 20 cases
2026-08-12 02:22:42 | sleep.evaluation.preservation  | INFO  | Perplexity evaluation: PPL=6.1630 (mean_loss=1.8186, 62 tokens)
2026-08-12 02:22:42 | sleep.evaluation.preservation  | INFO  | BCP: 1.4120 (current_ppl=6.1630, original_ppl=4.3646)
2026-08-12 02:22:42 | sleep.experiment.08            | INFO  | [sleep Cycle 4 EVAL] DRA cumulative=0.121 (20/80 hits); DRA current=0.200 (5/20 hits); BCP=1.4120
2026-08-12 02:22:42 | sleep.experiment.08            | INFO  | ======================================================================
2026-08-12 02:22:42 | sleep.experiment.08            | INFO  | [SLEEP Cycle 5] Wake phase: 20 facts
2026-08-12 02:22:42 | sleep.experiment.08            | INFO  | ======================================================================
2026-08-12 02:22:42 | sleep.tagging                  | INFO  | step=81 | 2 tags created from 2 spans | buffer: 56/36208 (0.2%)
2026-08-12 02:22:43 | sleep.tagging                  | INFO  | step=82 | 1 tags created from 1 spans | buffer: 57/36208 (0.2%)
2026-08-12 02:22:43 | sleep.tagging                  | INFO  | step=86 | 1 tags created from 1 spans | buffer: 58/36208 (0.2%)
2026-08-12 02:22:43 | sleep.tagging                  | INFO  | step=87 | 1 tags created from 1 spans | buffer: 59/36208 (0.2%)
2026-08-12 02:22:43 | sleep.tagging                  | INFO  | step=89 | 1 tags created from 1 spans | buffer: 60/36208 (0.2%)
2026-08-12 02:22:43 | sleep.tagging                  | INFO  | step=92 | 1 tags created from 1 spans | buffer: 61/36208 (0.2%)
2026-08-12 02:22:43 | sleep.tagging                  | INFO  | step=94 | 1 tags created from 1 spans | buffer: 62/36208 (0.2%)
2026-08-12 02:22:44 | sleep.tagging                  | INFO  | step=96 | 1 tags created from 1 spans | buffer: 63/36208 (0.2%)
2026-08-12 02:22:44 | sleep.tagging                  | INFO  | step=97 | 1 tags created from 1 spans | buffer: 64/36208 (0.2%)
2026-08-12 02:22:44 | sleep.experiment.08            | INFO  | [Cycle 5] Wake summary: 20 facts -> 9 KV writes; bank: 426/20000 tokens
2026-08-12 02:22:44 | sleep.prp                      | INFO  | step=100 | PRP update: 17/3620 allocated (0%) | +13 -0 | threshold=0.264 | mean_score=0.232
2026-08-12 02:22:44 | sleep.experiment.08            | INFO  | [Cycle 5] PRP: 17 allocated, 17 consolidation candidates
2026-08-12 02:22:44 | sleep.sleep_engine             | INFO  | === Sleep cycle START | 17 candidates ===
2026-08-12 02:22:44 | sleep.sleep_engine             | INFO  | Phase 1/5: GENERATE (strategy=paraphrase)
2026-08-12 02:22:44 | sleep.sleep_engine             | INFO  | KV memory injection: DISABLED
2026-08-12 02:22:44 | sleep.sleep_engine             | INFO  | Phase 1 (paraphrase strategy): 135 wordings from 6 unique sources (17 candidates)
2026-08-12 02:22:44 | sleep.sleep_engine             | INFO  | Phase 1 complete: 135/17 replays generated
2026-08-12 02:22:44 | sleep.sleep_engine             | INFO  | Phase 2/5: QUALITY CHECK
2026-08-12 02:22:44 | sleep.sleep_engine             | INFO  | Phase 2 complete: 135/135 replays accepted
2026-08-12 02:22:44 | sleep.sleep_engine             | INFO  | Phase 3/5: TRAIN (135 accepted replays)
2026-08-12 02:22:44 | sleep.sleep_engine             | INFO  | KV memory injection: DISABLED
2026-08-12 02:22:44 | sleep.weights.plasticity       | INFO  | Saved checkpoint for adapter 'w_cons': 44 parameters.
2026-08-12 02:22:44 | sleep.weights.plasticity       | INFO  | Saved checkpoint for adapter 'w_cons': 44 parameters.
2026-08-12 02:22:44 | sleep.sleep_engine.train       | INFO  | Sleep distill-training: 6 facts | 400 steps | lr=1.00e-04 | T=2
2026-08-12 02:22:44 | sleep.sleep_engine.train       | INFO  |   distill step 1/400 | loss=1.6593 (kl=0.9868 ce=1.3450) | lr=2.50e-06
2026-08-12 02:22:51 | sleep.sleep_engine.train       | INFO  |   distill step 40/400 | loss=0.9954 (kl=0.5684 ce=0.8540) | lr=1.00e-04
2026-08-12 02:22:57 | sleep.sleep_engine.train       | INFO  |   distill step 80/400 | loss=0.4101 (kl=0.3084 ce=0.2034) | lr=9.70e-05
2026-08-12 02:23:04 | sleep.weights.plasticity       | INFO  | Hard-clipped 1 w_cons parameters to delta_max=0.1000 bound.
2026-08-12 02:23:04 | sleep.sleep_engine.train       | INFO  |   distill step 120/400 | loss=0.5370 (kl=0.4059 ce=0.2622) | lr=8.83e-05
2026-08-12 02:23:04 | sleep.weights.plasticity       | INFO  | Hard-clipped 1 w_cons parameters to delta_max=0.1000 bound.
2026-08-12 02:23:04 | sleep.weights.plasticity       | INFO  | Hard-clipped 1 w_cons parameters to delta_max=0.1000 bound.
2026-08-12 02:23:04 | sleep.weights.plasticity       | INFO  | Hard-clipped 1 w_cons parameters to delta_max=0.1000 bound.
2026-08-12 02:23:04 | sleep.weights.plasticity       | INFO  | Hard-clipped 1 w_cons parameters to delta_max=0.1000 bound.
2026-08-12 02:23:05 | sleep.weights.plasticity       | INFO  | Hard-clipped 1 w_cons parameters to delta_max=0.1000 bound.
2026-08-12 02:23:05 | sleep.weights.plasticity       | INFO  | Hard-clipped 1 w_cons parameters to delta_max=0.1000 bound.
2026-08-12 02:23:05 | sleep.weights.plasticity       | INFO  | Hard-clipped 1 w_cons parameters to delta_max=0.1000 bound.
2026-08-12 02:23:05 | sleep.weights.plasticity       | INFO  | Hard-clipped 1 w_cons parameters to delta_max=0.1000 bound.
2026-08-12 02:23:05 | sleep.weights.plasticity       | INFO  | Hard-clipped 1 w_cons parameters to delta_max=0.1000 bound.
2026-08-12 02:23:05 | sleep.weights.plasticity       | INFO  | Hard-clipped 2 w_cons parameters to delta_max=0.1000 bound.
2026-08-12 02:23:06 | sleep.weights.plasticity       | INFO  | Hard-clipped 2 w_cons parameters to delta_max=0.1000 bound.
2026-08-12 02:23:06 | sleep.weights.plasticity       | INFO  | Hard-clipped 2 w_cons parameters to delta_max=0.1000 bound.
2026-08-12 02:23:06 | sleep.weights.plasticity       | INFO  | Hard-clipped 2 w_cons parameters to delta_max=0.1000 bound.
2026-08-12 02:23:06 | sleep.weights.plasticity       | INFO  | Hard-clipped 2 w_cons parameters to delta_max=0.1000 bound.
2026-08-12 02:23:06 | sleep.weights.plasticity       | INFO  | Hard-clipped 2 w_cons parameters to delta_max=0.1000 bound.
2026-08-12 02:23:06 | sleep.weights.plasticity       | INFO  | Hard-clipped 2 w_cons parameters to delta_max=0.1000 bound.
2026-08-12 02:23:07 | sleep.weights.plasticity       | INFO  | Hard-clipped 2 w_cons parameters to delta_max=0.1000 bound.
2026-08-12 02:23:07 | sleep.weights.plasticity       | INFO  | Hard-clipped 2 w_cons parameters to delta_max=0.1000 bound.
2026-08-12 02:23:07 | sleep.weights.plasticity       | INFO  | Hard-clipped 2 w_cons parameters to delta_max=0.1000 bound.
2026-08-12 02:23:07 | sleep.weights.plasticity       | INFO  | Hard-clipped 2 w_cons parameters to delta_max=0.1000 bound.
2026-08-12 02:23:07 | sleep.weights.plasticity       | INFO  | Hard-clipped 2 w_cons parameters to delta_max=0.1000 bound.
2026-08-12 02:23:07 | sleep.weights.plasticity       | INFO  | Hard-clipped 2 w_cons parameters to delta_max=0.1000 bound.
2026-08-12 02:23:07 | sleep.weights.plasticity       | INFO  | Hard-clipped 2 w_cons parameters to delta_max=0.1000 bound.
2026-08-12 02:23:08 | sleep.weights.plasticity       | INFO  | Hard-clipped 2 w_cons parameters to delta_max=0.1000 bound.
2026-08-12 02:23:08 | sleep.weights.plasticity       | INFO  | Hard-clipped 2 w_cons parameters to delta_max=0.1000 bound.
2026-08-12 02:23:08 | sleep.weights.plasticity       | INFO  | Hard-clipped 2 w_cons parameters to delta_max=0.1000 bound.
2026-08-12 02:23:08 | sleep.weights.plasticity       | INFO  | Hard-clipped 2 w_cons parameters to delta_max=0.1000 bound.
2026-08-12 02:23:08 | sleep.weights.plasticity       | INFO  | Hard-clipped 2 w_cons parameters to delta_max=0.1000 bound.
2026-08-12 02:23:08 | sleep.weights.plasticity       | INFO  | Hard-clipped 2 w_cons parameters to delta_max=0.1000 bound.
2026-08-12 02:23:09 | sleep.weights.plasticity       | INFO  | Hard-clipped 2 w_cons parameters to delta_max=0.1000 bound.
2026-08-12 02:23:09 | sleep.weights.plasticity       | INFO  | Hard-clipped 2 w_cons parameters to delta_max=0.1000 bound.
2026-08-12 02:23:09 | sleep.weights.plasticity       | INFO  | Hard-clipped 2 w_cons parameters to delta_max=0.1000 bound.
2026-08-12 02:23:09 | sleep.weights.plasticity       | INFO  | Hard-clipped 2 w_cons parameters to delta_max=0.1000 bound.
2026-08-12 02:23:09 | sleep.weights.plasticity       | INFO  | Hard-clipped 2 w_cons parameters to delta_max=0.1000 bound.
2026-08-12 02:23:09 | sleep.weights.plasticity       | INFO  | Hard-clipped 2 w_cons parameters to delta_max=0.1000 bound.
2026-08-12 02:23:10 | sleep.weights.plasticity       | INFO  | Hard-clipped 2 w_cons parameters to delta_max=0.1000 bound.
2026-08-12 02:23:10 | sleep.weights.plasticity       | INFO  | Hard-clipped 2 w_cons parameters to delta_max=0.1000 bound.
2026-08-12 02:23:10 | sleep.weights.plasticity       | INFO  | Hard-clipped 2 w_cons parameters to delta_max=0.1000 bound.
2026-08-12 02:23:10 | sleep.weights.plasticity       | INFO  | Hard-clipped 2 w_cons parameters to delta_max=0.1000 bound.
2026-08-12 02:23:10 | sleep.weights.plasticity       | INFO  | Hard-clipped 2 w_cons parameters to delta_max=0.1000 bound.
2026-08-12 02:23:10 | sleep.sleep_engine.train       | INFO  |   distill step 160/400 | loss=0.4496 (kl=0.2565 ce=0.3861) | lr=7.50e-05
2026-08-12 02:23:10 | sleep.weights.plasticity       | INFO  | Hard-clipped 2 w_cons parameters to delta_max=0.1000 bound.
2026-08-12 02:23:11 | sleep.weights.plasticity       | INFO  | Hard-clipped 2 w_cons parameters to delta_max=0.1000 bound.
2026-08-12 02:23:11 | sleep.weights.plasticity       | INFO  | Hard-clipped 2 w_cons parameters to delta_max=0.1000 bound.
2026-08-12 02:23:11 | sleep.weights.plasticity       | INFO  | Hard-clipped 2 w_cons parameters to delta_max=0.1000 bound.
2026-08-12 02:23:11 | sleep.weights.plasticity       | INFO  | Hard-clipped 2 w_cons parameters to delta_max=0.1000 bound.
2026-08-12 02:23:11 | sleep.weights.plasticity       | INFO  | Hard-clipped 2 w_cons parameters to delta_max=0.1000 bound.
2026-08-12 02:23:11 | sleep.weights.plasticity       | INFO  | Hard-clipped 2 w_cons parameters to delta_max=0.1000 bound.
2026-08-12 02:23:12 | sleep.weights.plasticity       | INFO  | Hard-clipped 2 w_cons parameters to delta_max=0.1000 bound.
2026-08-12 02:23:12 | sleep.weights.plasticity       | INFO  | Hard-clipped 2 w_cons parameters to delta_max=0.1000 bound.
2026-08-12 02:23:12 | sleep.weights.plasticity       | INFO  | Hard-clipped 2 w_cons parameters to delta_max=0.1000 bound.
2026-08-12 02:23:12 | sleep.weights.plasticity       | INFO  | Hard-clipped 2 w_cons parameters to delta_max=0.1000 bound.
2026-08-12 02:23:12 | sleep.weights.plasticity       | INFO  | Hard-clipped 2 w_cons parameters to delta_max=0.1000 bound.
2026-08-12 02:23:12 | sleep.weights.plasticity       | INFO  | Hard-clipped 2 w_cons parameters to delta_max=0.1000 bound.
2026-08-12 02:23:12 | sleep.weights.plasticity       | INFO  | Hard-clipped 2 w_cons parameters to delta_max=0.1000 bound.
2026-08-12 02:23:13 | sleep.weights.plasticity       | INFO  | Hard-clipped 2 w_cons parameters to delta_max=0.1000 bound.
2026-08-12 02:23:13 | sleep.weights.plasticity       | INFO  | Hard-clipped 2 w_cons parameters to delta_max=0.1000 bound.
2026-08-12 02:23:13 | sleep.weights.plasticity       | INFO  | Hard-clipped 2 w_cons parameters to delta_max=0.1000 bound.
2026-08-12 02:23:13 | sleep.weights.plasticity       | INFO  | Hard-clipped 2 w_cons parameters to delta_max=0.1000 bound.
2026-08-12 02:23:13 | sleep.weights.plasticity       | INFO  | Hard-clipped 2 w_cons parameters to delta_max=0.1000 bound.
2026-08-12 02:23:13 | sleep.weights.plasticity       | INFO  | Hard-clipped 3 w_cons parameters to delta_max=0.1000 bound.
2026-08-12 02:23:14 | sleep.weights.plasticity       | INFO  | Hard-clipped 3 w_cons parameters to delta_max=0.1000 bound.
2026-08-12 02:23:14 | sleep.weights.plasticity       | INFO  | Hard-clipped 3 w_cons parameters to delta_max=0.1000 bound.
2026-08-12 02:23:14 | sleep.weights.plasticity       | INFO  | Hard-clipped 3 w_cons parameters to delta_max=0.1000 bound.
2026-08-12 02:23:14 | sleep.weights.plasticity       | INFO  | Hard-clipped 3 w_cons parameters to delta_max=0.1000 bound.
2026-08-12 02:23:14 | sleep.weights.plasticity       | INFO  | Hard-clipped 3 w_cons parameters to delta_max=0.1000 bound.
2026-08-12 02:23:14 | sleep.weights.plasticity       | INFO  | Hard-clipped 3 w_cons parameters to delta_max=0.1000 bound.
2026-08-12 02:23:14 | sleep.weights.plasticity       | INFO  | Hard-clipped 3 w_cons parameters to delta_max=0.1000 bound.
2026-08-12 02:23:15 | sleep.weights.plasticity       | INFO  | Hard-clipped 3 w_cons parameters to delta_max=0.1000 bound.
2026-08-12 02:23:15 | sleep.weights.plasticity       | INFO  | Hard-clipped 3 w_cons parameters to delta_max=0.1000 bound.
2026-08-12 02:23:15 | sleep.weights.plasticity       | INFO  | Hard-clipped 3 w_cons parameters to delta_max=0.1000 bound.
2026-08-12 02:23:15 | sleep.weights.plasticity       | INFO  | Hard-clipped 3 w_cons parameters to delta_max=0.1000 bound.
2026-08-12 02:23:15 | sleep.weights.plasticity       | INFO  | Hard-clipped 3 w_cons parameters to delta_max=0.1000 bound.
2026-08-12 02:23:15 | sleep.weights.plasticity       | INFO  | Hard-clipped 3 w_cons parameters to delta_max=0.1000 bound.
2026-08-12 02:23:16 | sleep.weights.plasticity       | INFO  | Hard-clipped 3 w_cons parameters to delta_max=0.1000 bound.
2026-08-12 02:23:16 | sleep.weights.plasticity       | INFO  | Hard-clipped 3 w_cons parameters to delta_max=0.1000 bound.
2026-08-12 02:23:16 | sleep.weights.plasticity       | INFO  | Hard-clipped 3 w_cons parameters to delta_max=0.1000 bound.
2026-08-12 02:23:16 | sleep.weights.plasticity       | INFO  | Hard-clipped 3 w_cons parameters to delta_max=0.1000 bound.
2026-08-12 02:23:16 | sleep.weights.plasticity       | INFO  | Hard-clipped 3 w_cons parameters to delta_max=0.1000 bound.
2026-08-12 02:23:16 | sleep.weights.plasticity       | INFO  | Hard-clipped 3 w_cons parameters to delta_max=0.1000 bound.
2026-08-12 02:23:17 | sleep.weights.plasticity       | INFO  | Hard-clipped 3 w_cons parameters to delta_max=0.1000 bound.
2026-08-12 02:23:17 | sleep.sleep_engine.train       | INFO  |   distill step 200/400 | loss=0.6269 (kl=0.4571 ce=0.3396) | lr=5.87e-05
2026-08-12 02:23:17 | sleep.weights.plasticity       | INFO  | Hard-clipped 3 w_cons parameters to delta_max=0.1000 bound.
2026-08-12 02:23:17 | sleep.weights.plasticity       | INFO  | Hard-clipped 3 w_cons parameters to delta_max=0.1000 bound.
2026-08-12 02:23:17 | sleep.weights.plasticity       | INFO  | Hard-clipped 4 w_cons parameters to delta_max=0.1000 bound.
2026-08-12 02:23:17 | sleep.weights.plasticity       | INFO  | Hard-clipped 4 w_cons parameters to delta_max=0.1000 bound.
2026-08-12 02:23:17 | sleep.weights.plasticity       | INFO  | Hard-clipped 4 w_cons parameters to delta_max=0.1000 bound.
2026-08-12 02:23:18 | sleep.weights.plasticity       | INFO  | Hard-clipped 4 w_cons parameters to delta_max=0.1000 bound.
2026-08-12 02:23:18 | sleep.weights.plasticity       | INFO  | Hard-clipped 4 w_cons parameters to delta_max=0.1000 bound.
2026-08-12 02:23:18 | sleep.weights.plasticity       | INFO  | Hard-clipped 4 w_cons parameters to delta_max=0.1000 bound.
2026-08-12 02:23:18 | sleep.weights.plasticity       | INFO  | Hard-clipped 4 w_cons parameters to delta_max=0.1000 bound.
2026-08-12 02:23:18 | sleep.weights.plasticity       | INFO  | Hard-clipped 4 w_cons parameters to delta_max=0.1000 bound.
2026-08-12 02:23:18 | sleep.weights.plasticity       | INFO  | Hard-clipped 4 w_cons parameters to delta_max=0.1000 bound.
2026-08-12 02:23:18 | sleep.weights.plasticity       | INFO  | Hard-clipped 4 w_cons parameters to delta_max=0.1000 bound.
2026-08-12 02:23:19 | sleep.weights.plasticity       | INFO  | Hard-clipped 4 w_cons parameters to delta_max=0.1000 bound.
2026-08-12 02:23:19 | sleep.weights.plasticity       | INFO  | Hard-clipped 4 w_cons parameters to delta_max=0.1000 bound.
2026-08-12 02:23:19 | sleep.weights.plasticity       | INFO  | Hard-clipped 4 w_cons parameters to delta_max=0.1000 bound.
2026-08-12 02:23:19 | sleep.weights.plasticity       | INFO  | Hard-clipped 4 w_cons parameters to delta_max=0.1000 bound.
2026-08-12 02:23:19 | sleep.weights.plasticity       | INFO  | Hard-clipped 4 w_cons parameters to delta_max=0.1000 bound.
2026-08-12 02:23:19 | sleep.weights.plasticity       | INFO  | Hard-clipped 4 w_cons parameters to delta_max=0.1000 bound.
2026-08-12 02:23:20 | sleep.weights.plasticity       | INFO  | Hard-clipped 4 w_cons parameters to delta_max=0.1000 bound.
2026-08-12 02:23:20 | sleep.weights.plasticity       | INFO  | Hard-clipped 4 w_cons parameters to delta_max=0.1000 bound.
2026-08-12 02:23:20 | sleep.weights.plasticity       | INFO  | Hard-clipped 4 w_cons parameters to delta_max=0.1000 bound.
2026-08-12 02:23:20 | sleep.weights.plasticity       | INFO  | Hard-clipped 4 w_cons parameters to delta_max=0.1000 bound.
2026-08-12 02:23:20 | sleep.weights.plasticity       | INFO  | Hard-clipped 4 w_cons parameters to delta_max=0.1000 bound.
2026-08-12 02:23:20 | sleep.weights.plasticity       | INFO  | Hard-clipped 4 w_cons parameters to delta_max=0.1000 bound.
2026-08-12 02:23:21 | sleep.weights.plasticity       | INFO  | Hard-clipped 4 w_cons parameters to delta_max=0.1000 bound.
2026-08-12 02:23:21 | sleep.weights.plasticity       | INFO  | Hard-clipped 4 w_cons parameters to delta_max=0.1000 bound.
2026-08-12 02:23:21 | sleep.weights.plasticity       | INFO  | Hard-clipped 4 w_cons parameters to delta_max=0.1000 bound.
2026-08-12 02:23:21 | sleep.weights.plasticity       | INFO  | Hard-clipped 4 w_cons parameters to delta_max=0.1000 bound.
2026-08-12 02:23:21 | sleep.weights.plasticity       | INFO  | Hard-clipped 4 w_cons parameters to delta_max=0.1000 bound.
2026-08-12 02:23:22 | sleep.weights.plasticity       | INFO  | Hard-clipped 4 w_cons parameters to delta_max=0.1000 bound.
2026-08-12 02:23:22 | sleep.weights.plasticity       | INFO  | Hard-clipped 3 w_cons parameters to delta_max=0.1000 bound.
2026-08-12 02:23:22 | sleep.weights.plasticity       | INFO  | Hard-clipped 4 w_cons parameters to delta_max=0.1000 bound.
2026-08-12 02:23:22 | sleep.weights.plasticity       | INFO  | Hard-clipped 4 w_cons parameters to delta_max=0.1000 bound.
2026-08-12 02:23:22 | sleep.weights.plasticity       | INFO  | Hard-clipped 4 w_cons parameters to delta_max=0.1000 bound.
2026-08-12 02:23:22 | sleep.weights.plasticity       | INFO  | Hard-clipped 4 w_cons parameters to delta_max=0.1000 bound.
2026-08-12 02:23:22 | sleep.weights.plasticity       | INFO  | Hard-clipped 4 w_cons parameters to delta_max=0.1000 bound.
2026-08-12 02:23:23 | sleep.weights.plasticity       | INFO  | Hard-clipped 4 w_cons parameters to delta_max=0.1000 bound.
2026-08-12 02:23:23 | sleep.weights.plasticity       | INFO  | Hard-clipped 4 w_cons parameters to delta_max=0.1000 bound.
2026-08-12 02:23:23 | sleep.weights.plasticity       | INFO  | Hard-clipped 4 w_cons parameters to delta_max=0.1000 bound.
2026-08-12 02:23:23 | sleep.weights.plasticity       | INFO  | Hard-clipped 4 w_cons parameters to delta_max=0.1000 bound.
2026-08-12 02:23:23 | sleep.sleep_engine.train       | INFO  |   distill step 240/400 | loss=0.4918 (kl=0.2954 ce=0.3928) | lr=4.13e-05
2026-08-12 02:23:23 | sleep.weights.plasticity       | INFO  | Hard-clipped 4 w_cons parameters to delta_max=0.1000 bound.
2026-08-12 02:23:23 | sleep.weights.plasticity       | INFO  | Hard-clipped 4 w_cons parameters to delta_max=0.1000 bound.
2026-08-12 02:23:24 | sleep.weights.plasticity       | INFO  | Hard-clipped 4 w_cons parameters to delta_max=0.1000 bound.
2026-08-12 02:23:24 | sleep.weights.plasticity       | INFO  | Hard-clipped 4 w_cons parameters to delta_max=0.1000 bound.
2026-08-12 02:23:24 | sleep.weights.plasticity       | INFO  | Hard-clipped 4 w_cons parameters to delta_max=0.1000 bound.
2026-08-12 02:23:24 | sleep.weights.plasticity       | INFO  | Hard-clipped 4 w_cons parameters to delta_max=0.1000 bound.
2026-08-12 02:23:24 | sleep.weights.plasticity       | INFO  | Hard-clipped 4 w_cons parameters to delta_max=0.1000 bound.
2026-08-12 02:23:24 | sleep.weights.plasticity       | INFO  | Hard-clipped 4 w_cons parameters to delta_max=0.1000 bound.
2026-08-12 02:23:25 | sleep.weights.plasticity       | INFO  | Hard-clipped 4 w_cons parameters to delta_max=0.1000 bound.
2026-08-12 02:23:25 | sleep.weights.plasticity       | INFO  | Hard-clipped 4 w_cons parameters to delta_max=0.1000 bound.
2026-08-12 02:23:25 | sleep.weights.plasticity       | INFO  | Hard-clipped 4 w_cons parameters to delta_max=0.1000 bound.
2026-08-12 02:23:25 | sleep.weights.plasticity       | INFO  | Hard-clipped 4 w_cons parameters to delta_max=0.1000 bound.
2026-08-12 02:23:25 | sleep.weights.plasticity       | INFO  | Hard-clipped 4 w_cons parameters to delta_max=0.1000 bound.
2026-08-12 02:23:25 | sleep.weights.plasticity       | INFO  | Hard-clipped 4 w_cons parameters to delta_max=0.1000 bound.
2026-08-12 02:23:26 | sleep.weights.plasticity       | INFO  | Hard-clipped 4 w_cons parameters to delta_max=0.1000 bound.
2026-08-12 02:23:26 | sleep.weights.plasticity       | INFO  | Hard-clipped 4 w_cons parameters to delta_max=0.1000 bound.
2026-08-12 02:23:26 | sleep.weights.plasticity       | INFO  | Hard-clipped 4 w_cons parameters to delta_max=0.1000 bound.
2026-08-12 02:23:26 | sleep.weights.plasticity       | INFO  | Hard-clipped 4 w_cons parameters to delta_max=0.1000 bound.
2026-08-12 02:23:26 | sleep.weights.plasticity       | INFO  | Hard-clipped 4 w_cons parameters to delta_max=0.1000 bound.
2026-08-12 02:23:26 | sleep.weights.plasticity       | INFO  | Hard-clipped 4 w_cons parameters to delta_max=0.1000 bound.
2026-08-12 02:23:26 | sleep.weights.plasticity       | INFO  | Hard-clipped 4 w_cons parameters to delta_max=0.1000 bound.
2026-08-12 02:23:27 | sleep.weights.plasticity       | INFO  | Hard-clipped 4 w_cons parameters to delta_max=0.1000 bound.
2026-08-12 02:23:27 | sleep.weights.plasticity       | INFO  | Hard-clipped 4 w_cons parameters to delta_max=0.1000 bound.
2026-08-12 02:23:27 | sleep.weights.plasticity       | INFO  | Hard-clipped 4 w_cons parameters to delta_max=0.1000 bound.
2026-08-12 02:23:27 | sleep.weights.plasticity       | INFO  | Hard-clipped 4 w_cons parameters to delta_max=0.1000 bound.
2026-08-12 02:23:27 | sleep.weights.plasticity       | INFO  | Hard-clipped 4 w_cons parameters to delta_max=0.1000 bound.
2026-08-12 02:23:27 | sleep.weights.plasticity       | INFO  | Hard-clipped 4 w_cons parameters to delta_max=0.1000 bound.
2026-08-12 02:23:28 | sleep.weights.plasticity       | INFO  | Hard-clipped 4 w_cons parameters to delta_max=0.1000 bound.
2026-08-12 02:23:28 | sleep.weights.plasticity       | INFO  | Hard-clipped 4 w_cons parameters to delta_max=0.1000 bound.
2026-08-12 02:23:28 | sleep.weights.plasticity       | INFO  | Hard-clipped 4 w_cons parameters to delta_max=0.1000 bound.
2026-08-12 02:23:28 | sleep.weights.plasticity       | INFO  | Hard-clipped 4 w_cons parameters to delta_max=0.1000 bound.
2026-08-12 02:23:28 | sleep.weights.plasticity       | INFO  | Hard-clipped 4 w_cons parameters to delta_max=0.1000 bound.
2026-08-12 02:23:28 | sleep.weights.plasticity       | INFO  | Hard-clipped 4 w_cons parameters to delta_max=0.1000 bound.
2026-08-12 02:23:29 | sleep.weights.plasticity       | INFO  | Hard-clipped 4 w_cons parameters to delta_max=0.1000 bound.
2026-08-12 02:23:29 | sleep.weights.plasticity       | INFO  | Hard-clipped 4 w_cons parameters to delta_max=0.1000 bound.
2026-08-12 02:23:29 | sleep.weights.plasticity       | INFO  | Hard-clipped 4 w_cons parameters to delta_max=0.1000 bound.
2026-08-12 02:23:29 | sleep.weights.plasticity       | INFO  | Hard-clipped 4 w_cons parameters to delta_max=0.1000 bound.
2026-08-12 02:23:29 | sleep.weights.plasticity       | INFO  | Hard-clipped 4 w_cons parameters to delta_max=0.1000 bound.
2026-08-12 02:23:29 | sleep.weights.plasticity       | INFO  | Hard-clipped 4 w_cons parameters to delta_max=0.1000 bound.
2026-08-12 02:23:30 | sleep.weights.plasticity       | INFO  | Hard-clipped 4 w_cons parameters to delta_max=0.1000 bound.
2026-08-12 02:23:30 | sleep.sleep_engine.train       | INFO  |   distill step 280/400 | loss=0.4683 (kl=0.3347 ce=0.2673) | lr=2.50e-05
2026-08-12 02:23:30 | sleep.weights.plasticity       | INFO  | Hard-clipped 4 w_cons parameters to delta_max=0.1000 bound.
2026-08-12 02:23:30 | sleep.weights.plasticity       | INFO  | Hard-clipped 4 w_cons parameters to delta_max=0.1000 bound.
2026-08-12 02:23:30 | sleep.weights.plasticity       | INFO  | Hard-clipped 4 w_cons parameters to delta_max=0.1000 bound.
2026-08-12 02:23:30 | sleep.weights.plasticity       | INFO  | Hard-clipped 4 w_cons parameters to delta_max=0.1000 bound.
2026-08-12 02:23:30 | sleep.weights.plasticity       | INFO  | Hard-clipped 4 w_cons parameters to delta_max=0.1000 bound.
2026-08-12 02:23:31 | sleep.weights.plasticity       | INFO  | Hard-clipped 4 w_cons parameters to delta_max=0.1000 bound.
2026-08-12 02:23:31 | sleep.weights.plasticity       | INFO  | Hard-clipped 4 w_cons parameters to delta_max=0.1000 bound.
2026-08-12 02:23:31 | sleep.weights.plasticity       | INFO  | Hard-clipped 4 w_cons parameters to delta_max=0.1000 bound.
2026-08-12 02:23:31 | sleep.weights.plasticity       | INFO  | Hard-clipped 4 w_cons parameters to delta_max=0.1000 bound.
2026-08-12 02:23:31 | sleep.weights.plasticity       | INFO  | Hard-clipped 4 w_cons parameters to delta_max=0.1000 bound.
2026-08-12 02:23:31 | sleep.weights.plasticity       | INFO  | Hard-clipped 4 w_cons parameters to delta_max=0.1000 bound.
2026-08-12 02:23:32 | sleep.weights.plasticity       | INFO  | Hard-clipped 4 w_cons parameters to delta_max=0.1000 bound.
2026-08-12 02:23:32 | sleep.weights.plasticity       | INFO  | Hard-clipped 4 w_cons parameters to delta_max=0.1000 bound.
2026-08-12 02:23:32 | sleep.weights.plasticity       | INFO  | Hard-clipped 4 w_cons parameters to delta_max=0.1000 bound.
2026-08-12 02:23:32 | sleep.weights.plasticity       | INFO  | Hard-clipped 4 w_cons parameters to delta_max=0.1000 bound.
2026-08-12 02:23:32 | sleep.weights.plasticity       | INFO  | Hard-clipped 4 w_cons parameters to delta_max=0.1000 bound.
2026-08-12 02:23:32 | sleep.weights.plasticity       | INFO  | Hard-clipped 4 w_cons parameters to delta_max=0.1000 bound.
2026-08-12 02:23:32 | sleep.weights.plasticity       | INFO  | Hard-clipped 4 w_cons parameters to delta_max=0.1000 bound.
2026-08-12 02:23:33 | sleep.weights.plasticity       | INFO  | Hard-clipped 4 w_cons parameters to delta_max=0.1000 bound.
2026-08-12 02:23:33 | sleep.weights.plasticity       | INFO  | Hard-clipped 4 w_cons parameters to delta_max=0.1000 bound.
2026-08-12 02:23:33 | sleep.weights.plasticity       | INFO  | Hard-clipped 4 w_cons parameters to delta_max=0.1000 bound.
2026-08-12 02:23:33 | sleep.weights.plasticity       | INFO  | Hard-clipped 4 w_cons parameters to delta_max=0.1000 bound.
2026-08-12 02:23:33 | sleep.weights.plasticity       | INFO  | Hard-clipped 4 w_cons parameters to delta_max=0.1000 bound.
2026-08-12 02:23:33 | sleep.weights.plasticity       | INFO  | Hard-clipped 4 w_cons parameters to delta_max=0.1000 bound.
2026-08-12 02:23:34 | sleep.weights.plasticity       | INFO  | Hard-clipped 4 w_cons parameters to delta_max=0.1000 bound.
2026-08-12 02:23:34 | sleep.weights.plasticity       | INFO  | Hard-clipped 4 w_cons parameters to delta_max=0.1000 bound.
2026-08-12 02:23:34 | sleep.weights.plasticity       | INFO  | Hard-clipped 4 w_cons parameters to delta_max=0.1000 bound.
2026-08-12 02:23:34 | sleep.weights.plasticity       | INFO  | Hard-clipped 4 w_cons parameters to delta_max=0.1000 bound.
2026-08-12 02:23:34 | sleep.weights.plasticity       | INFO  | Hard-clipped 4 w_cons parameters to delta_max=0.1000 bound.
2026-08-12 02:23:34 | sleep.weights.plasticity       | INFO  | Hard-clipped 4 w_cons parameters to delta_max=0.1000 bound.
2026-08-12 02:23:35 | sleep.weights.plasticity       | INFO  | Hard-clipped 4 w_cons parameters to delta_max=0.1000 bound.
2026-08-12 02:23:35 | sleep.weights.plasticity       | INFO  | Hard-clipped 4 w_cons parameters to delta_max=0.1000 bound.
2026-08-12 02:23:35 | sleep.weights.plasticity       | INFO  | Hard-clipped 4 w_cons parameters to delta_max=0.1000 bound.
2026-08-12 02:23:35 | sleep.weights.plasticity       | INFO  | Hard-clipped 4 w_cons parameters to delta_max=0.1000 bound.
2026-08-12 02:23:35 | sleep.weights.plasticity       | INFO  | Hard-clipped 4 w_cons parameters to delta_max=0.1000 bound.
2026-08-12 02:23:35 | sleep.weights.plasticity       | INFO  | Hard-clipped 4 w_cons parameters to delta_max=0.1000 bound.
2026-08-12 02:23:35 | sleep.weights.plasticity       | INFO  | Hard-clipped 4 w_cons parameters to delta_max=0.1000 bound.
2026-08-12 02:23:36 | sleep.weights.plasticity       | INFO  | Hard-clipped 4 w_cons parameters to delta_max=0.1000 bound.
2026-08-12 02:23:36 | sleep.weights.plasticity       | INFO  | Hard-clipped 4 w_cons parameters to delta_max=0.1000 bound.
2026-08-12 02:23:36 | sleep.weights.plasticity       | INFO  | Hard-clipped 4 w_cons parameters to delta_max=0.1000 bound.
2026-08-12 02:23:36 | sleep.sleep_engine.train       | INFO  |   distill step 320/400 | loss=0.4447 (kl=0.2649 ce=0.3594) | lr=1.17e-05
2026-08-12 02:23:36 | sleep.weights.plasticity       | INFO  | Hard-clipped 4 w_cons parameters to delta_max=0.1000 bound.
2026-08-12 02:23:36 | sleep.weights.plasticity       | INFO  | Hard-clipped 4 w_cons parameters to delta_max=0.1000 bound.
2026-08-12 02:23:36 | sleep.weights.plasticity       | INFO  | Hard-clipped 4 w_cons parameters to delta_max=0.1000 bound.
2026-08-12 02:23:37 | sleep.weights.plasticity       | INFO  | Hard-clipped 4 w_cons parameters to delta_max=0.1000 bound.
2026-08-12 02:23:37 | sleep.weights.plasticity       | INFO  | Hard-clipped 4 w_cons parameters to delta_max=0.1000 bound.
2026-08-12 02:23:37 | sleep.weights.plasticity       | INFO  | Hard-clipped 4 w_cons parameters to delta_max=0.1000 bound.
2026-08-12 02:23:37 | sleep.weights.plasticity       | INFO  | Hard-clipped 4 w_cons parameters to delta_max=0.1000 bound.
2026-08-12 02:23:37 | sleep.weights.plasticity       | INFO  | Hard-clipped 4 w_cons parameters to delta_max=0.1000 bound.
2026-08-12 02:23:37 | sleep.weights.plasticity       | INFO  | Hard-clipped 4 w_cons parameters to delta_max=0.1000 bound.
2026-08-12 02:23:38 | sleep.weights.plasticity       | INFO  | Hard-clipped 4 w_cons parameters to delta_max=0.1000 bound.
2026-08-12 02:23:38 | sleep.weights.plasticity       | INFO  | Hard-clipped 4 w_cons parameters to delta_max=0.1000 bound.
2026-08-12 02:23:38 | sleep.weights.plasticity       | INFO  | Hard-clipped 4 w_cons parameters to delta_max=0.1000 bound.
2026-08-12 02:23:38 | sleep.weights.plasticity       | INFO  | Hard-clipped 4 w_cons parameters to delta_max=0.1000 bound.
2026-08-12 02:23:38 | sleep.weights.plasticity       | INFO  | Hard-clipped 4 w_cons parameters to delta_max=0.1000 bound.
2026-08-12 02:23:38 | sleep.weights.plasticity       | INFO  | Hard-clipped 4 w_cons parameters to delta_max=0.1000 bound.
2026-08-12 02:23:39 | sleep.weights.plasticity       | INFO  | Hard-clipped 4 w_cons parameters to delta_max=0.1000 bound.
2026-08-12 02:23:39 | sleep.weights.plasticity       | INFO  | Hard-clipped 4 w_cons parameters to delta_max=0.1000 bound.
2026-08-12 02:23:39 | sleep.weights.plasticity       | INFO  | Hard-clipped 4 w_cons parameters to delta_max=0.1000 bound.
2026-08-12 02:23:39 | sleep.weights.plasticity       | INFO  | Hard-clipped 4 w_cons parameters to delta_max=0.1000 bound.
2026-08-12 02:23:39 | sleep.weights.plasticity       | INFO  | Hard-clipped 4 w_cons parameters to delta_max=0.1000 bound.
2026-08-12 02:23:39 | sleep.weights.plasticity       | INFO  | Hard-clipped 4 w_cons parameters to delta_max=0.1000 bound.
2026-08-12 02:23:39 | sleep.weights.plasticity       | INFO  | Hard-clipped 4 w_cons parameters to delta_max=0.1000 bound.
2026-08-12 02:23:40 | sleep.weights.plasticity       | INFO  | Hard-clipped 4 w_cons parameters to delta_max=0.1000 bound.
2026-08-12 02:23:40 | sleep.weights.plasticity       | INFO  | Hard-clipped 4 w_cons parameters to delta_max=0.1000 bound.
2026-08-12 02:23:40 | sleep.weights.plasticity       | INFO  | Hard-clipped 3 w_cons parameters to delta_max=0.1000 bound.
2026-08-12 02:23:40 | sleep.weights.plasticity       | INFO  | Hard-clipped 4 w_cons parameters to delta_max=0.1000 bound.
2026-08-12 02:23:40 | sleep.weights.plasticity       | INFO  | Hard-clipped 4 w_cons parameters to delta_max=0.1000 bound.
2026-08-12 02:23:40 | sleep.weights.plasticity       | INFO  | Hard-clipped 4 w_cons parameters to delta_max=0.1000 bound.
2026-08-12 02:23:41 | sleep.weights.plasticity       | INFO  | Hard-clipped 4 w_cons parameters to delta_max=0.1000 bound.
2026-08-12 02:23:41 | sleep.weights.plasticity       | INFO  | Hard-clipped 4 w_cons parameters to delta_max=0.1000 bound.
2026-08-12 02:23:41 | sleep.weights.plasticity       | INFO  | Hard-clipped 4 w_cons parameters to delta_max=0.1000 bound.
2026-08-12 02:23:41 | sleep.weights.plasticity       | INFO  | Hard-clipped 3 w_cons parameters to delta_max=0.1000 bound.
2026-08-12 02:23:41 | sleep.weights.plasticity       | INFO  | Hard-clipped 4 w_cons parameters to delta_max=0.1000 bound.
2026-08-12 02:23:41 | sleep.weights.plasticity       | INFO  | Hard-clipped 4 w_cons parameters to delta_max=0.1000 bound.
2026-08-12 02:23:41 | sleep.weights.plasticity       | INFO  | Hard-clipped 4 w_cons parameters to delta_max=0.1000 bound.
2026-08-12 02:23:42 | sleep.weights.plasticity       | INFO  | Hard-clipped 4 w_cons parameters to delta_max=0.1000 bound.
2026-08-12 02:23:42 | sleep.weights.plasticity       | INFO  | Hard-clipped 4 w_cons parameters to delta_max=0.1000 bound.
2026-08-12 02:23:42 | sleep.weights.plasticity       | INFO  | Hard-clipped 4 w_cons parameters to delta_max=0.1000 bound.
2026-08-12 02:23:42 | sleep.weights.plasticity       | INFO  | Hard-clipped 4 w_cons parameters to delta_max=0.1000 bound.
2026-08-12 02:23:42 | sleep.weights.plasticity       | INFO  | Hard-clipped 4 w_cons parameters to delta_max=0.1000 bound.
2026-08-12 02:23:42 | sleep.sleep_engine.train       | INFO  |   distill step 360/400 | loss=0.4785 (kl=0.2921 ce=0.3729) | lr=3.02e-06
2026-08-12 02:23:42 | sleep.weights.plasticity       | INFO  | Hard-clipped 3 w_cons parameters to delta_max=0.1000 bound.
2026-08-12 02:23:43 | sleep.weights.plasticity       | INFO  | Hard-clipped 3 w_cons parameters to delta_max=0.1000 bound.
2026-08-12 02:23:43 | sleep.weights.plasticity       | INFO  | Hard-clipped 3 w_cons parameters to delta_max=0.1000 bound.
2026-08-12 02:23:43 | sleep.weights.plasticity       | INFO  | Hard-clipped 3 w_cons parameters to delta_max=0.1000 bound.
2026-08-12 02:23:43 | sleep.weights.plasticity       | INFO  | Hard-clipped 3 w_cons parameters to delta_max=0.1000 bound.
2026-08-12 02:23:43 | sleep.weights.plasticity       | INFO  | Hard-clipped 3 w_cons parameters to delta_max=0.1000 bound.
2026-08-12 02:23:43 | sleep.weights.plasticity       | INFO  | Hard-clipped 3 w_cons parameters to delta_max=0.1000 bound.
2026-08-12 02:23:44 | sleep.weights.plasticity       | INFO  | Hard-clipped 3 w_cons parameters to delta_max=0.1000 bound.
2026-08-12 02:23:44 | sleep.weights.plasticity       | INFO  | Hard-clipped 3 w_cons parameters to delta_max=0.1000 bound.
2026-08-12 02:23:44 | sleep.weights.plasticity       | INFO  | Hard-clipped 3 w_cons parameters to delta_max=0.1000 bound.
2026-08-12 02:23:44 | sleep.weights.plasticity       | INFO  | Hard-clipped 3 w_cons parameters to delta_max=0.1000 bound.
2026-08-12 02:23:44 | sleep.weights.plasticity       | INFO  | Hard-clipped 3 w_cons parameters to delta_max=0.1000 bound.
2026-08-12 02:23:44 | sleep.weights.plasticity       | INFO  | Hard-clipped 3 w_cons parameters to delta_max=0.1000 bound.
2026-08-12 02:23:45 | sleep.weights.plasticity       | INFO  | Hard-clipped 3 w_cons parameters to delta_max=0.1000 bound.
2026-08-12 02:23:45 | sleep.weights.plasticity       | INFO  | Hard-clipped 3 w_cons parameters to delta_max=0.1000 bound.
2026-08-12 02:23:45 | sleep.weights.plasticity       | INFO  | Hard-clipped 3 w_cons parameters to delta_max=0.1000 bound.
2026-08-12 02:23:45 | sleep.weights.plasticity       | INFO  | Hard-clipped 4 w_cons parameters to delta_max=0.1000 bound.
2026-08-12 02:23:45 | sleep.weights.plasticity       | INFO  | Hard-clipped 4 w_cons parameters to delta_max=0.1000 bound.
2026-08-12 02:23:45 | sleep.weights.plasticity       | INFO  | Hard-clipped 4 w_cons parameters to delta_max=0.1000 bound.
2026-08-12 02:23:46 | sleep.weights.plasticity       | INFO  | Hard-clipped 4 w_cons parameters to delta_max=0.1000 bound.
2026-08-12 02:23:46 | sleep.weights.plasticity       | INFO  | Hard-clipped 4 w_cons parameters to delta_max=0.1000 bound.
2026-08-12 02:23:46 | sleep.weights.plasticity       | INFO  | Hard-clipped 4 w_cons parameters to delta_max=0.1000 bound.
2026-08-12 02:23:46 | sleep.weights.plasticity       | INFO  | Hard-clipped 4 w_cons parameters to delta_max=0.1000 bound.
2026-08-12 02:23:46 | sleep.weights.plasticity       | INFO  | Hard-clipped 4 w_cons parameters to delta_max=0.1000 bound.
2026-08-12 02:23:46 | sleep.weights.plasticity       | INFO  | Hard-clipped 4 w_cons parameters to delta_max=0.1000 bound.
2026-08-12 02:23:46 | sleep.weights.plasticity       | INFO  | Hard-clipped 4 w_cons parameters to delta_max=0.1000 bound.
2026-08-12 02:23:47 | sleep.weights.plasticity       | INFO  | Hard-clipped 4 w_cons parameters to delta_max=0.1000 bound.
2026-08-12 02:23:47 | sleep.weights.plasticity       | INFO  | Hard-clipped 4 w_cons parameters to delta_max=0.1000 bound.
2026-08-12 02:23:47 | sleep.weights.plasticity       | INFO  | Hard-clipped 4 w_cons parameters to delta_max=0.1000 bound.
2026-08-12 02:23:47 | sleep.weights.plasticity       | INFO  | Hard-clipped 4 w_cons parameters to delta_max=0.1000 bound.
2026-08-12 02:23:47 | sleep.weights.plasticity       | INFO  | Hard-clipped 4 w_cons parameters to delta_max=0.1000 bound.
2026-08-12 02:23:47 | sleep.weights.plasticity       | INFO  | Hard-clipped 4 w_cons parameters to delta_max=0.1000 bound.
2026-08-12 02:23:48 | sleep.weights.plasticity       | INFO  | Hard-clipped 4 w_cons parameters to delta_max=0.1000 bound.
2026-08-12 02:23:48 | sleep.weights.plasticity       | INFO  | Hard-clipped 4 w_cons parameters to delta_max=0.1000 bound.
2026-08-12 02:23:48 | sleep.weights.plasticity       | INFO  | Hard-clipped 4 w_cons parameters to delta_max=0.1000 bound.
2026-08-12 02:23:48 | sleep.weights.plasticity       | INFO  | Hard-clipped 4 w_cons parameters to delta_max=0.1000 bound.
2026-08-12 02:23:48 | sleep.weights.plasticity       | INFO  | Hard-clipped 4 w_cons parameters to delta_max=0.1000 bound.
2026-08-12 02:23:48 | sleep.weights.plasticity       | INFO  | Hard-clipped 4 w_cons parameters to delta_max=0.1000 bound.
2026-08-12 02:23:49 | sleep.weights.plasticity       | INFO  | Hard-clipped 4 w_cons parameters to delta_max=0.1000 bound.
2026-08-12 02:23:49 | sleep.weights.plasticity       | INFO  | Hard-clipped 3 w_cons parameters to delta_max=0.1000 bound.
2026-08-12 02:23:49 | sleep.sleep_engine.train       | INFO  |   distill step 400/400 | loss=0.3157 (kl=0.2474 ce=0.1366) | lr=0.00e+00
2026-08-12 02:23:49 | sleep.sleep_engine.train       | INFO  | Sleep distill-training complete | n_steps=400 | final_loss=0.3157 | mean_loss=0.6422
2026-08-12 02:23:49 | sleep.sleep_engine             | INFO  | Phase 3 complete: 400 steps, final_loss=0.3157, mean_loss=0.6422
2026-08-12 02:23:49 | sleep.sleep_engine             | INFO  | Phase 4/5: PPL CHECK (skipped — no benchmark data)
2026-08-12 02:23:49 | sleep.sleep_engine             | INFO  | Phase 5/5: VALIDATE & CLEANUP
2026-08-12 02:23:49 | sleep.weights.plasticity       | INFO  | Saved checkpoint for adapter 'w_cons': 44 parameters.
2026-08-12 02:23:49 | sleep.weights.plasticity       | INFO  | Restored 44 parameters for adapter 'w_cons' from checkpoint.
2026-08-12 02:23:49 | sleep.weights.plasticity       | INFO  | Restored 44 parameters for adapter 'w_cons' from checkpoint.
2026-08-12 02:24:00 | sleep.sleep_engine             | INFO  | Two-stage validation: 7/17 passed surprise, 7 also passed the mini-recall gate (self-grading gap = 0)
2026-08-12 02:24:00 | sleep.sleep_engine.cleanup     | INFO  | Cleanup complete | passed=7 | failed=10 | permanently_removed=0
2026-08-12 02:24:00 | sleep.sleep_engine             | INFO  | Phase 5 complete: consolidated=7, failed=10, permanently_removed=0
2026-08-12 02:24:00 | sleep.metrics                  | INFO  | summary | {'sleep_engine/n_candidates': 17, 'sleep_engine/n_replays_generated': 135, 'sleep_engine/n_replays_accepted': 135, 'sleep_engine/n_consolidated': 7, 'sleep_engine/n_failed': 10, 'sleep_engine/n_permanently_removed': 0, 'sleep_engine/rolled_back': False}
2026-08-12 02:24:00 | sleep.weights.kv_memory        | INFO  | bank cleared: freed 9 tags / 426 tokens
2026-08-12 02:24:00 | sleep.sleep_engine             | INFO  | KV bank cleared (9 entries removed)
2026-08-12 02:24:00 | sleep.sleep_engine             | INFO  | KV memory injection: ENABLED
2026-08-12 02:24:00 | sleep.sleep_engine             | INFO  | === Sleep cycle END ===
2026-08-12 02:27:11 | sleep.evaluation.recall        | INFO  | Recall evaluation: DRA=0.1333 across 100 cases
2026-08-12 02:27:48 | sleep.evaluation.recall        | INFO  | Recall evaluation: DRA=0.2667 across 20 cases
2026-08-12 02:27:48 | sleep.evaluation.preservation  | INFO  | Perplexity evaluation: PPL=5.7966 (mean_loss=1.7573, 62 tokens)
2026-08-12 02:27:48 | sleep.evaluation.preservation  | INFO  | BCP: 1.3281 (current_ppl=5.7966, original_ppl=4.3646)
2026-08-12 02:27:48 | sleep.experiment.08            | INFO  | [sleep Cycle 5 EVAL] DRA cumulative=0.133 (27/100 hits); DRA current=0.267 (7/20 hits); BCP=1.3281
2026-08-12 02:27:48 | sleep.experiment.08            | INFO  | ======================================================================
2026-08-12 02:27:48 | sleep.experiment.08            | INFO  | [SLEEP Cycle 6] Wake phase: 20 facts
2026-08-12 02:27:48 | sleep.experiment.08            | INFO  | ======================================================================
2026-08-12 02:27:48 | sleep.tagging                  | INFO  | step=101 | 2 tags created from 2 spans | buffer: 66/36208 (0.2%)
2026-08-12 02:27:48 | sleep.tagging                  | INFO  | step=102 | 2 tags created from 2 spans | buffer: 68/36208 (0.2%)
2026-08-12 02:27:49 | sleep.tagging                  | INFO  | step=106 | 1 tags created from 1 spans | buffer: 69/36208 (0.2%)
2026-08-12 02:27:49 | sleep.tagging                  | INFO  | step=111 | 2 tags created from 2 spans | buffer: 71/36208 (0.2%)
2026-08-12 02:27:49 | sleep.tagging                  | INFO  | step=112 | 3 tags created from 3 spans | buffer: 74/36208 (0.2%)
2026-08-12 02:27:49 | sleep.tagging                  | INFO  | step=115 | 1 tags created from 1 spans | buffer: 75/36208 (0.2%)
2026-08-12 02:27:49 | sleep.tagging                  | INFO  | step=117 | 1 tags created from 1 spans | buffer: 76/36208 (0.2%)
2026-08-12 02:27:50 | sleep.experiment.08            | INFO  | [Cycle 6] Wake summary: 20 facts -> 7 KV writes; bank: 319/20000 tokens
2026-08-12 02:27:50 | sleep.prp                      | INFO  | step=120 | PRP update: 15/3620 allocated (0%) | +8 -0 | threshold=0.255 | mean_score=0.223
2026-08-12 02:27:50 | sleep.experiment.08            | INFO  | [Cycle 6] PRP: 15 allocated, 15 consolidation candidates
2026-08-12 02:27:50 | sleep.sleep_engine             | INFO  | === Sleep cycle START | 15 candidates ===
2026-08-12 02:27:50 | sleep.sleep_engine             | INFO  | Phase 1/5: GENERATE (strategy=paraphrase)
2026-08-12 02:27:50 | sleep.sleep_engine             | INFO  | KV memory injection: DISABLED
2026-08-12 02:27:50 | sleep.sleep_engine             | INFO  | Phase 1 (paraphrase strategy): 116 wordings from 5 unique sources (15 candidates)
2026-08-12 02:27:50 | sleep.sleep_engine             | INFO  | Phase 1 complete: 116/15 replays generated
2026-08-12 02:27:50 | sleep.sleep_engine             | INFO  | Phase 2/5: QUALITY CHECK
2026-08-12 02:27:50 | sleep.sleep_engine             | INFO  | Phase 2 complete: 116/116 replays accepted
2026-08-12 02:27:50 | sleep.sleep_engine             | INFO  | Phase 3/5: TRAIN (116 accepted replays)
2026-08-12 02:27:50 | sleep.sleep_engine             | INFO  | KV memory injection: DISABLED
2026-08-12 02:27:50 | sleep.weights.plasticity       | INFO  | Saved checkpoint for adapter 'w_cons': 44 parameters.
2026-08-12 02:27:50 | sleep.weights.plasticity       | INFO  | Saved checkpoint for adapter 'w_cons': 44 parameters.
2026-08-12 02:27:50 | sleep.sleep_engine.train       | INFO  | Sleep distill-training: 5 facts | 400 steps | lr=1.00e-04 | T=2
2026-08-12 02:27:50 | sleep.sleep_engine.train       | INFO  |   distill step 1/400 | loss=1.3508 (kl=0.7829 ce=1.1358) | lr=2.50e-06
2026-08-12 02:27:56 | sleep.sleep_engine.train       | INFO  |   distill step 40/400 | loss=1.7000 (kl=0.9941 ce=1.4118) | lr=1.00e-04
2026-08-12 02:28:03 | sleep.sleep_engine.train       | INFO  |   distill step 80/400 | loss=0.5142 (kl=0.3316 ce=0.3651) | lr=9.70e-05
2026-08-12 02:28:08 | sleep.weights.plasticity       | INFO  | Hard-clipped 1 w_cons parameters to delta_max=0.1000 bound.
2026-08-12 02:28:08 | sleep.weights.plasticity       | INFO  | Hard-clipped 1 w_cons parameters to delta_max=0.1000 bound.
2026-08-12 02:28:08 | sleep.weights.plasticity       | INFO  | Hard-clipped 1 w_cons parameters to delta_max=0.1000 bound.
2026-08-12 02:28:09 | sleep.weights.plasticity       | INFO  | Hard-clipped 1 w_cons parameters to delta_max=0.1000 bound.
2026-08-12 02:28:09 | sleep.weights.plasticity       | INFO  | Hard-clipped 1 w_cons parameters to delta_max=0.1000 bound.
2026-08-12 02:28:09 | sleep.weights.plasticity       | INFO  | Hard-clipped 1 w_cons parameters to delta_max=0.1000 bound.
2026-08-12 02:28:09 | sleep.weights.plasticity       | INFO  | Hard-clipped 1 w_cons parameters to delta_max=0.1000 bound.
2026-08-12 02:28:09 | sleep.sleep_engine.train       | INFO  |   distill step 120/400 | loss=0.8087 (kl=0.4312 ce=0.7551) | lr=8.83e-05
2026-08-12 02:28:09 | sleep.weights.plasticity       | INFO  | Hard-clipped 1 w_cons parameters to delta_max=0.1000 bound.
2026-08-12 02:28:09 | sleep.weights.plasticity       | INFO  | Hard-clipped 1 w_cons parameters to delta_max=0.1000 bound.
2026-08-12 02:28:10 | sleep.weights.plasticity       | INFO  | Hard-clipped 1 w_cons parameters to delta_max=0.1000 bound.
2026-08-12 02:28:10 | sleep.weights.plasticity       | INFO  | Hard-clipped 1 w_cons parameters to delta_max=0.1000 bound.
2026-08-12 02:28:10 | sleep.weights.plasticity       | INFO  | Hard-clipped 2 w_cons parameters to delta_max=0.1000 bound.
2026-08-12 02:28:10 | sleep.weights.plasticity       | INFO  | Hard-clipped 2 w_cons parameters to delta_max=0.1000 bound.
2026-08-12 02:28:10 | sleep.weights.plasticity       | INFO  | Hard-clipped 2 w_cons parameters to delta_max=0.1000 bound.
2026-08-12 02:28:10 | sleep.weights.plasticity       | INFO  | Hard-clipped 2 w_cons parameters to delta_max=0.1000 bound.
2026-08-12 02:28:11 | sleep.weights.plasticity       | INFO  | Hard-clipped 2 w_cons parameters to delta_max=0.1000 bound.
2026-08-12 02:28:11 | sleep.weights.plasticity       | INFO  | Hard-clipped 2 w_cons parameters to delta_max=0.1000 bound.
2026-08-12 02:28:11 | sleep.weights.plasticity       | INFO  | Hard-clipped 2 w_cons parameters to delta_max=0.1000 bound.
2026-08-12 02:28:11 | sleep.weights.plasticity       | INFO  | Hard-clipped 2 w_cons parameters to delta_max=0.1000 bound.
2026-08-12 02:28:11 | sleep.weights.plasticity       | INFO  | Hard-clipped 2 w_cons parameters to delta_max=0.1000 bound.
2026-08-12 02:28:11 | sleep.weights.plasticity       | INFO  | Hard-clipped 2 w_cons parameters to delta_max=0.1000 bound.
2026-08-12 02:28:12 | sleep.weights.plasticity       | INFO  | Hard-clipped 2 w_cons parameters to delta_max=0.1000 bound.
2026-08-12 02:28:12 | sleep.weights.plasticity       | INFO  | Hard-clipped 2 w_cons parameters to delta_max=0.1000 bound.
2026-08-12 02:28:12 | sleep.weights.plasticity       | INFO  | Hard-clipped 2 w_cons parameters to delta_max=0.1000 bound.
2026-08-12 02:28:12 | sleep.weights.plasticity       | INFO  | Hard-clipped 2 w_cons parameters to delta_max=0.1000 bound.
2026-08-12 02:28:12 | sleep.weights.plasticity       | INFO  | Hard-clipped 2 w_cons parameters to delta_max=0.1000 bound.
2026-08-12 02:28:12 | sleep.weights.plasticity       | INFO  | Hard-clipped 2 w_cons parameters to delta_max=0.1000 bound.
2026-08-12 02:28:13 | sleep.weights.plasticity       | INFO  | Hard-clipped 2 w_cons parameters to delta_max=0.1000 bound.
2026-08-12 02:28:13 | sleep.weights.plasticity       | INFO  | Hard-clipped 2 w_cons parameters to delta_max=0.1000 bound.
2026-08-12 02:28:13 | sleep.weights.plasticity       | INFO  | Hard-clipped 2 w_cons parameters to delta_max=0.1000 bound.
2026-08-12 02:28:13 | sleep.weights.plasticity       | INFO  | Hard-clipped 2 w_cons parameters to delta_max=0.1000 bound.
2026-08-12 02:28:13 | sleep.weights.plasticity       | INFO  | Hard-clipped 2 w_cons parameters to delta_max=0.1000 bound.
2026-08-12 02:28:13 | sleep.weights.plasticity       | INFO  | Hard-clipped 2 w_cons parameters to delta_max=0.1000 bound.
2026-08-12 02:28:14 | sleep.weights.plasticity       | INFO  | Hard-clipped 2 w_cons parameters to delta_max=0.1000 bound.
2026-08-12 02:28:14 | sleep.weights.plasticity       | INFO  | Hard-clipped 2 w_cons parameters to delta_max=0.1000 bound.
2026-08-12 02:28:14 | sleep.weights.plasticity       | INFO  | Hard-clipped 2 w_cons parameters to delta_max=0.1000 bound.
2026-08-12 02:28:14 | sleep.weights.plasticity       | INFO  | Hard-clipped 2 w_cons parameters to delta_max=0.1000 bound.
2026-08-12 02:28:14 | sleep.weights.plasticity       | INFO  | Hard-clipped 2 w_cons parameters to delta_max=0.1000 bound.
2026-08-12 02:28:14 | sleep.weights.plasticity       | INFO  | Hard-clipped 2 w_cons parameters to delta_max=0.1000 bound.
2026-08-12 02:28:15 | sleep.weights.plasticity       | INFO  | Hard-clipped 2 w_cons parameters to delta_max=0.1000 bound.
2026-08-12 02:28:15 | sleep.weights.plasticity       | INFO  | Hard-clipped 2 w_cons parameters to delta_max=0.1000 bound.
2026-08-12 02:28:15 | sleep.weights.plasticity       | INFO  | Hard-clipped 3 w_cons parameters to delta_max=0.1000 bound.
2026-08-12 02:28:15 | sleep.weights.plasticity       | INFO  | Hard-clipped 3 w_cons parameters to delta_max=0.1000 bound.
2026-08-12 02:28:15 | sleep.weights.plasticity       | INFO  | Hard-clipped 3 w_cons parameters to delta_max=0.1000 bound.
2026-08-12 02:28:15 | sleep.weights.plasticity       | INFO  | Hard-clipped 3 w_cons parameters to delta_max=0.1000 bound.
2026-08-12 02:28:15 | sleep.weights.plasticity       | INFO  | Hard-clipped 3 w_cons parameters to delta_max=0.1000 bound.
2026-08-12 02:28:16 | sleep.weights.plasticity       | INFO  | Hard-clipped 3 w_cons parameters to delta_max=0.1000 bound.
2026-08-12 02:28:16 | sleep.sleep_engine.train       | INFO  |   distill step 160/400 | loss=0.4280 (kl=0.2599 ce=0.3361) | lr=7.50e-05
2026-08-12 02:28:16 | sleep.weights.plasticity       | INFO  | Hard-clipped 3 w_cons parameters to delta_max=0.1000 bound.
2026-08-12 02:28:16 | sleep.weights.plasticity       | INFO  | Hard-clipped 3 w_cons parameters to delta_max=0.1000 bound.
2026-08-12 02:28:16 | sleep.weights.plasticity       | INFO  | Hard-clipped 2 w_cons parameters to delta_max=0.1000 bound.
2026-08-12 02:28:16 | sleep.weights.plasticity       | INFO  | Hard-clipped 3 w_cons parameters to delta_max=0.1000 bound.
2026-08-12 02:28:16 | sleep.weights.plasticity       | INFO  | Hard-clipped 4 w_cons parameters to delta_max=0.1000 bound.
2026-08-12 02:28:17 | sleep.weights.plasticity       | INFO  | Hard-clipped 4 w_cons parameters to delta_max=0.1000 bound.
2026-08-12 02:28:17 | sleep.weights.plasticity       | INFO  | Hard-clipped 4 w_cons parameters to delta_max=0.1000 bound.
2026-08-12 02:28:17 | sleep.weights.plasticity       | INFO  | Hard-clipped 4 w_cons parameters to delta_max=0.1000 bound.
2026-08-12 02:28:17 | sleep.weights.plasticity       | INFO  | Hard-clipped 4 w_cons parameters to delta_max=0.1000 bound.
2026-08-12 02:28:17 | sleep.weights.plasticity       | INFO  | Hard-clipped 4 w_cons parameters to delta_max=0.1000 bound.
2026-08-12 02:28:17 | sleep.weights.plasticity       | INFO  | Hard-clipped 4 w_cons parameters to delta_max=0.1000 bound.
2026-08-12 02:28:18 | sleep.weights.plasticity       | INFO  | Hard-clipped 4 w_cons parameters to delta_max=0.1000 bound.
2026-08-12 02:28:18 | sleep.weights.plasticity       | INFO  | Hard-clipped 4 w_cons parameters to delta_max=0.1000 bound.
2026-08-12 02:28:18 | sleep.weights.plasticity       | INFO  | Hard-clipped 4 w_cons parameters to delta_max=0.1000 bound.
2026-08-12 02:28:18 | sleep.weights.plasticity       | INFO  | Hard-clipped 4 w_cons parameters to delta_max=0.1000 bound.
2026-08-12 02:28:18 | sleep.weights.plasticity       | INFO  | Hard-clipped 4 w_cons parameters to delta_max=0.1000 bound.
2026-08-12 02:28:18 | sleep.weights.plasticity       | INFO  | Hard-clipped 4 w_cons parameters to delta_max=0.1000 bound.
2026-08-12 02:28:18 | sleep.weights.plasticity       | INFO  | Hard-clipped 4 w_cons parameters to delta_max=0.1000 bound.
2026-08-12 02:28:19 | sleep.weights.plasticity       | INFO  | Hard-clipped 4 w_cons parameters to delta_max=0.1000 bound.
2026-08-12 02:28:19 | sleep.weights.plasticity       | INFO  | Hard-clipped 4 w_cons parameters to delta_max=0.1000 bound.
2026-08-12 02:28:19 | sleep.weights.plasticity       | INFO  | Hard-clipped 4 w_cons parameters to delta_max=0.1000 bound.
2026-08-12 02:28:19 | sleep.weights.plasticity       | INFO  | Hard-clipped 4 w_cons parameters to delta_max=0.1000 bound.
2026-08-12 02:28:19 | sleep.weights.plasticity       | INFO  | Hard-clipped 4 w_cons parameters to delta_max=0.1000 bound.
2026-08-12 02:28:19 | sleep.weights.plasticity       | INFO  | Hard-clipped 4 w_cons parameters to delta_max=0.1000 bound.
2026-08-12 02:28:20 | sleep.weights.plasticity       | INFO  | Hard-clipped 4 w_cons parameters to delta_max=0.1000 bound.
2026-08-12 02:28:20 | sleep.weights.plasticity       | INFO  | Hard-clipped 4 w_cons parameters to delta_max=0.1000 bound.
2026-08-12 02:28:20 | sleep.weights.plasticity       | INFO  | Hard-clipped 4 w_cons parameters to delta_max=0.1000 bound.
2026-08-12 02:28:20 | sleep.weights.plasticity       | INFO  | Hard-clipped 4 w_cons parameters to delta_max=0.1000 bound.
2026-08-12 02:28:20 | sleep.weights.plasticity       | INFO  | Hard-clipped 4 w_cons parameters to delta_max=0.1000 bound.
2026-08-12 02:28:20 | sleep.weights.plasticity       | INFO  | Hard-clipped 4 w_cons parameters to delta_max=0.1000 bound.
2026-08-12 02:28:21 | sleep.weights.plasticity       | INFO  | Hard-clipped 4 w_cons parameters to delta_max=0.1000 bound.
2026-08-12 02:28:21 | sleep.weights.plasticity       | INFO  | Hard-clipped 4 w_cons parameters to delta_max=0.1000 bound.
2026-08-12 02:28:21 | sleep.weights.plasticity       | INFO  | Hard-clipped 4 w_cons parameters to delta_max=0.1000 bound.
2026-08-12 02:28:21 | sleep.weights.plasticity       | INFO  | Hard-clipped 4 w_cons parameters to delta_max=0.1000 bound.
2026-08-12 02:28:21 | sleep.weights.plasticity       | INFO  | Hard-clipped 4 w_cons parameters to delta_max=0.1000 bound.
2026-08-12 02:28:21 | sleep.weights.plasticity       | INFO  | Hard-clipped 4 w_cons parameters to delta_max=0.1000 bound.
2026-08-12 02:28:22 | sleep.weights.plasticity       | INFO  | Hard-clipped 4 w_cons parameters to delta_max=0.1000 bound.
2026-08-12 02:28:22 | sleep.weights.plasticity       | INFO  | Hard-clipped 4 w_cons parameters to delta_max=0.1000 bound.
2026-08-12 02:28:22 | sleep.weights.plasticity       | INFO  | Hard-clipped 4 w_cons parameters to delta_max=0.1000 bound.
2026-08-12 02:28:22 | sleep.weights.plasticity       | INFO  | Hard-clipped 4 w_cons parameters to delta_max=0.1000 bound.
2026-08-12 02:28:22 | sleep.sleep_engine.train       | INFO  |   distill step 200/400 | loss=0.5449 (kl=0.3015 ce=0.4868) | lr=5.87e-05
2026-08-12 02:28:22 | sleep.weights.plasticity       | INFO  | Hard-clipped 4 w_cons parameters to delta_max=0.1000 bound.
2026-08-12 02:28:22 | sleep.weights.plasticity       | INFO  | Hard-clipped 4 w_cons parameters to delta_max=0.1000 bound.
2026-08-12 02:28:22 | sleep.weights.plasticity       | INFO  | Hard-clipped 4 w_cons parameters to delta_max=0.1000 bound.
2026-08-12 02:28:23 | sleep.weights.plasticity       | INFO  | Hard-clipped 4 w_cons parameters to delta_max=0.1000 bound.
2026-08-12 02:28:23 | sleep.weights.plasticity       | INFO  | Hard-clipped 4 w_cons parameters to delta_max=0.1000 bound.
2026-08-12 02:28:23 | sleep.weights.plasticity       | INFO  | Hard-clipped 4 w_cons parameters to delta_max=0.1000 bound.
2026-08-12 02:28:23 | sleep.weights.plasticity       | INFO  | Hard-clipped 4 w_cons parameters to delta_max=0.1000 bound.
2026-08-12 02:28:23 | sleep.weights.plasticity       | INFO  | Hard-clipped 4 w_cons parameters to delta_max=0.1000 bound.
2026-08-12 02:28:23 | sleep.weights.plasticity       | INFO  | Hard-clipped 4 w_cons parameters to delta_max=0.1000 bound.
2026-08-12 02:28:24 | sleep.weights.plasticity       | INFO  | Hard-clipped 4 w_cons parameters to delta_max=0.1000 bound.
2026-08-12 02:28:24 | sleep.weights.plasticity       | INFO  | Hard-clipped 4 w_cons parameters to delta_max=0.1000 bound.
2026-08-12 02:28:24 | sleep.weights.plasticity       | INFO  | Hard-clipped 4 w_cons parameters to delta_max=0.1000 bound.
2026-08-12 02:28:24 | sleep.weights.plasticity       | INFO  | Hard-clipped 4 w_cons parameters to delta_max=0.1000 bound.
2026-08-12 02:28:24 | sleep.weights.plasticity       | INFO  | Hard-clipped 4 w_cons parameters to delta_max=0.1000 bound.
2026-08-12 02:28:24 | sleep.weights.plasticity       | INFO  | Hard-clipped 4 w_cons parameters to delta_max=0.1000 bound.
2026-08-12 02:28:25 | sleep.weights.plasticity       | INFO  | Hard-clipped 4 w_cons parameters to delta_max=0.1000 bound.
2026-08-12 02:28:25 | sleep.weights.plasticity       | INFO  | Hard-clipped 4 w_cons parameters to delta_max=0.1000 bound.
2026-08-12 02:28:25 | sleep.weights.plasticity       | INFO  | Hard-clipped 4 w_cons parameters to delta_max=0.1000 bound.
2026-08-12 02:28:25 | sleep.weights.plasticity       | INFO  | Hard-clipped 4 w_cons parameters to delta_max=0.1000 bound.
2026-08-12 02:28:25 | sleep.weights.plasticity       | INFO  | Hard-clipped 4 w_cons parameters to delta_max=0.1000 bound.
2026-08-12 02:28:25 | sleep.weights.plasticity       | INFO  | Hard-clipped 5 w_cons parameters to delta_max=0.1000 bound.
2026-08-12 02:28:26 | sleep.weights.plasticity       | INFO  | Hard-clipped 5 w_cons parameters to delta_max=0.1000 bound.
2026-08-12 02:28:26 | sleep.weights.plasticity       | INFO  | Hard-clipped 5 w_cons parameters to delta_max=0.1000 bound.
2026-08-12 02:28:26 | sleep.weights.plasticity       | INFO  | Hard-clipped 5 w_cons parameters to delta_max=0.1000 bound.
2026-08-12 02:28:26 | sleep.weights.plasticity       | INFO  | Hard-clipped 5 w_cons parameters to delta_max=0.1000 bound.
2026-08-12 02:28:26 | sleep.weights.plasticity       | INFO  | Hard-clipped 5 w_cons parameters to delta_max=0.1000 bound.
2026-08-12 02:28:26 | sleep.weights.plasticity       | INFO  | Hard-clipped 5 w_cons parameters to delta_max=0.1000 bound.
2026-08-12 02:28:27 | sleep.weights.plasticity       | INFO  | Hard-clipped 5 w_cons parameters to delta_max=0.1000 bound.
2026-08-12 02:28:27 | sleep.weights.plasticity       | INFO  | Hard-clipped 5 w_cons parameters to delta_max=0.1000 bound.
2026-08-12 02:28:27 | sleep.weights.plasticity       | INFO  | Hard-clipped 5 w_cons parameters to delta_max=0.1000 bound.
2026-08-12 02:28:27 | sleep.weights.plasticity       | INFO  | Hard-clipped 5 w_cons parameters to delta_max=0.1000 bound.
2026-08-12 02:28:27 | sleep.weights.plasticity       | INFO  | Hard-clipped 5 w_cons parameters to delta_max=0.1000 bound.
2026-08-12 02:28:27 | sleep.weights.plasticity       | INFO  | Hard-clipped 5 w_cons parameters to delta_max=0.1000 bound.
2026-08-12 02:28:28 | sleep.weights.plasticity       | INFO  | Hard-clipped 5 w_cons parameters to delta_max=0.1000 bound.
2026-08-12 02:28:28 | sleep.weights.plasticity       | INFO  | Hard-clipped 5 w_cons parameters to delta_max=0.1000 bound.
2026-08-12 02:28:28 | sleep.weights.plasticity       | INFO  | Hard-clipped 5 w_cons parameters to delta_max=0.1000 bound.
2026-08-12 02:28:28 | sleep.weights.plasticity       | INFO  | Hard-clipped 5 w_cons parameters to delta_max=0.1000 bound.
2026-08-12 02:28:28 | sleep.weights.plasticity       | INFO  | Hard-clipped 5 w_cons parameters to delta_max=0.1000 bound.
2026-08-12 02:28:28 | sleep.weights.plasticity       | INFO  | Hard-clipped 5 w_cons parameters to delta_max=0.1000 bound.
2026-08-12 02:28:28 | sleep.weights.plasticity       | INFO  | Hard-clipped 5 w_cons parameters to delta_max=0.1000 bound.
2026-08-12 02:28:28 | sleep.sleep_engine.train       | INFO  |   distill step 240/400 | loss=0.4144 (kl=0.2794 ce=0.2700) | lr=4.13e-05
2026-08-12 02:28:29 | sleep.weights.plasticity       | INFO  | Hard-clipped 5 w_cons parameters to delta_max=0.1000 bound.
2026-08-12 02:28:29 | sleep.weights.plasticity       | INFO  | Hard-clipped 5 w_cons parameters to delta_max=0.1000 bound.
2026-08-12 02:28:29 | sleep.weights.plasticity       | INFO  | Hard-clipped 5 w_cons parameters to delta_max=0.1000 bound.
2026-08-12 02:28:29 | sleep.weights.plasticity       | INFO  | Hard-clipped 5 w_cons parameters to delta_max=0.1000 bound.
2026-08-12 02:28:29 | sleep.weights.plasticity       | INFO  | Hard-clipped 5 w_cons parameters to delta_max=0.1000 bound.
2026-08-12 02:28:29 | sleep.weights.plasticity       | INFO  | Hard-clipped 5 w_cons parameters to delta_max=0.1000 bound.
2026-08-12 02:28:30 | sleep.weights.plasticity       | INFO  | Hard-clipped 5 w_cons parameters to delta_max=0.1000 bound.
2026-08-12 02:28:30 | sleep.weights.plasticity       | INFO  | Hard-clipped 5 w_cons parameters to delta_max=0.1000 bound.
2026-08-12 02:28:30 | sleep.weights.plasticity       | INFO  | Hard-clipped 5 w_cons parameters to delta_max=0.1000 bound.
2026-08-12 02:28:30 | sleep.weights.plasticity       | INFO  | Hard-clipped 5 w_cons parameters to delta_max=0.1000 bound.
2026-08-12 02:28:30 | sleep.weights.plasticity       | INFO  | Hard-clipped 5 w_cons parameters to delta_max=0.1000 bound.
2026-08-12 02:28:30 | sleep.weights.plasticity       | INFO  | Hard-clipped 5 w_cons parameters to delta_max=0.1000 bound.
2026-08-12 02:28:31 | sleep.weights.plasticity       | INFO  | Hard-clipped 5 w_cons parameters to delta_max=0.1000 bound.
2026-08-12 02:28:31 | sleep.weights.plasticity       | INFO  | Hard-clipped 5 w_cons parameters to delta_max=0.1000 bound.
2026-08-12 02:28:31 | sleep.weights.plasticity       | INFO  | Hard-clipped 5 w_cons parameters to delta_max=0.1000 bound.
2026-08-12 02:28:31 | sleep.weights.plasticity       | INFO  | Hard-clipped 5 w_cons parameters to delta_max=0.1000 bound.
2026-08-12 02:28:31 | sleep.weights.plasticity       | INFO  | Hard-clipped 5 w_cons parameters to delta_max=0.1000 bound.
2026-08-12 02:28:31 | sleep.weights.plasticity       | INFO  | Hard-clipped 5 w_cons parameters to delta_max=0.1000 bound.
2026-08-12 02:28:32 | sleep.weights.plasticity       | INFO  | Hard-clipped 5 w_cons parameters to delta_max=0.1000 bound.
2026-08-12 02:28:32 | sleep.weights.plasticity       | INFO  | Hard-clipped 5 w_cons parameters to delta_max=0.1000 bound.
2026-08-12 02:28:32 | sleep.weights.plasticity       | INFO  | Hard-clipped 5 w_cons parameters to delta_max=0.1000 bound.
2026-08-12 02:28:32 | sleep.weights.plasticity       | INFO  | Hard-clipped 5 w_cons parameters to delta_max=0.1000 bound.
2026-08-12 02:28:32 | sleep.weights.plasticity       | INFO  | Hard-clipped 5 w_cons parameters to delta_max=0.1000 bound.
2026-08-12 02:28:32 | sleep.weights.plasticity       | INFO  | Hard-clipped 5 w_cons parameters to delta_max=0.1000 bound.
2026-08-12 02:28:32 | sleep.weights.plasticity       | INFO  | Hard-clipped 6 w_cons parameters to delta_max=0.1000 bound.
2026-08-12 02:28:33 | sleep.weights.plasticity       | INFO  | Hard-clipped 6 w_cons parameters to delta_max=0.1000 bound.
2026-08-12 02:28:33 | sleep.weights.plasticity       | INFO  | Hard-clipped 6 w_cons parameters to delta_max=0.1000 bound.
2026-08-12 02:28:33 | sleep.weights.plasticity       | INFO  | Hard-clipped 6 w_cons parameters to delta_max=0.1000 bound.
2026-08-12 02:28:33 | sleep.weights.plasticity       | INFO  | Hard-clipped 6 w_cons parameters to delta_max=0.1000 bound.
2026-08-12 02:28:33 | sleep.weights.plasticity       | INFO  | Hard-clipped 5 w_cons parameters to delta_max=0.1000 bound.
2026-08-12 02:28:33 | sleep.weights.plasticity       | INFO  | Hard-clipped 6 w_cons parameters to delta_max=0.1000 bound.
2026-08-12 02:28:34 | sleep.weights.plasticity       | INFO  | Hard-clipped 6 w_cons parameters to delta_max=0.1000 bound.
2026-08-12 02:28:34 | sleep.weights.plasticity       | INFO  | Hard-clipped 6 w_cons parameters to delta_max=0.1000 bound.
2026-08-12 02:28:34 | sleep.weights.plasticity       | INFO  | Hard-clipped 6 w_cons parameters to delta_max=0.1000 bound.
2026-08-12 02:28:34 | sleep.weights.plasticity       | INFO  | Hard-clipped 6 w_cons parameters to delta_max=0.1000 bound.
2026-08-12 02:28:34 | sleep.weights.plasticity       | INFO  | Hard-clipped 6 w_cons parameters to delta_max=0.1000 bound.
2026-08-12 02:28:34 | sleep.weights.plasticity       | INFO  | Hard-clipped 6 w_cons parameters to delta_max=0.1000 bound.
2026-08-12 02:28:35 | sleep.weights.plasticity       | INFO  | Hard-clipped 6 w_cons parameters to delta_max=0.1000 bound.
2026-08-12 02:28:35 | sleep.weights.plasticity       | INFO  | Hard-clipped 6 w_cons parameters to delta_max=0.1000 bound.
2026-08-12 02:28:35 | sleep.weights.plasticity       | INFO  | Hard-clipped 6 w_cons parameters to delta_max=0.1000 bound.
2026-08-12 02:28:35 | sleep.sleep_engine.train       | INFO  |   distill step 280/400 | loss=0.5110 (kl=0.3157 ce=0.3905) | lr=2.50e-05
2026-08-12 02:28:35 | sleep.weights.plasticity       | INFO  | Hard-clipped 6 w_cons parameters to delta_max=0.1000 bound.
2026-08-12 02:28:35 | sleep.weights.plasticity       | INFO  | Hard-clipped 6 w_cons parameters to delta_max=0.1000 bound.
2026-08-12 02:28:35 | sleep.weights.plasticity       | INFO  | Hard-clipped 6 w_cons parameters to delta_max=0.1000 bound.
2026-08-12 02:28:36 | sleep.weights.plasticity       | INFO  | Hard-clipped 6 w_cons parameters to delta_max=0.1000 bound.
2026-08-12 02:28:36 | sleep.weights.plasticity       | INFO  | Hard-clipped 6 w_cons parameters to delta_max=0.1000 bound.
2026-08-12 02:28:36 | sleep.weights.plasticity       | INFO  | Hard-clipped 6 w_cons parameters to delta_max=0.1000 bound.
2026-08-12 02:28:36 | sleep.weights.plasticity       | INFO  | Hard-clipped 6 w_cons parameters to delta_max=0.1000 bound.
2026-08-12 02:28:36 | sleep.weights.plasticity       | INFO  | Hard-clipped 6 w_cons parameters to delta_max=0.1000 bound.
2026-08-12 02:28:36 | sleep.weights.plasticity       | INFO  | Hard-clipped 6 w_cons parameters to delta_max=0.1000 bound.
2026-08-12 02:28:37 | sleep.weights.plasticity       | INFO  | Hard-clipped 6 w_cons parameters to delta_max=0.1000 bound.
2026-08-12 02:28:37 | sleep.weights.plasticity       | INFO  | Hard-clipped 6 w_cons parameters to delta_max=0.1000 bound.
2026-08-12 02:28:37 | sleep.weights.plasticity       | INFO  | Hard-clipped 6 w_cons parameters to delta_max=0.1000 bound.
2026-08-12 02:28:37 | sleep.weights.plasticity       | INFO  | Hard-clipped 6 w_cons parameters to delta_max=0.1000 bound.
2026-08-12 02:28:37 | sleep.weights.plasticity       | INFO  | Hard-clipped 6 w_cons parameters to delta_max=0.1000 bound.
2026-08-12 02:28:37 | sleep.weights.plasticity       | INFO  | Hard-clipped 6 w_cons parameters to delta_max=0.1000 bound.
2026-08-12 02:28:37 | sleep.weights.plasticity       | INFO  | Hard-clipped 6 w_cons parameters to delta_max=0.1000 bound.
2026-08-12 02:28:38 | sleep.weights.plasticity       | INFO  | Hard-clipped 6 w_cons parameters to delta_max=0.1000 bound.
2026-08-12 02:28:38 | sleep.weights.plasticity       | INFO  | Hard-clipped 6 w_cons parameters to delta_max=0.1000 bound.
2026-08-12 02:28:38 | sleep.weights.plasticity       | INFO  | Hard-clipped 6 w_cons parameters to delta_max=0.1000 bound.
2026-08-12 02:28:38 | sleep.weights.plasticity       | INFO  | Hard-clipped 6 w_cons parameters to delta_max=0.1000 bound.
2026-08-12 02:28:38 | sleep.weights.plasticity       | INFO  | Hard-clipped 6 w_cons parameters to delta_max=0.1000 bound.
2026-08-12 02:28:38 | sleep.weights.plasticity       | INFO  | Hard-clipped 6 w_cons parameters to delta_max=0.1000 bound.
2026-08-12 02:28:39 | sleep.weights.plasticity       | INFO  | Hard-clipped 6 w_cons parameters to delta_max=0.1000 bound.
2026-08-12 02:28:39 | sleep.weights.plasticity       | INFO  | Hard-clipped 6 w_cons parameters to delta_max=0.1000 bound.
2026-08-12 02:28:39 | sleep.weights.plasticity       | INFO  | Hard-clipped 6 w_cons parameters to delta_max=0.1000 bound.
2026-08-12 02:28:39 | sleep.weights.plasticity       | INFO  | Hard-clipped 6 w_cons parameters to delta_max=0.1000 bound.
2026-08-12 02:28:39 | sleep.weights.plasticity       | INFO  | Hard-clipped 6 w_cons parameters to delta_max=0.1000 bound.
2026-08-12 02:28:39 | sleep.weights.plasticity       | INFO  | Hard-clipped 6 w_cons parameters to delta_max=0.1000 bound.
2026-08-12 02:28:39 | sleep.weights.plasticity       | INFO  | Hard-clipped 6 w_cons parameters to delta_max=0.1000 bound.
2026-08-12 02:28:40 | sleep.weights.plasticity       | INFO  | Hard-clipped 6 w_cons parameters to delta_max=0.1000 bound.
2026-08-12 02:28:40 | sleep.weights.plasticity       | INFO  | Hard-clipped 6 w_cons parameters to delta_max=0.1000 bound.
2026-08-12 02:28:40 | sleep.weights.plasticity       | INFO  | Hard-clipped 6 w_cons parameters to delta_max=0.1000 bound.
2026-08-12 02:28:40 | sleep.weights.plasticity       | INFO  | Hard-clipped 6 w_cons parameters to delta_max=0.1000 bound.
2026-08-12 02:28:40 | sleep.weights.plasticity       | INFO  | Hard-clipped 6 w_cons parameters to delta_max=0.1000 bound.
2026-08-12 02:28:40 | sleep.weights.plasticity       | INFO  | Hard-clipped 6 w_cons parameters to delta_max=0.1000 bound.
2026-08-12 02:28:41 | sleep.weights.plasticity       | INFO  | Hard-clipped 6 w_cons parameters to delta_max=0.1000 bound.
2026-08-12 02:28:41 | sleep.weights.plasticity       | INFO  | Hard-clipped 6 w_cons parameters to delta_max=0.1000 bound.
2026-08-12 02:28:41 | sleep.weights.plasticity       | INFO  | Hard-clipped 6 w_cons parameters to delta_max=0.1000 bound.
2026-08-12 02:28:41 | sleep.weights.plasticity       | INFO  | Hard-clipped 6 w_cons parameters to delta_max=0.1000 bound.
2026-08-12 02:28:41 | sleep.weights.plasticity       | INFO  | Hard-clipped 6 w_cons parameters to delta_max=0.1000 bound.
2026-08-12 02:28:41 | sleep.sleep_engine.train       | INFO  |   distill step 320/400 | loss=0.4822 (kl=0.2859 ce=0.3927) | lr=1.17e-05
2026-08-12 02:28:41 | sleep.weights.plasticity       | INFO  | Hard-clipped 6 w_cons parameters to delta_max=0.1000 bound.
2026-08-12 02:28:42 | sleep.weights.plasticity       | INFO  | Hard-clipped 6 w_cons parameters to delta_max=0.1000 bound.
2026-08-12 02:28:42 | sleep.weights.plasticity       | INFO  | Hard-clipped 6 w_cons parameters to delta_max=0.1000 bound.
2026-08-12 02:28:42 | sleep.weights.plasticity       | INFO  | Hard-clipped 3 w_cons parameters to delta_max=0.1000 bound.
2026-08-12 02:28:42 | sleep.weights.plasticity       | INFO  | Hard-clipped 2 w_cons parameters to delta_max=0.1000 bound.
2026-08-12 02:28:42 | sleep.weights.plasticity       | INFO  | Hard-clipped 1 w_cons parameters to delta_max=0.1000 bound.
2026-08-12 02:28:42 | sleep.weights.plasticity       | INFO  | Hard-clipped 1 w_cons parameters to delta_max=0.1000 bound.
2026-08-12 02:28:43 | sleep.weights.plasticity       | INFO  | Hard-clipped 2 w_cons parameters to delta_max=0.1000 bound.
2026-08-12 02:28:43 | sleep.weights.plasticity       | INFO  | Hard-clipped 2 w_cons parameters to delta_max=0.1000 bound.
2026-08-12 02:28:43 | sleep.weights.plasticity       | INFO  | Hard-clipped 2 w_cons parameters to delta_max=0.1000 bound.
2026-08-12 02:28:43 | sleep.weights.plasticity       | INFO  | Hard-clipped 2 w_cons parameters to delta_max=0.1000 bound.
2026-08-12 02:28:43 | sleep.weights.plasticity       | INFO  | Hard-clipped 3 w_cons parameters to delta_max=0.1000 bound.
2026-08-12 02:28:43 | sleep.weights.plasticity       | INFO  | Hard-clipped 3 w_cons parameters to delta_max=0.1000 bound.
2026-08-12 02:28:43 | sleep.weights.plasticity       | INFO  | Hard-clipped 3 w_cons parameters to delta_max=0.1000 bound.
2026-08-12 02:28:44 | sleep.weights.plasticity       | INFO  | Hard-clipped 3 w_cons parameters to delta_max=0.1000 bound.
2026-08-12 02:28:44 | sleep.weights.plasticity       | INFO  | Hard-clipped 5 w_cons parameters to delta_max=0.1000 bound.
2026-08-12 02:28:44 | sleep.weights.plasticity       | INFO  | Hard-clipped 5 w_cons parameters to delta_max=0.1000 bound.
2026-08-12 02:28:44 | sleep.weights.plasticity       | INFO  | Hard-clipped 5 w_cons parameters to delta_max=0.1000 bound.
2026-08-12 02:28:44 | sleep.weights.plasticity       | INFO  | Hard-clipped 5 w_cons parameters to delta_max=0.1000 bound.
2026-08-12 02:28:44 | sleep.weights.plasticity       | INFO  | Hard-clipped 5 w_cons parameters to delta_max=0.1000 bound.
2026-08-12 02:28:45 | sleep.weights.plasticity       | INFO  | Hard-clipped 5 w_cons parameters to delta_max=0.1000 bound.
2026-08-12 02:28:45 | sleep.weights.plasticity       | INFO  | Hard-clipped 6 w_cons parameters to delta_max=0.1000 bound.
2026-08-12 02:28:45 | sleep.weights.plasticity       | INFO  | Hard-clipped 6 w_cons parameters to delta_max=0.1000 bound.
2026-08-12 02:28:45 | sleep.weights.plasticity       | INFO  | Hard-clipped 6 w_cons parameters to delta_max=0.1000 bound.
2026-08-12 02:28:45 | sleep.weights.plasticity       | INFO  | Hard-clipped 6 w_cons parameters to delta_max=0.1000 bound.
2026-08-12 02:28:45 | sleep.weights.plasticity       | INFO  | Hard-clipped 6 w_cons parameters to delta_max=0.1000 bound.
2026-08-12 02:28:46 | sleep.weights.plasticity       | INFO  | Hard-clipped 6 w_cons parameters to delta_max=0.1000 bound.
2026-08-12 02:28:46 | sleep.weights.plasticity       | INFO  | Hard-clipped 6 w_cons parameters to delta_max=0.1000 bound.
2026-08-12 02:28:46 | sleep.weights.plasticity       | INFO  | Hard-clipped 6 w_cons parameters to delta_max=0.1000 bound.
2026-08-12 02:28:46 | sleep.weights.plasticity       | INFO  | Hard-clipped 6 w_cons parameters to delta_max=0.1000 bound.
2026-08-12 02:28:46 | sleep.weights.plasticity       | INFO  | Hard-clipped 6 w_cons parameters to delta_max=0.1000 bound.
2026-08-12 02:28:46 | sleep.weights.plasticity       | INFO  | Hard-clipped 6 w_cons parameters to delta_max=0.1000 bound.
2026-08-12 02:28:46 | sleep.weights.plasticity       | INFO  | Hard-clipped 6 w_cons parameters to delta_max=0.1000 bound.
2026-08-12 02:28:47 | sleep.weights.plasticity       | INFO  | Hard-clipped 6 w_cons parameters to delta_max=0.1000 bound.
2026-08-12 02:28:47 | sleep.weights.plasticity       | INFO  | Hard-clipped 6 w_cons parameters to delta_max=0.1000 bound.
2026-08-12 02:28:47 | sleep.weights.plasticity       | INFO  | Hard-clipped 6 w_cons parameters to delta_max=0.1000 bound.
2026-08-12 02:28:47 | sleep.weights.plasticity       | INFO  | Hard-clipped 6 w_cons parameters to delta_max=0.1000 bound.
2026-08-12 02:28:47 | sleep.weights.plasticity       | INFO  | Hard-clipped 6 w_cons parameters to delta_max=0.1000 bound.
2026-08-12 02:28:47 | sleep.weights.plasticity       | INFO  | Hard-clipped 6 w_cons parameters to delta_max=0.1000 bound.
2026-08-12 02:28:48 | sleep.weights.plasticity       | INFO  | Hard-clipped 6 w_cons parameters to delta_max=0.1000 bound.
2026-08-12 02:28:48 | sleep.sleep_engine.train       | INFO  |   distill step 360/400 | loss=0.4529 (kl=0.2556 ce=0.3944) | lr=3.02e-06
2026-08-12 02:28:48 | sleep.weights.plasticity       | INFO  | Hard-clipped 6 w_cons parameters to delta_max=0.1000 bound.
2026-08-12 02:28:48 | sleep.weights.plasticity       | INFO  | Hard-clipped 6 w_cons parameters to delta_max=0.1000 bound.
2026-08-12 02:28:48 | sleep.weights.plasticity       | INFO  | Hard-clipped 6 w_cons parameters to delta_max=0.1000 bound.
2026-08-12 02:28:48 | sleep.weights.plasticity       | INFO  | Hard-clipped 6 w_cons parameters to delta_max=0.1000 bound.
2026-08-12 02:28:48 | sleep.weights.plasticity       | INFO  | Hard-clipped 5 w_cons parameters to delta_max=0.1000 bound.
2026-08-12 02:28:49 | sleep.weights.plasticity       | INFO  | Hard-clipped 5 w_cons parameters to delta_max=0.1000 bound.
2026-08-12 02:28:49 | sleep.weights.plasticity       | INFO  | Hard-clipped 5 w_cons parameters to delta_max=0.1000 bound.
2026-08-12 02:28:49 | sleep.weights.plasticity       | INFO  | Hard-clipped 5 w_cons parameters to delta_max=0.1000 bound.
2026-08-12 02:28:49 | sleep.weights.plasticity       | INFO  | Hard-clipped 5 w_cons parameters to delta_max=0.1000 bound.
2026-08-12 02:28:49 | sleep.weights.plasticity       | INFO  | Hard-clipped 5 w_cons parameters to delta_max=0.1000 bound.
2026-08-12 02:28:49 | sleep.weights.plasticity       | INFO  | Hard-clipped 5 w_cons parameters to delta_max=0.1000 bound.
2026-08-12 02:28:50 | sleep.weights.plasticity       | INFO  | Hard-clipped 6 w_cons parameters to delta_max=0.1000 bound.
2026-08-12 02:28:50 | sleep.weights.plasticity       | INFO  | Hard-clipped 6 w_cons parameters to delta_max=0.1000 bound.
2026-08-12 02:28:50 | sleep.weights.plasticity       | INFO  | Hard-clipped 6 w_cons parameters to delta_max=0.1000 bound.
2026-08-12 02:28:50 | sleep.weights.plasticity       | INFO  | Hard-clipped 6 w_cons parameters to delta_max=0.1000 bound.
2026-08-12 02:28:50 | sleep.weights.plasticity       | INFO  | Hard-clipped 6 w_cons parameters to delta_max=0.1000 bound.
2026-08-12 02:28:50 | sleep.weights.plasticity       | INFO  | Hard-clipped 6 w_cons parameters to delta_max=0.1000 bound.
2026-08-12 02:28:51 | sleep.weights.plasticity       | INFO  | Hard-clipped 6 w_cons parameters to delta_max=0.1000 bound.
2026-08-12 02:28:51 | sleep.weights.plasticity       | INFO  | Hard-clipped 6 w_cons parameters to delta_max=0.1000 bound.
2026-08-12 02:28:51 | sleep.weights.plasticity       | INFO  | Hard-clipped 5 w_cons parameters to delta_max=0.1000 bound.
2026-08-12 02:28:51 | sleep.weights.plasticity       | INFO  | Hard-clipped 6 w_cons parameters to delta_max=0.1000 bound.
2026-08-12 02:28:51 | sleep.weights.plasticity       | INFO  | Hard-clipped 6 w_cons parameters to delta_max=0.1000 bound.
2026-08-12 02:28:51 | sleep.weights.plasticity       | INFO  | Hard-clipped 6 w_cons parameters to delta_max=0.1000 bound.
2026-08-12 02:28:52 | sleep.weights.plasticity       | INFO  | Hard-clipped 6 w_cons parameters to delta_max=0.1000 bound.
2026-08-12 02:28:52 | sleep.weights.plasticity       | INFO  | Hard-clipped 6 w_cons parameters to delta_max=0.1000 bound.
2026-08-12 02:28:52 | sleep.weights.plasticity       | INFO  | Hard-clipped 6 w_cons parameters to delta_max=0.1000 bound.
2026-08-12 02:28:52 | sleep.weights.plasticity       | INFO  | Hard-clipped 6 w_cons parameters to delta_max=0.1000 bound.
2026-08-12 02:28:52 | sleep.weights.plasticity       | INFO  | Hard-clipped 6 w_cons parameters to delta_max=0.1000 bound.
2026-08-12 02:28:52 | sleep.weights.plasticity       | INFO  | Hard-clipped 6 w_cons parameters to delta_max=0.1000 bound.
2026-08-12 02:28:53 | sleep.weights.plasticity       | INFO  | Hard-clipped 6 w_cons parameters to delta_max=0.1000 bound.
2026-08-12 02:28:53 | sleep.weights.plasticity       | INFO  | Hard-clipped 6 w_cons parameters to delta_max=0.1000 bound.
2026-08-12 02:28:53 | sleep.weights.plasticity       | INFO  | Hard-clipped 6 w_cons parameters to delta_max=0.1000 bound.
2026-08-12 02:28:53 | sleep.weights.plasticity       | INFO  | Hard-clipped 6 w_cons parameters to delta_max=0.1000 bound.
2026-08-12 02:28:53 | sleep.weights.plasticity       | INFO  | Hard-clipped 6 w_cons parameters to delta_max=0.1000 bound.
2026-08-12 02:28:53 | sleep.weights.plasticity       | INFO  | Hard-clipped 6 w_cons parameters to delta_max=0.1000 bound.
2026-08-12 02:28:54 | sleep.weights.plasticity       | INFO  | Hard-clipped 5 w_cons parameters to delta_max=0.1000 bound.
2026-08-12 02:28:54 | sleep.weights.plasticity       | INFO  | Hard-clipped 6 w_cons parameters to delta_max=0.1000 bound.
2026-08-12 02:28:54 | sleep.weights.plasticity       | INFO  | Hard-clipped 6 w_cons parameters to delta_max=0.1000 bound.
2026-08-12 02:28:54 | sleep.weights.plasticity       | INFO  | Hard-clipped 6 w_cons parameters to delta_max=0.1000 bound.
2026-08-12 02:28:54 | sleep.weights.plasticity       | INFO  | Hard-clipped 5 w_cons parameters to delta_max=0.1000 bound.
2026-08-12 02:28:54 | sleep.sleep_engine.train       | INFO  |   distill step 400/400 | loss=1.1898 (kl=0.4251 ce=1.5294) | lr=0.00e+00
2026-08-12 02:28:54 | sleep.sleep_engine.train       | INFO  | Sleep distill-training complete | n_steps=400 | final_loss=1.1898 | mean_loss=0.6577
2026-08-12 02:28:54 | sleep.sleep_engine             | INFO  | Phase 3 complete: 400 steps, final_loss=1.1898, mean_loss=0.6577
2026-08-12 02:28:54 | sleep.sleep_engine             | INFO  | Phase 4/5: PPL CHECK (skipped — no benchmark data)
2026-08-12 02:28:54 | sleep.sleep_engine             | INFO  | Phase 5/5: VALIDATE & CLEANUP
2026-08-12 02:28:54 | sleep.weights.plasticity       | INFO  | Saved checkpoint for adapter 'w_cons': 44 parameters.
2026-08-12 02:28:54 | sleep.weights.plasticity       | INFO  | Restored 44 parameters for adapter 'w_cons' from checkpoint.
2026-08-12 02:28:55 | sleep.weights.plasticity       | INFO  | Restored 44 parameters for adapter 'w_cons' from checkpoint.
2026-08-12 02:29:05 | sleep.sleep_engine             | INFO  | Two-stage validation: 7/15 passed surprise, 7 also passed the mini-recall gate (self-grading gap = 0)
2026-08-12 02:29:05 | sleep.sleep_engine.cleanup     | INFO  | Cleanup complete | passed=7 | failed=8 | permanently_removed=0
2026-08-12 02:29:05 | sleep.sleep_engine             | INFO  | Phase 5 complete: consolidated=7, failed=8, permanently_removed=0
2026-08-12 02:29:05 | sleep.metrics                  | INFO  | summary | {'sleep_engine/n_candidates': 15, 'sleep_engine/n_replays_generated': 116, 'sleep_engine/n_replays_accepted': 116, 'sleep_engine/n_consolidated': 7, 'sleep_engine/n_failed': 8, 'sleep_engine/n_permanently_removed': 0, 'sleep_engine/rolled_back': False}
2026-08-12 02:29:05 | sleep.weights.kv_memory        | INFO  | bank cleared: freed 7 tags / 319 tokens
2026-08-12 02:29:05 | sleep.sleep_engine             | INFO  | KV bank cleared (7 entries removed)
2026-08-12 02:29:05 | sleep.sleep_engine             | INFO  | KV memory injection: ENABLED
2026-08-12 02:29:05 | sleep.sleep_engine             | INFO  | === Sleep cycle END ===
2026-08-12 02:32:51 | sleep.evaluation.recall        | INFO  | Recall evaluation: DRA=0.0917 across 120 cases
2026-08-12 02:33:28 | sleep.evaluation.recall        | INFO  | Recall evaluation: DRA=0.2667 across 20 cases
2026-08-12 02:33:28 | sleep.evaluation.preservation  | INFO  | Perplexity evaluation: PPL=5.3603 (mean_loss=1.6790, 62 tokens)
2026-08-12 02:33:28 | sleep.evaluation.preservation  | INFO  | BCP: 1.2281 (current_ppl=5.3603, original_ppl=4.3646)
2026-08-12 02:33:28 | sleep.experiment.08            | INFO  | [sleep Cycle 6 EVAL] DRA cumulative=0.092 (20/120 hits); DRA current=0.267 (6/20 hits); BCP=1.2281
2026-08-12 02:33:28 | sleep.experiment.08            | INFO  | ======================================================================
2026-08-12 02:33:28 | sleep.experiment.08            | INFO  | [SLEEP Cycle 7] Wake phase: 20 facts
2026-08-12 02:33:28 | sleep.experiment.08            | INFO  | ======================================================================
2026-08-12 02:33:28 | sleep.tagging                  | INFO  | step=121 | 2 tags created from 2 spans | buffer: 78/36208 (0.2%)
2026-08-12 02:33:29 | sleep.tagging                  | INFO  | step=122 | 1 tags created from 1 spans | buffer: 79/36208 (0.2%)
2026-08-12 02:33:29 | sleep.tagging                  | INFO  | step=124 | 1 tags created from 1 spans | buffer: 80/36208 (0.2%)
2026-08-12 02:33:29 | sleep.tagging                  | INFO  | step=125 | 1 tags created from 1 spans | buffer: 81/36208 (0.2%)
2026-08-12 02:33:29 | sleep.tagging                  | INFO  | step=126 | 1 tags created from 1 spans | buffer: 82/36208 (0.2%)
2026-08-12 02:33:29 | sleep.tagging                  | INFO  | step=129 | 1 tags created from 1 spans | buffer: 83/36208 (0.2%)
2026-08-12 02:33:29 | sleep.tagging                  | INFO  | step=131 | 2 tags created from 2 spans | buffer: 85/36208 (0.2%)
2026-08-12 02:33:29 | sleep.tagging                  | INFO  | step=132 | 2 tags created from 2 spans | buffer: 87/36208 (0.2%)
2026-08-12 02:33:30 | sleep.tagging                  | INFO  | step=135 | 1 tags created from 1 spans | buffer: 88/36208 (0.2%)
2026-08-12 02:33:30 | sleep.tagging                  | INFO  | step=136 | 1 tags created from 1 spans | buffer: 89/36208 (0.2%)
2026-08-12 02:33:30 | sleep.tagging                  | INFO  | step=137 | 1 tags created from 1 spans | buffer: 90/36208 (0.2%)
2026-08-12 02:33:30 | sleep.experiment.08            | INFO  | [Cycle 7] Wake summary: 20 facts -> 11 KV writes; bank: 487/20000 tokens
2026-08-12 02:33:30 | sleep.prp                      | INFO  | step=140 | PRP update: 17/3620 allocated (0%) | +10 -0 | threshold=0.221 | mean_score=0.192
2026-08-12 02:33:30 | sleep.experiment.08            | INFO  | [Cycle 7] PRP: 17 allocated, 17 consolidation candidates
2026-08-12 02:33:30 | sleep.sleep_engine             | INFO  | === Sleep cycle START | 17 candidates ===
2026-08-12 02:33:30 | sleep.sleep_engine             | INFO  | Phase 1/5: GENERATE (strategy=paraphrase)
2026-08-12 02:33:30 | sleep.sleep_engine             | INFO  | KV memory injection: DISABLED
2026-08-12 02:33:30 | sleep.sleep_engine             | INFO  | Phase 1 (paraphrase strategy): 182 wordings from 8 unique sources (17 candidates)
2026-08-12 02:33:30 | sleep.sleep_engine             | INFO  | Phase 1 complete: 182/17 replays generated
2026-08-12 02:33:30 | sleep.sleep_engine             | INFO  | Phase 2/5: QUALITY CHECK
2026-08-12 02:33:30 | sleep.sleep_engine             | INFO  | Phase 2 complete: 182/182 replays accepted
2026-08-12 02:33:30 | sleep.sleep_engine             | INFO  | Phase 3/5: TRAIN (182 accepted replays)
2026-08-12 02:33:30 | sleep.sleep_engine             | INFO  | KV memory injection: DISABLED
2026-08-12 02:33:30 | sleep.weights.plasticity       | INFO  | Saved checkpoint for adapter 'w_cons': 44 parameters.
2026-08-12 02:33:30 | sleep.weights.plasticity       | INFO  | Saved checkpoint for adapter 'w_cons': 44 parameters.
2026-08-12 02:33:30 | sleep.sleep_engine.train       | INFO  | Sleep distill-training: 8 facts | 400 steps | lr=1.00e-04 | T=2
2026-08-12 02:33:30 | sleep.sleep_engine.train       | INFO  |   distill step 1/400 | loss=2.1877 (kl=1.2924 ce=1.7907) | lr=2.50e-06
2026-08-12 02:33:37 | sleep.sleep_engine.train       | INFO  |   distill step 40/400 | loss=0.6034 (kl=0.3464 ce=0.5142) | lr=1.00e-04
2026-08-12 02:33:43 | sleep.sleep_engine.train       | INFO  |   distill step 80/400 | loss=0.4452 (kl=0.2813 ce=0.3277) | lr=9.70e-05
2026-08-12 02:33:49 | sleep.sleep_engine.train       | INFO  |   distill step 120/400 | loss=0.5821 (kl=0.4136 ce=0.3371) | lr=8.83e-05
2026-08-12 02:33:52 | sleep.weights.plasticity       | INFO  | Hard-clipped 1 w_cons parameters to delta_max=0.1000 bound.
2026-08-12 02:33:52 | sleep.weights.plasticity       | INFO  | Hard-clipped 1 w_cons parameters to delta_max=0.1000 bound.
2026-08-12 02:33:52 | sleep.weights.plasticity       | INFO  | Hard-clipped 2 w_cons parameters to delta_max=0.1000 bound.
2026-08-12 02:33:52 | sleep.weights.plasticity       | INFO  | Hard-clipped 2 w_cons parameters to delta_max=0.1000 bound.
2026-08-12 02:33:52 | sleep.weights.plasticity       | INFO  | Hard-clipped 2 w_cons parameters to delta_max=0.1000 bound.
2026-08-12 02:33:52 | sleep.weights.plasticity       | INFO  | Hard-clipped 2 w_cons parameters to delta_max=0.1000 bound.
2026-08-12 02:33:53 | sleep.weights.plasticity       | INFO  | Hard-clipped 2 w_cons parameters to delta_max=0.1000 bound.
2026-08-12 02:33:53 | sleep.weights.plasticity       | INFO  | Hard-clipped 2 w_cons parameters to delta_max=0.1000 bound.
2026-08-12 02:33:53 | sleep.weights.plasticity       | INFO  | Hard-clipped 2 w_cons parameters to delta_max=0.1000 bound.
2026-08-12 02:33:53 | sleep.weights.plasticity       | INFO  | Hard-clipped 2 w_cons parameters to delta_max=0.1000 bound.
2026-08-12 02:33:53 | sleep.weights.plasticity       | INFO  | Hard-clipped 2 w_cons parameters to delta_max=0.1000 bound.
2026-08-12 02:33:53 | sleep.weights.plasticity       | INFO  | Hard-clipped 2 w_cons parameters to delta_max=0.1000 bound.
2026-08-12 02:33:54 | sleep.weights.plasticity       | INFO  | Hard-clipped 2 w_cons parameters to delta_max=0.1000 bound.
2026-08-12 02:33:54 | sleep.weights.plasticity       | INFO  | Hard-clipped 2 w_cons parameters to delta_max=0.1000 bound.
2026-08-12 02:33:54 | sleep.weights.plasticity       | INFO  | Hard-clipped 2 w_cons parameters to delta_max=0.1000 bound.
2026-08-12 02:33:54 | sleep.weights.plasticity       | INFO  | Hard-clipped 2 w_cons parameters to delta_max=0.1000 bound.
2026-08-12 02:33:54 | sleep.weights.plasticity       | INFO  | Hard-clipped 2 w_cons parameters to delta_max=0.1000 bound.
2026-08-12 02:33:54 | sleep.weights.plasticity       | INFO  | Hard-clipped 2 w_cons parameters to delta_max=0.1000 bound.
2026-08-12 02:33:54 | sleep.weights.plasticity       | INFO  | Hard-clipped 2 w_cons parameters to delta_max=0.1000 bound.
2026-08-12 02:33:55 | sleep.weights.plasticity       | INFO  | Hard-clipped 2 w_cons parameters to delta_max=0.1000 bound.
2026-08-12 02:33:55 | sleep.weights.plasticity       | INFO  | Hard-clipped 2 w_cons parameters to delta_max=0.1000 bound.
2026-08-12 02:33:55 | sleep.weights.plasticity       | INFO  | Hard-clipped 2 w_cons parameters to delta_max=0.1000 bound.
2026-08-12 02:33:55 | sleep.weights.plasticity       | INFO  | Hard-clipped 2 w_cons parameters to delta_max=0.1000 bound.
2026-08-12 02:33:55 | sleep.weights.plasticity       | INFO  | Hard-clipped 2 w_cons parameters to delta_max=0.1000 bound.
2026-08-12 02:33:55 | sleep.weights.plasticity       | INFO  | Hard-clipped 2 w_cons parameters to delta_max=0.1000 bound.
2026-08-12 02:33:56 | sleep.weights.plasticity       | INFO  | Hard-clipped 2 w_cons parameters to delta_max=0.1000 bound.
2026-08-12 02:33:56 | sleep.weights.plasticity       | INFO  | Hard-clipped 2 w_cons parameters to delta_max=0.1000 bound.
2026-08-12 02:33:56 | sleep.sleep_engine.train       | INFO  |   distill step 160/400 | loss=0.9089 (kl=0.5360 ce=0.7459) | lr=7.50e-05
2026-08-12 02:33:56 | sleep.weights.plasticity       | INFO  | Hard-clipped 2 w_cons parameters to delta_max=0.1000 bound.
2026-08-12 02:33:56 | sleep.weights.plasticity       | INFO  | Hard-clipped 2 w_cons parameters to delta_max=0.1000 bound.
2026-08-12 02:33:56 | sleep.weights.plasticity       | INFO  | Hard-clipped 2 w_cons parameters to delta_max=0.1000 bound.
2026-08-12 02:33:56 | sleep.weights.plasticity       | INFO  | Hard-clipped 2 w_cons parameters to delta_max=0.1000 bound.
2026-08-12 02:33:56 | sleep.weights.plasticity       | INFO  | Hard-clipped 2 w_cons parameters to delta_max=0.1000 bound.
2026-08-12 02:33:57 | sleep.weights.plasticity       | INFO  | Hard-clipped 2 w_cons parameters to delta_max=0.1000 bound.
2026-08-12 02:33:57 | sleep.weights.plasticity       | INFO  | Hard-clipped 2 w_cons parameters to delta_max=0.1000 bound.
2026-08-12 02:33:57 | sleep.weights.plasticity       | INFO  | Hard-clipped 2 w_cons parameters to delta_max=0.1000 bound.
2026-08-12 02:33:57 | sleep.weights.plasticity       | INFO  | Hard-clipped 2 w_cons parameters to delta_max=0.1000 bound.
2026-08-12 02:33:57 | sleep.weights.plasticity       | INFO  | Hard-clipped 2 w_cons parameters to delta_max=0.1000 bound.
2026-08-12 02:33:57 | sleep.weights.plasticity       | INFO  | Hard-clipped 2 w_cons parameters to delta_max=0.1000 bound.
2026-08-12 02:33:58 | sleep.weights.plasticity       | INFO  | Hard-clipped 2 w_cons parameters to delta_max=0.1000 bound.
2026-08-12 02:33:58 | sleep.weights.plasticity       | INFO  | Hard-clipped 3 w_cons parameters to delta_max=0.1000 bound.
2026-08-12 02:33:58 | sleep.weights.plasticity       | INFO  | Hard-clipped 3 w_cons parameters to delta_max=0.1000 bound.
2026-08-12 02:33:58 | sleep.weights.plasticity       | INFO  | Hard-clipped 4 w_cons parameters to delta_max=0.1000 bound.
2026-08-12 02:33:58 | sleep.weights.plasticity       | INFO  | Hard-clipped 4 w_cons parameters to delta_max=0.1000 bound.
2026-08-12 02:33:58 | sleep.weights.plasticity       | INFO  | Hard-clipped 4 w_cons parameters to delta_max=0.1000 bound.
2026-08-12 02:33:59 | sleep.weights.plasticity       | INFO  | Hard-clipped 4 w_cons parameters to delta_max=0.1000 bound.
2026-08-12 02:33:59 | sleep.weights.plasticity       | INFO  | Hard-clipped 4 w_cons parameters to delta_max=0.1000 bound.
2026-08-12 02:33:59 | sleep.weights.plasticity       | INFO  | Hard-clipped 4 w_cons parameters to delta_max=0.1000 bound.
2026-08-12 02:33:59 | sleep.weights.plasticity       | INFO  | Hard-clipped 3 w_cons parameters to delta_max=0.1000 bound.
2026-08-12 02:33:59 | sleep.weights.plasticity       | INFO  | Hard-clipped 4 w_cons parameters to delta_max=0.1000 bound.
2026-08-12 02:33:59 | sleep.weights.plasticity       | INFO  | Hard-clipped 4 w_cons parameters to delta_max=0.1000 bound.
2026-08-12 02:34:00 | sleep.weights.plasticity       | INFO  | Hard-clipped 4 w_cons parameters to delta_max=0.1000 bound.
2026-08-12 02:34:00 | sleep.weights.plasticity       | INFO  | Hard-clipped 4 w_cons parameters to delta_max=0.1000 bound.
2026-08-12 02:34:00 | sleep.weights.plasticity       | INFO  | Hard-clipped 3 w_cons parameters to delta_max=0.1000 bound.
2026-08-12 02:34:00 | sleep.weights.plasticity       | INFO  | Hard-clipped 4 w_cons parameters to delta_max=0.1000 bound.
2026-08-12 02:34:00 | sleep.weights.plasticity       | INFO  | Hard-clipped 4 w_cons parameters to delta_max=0.1000 bound.
2026-08-12 02:34:00 | sleep.weights.plasticity       | INFO  | Hard-clipped 4 w_cons parameters to delta_max=0.1000 bound.
2026-08-12 02:34:00 | sleep.weights.plasticity       | INFO  | Hard-clipped 4 w_cons parameters to delta_max=0.1000 bound.
2026-08-12 02:34:01 | sleep.weights.plasticity       | INFO  | Hard-clipped 4 w_cons parameters to delta_max=0.1000 bound.
2026-08-12 02:34:01 | sleep.weights.plasticity       | INFO  | Hard-clipped 4 w_cons parameters to delta_max=0.1000 bound.
2026-08-12 02:34:01 | sleep.weights.plasticity       | INFO  | Hard-clipped 4 w_cons parameters to delta_max=0.1000 bound.
2026-08-12 02:34:01 | sleep.weights.plasticity       | INFO  | Hard-clipped 4 w_cons parameters to delta_max=0.1000 bound.
2026-08-12 02:34:01 | sleep.weights.plasticity       | INFO  | Hard-clipped 4 w_cons parameters to delta_max=0.1000 bound.
2026-08-12 02:34:01 | sleep.weights.plasticity       | INFO  | Hard-clipped 4 w_cons parameters to delta_max=0.1000 bound.
2026-08-12 02:34:01 | sleep.weights.plasticity       | INFO  | Hard-clipped 4 w_cons parameters to delta_max=0.1000 bound.
2026-08-12 02:34:02 | sleep.weights.plasticity       | INFO  | Hard-clipped 4 w_cons parameters to delta_max=0.1000 bound.
2026-08-12 02:34:02 | sleep.weights.plasticity       | INFO  | Hard-clipped 4 w_cons parameters to delta_max=0.1000 bound.
2026-08-12 02:34:02 | sleep.weights.plasticity       | INFO  | Hard-clipped 4 w_cons parameters to delta_max=0.1000 bound.
2026-08-12 02:34:02 | sleep.sleep_engine.train       | INFO  |   distill step 200/400 | loss=0.5407 (kl=0.3355 ce=0.4104) | lr=5.87e-05
2026-08-12 02:34:02 | sleep.weights.plasticity       | INFO  | Hard-clipped 4 w_cons parameters to delta_max=0.1000 bound.
2026-08-12 02:34:02 | sleep.weights.plasticity       | INFO  | Hard-clipped 4 w_cons parameters to delta_max=0.1000 bound.
2026-08-12 02:34:02 | sleep.weights.plasticity       | INFO  | Hard-clipped 4 w_cons parameters to delta_max=0.1000 bound.
2026-08-12 02:34:03 | sleep.weights.plasticity       | INFO  | Hard-clipped 4 w_cons parameters to delta_max=0.1000 bound.
2026-08-12 02:34:03 | sleep.weights.plasticity       | INFO  | Hard-clipped 4 w_cons parameters to delta_max=0.1000 bound.
2026-08-12 02:34:03 | sleep.weights.plasticity       | INFO  | Hard-clipped 4 w_cons parameters to delta_max=0.1000 bound.
2026-08-12 02:34:03 | sleep.weights.plasticity       | INFO  | Hard-clipped 4 w_cons parameters to delta_max=0.1000 bound.
2026-08-12 02:34:03 | sleep.weights.plasticity       | INFO  | Hard-clipped 4 w_cons parameters to delta_max=0.1000 bound.
2026-08-12 02:34:03 | sleep.weights.plasticity       | INFO  | Hard-clipped 4 w_cons parameters to delta_max=0.1000 bound.
2026-08-12 02:34:04 | sleep.weights.plasticity       | INFO  | Hard-clipped 4 w_cons parameters to delta_max=0.1000 bound.
2026-08-12 02:34:04 | sleep.weights.plasticity       | INFO  | Hard-clipped 4 w_cons parameters to delta_max=0.1000 bound.
2026-08-12 02:34:04 | sleep.weights.plasticity       | INFO  | Hard-clipped 4 w_cons parameters to delta_max=0.1000 bound.
2026-08-12 02:34:04 | sleep.weights.plasticity       | INFO  | Hard-clipped 4 w_cons parameters to delta_max=0.1000 bound.
2026-08-12 02:34:04 | sleep.weights.plasticity       | INFO  | Hard-clipped 4 w_cons parameters to delta_max=0.1000 bound.
2026-08-12 02:34:04 | sleep.weights.plasticity       | INFO  | Hard-clipped 4 w_cons parameters to delta_max=0.1000 bound.
2026-08-12 02:34:05 | sleep.weights.plasticity       | INFO  | Hard-clipped 4 w_cons parameters to delta_max=0.1000 bound.
2026-08-12 02:34:05 | sleep.weights.plasticity       | INFO  | Hard-clipped 4 w_cons parameters to delta_max=0.1000 bound.
2026-08-12 02:34:05 | sleep.weights.plasticity       | INFO  | Hard-clipped 4 w_cons parameters to delta_max=0.1000 bound.
2026-08-12 02:34:05 | sleep.weights.plasticity       | INFO  | Hard-clipped 4 w_cons parameters to delta_max=0.1000 bound.
2026-08-12 02:34:05 | sleep.weights.plasticity       | INFO  | Hard-clipped 4 w_cons parameters to delta_max=0.1000 bound.
2026-08-12 02:34:05 | sleep.weights.plasticity       | INFO  | Hard-clipped 4 w_cons parameters to delta_max=0.1000 bound.
2026-08-12 02:34:06 | sleep.weights.plasticity       | INFO  | Hard-clipped 4 w_cons parameters to delta_max=0.1000 bound.
2026-08-12 02:34:06 | sleep.weights.plasticity       | INFO  | Hard-clipped 4 w_cons parameters to delta_max=0.1000 bound.
2026-08-12 02:34:06 | sleep.weights.plasticity       | INFO  | Hard-clipped 4 w_cons parameters to delta_max=0.1000 bound.
2026-08-12 02:34:06 | sleep.weights.plasticity       | INFO  | Hard-clipped 4 w_cons parameters to delta_max=0.1000 bound.
2026-08-12 02:34:06 | sleep.weights.plasticity       | INFO  | Hard-clipped 4 w_cons parameters to delta_max=0.1000 bound.
2026-08-12 02:34:06 | sleep.weights.plasticity       | INFO  | Hard-clipped 4 w_cons parameters to delta_max=0.1000 bound.
2026-08-12 02:34:07 | sleep.weights.plasticity       | INFO  | Hard-clipped 4 w_cons parameters to delta_max=0.1000 bound.
2026-08-12 02:34:07 | sleep.weights.plasticity       | INFO  | Hard-clipped 4 w_cons parameters to delta_max=0.1000 bound.
2026-08-12 02:34:07 | sleep.weights.plasticity       | INFO  | Hard-clipped 4 w_cons parameters to delta_max=0.1000 bound.
2026-08-12 02:34:07 | sleep.weights.plasticity       | INFO  | Hard-clipped 4 w_cons parameters to delta_max=0.1000 bound.
2026-08-12 02:34:07 | sleep.weights.plasticity       | INFO  | Hard-clipped 4 w_cons parameters to delta_max=0.1000 bound.
2026-08-12 02:34:07 | sleep.weights.plasticity       | INFO  | Hard-clipped 4 w_cons parameters to delta_max=0.1000 bound.
2026-08-12 02:34:07 | sleep.weights.plasticity       | INFO  | Hard-clipped 4 w_cons parameters to delta_max=0.1000 bound.
2026-08-12 02:34:08 | sleep.weights.plasticity       | INFO  | Hard-clipped 4 w_cons parameters to delta_max=0.1000 bound.
2026-08-12 02:34:08 | sleep.weights.plasticity       | INFO  | Hard-clipped 4 w_cons parameters to delta_max=0.1000 bound.
2026-08-12 02:34:08 | sleep.weights.plasticity       | INFO  | Hard-clipped 4 w_cons parameters to delta_max=0.1000 bound.
2026-08-12 02:34:08 | sleep.weights.plasticity       | INFO  | Hard-clipped 4 w_cons parameters to delta_max=0.1000 bound.
2026-08-12 02:34:08 | sleep.weights.plasticity       | INFO  | Hard-clipped 4 w_cons parameters to delta_max=0.1000 bound.
2026-08-12 02:34:08 | sleep.weights.plasticity       | INFO  | Hard-clipped 4 w_cons parameters to delta_max=0.1000 bound.
2026-08-12 02:34:08 | sleep.sleep_engine.train       | INFO  |   distill step 240/400 | loss=0.8922 (kl=0.4874 ce=0.8095) | lr=4.13e-05
2026-08-12 02:34:09 | sleep.weights.plasticity       | INFO  | Hard-clipped 3 w_cons parameters to delta_max=0.1000 bound.
2026-08-12 02:34:09 | sleep.weights.plasticity       | INFO  | Hard-clipped 3 w_cons parameters to delta_max=0.1000 bound.
2026-08-12 02:34:09 | sleep.weights.plasticity       | INFO  | Hard-clipped 3 w_cons parameters to delta_max=0.1000 bound.
2026-08-12 02:34:09 | sleep.weights.plasticity       | INFO  | Hard-clipped 3 w_cons parameters to delta_max=0.1000 bound.
2026-08-12 02:34:09 | sleep.weights.plasticity       | INFO  | Hard-clipped 4 w_cons parameters to delta_max=0.1000 bound.
2026-08-12 02:34:09 | sleep.weights.plasticity       | INFO  | Hard-clipped 4 w_cons parameters to delta_max=0.1000 bound.
2026-08-12 02:34:10 | sleep.weights.plasticity       | INFO  | Hard-clipped 4 w_cons parameters to delta_max=0.1000 bound.
2026-08-12 02:34:10 | sleep.weights.plasticity       | INFO  | Hard-clipped 4 w_cons parameters to delta_max=0.1000 bound.
2026-08-12 02:34:10 | sleep.weights.plasticity       | INFO  | Hard-clipped 4 w_cons parameters to delta_max=0.1000 bound.
2026-08-12 02:34:10 | sleep.weights.plasticity       | INFO  | Hard-clipped 4 w_cons parameters to delta_max=0.1000 bound.
2026-08-12 02:34:10 | sleep.weights.plasticity       | INFO  | Hard-clipped 4 w_cons parameters to delta_max=0.1000 bound.
2026-08-12 02:34:10 | sleep.weights.plasticity       | INFO  | Hard-clipped 4 w_cons parameters to delta_max=0.1000 bound.
2026-08-12 02:34:11 | sleep.weights.plasticity       | INFO  | Hard-clipped 4 w_cons parameters to delta_max=0.1000 bound.
2026-08-12 02:34:11 | sleep.weights.plasticity       | INFO  | Hard-clipped 4 w_cons parameters to delta_max=0.1000 bound.
2026-08-12 02:34:11 | sleep.weights.plasticity       | INFO  | Hard-clipped 4 w_cons parameters to delta_max=0.1000 bound.
2026-08-12 02:34:11 | sleep.weights.plasticity       | INFO  | Hard-clipped 4 w_cons parameters to delta_max=0.1000 bound.
2026-08-12 02:34:11 | sleep.weights.plasticity       | INFO  | Hard-clipped 4 w_cons parameters to delta_max=0.1000 bound.
2026-08-12 02:34:11 | sleep.weights.plasticity       | INFO  | Hard-clipped 4 w_cons parameters to delta_max=0.1000 bound.
2026-08-12 02:34:12 | sleep.weights.plasticity       | INFO  | Hard-clipped 4 w_cons parameters to delta_max=0.1000 bound.
2026-08-12 02:34:12 | sleep.weights.plasticity       | INFO  | Hard-clipped 4 w_cons parameters to delta_max=0.1000 bound.
2026-08-12 02:34:12 | sleep.weights.plasticity       | INFO  | Hard-clipped 4 w_cons parameters to delta_max=0.1000 bound.
2026-08-12 02:34:12 | sleep.weights.plasticity       | INFO  | Hard-clipped 3 w_cons parameters to delta_max=0.1000 bound.
2026-08-12 02:34:12 | sleep.weights.plasticity       | INFO  | Hard-clipped 3 w_cons parameters to delta_max=0.1000 bound.
2026-08-12 02:34:12 | sleep.weights.plasticity       | INFO  | Hard-clipped 3 w_cons parameters to delta_max=0.1000 bound.
2026-08-12 02:34:12 | sleep.weights.plasticity       | INFO  | Hard-clipped 3 w_cons parameters to delta_max=0.1000 bound.
2026-08-12 02:34:13 | sleep.weights.plasticity       | INFO  | Hard-clipped 3 w_cons parameters to delta_max=0.1000 bound.
2026-08-12 02:34:13 | sleep.weights.plasticity       | INFO  | Hard-clipped 3 w_cons parameters to delta_max=0.1000 bound.
2026-08-12 02:34:13 | sleep.weights.plasticity       | INFO  | Hard-clipped 3 w_cons parameters to delta_max=0.1000 bound.
2026-08-12 02:34:13 | sleep.weights.plasticity       | INFO  | Hard-clipped 4 w_cons parameters to delta_max=0.1000 bound.
2026-08-12 02:34:13 | sleep.weights.plasticity       | INFO  | Hard-clipped 4 w_cons parameters to delta_max=0.1000 bound.
2026-08-12 02:34:13 | sleep.weights.plasticity       | INFO  | Hard-clipped 4 w_cons parameters to delta_max=0.1000 bound.
2026-08-12 02:34:14 | sleep.weights.plasticity       | INFO  | Hard-clipped 3 w_cons parameters to delta_max=0.1000 bound.
2026-08-12 02:34:14 | sleep.weights.plasticity       | INFO  | Hard-clipped 3 w_cons parameters to delta_max=0.1000 bound.
2026-08-12 02:34:14 | sleep.weights.plasticity       | INFO  | Hard-clipped 3 w_cons parameters to delta_max=0.1000 bound.
2026-08-12 02:34:14 | sleep.weights.plasticity       | INFO  | Hard-clipped 4 w_cons parameters to delta_max=0.1000 bound.
2026-08-12 02:34:14 | sleep.weights.plasticity       | INFO  | Hard-clipped 4 w_cons parameters to delta_max=0.1000 bound.
2026-08-12 02:34:14 | sleep.weights.plasticity       | INFO  | Hard-clipped 4 w_cons parameters to delta_max=0.1000 bound.
2026-08-12 02:34:15 | sleep.weights.plasticity       | INFO  | Hard-clipped 4 w_cons parameters to delta_max=0.1000 bound.
2026-08-12 02:34:15 | sleep.weights.plasticity       | INFO  | Hard-clipped 4 w_cons parameters to delta_max=0.1000 bound.
2026-08-12 02:34:15 | sleep.weights.plasticity       | INFO  | Hard-clipped 4 w_cons parameters to delta_max=0.1000 bound.
2026-08-12 02:34:15 | sleep.sleep_engine.train       | INFO  |   distill step 280/400 | loss=0.5313 (kl=0.3196 ce=0.4233) | lr=2.50e-05
2026-08-12 02:34:15 | sleep.weights.plasticity       | INFO  | Hard-clipped 3 w_cons parameters to delta_max=0.1000 bound.
2026-08-12 02:34:15 | sleep.weights.plasticity       | INFO  | Hard-clipped 3 w_cons parameters to delta_max=0.1000 bound.
2026-08-12 02:34:15 | sleep.weights.plasticity       | INFO  | Hard-clipped 3 w_cons parameters to delta_max=0.1000 bound.
2026-08-12 02:34:16 | sleep.weights.plasticity       | INFO  | Hard-clipped 3 w_cons parameters to delta_max=0.1000 bound.
2026-08-12 02:34:16 | sleep.weights.plasticity       | INFO  | Hard-clipped 4 w_cons parameters to delta_max=0.1000 bound.
2026-08-12 02:34:16 | sleep.weights.plasticity       | INFO  | Hard-clipped 3 w_cons parameters to delta_max=0.1000 bound.
2026-08-12 02:34:16 | sleep.weights.plasticity       | INFO  | Hard-clipped 4 w_cons parameters to delta_max=0.1000 bound.
2026-08-12 02:34:16 | sleep.weights.plasticity       | INFO  | Hard-clipped 4 w_cons parameters to delta_max=0.1000 bound.
2026-08-12 02:34:16 | sleep.weights.plasticity       | INFO  | Hard-clipped 2 w_cons parameters to delta_max=0.1000 bound.
2026-08-12 02:34:17 | sleep.weights.plasticity       | INFO  | Hard-clipped 2 w_cons parameters to delta_max=0.1000 bound.
2026-08-12 02:34:17 | sleep.weights.plasticity       | INFO  | Hard-clipped 2 w_cons parameters to delta_max=0.1000 bound.
2026-08-12 02:34:17 | sleep.weights.plasticity       | INFO  | Hard-clipped 2 w_cons parameters to delta_max=0.1000 bound.
2026-08-12 02:34:17 | sleep.weights.plasticity       | INFO  | Hard-clipped 2 w_cons parameters to delta_max=0.1000 bound.
2026-08-12 02:34:17 | sleep.weights.plasticity       | INFO  | Hard-clipped 3 w_cons parameters to delta_max=0.1000 bound.
2026-08-12 02:34:17 | sleep.weights.plasticity       | INFO  | Hard-clipped 4 w_cons parameters to delta_max=0.1000 bound.
2026-08-12 02:34:18 | sleep.weights.plasticity       | INFO  | Hard-clipped 4 w_cons parameters to delta_max=0.1000 bound.
2026-08-12 02:34:18 | sleep.weights.plasticity       | INFO  | Hard-clipped 4 w_cons parameters to delta_max=0.1000 bound.
2026-08-12 02:34:18 | sleep.weights.plasticity       | INFO  | Hard-clipped 4 w_cons parameters to delta_max=0.1000 bound.
2026-08-12 02:34:18 | sleep.weights.plasticity       | INFO  | Hard-clipped 4 w_cons parameters to delta_max=0.1000 bound.
2026-08-12 02:34:18 | sleep.weights.plasticity       | INFO  | Hard-clipped 4 w_cons parameters to delta_max=0.1000 bound.
2026-08-12 02:34:18 | sleep.weights.plasticity       | INFO  | Hard-clipped 4 w_cons parameters to delta_max=0.1000 bound.
2026-08-12 02:34:19 | sleep.weights.plasticity       | INFO  | Hard-clipped 4 w_cons parameters to delta_max=0.1000 bound.
2026-08-12 02:34:19 | sleep.weights.plasticity       | INFO  | Hard-clipped 4 w_cons parameters to delta_max=0.1000 bound.
2026-08-12 02:34:19 | sleep.weights.plasticity       | INFO  | Hard-clipped 4 w_cons parameters to delta_max=0.1000 bound.
2026-08-12 02:34:19 | sleep.weights.plasticity       | INFO  | Hard-clipped 4 w_cons parameters to delta_max=0.1000 bound.
2026-08-12 02:34:19 | sleep.weights.plasticity       | INFO  | Hard-clipped 4 w_cons parameters to delta_max=0.1000 bound.
2026-08-12 02:34:19 | sleep.weights.plasticity       | INFO  | Hard-clipped 4 w_cons parameters to delta_max=0.1000 bound.
2026-08-12 02:34:19 | sleep.weights.plasticity       | INFO  | Hard-clipped 4 w_cons parameters to delta_max=0.1000 bound.
2026-08-12 02:34:20 | sleep.weights.plasticity       | INFO  | Hard-clipped 4 w_cons parameters to delta_max=0.1000 bound.
2026-08-12 02:34:20 | sleep.weights.plasticity       | INFO  | Hard-clipped 4 w_cons parameters to delta_max=0.1000 bound.
2026-08-12 02:34:20 | sleep.weights.plasticity       | INFO  | Hard-clipped 4 w_cons parameters to delta_max=0.1000 bound.
2026-08-12 02:34:20 | sleep.weights.plasticity       | INFO  | Hard-clipped 4 w_cons parameters to delta_max=0.1000 bound.
2026-08-12 02:34:20 | sleep.weights.plasticity       | INFO  | Hard-clipped 4 w_cons parameters to delta_max=0.1000 bound.
2026-08-12 02:34:20 | sleep.weights.plasticity       | INFO  | Hard-clipped 4 w_cons parameters to delta_max=0.1000 bound.
2026-08-12 02:34:21 | sleep.weights.plasticity       | INFO  | Hard-clipped 4 w_cons parameters to delta_max=0.1000 bound.
2026-08-12 02:34:21 | sleep.weights.plasticity       | INFO  | Hard-clipped 4 w_cons parameters to delta_max=0.1000 bound.
2026-08-12 02:34:21 | sleep.weights.plasticity       | INFO  | Hard-clipped 4 w_cons parameters to delta_max=0.1000 bound.
2026-08-12 02:34:21 | sleep.weights.plasticity       | INFO  | Hard-clipped 4 w_cons parameters to delta_max=0.1000 bound.
2026-08-12 02:34:21 | sleep.weights.plasticity       | INFO  | Hard-clipped 4 w_cons parameters to delta_max=0.1000 bound.
2026-08-12 02:34:21 | sleep.weights.plasticity       | INFO  | Hard-clipped 4 w_cons parameters to delta_max=0.1000 bound.
2026-08-12 02:34:21 | sleep.sleep_engine.train       | INFO  |   distill step 320/400 | loss=0.4640 (kl=0.2799 ce=0.3681) | lr=1.17e-05
2026-08-12 02:34:22 | sleep.weights.plasticity       | INFO  | Hard-clipped 4 w_cons parameters to delta_max=0.1000 bound.
2026-08-12 02:34:22 | sleep.weights.plasticity       | INFO  | Hard-clipped 4 w_cons parameters to delta_max=0.1000 bound.
2026-08-12 02:34:22 | sleep.weights.plasticity       | INFO  | Hard-clipped 4 w_cons parameters to delta_max=0.1000 bound.
2026-08-12 02:34:22 | sleep.weights.plasticity       | INFO  | Hard-clipped 4 w_cons parameters to delta_max=0.1000 bound.
2026-08-12 02:34:22 | sleep.weights.plasticity       | INFO  | Hard-clipped 4 w_cons parameters to delta_max=0.1000 bound.
2026-08-12 02:34:22 | sleep.weights.plasticity       | INFO  | Hard-clipped 4 w_cons parameters to delta_max=0.1000 bound.
2026-08-12 02:34:23 | sleep.weights.plasticity       | INFO  | Hard-clipped 4 w_cons parameters to delta_max=0.1000 bound.
2026-08-12 02:34:23 | sleep.weights.plasticity       | INFO  | Hard-clipped 4 w_cons parameters to delta_max=0.1000 bound.
2026-08-12 02:34:23 | sleep.weights.plasticity       | INFO  | Hard-clipped 4 w_cons parameters to delta_max=0.1000 bound.
2026-08-12 02:34:23 | sleep.weights.plasticity       | INFO  | Hard-clipped 4 w_cons parameters to delta_max=0.1000 bound.
2026-08-12 02:34:23 | sleep.weights.plasticity       | INFO  | Hard-clipped 4 w_cons parameters to delta_max=0.1000 bound.
2026-08-12 02:34:23 | sleep.weights.plasticity       | INFO  | Hard-clipped 4 w_cons parameters to delta_max=0.1000 bound.
2026-08-12 02:34:24 | sleep.weights.plasticity       | INFO  | Hard-clipped 4 w_cons parameters to delta_max=0.1000 bound.
2026-08-12 02:34:24 | sleep.weights.plasticity       | INFO  | Hard-clipped 4 w_cons parameters to delta_max=0.1000 bound.
2026-08-12 02:34:24 | sleep.weights.plasticity       | INFO  | Hard-clipped 4 w_cons parameters to delta_max=0.1000 bound.
2026-08-12 02:34:24 | sleep.weights.plasticity       | INFO  | Hard-clipped 4 w_cons parameters to delta_max=0.1000 bound.
2026-08-12 02:34:24 | sleep.weights.plasticity       | INFO  | Hard-clipped 4 w_cons parameters to delta_max=0.1000 bound.
2026-08-12 02:34:24 | sleep.weights.plasticity       | INFO  | Hard-clipped 4 w_cons parameters to delta_max=0.1000 bound.
2026-08-12 02:34:24 | sleep.weights.plasticity       | INFO  | Hard-clipped 4 w_cons parameters to delta_max=0.1000 bound.
2026-08-12 02:34:25 | sleep.weights.plasticity       | INFO  | Hard-clipped 4 w_cons parameters to delta_max=0.1000 bound.
2026-08-12 02:34:25 | sleep.weights.plasticity       | INFO  | Hard-clipped 4 w_cons parameters to delta_max=0.1000 bound.
2026-08-12 02:34:25 | sleep.weights.plasticity       | INFO  | Hard-clipped 4 w_cons parameters to delta_max=0.1000 bound.
2026-08-12 02:34:25 | sleep.weights.plasticity       | INFO  | Hard-clipped 4 w_cons parameters to delta_max=0.1000 bound.
2026-08-12 02:34:25 | sleep.weights.plasticity       | INFO  | Hard-clipped 4 w_cons parameters to delta_max=0.1000 bound.
2026-08-12 02:34:25 | sleep.weights.plasticity       | INFO  | Hard-clipped 3 w_cons parameters to delta_max=0.1000 bound.
2026-08-12 02:34:26 | sleep.weights.plasticity       | INFO  | Hard-clipped 4 w_cons parameters to delta_max=0.1000 bound.
2026-08-12 02:34:26 | sleep.weights.plasticity       | INFO  | Hard-clipped 4 w_cons parameters to delta_max=0.1000 bound.
2026-08-12 02:34:26 | sleep.weights.plasticity       | INFO  | Hard-clipped 4 w_cons parameters to delta_max=0.1000 bound.
2026-08-12 02:34:26 | sleep.weights.plasticity       | INFO  | Hard-clipped 4 w_cons parameters to delta_max=0.1000 bound.
2026-08-12 02:34:26 | sleep.weights.plasticity       | INFO  | Hard-clipped 4 w_cons parameters to delta_max=0.1000 bound.
2026-08-12 02:34:26 | sleep.weights.plasticity       | INFO  | Hard-clipped 4 w_cons parameters to delta_max=0.1000 bound.
2026-08-12 02:34:27 | sleep.weights.plasticity       | INFO  | Hard-clipped 4 w_cons parameters to delta_max=0.1000 bound.
2026-08-12 02:34:27 | sleep.weights.plasticity       | INFO  | Hard-clipped 1 w_cons parameters to delta_max=0.1000 bound.
2026-08-12 02:34:27 | sleep.weights.plasticity       | INFO  | Hard-clipped 1 w_cons parameters to delta_max=0.1000 bound.
2026-08-12 02:34:27 | sleep.weights.plasticity       | INFO  | Hard-clipped 1 w_cons parameters to delta_max=0.1000 bound.
2026-08-12 02:34:27 | sleep.weights.plasticity       | INFO  | Hard-clipped 1 w_cons parameters to delta_max=0.1000 bound.
2026-08-12 02:34:27 | sleep.weights.plasticity       | INFO  | Hard-clipped 1 w_cons parameters to delta_max=0.1000 bound.
2026-08-12 02:34:27 | sleep.weights.plasticity       | INFO  | Hard-clipped 1 w_cons parameters to delta_max=0.1000 bound.
2026-08-12 02:34:28 | sleep.weights.plasticity       | INFO  | Hard-clipped 1 w_cons parameters to delta_max=0.1000 bound.
2026-08-12 02:34:28 | sleep.weights.plasticity       | INFO  | Hard-clipped 1 w_cons parameters to delta_max=0.1000 bound.
2026-08-12 02:34:28 | sleep.sleep_engine.train       | INFO  |   distill step 360/400 | loss=0.2686 (kl=0.1870 ce=0.1631) | lr=3.02e-06
2026-08-12 02:34:28 | sleep.weights.plasticity       | INFO  | Hard-clipped 1 w_cons parameters to delta_max=0.1000 bound.
2026-08-12 02:34:28 | sleep.weights.plasticity       | INFO  | Hard-clipped 1 w_cons parameters to delta_max=0.1000 bound.
2026-08-12 02:34:28 | sleep.weights.plasticity       | INFO  | Hard-clipped 1 w_cons parameters to delta_max=0.1000 bound.
2026-08-12 02:34:28 | sleep.weights.plasticity       | INFO  | Hard-clipped 1 w_cons parameters to delta_max=0.1000 bound.
2026-08-12 02:34:29 | sleep.weights.plasticity       | INFO  | Hard-clipped 1 w_cons parameters to delta_max=0.1000 bound.
2026-08-12 02:34:29 | sleep.weights.plasticity       | INFO  | Hard-clipped 1 w_cons parameters to delta_max=0.1000 bound.
2026-08-12 02:34:29 | sleep.weights.plasticity       | INFO  | Hard-clipped 1 w_cons parameters to delta_max=0.1000 bound.
2026-08-12 02:34:29 | sleep.weights.plasticity       | INFO  | Hard-clipped 1 w_cons parameters to delta_max=0.1000 bound.
2026-08-12 02:34:29 | sleep.weights.plasticity       | INFO  | Hard-clipped 1 w_cons parameters to delta_max=0.1000 bound.
2026-08-12 02:34:29 | sleep.weights.plasticity       | INFO  | Hard-clipped 1 w_cons parameters to delta_max=0.1000 bound.
2026-08-12 02:34:30 | sleep.weights.plasticity       | INFO  | Hard-clipped 1 w_cons parameters to delta_max=0.1000 bound.
2026-08-12 02:34:30 | sleep.weights.plasticity       | INFO  | Hard-clipped 1 w_cons parameters to delta_max=0.1000 bound.
2026-08-12 02:34:30 | sleep.weights.plasticity       | INFO  | Hard-clipped 1 w_cons parameters to delta_max=0.1000 bound.
2026-08-12 02:34:30 | sleep.weights.plasticity       | INFO  | Hard-clipped 1 w_cons parameters to delta_max=0.1000 bound.
2026-08-12 02:34:30 | sleep.weights.plasticity       | INFO  | Hard-clipped 1 w_cons parameters to delta_max=0.1000 bound.
2026-08-12 02:34:30 | sleep.weights.plasticity       | INFO  | Hard-clipped 1 w_cons parameters to delta_max=0.1000 bound.
2026-08-12 02:34:31 | sleep.weights.plasticity       | INFO  | Hard-clipped 2 w_cons parameters to delta_max=0.1000 bound.
2026-08-12 02:34:31 | sleep.weights.plasticity       | INFO  | Hard-clipped 2 w_cons parameters to delta_max=0.1000 bound.
2026-08-12 02:34:31 | sleep.weights.plasticity       | INFO  | Hard-clipped 2 w_cons parameters to delta_max=0.1000 bound.
2026-08-12 02:34:31 | sleep.weights.plasticity       | INFO  | Hard-clipped 2 w_cons parameters to delta_max=0.1000 bound.
2026-08-12 02:34:31 | sleep.weights.plasticity       | INFO  | Hard-clipped 1 w_cons parameters to delta_max=0.1000 bound.
2026-08-12 02:34:31 | sleep.weights.plasticity       | INFO  | Hard-clipped 1 w_cons parameters to delta_max=0.1000 bound.
2026-08-12 02:34:31 | sleep.weights.plasticity       | INFO  | Hard-clipped 2 w_cons parameters to delta_max=0.1000 bound.
2026-08-12 02:34:32 | sleep.weights.plasticity       | INFO  | Hard-clipped 1 w_cons parameters to delta_max=0.1000 bound.
2026-08-12 02:34:33 | sleep.weights.plasticity       | INFO  | Hard-clipped 1 w_cons parameters to delta_max=0.1000 bound.
2026-08-12 02:34:33 | sleep.weights.plasticity       | INFO  | Hard-clipped 1 w_cons parameters to delta_max=0.1000 bound.
2026-08-12 02:34:33 | sleep.weights.plasticity       | INFO  | Hard-clipped 1 w_cons parameters to delta_max=0.1000 bound.
2026-08-12 02:34:33 | sleep.weights.plasticity       | INFO  | Hard-clipped 2 w_cons parameters to delta_max=0.1000 bound.
2026-08-12 02:34:33 | sleep.weights.plasticity       | INFO  | Hard-clipped 2 w_cons parameters to delta_max=0.1000 bound.
2026-08-12 02:34:33 | sleep.weights.plasticity       | INFO  | Hard-clipped 2 w_cons parameters to delta_max=0.1000 bound.
2026-08-12 02:34:34 | sleep.weights.plasticity       | INFO  | Hard-clipped 2 w_cons parameters to delta_max=0.1000 bound.
2026-08-12 02:34:34 | sleep.weights.plasticity       | INFO  | Hard-clipped 2 w_cons parameters to delta_max=0.1000 bound.
2026-08-12 02:34:34 | sleep.weights.plasticity       | INFO  | Hard-clipped 2 w_cons parameters to delta_max=0.1000 bound.
2026-08-12 02:34:34 | sleep.weights.plasticity       | INFO  | Hard-clipped 2 w_cons parameters to delta_max=0.1000 bound.
2026-08-12 02:34:34 | sleep.weights.plasticity       | INFO  | Hard-clipped 2 w_cons parameters to delta_max=0.1000 bound.
2026-08-12 02:34:34 | sleep.sleep_engine.train       | INFO  |   distill step 400/400 | loss=0.4610 (kl=0.3005 ce=0.3209) | lr=0.00e+00
2026-08-12 02:34:34 | sleep.sleep_engine.train       | INFO  | Sleep distill-training complete | n_steps=400 | final_loss=0.4610 | mean_loss=0.6596
2026-08-12 02:34:34 | sleep.sleep_engine             | INFO  | Phase 3 complete: 400 steps, final_loss=0.4610, mean_loss=0.6596
2026-08-12 02:34:34 | sleep.sleep_engine             | INFO  | Phase 4/5: PPL CHECK (skipped — no benchmark data)
2026-08-12 02:34:34 | sleep.sleep_engine             | INFO  | Phase 5/5: VALIDATE & CLEANUP
2026-08-12 02:34:34 | sleep.weights.plasticity       | INFO  | Saved checkpoint for adapter 'w_cons': 44 parameters.
2026-08-12 02:34:34 | sleep.weights.plasticity       | INFO  | Restored 44 parameters for adapter 'w_cons' from checkpoint.
2026-08-12 02:34:35 | sleep.weights.plasticity       | INFO  | Restored 44 parameters for adapter 'w_cons' from checkpoint.
2026-08-12 02:34:50 | sleep.sleep_engine             | INFO  | Two-stage validation: 10/17 passed surprise, 10 also passed the mini-recall gate (self-grading gap = 0)
2026-08-12 02:34:50 | sleep.sleep_engine.cleanup     | INFO  | Cleanup complete | passed=10 | failed=7 | permanently_removed=0
2026-08-12 02:34:50 | sleep.sleep_engine             | INFO  | Phase 5 complete: consolidated=10, failed=7, permanently_removed=0
2026-08-12 02:34:50 | sleep.metrics                  | INFO  | summary | {'sleep_engine/n_candidates': 17, 'sleep_engine/n_replays_generated': 182, 'sleep_engine/n_replays_accepted': 182, 'sleep_engine/n_consolidated': 10, 'sleep_engine/n_failed': 7, 'sleep_engine/n_permanently_removed': 0, 'sleep_engine/rolled_back': False}
2026-08-12 02:34:50 | sleep.weights.kv_memory        | INFO  | bank cleared: freed 11 tags / 487 tokens
2026-08-12 02:34:50 | sleep.sleep_engine             | INFO  | KV bank cleared (11 entries removed)
2026-08-12 02:34:50 | sleep.sleep_engine             | INFO  | KV memory injection: ENABLED
2026-08-12 02:34:50 | sleep.sleep_engine             | INFO  | === Sleep cycle END ===
2026-08-12 02:39:12 | sleep.evaluation.recall        | INFO  | Recall evaluation: DRA=0.1762 across 140 cases
2026-08-12 02:39:49 | sleep.evaluation.recall        | INFO  | Recall evaluation: DRA=0.4000 across 20 cases
2026-08-12 02:39:49 | sleep.evaluation.preservation  | INFO  | Perplexity evaluation: PPL=5.6454 (mean_loss=1.7308, 62 tokens)
2026-08-12 02:39:49 | sleep.evaluation.preservation  | INFO  | BCP: 1.2934 (current_ppl=5.6454, original_ppl=4.3646)
2026-08-12 02:39:49 | sleep.experiment.08            | INFO  | [sleep Cycle 7 EVAL] DRA cumulative=0.176 (49/140 hits); DRA current=0.400 (10/20 hits); BCP=1.2934
2026-08-12 02:39:49 | sleep.experiment.08            | INFO  | ======================================================================
2026-08-12 02:39:49 | sleep.experiment.08            | INFO  | [SLEEP Cycle 8] Wake phase: 20 facts
2026-08-12 02:39:49 | sleep.experiment.08            | INFO  | ======================================================================
2026-08-12 02:39:49 | sleep.tagging                  | INFO  | step=141 | 2 tags created from 2 spans | buffer: 92/36208 (0.3%)
2026-08-12 02:39:49 | sleep.tagging                  | INFO  | step=143 | 1 tags created from 1 spans | buffer: 93/36208 (0.3%)
2026-08-12 02:39:50 | sleep.tagging                  | INFO  | step=144 | 1 tags created from 1 spans | buffer: 94/36208 (0.3%)
2026-08-12 02:39:50 | sleep.tagging                  | INFO  | step=146 | 1 tags created from 1 spans | buffer: 95/36208 (0.3%)
2026-08-12 02:39:50 | sleep.tagging                  | INFO  | step=147 | 1 tags created from 1 spans | buffer: 96/36208 (0.3%)
2026-08-12 02:39:50 | sleep.tagging                  | INFO  | step=148 | 1 tags created from 1 spans | buffer: 97/36208 (0.3%)
2026-08-12 02:39:50 | sleep.tagging                  | INFO  | step=151 | 1 tags created from 1 spans | buffer: 98/36208 (0.3%)
2026-08-12 02:39:50 | sleep.tagging                  | INFO  | step=152 | 2 tags created from 2 spans | buffer: 100/36208 (0.3%)
2026-08-12 02:39:50 | sleep.tagging                  | INFO  | step=153 | 1 tags created from 1 spans | buffer: 101/36208 (0.3%)
2026-08-12 02:39:50 | sleep.tagging                  | INFO  | step=154 | 1 tags created from 1 spans | buffer: 102/36208 (0.3%)
2026-08-12 02:39:50 | sleep.tagging                  | INFO  | step=155 | 1 tags created from 1 spans | buffer: 103/36208 (0.3%)
2026-08-12 02:39:51 | sleep.tagging                  | INFO  | step=156 | 1 tags created from 1 spans | buffer: 104/36208 (0.3%)
2026-08-12 02:39:51 | sleep.tagging                  | INFO  | step=157 | 1 tags created from 1 spans | buffer: 105/36208 (0.3%)
2026-08-12 02:39:51 | sleep.experiment.08            | INFO  | [Cycle 8] Wake summary: 20 facts -> 13 KV writes; bank: 597/20000 tokens
2026-08-12 02:39:51 | sleep.prp                      | INFO  | step=160 | PRP update: 20/3620 allocated (1%) | +10 -0 | threshold=0.220 | mean_score=0.191
2026-08-12 02:39:51 | sleep.experiment.08            | INFO  | [Cycle 8] PRP: 20 allocated, 20 consolidation candidates
2026-08-12 02:39:51 | sleep.sleep_engine             | INFO  | === Sleep cycle START | 20 candidates ===
2026-08-12 02:39:51 | sleep.sleep_engine             | INFO  | Phase 1/5: GENERATE (strategy=paraphrase)
2026-08-12 02:39:51 | sleep.sleep_engine             | INFO  | KV memory injection: DISABLED
2026-08-12 02:39:51 | sleep.sleep_engine             | INFO  | Phase 1 (paraphrase strategy): 182 wordings from 8 unique sources (20 candidates)
2026-08-12 02:39:51 | sleep.sleep_engine             | INFO  | Phase 1 complete: 182/20 replays generated
2026-08-12 02:39:51 | sleep.sleep_engine             | INFO  | Phase 2/5: QUALITY CHECK
2026-08-12 02:39:51 | sleep.sleep_engine             | INFO  | Phase 2 complete: 182/182 replays accepted
2026-08-12 02:39:51 | sleep.sleep_engine             | INFO  | Phase 3/5: TRAIN (182 accepted replays)
2026-08-12 02:39:51 | sleep.sleep_engine             | INFO  | KV memory injection: DISABLED
2026-08-12 02:39:51 | sleep.weights.plasticity       | INFO  | Saved checkpoint for adapter 'w_cons': 44 parameters.
2026-08-12 02:39:51 | sleep.weights.plasticity       | INFO  | Saved checkpoint for adapter 'w_cons': 44 parameters.
2026-08-12 02:39:51 | sleep.sleep_engine.train       | INFO  | Sleep distill-training: 8 facts | 400 steps | lr=1.00e-04 | T=2
2026-08-12 02:39:51 | sleep.sleep_engine.train       | INFO  |   distill step 1/400 | loss=2.6306 (kl=1.4500 ce=2.3611) | lr=2.50e-06
2026-08-12 02:39:58 | sleep.sleep_engine.train       | INFO  |   distill step 40/400 | loss=0.4593 (kl=0.2729 ce=0.3727) | lr=1.00e-04
2026-08-12 02:40:04 | sleep.sleep_engine.train       | INFO  |   distill step 80/400 | loss=0.5316 (kl=0.3141 ce=0.4351) | lr=9.70e-05
2026-08-12 02:40:10 | sleep.sleep_engine.train       | INFO  |   distill step 120/400 | loss=0.9253 (kl=0.5016 ce=0.8475) | lr=8.83e-05
2026-08-12 02:40:12 | sleep.weights.plasticity       | INFO  | Hard-clipped 1 w_cons parameters to delta_max=0.1000 bound.
2026-08-12 02:40:12 | sleep.weights.plasticity       | INFO  | Hard-clipped 1 w_cons parameters to delta_max=0.1000 bound.
2026-08-12 02:40:12 | sleep.weights.plasticity       | INFO  | Hard-clipped 1 w_cons parameters to delta_max=0.1000 bound.
2026-08-12 02:40:12 | sleep.weights.plasticity       | INFO  | Hard-clipped 1 w_cons parameters to delta_max=0.1000 bound.
2026-08-12 02:40:13 | sleep.weights.plasticity       | INFO  | Hard-clipped 1 w_cons parameters to delta_max=0.1000 bound.
2026-08-12 02:40:13 | sleep.weights.plasticity       | INFO  | Hard-clipped 2 w_cons parameters to delta_max=0.1000 bound.
2026-08-12 02:40:13 | sleep.weights.plasticity       | INFO  | Hard-clipped 2 w_cons parameters to delta_max=0.1000 bound.
2026-08-12 02:40:13 | sleep.weights.plasticity       | INFO  | Hard-clipped 2 w_cons parameters to delta_max=0.1000 bound.
2026-08-12 02:40:13 | sleep.weights.plasticity       | INFO  | Hard-clipped 2 w_cons parameters to delta_max=0.1000 bound.
2026-08-12 02:40:13 | sleep.weights.plasticity       | INFO  | Hard-clipped 2 w_cons parameters to delta_max=0.1000 bound.
2026-08-12 02:40:14 | sleep.weights.plasticity       | INFO  | Hard-clipped 2 w_cons parameters to delta_max=0.1000 bound.
2026-08-12 02:40:14 | sleep.weights.plasticity       | INFO  | Hard-clipped 2 w_cons parameters to delta_max=0.1000 bound.
2026-08-12 02:40:14 | sleep.weights.plasticity       | INFO  | Hard-clipped 2 w_cons parameters to delta_max=0.1000 bound.
2026-08-12 02:40:14 | sleep.weights.plasticity       | INFO  | Hard-clipped 2 w_cons parameters to delta_max=0.1000 bound.
2026-08-12 02:40:14 | sleep.weights.plasticity       | INFO  | Hard-clipped 2 w_cons parameters to delta_max=0.1000 bound.
2026-08-12 02:40:14 | sleep.weights.plasticity       | INFO  | Hard-clipped 2 w_cons parameters to delta_max=0.1000 bound.
2026-08-12 02:40:15 | sleep.weights.plasticity       | INFO  | Hard-clipped 2 w_cons parameters to delta_max=0.1000 bound.
2026-08-12 02:40:15 | sleep.weights.plasticity       | INFO  | Hard-clipped 2 w_cons parameters to delta_max=0.1000 bound.
2026-08-12 02:40:15 | sleep.weights.plasticity       | INFO  | Hard-clipped 2 w_cons parameters to delta_max=0.1000 bound.
2026-08-12 02:40:15 | sleep.weights.plasticity       | INFO  | Hard-clipped 2 w_cons parameters to delta_max=0.1000 bound.
2026-08-12 02:40:15 | sleep.weights.plasticity       | INFO  | Hard-clipped 2 w_cons parameters to delta_max=0.1000 bound.
2026-08-12 02:40:15 | sleep.weights.plasticity       | INFO  | Hard-clipped 2 w_cons parameters to delta_max=0.1000 bound.
2026-08-12 02:40:15 | sleep.weights.plasticity       | INFO  | Hard-clipped 2 w_cons parameters to delta_max=0.1000 bound.
2026-08-12 02:40:16 | sleep.weights.plasticity       | INFO  | Hard-clipped 2 w_cons parameters to delta_max=0.1000 bound.
2026-08-12 02:40:16 | sleep.weights.plasticity       | INFO  | Hard-clipped 2 w_cons parameters to delta_max=0.1000 bound.
2026-08-12 02:40:16 | sleep.weights.plasticity       | INFO  | Hard-clipped 2 w_cons parameters to delta_max=0.1000 bound.
2026-08-12 02:40:16 | sleep.weights.plasticity       | INFO  | Hard-clipped 2 w_cons parameters to delta_max=0.1000 bound.
2026-08-12 02:40:16 | sleep.weights.plasticity       | INFO  | Hard-clipped 2 w_cons parameters to delta_max=0.1000 bound.
2026-08-12 02:40:16 | sleep.weights.plasticity       | INFO  | Hard-clipped 2 w_cons parameters to delta_max=0.1000 bound.
2026-08-12 02:40:17 | sleep.weights.plasticity       | INFO  | Hard-clipped 2 w_cons parameters to delta_max=0.1000 bound.
2026-08-12 02:40:17 | sleep.weights.plasticity       | INFO  | Hard-clipped 2 w_cons parameters to delta_max=0.1000 bound.
2026-08-12 02:40:17 | sleep.sleep_engine.train       | INFO  |   distill step 160/400 | loss=0.4541 (kl=0.2963 ce=0.3155) | lr=7.50e-05
2026-08-12 02:40:17 | sleep.weights.plasticity       | INFO  | Hard-clipped 2 w_cons parameters to delta_max=0.1000 bound.
2026-08-12 02:40:17 | sleep.weights.plasticity       | INFO  | Hard-clipped 3 w_cons parameters to delta_max=0.1000 bound.
2026-08-12 02:40:17 | sleep.weights.plasticity       | INFO  | Hard-clipped 3 w_cons parameters to delta_max=0.1000 bound.
2026-08-12 02:40:17 | sleep.weights.plasticity       | INFO  | Hard-clipped 3 w_cons parameters to delta_max=0.1000 bound.
2026-08-12 02:40:18 | sleep.weights.plasticity       | INFO  | Hard-clipped 4 w_cons parameters to delta_max=0.1000 bound.
2026-08-12 02:40:18 | sleep.weights.plasticity       | INFO  | Hard-clipped 4 w_cons parameters to delta_max=0.1000 bound.
2026-08-12 02:40:18 | sleep.weights.plasticity       | INFO  | Hard-clipped 4 w_cons parameters to delta_max=0.1000 bound.
2026-08-12 02:40:18 | sleep.weights.plasticity       | INFO  | Hard-clipped 4 w_cons parameters to delta_max=0.1000 bound.
2026-08-12 02:40:18 | sleep.weights.plasticity       | INFO  | Hard-clipped 4 w_cons parameters to delta_max=0.1000 bound.
2026-08-12 02:40:18 | sleep.weights.plasticity       | INFO  | Hard-clipped 4 w_cons parameters to delta_max=0.1000 bound.
2026-08-12 02:40:19 | sleep.weights.plasticity       | INFO  | Hard-clipped 4 w_cons parameters to delta_max=0.1000 bound.
2026-08-12 02:40:19 | sleep.weights.plasticity       | INFO  | Hard-clipped 4 w_cons parameters to delta_max=0.1000 bound.
2026-08-12 02:40:19 | sleep.weights.plasticity       | INFO  | Hard-clipped 4 w_cons parameters to delta_max=0.1000 bound.
2026-08-12 02:40:19 | sleep.weights.plasticity       | INFO  | Hard-clipped 4 w_cons parameters to delta_max=0.1000 bound.
2026-08-12 02:40:19 | sleep.weights.plasticity       | INFO  | Hard-clipped 4 w_cons parameters to delta_max=0.1000 bound.
2026-08-12 02:40:19 | sleep.weights.plasticity       | INFO  | Hard-clipped 4 w_cons parameters to delta_max=0.1000 bound.
2026-08-12 02:40:19 | sleep.weights.plasticity       | INFO  | Hard-clipped 4 w_cons parameters to delta_max=0.1000 bound.
2026-08-12 02:40:20 | sleep.weights.plasticity       | INFO  | Hard-clipped 4 w_cons parameters to delta_max=0.1000 bound.
2026-08-12 02:40:20 | sleep.weights.plasticity       | INFO  | Hard-clipped 4 w_cons parameters to delta_max=0.1000 bound.
2026-08-12 02:40:20 | sleep.weights.plasticity       | INFO  | Hard-clipped 4 w_cons parameters to delta_max=0.1000 bound.
2026-08-12 02:40:20 | sleep.weights.plasticity       | INFO  | Hard-clipped 4 w_cons parameters to delta_max=0.1000 bound.
2026-08-12 02:40:20 | sleep.weights.plasticity       | INFO  | Hard-clipped 4 w_cons parameters to delta_max=0.1000 bound.
2026-08-12 02:40:20 | sleep.weights.plasticity       | INFO  | Hard-clipped 4 w_cons parameters to delta_max=0.1000 bound.
2026-08-12 02:40:21 | sleep.weights.plasticity       | INFO  | Hard-clipped 4 w_cons parameters to delta_max=0.1000 bound.
2026-08-12 02:40:21 | sleep.weights.plasticity       | INFO  | Hard-clipped 4 w_cons parameters to delta_max=0.1000 bound.
2026-08-12 02:40:21 | sleep.weights.plasticity       | INFO  | Hard-clipped 4 w_cons parameters to delta_max=0.1000 bound.
2026-08-12 02:40:21 | sleep.weights.plasticity       | INFO  | Hard-clipped 4 w_cons parameters to delta_max=0.1000 bound.
2026-08-12 02:40:21 | sleep.weights.plasticity       | INFO  | Hard-clipped 4 w_cons parameters to delta_max=0.1000 bound.
2026-08-12 02:40:21 | sleep.weights.plasticity       | INFO  | Hard-clipped 4 w_cons parameters to delta_max=0.1000 bound.
2026-08-12 02:40:22 | sleep.weights.plasticity       | INFO  | Hard-clipped 4 w_cons parameters to delta_max=0.1000 bound.
2026-08-12 02:40:22 | sleep.weights.plasticity       | INFO  | Hard-clipped 4 w_cons parameters to delta_max=0.1000 bound.
2026-08-12 02:40:22 | sleep.weights.plasticity       | INFO  | Hard-clipped 4 w_cons parameters to delta_max=0.1000 bound.
2026-08-12 02:40:22 | sleep.weights.plasticity       | INFO  | Hard-clipped 4 w_cons parameters to delta_max=0.1000 bound.
2026-08-12 02:40:22 | sleep.weights.plasticity       | INFO  | Hard-clipped 4 w_cons parameters to delta_max=0.1000 bound.
2026-08-12 02:40:22 | sleep.weights.plasticity       | INFO  | Hard-clipped 4 w_cons parameters to delta_max=0.1000 bound.
2026-08-12 02:40:23 | sleep.weights.plasticity       | INFO  | Hard-clipped 4 w_cons parameters to delta_max=0.1000 bound.
2026-08-12 02:40:23 | sleep.weights.plasticity       | INFO  | Hard-clipped 4 w_cons parameters to delta_max=0.1000 bound.
2026-08-12 02:40:23 | sleep.weights.plasticity       | INFO  | Hard-clipped 4 w_cons parameters to delta_max=0.1000 bound.
2026-08-12 02:40:23 | sleep.weights.plasticity       | INFO  | Hard-clipped 4 w_cons parameters to delta_max=0.1000 bound.
2026-08-12 02:40:23 | sleep.weights.plasticity       | INFO  | Hard-clipped 4 w_cons parameters to delta_max=0.1000 bound.
2026-08-12 02:40:23 | sleep.sleep_engine.train       | INFO  |   distill step 200/400 | loss=0.6942 (kl=0.4751 ce=0.4382) | lr=5.87e-05
2026-08-12 02:40:23 | sleep.weights.plasticity       | INFO  | Hard-clipped 4 w_cons parameters to delta_max=0.1000 bound.
2026-08-12 02:40:23 | sleep.weights.plasticity       | INFO  | Hard-clipped 4 w_cons parameters to delta_max=0.1000 bound.
2026-08-12 02:40:24 | sleep.weights.plasticity       | INFO  | Hard-clipped 4 w_cons parameters to delta_max=0.1000 bound.
2026-08-12 02:40:24 | sleep.weights.plasticity       | INFO  | Hard-clipped 4 w_cons parameters to delta_max=0.1000 bound.
2026-08-12 02:40:24 | sleep.weights.plasticity       | INFO  | Hard-clipped 4 w_cons parameters to delta_max=0.1000 bound.
2026-08-12 02:40:24 | sleep.weights.plasticity       | INFO  | Hard-clipped 4 w_cons parameters to delta_max=0.1000 bound.
2026-08-12 02:40:24 | sleep.weights.plasticity       | INFO  | Hard-clipped 4 w_cons parameters to delta_max=0.1000 bound.
2026-08-12 02:40:24 | sleep.weights.plasticity       | INFO  | Hard-clipped 4 w_cons parameters to delta_max=0.1000 bound.
2026-08-12 02:40:25 | sleep.weights.plasticity       | INFO  | Hard-clipped 4 w_cons parameters to delta_max=0.1000 bound.
2026-08-12 02:40:25 | sleep.weights.plasticity       | INFO  | Hard-clipped 4 w_cons parameters to delta_max=0.1000 bound.
2026-08-12 02:40:25 | sleep.weights.plasticity       | INFO  | Hard-clipped 4 w_cons parameters to delta_max=0.1000 bound.
2026-08-12 02:40:25 | sleep.weights.plasticity       | INFO  | Hard-clipped 4 w_cons parameters to delta_max=0.1000 bound.
2026-08-12 02:40:25 | sleep.weights.plasticity       | INFO  | Hard-clipped 4 w_cons parameters to delta_max=0.1000 bound.
2026-08-12 02:40:25 | sleep.weights.plasticity       | INFO  | Hard-clipped 4 w_cons parameters to delta_max=0.1000 bound.
2026-08-12 02:40:26 | sleep.weights.plasticity       | INFO  | Hard-clipped 4 w_cons parameters to delta_max=0.1000 bound.
2026-08-12 02:40:26 | sleep.weights.plasticity       | INFO  | Hard-clipped 4 w_cons parameters to delta_max=0.1000 bound.
2026-08-12 02:40:26 | sleep.weights.plasticity       | INFO  | Hard-clipped 4 w_cons parameters to delta_max=0.1000 bound.
2026-08-12 02:40:26 | sleep.weights.plasticity       | INFO  | Hard-clipped 4 w_cons parameters to delta_max=0.1000 bound.
2026-08-12 02:40:26 | sleep.weights.plasticity       | INFO  | Hard-clipped 4 w_cons parameters to delta_max=0.1000 bound.
2026-08-12 02:40:26 | sleep.weights.plasticity       | INFO  | Hard-clipped 4 w_cons parameters to delta_max=0.1000 bound.
2026-08-12 02:40:26 | sleep.weights.plasticity       | INFO  | Hard-clipped 4 w_cons parameters to delta_max=0.1000 bound.
2026-08-12 02:40:27 | sleep.weights.plasticity       | INFO  | Hard-clipped 4 w_cons parameters to delta_max=0.1000 bound.
2026-08-12 02:40:27 | sleep.weights.plasticity       | INFO  | Hard-clipped 4 w_cons parameters to delta_max=0.1000 bound.
2026-08-12 02:40:27 | sleep.weights.plasticity       | INFO  | Hard-clipped 3 w_cons parameters to delta_max=0.1000 bound.
2026-08-12 02:40:27 | sleep.weights.plasticity       | INFO  | Hard-clipped 3 w_cons parameters to delta_max=0.1000 bound.
2026-08-12 02:40:27 | sleep.weights.plasticity       | INFO  | Hard-clipped 3 w_cons parameters to delta_max=0.1000 bound.
2026-08-12 02:40:27 | sleep.weights.plasticity       | INFO  | Hard-clipped 3 w_cons parameters to delta_max=0.1000 bound.
2026-08-12 02:40:28 | sleep.weights.plasticity       | INFO  | Hard-clipped 3 w_cons parameters to delta_max=0.1000 bound.
2026-08-12 02:40:28 | sleep.weights.plasticity       | INFO  | Hard-clipped 4 w_cons parameters to delta_max=0.1000 bound.
2026-08-12 02:40:28 | sleep.weights.plasticity       | INFO  | Hard-clipped 4 w_cons parameters to delta_max=0.1000 bound.
2026-08-12 02:40:28 | sleep.weights.plasticity       | INFO  | Hard-clipped 4 w_cons parameters to delta_max=0.1000 bound.
2026-08-12 02:40:28 | sleep.weights.plasticity       | INFO  | Hard-clipped 4 w_cons parameters to delta_max=0.1000 bound.
2026-08-12 02:40:28 | sleep.weights.plasticity       | INFO  | Hard-clipped 4 w_cons parameters to delta_max=0.1000 bound.
2026-08-12 02:40:29 | sleep.weights.plasticity       | INFO  | Hard-clipped 4 w_cons parameters to delta_max=0.1000 bound.
2026-08-12 02:40:29 | sleep.weights.plasticity       | INFO  | Hard-clipped 4 w_cons parameters to delta_max=0.1000 bound.
2026-08-12 02:40:29 | sleep.weights.plasticity       | INFO  | Hard-clipped 4 w_cons parameters to delta_max=0.1000 bound.
2026-08-12 02:40:29 | sleep.weights.plasticity       | INFO  | Hard-clipped 4 w_cons parameters to delta_max=0.1000 bound.
2026-08-12 02:40:29 | sleep.weights.plasticity       | INFO  | Hard-clipped 4 w_cons parameters to delta_max=0.1000 bound.
2026-08-12 02:40:29 | sleep.weights.plasticity       | INFO  | Hard-clipped 4 w_cons parameters to delta_max=0.1000 bound.
2026-08-12 02:40:29 | sleep.weights.plasticity       | INFO  | Hard-clipped 4 w_cons parameters to delta_max=0.1000 bound.
2026-08-12 02:40:29 | sleep.sleep_engine.train       | INFO  |   distill step 240/400 | loss=0.6264 (kl=0.4236 ce=0.4055) | lr=4.13e-05
2026-08-12 02:40:30 | sleep.weights.plasticity       | INFO  | Hard-clipped 4 w_cons parameters to delta_max=0.1000 bound.
2026-08-12 02:40:30 | sleep.weights.plasticity       | INFO  | Hard-clipped 4 w_cons parameters to delta_max=0.1000 bound.
2026-08-12 02:40:30 | sleep.weights.plasticity       | INFO  | Hard-clipped 4 w_cons parameters to delta_max=0.1000 bound.
2026-08-12 02:40:30 | sleep.weights.plasticity       | INFO  | Hard-clipped 4 w_cons parameters to delta_max=0.1000 bound.
2026-08-12 02:40:30 | sleep.weights.plasticity       | INFO  | Hard-clipped 4 w_cons parameters to delta_max=0.1000 bound.
2026-08-12 02:40:30 | sleep.weights.plasticity       | INFO  | Hard-clipped 4 w_cons parameters to delta_max=0.1000 bound.
2026-08-12 02:40:31 | sleep.weights.plasticity       | INFO  | Hard-clipped 4 w_cons parameters to delta_max=0.1000 bound.
2026-08-12 02:40:31 | sleep.weights.plasticity       | INFO  | Hard-clipped 4 w_cons parameters to delta_max=0.1000 bound.
2026-08-12 02:40:31 | sleep.weights.plasticity       | INFO  | Hard-clipped 4 w_cons parameters to delta_max=0.1000 bound.
2026-08-12 02:40:31 | sleep.weights.plasticity       | INFO  | Hard-clipped 4 w_cons parameters to delta_max=0.1000 bound.
2026-08-12 02:40:31 | sleep.weights.plasticity       | INFO  | Hard-clipped 4 w_cons parameters to delta_max=0.1000 bound.
2026-08-12 02:40:31 | sleep.weights.plasticity       | INFO  | Hard-clipped 4 w_cons parameters to delta_max=0.1000 bound.
2026-08-12 02:40:32 | sleep.weights.plasticity       | INFO  | Hard-clipped 4 w_cons parameters to delta_max=0.1000 bound.
2026-08-12 02:40:32 | sleep.weights.plasticity       | INFO  | Hard-clipped 4 w_cons parameters to delta_max=0.1000 bound.
2026-08-12 02:40:32 | sleep.weights.plasticity       | INFO  | Hard-clipped 4 w_cons parameters to delta_max=0.1000 bound.
2026-08-12 02:40:32 | sleep.weights.plasticity       | INFO  | Hard-clipped 4 w_cons parameters to delta_max=0.1000 bound.
2026-08-12 02:40:32 | sleep.weights.plasticity       | INFO  | Hard-clipped 4 w_cons parameters to delta_max=0.1000 bound.
2026-08-12 02:40:32 | sleep.weights.plasticity       | INFO  | Hard-clipped 4 w_cons parameters to delta_max=0.1000 bound.
2026-08-12 02:40:33 | sleep.weights.plasticity       | INFO  | Hard-clipped 4 w_cons parameters to delta_max=0.1000 bound.
2026-08-12 02:40:33 | sleep.weights.plasticity       | INFO  | Hard-clipped 4 w_cons parameters to delta_max=0.1000 bound.
2026-08-12 02:40:33 | sleep.weights.plasticity       | INFO  | Hard-clipped 4 w_cons parameters to delta_max=0.1000 bound.
2026-08-12 02:40:33 | sleep.weights.plasticity       | INFO  | Hard-clipped 4 w_cons parameters to delta_max=0.1000 bound.
2026-08-12 02:40:33 | sleep.weights.plasticity       | INFO  | Hard-clipped 4 w_cons parameters to delta_max=0.1000 bound.
2026-08-12 02:40:33 | sleep.weights.plasticity       | INFO  | Hard-clipped 4 w_cons parameters to delta_max=0.1000 bound.
2026-08-12 02:40:34 | sleep.weights.plasticity       | INFO  | Hard-clipped 4 w_cons parameters to delta_max=0.1000 bound.
2026-08-12 02:40:34 | sleep.weights.plasticity       | INFO  | Hard-clipped 4 w_cons parameters to delta_max=0.1000 bound.
2026-08-12 02:40:34 | sleep.weights.plasticity       | INFO  | Hard-clipped 4 w_cons parameters to delta_max=0.1000 bound.
2026-08-12 02:40:34 | sleep.weights.plasticity       | INFO  | Hard-clipped 4 w_cons parameters to delta_max=0.1000 bound.
2026-08-12 02:40:34 | sleep.weights.plasticity       | INFO  | Hard-clipped 5 w_cons parameters to delta_max=0.1000 bound.
2026-08-12 02:40:34 | sleep.weights.plasticity       | INFO  | Hard-clipped 5 w_cons parameters to delta_max=0.1000 bound.
2026-08-12 02:40:34 | sleep.weights.plasticity       | INFO  | Hard-clipped 5 w_cons parameters to delta_max=0.1000 bound.
2026-08-12 02:40:35 | sleep.weights.plasticity       | INFO  | Hard-clipped 5 w_cons parameters to delta_max=0.1000 bound.
2026-08-12 02:40:35 | sleep.weights.plasticity       | INFO  | Hard-clipped 5 w_cons parameters to delta_max=0.1000 bound.
2026-08-12 02:40:35 | sleep.weights.plasticity       | INFO  | Hard-clipped 5 w_cons parameters to delta_max=0.1000 bound.
2026-08-12 02:40:35 | sleep.weights.plasticity       | INFO  | Hard-clipped 5 w_cons parameters to delta_max=0.1000 bound.
2026-08-12 02:40:35 | sleep.weights.plasticity       | INFO  | Hard-clipped 5 w_cons parameters to delta_max=0.1000 bound.
2026-08-12 02:40:35 | sleep.weights.plasticity       | INFO  | Hard-clipped 5 w_cons parameters to delta_max=0.1000 bound.
2026-08-12 02:40:36 | sleep.weights.plasticity       | INFO  | Hard-clipped 5 w_cons parameters to delta_max=0.1000 bound.
2026-08-12 02:40:36 | sleep.weights.plasticity       | INFO  | Hard-clipped 5 w_cons parameters to delta_max=0.1000 bound.
2026-08-12 02:40:36 | sleep.weights.plasticity       | INFO  | Hard-clipped 5 w_cons parameters to delta_max=0.1000 bound.
2026-08-12 02:40:36 | sleep.sleep_engine.train       | INFO  |   distill step 280/400 | loss=0.4510 (kl=0.2236 ce=0.4548) | lr=2.50e-05
2026-08-12 02:40:36 | sleep.weights.plasticity       | INFO  | Hard-clipped 5 w_cons parameters to delta_max=0.1000 bound.
2026-08-12 02:40:36 | sleep.weights.plasticity       | INFO  | Hard-clipped 5 w_cons parameters to delta_max=0.1000 bound.
2026-08-12 02:40:36 | sleep.weights.plasticity       | INFO  | Hard-clipped 5 w_cons parameters to delta_max=0.1000 bound.
2026-08-12 02:40:37 | sleep.weights.plasticity       | INFO  | Hard-clipped 5 w_cons parameters to delta_max=0.1000 bound.
2026-08-12 02:40:37 | sleep.weights.plasticity       | INFO  | Hard-clipped 5 w_cons parameters to delta_max=0.1000 bound.
2026-08-12 02:40:37 | sleep.weights.plasticity       | INFO  | Hard-clipped 5 w_cons parameters to delta_max=0.1000 bound.
2026-08-12 02:40:37 | sleep.weights.plasticity       | INFO  | Hard-clipped 5 w_cons parameters to delta_max=0.1000 bound.
2026-08-12 02:40:37 | sleep.weights.plasticity       | INFO  | Hard-clipped 5 w_cons parameters to delta_max=0.1000 bound.
2026-08-12 02:40:38 | sleep.weights.plasticity       | INFO  | Hard-clipped 5 w_cons parameters to delta_max=0.1000 bound.
2026-08-12 02:40:38 | sleep.weights.plasticity       | INFO  | Hard-clipped 5 w_cons parameters to delta_max=0.1000 bound.
2026-08-12 02:40:38 | sleep.weights.plasticity       | INFO  | Hard-clipped 4 w_cons parameters to delta_max=0.1000 bound.
2026-08-12 02:40:38 | sleep.weights.plasticity       | INFO  | Hard-clipped 5 w_cons parameters to delta_max=0.1000 bound.
2026-08-12 02:40:38 | sleep.weights.plasticity       | INFO  | Hard-clipped 5 w_cons parameters to delta_max=0.1000 bound.
2026-08-12 02:40:38 | sleep.weights.plasticity       | INFO  | Hard-clipped 5 w_cons parameters to delta_max=0.1000 bound.
2026-08-12 02:40:39 | sleep.weights.plasticity       | INFO  | Hard-clipped 5 w_cons parameters to delta_max=0.1000 bound.
2026-08-12 02:40:39 | sleep.weights.plasticity       | INFO  | Hard-clipped 5 w_cons parameters to delta_max=0.1000 bound.
2026-08-12 02:40:39 | sleep.weights.plasticity       | INFO  | Hard-clipped 5 w_cons parameters to delta_max=0.1000 bound.
2026-08-12 02:40:39 | sleep.weights.plasticity       | INFO  | Hard-clipped 5 w_cons parameters to delta_max=0.1000 bound.
2026-08-12 02:40:39 | sleep.weights.plasticity       | INFO  | Hard-clipped 5 w_cons parameters to delta_max=0.1000 bound.
2026-08-12 02:40:39 | sleep.weights.plasticity       | INFO  | Hard-clipped 5 w_cons parameters to delta_max=0.1000 bound.
2026-08-12 02:40:40 | sleep.weights.plasticity       | INFO  | Hard-clipped 5 w_cons parameters to delta_max=0.1000 bound.
2026-08-12 02:40:40 | sleep.weights.plasticity       | INFO  | Hard-clipped 5 w_cons parameters to delta_max=0.1000 bound.
2026-08-12 02:40:40 | sleep.weights.plasticity       | INFO  | Hard-clipped 5 w_cons parameters to delta_max=0.1000 bound.
2026-08-12 02:40:40 | sleep.weights.plasticity       | INFO  | Hard-clipped 5 w_cons parameters to delta_max=0.1000 bound.
2026-08-12 02:40:40 | sleep.weights.plasticity       | INFO  | Hard-clipped 5 w_cons parameters to delta_max=0.1000 bound.
2026-08-12 02:40:40 | sleep.weights.plasticity       | INFO  | Hard-clipped 5 w_cons parameters to delta_max=0.1000 bound.
2026-08-12 02:40:41 | sleep.weights.plasticity       | INFO  | Hard-clipped 5 w_cons parameters to delta_max=0.1000 bound.
2026-08-12 02:40:41 | sleep.weights.plasticity       | INFO  | Hard-clipped 5 w_cons parameters to delta_max=0.1000 bound.
2026-08-12 02:40:41 | sleep.weights.plasticity       | INFO  | Hard-clipped 5 w_cons parameters to delta_max=0.1000 bound.
2026-08-12 02:40:41 | sleep.weights.plasticity       | INFO  | Hard-clipped 5 w_cons parameters to delta_max=0.1000 bound.
2026-08-12 02:40:41 | sleep.weights.plasticity       | INFO  | Hard-clipped 5 w_cons parameters to delta_max=0.1000 bound.
2026-08-12 02:40:41 | sleep.weights.plasticity       | INFO  | Hard-clipped 5 w_cons parameters to delta_max=0.1000 bound.
2026-08-12 02:40:41 | sleep.weights.plasticity       | INFO  | Hard-clipped 5 w_cons parameters to delta_max=0.1000 bound.
2026-08-12 02:40:42 | sleep.weights.plasticity       | INFO  | Hard-clipped 5 w_cons parameters to delta_max=0.1000 bound.
2026-08-12 02:40:42 | sleep.weights.plasticity       | INFO  | Hard-clipped 5 w_cons parameters to delta_max=0.1000 bound.
2026-08-12 02:40:42 | sleep.weights.plasticity       | INFO  | Hard-clipped 5 w_cons parameters to delta_max=0.1000 bound.
2026-08-12 02:40:42 | sleep.weights.plasticity       | INFO  | Hard-clipped 5 w_cons parameters to delta_max=0.1000 bound.
2026-08-12 02:40:42 | sleep.weights.plasticity       | INFO  | Hard-clipped 5 w_cons parameters to delta_max=0.1000 bound.
2026-08-12 02:40:42 | sleep.weights.plasticity       | INFO  | Hard-clipped 5 w_cons parameters to delta_max=0.1000 bound.
2026-08-12 02:40:43 | sleep.weights.plasticity       | INFO  | Hard-clipped 5 w_cons parameters to delta_max=0.1000 bound.
2026-08-12 02:40:43 | sleep.sleep_engine.train       | INFO  |   distill step 320/400 | loss=0.4975 (kl=0.3138 ce=0.3674) | lr=1.17e-05
2026-08-12 02:40:43 | sleep.weights.plasticity       | INFO  | Hard-clipped 5 w_cons parameters to delta_max=0.1000 bound.
2026-08-12 02:40:43 | sleep.weights.plasticity       | INFO  | Hard-clipped 5 w_cons parameters to delta_max=0.1000 bound.
2026-08-12 02:40:43 | sleep.weights.plasticity       | INFO  | Hard-clipped 5 w_cons parameters to delta_max=0.1000 bound.
2026-08-12 02:40:43 | sleep.weights.plasticity       | INFO  | Hard-clipped 5 w_cons parameters to delta_max=0.1000 bound.
2026-08-12 02:40:43 | sleep.weights.plasticity       | INFO  | Hard-clipped 5 w_cons parameters to delta_max=0.1000 bound.
2026-08-12 02:40:44 | sleep.weights.plasticity       | INFO  | Hard-clipped 5 w_cons parameters to delta_max=0.1000 bound.
2026-08-12 02:40:44 | sleep.weights.plasticity       | INFO  | Hard-clipped 5 w_cons parameters to delta_max=0.1000 bound.
2026-08-12 02:40:44 | sleep.weights.plasticity       | INFO  | Hard-clipped 5 w_cons parameters to delta_max=0.1000 bound.
2026-08-12 02:40:44 | sleep.weights.plasticity       | INFO  | Hard-clipped 5 w_cons parameters to delta_max=0.1000 bound.
2026-08-12 02:40:44 | sleep.weights.plasticity       | INFO  | Hard-clipped 5 w_cons parameters to delta_max=0.1000 bound.
2026-08-12 02:40:44 | sleep.weights.plasticity       | INFO  | Hard-clipped 5 w_cons parameters to delta_max=0.1000 bound.
2026-08-12 02:40:45 | sleep.weights.plasticity       | INFO  | Hard-clipped 5 w_cons parameters to delta_max=0.1000 bound.
2026-08-12 02:40:45 | sleep.weights.plasticity       | INFO  | Hard-clipped 5 w_cons parameters to delta_max=0.1000 bound.
2026-08-12 02:40:45 | sleep.weights.plasticity       | INFO  | Hard-clipped 5 w_cons parameters to delta_max=0.1000 bound.
2026-08-12 02:40:45 | sleep.weights.plasticity       | INFO  | Hard-clipped 5 w_cons parameters to delta_max=0.1000 bound.
2026-08-12 02:40:45 | sleep.weights.plasticity       | INFO  | Hard-clipped 5 w_cons parameters to delta_max=0.1000 bound.
2026-08-12 02:40:45 | sleep.weights.plasticity       | INFO  | Hard-clipped 5 w_cons parameters to delta_max=0.1000 bound.
2026-08-12 02:40:46 | sleep.weights.plasticity       | INFO  | Hard-clipped 5 w_cons parameters to delta_max=0.1000 bound.
2026-08-12 02:40:46 | sleep.weights.plasticity       | INFO  | Hard-clipped 5 w_cons parameters to delta_max=0.1000 bound.
2026-08-12 02:40:46 | sleep.weights.plasticity       | INFO  | Hard-clipped 5 w_cons parameters to delta_max=0.1000 bound.
2026-08-12 02:40:46 | sleep.weights.plasticity       | INFO  | Hard-clipped 5 w_cons parameters to delta_max=0.1000 bound.
2026-08-12 02:40:46 | sleep.weights.plasticity       | INFO  | Hard-clipped 5 w_cons parameters to delta_max=0.1000 bound.
2026-08-12 02:40:46 | sleep.weights.plasticity       | INFO  | Hard-clipped 5 w_cons parameters to delta_max=0.1000 bound.
2026-08-12 02:40:47 | sleep.weights.plasticity       | INFO  | Hard-clipped 5 w_cons parameters to delta_max=0.1000 bound.
2026-08-12 02:40:47 | sleep.weights.plasticity       | INFO  | Hard-clipped 5 w_cons parameters to delta_max=0.1000 bound.
2026-08-12 02:40:47 | sleep.weights.plasticity       | INFO  | Hard-clipped 5 w_cons parameters to delta_max=0.1000 bound.
2026-08-12 02:40:47 | sleep.weights.plasticity       | INFO  | Hard-clipped 5 w_cons parameters to delta_max=0.1000 bound.
2026-08-12 02:40:47 | sleep.weights.plasticity       | INFO  | Hard-clipped 5 w_cons parameters to delta_max=0.1000 bound.
2026-08-12 02:40:47 | sleep.weights.plasticity       | INFO  | Hard-clipped 5 w_cons parameters to delta_max=0.1000 bound.
2026-08-12 02:40:47 | sleep.weights.plasticity       | INFO  | Hard-clipped 5 w_cons parameters to delta_max=0.1000 bound.
2026-08-12 02:40:48 | sleep.weights.plasticity       | INFO  | Hard-clipped 5 w_cons parameters to delta_max=0.1000 bound.
2026-08-12 02:40:48 | sleep.weights.plasticity       | INFO  | Hard-clipped 5 w_cons parameters to delta_max=0.1000 bound.
2026-08-12 02:40:48 | sleep.weights.plasticity       | INFO  | Hard-clipped 5 w_cons parameters to delta_max=0.1000 bound.
2026-08-12 02:40:48 | sleep.weights.plasticity       | INFO  | Hard-clipped 5 w_cons parameters to delta_max=0.1000 bound.
2026-08-12 02:40:48 | sleep.weights.plasticity       | INFO  | Hard-clipped 5 w_cons parameters to delta_max=0.1000 bound.
2026-08-12 02:40:48 | sleep.weights.plasticity       | INFO  | Hard-clipped 5 w_cons parameters to delta_max=0.1000 bound.
2026-08-12 02:40:49 | sleep.weights.plasticity       | INFO  | Hard-clipped 5 w_cons parameters to delta_max=0.1000 bound.
2026-08-12 02:40:49 | sleep.weights.plasticity       | INFO  | Hard-clipped 5 w_cons parameters to delta_max=0.1000 bound.
2026-08-12 02:40:49 | sleep.weights.plasticity       | INFO  | Hard-clipped 5 w_cons parameters to delta_max=0.1000 bound.
2026-08-12 02:40:49 | sleep.weights.plasticity       | INFO  | Hard-clipped 5 w_cons parameters to delta_max=0.1000 bound.
2026-08-12 02:40:49 | sleep.sleep_engine.train       | INFO  |   distill step 360/400 | loss=0.5741 (kl=0.2971 ce=0.5539) | lr=3.02e-06
2026-08-12 02:40:49 | sleep.weights.plasticity       | INFO  | Hard-clipped 5 w_cons parameters to delta_max=0.1000 bound.
2026-08-12 02:40:49 | sleep.weights.plasticity       | INFO  | Hard-clipped 5 w_cons parameters to delta_max=0.1000 bound.
2026-08-12 02:40:50 | sleep.weights.plasticity       | INFO  | Hard-clipped 5 w_cons parameters to delta_max=0.1000 bound.
2026-08-12 02:40:50 | sleep.weights.plasticity       | INFO  | Hard-clipped 5 w_cons parameters to delta_max=0.1000 bound.
2026-08-12 02:40:50 | sleep.weights.plasticity       | INFO  | Hard-clipped 5 w_cons parameters to delta_max=0.1000 bound.
2026-08-12 02:40:50 | sleep.weights.plasticity       | INFO  | Hard-clipped 5 w_cons parameters to delta_max=0.1000 bound.
2026-08-12 02:40:50 | sleep.weights.plasticity       | INFO  | Hard-clipped 4 w_cons parameters to delta_max=0.1000 bound.
2026-08-12 02:40:50 | sleep.weights.plasticity       | INFO  | Hard-clipped 4 w_cons parameters to delta_max=0.1000 bound.
2026-08-12 02:40:51 | sleep.weights.plasticity       | INFO  | Hard-clipped 5 w_cons parameters to delta_max=0.1000 bound.
2026-08-12 02:40:51 | sleep.weights.plasticity       | INFO  | Hard-clipped 5 w_cons parameters to delta_max=0.1000 bound.
2026-08-12 02:40:51 | sleep.weights.plasticity       | INFO  | Hard-clipped 5 w_cons parameters to delta_max=0.1000 bound.
2026-08-12 02:40:51 | sleep.weights.plasticity       | INFO  | Hard-clipped 5 w_cons parameters to delta_max=0.1000 bound.
2026-08-12 02:40:51 | sleep.weights.plasticity       | INFO  | Hard-clipped 5 w_cons parameters to delta_max=0.1000 bound.
2026-08-12 02:40:51 | sleep.weights.plasticity       | INFO  | Hard-clipped 5 w_cons parameters to delta_max=0.1000 bound.
2026-08-12 02:40:51 | sleep.weights.plasticity       | INFO  | Hard-clipped 3 w_cons parameters to delta_max=0.1000 bound.
2026-08-12 02:40:52 | sleep.weights.plasticity       | INFO  | Hard-clipped 1 w_cons parameters to delta_max=0.1000 bound.
2026-08-12 02:40:52 | sleep.weights.plasticity       | INFO  | Hard-clipped 2 w_cons parameters to delta_max=0.1000 bound.
2026-08-12 02:40:52 | sleep.weights.plasticity       | INFO  | Hard-clipped 3 w_cons parameters to delta_max=0.1000 bound.
2026-08-12 02:40:52 | sleep.weights.plasticity       | INFO  | Hard-clipped 2 w_cons parameters to delta_max=0.1000 bound.
2026-08-12 02:40:52 | sleep.weights.plasticity       | INFO  | Hard-clipped 2 w_cons parameters to delta_max=0.1000 bound.
2026-08-12 02:40:52 | sleep.weights.plasticity       | INFO  | Hard-clipped 2 w_cons parameters to delta_max=0.1000 bound.
2026-08-12 02:40:53 | sleep.weights.plasticity       | INFO  | Hard-clipped 2 w_cons parameters to delta_max=0.1000 bound.
2026-08-12 02:40:53 | sleep.weights.plasticity       | INFO  | Hard-clipped 2 w_cons parameters to delta_max=0.1000 bound.
2026-08-12 02:40:53 | sleep.weights.plasticity       | INFO  | Hard-clipped 3 w_cons parameters to delta_max=0.1000 bound.
2026-08-12 02:40:53 | sleep.weights.plasticity       | INFO  | Hard-clipped 3 w_cons parameters to delta_max=0.1000 bound.
2026-08-12 02:40:53 | sleep.weights.plasticity       | INFO  | Hard-clipped 4 w_cons parameters to delta_max=0.1000 bound.
2026-08-12 02:40:53 | sleep.weights.plasticity       | INFO  | Hard-clipped 4 w_cons parameters to delta_max=0.1000 bound.
2026-08-12 02:40:54 | sleep.weights.plasticity       | INFO  | Hard-clipped 4 w_cons parameters to delta_max=0.1000 bound.
2026-08-12 02:40:54 | sleep.weights.plasticity       | INFO  | Hard-clipped 4 w_cons parameters to delta_max=0.1000 bound.
2026-08-12 02:40:54 | sleep.weights.plasticity       | INFO  | Hard-clipped 4 w_cons parameters to delta_max=0.1000 bound.
2026-08-12 02:40:54 | sleep.weights.plasticity       | INFO  | Hard-clipped 4 w_cons parameters to delta_max=0.1000 bound.
2026-08-12 02:40:54 | sleep.weights.plasticity       | INFO  | Hard-clipped 4 w_cons parameters to delta_max=0.1000 bound.
2026-08-12 02:40:54 | sleep.weights.plasticity       | INFO  | Hard-clipped 4 w_cons parameters to delta_max=0.1000 bound.
2026-08-12 02:40:55 | sleep.weights.plasticity       | INFO  | Hard-clipped 4 w_cons parameters to delta_max=0.1000 bound.
2026-08-12 02:40:55 | sleep.weights.plasticity       | INFO  | Hard-clipped 4 w_cons parameters to delta_max=0.1000 bound.
2026-08-12 02:40:55 | sleep.weights.plasticity       | INFO  | Hard-clipped 4 w_cons parameters to delta_max=0.1000 bound.
2026-08-12 02:40:55 | sleep.weights.plasticity       | INFO  | Hard-clipped 4 w_cons parameters to delta_max=0.1000 bound.
2026-08-12 02:40:55 | sleep.weights.plasticity       | INFO  | Hard-clipped 4 w_cons parameters to delta_max=0.1000 bound.
2026-08-12 02:40:55 | sleep.weights.plasticity       | INFO  | Hard-clipped 4 w_cons parameters to delta_max=0.1000 bound.
2026-08-12 02:40:55 | sleep.weights.plasticity       | INFO  | Hard-clipped 4 w_cons parameters to delta_max=0.1000 bound.
2026-08-12 02:40:55 | sleep.sleep_engine.train       | INFO  |   distill step 400/400 | loss=0.5400 (kl=0.3364 ce=0.4071) | lr=0.00e+00
2026-08-12 02:40:55 | sleep.sleep_engine.train       | INFO  | Sleep distill-training complete | n_steps=400 | final_loss=0.5400 | mean_loss=0.7308
2026-08-12 02:40:55 | sleep.sleep_engine             | INFO  | Phase 3 complete: 400 steps, final_loss=0.5400, mean_loss=0.7308
2026-08-12 02:40:55 | sleep.sleep_engine             | INFO  | Phase 4/5: PPL CHECK (skipped — no benchmark data)
2026-08-12 02:40:55 | sleep.sleep_engine             | INFO  | Phase 5/5: VALIDATE & CLEANUP
2026-08-12 02:40:56 | sleep.weights.plasticity       | INFO  | Saved checkpoint for adapter 'w_cons': 44 parameters.
2026-08-12 02:40:56 | sleep.weights.plasticity       | INFO  | Restored 44 parameters for adapter 'w_cons' from checkpoint.
2026-08-12 02:40:56 | sleep.weights.plasticity       | INFO  | Restored 44 parameters for adapter 'w_cons' from checkpoint.
2026-08-12 02:41:10 | sleep.sleep_engine             | INFO  | Two-stage validation: 9/20 passed surprise, 8 also passed the mini-recall gate (self-grading gap = 1)
2026-08-12 02:41:10 | sleep.sleep_engine.cleanup     | INFO  | Cleanup complete | passed=8 | failed=12 | permanently_removed=0
2026-08-12 02:41:10 | sleep.sleep_engine             | INFO  | Phase 5 complete: consolidated=8, failed=12, permanently_removed=0
2026-08-12 02:41:10 | sleep.metrics                  | INFO  | summary | {'sleep_engine/n_candidates': 20, 'sleep_engine/n_replays_generated': 182, 'sleep_engine/n_replays_accepted': 182, 'sleep_engine/n_consolidated': 8, 'sleep_engine/n_failed': 12, 'sleep_engine/n_permanently_removed': 0, 'sleep_engine/rolled_back': False}
2026-08-12 02:41:10 | sleep.weights.kv_memory        | INFO  | bank cleared: freed 13 tags / 597 tokens
2026-08-12 02:41:10 | sleep.sleep_engine             | INFO  | KV bank cleared (13 entries removed)
2026-08-12 02:41:10 | sleep.sleep_engine             | INFO  | KV memory injection: ENABLED
2026-08-12 02:41:10 | sleep.sleep_engine             | INFO  | === Sleep cycle END ===
2026-08-12 02:46:09 | sleep.evaluation.recall        | INFO  | Recall evaluation: DRA=0.1583 across 160 cases
2026-08-12 02:46:46 | sleep.evaluation.recall        | INFO  | Recall evaluation: DRA=0.4000 across 20 cases
2026-08-12 02:46:46 | sleep.evaluation.preservation  | INFO  | Perplexity evaluation: PPL=5.5499 (mean_loss=1.7138, 62 tokens)
2026-08-12 02:46:46 | sleep.evaluation.preservation  | INFO  | BCP: 1.2716 (current_ppl=5.5499, original_ppl=4.3646)
2026-08-12 02:46:46 | sleep.experiment.08            | INFO  | [sleep Cycle 8 EVAL] DRA cumulative=0.158 (51/160 hits); DRA current=0.400 (10/20 hits); BCP=1.2716
2026-08-12 02:46:46 | sleep.experiment.08            | INFO  | ======================================================================
2026-08-12 02:46:46 | sleep.experiment.08            | INFO  | [SLEEP Cycle 9] Wake phase: 20 facts
2026-08-12 02:46:46 | sleep.experiment.08            | INFO  | ======================================================================
2026-08-12 02:46:47 | sleep.tagging                  | INFO  | step=162 | 1 tags created from 1 spans | buffer: 106/36208 (0.3%)
2026-08-12 02:46:47 | sleep.tagging                  | INFO  | step=166 | 1 tags created from 1 spans | buffer: 107/36208 (0.3%)
2026-08-12 02:46:47 | sleep.tagging                  | INFO  | step=167 | 2 tags created from 2 spans | buffer: 109/36208 (0.3%)
2026-08-12 02:46:47 | sleep.tagging                  | INFO  | step=171 | 2 tags created from 2 spans | buffer: 111/36208 (0.3%)
2026-08-12 02:46:47 | sleep.tagging                  | INFO  | step=172 | 2 tags created from 2 spans | buffer: 113/36208 (0.3%)
2026-08-12 02:46:48 | sleep.tagging                  | INFO  | step=175 | 1 tags created from 1 spans | buffer: 114/36208 (0.3%)
2026-08-12 02:46:48 | sleep.tagging                  | INFO  | step=176 | 1 tags created from 1 spans | buffer: 115/36208 (0.3%)
2026-08-12 02:46:48 | sleep.tagging                  | INFO  | step=177 | 1 tags created from 1 spans | buffer: 116/36208 (0.3%)
2026-08-12 02:46:48 | sleep.tagging                  | INFO  | step=178 | 1 tags created from 1 spans | buffer: 117/36208 (0.3%)
2026-08-12 02:46:48 | sleep.tagging                  | INFO  | step=179 | 1 tags created from 1 spans | buffer: 118/36208 (0.3%)
2026-08-12 02:46:48 | sleep.experiment.08            | INFO  | [Cycle 9] Wake summary: 20 facts -> 9 KV writes; bank: 417/20000 tokens
2026-08-12 02:46:48 | sleep.prp                      | INFO  | step=180 | PRP update: 27/3620 allocated (1%) | +19 -0 | threshold=0.239 | mean_score=0.210
2026-08-12 02:46:48 | sleep.experiment.08            | INFO  | [Cycle 9] PRP: 27 allocated, 27 consolidation candidates
2026-08-12 02:46:48 | sleep.sleep_engine             | INFO  | === Sleep cycle START | 27 candidates ===
2026-08-12 02:46:48 | sleep.sleep_engine             | INFO  | Phase 1/5: GENERATE (strategy=paraphrase)
2026-08-12 02:46:48 | sleep.sleep_engine             | INFO  | KV memory injection: DISABLED
2026-08-12 02:46:48 | sleep.sleep_engine             | INFO  | Phase 1 (paraphrase strategy): 179 wordings from 8 unique sources (27 candidates)
2026-08-12 02:46:48 | sleep.sleep_engine             | INFO  | Phase 1 complete: 179/27 replays generated
2026-08-12 02:46:48 | sleep.sleep_engine             | INFO  | Phase 2/5: QUALITY CHECK
2026-08-12 02:46:48 | sleep.sleep_engine             | INFO  | Phase 2 complete: 179/179 replays accepted
2026-08-12 02:46:48 | sleep.sleep_engine             | INFO  | Phase 3/5: TRAIN (179 accepted replays)
2026-08-12 02:46:48 | sleep.sleep_engine             | INFO  | KV memory injection: DISABLED
2026-08-12 02:46:48 | sleep.weights.plasticity       | INFO  | Saved checkpoint for adapter 'w_cons': 44 parameters.
2026-08-12 02:46:48 | sleep.weights.plasticity       | INFO  | Saved checkpoint for adapter 'w_cons': 44 parameters.
2026-08-12 02:46:48 | sleep.sleep_engine.train       | INFO  | Sleep distill-training: 8 facts | 400 steps | lr=1.00e-04 | T=2
2026-08-12 02:46:48 | sleep.sleep_engine.train       | INFO  |   distill step 1/400 | loss=2.1667 (kl=1.1711 ce=1.9912) | lr=2.50e-06
2026-08-12 02:46:54 | sleep.sleep_engine.train       | INFO  |   distill step 40/400 | loss=0.5865 (kl=0.4223 ce=0.3285) | lr=1.00e-04
2026-08-12 02:47:00 | sleep.sleep_engine.train       | INFO  |   distill step 80/400 | loss=0.6583 (kl=0.4726 ce=0.3715) | lr=9.70e-05
2026-08-12 02:47:07 | sleep.sleep_engine.train       | INFO  |   distill step 120/400 | loss=0.7626 (kl=0.5018 ce=0.5216) | lr=8.83e-05
2026-08-12 02:47:07 | sleep.weights.plasticity       | INFO  | Hard-clipped 1 w_cons parameters to delta_max=0.1000 bound.
2026-08-12 02:47:07 | sleep.weights.plasticity       | INFO  | Hard-clipped 1 w_cons parameters to delta_max=0.1000 bound.
2026-08-12 02:47:07 | sleep.weights.plasticity       | INFO  | Hard-clipped 2 w_cons parameters to delta_max=0.1000 bound.
2026-08-12 02:47:07 | sleep.weights.plasticity       | INFO  | Hard-clipped 2 w_cons parameters to delta_max=0.1000 bound.
2026-08-12 02:47:08 | sleep.weights.plasticity       | INFO  | Hard-clipped 2 w_cons parameters to delta_max=0.1000 bound.
2026-08-12 02:47:08 | sleep.weights.plasticity       | INFO  | Hard-clipped 2 w_cons parameters to delta_max=0.1000 bound.
2026-08-12 02:47:08 | sleep.weights.plasticity       | INFO  | Hard-clipped 2 w_cons parameters to delta_max=0.1000 bound.
2026-08-12 02:47:08 | sleep.weights.plasticity       | INFO  | Hard-clipped 2 w_cons parameters to delta_max=0.1000 bound.
2026-08-12 02:47:08 | sleep.weights.plasticity       | INFO  | Hard-clipped 2 w_cons parameters to delta_max=0.1000 bound.
2026-08-12 02:47:08 | sleep.weights.plasticity       | INFO  | Hard-clipped 2 w_cons parameters to delta_max=0.1000 bound.
2026-08-12 02:47:09 | sleep.weights.plasticity       | INFO  | Hard-clipped 2 w_cons parameters to delta_max=0.1000 bound.
2026-08-12 02:47:09 | sleep.weights.plasticity       | INFO  | Hard-clipped 2 w_cons parameters to delta_max=0.1000 bound.
2026-08-12 02:47:09 | sleep.weights.plasticity       | INFO  | Hard-clipped 2 w_cons parameters to delta_max=0.1000 bound.
2026-08-12 02:47:09 | sleep.weights.plasticity       | INFO  | Hard-clipped 2 w_cons parameters to delta_max=0.1000 bound.
2026-08-12 02:47:09 | sleep.weights.plasticity       | INFO  | Hard-clipped 2 w_cons parameters to delta_max=0.1000 bound.
2026-08-12 02:47:09 | sleep.weights.plasticity       | INFO  | Hard-clipped 2 w_cons parameters to delta_max=0.1000 bound.
2026-08-12 02:47:10 | sleep.weights.plasticity       | INFO  | Hard-clipped 2 w_cons parameters to delta_max=0.1000 bound.
2026-08-12 02:47:10 | sleep.weights.plasticity       | INFO  | Hard-clipped 2 w_cons parameters to delta_max=0.1000 bound.
2026-08-12 02:47:10 | sleep.weights.plasticity       | INFO  | Hard-clipped 2 w_cons parameters to delta_max=0.1000 bound.
2026-08-12 02:47:10 | sleep.weights.plasticity       | INFO  | Hard-clipped 2 w_cons parameters to delta_max=0.1000 bound.
2026-08-12 02:47:10 | sleep.weights.plasticity       | INFO  | Hard-clipped 2 w_cons parameters to delta_max=0.1000 bound.
2026-08-12 02:47:10 | sleep.weights.plasticity       | INFO  | Hard-clipped 2 w_cons parameters to delta_max=0.1000 bound.
2026-08-12 02:47:10 | sleep.weights.plasticity       | INFO  | Hard-clipped 2 w_cons parameters to delta_max=0.1000 bound.
2026-08-12 02:47:11 | sleep.weights.plasticity       | INFO  | Hard-clipped 2 w_cons parameters to delta_max=0.1000 bound.
2026-08-12 02:47:11 | sleep.weights.plasticity       | INFO  | Hard-clipped 2 w_cons parameters to delta_max=0.1000 bound.
2026-08-12 02:47:11 | sleep.weights.plasticity       | INFO  | Hard-clipped 2 w_cons parameters to delta_max=0.1000 bound.
2026-08-12 02:47:11 | sleep.weights.plasticity       | INFO  | Hard-clipped 3 w_cons parameters to delta_max=0.1000 bound.
2026-08-12 02:47:11 | sleep.weights.plasticity       | INFO  | Hard-clipped 3 w_cons parameters to delta_max=0.1000 bound.
2026-08-12 02:47:11 | sleep.weights.plasticity       | INFO  | Hard-clipped 3 w_cons parameters to delta_max=0.1000 bound.
2026-08-12 02:47:12 | sleep.weights.plasticity       | INFO  | Hard-clipped 3 w_cons parameters to delta_max=0.1000 bound.
2026-08-12 02:47:12 | sleep.weights.plasticity       | INFO  | Hard-clipped 3 w_cons parameters to delta_max=0.1000 bound.
2026-08-12 02:47:12 | sleep.weights.plasticity       | INFO  | Hard-clipped 4 w_cons parameters to delta_max=0.1000 bound.
2026-08-12 02:47:12 | sleep.weights.plasticity       | INFO  | Hard-clipped 4 w_cons parameters to delta_max=0.1000 bound.
2026-08-12 02:47:12 | sleep.weights.plasticity       | INFO  | Hard-clipped 4 w_cons parameters to delta_max=0.1000 bound.
2026-08-12 02:47:12 | sleep.weights.plasticity       | INFO  | Hard-clipped 4 w_cons parameters to delta_max=0.1000 bound.
2026-08-12 02:47:13 | sleep.weights.plasticity       | INFO  | Hard-clipped 4 w_cons parameters to delta_max=0.1000 bound.
2026-08-12 02:47:13 | sleep.weights.plasticity       | INFO  | Hard-clipped 4 w_cons parameters to delta_max=0.1000 bound.
2026-08-12 02:47:13 | sleep.weights.plasticity       | INFO  | Hard-clipped 4 w_cons parameters to delta_max=0.1000 bound.
2026-08-12 02:47:13 | sleep.weights.plasticity       | INFO  | Hard-clipped 4 w_cons parameters to delta_max=0.1000 bound.
2026-08-12 02:47:13 | sleep.weights.plasticity       | INFO  | Hard-clipped 4 w_cons parameters to delta_max=0.1000 bound.
2026-08-12 02:47:13 | sleep.sleep_engine.train       | INFO  |   distill step 160/400 | loss=0.5690 (kl=0.2885 ce=0.5609) | lr=7.50e-05
2026-08-12 02:47:13 | sleep.weights.plasticity       | INFO  | Hard-clipped 4 w_cons parameters to delta_max=0.1000 bound.
2026-08-12 02:47:13 | sleep.weights.plasticity       | INFO  | Hard-clipped 4 w_cons parameters to delta_max=0.1000 bound.
2026-08-12 02:47:14 | sleep.weights.plasticity       | INFO  | Hard-clipped 4 w_cons parameters to delta_max=0.1000 bound.
2026-08-12 02:47:14 | sleep.weights.plasticity       | INFO  | Hard-clipped 4 w_cons parameters to delta_max=0.1000 bound.
2026-08-12 02:47:14 | sleep.weights.plasticity       | INFO  | Hard-clipped 4 w_cons parameters to delta_max=0.1000 bound.
2026-08-12 02:47:14 | sleep.weights.plasticity       | INFO  | Hard-clipped 4 w_cons parameters to delta_max=0.1000 bound.
2026-08-12 02:47:14 | sleep.weights.plasticity       | INFO  | Hard-clipped 4 w_cons parameters to delta_max=0.1000 bound.
2026-08-12 02:47:14 | sleep.weights.plasticity       | INFO  | Hard-clipped 4 w_cons parameters to delta_max=0.1000 bound.
2026-08-12 02:47:15 | sleep.weights.plasticity       | INFO  | Hard-clipped 4 w_cons parameters to delta_max=0.1000 bound.
2026-08-12 02:47:15 | sleep.weights.plasticity       | INFO  | Hard-clipped 4 w_cons parameters to delta_max=0.1000 bound.
2026-08-12 02:47:15 | sleep.weights.plasticity       | INFO  | Hard-clipped 4 w_cons parameters to delta_max=0.1000 bound.
2026-08-12 02:47:15 | sleep.weights.plasticity       | INFO  | Hard-clipped 4 w_cons parameters to delta_max=0.1000 bound.
2026-08-12 02:47:15 | sleep.weights.plasticity       | INFO  | Hard-clipped 4 w_cons parameters to delta_max=0.1000 bound.
2026-08-12 02:47:15 | sleep.weights.plasticity       | INFO  | Hard-clipped 4 w_cons parameters to delta_max=0.1000 bound.
2026-08-12 02:47:16 | sleep.weights.plasticity       | INFO  | Hard-clipped 4 w_cons parameters to delta_max=0.1000 bound.
2026-08-12 02:47:16 | sleep.weights.plasticity       | INFO  | Hard-clipped 4 w_cons parameters to delta_max=0.1000 bound.
2026-08-12 02:47:16 | sleep.weights.plasticity       | INFO  | Hard-clipped 4 w_cons parameters to delta_max=0.1000 bound.
2026-08-12 02:47:16 | sleep.weights.plasticity       | INFO  | Hard-clipped 4 w_cons parameters to delta_max=0.1000 bound.
2026-08-12 02:47:16 | sleep.weights.plasticity       | INFO  | Hard-clipped 4 w_cons parameters to delta_max=0.1000 bound.
2026-08-12 02:47:16 | sleep.weights.plasticity       | INFO  | Hard-clipped 4 w_cons parameters to delta_max=0.1000 bound.
2026-08-12 02:47:17 | sleep.weights.plasticity       | INFO  | Hard-clipped 4 w_cons parameters to delta_max=0.1000 bound.
2026-08-12 02:47:17 | sleep.weights.plasticity       | INFO  | Hard-clipped 4 w_cons parameters to delta_max=0.1000 bound.
2026-08-12 02:47:17 | sleep.weights.plasticity       | INFO  | Hard-clipped 4 w_cons parameters to delta_max=0.1000 bound.
2026-08-12 02:47:17 | sleep.weights.plasticity       | INFO  | Hard-clipped 4 w_cons parameters to delta_max=0.1000 bound.
2026-08-12 02:47:17 | sleep.weights.plasticity       | INFO  | Hard-clipped 4 w_cons parameters to delta_max=0.1000 bound.
2026-08-12 02:47:17 | sleep.weights.plasticity       | INFO  | Hard-clipped 4 w_cons parameters to delta_max=0.1000 bound.
2026-08-12 02:47:18 | sleep.weights.plasticity       | INFO  | Hard-clipped 4 w_cons parameters to delta_max=0.1000 bound.
2026-08-12 02:47:18 | sleep.weights.plasticity       | INFO  | Hard-clipped 4 w_cons parameters to delta_max=0.1000 bound.
2026-08-12 02:47:18 | sleep.weights.plasticity       | INFO  | Hard-clipped 4 w_cons parameters to delta_max=0.1000 bound.
2026-08-12 02:47:18 | sleep.weights.plasticity       | INFO  | Hard-clipped 4 w_cons parameters to delta_max=0.1000 bound.
2026-08-12 02:47:18 | sleep.weights.plasticity       | INFO  | Hard-clipped 4 w_cons parameters to delta_max=0.1000 bound.
2026-08-12 02:47:18 | sleep.weights.plasticity       | INFO  | Hard-clipped 4 w_cons parameters to delta_max=0.1000 bound.
2026-08-12 02:47:19 | sleep.weights.plasticity       | INFO  | Hard-clipped 4 w_cons parameters to delta_max=0.1000 bound.
2026-08-12 02:47:19 | sleep.weights.plasticity       | INFO  | Hard-clipped 4 w_cons parameters to delta_max=0.1000 bound.
2026-08-12 02:47:19 | sleep.weights.plasticity       | INFO  | Hard-clipped 4 w_cons parameters to delta_max=0.1000 bound.
2026-08-12 02:47:19 | sleep.weights.plasticity       | INFO  | Hard-clipped 4 w_cons parameters to delta_max=0.1000 bound.
2026-08-12 02:47:19 | sleep.weights.plasticity       | INFO  | Hard-clipped 4 w_cons parameters to delta_max=0.1000 bound.
2026-08-12 02:47:19 | sleep.weights.plasticity       | INFO  | Hard-clipped 4 w_cons parameters to delta_max=0.1000 bound.
2026-08-12 02:47:19 | sleep.weights.plasticity       | INFO  | Hard-clipped 4 w_cons parameters to delta_max=0.1000 bound.
2026-08-12 02:47:20 | sleep.weights.plasticity       | INFO  | Hard-clipped 4 w_cons parameters to delta_max=0.1000 bound.
2026-08-12 02:47:20 | sleep.sleep_engine.train       | INFO  |   distill step 200/400 | loss=0.5311 (kl=0.3509 ce=0.3604) | lr=5.87e-05
2026-08-12 02:47:20 | sleep.weights.plasticity       | INFO  | Hard-clipped 4 w_cons parameters to delta_max=0.1000 bound.
2026-08-12 02:47:20 | sleep.weights.plasticity       | INFO  | Hard-clipped 4 w_cons parameters to delta_max=0.1000 bound.
2026-08-12 02:47:20 | sleep.weights.plasticity       | INFO  | Hard-clipped 4 w_cons parameters to delta_max=0.1000 bound.
2026-08-12 02:47:20 | sleep.weights.plasticity       | INFO  | Hard-clipped 4 w_cons parameters to delta_max=0.1000 bound.
2026-08-12 02:47:20 | sleep.weights.plasticity       | INFO  | Hard-clipped 4 w_cons parameters to delta_max=0.1000 bound.
2026-08-12 02:47:21 | sleep.weights.plasticity       | INFO  | Hard-clipped 4 w_cons parameters to delta_max=0.1000 bound.
2026-08-12 02:47:21 | sleep.weights.plasticity       | INFO  | Hard-clipped 4 w_cons parameters to delta_max=0.1000 bound.
2026-08-12 02:47:21 | sleep.weights.plasticity       | INFO  | Hard-clipped 4 w_cons parameters to delta_max=0.1000 bound.
2026-08-12 02:47:21 | sleep.weights.plasticity       | INFO  | Hard-clipped 5 w_cons parameters to delta_max=0.1000 bound.
2026-08-12 02:47:21 | sleep.weights.plasticity       | INFO  | Hard-clipped 5 w_cons parameters to delta_max=0.1000 bound.
2026-08-12 02:47:21 | sleep.weights.plasticity       | INFO  | Hard-clipped 5 w_cons parameters to delta_max=0.1000 bound.
2026-08-12 02:47:22 | sleep.weights.plasticity       | INFO  | Hard-clipped 5 w_cons parameters to delta_max=0.1000 bound.
2026-08-12 02:47:22 | sleep.weights.plasticity       | INFO  | Hard-clipped 5 w_cons parameters to delta_max=0.1000 bound.
2026-08-12 02:47:22 | sleep.weights.plasticity       | INFO  | Hard-clipped 5 w_cons parameters to delta_max=0.1000 bound.
2026-08-12 02:47:22 | sleep.weights.plasticity       | INFO  | Hard-clipped 5 w_cons parameters to delta_max=0.1000 bound.
2026-08-12 02:47:22 | sleep.weights.plasticity       | INFO  | Hard-clipped 5 w_cons parameters to delta_max=0.1000 bound.
2026-08-12 02:47:22 | sleep.weights.plasticity       | INFO  | Hard-clipped 5 w_cons parameters to delta_max=0.1000 bound.
2026-08-12 02:47:23 | sleep.weights.plasticity       | INFO  | Hard-clipped 5 w_cons parameters to delta_max=0.1000 bound.
2026-08-12 02:47:23 | sleep.weights.plasticity       | INFO  | Hard-clipped 5 w_cons parameters to delta_max=0.1000 bound.
2026-08-12 02:47:23 | sleep.weights.plasticity       | INFO  | Hard-clipped 5 w_cons parameters to delta_max=0.1000 bound.
2026-08-12 02:47:23 | sleep.weights.plasticity       | INFO  | Hard-clipped 5 w_cons parameters to delta_max=0.1000 bound.
2026-08-12 02:47:23 | sleep.weights.plasticity       | INFO  | Hard-clipped 5 w_cons parameters to delta_max=0.1000 bound.
2026-08-12 02:47:23 | sleep.weights.plasticity       | INFO  | Hard-clipped 5 w_cons parameters to delta_max=0.1000 bound.
2026-08-12 02:47:23 | sleep.weights.plasticity       | INFO  | Hard-clipped 5 w_cons parameters to delta_max=0.1000 bound.
2026-08-12 02:47:24 | sleep.weights.plasticity       | INFO  | Hard-clipped 5 w_cons parameters to delta_max=0.1000 bound.
2026-08-12 02:47:24 | sleep.weights.plasticity       | INFO  | Hard-clipped 5 w_cons parameters to delta_max=0.1000 bound.
2026-08-12 02:47:24 | sleep.weights.plasticity       | INFO  | Hard-clipped 5 w_cons parameters to delta_max=0.1000 bound.
2026-08-12 02:47:24 | sleep.weights.plasticity       | INFO  | Hard-clipped 5 w_cons parameters to delta_max=0.1000 bound.
2026-08-12 02:47:24 | sleep.weights.plasticity       | INFO  | Hard-clipped 5 w_cons parameters to delta_max=0.1000 bound.
2026-08-12 02:47:24 | sleep.weights.plasticity       | INFO  | Hard-clipped 5 w_cons parameters to delta_max=0.1000 bound.
2026-08-12 02:47:25 | sleep.weights.plasticity       | INFO  | Hard-clipped 5 w_cons parameters to delta_max=0.1000 bound.
2026-08-12 02:47:25 | sleep.weights.plasticity       | INFO  | Hard-clipped 5 w_cons parameters to delta_max=0.1000 bound.
2026-08-12 02:47:25 | sleep.weights.plasticity       | INFO  | Hard-clipped 5 w_cons parameters to delta_max=0.1000 bound.
2026-08-12 02:47:25 | sleep.weights.plasticity       | INFO  | Hard-clipped 5 w_cons parameters to delta_max=0.1000 bound.
2026-08-12 02:47:25 | sleep.weights.plasticity       | INFO  | Hard-clipped 5 w_cons parameters to delta_max=0.1000 bound.
2026-08-12 02:47:25 | sleep.weights.plasticity       | INFO  | Hard-clipped 5 w_cons parameters to delta_max=0.1000 bound.
2026-08-12 02:47:26 | sleep.weights.plasticity       | INFO  | Hard-clipped 5 w_cons parameters to delta_max=0.1000 bound.
2026-08-12 02:47:26 | sleep.weights.plasticity       | INFO  | Hard-clipped 5 w_cons parameters to delta_max=0.1000 bound.
2026-08-12 02:47:26 | sleep.weights.plasticity       | INFO  | Hard-clipped 5 w_cons parameters to delta_max=0.1000 bound.
2026-08-12 02:47:26 | sleep.weights.plasticity       | INFO  | Hard-clipped 5 w_cons parameters to delta_max=0.1000 bound.
2026-08-12 02:47:26 | sleep.sleep_engine.train       | INFO  |   distill step 240/400 | loss=0.4760 (kl=0.3356 ce=0.2809) | lr=4.13e-05
2026-08-12 02:47:26 | sleep.weights.plasticity       | INFO  | Hard-clipped 5 w_cons parameters to delta_max=0.1000 bound.
2026-08-12 02:47:26 | sleep.weights.plasticity       | INFO  | Hard-clipped 5 w_cons parameters to delta_max=0.1000 bound.
2026-08-12 02:47:26 | sleep.weights.plasticity       | INFO  | Hard-clipped 5 w_cons parameters to delta_max=0.1000 bound.
2026-08-12 02:47:27 | sleep.weights.plasticity       | INFO  | Hard-clipped 5 w_cons parameters to delta_max=0.1000 bound.
2026-08-12 02:47:27 | sleep.weights.plasticity       | INFO  | Hard-clipped 5 w_cons parameters to delta_max=0.1000 bound.
2026-08-12 02:47:27 | sleep.weights.plasticity       | INFO  | Hard-clipped 5 w_cons parameters to delta_max=0.1000 bound.
2026-08-12 02:47:27 | sleep.weights.plasticity       | INFO  | Hard-clipped 5 w_cons parameters to delta_max=0.1000 bound.
2026-08-12 02:47:27 | sleep.weights.plasticity       | INFO  | Hard-clipped 5 w_cons parameters to delta_max=0.1000 bound.
2026-08-12 02:47:27 | sleep.weights.plasticity       | INFO  | Hard-clipped 5 w_cons parameters to delta_max=0.1000 bound.
2026-08-12 02:47:28 | sleep.weights.plasticity       | INFO  | Hard-clipped 6 w_cons parameters to delta_max=0.1000 bound.
2026-08-12 02:47:28 | sleep.weights.plasticity       | INFO  | Hard-clipped 6 w_cons parameters to delta_max=0.1000 bound.
2026-08-12 02:47:28 | sleep.weights.plasticity       | INFO  | Hard-clipped 6 w_cons parameters to delta_max=0.1000 bound.
2026-08-12 02:47:28 | sleep.weights.plasticity       | INFO  | Hard-clipped 6 w_cons parameters to delta_max=0.1000 bound.
2026-08-12 02:47:28 | sleep.weights.plasticity       | INFO  | Hard-clipped 6 w_cons parameters to delta_max=0.1000 bound.
2026-08-12 02:47:28 | sleep.weights.plasticity       | INFO  | Hard-clipped 6 w_cons parameters to delta_max=0.1000 bound.
2026-08-12 02:47:29 | sleep.weights.plasticity       | INFO  | Hard-clipped 6 w_cons parameters to delta_max=0.1000 bound.
2026-08-12 02:47:29 | sleep.weights.plasticity       | INFO  | Hard-clipped 6 w_cons parameters to delta_max=0.1000 bound.
2026-08-12 02:47:29 | sleep.weights.plasticity       | INFO  | Hard-clipped 6 w_cons parameters to delta_max=0.1000 bound.
2026-08-12 02:47:29 | sleep.weights.plasticity       | INFO  | Hard-clipped 6 w_cons parameters to delta_max=0.1000 bound.
2026-08-12 02:47:29 | sleep.weights.plasticity       | INFO  | Hard-clipped 6 w_cons parameters to delta_max=0.1000 bound.
2026-08-12 02:47:29 | sleep.weights.plasticity       | INFO  | Hard-clipped 6 w_cons parameters to delta_max=0.1000 bound.
2026-08-12 02:47:29 | sleep.weights.plasticity       | INFO  | Hard-clipped 6 w_cons parameters to delta_max=0.1000 bound.
2026-08-12 02:47:30 | sleep.weights.plasticity       | INFO  | Hard-clipped 6 w_cons parameters to delta_max=0.1000 bound.
2026-08-12 02:47:30 | sleep.weights.plasticity       | INFO  | Hard-clipped 6 w_cons parameters to delta_max=0.1000 bound.
2026-08-12 02:47:30 | sleep.weights.plasticity       | INFO  | Hard-clipped 6 w_cons parameters to delta_max=0.1000 bound.
2026-08-12 02:47:30 | sleep.weights.plasticity       | INFO  | Hard-clipped 6 w_cons parameters to delta_max=0.1000 bound.
2026-08-12 02:47:30 | sleep.weights.plasticity       | INFO  | Hard-clipped 6 w_cons parameters to delta_max=0.1000 bound.
2026-08-12 02:47:30 | sleep.weights.plasticity       | INFO  | Hard-clipped 6 w_cons parameters to delta_max=0.1000 bound.
2026-08-12 02:47:31 | sleep.weights.plasticity       | INFO  | Hard-clipped 6 w_cons parameters to delta_max=0.1000 bound.
2026-08-12 02:47:31 | sleep.weights.plasticity       | INFO  | Hard-clipped 6 w_cons parameters to delta_max=0.1000 bound.
2026-08-12 02:47:31 | sleep.weights.plasticity       | INFO  | Hard-clipped 6 w_cons parameters to delta_max=0.1000 bound.
2026-08-12 02:47:31 | sleep.weights.plasticity       | INFO  | Hard-clipped 6 w_cons parameters to delta_max=0.1000 bound.
2026-08-12 02:47:31 | sleep.weights.plasticity       | INFO  | Hard-clipped 6 w_cons parameters to delta_max=0.1000 bound.
2026-08-12 02:47:31 | sleep.weights.plasticity       | INFO  | Hard-clipped 6 w_cons parameters to delta_max=0.1000 bound.
2026-08-12 02:47:32 | sleep.weights.plasticity       | INFO  | Hard-clipped 6 w_cons parameters to delta_max=0.1000 bound.
2026-08-12 02:47:32 | sleep.weights.plasticity       | INFO  | Hard-clipped 6 w_cons parameters to delta_max=0.1000 bound.
2026-08-12 02:47:32 | sleep.weights.plasticity       | INFO  | Hard-clipped 6 w_cons parameters to delta_max=0.1000 bound.
2026-08-12 02:47:32 | sleep.weights.plasticity       | INFO  | Hard-clipped 6 w_cons parameters to delta_max=0.1000 bound.
2026-08-12 02:47:32 | sleep.weights.plasticity       | INFO  | Hard-clipped 6 w_cons parameters to delta_max=0.1000 bound.
2026-08-12 02:47:32 | sleep.weights.plasticity       | INFO  | Hard-clipped 6 w_cons parameters to delta_max=0.1000 bound.
2026-08-12 02:47:32 | sleep.sleep_engine.train       | INFO  |   distill step 280/400 | loss=0.2973 (kl=0.2251 ce=0.1444) | lr=2.50e-05
2026-08-12 02:47:33 | sleep.weights.plasticity       | INFO  | Hard-clipped 6 w_cons parameters to delta_max=0.1000 bound.
2026-08-12 02:47:33 | sleep.weights.plasticity       | INFO  | Hard-clipped 6 w_cons parameters to delta_max=0.1000 bound.
2026-08-12 02:47:33 | sleep.weights.plasticity       | INFO  | Hard-clipped 6 w_cons parameters to delta_max=0.1000 bound.
2026-08-12 02:47:33 | sleep.weights.plasticity       | INFO  | Hard-clipped 6 w_cons parameters to delta_max=0.1000 bound.
2026-08-12 02:47:33 | sleep.weights.plasticity       | INFO  | Hard-clipped 6 w_cons parameters to delta_max=0.1000 bound.
2026-08-12 02:47:33 | sleep.weights.plasticity       | INFO  | Hard-clipped 6 w_cons parameters to delta_max=0.1000 bound.
2026-08-12 02:47:34 | sleep.weights.plasticity       | INFO  | Hard-clipped 6 w_cons parameters to delta_max=0.1000 bound.
2026-08-12 02:47:34 | sleep.weights.plasticity       | INFO  | Hard-clipped 6 w_cons parameters to delta_max=0.1000 bound.
2026-08-12 02:47:34 | sleep.weights.plasticity       | INFO  | Hard-clipped 5 w_cons parameters to delta_max=0.1000 bound.
2026-08-12 02:47:34 | sleep.weights.plasticity       | INFO  | Hard-clipped 6 w_cons parameters to delta_max=0.1000 bound.
2026-08-12 02:47:34 | sleep.weights.plasticity       | INFO  | Hard-clipped 6 w_cons parameters to delta_max=0.1000 bound.
2026-08-12 02:47:34 | sleep.weights.plasticity       | INFO  | Hard-clipped 6 w_cons parameters to delta_max=0.1000 bound.
2026-08-12 02:47:34 | sleep.weights.plasticity       | INFO  | Hard-clipped 6 w_cons parameters to delta_max=0.1000 bound.
2026-08-12 02:47:35 | sleep.weights.plasticity       | INFO  | Hard-clipped 6 w_cons parameters to delta_max=0.1000 bound.
2026-08-12 02:47:35 | sleep.weights.plasticity       | INFO  | Hard-clipped 6 w_cons parameters to delta_max=0.1000 bound.
2026-08-12 02:47:35 | sleep.weights.plasticity       | INFO  | Hard-clipped 6 w_cons parameters to delta_max=0.1000 bound.
2026-08-12 02:47:35 | sleep.weights.plasticity       | INFO  | Hard-clipped 6 w_cons parameters to delta_max=0.1000 bound.
2026-08-12 02:47:35 | sleep.weights.plasticity       | INFO  | Hard-clipped 6 w_cons parameters to delta_max=0.1000 bound.
2026-08-12 02:47:35 | sleep.weights.plasticity       | INFO  | Hard-clipped 6 w_cons parameters to delta_max=0.1000 bound.
2026-08-12 02:47:36 | sleep.weights.plasticity       | INFO  | Hard-clipped 6 w_cons parameters to delta_max=0.1000 bound.
2026-08-12 02:47:36 | sleep.weights.plasticity       | INFO  | Hard-clipped 6 w_cons parameters to delta_max=0.1000 bound.
2026-08-12 02:47:36 | sleep.weights.plasticity       | INFO  | Hard-clipped 6 w_cons parameters to delta_max=0.1000 bound.
2026-08-12 02:47:36 | sleep.weights.plasticity       | INFO  | Hard-clipped 6 w_cons parameters to delta_max=0.1000 bound.
2026-08-12 02:47:36 | sleep.weights.plasticity       | INFO  | Hard-clipped 6 w_cons parameters to delta_max=0.1000 bound.
2026-08-12 02:47:36 | sleep.weights.plasticity       | INFO  | Hard-clipped 6 w_cons parameters to delta_max=0.1000 bound.
2026-08-12 02:47:37 | sleep.weights.plasticity       | INFO  | Hard-clipped 6 w_cons parameters to delta_max=0.1000 bound.
2026-08-12 02:47:37 | sleep.weights.plasticity       | INFO  | Hard-clipped 6 w_cons parameters to delta_max=0.1000 bound.
2026-08-12 02:47:37 | sleep.weights.plasticity       | INFO  | Hard-clipped 6 w_cons parameters to delta_max=0.1000 bound.
2026-08-12 02:47:37 | sleep.weights.plasticity       | INFO  | Hard-clipped 6 w_cons parameters to delta_max=0.1000 bound.
2026-08-12 02:47:37 | sleep.weights.plasticity       | INFO  | Hard-clipped 6 w_cons parameters to delta_max=0.1000 bound.
2026-08-12 02:47:37 | sleep.weights.plasticity       | INFO  | Hard-clipped 6 w_cons parameters to delta_max=0.1000 bound.
2026-08-12 02:47:38 | sleep.weights.plasticity       | INFO  | Hard-clipped 6 w_cons parameters to delta_max=0.1000 bound.
2026-08-12 02:47:38 | sleep.weights.plasticity       | INFO  | Hard-clipped 6 w_cons parameters to delta_max=0.1000 bound.
2026-08-12 02:47:38 | sleep.weights.plasticity       | INFO  | Hard-clipped 6 w_cons parameters to delta_max=0.1000 bound.
2026-08-12 02:47:38 | sleep.weights.plasticity       | INFO  | Hard-clipped 5 w_cons parameters to delta_max=0.1000 bound.
2026-08-12 02:47:38 | sleep.weights.plasticity       | INFO  | Hard-clipped 5 w_cons parameters to delta_max=0.1000 bound.
2026-08-12 02:47:38 | sleep.weights.plasticity       | INFO  | Hard-clipped 6 w_cons parameters to delta_max=0.1000 bound.
2026-08-12 02:47:38 | sleep.weights.plasticity       | INFO  | Hard-clipped 6 w_cons parameters to delta_max=0.1000 bound.
2026-08-12 02:47:39 | sleep.weights.plasticity       | INFO  | Hard-clipped 6 w_cons parameters to delta_max=0.1000 bound.
2026-08-12 02:47:39 | sleep.weights.plasticity       | INFO  | Hard-clipped 6 w_cons parameters to delta_max=0.1000 bound.
2026-08-12 02:47:39 | sleep.sleep_engine.train       | INFO  |   distill step 320/400 | loss=0.4046 (kl=0.2620 ce=0.2853) | lr=1.17e-05
2026-08-12 02:47:39 | sleep.weights.plasticity       | INFO  | Hard-clipped 6 w_cons parameters to delta_max=0.1000 bound.
2026-08-12 02:47:39 | sleep.weights.plasticity       | INFO  | Hard-clipped 6 w_cons parameters to delta_max=0.1000 bound.
2026-08-12 02:47:39 | sleep.weights.plasticity       | INFO  | Hard-clipped 6 w_cons parameters to delta_max=0.1000 bound.
2026-08-12 02:47:39 | sleep.weights.plasticity       | INFO  | Hard-clipped 6 w_cons parameters to delta_max=0.1000 bound.
2026-08-12 02:47:40 | sleep.weights.plasticity       | INFO  | Hard-clipped 6 w_cons parameters to delta_max=0.1000 bound.
2026-08-12 02:47:40 | sleep.weights.plasticity       | INFO  | Hard-clipped 6 w_cons parameters to delta_max=0.1000 bound.
2026-08-12 02:47:40 | sleep.weights.plasticity       | INFO  | Hard-clipped 6 w_cons parameters to delta_max=0.1000 bound.
2026-08-12 02:47:40 | sleep.weights.plasticity       | INFO  | Hard-clipped 5 w_cons parameters to delta_max=0.1000 bound.
2026-08-12 02:47:40 | sleep.weights.plasticity       | INFO  | Hard-clipped 5 w_cons parameters to delta_max=0.1000 bound.
2026-08-12 02:47:40 | sleep.weights.plasticity       | INFO  | Hard-clipped 5 w_cons parameters to delta_max=0.1000 bound.
2026-08-12 02:47:41 | sleep.weights.plasticity       | INFO  | Hard-clipped 6 w_cons parameters to delta_max=0.1000 bound.
2026-08-12 02:47:41 | sleep.weights.plasticity       | INFO  | Hard-clipped 6 w_cons parameters to delta_max=0.1000 bound.
2026-08-12 02:47:41 | sleep.weights.plasticity       | INFO  | Hard-clipped 6 w_cons parameters to delta_max=0.1000 bound.
2026-08-12 02:47:41 | sleep.weights.plasticity       | INFO  | Hard-clipped 6 w_cons parameters to delta_max=0.1000 bound.
2026-08-12 02:47:41 | sleep.weights.plasticity       | INFO  | Hard-clipped 6 w_cons parameters to delta_max=0.1000 bound.
2026-08-12 02:47:41 | sleep.weights.plasticity       | INFO  | Hard-clipped 6 w_cons parameters to delta_max=0.1000 bound.
2026-08-12 02:47:42 | sleep.weights.plasticity       | INFO  | Hard-clipped 6 w_cons parameters to delta_max=0.1000 bound.
2026-08-12 02:47:42 | sleep.weights.plasticity       | INFO  | Hard-clipped 6 w_cons parameters to delta_max=0.1000 bound.
2026-08-12 02:47:42 | sleep.weights.plasticity       | INFO  | Hard-clipped 6 w_cons parameters to delta_max=0.1000 bound.
2026-08-12 02:47:42 | sleep.weights.plasticity       | INFO  | Hard-clipped 6 w_cons parameters to delta_max=0.1000 bound.
2026-08-12 02:47:42 | sleep.weights.plasticity       | INFO  | Hard-clipped 6 w_cons parameters to delta_max=0.1000 bound.
2026-08-12 02:47:42 | sleep.weights.plasticity       | INFO  | Hard-clipped 6 w_cons parameters to delta_max=0.1000 bound.
2026-08-12 02:47:42 | sleep.weights.plasticity       | INFO  | Hard-clipped 6 w_cons parameters to delta_max=0.1000 bound.
2026-08-12 02:47:43 | sleep.weights.plasticity       | INFO  | Hard-clipped 6 w_cons parameters to delta_max=0.1000 bound.
2026-08-12 02:47:43 | sleep.weights.plasticity       | INFO  | Hard-clipped 6 w_cons parameters to delta_max=0.1000 bound.
2026-08-12 02:47:43 | sleep.weights.plasticity       | INFO  | Hard-clipped 6 w_cons parameters to delta_max=0.1000 bound.
2026-08-12 02:47:43 | sleep.weights.plasticity       | INFO  | Hard-clipped 6 w_cons parameters to delta_max=0.1000 bound.
2026-08-12 02:47:43 | sleep.weights.plasticity       | INFO  | Hard-clipped 6 w_cons parameters to delta_max=0.1000 bound.
2026-08-12 02:47:43 | sleep.weights.plasticity       | INFO  | Hard-clipped 6 w_cons parameters to delta_max=0.1000 bound.
2026-08-12 02:47:44 | sleep.weights.plasticity       | INFO  | Hard-clipped 6 w_cons parameters to delta_max=0.1000 bound.
2026-08-12 02:47:44 | sleep.weights.plasticity       | INFO  | Hard-clipped 6 w_cons parameters to delta_max=0.1000 bound.
2026-08-12 02:47:44 | sleep.weights.plasticity       | INFO  | Hard-clipped 6 w_cons parameters to delta_max=0.1000 bound.
2026-08-12 02:47:44 | sleep.weights.plasticity       | INFO  | Hard-clipped 6 w_cons parameters to delta_max=0.1000 bound.
2026-08-12 02:47:44 | sleep.weights.plasticity       | INFO  | Hard-clipped 6 w_cons parameters to delta_max=0.1000 bound.
2026-08-12 02:47:44 | sleep.weights.plasticity       | INFO  | Hard-clipped 2 w_cons parameters to delta_max=0.1000 bound.
2026-08-12 02:47:45 | sleep.weights.plasticity       | INFO  | Hard-clipped 2 w_cons parameters to delta_max=0.1000 bound.
2026-08-12 02:47:45 | sleep.weights.plasticity       | INFO  | Hard-clipped 1 w_cons parameters to delta_max=0.1000 bound.
2026-08-12 02:47:45 | sleep.weights.plasticity       | INFO  | Hard-clipped 3 w_cons parameters to delta_max=0.1000 bound.
2026-08-12 02:47:45 | sleep.weights.plasticity       | INFO  | Hard-clipped 1 w_cons parameters to delta_max=0.1000 bound.
2026-08-12 02:47:45 | sleep.weights.plasticity       | INFO  | Hard-clipped 1 w_cons parameters to delta_max=0.1000 bound.
2026-08-12 02:47:45 | sleep.sleep_engine.train       | INFO  |   distill step 360/400 | loss=0.4785 (kl=0.2809 ce=0.3952) | lr=3.02e-06
2026-08-12 02:47:45 | sleep.weights.plasticity       | INFO  | Hard-clipped 1 w_cons parameters to delta_max=0.1000 bound.
2026-08-12 02:47:46 | sleep.weights.plasticity       | INFO  | Hard-clipped 2 w_cons parameters to delta_max=0.1000 bound.
2026-08-12 02:47:46 | sleep.weights.plasticity       | INFO  | Hard-clipped 1 w_cons parameters to delta_max=0.1000 bound.
2026-08-12 02:47:46 | sleep.weights.plasticity       | INFO  | Hard-clipped 1 w_cons parameters to delta_max=0.1000 bound.
2026-08-12 02:47:46 | sleep.weights.plasticity       | INFO  | Hard-clipped 1 w_cons parameters to delta_max=0.1000 bound.
2026-08-12 02:47:46 | sleep.weights.plasticity       | INFO  | Hard-clipped 1 w_cons parameters to delta_max=0.1000 bound.
2026-08-12 02:47:46 | sleep.weights.plasticity       | INFO  | Hard-clipped 1 w_cons parameters to delta_max=0.1000 bound.
2026-08-12 02:47:46 | sleep.weights.plasticity       | INFO  | Hard-clipped 1 w_cons parameters to delta_max=0.1000 bound.
2026-08-12 02:47:47 | sleep.weights.plasticity       | INFO  | Hard-clipped 1 w_cons parameters to delta_max=0.1000 bound.
2026-08-12 02:47:47 | sleep.weights.plasticity       | INFO  | Hard-clipped 1 w_cons parameters to delta_max=0.1000 bound.
2026-08-12 02:47:47 | sleep.weights.plasticity       | INFO  | Hard-clipped 1 w_cons parameters to delta_max=0.1000 bound.
2026-08-12 02:47:47 | sleep.weights.plasticity       | INFO  | Hard-clipped 1 w_cons parameters to delta_max=0.1000 bound.
2026-08-12 02:47:47 | sleep.weights.plasticity       | INFO  | Hard-clipped 1 w_cons parameters to delta_max=0.1000 bound.
2026-08-12 02:47:47 | sleep.weights.plasticity       | INFO  | Hard-clipped 1 w_cons parameters to delta_max=0.1000 bound.
2026-08-12 02:47:50 | sleep.weights.plasticity       | INFO  | Hard-clipped 1 w_cons parameters to delta_max=0.1000 bound.
2026-08-12 02:47:50 | sleep.weights.plasticity       | INFO  | Hard-clipped 1 w_cons parameters to delta_max=0.1000 bound.
2026-08-12 02:47:50 | sleep.weights.plasticity       | INFO  | Hard-clipped 1 w_cons parameters to delta_max=0.1000 bound.
2026-08-12 02:47:51 | sleep.weights.plasticity       | INFO  | Hard-clipped 1 w_cons parameters to delta_max=0.1000 bound.
2026-08-12 02:47:51 | sleep.weights.plasticity       | INFO  | Hard-clipped 1 w_cons parameters to delta_max=0.1000 bound.
2026-08-12 02:47:51 | sleep.weights.plasticity       | INFO  | Hard-clipped 1 w_cons parameters to delta_max=0.1000 bound.
2026-08-12 02:47:51 | sleep.weights.plasticity       | INFO  | Hard-clipped 1 w_cons parameters to delta_max=0.1000 bound.
2026-08-12 02:47:51 | sleep.weights.plasticity       | INFO  | Hard-clipped 1 w_cons parameters to delta_max=0.1000 bound.
2026-08-12 02:47:51 | sleep.weights.plasticity       | INFO  | Hard-clipped 1 w_cons parameters to delta_max=0.1000 bound.
2026-08-12 02:47:51 | sleep.weights.plasticity       | INFO  | Hard-clipped 1 w_cons parameters to delta_max=0.1000 bound.
2026-08-12 02:47:52 | sleep.weights.plasticity       | INFO  | Hard-clipped 1 w_cons parameters to delta_max=0.1000 bound.
2026-08-12 02:47:52 | sleep.sleep_engine.train       | INFO  |   distill step 400/400 | loss=0.4744 (kl=0.2808 ce=0.3873) | lr=0.00e+00
2026-08-12 02:47:52 | sleep.sleep_engine.train       | INFO  | Sleep distill-training complete | n_steps=400 | final_loss=0.4744 | mean_loss=0.6668
2026-08-12 02:47:52 | sleep.sleep_engine             | INFO  | Phase 3 complete: 400 steps, final_loss=0.4744, mean_loss=0.6668
2026-08-12 02:47:52 | sleep.sleep_engine             | INFO  | Phase 4/5: PPL CHECK (skipped — no benchmark data)
2026-08-12 02:47:52 | sleep.sleep_engine             | INFO  | Phase 5/5: VALIDATE & CLEANUP
2026-08-12 02:47:52 | sleep.weights.plasticity       | INFO  | Saved checkpoint for adapter 'w_cons': 44 parameters.
2026-08-12 02:47:52 | sleep.weights.plasticity       | INFO  | Restored 44 parameters for adapter 'w_cons' from checkpoint.
2026-08-12 02:47:52 | sleep.weights.plasticity       | INFO  | Restored 44 parameters for adapter 'w_cons' from checkpoint.
2026-08-12 02:48:08 | sleep.sleep_engine             | INFO  | Two-stage validation: 10/27 passed surprise, 10 also passed the mini-recall gate (self-grading gap = 0)
2026-08-12 02:48:08 | sleep.sleep_engine.cleanup     | INFO  | Cleanup complete | passed=10 | failed=17 | permanently_removed=0
2026-08-12 02:48:08 | sleep.sleep_engine             | INFO  | Phase 5 complete: consolidated=10, failed=17, permanently_removed=0
2026-08-12 02:48:08 | sleep.metrics                  | INFO  | summary | {'sleep_engine/n_candidates': 27, 'sleep_engine/n_replays_generated': 179, 'sleep_engine/n_replays_accepted': 179, 'sleep_engine/n_consolidated': 10, 'sleep_engine/n_failed': 17, 'sleep_engine/n_permanently_removed': 0, 'sleep_engine/rolled_back': False}
2026-08-12 02:48:08 | sleep.weights.kv_memory        | INFO  | bank cleared: freed 9 tags / 417 tokens
2026-08-12 02:48:08 | sleep.sleep_engine             | INFO  | KV bank cleared (9 entries removed)
2026-08-12 02:48:08 | sleep.sleep_engine             | INFO  | KV memory injection: ENABLED
2026-08-12 02:48:08 | sleep.sleep_engine             | INFO  | === Sleep cycle END ===
2026-08-12 02:53:41 | sleep.evaluation.recall        | INFO  | Recall evaluation: DRA=0.1981 across 180 cases
2026-08-12 02:54:18 | sleep.evaluation.recall        | INFO  | Recall evaluation: DRA=0.4667 across 20 cases
2026-08-12 02:54:18 | sleep.evaluation.preservation  | INFO  | Perplexity evaluation: PPL=5.3349 (mean_loss=1.6743, 62 tokens)
2026-08-12 02:54:18 | sleep.evaluation.preservation  | INFO  | BCP: 1.2223 (current_ppl=5.3349, original_ppl=4.3646)
2026-08-12 02:54:18 | sleep.experiment.08            | INFO  | [sleep Cycle 9 EVAL] DRA cumulative=0.198 (75/180 hits); DRA current=0.467 (13/20 hits); BCP=1.2223
2026-08-12 02:54:18 | sleep.experiment.08            | INFO  | ======================================================================
2026-08-12 02:54:18 | sleep.experiment.08            | INFO  | [SLEEP Cycle 10] Wake phase: 20 facts
2026-08-12 02:54:18 | sleep.experiment.08            | INFO  | ======================================================================
2026-08-12 02:54:18 | sleep.tagging                  | INFO  | step=182 | 1 tags created from 1 spans | buffer: 119/36208 (0.3%)
2026-08-12 02:54:18 | sleep.tagging                  | INFO  | step=183 | 1 tags created from 1 spans | buffer: 120/36208 (0.3%)
2026-08-12 02:54:18 | sleep.tagging                  | INFO  | step=184 | 1 tags created from 1 spans | buffer: 121/36208 (0.3%)
2026-08-12 02:54:18 | sleep.tagging                  | INFO  | step=186 | 1 tags created from 1 spans | buffer: 122/36208 (0.3%)
2026-08-12 02:54:18 | sleep.tagging                  | INFO  | step=187 | 1 tags created from 1 spans | buffer: 123/36208 (0.3%)
2026-08-12 02:54:19 | sleep.tagging                  | INFO  | step=191 | 2 tags created from 2 spans | buffer: 125/36208 (0.3%)
2026-08-12 02:54:19 | sleep.tagging                  | INFO  | step=192 | 2 tags created from 2 spans | buffer: 127/36208 (0.4%)
2026-08-12 02:54:19 | sleep.tagging                  | INFO  | step=193 | 1 tags created from 1 spans | buffer: 128/36208 (0.4%)
2026-08-12 02:54:19 | sleep.tagging                  | INFO  | step=194 | 1 tags created from 1 spans | buffer: 129/36208 (0.4%)
2026-08-12 02:54:19 | sleep.tagging                  | INFO  | step=196 | 1 tags created from 1 spans | buffer: 130/36208 (0.4%)
2026-08-12 02:54:19 | sleep.tagging                  | INFO  | step=197 | 1 tags created from 1 spans | buffer: 131/36208 (0.4%)
2026-08-12 02:54:19 | sleep.experiment.08            | INFO  | [Cycle 10] Wake summary: 20 facts -> 11 KV writes; bank: 522/20000 tokens
2026-08-12 02:54:19 | sleep.prp                      | INFO  | step=200 | PRP update: 20/3620 allocated (1%) | +10 -0 | threshold=0.229 | mean_score=0.200
2026-08-12 02:54:19 | sleep.experiment.08            | INFO  | [Cycle 10] PRP: 20 allocated, 20 consolidation candidates
2026-08-12 02:54:19 | sleep.sleep_engine             | INFO  | === Sleep cycle START | 20 candidates ===
2026-08-12 02:54:19 | sleep.sleep_engine             | INFO  | Phase 1/5: GENERATE (strategy=paraphrase)
2026-08-12 02:54:19 | sleep.sleep_engine             | INFO  | KV memory injection: DISABLED
2026-08-12 02:54:19 | sleep.sleep_engine             | INFO  | Phase 1 (paraphrase strategy): 157 wordings from 7 unique sources (20 candidates)
2026-08-12 02:54:19 | sleep.sleep_engine             | INFO  | Phase 1 complete: 157/20 replays generated
2026-08-12 02:54:19 | sleep.sleep_engine             | INFO  | Phase 2/5: QUALITY CHECK
2026-08-12 02:54:19 | sleep.sleep_engine             | INFO  | Phase 2 complete: 157/157 replays accepted
2026-08-12 02:54:19 | sleep.sleep_engine             | INFO  | Phase 3/5: TRAIN (157 accepted replays)
2026-08-12 02:54:19 | sleep.sleep_engine             | INFO  | KV memory injection: DISABLED
2026-08-12 02:54:19 | sleep.weights.plasticity       | INFO  | Saved checkpoint for adapter 'w_cons': 44 parameters.
2026-08-12 02:54:19 | sleep.weights.plasticity       | INFO  | Saved checkpoint for adapter 'w_cons': 44 parameters.
2026-08-12 02:54:19 | sleep.sleep_engine.train       | INFO  | Sleep distill-training: 7 facts | 400 steps | lr=1.00e-04 | T=2
2026-08-12 02:54:20 | sleep.sleep_engine.train       | INFO  |   distill step 1/400 | loss=1.8190 (kl=1.0526 ce=1.5328) | lr=2.50e-06
2026-08-12 02:54:26 | sleep.sleep_engine.train       | INFO  |   distill step 40/400 | loss=1.0739 (kl=0.6013 ce=0.9452) | lr=1.00e-04
2026-08-12 02:54:32 | sleep.sleep_engine.train       | INFO  |   distill step 80/400 | loss=0.5338 (kl=0.3428 ce=0.3820) | lr=9.70e-05
2026-08-12 02:54:38 | sleep.weights.plasticity       | INFO  | Hard-clipped 1 w_cons parameters to delta_max=0.1000 bound.
2026-08-12 02:54:38 | sleep.weights.plasticity       | INFO  | Hard-clipped 1 w_cons parameters to delta_max=0.1000 bound.
2026-08-12 02:54:38 | sleep.weights.plasticity       | INFO  | Hard-clipped 1 w_cons parameters to delta_max=0.1000 bound.
2026-08-12 02:54:39 | sleep.weights.plasticity       | INFO  | Hard-clipped 1 w_cons parameters to delta_max=0.1000 bound.
2026-08-12 02:54:39 | sleep.sleep_engine.train       | INFO  |   distill step 120/400 | loss=0.6001 (kl=0.3721 ce=0.4560) | lr=8.83e-05
2026-08-12 02:54:39 | sleep.weights.plasticity       | INFO  | Hard-clipped 2 w_cons parameters to delta_max=0.1000 bound.
2026-08-12 02:54:39 | sleep.weights.plasticity       | INFO  | Hard-clipped 2 w_cons parameters to delta_max=0.1000 bound.
2026-08-12 02:54:39 | sleep.weights.plasticity       | INFO  | Hard-clipped 2 w_cons parameters to delta_max=0.1000 bound.
2026-08-12 02:54:39 | sleep.weights.plasticity       | INFO  | Hard-clipped 2 w_cons parameters to delta_max=0.1000 bound.
2026-08-12 02:54:39 | sleep.weights.plasticity       | INFO  | Hard-clipped 2 w_cons parameters to delta_max=0.1000 bound.
2026-08-12 02:54:40 | sleep.weights.plasticity       | INFO  | Hard-clipped 2 w_cons parameters to delta_max=0.1000 bound.
2026-08-12 02:54:40 | sleep.weights.plasticity       | INFO  | Hard-clipped 2 w_cons parameters to delta_max=0.1000 bound.
2026-08-12 02:54:40 | sleep.weights.plasticity       | INFO  | Hard-clipped 2 w_cons parameters to delta_max=0.1000 bound.
2026-08-12 02:54:40 | sleep.weights.plasticity       | INFO  | Hard-clipped 2 w_cons parameters to delta_max=0.1000 bound.
2026-08-12 02:54:40 | sleep.weights.plasticity       | INFO  | Hard-clipped 2 w_cons parameters to delta_max=0.1000 bound.
2026-08-12 02:54:40 | sleep.weights.plasticity       | INFO  | Hard-clipped 2 w_cons parameters to delta_max=0.1000 bound.
2026-08-12 02:54:41 | sleep.weights.plasticity       | INFO  | Hard-clipped 2 w_cons parameters to delta_max=0.1000 bound.
2026-08-12 02:54:41 | sleep.weights.plasticity       | INFO  | Hard-clipped 2 w_cons parameters to delta_max=0.1000 bound.
2026-08-12 02:54:41 | sleep.weights.plasticity       | INFO  | Hard-clipped 2 w_cons parameters to delta_max=0.1000 bound.
2026-08-12 02:54:41 | sleep.weights.plasticity       | INFO  | Hard-clipped 2 w_cons parameters to delta_max=0.1000 bound.
2026-08-12 02:54:41 | sleep.weights.plasticity       | INFO  | Hard-clipped 2 w_cons parameters to delta_max=0.1000 bound.
2026-08-12 02:54:41 | sleep.weights.plasticity       | INFO  | Hard-clipped 2 w_cons parameters to delta_max=0.1000 bound.
2026-08-12 02:54:42 | sleep.weights.plasticity       | INFO  | Hard-clipped 2 w_cons parameters to delta_max=0.1000 bound.
2026-08-12 02:54:42 | sleep.weights.plasticity       | INFO  | Hard-clipped 2 w_cons parameters to delta_max=0.1000 bound.
2026-08-12 02:54:42 | sleep.weights.plasticity       | INFO  | Hard-clipped 2 w_cons parameters to delta_max=0.1000 bound.
2026-08-12 02:54:42 | sleep.weights.plasticity       | INFO  | Hard-clipped 2 w_cons parameters to delta_max=0.1000 bound.
2026-08-12 02:54:42 | sleep.weights.plasticity       | INFO  | Hard-clipped 2 w_cons parameters to delta_max=0.1000 bound.
2026-08-12 02:54:42 | sleep.weights.plasticity       | INFO  | Hard-clipped 2 w_cons parameters to delta_max=0.1000 bound.
2026-08-12 02:54:42 | sleep.weights.plasticity       | INFO  | Hard-clipped 2 w_cons parameters to delta_max=0.1000 bound.
2026-08-12 02:54:43 | sleep.weights.plasticity       | INFO  | Hard-clipped 2 w_cons parameters to delta_max=0.1000 bound.
2026-08-12 02:54:43 | sleep.weights.plasticity       | INFO  | Hard-clipped 2 w_cons parameters to delta_max=0.1000 bound.
2026-08-12 02:54:43 | sleep.weights.plasticity       | INFO  | Hard-clipped 2 w_cons parameters to delta_max=0.1000 bound.
2026-08-12 02:54:43 | sleep.weights.plasticity       | INFO  | Hard-clipped 2 w_cons parameters to delta_max=0.1000 bound.
2026-08-12 02:54:43 | sleep.weights.plasticity       | INFO  | Hard-clipped 2 w_cons parameters to delta_max=0.1000 bound.
2026-08-12 02:54:43 | sleep.weights.plasticity       | INFO  | Hard-clipped 2 w_cons parameters to delta_max=0.1000 bound.
2026-08-12 02:54:44 | sleep.weights.plasticity       | INFO  | Hard-clipped 2 w_cons parameters to delta_max=0.1000 bound.
2026-08-12 02:54:44 | sleep.weights.plasticity       | INFO  | Hard-clipped 2 w_cons parameters to delta_max=0.1000 bound.
2026-08-12 02:54:44 | sleep.weights.plasticity       | INFO  | Hard-clipped 2 w_cons parameters to delta_max=0.1000 bound.
2026-08-12 02:54:44 | sleep.weights.plasticity       | INFO  | Hard-clipped 2 w_cons parameters to delta_max=0.1000 bound.
2026-08-12 02:54:44 | sleep.weights.plasticity       | INFO  | Hard-clipped 2 w_cons parameters to delta_max=0.1000 bound.
2026-08-12 02:54:44 | sleep.weights.plasticity       | INFO  | Hard-clipped 2 w_cons parameters to delta_max=0.1000 bound.
2026-08-12 02:54:45 | sleep.weights.plasticity       | INFO  | Hard-clipped 2 w_cons parameters to delta_max=0.1000 bound.
2026-08-12 02:54:45 | sleep.weights.plasticity       | INFO  | Hard-clipped 3 w_cons parameters to delta_max=0.1000 bound.
2026-08-12 02:54:45 | sleep.weights.plasticity       | INFO  | Hard-clipped 3 w_cons parameters to delta_max=0.1000 bound.
2026-08-12 02:54:45 | sleep.weights.plasticity       | INFO  | Hard-clipped 3 w_cons parameters to delta_max=0.1000 bound.
2026-08-12 02:54:45 | sleep.sleep_engine.train       | INFO  |   distill step 160/400 | loss=0.5858 (kl=0.3785 ce=0.4146) | lr=7.50e-05
2026-08-12 02:54:45 | sleep.weights.plasticity       | INFO  | Hard-clipped 3 w_cons parameters to delta_max=0.1000 bound.
2026-08-12 02:54:45 | sleep.weights.plasticity       | INFO  | Hard-clipped 3 w_cons parameters to delta_max=0.1000 bound.
2026-08-12 02:54:46 | sleep.weights.plasticity       | INFO  | Hard-clipped 3 w_cons parameters to delta_max=0.1000 bound.
2026-08-12 02:54:46 | sleep.weights.plasticity       | INFO  | Hard-clipped 3 w_cons parameters to delta_max=0.1000 bound.
2026-08-12 02:54:46 | sleep.weights.plasticity       | INFO  | Hard-clipped 3 w_cons parameters to delta_max=0.1000 bound.
2026-08-12 02:54:46 | sleep.weights.plasticity       | INFO  | Hard-clipped 3 w_cons parameters to delta_max=0.1000 bound.
2026-08-12 02:54:46 | sleep.weights.plasticity       | INFO  | Hard-clipped 3 w_cons parameters to delta_max=0.1000 bound.
2026-08-12 02:54:46 | sleep.weights.plasticity       | INFO  | Hard-clipped 3 w_cons parameters to delta_max=0.1000 bound.
2026-08-12 02:54:47 | sleep.weights.plasticity       | INFO  | Hard-clipped 3 w_cons parameters to delta_max=0.1000 bound.
2026-08-12 02:54:47 | sleep.weights.plasticity       | INFO  | Hard-clipped 3 w_cons parameters to delta_max=0.1000 bound.
2026-08-12 02:54:47 | sleep.weights.plasticity       | INFO  | Hard-clipped 3 w_cons parameters to delta_max=0.1000 bound.
2026-08-12 02:54:47 | sleep.weights.plasticity       | INFO  | Hard-clipped 4 w_cons parameters to delta_max=0.1000 bound.
2026-08-12 02:54:47 | sleep.weights.plasticity       | INFO  | Hard-clipped 4 w_cons parameters to delta_max=0.1000 bound.
2026-08-12 02:54:47 | sleep.weights.plasticity       | INFO  | Hard-clipped 4 w_cons parameters to delta_max=0.1000 bound.
2026-08-12 02:54:48 | sleep.weights.plasticity       | INFO  | Hard-clipped 4 w_cons parameters to delta_max=0.1000 bound.
2026-08-12 02:54:48 | sleep.weights.plasticity       | INFO  | Hard-clipped 4 w_cons parameters to delta_max=0.1000 bound.
2026-08-12 02:54:48 | sleep.weights.plasticity       | INFO  | Hard-clipped 4 w_cons parameters to delta_max=0.1000 bound.
2026-08-12 02:54:48 | sleep.weights.plasticity       | INFO  | Hard-clipped 4 w_cons parameters to delta_max=0.1000 bound.
2026-08-12 02:54:48 | sleep.weights.plasticity       | INFO  | Hard-clipped 4 w_cons parameters to delta_max=0.1000 bound.
2026-08-12 02:54:48 | sleep.weights.plasticity       | INFO  | Hard-clipped 4 w_cons parameters to delta_max=0.1000 bound.
2026-08-12 02:54:48 | sleep.weights.plasticity       | INFO  | Hard-clipped 4 w_cons parameters to delta_max=0.1000 bound.
2026-08-12 02:54:49 | sleep.weights.plasticity       | INFO  | Hard-clipped 4 w_cons parameters to delta_max=0.1000 bound.
2026-08-12 02:54:49 | sleep.weights.plasticity       | INFO  | Hard-clipped 4 w_cons parameters to delta_max=0.1000 bound.
2026-08-12 02:54:49 | sleep.weights.plasticity       | INFO  | Hard-clipped 4 w_cons parameters to delta_max=0.1000 bound.
2026-08-12 02:54:49 | sleep.weights.plasticity       | INFO  | Hard-clipped 4 w_cons parameters to delta_max=0.1000 bound.
2026-08-12 02:54:49 | sleep.weights.plasticity       | INFO  | Hard-clipped 4 w_cons parameters to delta_max=0.1000 bound.
2026-08-12 02:54:49 | sleep.weights.plasticity       | INFO  | Hard-clipped 4 w_cons parameters to delta_max=0.1000 bound.
2026-08-12 02:54:50 | sleep.weights.plasticity       | INFO  | Hard-clipped 4 w_cons parameters to delta_max=0.1000 bound.
2026-08-12 02:54:50 | sleep.weights.plasticity       | INFO  | Hard-clipped 4 w_cons parameters to delta_max=0.1000 bound.
2026-08-12 02:54:50 | sleep.weights.plasticity       | INFO  | Hard-clipped 4 w_cons parameters to delta_max=0.1000 bound.
2026-08-12 02:54:50 | sleep.weights.plasticity       | INFO  | Hard-clipped 4 w_cons parameters to delta_max=0.1000 bound.
2026-08-12 02:54:50 | sleep.weights.plasticity       | INFO  | Hard-clipped 4 w_cons parameters to delta_max=0.1000 bound.
2026-08-12 02:54:50 | sleep.weights.plasticity       | INFO  | Hard-clipped 4 w_cons parameters to delta_max=0.1000 bound.
2026-08-12 02:54:51 | sleep.weights.plasticity       | INFO  | Hard-clipped 4 w_cons parameters to delta_max=0.1000 bound.
2026-08-12 02:54:51 | sleep.weights.plasticity       | INFO  | Hard-clipped 4 w_cons parameters to delta_max=0.1000 bound.
2026-08-12 02:54:51 | sleep.weights.plasticity       | INFO  | Hard-clipped 4 w_cons parameters to delta_max=0.1000 bound.
2026-08-12 02:54:51 | sleep.weights.plasticity       | INFO  | Hard-clipped 4 w_cons parameters to delta_max=0.1000 bound.
2026-08-12 02:54:51 | sleep.weights.plasticity       | INFO  | Hard-clipped 4 w_cons parameters to delta_max=0.1000 bound.
2026-08-12 02:54:51 | sleep.weights.plasticity       | INFO  | Hard-clipped 4 w_cons parameters to delta_max=0.1000 bound.
2026-08-12 02:54:52 | sleep.weights.plasticity       | INFO  | Hard-clipped 4 w_cons parameters to delta_max=0.1000 bound.
2026-08-12 02:54:52 | sleep.sleep_engine.train       | INFO  |   distill step 200/400 | loss=0.5875 (kl=0.3273 ce=0.5205) | lr=5.87e-05
2026-08-12 02:54:52 | sleep.weights.plasticity       | INFO  | Hard-clipped 4 w_cons parameters to delta_max=0.1000 bound.
2026-08-12 02:54:52 | sleep.weights.plasticity       | INFO  | Hard-clipped 4 w_cons parameters to delta_max=0.1000 bound.
2026-08-12 02:54:52 | sleep.weights.plasticity       | INFO  | Hard-clipped 4 w_cons parameters to delta_max=0.1000 bound.
2026-08-12 02:54:52 | sleep.weights.plasticity       | INFO  | Hard-clipped 4 w_cons parameters to delta_max=0.1000 bound.
2026-08-12 02:54:52 | sleep.weights.plasticity       | INFO  | Hard-clipped 4 w_cons parameters to delta_max=0.1000 bound.
2026-08-12 02:54:53 | sleep.weights.plasticity       | INFO  | Hard-clipped 4 w_cons parameters to delta_max=0.1000 bound.
2026-08-12 02:54:53 | sleep.weights.plasticity       | INFO  | Hard-clipped 4 w_cons parameters to delta_max=0.1000 bound.
2026-08-12 02:54:53 | sleep.weights.plasticity       | INFO  | Hard-clipped 4 w_cons parameters to delta_max=0.1000 bound.
2026-08-12 02:54:53 | sleep.weights.plasticity       | INFO  | Hard-clipped 4 w_cons parameters to delta_max=0.1000 bound.
2026-08-12 02:54:53 | sleep.weights.plasticity       | INFO  | Hard-clipped 4 w_cons parameters to delta_max=0.1000 bound.
2026-08-12 02:54:53 | sleep.weights.plasticity       | INFO  | Hard-clipped 4 w_cons parameters to delta_max=0.1000 bound.
2026-08-12 02:54:54 | sleep.weights.plasticity       | INFO  | Hard-clipped 4 w_cons parameters to delta_max=0.1000 bound.
2026-08-12 02:54:54 | sleep.weights.plasticity       | INFO  | Hard-clipped 4 w_cons parameters to delta_max=0.1000 bound.
2026-08-12 02:54:54 | sleep.weights.plasticity       | INFO  | Hard-clipped 4 w_cons parameters to delta_max=0.1000 bound.
2026-08-12 02:54:54 | sleep.weights.plasticity       | INFO  | Hard-clipped 4 w_cons parameters to delta_max=0.1000 bound.
2026-08-12 02:54:54 | sleep.weights.plasticity       | INFO  | Hard-clipped 4 w_cons parameters to delta_max=0.1000 bound.
2026-08-12 02:54:54 | sleep.weights.plasticity       | INFO  | Hard-clipped 4 w_cons parameters to delta_max=0.1000 bound.
2026-08-12 02:54:55 | sleep.weights.plasticity       | INFO  | Hard-clipped 4 w_cons parameters to delta_max=0.1000 bound.
2026-08-12 02:54:55 | sleep.weights.plasticity       | INFO  | Hard-clipped 4 w_cons parameters to delta_max=0.1000 bound.
2026-08-12 02:54:55 | sleep.weights.plasticity       | INFO  | Hard-clipped 4 w_cons parameters to delta_max=0.1000 bound.
2026-08-12 02:54:55 | sleep.weights.plasticity       | INFO  | Hard-clipped 4 w_cons parameters to delta_max=0.1000 bound.
2026-08-12 02:54:55 | sleep.weights.plasticity       | INFO  | Hard-clipped 4 w_cons parameters to delta_max=0.1000 bound.
2026-08-12 02:54:55 | sleep.weights.plasticity       | INFO  | Hard-clipped 4 w_cons parameters to delta_max=0.1000 bound.
2026-08-12 02:54:55 | sleep.weights.plasticity       | INFO  | Hard-clipped 4 w_cons parameters to delta_max=0.1000 bound.
2026-08-12 02:54:56 | sleep.weights.plasticity       | INFO  | Hard-clipped 4 w_cons parameters to delta_max=0.1000 bound.
2026-08-12 02:54:56 | sleep.weights.plasticity       | INFO  | Hard-clipped 4 w_cons parameters to delta_max=0.1000 bound.
2026-08-12 02:54:56 | sleep.weights.plasticity       | INFO  | Hard-clipped 4 w_cons parameters to delta_max=0.1000 bound.
2026-08-12 02:54:56 | sleep.weights.plasticity       | INFO  | Hard-clipped 4 w_cons parameters to delta_max=0.1000 bound.
2026-08-12 02:54:56 | sleep.weights.plasticity       | INFO  | Hard-clipped 4 w_cons parameters to delta_max=0.1000 bound.
2026-08-12 02:54:56 | sleep.weights.plasticity       | INFO  | Hard-clipped 4 w_cons parameters to delta_max=0.1000 bound.
2026-08-12 02:54:57 | sleep.weights.plasticity       | INFO  | Hard-clipped 4 w_cons parameters to delta_max=0.1000 bound.
2026-08-12 02:54:57 | sleep.weights.plasticity       | INFO  | Hard-clipped 4 w_cons parameters to delta_max=0.1000 bound.
2026-08-12 02:54:57 | sleep.weights.plasticity       | INFO  | Hard-clipped 4 w_cons parameters to delta_max=0.1000 bound.
2026-08-12 02:54:57 | sleep.weights.plasticity       | INFO  | Hard-clipped 4 w_cons parameters to delta_max=0.1000 bound.
2026-08-12 02:54:57 | sleep.weights.plasticity       | INFO  | Hard-clipped 4 w_cons parameters to delta_max=0.1000 bound.
2026-08-12 02:54:57 | sleep.weights.plasticity       | INFO  | Hard-clipped 4 w_cons parameters to delta_max=0.1000 bound.
2026-08-12 02:54:58 | sleep.weights.plasticity       | INFO  | Hard-clipped 4 w_cons parameters to delta_max=0.1000 bound.
2026-08-12 02:54:58 | sleep.weights.plasticity       | INFO  | Hard-clipped 4 w_cons parameters to delta_max=0.1000 bound.
2026-08-12 02:54:58 | sleep.weights.plasticity       | INFO  | Hard-clipped 4 w_cons parameters to delta_max=0.1000 bound.
2026-08-12 02:54:58 | sleep.weights.plasticity       | INFO  | Hard-clipped 3 w_cons parameters to delta_max=0.1000 bound.
2026-08-12 02:54:58 | sleep.sleep_engine.train       | INFO  |   distill step 240/400 | loss=0.4058 (kl=0.2896 ce=0.2324) | lr=4.13e-05
2026-08-12 02:54:58 | sleep.weights.plasticity       | INFO  | Hard-clipped 3 w_cons parameters to delta_max=0.1000 bound.
2026-08-12 02:54:58 | sleep.weights.plasticity       | INFO  | Hard-clipped 3 w_cons parameters to delta_max=0.1000 bound.
2026-08-12 02:54:58 | sleep.weights.plasticity       | INFO  | Hard-clipped 4 w_cons parameters to delta_max=0.1000 bound.
2026-08-12 02:54:59 | sleep.weights.plasticity       | INFO  | Hard-clipped 4 w_cons parameters to delta_max=0.1000 bound.
2026-08-12 02:54:59 | sleep.weights.plasticity       | INFO  | Hard-clipped 4 w_cons parameters to delta_max=0.1000 bound.
2026-08-12 02:54:59 | sleep.weights.plasticity       | INFO  | Hard-clipped 4 w_cons parameters to delta_max=0.1000 bound.
2026-08-12 02:54:59 | sleep.weights.plasticity       | INFO  | Hard-clipped 4 w_cons parameters to delta_max=0.1000 bound.
2026-08-12 02:54:59 | sleep.weights.plasticity       | INFO  | Hard-clipped 4 w_cons parameters to delta_max=0.1000 bound.
2026-08-12 02:54:59 | sleep.weights.plasticity       | INFO  | Hard-clipped 4 w_cons parameters to delta_max=0.1000 bound.
2026-08-12 02:55:00 | sleep.weights.plasticity       | INFO  | Hard-clipped 4 w_cons parameters to delta_max=0.1000 bound.
2026-08-12 02:55:00 | sleep.weights.plasticity       | INFO  | Hard-clipped 3 w_cons parameters to delta_max=0.1000 bound.
2026-08-12 02:55:00 | sleep.weights.plasticity       | INFO  | Hard-clipped 4 w_cons parameters to delta_max=0.1000 bound.
2026-08-12 02:55:00 | sleep.weights.plasticity       | INFO  | Hard-clipped 4 w_cons parameters to delta_max=0.1000 bound.
2026-08-12 02:55:00 | sleep.weights.plasticity       | INFO  | Hard-clipped 4 w_cons parameters to delta_max=0.1000 bound.
2026-08-12 02:55:00 | sleep.weights.plasticity       | INFO  | Hard-clipped 4 w_cons parameters to delta_max=0.1000 bound.
2026-08-12 02:55:00 | sleep.weights.plasticity       | INFO  | Hard-clipped 4 w_cons parameters to delta_max=0.1000 bound.
2026-08-12 02:55:01 | sleep.weights.plasticity       | INFO  | Hard-clipped 4 w_cons parameters to delta_max=0.1000 bound.
2026-08-12 02:55:01 | sleep.weights.plasticity       | INFO  | Hard-clipped 4 w_cons parameters to delta_max=0.1000 bound.
2026-08-12 02:55:01 | sleep.weights.plasticity       | INFO  | Hard-clipped 4 w_cons parameters to delta_max=0.1000 bound.
2026-08-12 02:55:01 | sleep.weights.plasticity       | INFO  | Hard-clipped 4 w_cons parameters to delta_max=0.1000 bound.
2026-08-12 02:55:01 | sleep.weights.plasticity       | INFO  | Hard-clipped 4 w_cons parameters to delta_max=0.1000 bound.
2026-08-12 02:55:01 | sleep.weights.plasticity       | INFO  | Hard-clipped 4 w_cons parameters to delta_max=0.1000 bound.
2026-08-12 02:55:02 | sleep.weights.plasticity       | INFO  | Hard-clipped 4 w_cons parameters to delta_max=0.1000 bound.
2026-08-12 02:55:02 | sleep.weights.plasticity       | INFO  | Hard-clipped 4 w_cons parameters to delta_max=0.1000 bound.
2026-08-12 02:55:02 | sleep.weights.plasticity       | INFO  | Hard-clipped 4 w_cons parameters to delta_max=0.1000 bound.
2026-08-12 02:55:02 | sleep.weights.plasticity       | INFO  | Hard-clipped 3 w_cons parameters to delta_max=0.1000 bound.
2026-08-12 02:55:02 | sleep.weights.plasticity       | INFO  | Hard-clipped 3 w_cons parameters to delta_max=0.1000 bound.
2026-08-12 02:55:02 | sleep.weights.plasticity       | INFO  | Hard-clipped 4 w_cons parameters to delta_max=0.1000 bound.
2026-08-12 02:55:03 | sleep.weights.plasticity       | INFO  | Hard-clipped 4 w_cons parameters to delta_max=0.1000 bound.
2026-08-12 02:55:03 | sleep.weights.plasticity       | INFO  | Hard-clipped 4 w_cons parameters to delta_max=0.1000 bound.
2026-08-12 02:55:03 | sleep.weights.plasticity       | INFO  | Hard-clipped 4 w_cons parameters to delta_max=0.1000 bound.
2026-08-12 02:55:03 | sleep.weights.plasticity       | INFO  | Hard-clipped 4 w_cons parameters to delta_max=0.1000 bound.
2026-08-12 02:55:03 | sleep.weights.plasticity       | INFO  | Hard-clipped 4 w_cons parameters to delta_max=0.1000 bound.
2026-08-12 02:55:03 | sleep.weights.plasticity       | INFO  | Hard-clipped 4 w_cons parameters to delta_max=0.1000 bound.
2026-08-12 02:55:04 | sleep.weights.plasticity       | INFO  | Hard-clipped 4 w_cons parameters to delta_max=0.1000 bound.
2026-08-12 02:55:04 | sleep.weights.plasticity       | INFO  | Hard-clipped 4 w_cons parameters to delta_max=0.1000 bound.
2026-08-12 02:55:04 | sleep.weights.plasticity       | INFO  | Hard-clipped 4 w_cons parameters to delta_max=0.1000 bound.
2026-08-12 02:55:04 | sleep.weights.plasticity       | INFO  | Hard-clipped 4 w_cons parameters to delta_max=0.1000 bound.
2026-08-12 02:55:04 | sleep.weights.plasticity       | INFO  | Hard-clipped 4 w_cons parameters to delta_max=0.1000 bound.
2026-08-12 02:55:04 | sleep.weights.plasticity       | INFO  | Hard-clipped 4 w_cons parameters to delta_max=0.1000 bound.
2026-08-12 02:55:04 | sleep.sleep_engine.train       | INFO  |   distill step 280/400 | loss=0.4109 (kl=0.2420 ce=0.3379) | lr=2.50e-05
2026-08-12 02:55:05 | sleep.weights.plasticity       | INFO  | Hard-clipped 4 w_cons parameters to delta_max=0.1000 bound.
2026-08-12 02:55:05 | sleep.weights.plasticity       | INFO  | Hard-clipped 4 w_cons parameters to delta_max=0.1000 bound.
2026-08-12 02:55:05 | sleep.weights.plasticity       | INFO  | Hard-clipped 4 w_cons parameters to delta_max=0.1000 bound.
2026-08-12 02:55:05 | sleep.weights.plasticity       | INFO  | Hard-clipped 4 w_cons parameters to delta_max=0.1000 bound.
2026-08-12 02:55:05 | sleep.weights.plasticity       | INFO  | Hard-clipped 4 w_cons parameters to delta_max=0.1000 bound.
2026-08-12 02:55:05 | sleep.weights.plasticity       | INFO  | Hard-clipped 4 w_cons parameters to delta_max=0.1000 bound.
2026-08-12 02:55:05 | sleep.weights.plasticity       | INFO  | Hard-clipped 4 w_cons parameters to delta_max=0.1000 bound.
2026-08-12 02:55:06 | sleep.weights.plasticity       | INFO  | Hard-clipped 4 w_cons parameters to delta_max=0.1000 bound.
2026-08-12 02:55:06 | sleep.weights.plasticity       | INFO  | Hard-clipped 4 w_cons parameters to delta_max=0.1000 bound.
2026-08-12 02:55:06 | sleep.weights.plasticity       | INFO  | Hard-clipped 4 w_cons parameters to delta_max=0.1000 bound.
2026-08-12 02:55:06 | sleep.weights.plasticity       | INFO  | Hard-clipped 4 w_cons parameters to delta_max=0.1000 bound.
2026-08-12 02:55:06 | sleep.weights.plasticity       | INFO  | Hard-clipped 4 w_cons parameters to delta_max=0.1000 bound.
2026-08-12 02:55:06 | sleep.weights.plasticity       | INFO  | Hard-clipped 4 w_cons parameters to delta_max=0.1000 bound.
2026-08-12 02:55:07 | sleep.weights.plasticity       | INFO  | Hard-clipped 4 w_cons parameters to delta_max=0.1000 bound.
2026-08-12 02:55:07 | sleep.weights.plasticity       | INFO  | Hard-clipped 4 w_cons parameters to delta_max=0.1000 bound.
2026-08-12 02:55:07 | sleep.weights.plasticity       | INFO  | Hard-clipped 5 w_cons parameters to delta_max=0.1000 bound.
2026-08-12 02:55:07 | sleep.weights.plasticity       | INFO  | Hard-clipped 5 w_cons parameters to delta_max=0.1000 bound.
2026-08-12 02:55:07 | sleep.weights.plasticity       | INFO  | Hard-clipped 5 w_cons parameters to delta_max=0.1000 bound.
2026-08-12 02:55:07 | sleep.weights.plasticity       | INFO  | Hard-clipped 5 w_cons parameters to delta_max=0.1000 bound.
2026-08-12 02:55:08 | sleep.weights.plasticity       | INFO  | Hard-clipped 5 w_cons parameters to delta_max=0.1000 bound.
2026-08-12 02:55:08 | sleep.weights.plasticity       | INFO  | Hard-clipped 5 w_cons parameters to delta_max=0.1000 bound.
2026-08-12 02:55:08 | sleep.weights.plasticity       | INFO  | Hard-clipped 5 w_cons parameters to delta_max=0.1000 bound.
2026-08-12 02:55:08 | sleep.weights.plasticity       | INFO  | Hard-clipped 5 w_cons parameters to delta_max=0.1000 bound.
2026-08-12 02:55:08 | sleep.weights.plasticity       | INFO  | Hard-clipped 5 w_cons parameters to delta_max=0.1000 bound.
2026-08-12 02:55:08 | sleep.weights.plasticity       | INFO  | Hard-clipped 5 w_cons parameters to delta_max=0.1000 bound.
2026-08-12 02:55:08 | sleep.weights.plasticity       | INFO  | Hard-clipped 5 w_cons parameters to delta_max=0.1000 bound.
2026-08-12 02:55:09 | sleep.weights.plasticity       | INFO  | Hard-clipped 5 w_cons parameters to delta_max=0.1000 bound.
2026-08-12 02:55:09 | sleep.weights.plasticity       | INFO  | Hard-clipped 5 w_cons parameters to delta_max=0.1000 bound.
2026-08-12 02:55:09 | sleep.weights.plasticity       | INFO  | Hard-clipped 5 w_cons parameters to delta_max=0.1000 bound.
2026-08-12 02:55:09 | sleep.weights.plasticity       | INFO  | Hard-clipped 5 w_cons parameters to delta_max=0.1000 bound.
2026-08-12 02:55:09 | sleep.weights.plasticity       | INFO  | Hard-clipped 5 w_cons parameters to delta_max=0.1000 bound.
2026-08-12 02:55:09 | sleep.weights.plasticity       | INFO  | Hard-clipped 5 w_cons parameters to delta_max=0.1000 bound.
2026-08-12 02:55:10 | sleep.weights.plasticity       | INFO  | Hard-clipped 5 w_cons parameters to delta_max=0.1000 bound.
2026-08-12 02:55:10 | sleep.weights.plasticity       | INFO  | Hard-clipped 5 w_cons parameters to delta_max=0.1000 bound.
2026-08-12 02:55:10 | sleep.weights.plasticity       | INFO  | Hard-clipped 5 w_cons parameters to delta_max=0.1000 bound.
2026-08-12 02:55:10 | sleep.weights.plasticity       | INFO  | Hard-clipped 5 w_cons parameters to delta_max=0.1000 bound.
2026-08-12 02:55:10 | sleep.weights.plasticity       | INFO  | Hard-clipped 5 w_cons parameters to delta_max=0.1000 bound.
2026-08-12 02:55:10 | sleep.weights.plasticity       | INFO  | Hard-clipped 5 w_cons parameters to delta_max=0.1000 bound.
2026-08-12 02:55:11 | sleep.weights.plasticity       | INFO  | Hard-clipped 5 w_cons parameters to delta_max=0.1000 bound.
2026-08-12 02:55:11 | sleep.weights.plasticity       | INFO  | Hard-clipped 5 w_cons parameters to delta_max=0.1000 bound.
2026-08-12 02:55:11 | sleep.sleep_engine.train       | INFO  |   distill step 320/400 | loss=0.6744 (kl=0.4173 ce=0.5142) | lr=1.17e-05
2026-08-12 02:55:11 | sleep.weights.plasticity       | INFO  | Hard-clipped 5 w_cons parameters to delta_max=0.1000 bound.
2026-08-12 02:55:11 | sleep.weights.plasticity       | INFO  | Hard-clipped 5 w_cons parameters to delta_max=0.1000 bound.
2026-08-12 02:55:11 | sleep.weights.plasticity       | INFO  | Hard-clipped 5 w_cons parameters to delta_max=0.1000 bound.
2026-08-12 02:55:11 | sleep.weights.plasticity       | INFO  | Hard-clipped 5 w_cons parameters to delta_max=0.1000 bound.
2026-08-12 02:55:12 | sleep.weights.plasticity       | INFO  | Hard-clipped 5 w_cons parameters to delta_max=0.1000 bound.
2026-08-12 02:55:12 | sleep.weights.plasticity       | INFO  | Hard-clipped 5 w_cons parameters to delta_max=0.1000 bound.
2026-08-12 02:55:12 | sleep.weights.plasticity       | INFO  | Hard-clipped 5 w_cons parameters to delta_max=0.1000 bound.
2026-08-12 02:55:12 | sleep.weights.plasticity       | INFO  | Hard-clipped 5 w_cons parameters to delta_max=0.1000 bound.
2026-08-12 02:55:12 | sleep.weights.plasticity       | INFO  | Hard-clipped 5 w_cons parameters to delta_max=0.1000 bound.
2026-08-12 02:55:12 | sleep.weights.plasticity       | INFO  | Hard-clipped 4 w_cons parameters to delta_max=0.1000 bound.
2026-08-12 02:55:12 | sleep.weights.plasticity       | INFO  | Hard-clipped 4 w_cons parameters to delta_max=0.1000 bound.
2026-08-12 02:55:13 | sleep.weights.plasticity       | INFO  | Hard-clipped 4 w_cons parameters to delta_max=0.1000 bound.
2026-08-12 02:55:13 | sleep.weights.plasticity       | INFO  | Hard-clipped 5 w_cons parameters to delta_max=0.1000 bound.
2026-08-12 02:55:13 | sleep.weights.plasticity       | INFO  | Hard-clipped 5 w_cons parameters to delta_max=0.1000 bound.
2026-08-12 02:55:13 | sleep.weights.plasticity       | INFO  | Hard-clipped 5 w_cons parameters to delta_max=0.1000 bound.
2026-08-12 02:55:13 | sleep.weights.plasticity       | INFO  | Hard-clipped 5 w_cons parameters to delta_max=0.1000 bound.
2026-08-12 02:55:13 | sleep.weights.plasticity       | INFO  | Hard-clipped 5 w_cons parameters to delta_max=0.1000 bound.
2026-08-12 02:55:14 | sleep.weights.plasticity       | INFO  | Hard-clipped 5 w_cons parameters to delta_max=0.1000 bound.
2026-08-12 02:55:14 | sleep.weights.plasticity       | INFO  | Hard-clipped 5 w_cons parameters to delta_max=0.1000 bound.
2026-08-12 02:55:14 | sleep.weights.plasticity       | INFO  | Hard-clipped 5 w_cons parameters to delta_max=0.1000 bound.
2026-08-12 02:55:14 | sleep.weights.plasticity       | INFO  | Hard-clipped 5 w_cons parameters to delta_max=0.1000 bound.
2026-08-12 02:55:14 | sleep.weights.plasticity       | INFO  | Hard-clipped 5 w_cons parameters to delta_max=0.1000 bound.
2026-08-12 02:55:14 | sleep.weights.plasticity       | INFO  | Hard-clipped 5 w_cons parameters to delta_max=0.1000 bound.
2026-08-12 02:55:15 | sleep.weights.plasticity       | INFO  | Hard-clipped 5 w_cons parameters to delta_max=0.1000 bound.
2026-08-12 02:55:15 | sleep.weights.plasticity       | INFO  | Hard-clipped 5 w_cons parameters to delta_max=0.1000 bound.
2026-08-12 02:55:15 | sleep.weights.plasticity       | INFO  | Hard-clipped 5 w_cons parameters to delta_max=0.1000 bound.
2026-08-12 02:55:15 | sleep.weights.plasticity       | INFO  | Hard-clipped 5 w_cons parameters to delta_max=0.1000 bound.
2026-08-12 02:55:15 | sleep.weights.plasticity       | INFO  | Hard-clipped 5 w_cons parameters to delta_max=0.1000 bound.
2026-08-12 02:55:15 | sleep.weights.plasticity       | INFO  | Hard-clipped 5 w_cons parameters to delta_max=0.1000 bound.
2026-08-12 02:55:16 | sleep.weights.plasticity       | INFO  | Hard-clipped 5 w_cons parameters to delta_max=0.1000 bound.
2026-08-12 02:55:16 | sleep.weights.plasticity       | INFO  | Hard-clipped 4 w_cons parameters to delta_max=0.1000 bound.
2026-08-12 02:55:16 | sleep.weights.plasticity       | INFO  | Hard-clipped 4 w_cons parameters to delta_max=0.1000 bound.
2026-08-12 02:55:16 | sleep.weights.plasticity       | INFO  | Hard-clipped 4 w_cons parameters to delta_max=0.1000 bound.
2026-08-12 02:55:16 | sleep.weights.plasticity       | INFO  | Hard-clipped 5 w_cons parameters to delta_max=0.1000 bound.
2026-08-12 02:55:16 | sleep.weights.plasticity       | INFO  | Hard-clipped 5 w_cons parameters to delta_max=0.1000 bound.
2026-08-12 02:55:17 | sleep.weights.plasticity       | INFO  | Hard-clipped 5 w_cons parameters to delta_max=0.1000 bound.
2026-08-12 02:55:17 | sleep.weights.plasticity       | INFO  | Hard-clipped 5 w_cons parameters to delta_max=0.1000 bound.
2026-08-12 02:55:17 | sleep.weights.plasticity       | INFO  | Hard-clipped 5 w_cons parameters to delta_max=0.1000 bound.
2026-08-12 02:55:17 | sleep.weights.plasticity       | INFO  | Hard-clipped 5 w_cons parameters to delta_max=0.1000 bound.
2026-08-12 02:55:17 | sleep.weights.plasticity       | INFO  | Hard-clipped 5 w_cons parameters to delta_max=0.1000 bound.
2026-08-12 02:55:17 | sleep.sleep_engine.train       | INFO  |   distill step 360/400 | loss=0.3226 (kl=0.1706 ce=0.3039) | lr=3.02e-06
2026-08-12 02:55:17 | sleep.weights.plasticity       | INFO  | Hard-clipped 5 w_cons parameters to delta_max=0.1000 bound.
2026-08-12 02:55:17 | sleep.weights.plasticity       | INFO  | Hard-clipped 5 w_cons parameters to delta_max=0.1000 bound.
2026-08-12 02:55:18 | sleep.weights.plasticity       | INFO  | Hard-clipped 5 w_cons parameters to delta_max=0.1000 bound.
2026-08-12 02:55:18 | sleep.weights.plasticity       | INFO  | Hard-clipped 5 w_cons parameters to delta_max=0.1000 bound.
2026-08-12 02:55:18 | sleep.weights.plasticity       | INFO  | Hard-clipped 5 w_cons parameters to delta_max=0.1000 bound.
2026-08-12 02:55:18 | sleep.weights.plasticity       | INFO  | Hard-clipped 5 w_cons parameters to delta_max=0.1000 bound.
2026-08-12 02:55:18 | sleep.weights.plasticity       | INFO  | Hard-clipped 5 w_cons parameters to delta_max=0.1000 bound.
2026-08-12 02:55:18 | sleep.weights.plasticity       | INFO  | Hard-clipped 5 w_cons parameters to delta_max=0.1000 bound.
2026-08-12 02:55:19 | sleep.weights.plasticity       | INFO  | Hard-clipped 5 w_cons parameters to delta_max=0.1000 bound.
2026-08-12 02:55:19 | sleep.weights.plasticity       | INFO  | Hard-clipped 5 w_cons parameters to delta_max=0.1000 bound.
2026-08-12 02:55:19 | sleep.weights.plasticity       | INFO  | Hard-clipped 5 w_cons parameters to delta_max=0.1000 bound.
2026-08-12 02:55:19 | sleep.weights.plasticity       | INFO  | Hard-clipped 5 w_cons parameters to delta_max=0.1000 bound.
2026-08-12 02:55:19 | sleep.weights.plasticity       | INFO  | Hard-clipped 5 w_cons parameters to delta_max=0.1000 bound.
2026-08-12 02:55:19 | sleep.weights.plasticity       | INFO  | Hard-clipped 5 w_cons parameters to delta_max=0.1000 bound.
2026-08-12 02:55:20 | sleep.weights.plasticity       | INFO  | Hard-clipped 5 w_cons parameters to delta_max=0.1000 bound.
2026-08-12 02:55:20 | sleep.weights.plasticity       | INFO  | Hard-clipped 5 w_cons parameters to delta_max=0.1000 bound.
2026-08-12 02:55:20 | sleep.weights.plasticity       | INFO  | Hard-clipped 5 w_cons parameters to delta_max=0.1000 bound.
2026-08-12 02:55:20 | sleep.weights.plasticity       | INFO  | Hard-clipped 5 w_cons parameters to delta_max=0.1000 bound.
2026-08-12 02:55:20 | sleep.weights.plasticity       | INFO  | Hard-clipped 5 w_cons parameters to delta_max=0.1000 bound.
2026-08-12 02:55:20 | sleep.weights.plasticity       | INFO  | Hard-clipped 4 w_cons parameters to delta_max=0.1000 bound.
2026-08-12 02:55:21 | sleep.weights.plasticity       | INFO  | Hard-clipped 4 w_cons parameters to delta_max=0.1000 bound.
2026-08-12 02:55:21 | sleep.weights.plasticity       | INFO  | Hard-clipped 4 w_cons parameters to delta_max=0.1000 bound.
2026-08-12 02:55:21 | sleep.weights.plasticity       | INFO  | Hard-clipped 5 w_cons parameters to delta_max=0.1000 bound.
2026-08-12 02:55:21 | sleep.weights.plasticity       | INFO  | Hard-clipped 5 w_cons parameters to delta_max=0.1000 bound.
2026-08-12 02:55:21 | sleep.weights.plasticity       | INFO  | Hard-clipped 5 w_cons parameters to delta_max=0.1000 bound.
2026-08-12 02:55:21 | sleep.weights.plasticity       | INFO  | Hard-clipped 5 w_cons parameters to delta_max=0.1000 bound.
2026-08-12 02:55:22 | sleep.weights.plasticity       | INFO  | Hard-clipped 5 w_cons parameters to delta_max=0.1000 bound.
2026-08-12 02:55:22 | sleep.weights.plasticity       | INFO  | Hard-clipped 5 w_cons parameters to delta_max=0.1000 bound.
2026-08-12 02:55:22 | sleep.weights.plasticity       | INFO  | Hard-clipped 5 w_cons parameters to delta_max=0.1000 bound.
2026-08-12 02:55:22 | sleep.weights.plasticity       | INFO  | Hard-clipped 5 w_cons parameters to delta_max=0.1000 bound.
2026-08-12 02:55:22 | sleep.weights.plasticity       | INFO  | Hard-clipped 5 w_cons parameters to delta_max=0.1000 bound.
2026-08-12 02:55:22 | sleep.weights.plasticity       | INFO  | Hard-clipped 5 w_cons parameters to delta_max=0.1000 bound.
2026-08-12 02:55:23 | sleep.weights.plasticity       | INFO  | Hard-clipped 5 w_cons parameters to delta_max=0.1000 bound.
2026-08-12 02:55:23 | sleep.weights.plasticity       | INFO  | Hard-clipped 5 w_cons parameters to delta_max=0.1000 bound.
2026-08-12 02:55:23 | sleep.weights.plasticity       | INFO  | Hard-clipped 5 w_cons parameters to delta_max=0.1000 bound.
2026-08-12 02:55:23 | sleep.weights.plasticity       | INFO  | Hard-clipped 5 w_cons parameters to delta_max=0.1000 bound.
2026-08-12 02:55:23 | sleep.weights.plasticity       | INFO  | Hard-clipped 5 w_cons parameters to delta_max=0.1000 bound.
2026-08-12 02:55:23 | sleep.weights.plasticity       | INFO  | Hard-clipped 5 w_cons parameters to delta_max=0.1000 bound.
2026-08-12 02:55:24 | sleep.weights.plasticity       | INFO  | Hard-clipped 5 w_cons parameters to delta_max=0.1000 bound.
2026-08-12 02:55:24 | sleep.weights.plasticity       | INFO  | Hard-clipped 2 w_cons parameters to delta_max=0.1000 bound.
2026-08-12 02:55:24 | sleep.sleep_engine.train       | INFO  |   distill step 400/400 | loss=0.5769 (kl=0.3835 ce=0.3869) | lr=0.00e+00
2026-08-12 02:55:24 | sleep.sleep_engine.train       | INFO  | Sleep distill-training complete | n_steps=400 | final_loss=0.5769 | mean_loss=0.6371
2026-08-12 02:55:24 | sleep.sleep_engine             | INFO  | Phase 3 complete: 400 steps, final_loss=0.5769, mean_loss=0.6371
2026-08-12 02:55:24 | sleep.sleep_engine             | INFO  | Phase 4/5: PPL CHECK (skipped — no benchmark data)
2026-08-12 02:55:24 | sleep.sleep_engine             | INFO  | Phase 5/5: VALIDATE & CLEANUP
2026-08-12 02:55:24 | sleep.weights.plasticity       | INFO  | Saved checkpoint for adapter 'w_cons': 44 parameters.
2026-08-12 02:55:24 | sleep.weights.plasticity       | INFO  | Restored 44 parameters for adapter 'w_cons' from checkpoint.
2026-08-12 02:55:24 | sleep.weights.plasticity       | INFO  | Restored 44 parameters for adapter 'w_cons' from checkpoint.
2026-08-12 02:55:35 | sleep.sleep_engine             | INFO  | Two-stage validation: 7/20 passed surprise, 7 also passed the mini-recall gate (self-grading gap = 0)
2026-08-12 02:55:35 | sleep.sleep_engine.cleanup     | INFO  | Cleanup complete | passed=7 | failed=13 | permanently_removed=0
2026-08-12 02:55:35 | sleep.sleep_engine             | INFO  | Phase 5 complete: consolidated=7, failed=13, permanently_removed=0
2026-08-12 02:55:35 | sleep.metrics                  | INFO  | summary | {'sleep_engine/n_candidates': 20, 'sleep_engine/n_replays_generated': 157, 'sleep_engine/n_replays_accepted': 157, 'sleep_engine/n_consolidated': 7, 'sleep_engine/n_failed': 13, 'sleep_engine/n_permanently_removed': 0, 'sleep_engine/rolled_back': False}
2026-08-12 02:55:35 | sleep.weights.kv_memory        | INFO  | bank cleared: freed 11 tags / 522 tokens
2026-08-12 02:55:35 | sleep.sleep_engine             | INFO  | KV bank cleared (11 entries removed)
2026-08-12 02:55:35 | sleep.sleep_engine             | INFO  | KV memory injection: ENABLED
2026-08-12 02:55:35 | sleep.sleep_engine             | INFO  | === Sleep cycle END ===
2026-08-12 03:01:48 | sleep.evaluation.recall        | INFO  | Recall evaluation: DRA=0.1733 across 200 cases
2026-08-12 03:02:25 | sleep.evaluation.recall        | INFO  | Recall evaluation: DRA=0.3833 across 20 cases
2026-08-12 03:02:25 | sleep.evaluation.preservation  | INFO  | Perplexity evaluation: PPL=5.1331 (mean_loss=1.6357, 62 tokens)
2026-08-12 03:02:25 | sleep.evaluation.preservation  | INFO  | BCP: 1.1761 (current_ppl=5.1331, original_ppl=4.3646)
2026-08-12 03:02:25 | sleep.experiment.08            | INFO  | [sleep Cycle 10 EVAL] DRA cumulative=0.173 (71/200 hits); DRA current=0.383 (10/20 hits); BCP=1.1761

==============================================================================
MULTI-CYCLE SUMMARY (sleep)
==============================================================================
Cycle  Cum N   DRA cum    DRA cur    BCP       
--------------------------------------------------
1      20      0.3000     0.3000     1.1198    
2      40      0.1167     0.1833     1.4607    
3      60      0.1944     0.3667     1.3653    
4      80      0.1208     0.2000     1.4120    
5      100     0.1333     0.2667     1.3281    
6      120     0.0917     0.2667     1.2281    
7      140     0.1762     0.4000     1.2934    
8      160     0.1583     0.4000     1.2716    
9      180     0.1981     0.4667     1.2223    
10     200     0.1733     0.3833     1.1761    

Results saved to: /workspace/results/d3_mistral_v2mod_s0.json
