2026-08-12 03:58:20 | sleep.utils.seed               | INFO  | Seeded all RNGs with seed=1 (deterministic_algorithms=False)
==============================================================================
EXPERIMENT 08: Multi-Cycle Continual Learning
  Method:     sleep
  Cycles:     10
  Batch size: 20
==============================================================================
  Loaded 200 facts (will run 10 cycles of 20 each)

Loading model: /workspace/models/mistral-7b (eager attention)
[transformers] `torch_dtype` is deprecated! Use `dtype` instead!
Loading weights:   0%|          | 0/291 [00:00<?, ?it/s]Loading weights: 100%|██████████| 291/291 [00:00<00:00, 4782.26it/s]
  Model: 7.242B params
2026-08-12 03:58:25 | sleep.weights.lora             | INFO  | LoRA target modules for mistral: ['up_proj', 'down_proj']
2026-08-12 03:58:25 | sleep.weights.lora             | INFO  | LoRA config: rank=16, alpha=32, selection=middle, layers=[10, 11, 12, 13, 14, 15, 16, 17, 18, 19, 20] (of 32 total), targets=['up_proj', 'down_proj']
2026-08-12 03:58:25 | sleep.weights.lora             | INFO  | Created LoRA adapter 'w_fast': 6488064 trainable parameters (0.0895% of base model)
2026-08-12 03:58:25 | sleep.weights.lora             | INFO  | LoRA target modules for mistral: ['up_proj', 'down_proj']
2026-08-12 03:58:25 | sleep.weights.lora             | INFO  | LoRA config: rank=16, alpha=32, selection=middle, layers=[10, 11, 12, 13, 14, 15, 16, 17, 18, 19, 20] (of 32 total), targets=['up_proj', 'down_proj']
2026-08-12 03:58:26 | sleep.weights.lora             | INFO  | Dual adapters ready: w_fast=6488064 params, w_cons=6488064 params
/usr/local/lib/python3.11/dist-packages/peft/tuners/tuners_utils.py:2193: UserWarning: Adapter cannot be set when the model is merged. Unmerging the model first.
  warnings.warn("Adapter cannot be set when the model is merged. Unmerging the model first.")
2026-08-12 03:58:26 | sleep.weights.fast_update      | INFO  | FastWeightUpdater initialized: 44 parameter groups, alpha_base=1.00e-04, momentum=0.90
2026-08-12 03:58:26 | sleep.weights.plasticity       | INFO  | Adapted layers: [10, 11, 12, 13, 14, 15, 16, 17, 18, 19, 20] (middle 33% of 32 layers)
2026-08-12 03:58:26 | sleep.weights.plasticity       | INFO  | Injection layers: [22, 23, 24, 25, 26, 27, 28, 29, 30, 31] (top 33% of 32 layers)
2026-08-12 03:58:26 | sleep.weights.plasticity       | INFO  | Computed Frobenius norms for 224 base model weight matrices.
2026-08-12 03:58:26 | sleep.weights.kv_injection     | INFO  | KVInjector installed on 10 layers: [22, 23, 24, 25, 26, 27, 28, 29, 30, 31]
2026-08-12 03:58:26 | sleep.weights                  | INFO  | KV memory mode enabled | adapted_layers=[10, 11, 12, 13, 14, 15, 16, 17, 18, 19, 20] | num_kv_heads=8 | head_dim=128 | max_total_tokens=20000 | top_k=64 | device=cuda:0 | dtype=torch.bfloat16
2026-08-12 03:58:26 | sleep.weights                  | INFO  | DualWeightSystem initialized | W_fast: 6,488,064 params | W_cons: 6,488,064 params | Adapted layers: [10, 11, 12, 13, 14, 15, 16, 17, 18, 19, 20] | Plasticity: 0.188–0.452 | KV bank installed
/usr/local/lib/python3.11/dist-packages/peft/tuners/lora/layer.py:983: UserWarning: Already unmerged. Nothing to do.
  warnings.warn("Already unmerged. Nothing to do.")
2026-08-12 03:58:27 | sleep.sleep_engine.quality     | INFO  | Baseline surprise computed: mu_surprise=1.4738 nats over 62 tokens

Measuring baseline PPL on controls...
2026-08-12 03:58:27 | sleep.evaluation.preservation  | INFO  | Perplexity evaluation: PPL=4.3646 (mean_loss=1.4735, 62 tokens)
  Baseline PPL: 4.3646
2026-08-12 03:58:27 | sleep.experiment.08            | INFO  | ======================================================================
2026-08-12 03:58:27 | sleep.experiment.08            | INFO  | [SLEEP Cycle 1] Wake phase: 20 facts
2026-08-12 03:58:27 | sleep.experiment.08            | INFO  | ======================================================================
2026-08-12 03:58:27 | sleep.tagging                  | INFO  | step=1 | 2 tags created from 2 spans | buffer: 2/36208 (0.0%)
2026-08-12 03:58:27 | sleep.tagging                  | INFO  | step=2 | 2 tags created from 2 spans | buffer: 4/36208 (0.0%)
2026-08-12 03:58:27 | sleep.tagging                  | INFO  | step=3 | 2 tags created from 2 spans | buffer: 6/36208 (0.0%)
2026-08-12 03:58:27 | sleep.tagging                  | INFO  | step=6 | 1 tags created from 1 spans | buffer: 7/36208 (0.0%)
2026-08-12 03:58:27 | sleep.tagging                  | INFO  | step=7 | 1 tags created from 1 spans | buffer: 8/36208 (0.0%)
2026-08-12 03:58:28 | sleep.tagging                  | INFO  | step=8 | 1 tags created from 1 spans | buffer: 9/36208 (0.0%)
2026-08-12 03:58:28 | sleep.tagging                  | INFO  | step=9 | 1 tags created from 1 spans | buffer: 10/36208 (0.0%)
2026-08-12 03:58:28 | sleep.tagging                  | INFO  | step=11 | 1 tags created from 1 spans | buffer: 11/36208 (0.0%)
2026-08-12 03:58:28 | sleep.tagging                  | INFO  | step=12 | 1 tags created from 1 spans | buffer: 12/36208 (0.0%)
2026-08-12 03:58:28 | sleep.tagging                  | INFO  | step=14 | 1 tags created from 1 spans | buffer: 13/36208 (0.0%)
2026-08-12 03:58:28 | sleep.tagging                  | INFO  | step=16 | 1 tags created from 1 spans | buffer: 14/36208 (0.0%)
2026-08-12 03:58:28 | sleep.tagging                  | INFO  | step=18 | 1 tags created from 1 spans | buffer: 15/36208 (0.0%)
2026-08-12 03:58:28 | sleep.experiment.08            | INFO  | [Cycle 1] Wake summary: 20 facts -> 12 KV writes; bank: 568/20000 tokens
2026-08-12 03:58:28 | sleep.prp                      | INFO  | step=20 | PRP update: 6/3620 allocated (0%) | +6 -0 | threshold=0.323 | mean_score=0.293
2026-08-12 03:58:28 | sleep.experiment.08            | INFO  | [Cycle 1] PRP: 6 allocated, 6 consolidation candidates
2026-08-12 03:58:28 | sleep.sleep_engine             | INFO  | === Sleep cycle START | 6 candidates ===
2026-08-12 03:58:28 | sleep.sleep_engine             | INFO  | Phase 1/5: GENERATE (strategy=paraphrase)
2026-08-12 03:58:28 | sleep.sleep_engine             | INFO  | KV memory injection: DISABLED
2026-08-12 03:58:29 | sleep.sleep_engine             | INFO  | Phase 1 (paraphrase strategy): 138 wordings from 6 unique sources (6 candidates)
2026-08-12 03:58:29 | sleep.sleep_engine             | INFO  | Phase 1 complete: 138/6 replays generated
2026-08-12 03:58:29 | sleep.sleep_engine             | INFO  | Phase 2/5: QUALITY CHECK
2026-08-12 03:58:29 | sleep.sleep_engine             | INFO  | Phase 2 complete: 138/138 replays accepted
2026-08-12 03:58:29 | sleep.sleep_engine             | INFO  | Phase 3/5: TRAIN (138 accepted replays)
2026-08-12 03:58:29 | sleep.sleep_engine             | INFO  | KV memory injection: DISABLED
2026-08-12 03:58:29 | sleep.weights.plasticity       | INFO  | Saved checkpoint for adapter 'w_cons': 44 parameters.
2026-08-12 03:58:29 | sleep.weights.plasticity       | INFO  | Saved checkpoint for adapter 'w_cons': 44 parameters.
2026-08-12 03:58:29 | sleep.sleep_engine.train       | INFO  | Sleep distill-training: 6 facts | 400 steps | lr=1.00e-04 | T=2
2026-08-12 03:58:29 | sleep.sleep_engine.train       | INFO  |   distill step 1/400 | loss=4.1142 (kl=2.1367 ce=3.9551) | lr=2.50e-06
2026-08-12 03:58:35 | sleep.sleep_engine.train       | INFO  |   distill step 40/400 | loss=3.7640 (kl=1.8996 ce=3.7287) | lr=1.00e-04
2026-08-12 03:58:35 | sleep.weights.plasticity       | INFO  | Hard-clipped 1 w_cons parameters to delta_max=0.1000 bound.
2026-08-12 03:58:36 | sleep.weights.plasticity       | INFO  | Hard-clipped 1 w_cons parameters to delta_max=0.1000 bound.
2026-08-12 03:58:36 | sleep.weights.plasticity       | INFO  | Hard-clipped 1 w_cons parameters to delta_max=0.1000 bound.
2026-08-12 03:58:36 | sleep.weights.plasticity       | INFO  | Hard-clipped 1 w_cons parameters to delta_max=0.1000 bound.
2026-08-12 03:58:36 | sleep.weights.plasticity       | INFO  | Hard-clipped 2 w_cons parameters to delta_max=0.1000 bound.
2026-08-12 03:58:36 | sleep.weights.plasticity       | INFO  | Hard-clipped 3 w_cons parameters to delta_max=0.1000 bound.
2026-08-12 03:58:36 | sleep.weights.plasticity       | INFO  | Hard-clipped 3 w_cons parameters to delta_max=0.1000 bound.
2026-08-12 03:58:36 | sleep.weights.plasticity       | INFO  | Hard-clipped 3 w_cons parameters to delta_max=0.1000 bound.
2026-08-12 03:58:37 | sleep.weights.plasticity       | INFO  | Hard-clipped 3 w_cons parameters to delta_max=0.1000 bound.
2026-08-12 03:58:37 | sleep.weights.plasticity       | INFO  | Hard-clipped 3 w_cons parameters to delta_max=0.1000 bound.
2026-08-12 03:58:37 | sleep.weights.plasticity       | INFO  | Hard-clipped 3 w_cons parameters to delta_max=0.1000 bound.
2026-08-12 03:58:37 | sleep.weights.plasticity       | INFO  | Hard-clipped 3 w_cons parameters to delta_max=0.1000 bound.
2026-08-12 03:58:37 | sleep.weights.plasticity       | INFO  | Hard-clipped 3 w_cons parameters to delta_max=0.1000 bound.
2026-08-12 03:58:37 | sleep.weights.plasticity       | INFO  | Hard-clipped 3 w_cons parameters to delta_max=0.1000 bound.
2026-08-12 03:58:37 | sleep.weights.plasticity       | INFO  | Hard-clipped 3 w_cons parameters to delta_max=0.1000 bound.
2026-08-12 03:58:38 | sleep.weights.plasticity       | INFO  | Hard-clipped 3 w_cons parameters to delta_max=0.1000 bound.
2026-08-12 03:58:38 | sleep.weights.plasticity       | INFO  | Hard-clipped 3 w_cons parameters to delta_max=0.1000 bound.
2026-08-12 03:58:38 | sleep.weights.plasticity       | INFO  | Hard-clipped 3 w_cons parameters to delta_max=0.1000 bound.
2026-08-12 03:58:38 | sleep.weights.plasticity       | INFO  | Hard-clipped 3 w_cons parameters to delta_max=0.1000 bound.
2026-08-12 03:58:38 | sleep.weights.plasticity       | INFO  | Hard-clipped 3 w_cons parameters to delta_max=0.1000 bound.
2026-08-12 03:58:38 | sleep.weights.plasticity       | INFO  | Hard-clipped 3 w_cons parameters to delta_max=0.1000 bound.
2026-08-12 03:58:39 | sleep.weights.plasticity       | INFO  | Hard-clipped 3 w_cons parameters to delta_max=0.1000 bound.
2026-08-12 03:58:39 | sleep.weights.plasticity       | INFO  | Hard-clipped 3 w_cons parameters to delta_max=0.1000 bound.
2026-08-12 03:58:39 | sleep.weights.plasticity       | INFO  | Hard-clipped 3 w_cons parameters to delta_max=0.1000 bound.
2026-08-12 03:58:39 | sleep.weights.plasticity       | INFO  | Hard-clipped 3 w_cons parameters to delta_max=0.1000 bound.
2026-08-12 03:58:39 | sleep.weights.plasticity       | INFO  | Hard-clipped 3 w_cons parameters to delta_max=0.1000 bound.
2026-08-12 03:58:39 | sleep.weights.plasticity       | INFO  | Hard-clipped 3 w_cons parameters to delta_max=0.1000 bound.
2026-08-12 03:58:39 | sleep.weights.plasticity       | INFO  | Hard-clipped 3 w_cons parameters to delta_max=0.1000 bound.
2026-08-12 03:58:40 | sleep.weights.plasticity       | INFO  | Hard-clipped 3 w_cons parameters to delta_max=0.1000 bound.
2026-08-12 03:58:40 | sleep.weights.plasticity       | INFO  | Hard-clipped 3 w_cons parameters to delta_max=0.1000 bound.
2026-08-12 03:58:40 | sleep.weights.plasticity       | INFO  | Hard-clipped 4 w_cons parameters to delta_max=0.1000 bound.
2026-08-12 03:58:40 | sleep.weights.plasticity       | INFO  | Hard-clipped 4 w_cons parameters to delta_max=0.1000 bound.
2026-08-12 03:58:40 | sleep.weights.plasticity       | INFO  | Hard-clipped 4 w_cons parameters to delta_max=0.1000 bound.
2026-08-12 03:58:40 | sleep.weights.plasticity       | INFO  | Hard-clipped 4 w_cons parameters to delta_max=0.1000 bound.
2026-08-12 03:58:40 | sleep.weights.plasticity       | INFO  | Hard-clipped 4 w_cons parameters to delta_max=0.1000 bound.
2026-08-12 03:58:41 | sleep.weights.plasticity       | INFO  | Hard-clipped 4 w_cons parameters to delta_max=0.1000 bound.
2026-08-12 03:58:41 | sleep.weights.plasticity       | INFO  | Hard-clipped 4 w_cons parameters to delta_max=0.1000 bound.
2026-08-12 03:58:41 | sleep.weights.plasticity       | INFO  | Hard-clipped 4 w_cons parameters to delta_max=0.1000 bound.
2026-08-12 03:58:41 | sleep.sleep_engine.train       | INFO  |   distill step 80/400 | loss=2.2166 (kl=1.4714 ce=1.4905) | lr=9.70e-05
2026-08-12 03:58:41 | sleep.weights.plasticity       | INFO  | Hard-clipped 5 w_cons parameters to delta_max=0.1000 bound.
2026-08-12 03:58:41 | sleep.weights.plasticity       | INFO  | Hard-clipped 5 w_cons parameters to delta_max=0.1000 bound.
2026-08-12 03:58:41 | sleep.weights.plasticity       | INFO  | Hard-clipped 5 w_cons parameters to delta_max=0.1000 bound.
2026-08-12 03:58:41 | sleep.weights.plasticity       | INFO  | Hard-clipped 5 w_cons parameters to delta_max=0.1000 bound.
2026-08-12 03:58:42 | sleep.weights.plasticity       | INFO  | Hard-clipped 5 w_cons parameters to delta_max=0.1000 bound.
2026-08-12 03:58:42 | sleep.weights.plasticity       | INFO  | Hard-clipped 5 w_cons parameters to delta_max=0.1000 bound.
2026-08-12 03:58:42 | sleep.weights.plasticity       | INFO  | Hard-clipped 5 w_cons parameters to delta_max=0.1000 bound.
2026-08-12 03:58:42 | sleep.weights.plasticity       | INFO  | Hard-clipped 5 w_cons parameters to delta_max=0.1000 bound.
2026-08-12 03:58:42 | sleep.weights.plasticity       | INFO  | Hard-clipped 5 w_cons parameters to delta_max=0.1000 bound.
2026-08-12 03:58:42 | sleep.weights.plasticity       | INFO  | Hard-clipped 5 w_cons parameters to delta_max=0.1000 bound.
2026-08-12 03:58:42 | sleep.weights.plasticity       | INFO  | Hard-clipped 5 w_cons parameters to delta_max=0.1000 bound.
2026-08-12 03:58:43 | sleep.weights.plasticity       | INFO  | Hard-clipped 5 w_cons parameters to delta_max=0.1000 bound.
2026-08-12 03:58:43 | sleep.weights.plasticity       | INFO  | Hard-clipped 5 w_cons parameters to delta_max=0.1000 bound.
2026-08-12 03:58:43 | sleep.weights.plasticity       | INFO  | Hard-clipped 5 w_cons parameters to delta_max=0.1000 bound.
2026-08-12 03:58:43 | sleep.weights.plasticity       | INFO  | Hard-clipped 5 w_cons parameters to delta_max=0.1000 bound.
2026-08-12 03:58:43 | sleep.weights.plasticity       | INFO  | Hard-clipped 5 w_cons parameters to delta_max=0.1000 bound.
2026-08-12 03:58:43 | sleep.weights.plasticity       | INFO  | Hard-clipped 5 w_cons parameters to delta_max=0.1000 bound.
2026-08-12 03:58:43 | sleep.weights.plasticity       | INFO  | Hard-clipped 5 w_cons parameters to delta_max=0.1000 bound.
2026-08-12 03:58:44 | sleep.weights.plasticity       | INFO  | Hard-clipped 5 w_cons parameters to delta_max=0.1000 bound.
2026-08-12 03:58:44 | sleep.weights.plasticity       | INFO  | Hard-clipped 5 w_cons parameters to delta_max=0.1000 bound.
2026-08-12 03:58:44 | sleep.weights.plasticity       | INFO  | Hard-clipped 5 w_cons parameters to delta_max=0.1000 bound.
2026-08-12 03:58:44 | sleep.weights.plasticity       | INFO  | Hard-clipped 5 w_cons parameters to delta_max=0.1000 bound.
2026-08-12 03:58:44 | sleep.weights.plasticity       | INFO  | Hard-clipped 5 w_cons parameters to delta_max=0.1000 bound.
2026-08-12 03:58:44 | sleep.weights.plasticity       | INFO  | Hard-clipped 5 w_cons parameters to delta_max=0.1000 bound.
2026-08-12 03:58:44 | sleep.weights.plasticity       | INFO  | Hard-clipped 5 w_cons parameters to delta_max=0.1000 bound.
2026-08-12 03:58:45 | sleep.weights.plasticity       | INFO  | Hard-clipped 5 w_cons parameters to delta_max=0.1000 bound.
2026-08-12 03:58:45 | sleep.weights.plasticity       | INFO  | Hard-clipped 5 w_cons parameters to delta_max=0.1000 bound.
2026-08-12 03:58:45 | sleep.weights.plasticity       | INFO  | Hard-clipped 5 w_cons parameters to delta_max=0.1000 bound.
2026-08-12 03:58:45 | sleep.weights.plasticity       | INFO  | Hard-clipped 5 w_cons parameters to delta_max=0.1000 bound.
2026-08-12 03:58:45 | sleep.weights.plasticity       | INFO  | Hard-clipped 5 w_cons parameters to delta_max=0.1000 bound.
2026-08-12 03:58:45 | sleep.weights.plasticity       | INFO  | Hard-clipped 6 w_cons parameters to delta_max=0.1000 bound.
2026-08-12 03:58:46 | sleep.weights.plasticity       | INFO  | Hard-clipped 6 w_cons parameters to delta_max=0.1000 bound.
2026-08-12 03:58:46 | sleep.weights.plasticity       | INFO  | Hard-clipped 6 w_cons parameters to delta_max=0.1000 bound.
2026-08-12 03:58:46 | sleep.weights.plasticity       | INFO  | Hard-clipped 6 w_cons parameters to delta_max=0.1000 bound.
2026-08-12 03:58:46 | sleep.weights.plasticity       | INFO  | Hard-clipped 6 w_cons parameters to delta_max=0.1000 bound.
2026-08-12 03:58:46 | sleep.weights.plasticity       | INFO  | Hard-clipped 6 w_cons parameters to delta_max=0.1000 bound.
2026-08-12 03:58:46 | sleep.weights.plasticity       | INFO  | Hard-clipped 6 w_cons parameters to delta_max=0.1000 bound.
2026-08-12 03:58:46 | sleep.weights.plasticity       | INFO  | Hard-clipped 6 w_cons parameters to delta_max=0.1000 bound.
2026-08-12 03:58:47 | sleep.weights.plasticity       | INFO  | Hard-clipped 6 w_cons parameters to delta_max=0.1000 bound.
2026-08-12 03:58:47 | sleep.weights.plasticity       | INFO  | Hard-clipped 7 w_cons parameters to delta_max=0.1000 bound.
2026-08-12 03:58:47 | sleep.sleep_engine.train       | INFO  |   distill step 120/400 | loss=1.4939 (kl=0.7364 ce=1.5149) | lr=8.83e-05
2026-08-12 03:58:47 | sleep.weights.plasticity       | INFO  | Hard-clipped 7 w_cons parameters to delta_max=0.1000 bound.
2026-08-12 03:58:47 | sleep.weights.plasticity       | INFO  | Hard-clipped 8 w_cons parameters to delta_max=0.1000 bound.
2026-08-12 03:58:47 | sleep.weights.plasticity       | INFO  | Hard-clipped 8 w_cons parameters to delta_max=0.1000 bound.
2026-08-12 03:58:47 | sleep.weights.plasticity       | INFO  | Hard-clipped 8 w_cons parameters to delta_max=0.1000 bound.
2026-08-12 03:58:47 | sleep.weights.plasticity       | INFO  | Hard-clipped 8 w_cons parameters to delta_max=0.1000 bound.
2026-08-12 03:58:48 | sleep.weights.plasticity       | INFO  | Hard-clipped 8 w_cons parameters to delta_max=0.1000 bound.
2026-08-12 03:58:48 | sleep.weights.plasticity       | INFO  | Hard-clipped 8 w_cons parameters to delta_max=0.1000 bound.
2026-08-12 03:58:48 | sleep.weights.plasticity       | INFO  | Hard-clipped 8 w_cons parameters to delta_max=0.1000 bound.
2026-08-12 03:58:48 | sleep.weights.plasticity       | INFO  | Hard-clipped 8 w_cons parameters to delta_max=0.1000 bound.
2026-08-12 03:58:48 | sleep.weights.plasticity       | INFO  | Hard-clipped 8 w_cons parameters to delta_max=0.1000 bound.
2026-08-12 03:58:48 | sleep.weights.plasticity       | INFO  | Hard-clipped 8 w_cons parameters to delta_max=0.1000 bound.
2026-08-12 03:58:48 | sleep.weights.plasticity       | INFO  | Hard-clipped 8 w_cons parameters to delta_max=0.1000 bound.
2026-08-12 03:58:49 | sleep.weights.plasticity       | INFO  | Hard-clipped 8 w_cons parameters to delta_max=0.1000 bound.
2026-08-12 03:58:49 | sleep.weights.plasticity       | INFO  | Hard-clipped 8 w_cons parameters to delta_max=0.1000 bound.
2026-08-12 03:58:49 | sleep.weights.plasticity       | INFO  | Hard-clipped 8 w_cons parameters to delta_max=0.1000 bound.
2026-08-12 03:58:49 | sleep.weights.plasticity       | INFO  | Hard-clipped 8 w_cons parameters to delta_max=0.1000 bound.
2026-08-12 03:58:49 | sleep.weights.plasticity       | INFO  | Hard-clipped 8 w_cons parameters to delta_max=0.1000 bound.
2026-08-12 03:58:49 | sleep.weights.plasticity       | INFO  | Hard-clipped 8 w_cons parameters to delta_max=0.1000 bound.
2026-08-12 03:58:50 | sleep.weights.plasticity       | INFO  | Hard-clipped 8 w_cons parameters to delta_max=0.1000 bound.
2026-08-12 03:58:50 | sleep.weights.plasticity       | INFO  | Hard-clipped 8 w_cons parameters to delta_max=0.1000 bound.
2026-08-12 03:58:50 | sleep.weights.plasticity       | INFO  | Hard-clipped 8 w_cons parameters to delta_max=0.1000 bound.
2026-08-12 03:58:50 | sleep.weights.plasticity       | INFO  | Hard-clipped 8 w_cons parameters to delta_max=0.1000 bound.
2026-08-12 03:58:50 | sleep.weights.plasticity       | INFO  | Hard-clipped 8 w_cons parameters to delta_max=0.1000 bound.
2026-08-12 03:58:50 | sleep.weights.plasticity       | INFO  | Hard-clipped 8 w_cons parameters to delta_max=0.1000 bound.
2026-08-12 03:58:50 | sleep.weights.plasticity       | INFO  | Hard-clipped 8 w_cons parameters to delta_max=0.1000 bound.
2026-08-12 03:58:51 | sleep.weights.plasticity       | INFO  | Hard-clipped 8 w_cons parameters to delta_max=0.1000 bound.
2026-08-12 03:58:51 | sleep.weights.plasticity       | INFO  | Hard-clipped 8 w_cons parameters to delta_max=0.1000 bound.
2026-08-12 03:58:51 | sleep.weights.plasticity       | INFO  | Hard-clipped 9 w_cons parameters to delta_max=0.1000 bound.
2026-08-12 03:58:51 | sleep.weights.plasticity       | INFO  | Hard-clipped 9 w_cons parameters to delta_max=0.1000 bound.
2026-08-12 03:58:51 | sleep.weights.plasticity       | INFO  | Hard-clipped 9 w_cons parameters to delta_max=0.1000 bound.
2026-08-12 03:58:51 | sleep.weights.plasticity       | INFO  | Hard-clipped 10 w_cons parameters to delta_max=0.1000 bound.
2026-08-12 03:58:51 | sleep.weights.plasticity       | INFO  | Hard-clipped 10 w_cons parameters to delta_max=0.1000 bound.
2026-08-12 03:58:52 | sleep.weights.plasticity       | INFO  | Hard-clipped 10 w_cons parameters to delta_max=0.1000 bound.
2026-08-12 03:58:52 | sleep.weights.plasticity       | INFO  | Hard-clipped 9 w_cons parameters to delta_max=0.1000 bound.
2026-08-12 03:58:52 | sleep.weights.plasticity       | INFO  | Hard-clipped 9 w_cons parameters to delta_max=0.1000 bound.
2026-08-12 03:58:52 | sleep.weights.plasticity       | INFO  | Hard-clipped 10 w_cons parameters to delta_max=0.1000 bound.
2026-08-12 03:58:52 | sleep.weights.plasticity       | INFO  | Hard-clipped 9 w_cons parameters to delta_max=0.1000 bound.
2026-08-12 03:58:52 | sleep.weights.plasticity       | INFO  | Hard-clipped 10 w_cons parameters to delta_max=0.1000 bound.
2026-08-12 03:58:53 | sleep.weights.plasticity       | INFO  | Hard-clipped 11 w_cons parameters to delta_max=0.1000 bound.
2026-08-12 03:58:53 | sleep.weights.plasticity       | INFO  | Hard-clipped 12 w_cons parameters to delta_max=0.1000 bound.
2026-08-12 03:58:53 | sleep.sleep_engine.train       | INFO  |   distill step 160/400 | loss=1.4607 (kl=0.7860 ce=1.3493) | lr=7.50e-05
2026-08-12 03:58:53 | sleep.weights.plasticity       | INFO  | Hard-clipped 12 w_cons parameters to delta_max=0.1000 bound.
2026-08-12 03:58:53 | sleep.weights.plasticity       | INFO  | Hard-clipped 12 w_cons parameters to delta_max=0.1000 bound.
2026-08-12 03:58:53 | sleep.weights.plasticity       | INFO  | Hard-clipped 12 w_cons parameters to delta_max=0.1000 bound.
2026-08-12 03:58:53 | sleep.weights.plasticity       | INFO  | Hard-clipped 13 w_cons parameters to delta_max=0.1000 bound.
2026-08-12 03:58:53 | sleep.weights.plasticity       | INFO  | Hard-clipped 13 w_cons parameters to delta_max=0.1000 bound.
2026-08-12 03:58:54 | sleep.weights.plasticity       | INFO  | Hard-clipped 13 w_cons parameters to delta_max=0.1000 bound.
2026-08-12 03:58:54 | sleep.weights.plasticity       | INFO  | Hard-clipped 14 w_cons parameters to delta_max=0.1000 bound.
2026-08-12 03:58:54 | sleep.weights.plasticity       | INFO  | Hard-clipped 14 w_cons parameters to delta_max=0.1000 bound.
2026-08-12 03:58:54 | sleep.weights.plasticity       | INFO  | Hard-clipped 14 w_cons parameters to delta_max=0.1000 bound.
2026-08-12 03:58:54 | sleep.weights.plasticity       | INFO  | Hard-clipped 12 w_cons parameters to delta_max=0.1000 bound.
2026-08-12 03:58:54 | sleep.weights.plasticity       | INFO  | Hard-clipped 12 w_cons parameters to delta_max=0.1000 bound.
2026-08-12 03:58:54 | sleep.weights.plasticity       | INFO  | Hard-clipped 12 w_cons parameters to delta_max=0.1000 bound.
2026-08-12 03:58:55 | sleep.weights.plasticity       | INFO  | Hard-clipped 12 w_cons parameters to delta_max=0.1000 bound.
2026-08-12 03:58:55 | sleep.weights.plasticity       | INFO  | Hard-clipped 12 w_cons parameters to delta_max=0.1000 bound.
2026-08-12 03:58:55 | sleep.weights.plasticity       | INFO  | Hard-clipped 12 w_cons parameters to delta_max=0.1000 bound.
2026-08-12 03:58:55 | sleep.weights.plasticity       | INFO  | Hard-clipped 13 w_cons parameters to delta_max=0.1000 bound.
2026-08-12 03:58:55 | sleep.weights.plasticity       | INFO  | Hard-clipped 14 w_cons parameters to delta_max=0.1000 bound.
2026-08-12 03:58:55 | sleep.weights.plasticity       | INFO  | Hard-clipped 14 w_cons parameters to delta_max=0.1000 bound.
2026-08-12 03:58:55 | sleep.weights.plasticity       | INFO  | Hard-clipped 14 w_cons parameters to delta_max=0.1000 bound.
2026-08-12 03:58:56 | sleep.weights.plasticity       | INFO  | Hard-clipped 14 w_cons parameters to delta_max=0.1000 bound.
2026-08-12 03:58:56 | sleep.weights.plasticity       | INFO  | Hard-clipped 14 w_cons parameters to delta_max=0.1000 bound.
2026-08-12 03:58:56 | sleep.weights.plasticity       | INFO  | Hard-clipped 14 w_cons parameters to delta_max=0.1000 bound.
2026-08-12 03:58:56 | sleep.weights.plasticity       | INFO  | Hard-clipped 14 w_cons parameters to delta_max=0.1000 bound.
2026-08-12 03:58:56 | sleep.weights.plasticity       | INFO  | Hard-clipped 14 w_cons parameters to delta_max=0.1000 bound.
2026-08-12 03:58:56 | sleep.weights.plasticity       | INFO  | Hard-clipped 14 w_cons parameters to delta_max=0.1000 bound.
2026-08-12 03:58:56 | sleep.weights.plasticity       | INFO  | Hard-clipped 14 w_cons parameters to delta_max=0.1000 bound.
2026-08-12 03:58:57 | sleep.weights.plasticity       | INFO  | Hard-clipped 14 w_cons parameters to delta_max=0.1000 bound.
2026-08-12 03:58:57 | sleep.weights.plasticity       | INFO  | Hard-clipped 14 w_cons parameters to delta_max=0.1000 bound.
2026-08-12 03:58:57 | sleep.weights.plasticity       | INFO  | Hard-clipped 14 w_cons parameters to delta_max=0.1000 bound.
2026-08-12 03:58:57 | sleep.weights.plasticity       | INFO  | Hard-clipped 15 w_cons parameters to delta_max=0.1000 bound.
2026-08-12 03:58:57 | sleep.weights.plasticity       | INFO  | Hard-clipped 15 w_cons parameters to delta_max=0.1000 bound.
2026-08-12 03:58:57 | sleep.weights.plasticity       | INFO  | Hard-clipped 15 w_cons parameters to delta_max=0.1000 bound.
2026-08-12 03:58:57 | sleep.weights.plasticity       | INFO  | Hard-clipped 15 w_cons parameters to delta_max=0.1000 bound.
2026-08-12 03:58:58 | sleep.weights.plasticity       | INFO  | Hard-clipped 15 w_cons parameters to delta_max=0.1000 bound.
2026-08-12 03:58:58 | sleep.weights.plasticity       | INFO  | Hard-clipped 15 w_cons parameters to delta_max=0.1000 bound.
2026-08-12 03:58:58 | sleep.weights.plasticity       | INFO  | Hard-clipped 15 w_cons parameters to delta_max=0.1000 bound.
2026-08-12 03:58:58 | sleep.weights.plasticity       | INFO  | Hard-clipped 14 w_cons parameters to delta_max=0.1000 bound.
2026-08-12 03:58:58 | sleep.weights.plasticity       | INFO  | Hard-clipped 14 w_cons parameters to delta_max=0.1000 bound.
2026-08-12 03:58:58 | sleep.weights.plasticity       | INFO  | Hard-clipped 14 w_cons parameters to delta_max=0.1000 bound.
2026-08-12 03:58:58 | sleep.weights.plasticity       | INFO  | Hard-clipped 13 w_cons parameters to delta_max=0.1000 bound.
2026-08-12 03:58:58 | sleep.sleep_engine.train       | INFO  |   distill step 200/400 | loss=0.8593 (kl=0.5265 ce=0.6656) | lr=5.87e-05
2026-08-12 03:58:59 | sleep.weights.plasticity       | INFO  | Hard-clipped 14 w_cons parameters to delta_max=0.1000 bound.
2026-08-12 03:58:59 | sleep.weights.plasticity       | INFO  | Hard-clipped 14 w_cons parameters to delta_max=0.1000 bound.
2026-08-12 03:58:59 | sleep.weights.plasticity       | INFO  | Hard-clipped 14 w_cons parameters to delta_max=0.1000 bound.
2026-08-12 03:58:59 | sleep.weights.plasticity       | INFO  | Hard-clipped 14 w_cons parameters to delta_max=0.1000 bound.
2026-08-12 03:58:59 | sleep.weights.plasticity       | INFO  | Hard-clipped 14 w_cons parameters to delta_max=0.1000 bound.
2026-08-12 03:58:59 | sleep.weights.plasticity       | INFO  | Hard-clipped 14 w_cons parameters to delta_max=0.1000 bound.
2026-08-12 03:58:59 | sleep.weights.plasticity       | INFO  | Hard-clipped 15 w_cons parameters to delta_max=0.1000 bound.
2026-08-12 03:59:00 | sleep.weights.plasticity       | INFO  | Hard-clipped 15 w_cons parameters to delta_max=0.1000 bound.
2026-08-12 03:59:00 | sleep.weights.plasticity       | INFO  | Hard-clipped 15 w_cons parameters to delta_max=0.1000 bound.
2026-08-12 03:59:00 | sleep.weights.plasticity       | INFO  | Hard-clipped 15 w_cons parameters to delta_max=0.1000 bound.
2026-08-12 03:59:00 | sleep.weights.plasticity       | INFO  | Hard-clipped 15 w_cons parameters to delta_max=0.1000 bound.
2026-08-12 03:59:00 | sleep.weights.plasticity       | INFO  | Hard-clipped 16 w_cons parameters to delta_max=0.1000 bound.
2026-08-12 03:59:00 | sleep.weights.plasticity       | INFO  | Hard-clipped 16 w_cons parameters to delta_max=0.1000 bound.
2026-08-12 03:59:00 | sleep.weights.plasticity       | INFO  | Hard-clipped 16 w_cons parameters to delta_max=0.1000 bound.
2026-08-12 03:59:01 | sleep.weights.plasticity       | INFO  | Hard-clipped 17 w_cons parameters to delta_max=0.1000 bound.
2026-08-12 03:59:01 | sleep.weights.plasticity       | INFO  | Hard-clipped 17 w_cons parameters to delta_max=0.1000 bound.
2026-08-12 03:59:01 | sleep.weights.plasticity       | INFO  | Hard-clipped 17 w_cons parameters to delta_max=0.1000 bound.
2026-08-12 03:59:01 | sleep.weights.plasticity       | INFO  | Hard-clipped 18 w_cons parameters to delta_max=0.1000 bound.
2026-08-12 03:59:01 | sleep.weights.plasticity       | INFO  | Hard-clipped 18 w_cons parameters to delta_max=0.1000 bound.
2026-08-12 03:59:01 | sleep.weights.plasticity       | INFO  | Hard-clipped 18 w_cons parameters to delta_max=0.1000 bound.
2026-08-12 03:59:01 | sleep.weights.plasticity       | INFO  | Hard-clipped 19 w_cons parameters to delta_max=0.1000 bound.
2026-08-12 03:59:02 | sleep.weights.plasticity       | INFO  | Hard-clipped 19 w_cons parameters to delta_max=0.1000 bound.
2026-08-12 03:59:02 | sleep.weights.plasticity       | INFO  | Hard-clipped 19 w_cons parameters to delta_max=0.1000 bound.
2026-08-12 03:59:02 | sleep.weights.plasticity       | INFO  | Hard-clipped 19 w_cons parameters to delta_max=0.1000 bound.
2026-08-12 03:59:02 | sleep.weights.plasticity       | INFO  | Hard-clipped 19 w_cons parameters to delta_max=0.1000 bound.
2026-08-12 03:59:02 | sleep.weights.plasticity       | INFO  | Hard-clipped 19 w_cons parameters to delta_max=0.1000 bound.
2026-08-12 03:59:02 | sleep.weights.plasticity       | INFO  | Hard-clipped 19 w_cons parameters to delta_max=0.1000 bound.
2026-08-12 03:59:02 | sleep.weights.plasticity       | INFO  | Hard-clipped 18 w_cons parameters to delta_max=0.1000 bound.
2026-08-12 03:59:03 | sleep.weights.plasticity       | INFO  | Hard-clipped 18 w_cons parameters to delta_max=0.1000 bound.
2026-08-12 03:59:03 | sleep.weights.plasticity       | INFO  | Hard-clipped 19 w_cons parameters to delta_max=0.1000 bound.
2026-08-12 03:59:03 | sleep.weights.plasticity       | INFO  | Hard-clipped 19 w_cons parameters to delta_max=0.1000 bound.
2026-08-12 03:59:03 | sleep.weights.plasticity       | INFO  | Hard-clipped 19 w_cons parameters to delta_max=0.1000 bound.
2026-08-12 03:59:03 | sleep.weights.plasticity       | INFO  | Hard-clipped 18 w_cons parameters to delta_max=0.1000 bound.
2026-08-12 03:59:03 | sleep.weights.plasticity       | INFO  | Hard-clipped 17 w_cons parameters to delta_max=0.1000 bound.
2026-08-12 03:59:03 | sleep.weights.plasticity       | INFO  | Hard-clipped 16 w_cons parameters to delta_max=0.1000 bound.
2026-08-12 03:59:04 | sleep.weights.plasticity       | INFO  | Hard-clipped 17 w_cons parameters to delta_max=0.1000 bound.
2026-08-12 03:59:04 | sleep.weights.plasticity       | INFO  | Hard-clipped 16 w_cons parameters to delta_max=0.1000 bound.
2026-08-12 03:59:04 | sleep.weights.plasticity       | INFO  | Hard-clipped 17 w_cons parameters to delta_max=0.1000 bound.
2026-08-12 03:59:04 | sleep.weights.plasticity       | INFO  | Hard-clipped 17 w_cons parameters to delta_max=0.1000 bound.
2026-08-12 03:59:04 | sleep.weights.plasticity       | INFO  | Hard-clipped 17 w_cons parameters to delta_max=0.1000 bound.
2026-08-12 03:59:04 | sleep.sleep_engine.train       | INFO  |   distill step 240/400 | loss=1.1903 (kl=0.6732 ce=1.0341) | lr=4.13e-05
2026-08-12 03:59:04 | sleep.weights.plasticity       | INFO  | Hard-clipped 17 w_cons parameters to delta_max=0.1000 bound.
2026-08-12 03:59:04 | sleep.weights.plasticity       | INFO  | Hard-clipped 17 w_cons parameters to delta_max=0.1000 bound.
2026-08-12 03:59:05 | sleep.weights.plasticity       | INFO  | Hard-clipped 17 w_cons parameters to delta_max=0.1000 bound.
2026-08-12 03:59:05 | sleep.weights.plasticity       | INFO  | Hard-clipped 17 w_cons parameters to delta_max=0.1000 bound.
2026-08-12 03:59:05 | sleep.weights.plasticity       | INFO  | Hard-clipped 18 w_cons parameters to delta_max=0.1000 bound.
2026-08-12 03:59:05 | sleep.weights.plasticity       | INFO  | Hard-clipped 19 w_cons parameters to delta_max=0.1000 bound.
2026-08-12 03:59:05 | sleep.weights.plasticity       | INFO  | Hard-clipped 19 w_cons parameters to delta_max=0.1000 bound.
2026-08-12 03:59:05 | sleep.weights.plasticity       | INFO  | Hard-clipped 19 w_cons parameters to delta_max=0.1000 bound.
2026-08-12 03:59:05 | sleep.weights.plasticity       | INFO  | Hard-clipped 19 w_cons parameters to delta_max=0.1000 bound.
2026-08-12 03:59:06 | sleep.weights.plasticity       | INFO  | Hard-clipped 19 w_cons parameters to delta_max=0.1000 bound.
2026-08-12 03:59:06 | sleep.weights.plasticity       | INFO  | Hard-clipped 19 w_cons parameters to delta_max=0.1000 bound.
2026-08-12 03:59:06 | sleep.weights.plasticity       | INFO  | Hard-clipped 19 w_cons parameters to delta_max=0.1000 bound.
2026-08-12 03:59:06 | sleep.weights.plasticity       | INFO  | Hard-clipped 19 w_cons parameters to delta_max=0.1000 bound.
2026-08-12 03:59:06 | sleep.weights.plasticity       | INFO  | Hard-clipped 19 w_cons parameters to delta_max=0.1000 bound.
2026-08-12 03:59:06 | sleep.weights.plasticity       | INFO  | Hard-clipped 19 w_cons parameters to delta_max=0.1000 bound.
2026-08-12 03:59:06 | sleep.weights.plasticity       | INFO  | Hard-clipped 19 w_cons parameters to delta_max=0.1000 bound.
2026-08-12 03:59:07 | sleep.weights.plasticity       | INFO  | Hard-clipped 19 w_cons parameters to delta_max=0.1000 bound.
2026-08-12 03:59:07 | sleep.weights.plasticity       | INFO  | Hard-clipped 19 w_cons parameters to delta_max=0.1000 bound.
2026-08-12 03:59:07 | sleep.weights.plasticity       | INFO  | Hard-clipped 19 w_cons parameters to delta_max=0.1000 bound.
2026-08-12 03:59:07 | sleep.weights.plasticity       | INFO  | Hard-clipped 19 w_cons parameters to delta_max=0.1000 bound.
2026-08-12 03:59:07 | sleep.weights.plasticity       | INFO  | Hard-clipped 19 w_cons parameters to delta_max=0.1000 bound.
2026-08-12 03:59:07 | sleep.weights.plasticity       | INFO  | Hard-clipped 19 w_cons parameters to delta_max=0.1000 bound.
2026-08-12 03:59:07 | sleep.weights.plasticity       | INFO  | Hard-clipped 19 w_cons parameters to delta_max=0.1000 bound.
2026-08-12 03:59:08 | sleep.weights.plasticity       | INFO  | Hard-clipped 19 w_cons parameters to delta_max=0.1000 bound.
2026-08-12 03:59:08 | sleep.weights.plasticity       | INFO  | Hard-clipped 19 w_cons parameters to delta_max=0.1000 bound.
2026-08-12 03:59:08 | sleep.weights.plasticity       | INFO  | Hard-clipped 19 w_cons parameters to delta_max=0.1000 bound.
2026-08-12 03:59:08 | sleep.weights.plasticity       | INFO  | Hard-clipped 19 w_cons parameters to delta_max=0.1000 bound.
2026-08-12 03:59:08 | sleep.weights.plasticity       | INFO  | Hard-clipped 19 w_cons parameters to delta_max=0.1000 bound.
2026-08-12 03:59:08 | sleep.weights.plasticity       | INFO  | Hard-clipped 19 w_cons parameters to delta_max=0.1000 bound.
2026-08-12 03:59:09 | sleep.weights.plasticity       | INFO  | Hard-clipped 19 w_cons parameters to delta_max=0.1000 bound.
2026-08-12 03:59:09 | sleep.weights.plasticity       | INFO  | Hard-clipped 19 w_cons parameters to delta_max=0.1000 bound.
2026-08-12 03:59:09 | sleep.weights.plasticity       | INFO  | Hard-clipped 19 w_cons parameters to delta_max=0.1000 bound.
2026-08-12 03:59:09 | sleep.weights.plasticity       | INFO  | Hard-clipped 19 w_cons parameters to delta_max=0.1000 bound.
2026-08-12 03:59:09 | sleep.weights.plasticity       | INFO  | Hard-clipped 18 w_cons parameters to delta_max=0.1000 bound.
2026-08-12 03:59:09 | sleep.weights.plasticity       | INFO  | Hard-clipped 17 w_cons parameters to delta_max=0.1000 bound.
2026-08-12 03:59:09 | sleep.weights.plasticity       | INFO  | Hard-clipped 13 w_cons parameters to delta_max=0.1000 bound.
2026-08-12 03:59:10 | sleep.weights.plasticity       | INFO  | Hard-clipped 12 w_cons parameters to delta_max=0.1000 bound.
2026-08-12 03:59:10 | sleep.weights.plasticity       | INFO  | Hard-clipped 13 w_cons parameters to delta_max=0.1000 bound.
2026-08-12 03:59:10 | sleep.weights.plasticity       | INFO  | Hard-clipped 14 w_cons parameters to delta_max=0.1000 bound.
2026-08-12 03:59:10 | sleep.weights.plasticity       | INFO  | Hard-clipped 14 w_cons parameters to delta_max=0.1000 bound.
2026-08-12 03:59:10 | sleep.sleep_engine.train       | INFO  |   distill step 280/400 | loss=1.3891 (kl=0.8376 ce=1.1030) | lr=2.50e-05
2026-08-12 03:59:10 | sleep.weights.plasticity       | INFO  | Hard-clipped 14 w_cons parameters to delta_max=0.1000 bound.
2026-08-12 03:59:10 | sleep.weights.plasticity       | INFO  | Hard-clipped 15 w_cons parameters to delta_max=0.1000 bound.
2026-08-12 03:59:10 | sleep.weights.plasticity       | INFO  | Hard-clipped 16 w_cons parameters to delta_max=0.1000 bound.
2026-08-12 03:59:11 | sleep.weights.plasticity       | INFO  | Hard-clipped 16 w_cons parameters to delta_max=0.1000 bound.
2026-08-12 03:59:11 | sleep.weights.plasticity       | INFO  | Hard-clipped 16 w_cons parameters to delta_max=0.1000 bound.
2026-08-12 03:59:11 | sleep.weights.plasticity       | INFO  | Hard-clipped 18 w_cons parameters to delta_max=0.1000 bound.
2026-08-12 03:59:11 | sleep.weights.plasticity       | INFO  | Hard-clipped 18 w_cons parameters to delta_max=0.1000 bound.
2026-08-12 03:59:11 | sleep.weights.plasticity       | INFO  | Hard-clipped 18 w_cons parameters to delta_max=0.1000 bound.
2026-08-12 03:59:11 | sleep.weights.plasticity       | INFO  | Hard-clipped 18 w_cons parameters to delta_max=0.1000 bound.
2026-08-12 03:59:11 | sleep.weights.plasticity       | INFO  | Hard-clipped 18 w_cons parameters to delta_max=0.1000 bound.
2026-08-12 03:59:12 | sleep.weights.plasticity       | INFO  | Hard-clipped 18 w_cons parameters to delta_max=0.1000 bound.
2026-08-12 03:59:12 | sleep.weights.plasticity       | INFO  | Hard-clipped 18 w_cons parameters to delta_max=0.1000 bound.
2026-08-12 03:59:12 | sleep.weights.plasticity       | INFO  | Hard-clipped 18 w_cons parameters to delta_max=0.1000 bound.
2026-08-12 03:59:12 | sleep.weights.plasticity       | INFO  | Hard-clipped 18 w_cons parameters to delta_max=0.1000 bound.
2026-08-12 03:59:12 | sleep.weights.plasticity       | INFO  | Hard-clipped 18 w_cons parameters to delta_max=0.1000 bound.
2026-08-12 03:59:12 | sleep.weights.plasticity       | INFO  | Hard-clipped 18 w_cons parameters to delta_max=0.1000 bound.
2026-08-12 03:59:12 | sleep.weights.plasticity       | INFO  | Hard-clipped 18 w_cons parameters to delta_max=0.1000 bound.
2026-08-12 03:59:13 | sleep.weights.plasticity       | INFO  | Hard-clipped 18 w_cons parameters to delta_max=0.1000 bound.
2026-08-12 03:59:13 | sleep.weights.plasticity       | INFO  | Hard-clipped 18 w_cons parameters to delta_max=0.1000 bound.
2026-08-12 03:59:13 | sleep.weights.plasticity       | INFO  | Hard-clipped 18 w_cons parameters to delta_max=0.1000 bound.
2026-08-12 03:59:13 | sleep.weights.plasticity       | INFO  | Hard-clipped 18 w_cons parameters to delta_max=0.1000 bound.
2026-08-12 03:59:13 | sleep.weights.plasticity       | INFO  | Hard-clipped 18 w_cons parameters to delta_max=0.1000 bound.
2026-08-12 03:59:13 | sleep.weights.plasticity       | INFO  | Hard-clipped 18 w_cons parameters to delta_max=0.1000 bound.
2026-08-12 03:59:13 | sleep.weights.plasticity       | INFO  | Hard-clipped 18 w_cons parameters to delta_max=0.1000 bound.
2026-08-12 03:59:14 | sleep.weights.plasticity       | INFO  | Hard-clipped 18 w_cons parameters to delta_max=0.1000 bound.
2026-08-12 03:59:14 | sleep.weights.plasticity       | INFO  | Hard-clipped 18 w_cons parameters to delta_max=0.1000 bound.
2026-08-12 03:59:14 | sleep.weights.plasticity       | INFO  | Hard-clipped 18 w_cons parameters to delta_max=0.1000 bound.
2026-08-12 03:59:14 | sleep.weights.plasticity       | INFO  | Hard-clipped 18 w_cons parameters to delta_max=0.1000 bound.
2026-08-12 03:59:14 | sleep.weights.plasticity       | INFO  | Hard-clipped 18 w_cons parameters to delta_max=0.1000 bound.
2026-08-12 03:59:14 | sleep.weights.plasticity       | INFO  | Hard-clipped 19 w_cons parameters to delta_max=0.1000 bound.
2026-08-12 03:59:14 | sleep.weights.plasticity       | INFO  | Hard-clipped 19 w_cons parameters to delta_max=0.1000 bound.
2026-08-12 03:59:15 | sleep.weights.plasticity       | INFO  | Hard-clipped 19 w_cons parameters to delta_max=0.1000 bound.
2026-08-12 03:59:15 | sleep.weights.plasticity       | INFO  | Hard-clipped 19 w_cons parameters to delta_max=0.1000 bound.
2026-08-12 03:59:15 | sleep.weights.plasticity       | INFO  | Hard-clipped 19 w_cons parameters to delta_max=0.1000 bound.
2026-08-12 03:59:15 | sleep.weights.plasticity       | INFO  | Hard-clipped 19 w_cons parameters to delta_max=0.1000 bound.
2026-08-12 03:59:15 | sleep.weights.plasticity       | INFO  | Hard-clipped 19 w_cons parameters to delta_max=0.1000 bound.
2026-08-12 03:59:15 | sleep.weights.plasticity       | INFO  | Hard-clipped 19 w_cons parameters to delta_max=0.1000 bound.
2026-08-12 03:59:15 | sleep.weights.plasticity       | INFO  | Hard-clipped 19 w_cons parameters to delta_max=0.1000 bound.
2026-08-12 03:59:16 | sleep.weights.plasticity       | INFO  | Hard-clipped 19 w_cons parameters to delta_max=0.1000 bound.
2026-08-12 03:59:16 | sleep.weights.plasticity       | INFO  | Hard-clipped 19 w_cons parameters to delta_max=0.1000 bound.
2026-08-12 03:59:16 | sleep.sleep_engine.train       | INFO  |   distill step 320/400 | loss=0.7384 (kl=0.5384 ce=0.4000) | lr=1.17e-05
2026-08-12 03:59:16 | sleep.weights.plasticity       | INFO  | Hard-clipped 19 w_cons parameters to delta_max=0.1000 bound.
2026-08-12 03:59:16 | sleep.weights.plasticity       | INFO  | Hard-clipped 19 w_cons parameters to delta_max=0.1000 bound.
2026-08-12 03:59:16 | sleep.weights.plasticity       | INFO  | Hard-clipped 19 w_cons parameters to delta_max=0.1000 bound.
2026-08-12 03:59:16 | sleep.weights.plasticity       | INFO  | Hard-clipped 19 w_cons parameters to delta_max=0.1000 bound.
2026-08-12 03:59:16 | sleep.weights.plasticity       | INFO  | Hard-clipped 19 w_cons parameters to delta_max=0.1000 bound.
2026-08-12 03:59:17 | sleep.weights.plasticity       | INFO  | Hard-clipped 19 w_cons parameters to delta_max=0.1000 bound.
2026-08-12 03:59:17 | sleep.weights.plasticity       | INFO  | Hard-clipped 19 w_cons parameters to delta_max=0.1000 bound.
2026-08-12 03:59:17 | sleep.weights.plasticity       | INFO  | Hard-clipped 19 w_cons parameters to delta_max=0.1000 bound.
2026-08-12 03:59:17 | sleep.weights.plasticity       | INFO  | Hard-clipped 19 w_cons parameters to delta_max=0.1000 bound.
2026-08-12 03:59:17 | sleep.weights.plasticity       | INFO  | Hard-clipped 19 w_cons parameters to delta_max=0.1000 bound.
2026-08-12 03:59:17 | sleep.weights.plasticity       | INFO  | Hard-clipped 19 w_cons parameters to delta_max=0.1000 bound.
2026-08-12 03:59:17 | sleep.weights.plasticity       | INFO  | Hard-clipped 19 w_cons parameters to delta_max=0.1000 bound.
2026-08-12 03:59:18 | sleep.weights.plasticity       | INFO  | Hard-clipped 19 w_cons parameters to delta_max=0.1000 bound.
2026-08-12 03:59:18 | sleep.weights.plasticity       | INFO  | Hard-clipped 19 w_cons parameters to delta_max=0.1000 bound.
2026-08-12 03:59:18 | sleep.weights.plasticity       | INFO  | Hard-clipped 16 w_cons parameters to delta_max=0.1000 bound.
2026-08-12 03:59:18 | sleep.weights.plasticity       | INFO  | Hard-clipped 17 w_cons parameters to delta_max=0.1000 bound.
2026-08-12 03:59:18 | sleep.weights.plasticity       | INFO  | Hard-clipped 18 w_cons parameters to delta_max=0.1000 bound.
2026-08-12 03:59:18 | sleep.weights.plasticity       | INFO  | Hard-clipped 19 w_cons parameters to delta_max=0.1000 bound.
2026-08-12 03:59:19 | sleep.weights.plasticity       | INFO  | Hard-clipped 19 w_cons parameters to delta_max=0.1000 bound.
2026-08-12 03:59:19 | sleep.weights.plasticity       | INFO  | Hard-clipped 19 w_cons parameters to delta_max=0.1000 bound.
2026-08-12 03:59:19 | sleep.weights.plasticity       | INFO  | Hard-clipped 19 w_cons parameters to delta_max=0.1000 bound.
2026-08-12 03:59:19 | sleep.weights.plasticity       | INFO  | Hard-clipped 19 w_cons parameters to delta_max=0.1000 bound.
2026-08-12 03:59:19 | sleep.weights.plasticity       | INFO  | Hard-clipped 19 w_cons parameters to delta_max=0.1000 bound.
2026-08-12 03:59:19 | sleep.weights.plasticity       | INFO  | Hard-clipped 19 w_cons parameters to delta_max=0.1000 bound.
2026-08-12 03:59:19 | sleep.weights.plasticity       | INFO  | Hard-clipped 19 w_cons parameters to delta_max=0.1000 bound.
2026-08-12 03:59:20 | sleep.weights.plasticity       | INFO  | Hard-clipped 19 w_cons parameters to delta_max=0.1000 bound.
2026-08-12 03:59:20 | sleep.weights.plasticity       | INFO  | Hard-clipped 18 w_cons parameters to delta_max=0.1000 bound.
2026-08-12 03:59:20 | sleep.weights.plasticity       | INFO  | Hard-clipped 19 w_cons parameters to delta_max=0.1000 bound.
2026-08-12 03:59:20 | sleep.weights.plasticity       | INFO  | Hard-clipped 18 w_cons parameters to delta_max=0.1000 bound.
2026-08-12 03:59:20 | sleep.weights.plasticity       | INFO  | Hard-clipped 18 w_cons parameters to delta_max=0.1000 bound.
2026-08-12 03:59:20 | sleep.weights.plasticity       | INFO  | Hard-clipped 19 w_cons parameters to delta_max=0.1000 bound.
2026-08-12 03:59:21 | sleep.weights.plasticity       | INFO  | Hard-clipped 19 w_cons parameters to delta_max=0.1000 bound.
2026-08-12 03:59:21 | sleep.weights.plasticity       | INFO  | Hard-clipped 19 w_cons parameters to delta_max=0.1000 bound.
2026-08-12 03:59:21 | sleep.weights.plasticity       | INFO  | Hard-clipped 19 w_cons parameters to delta_max=0.1000 bound.
2026-08-12 03:59:21 | sleep.weights.plasticity       | INFO  | Hard-clipped 19 w_cons parameters to delta_max=0.1000 bound.
2026-08-12 03:59:21 | sleep.weights.plasticity       | INFO  | Hard-clipped 19 w_cons parameters to delta_max=0.1000 bound.
2026-08-12 03:59:21 | sleep.weights.plasticity       | INFO  | Hard-clipped 19 w_cons parameters to delta_max=0.1000 bound.
2026-08-12 03:59:21 | sleep.weights.plasticity       | INFO  | Hard-clipped 19 w_cons parameters to delta_max=0.1000 bound.
2026-08-12 03:59:22 | sleep.weights.plasticity       | INFO  | Hard-clipped 19 w_cons parameters to delta_max=0.1000 bound.
2026-08-12 03:59:22 | sleep.weights.plasticity       | INFO  | Hard-clipped 19 w_cons parameters to delta_max=0.1000 bound.
2026-08-12 03:59:22 | sleep.sleep_engine.train       | INFO  |   distill step 360/400 | loss=0.7699 (kl=0.5169 ce=0.5059) | lr=3.02e-06
2026-08-12 03:59:22 | sleep.weights.plasticity       | INFO  | Hard-clipped 19 w_cons parameters to delta_max=0.1000 bound.
2026-08-12 03:59:22 | sleep.weights.plasticity       | INFO  | Hard-clipped 19 w_cons parameters to delta_max=0.1000 bound.
2026-08-12 03:59:22 | sleep.weights.plasticity       | INFO  | Hard-clipped 19 w_cons parameters to delta_max=0.1000 bound.
2026-08-12 03:59:22 | sleep.weights.plasticity       | INFO  | Hard-clipped 19 w_cons parameters to delta_max=0.1000 bound.
2026-08-12 03:59:22 | sleep.weights.plasticity       | INFO  | Hard-clipped 19 w_cons parameters to delta_max=0.1000 bound.
2026-08-12 03:59:23 | sleep.weights.plasticity       | INFO  | Hard-clipped 19 w_cons parameters to delta_max=0.1000 bound.
2026-08-12 03:59:23 | sleep.weights.plasticity       | INFO  | Hard-clipped 19 w_cons parameters to delta_max=0.1000 bound.
2026-08-12 03:59:23 | sleep.weights.plasticity       | INFO  | Hard-clipped 19 w_cons parameters to delta_max=0.1000 bound.
2026-08-12 03:59:23 | sleep.weights.plasticity       | INFO  | Hard-clipped 19 w_cons parameters to delta_max=0.1000 bound.
2026-08-12 03:59:23 | sleep.weights.plasticity       | INFO  | Hard-clipped 19 w_cons parameters to delta_max=0.1000 bound.
2026-08-12 03:59:23 | sleep.weights.plasticity       | INFO  | Hard-clipped 19 w_cons parameters to delta_max=0.1000 bound.
2026-08-12 03:59:24 | sleep.weights.plasticity       | INFO  | Hard-clipped 19 w_cons parameters to delta_max=0.1000 bound.
2026-08-12 03:59:24 | sleep.weights.plasticity       | INFO  | Hard-clipped 19 w_cons parameters to delta_max=0.1000 bound.
2026-08-12 03:59:24 | sleep.weights.plasticity       | INFO  | Hard-clipped 19 w_cons parameters to delta_max=0.1000 bound.
2026-08-12 03:59:24 | sleep.weights.plasticity       | INFO  | Hard-clipped 19 w_cons parameters to delta_max=0.1000 bound.
2026-08-12 03:59:24 | sleep.weights.plasticity       | INFO  | Hard-clipped 19 w_cons parameters to delta_max=0.1000 bound.
2026-08-12 03:59:24 | sleep.weights.plasticity       | INFO  | Hard-clipped 18 w_cons parameters to delta_max=0.1000 bound.
2026-08-12 03:59:24 | sleep.weights.plasticity       | INFO  | Hard-clipped 19 w_cons parameters to delta_max=0.1000 bound.
2026-08-12 03:59:25 | sleep.weights.plasticity       | INFO  | Hard-clipped 19 w_cons parameters to delta_max=0.1000 bound.
2026-08-12 03:59:25 | sleep.weights.plasticity       | INFO  | Hard-clipped 18 w_cons parameters to delta_max=0.1000 bound.
2026-08-12 03:59:25 | sleep.weights.plasticity       | INFO  | Hard-clipped 18 w_cons parameters to delta_max=0.1000 bound.
2026-08-12 03:59:25 | sleep.weights.plasticity       | INFO  | Hard-clipped 19 w_cons parameters to delta_max=0.1000 bound.
2026-08-12 03:59:25 | sleep.weights.plasticity       | INFO  | Hard-clipped 18 w_cons parameters to delta_max=0.1000 bound.
2026-08-12 03:59:25 | sleep.weights.plasticity       | INFO  | Hard-clipped 18 w_cons parameters to delta_max=0.1000 bound.
2026-08-12 03:59:25 | sleep.weights.plasticity       | INFO  | Hard-clipped 18 w_cons parameters to delta_max=0.1000 bound.
2026-08-12 03:59:26 | sleep.weights.plasticity       | INFO  | Hard-clipped 19 w_cons parameters to delta_max=0.1000 bound.
2026-08-12 03:59:26 | sleep.weights.plasticity       | INFO  | Hard-clipped 18 w_cons parameters to delta_max=0.1000 bound.
2026-08-12 03:59:26 | sleep.weights.plasticity       | INFO  | Hard-clipped 14 w_cons parameters to delta_max=0.1000 bound.
2026-08-12 03:59:26 | sleep.weights.plasticity       | INFO  | Hard-clipped 14 w_cons parameters to delta_max=0.1000 bound.
2026-08-12 03:59:26 | sleep.weights.plasticity       | INFO  | Hard-clipped 15 w_cons parameters to delta_max=0.1000 bound.
2026-08-12 03:59:26 | sleep.weights.plasticity       | INFO  | Hard-clipped 15 w_cons parameters to delta_max=0.1000 bound.
2026-08-12 03:59:27 | sleep.weights.plasticity       | INFO  | Hard-clipped 14 w_cons parameters to delta_max=0.1000 bound.
2026-08-12 03:59:27 | sleep.weights.plasticity       | INFO  | Hard-clipped 14 w_cons parameters to delta_max=0.1000 bound.
2026-08-12 03:59:27 | sleep.weights.plasticity       | INFO  | Hard-clipped 15 w_cons parameters to delta_max=0.1000 bound.
2026-08-12 03:59:27 | sleep.weights.plasticity       | INFO  | Hard-clipped 16 w_cons parameters to delta_max=0.1000 bound.
2026-08-12 03:59:27 | sleep.weights.plasticity       | INFO  | Hard-clipped 16 w_cons parameters to delta_max=0.1000 bound.
2026-08-12 03:59:27 | sleep.weights.plasticity       | INFO  | Hard-clipped 16 w_cons parameters to delta_max=0.1000 bound.
2026-08-12 03:59:27 | sleep.weights.plasticity       | INFO  | Hard-clipped 17 w_cons parameters to delta_max=0.1000 bound.
2026-08-12 03:59:28 | sleep.weights.plasticity       | INFO  | Hard-clipped 17 w_cons parameters to delta_max=0.1000 bound.
2026-08-12 03:59:28 | sleep.weights.plasticity       | INFO  | Hard-clipped 14 w_cons parameters to delta_max=0.1000 bound.
2026-08-12 03:59:28 | sleep.sleep_engine.train       | INFO  |   distill step 400/400 | loss=0.6924 (kl=0.4213 ce=0.5421) | lr=0.00e+00
2026-08-12 03:59:28 | sleep.sleep_engine.train       | INFO  | Sleep distill-training complete | n_steps=400 | final_loss=0.6924 | mean_loss=1.4132
2026-08-12 03:59:28 | sleep.sleep_engine             | INFO  | Phase 3 complete: 400 steps, final_loss=0.6924, mean_loss=1.4132
2026-08-12 03:59:28 | sleep.sleep_engine             | INFO  | Phase 4/5: PPL CHECK (skipped — no benchmark data)
2026-08-12 03:59:28 | sleep.sleep_engine             | INFO  | Phase 5/5: VALIDATE & CLEANUP
2026-08-12 03:59:28 | sleep.weights.plasticity       | INFO  | Saved checkpoint for adapter 'w_cons': 44 parameters.
2026-08-12 03:59:28 | sleep.weights.plasticity       | INFO  | Restored 44 parameters for adapter 'w_cons' from checkpoint.
2026-08-12 03:59:28 | sleep.weights.plasticity       | INFO  | Restored 44 parameters for adapter 'w_cons' from checkpoint.
[transformers] The attention mask is not set and cannot be inferred from input because pad token is same as eos token. As a consequence, you may observe unexpected behavior. Please pass your input's `attention_mask` to obtain reliable results.
2026-08-12 03:59:37 | sleep.sleep_engine             | INFO  | Two-stage validation: 6/6 passed surprise, 6 also passed the mini-recall gate (self-grading gap = 0)
2026-08-12 03:59:37 | sleep.sleep_engine.cleanup     | INFO  | Cleanup complete | passed=6 | failed=0 | permanently_removed=0
2026-08-12 03:59:37 | sleep.sleep_engine             | INFO  | Phase 5 complete: consolidated=6, failed=0, permanently_removed=0
2026-08-12 03:59:37 | sleep.metrics                  | INFO  | summary | {'sleep_engine/n_candidates': 6, 'sleep_engine/n_replays_generated': 138, 'sleep_engine/n_replays_accepted': 138, 'sleep_engine/n_consolidated': 6, 'sleep_engine/n_failed': 0, 'sleep_engine/n_permanently_removed': 0, 'sleep_engine/rolled_back': False}
2026-08-12 03:59:37 | sleep.weights.kv_memory        | INFO  | bank cleared: freed 12 tags / 568 tokens
2026-08-12 03:59:37 | sleep.sleep_engine             | INFO  | KV bank cleared (12 entries removed)
2026-08-12 03:59:37 | sleep.sleep_engine             | INFO  | KV memory injection: ENABLED
2026-08-12 03:59:37 | sleep.sleep_engine             | INFO  | === Sleep cycle END ===
2026-08-12 04:00:13 | sleep.evaluation.recall        | INFO  | Recall evaluation: DRA=0.3167 across 20 cases
2026-08-12 04:00:47 | sleep.evaluation.recall        | INFO  | Recall evaluation: DRA=0.3167 across 20 cases
2026-08-12 04:00:47 | sleep.evaluation.preservation  | INFO  | Perplexity evaluation: PPL=4.7260 (mean_loss=1.5531, 62 tokens)
2026-08-12 04:00:47 | sleep.evaluation.preservation  | INFO  | BCP: 1.0828 (current_ppl=4.7260, original_ppl=4.3646)
2026-08-12 04:00:47 | sleep.experiment.08            | INFO  | [sleep Cycle 1 EVAL] DRA cumulative=0.317 (7/20 hits); DRA current=0.317 (7/20 hits); BCP=1.0828
2026-08-12 04:00:47 | sleep.experiment.08            | INFO  | ======================================================================
2026-08-12 04:00:47 | sleep.experiment.08            | INFO  | [SLEEP Cycle 2] Wake phase: 20 facts
2026-08-12 04:00:47 | sleep.experiment.08            | INFO  | ======================================================================
2026-08-12 04:00:48 | sleep.tagging                  | INFO  | step=21 | 2 tags created from 2 spans | buffer: 17/36208 (0.0%)
2026-08-12 04:00:48 | sleep.tagging                  | INFO  | step=22 | 2 tags created from 2 spans | buffer: 19/36208 (0.1%)
2026-08-12 04:00:48 | sleep.tagging                  | INFO  | step=26 | 1 tags created from 1 spans | buffer: 20/36208 (0.1%)
2026-08-12 04:00:48 | sleep.tagging                  | INFO  | step=27 | 1 tags created from 1 spans | buffer: 21/36208 (0.1%)
2026-08-12 04:00:48 | sleep.tagging                  | INFO  | step=31 | 1 tags created from 1 spans | buffer: 22/36208 (0.1%)
2026-08-12 04:00:48 | sleep.tagging                  | INFO  | step=32 | 2 tags created from 2 spans | buffer: 24/36208 (0.1%)
2026-08-12 04:00:49 | sleep.tagging                  | INFO  | step=36 | 1 tags created from 1 spans | buffer: 25/36208 (0.1%)
2026-08-12 04:00:49 | sleep.tagging                  | INFO  | step=37 | 1 tags created from 1 spans | buffer: 26/36208 (0.1%)
2026-08-12 04:00:49 | sleep.tagging                  | INFO  | step=38 | 1 tags created from 1 spans | buffer: 27/36208 (0.1%)
2026-08-12 04:00:49 | sleep.tagging                  | INFO  | step=39 | 1 tags created from 1 spans | buffer: 28/36208 (0.1%)
2026-08-12 04:00:49 | sleep.experiment.08            | INFO  | [Cycle 2] Wake summary: 20 facts -> 10 KV writes; bank: 491/20000 tokens
2026-08-12 04:00:49 | sleep.prp                      | INFO  | step=40 | PRP update: 10/3620 allocated (0%) | +4 -0 | threshold=0.289 | mean_score=0.263
2026-08-12 04:00:49 | sleep.experiment.08            | INFO  | [Cycle 2] PRP: 10 allocated, 10 consolidation candidates
2026-08-12 04:00:49 | sleep.sleep_engine             | INFO  | === Sleep cycle START | 10 candidates ===
2026-08-12 04:00:49 | sleep.sleep_engine             | INFO  | Phase 1/5: GENERATE (strategy=paraphrase)
2026-08-12 04:00:49 | sleep.sleep_engine             | INFO  | KV memory injection: DISABLED
2026-08-12 04:00:49 | sleep.sleep_engine             | INFO  | Phase 1 (paraphrase strategy): 91 wordings from 4 unique sources (10 candidates)
2026-08-12 04:00:49 | sleep.sleep_engine             | INFO  | Phase 1 complete: 91/10 replays generated
2026-08-12 04:00:49 | sleep.sleep_engine             | INFO  | Phase 2/5: QUALITY CHECK
2026-08-12 04:00:49 | sleep.sleep_engine             | INFO  | Phase 2 complete: 91/91 replays accepted
2026-08-12 04:00:49 | sleep.sleep_engine             | INFO  | Phase 3/5: TRAIN (91 accepted replays)
2026-08-12 04:00:49 | sleep.sleep_engine             | INFO  | KV memory injection: DISABLED
2026-08-12 04:00:49 | sleep.weights.plasticity       | INFO  | Saved checkpoint for adapter 'w_cons': 44 parameters.
2026-08-12 04:00:49 | sleep.weights.plasticity       | INFO  | Saved checkpoint for adapter 'w_cons': 44 parameters.
2026-08-12 04:00:49 | sleep.sleep_engine.train       | INFO  | Sleep distill-training: 4 facts | 400 steps | lr=1.00e-04 | T=2
2026-08-12 04:00:49 | sleep.sleep_engine.train       | INFO  |   distill step 1/400 | loss=2.5943 (kl=1.3254 ce=2.5379) | lr=2.50e-06
2026-08-12 04:00:55 | sleep.sleep_engine.train       | INFO  |   distill step 40/400 | loss=1.0154 (kl=0.6046 ce=0.8216) | lr=1.00e-04
2026-08-12 04:01:01 | sleep.sleep_engine.train       | INFO  |   distill step 80/400 | loss=1.2678 (kl=0.6430 ce=1.2496) | lr=9.70e-05
2026-08-12 04:01:04 | sleep.weights.plasticity       | INFO  | Hard-clipped 1 w_cons parameters to delta_max=0.1000 bound.
2026-08-12 04:01:04 | sleep.weights.plasticity       | INFO  | Hard-clipped 1 w_cons parameters to delta_max=0.1000 bound.
2026-08-12 04:01:05 | sleep.weights.plasticity       | INFO  | Hard-clipped 1 w_cons parameters to delta_max=0.1000 bound.
2026-08-12 04:01:05 | sleep.weights.plasticity       | INFO  | Hard-clipped 1 w_cons parameters to delta_max=0.1000 bound.
2026-08-12 04:01:05 | sleep.weights.plasticity       | INFO  | Hard-clipped 1 w_cons parameters to delta_max=0.1000 bound.
2026-08-12 04:01:05 | sleep.weights.plasticity       | INFO  | Hard-clipped 1 w_cons parameters to delta_max=0.1000 bound.
2026-08-12 04:01:05 | sleep.weights.plasticity       | INFO  | Hard-clipped 1 w_cons parameters to delta_max=0.1000 bound.
2026-08-12 04:01:05 | sleep.weights.plasticity       | INFO  | Hard-clipped 1 w_cons parameters to delta_max=0.1000 bound.
2026-08-12 04:01:05 | sleep.weights.plasticity       | INFO  | Hard-clipped 1 w_cons parameters to delta_max=0.1000 bound.
2026-08-12 04:01:06 | sleep.weights.plasticity       | INFO  | Hard-clipped 1 w_cons parameters to delta_max=0.1000 bound.
2026-08-12 04:01:06 | sleep.weights.plasticity       | INFO  | Hard-clipped 1 w_cons parameters to delta_max=0.1000 bound.
2026-08-12 04:01:06 | sleep.weights.plasticity       | INFO  | Hard-clipped 1 w_cons parameters to delta_max=0.1000 bound.
2026-08-12 04:01:06 | sleep.weights.plasticity       | INFO  | Hard-clipped 1 w_cons parameters to delta_max=0.1000 bound.
2026-08-12 04:01:06 | sleep.weights.plasticity       | INFO  | Hard-clipped 1 w_cons parameters to delta_max=0.1000 bound.
2026-08-12 04:01:06 | sleep.weights.plasticity       | INFO  | Hard-clipped 1 w_cons parameters to delta_max=0.1000 bound.
2026-08-12 04:01:06 | sleep.weights.plasticity       | INFO  | Hard-clipped 2 w_cons parameters to delta_max=0.1000 bound.
2026-08-12 04:01:07 | sleep.weights.plasticity       | INFO  | Hard-clipped 2 w_cons parameters to delta_max=0.1000 bound.
2026-08-12 04:01:07 | sleep.weights.plasticity       | INFO  | Hard-clipped 2 w_cons parameters to delta_max=0.1000 bound.
2026-08-12 04:01:07 | sleep.weights.plasticity       | INFO  | Hard-clipped 2 w_cons parameters to delta_max=0.1000 bound.
2026-08-12 04:01:07 | sleep.weights.plasticity       | INFO  | Hard-clipped 2 w_cons parameters to delta_max=0.1000 bound.
2026-08-12 04:01:07 | sleep.sleep_engine.train       | INFO  |   distill step 120/400 | loss=0.7857 (kl=0.4224 ce=0.7265) | lr=8.83e-05
2026-08-12 04:01:07 | sleep.weights.plasticity       | INFO  | Hard-clipped 2 w_cons parameters to delta_max=0.1000 bound.
2026-08-12 04:01:07 | sleep.weights.plasticity       | INFO  | Hard-clipped 2 w_cons parameters to delta_max=0.1000 bound.
2026-08-12 04:01:07 | sleep.weights.plasticity       | INFO  | Hard-clipped 3 w_cons parameters to delta_max=0.1000 bound.
2026-08-12 04:01:08 | sleep.weights.plasticity       | INFO  | Hard-clipped 3 w_cons parameters to delta_max=0.1000 bound.
2026-08-12 04:01:08 | sleep.weights.plasticity       | INFO  | Hard-clipped 3 w_cons parameters to delta_max=0.1000 bound.
2026-08-12 04:01:08 | sleep.weights.plasticity       | INFO  | Hard-clipped 3 w_cons parameters to delta_max=0.1000 bound.
2026-08-12 04:01:08 | sleep.weights.plasticity       | INFO  | Hard-clipped 3 w_cons parameters to delta_max=0.1000 bound.
2026-08-12 04:01:08 | sleep.weights.plasticity       | INFO  | Hard-clipped 3 w_cons parameters to delta_max=0.1000 bound.
2026-08-12 04:01:08 | sleep.weights.plasticity       | INFO  | Hard-clipped 3 w_cons parameters to delta_max=0.1000 bound.
2026-08-12 04:01:08 | sleep.weights.plasticity       | INFO  | Hard-clipped 3 w_cons parameters to delta_max=0.1000 bound.
2026-08-12 04:01:09 | sleep.weights.plasticity       | INFO  | Hard-clipped 3 w_cons parameters to delta_max=0.1000 bound.
2026-08-12 04:01:09 | sleep.weights.plasticity       | INFO  | Hard-clipped 3 w_cons parameters to delta_max=0.1000 bound.
2026-08-12 04:01:09 | sleep.weights.plasticity       | INFO  | Hard-clipped 3 w_cons parameters to delta_max=0.1000 bound.
2026-08-12 04:01:09 | sleep.weights.plasticity       | INFO  | Hard-clipped 3 w_cons parameters to delta_max=0.1000 bound.
2026-08-12 04:01:09 | sleep.weights.plasticity       | INFO  | Hard-clipped 3 w_cons parameters to delta_max=0.1000 bound.
2026-08-12 04:01:09 | sleep.weights.plasticity       | INFO  | Hard-clipped 3 w_cons parameters to delta_max=0.1000 bound.
2026-08-12 04:01:09 | sleep.weights.plasticity       | INFO  | Hard-clipped 3 w_cons parameters to delta_max=0.1000 bound.
2026-08-12 04:01:10 | sleep.weights.plasticity       | INFO  | Hard-clipped 3 w_cons parameters to delta_max=0.1000 bound.
2026-08-12 04:01:10 | sleep.weights.plasticity       | INFO  | Hard-clipped 3 w_cons parameters to delta_max=0.1000 bound.
2026-08-12 04:01:10 | sleep.weights.plasticity       | INFO  | Hard-clipped 3 w_cons parameters to delta_max=0.1000 bound.
2026-08-12 04:01:10 | sleep.weights.plasticity       | INFO  | Hard-clipped 3 w_cons parameters to delta_max=0.1000 bound.
2026-08-12 04:01:10 | sleep.weights.plasticity       | INFO  | Hard-clipped 3 w_cons parameters to delta_max=0.1000 bound.
2026-08-12 04:01:10 | sleep.weights.plasticity       | INFO  | Hard-clipped 3 w_cons parameters to delta_max=0.1000 bound.
2026-08-12 04:01:10 | sleep.weights.plasticity       | INFO  | Hard-clipped 3 w_cons parameters to delta_max=0.1000 bound.
2026-08-12 04:01:11 | sleep.weights.plasticity       | INFO  | Hard-clipped 3 w_cons parameters to delta_max=0.1000 bound.
2026-08-12 04:01:11 | sleep.weights.plasticity       | INFO  | Hard-clipped 3 w_cons parameters to delta_max=0.1000 bound.
2026-08-12 04:01:11 | sleep.weights.plasticity       | INFO  | Hard-clipped 3 w_cons parameters to delta_max=0.1000 bound.
2026-08-12 04:01:11 | sleep.weights.plasticity       | INFO  | Hard-clipped 3 w_cons parameters to delta_max=0.1000 bound.
2026-08-12 04:01:11 | sleep.weights.plasticity       | INFO  | Hard-clipped 3 w_cons parameters to delta_max=0.1000 bound.
2026-08-12 04:01:11 | sleep.weights.plasticity       | INFO  | Hard-clipped 4 w_cons parameters to delta_max=0.1000 bound.
2026-08-12 04:01:11 | sleep.weights.plasticity       | INFO  | Hard-clipped 4 w_cons parameters to delta_max=0.1000 bound.
2026-08-12 04:01:12 | sleep.weights.plasticity       | INFO  | Hard-clipped 4 w_cons parameters to delta_max=0.1000 bound.
2026-08-12 04:01:12 | sleep.weights.plasticity       | INFO  | Hard-clipped 4 w_cons parameters to delta_max=0.1000 bound.
2026-08-12 04:01:12 | sleep.weights.plasticity       | INFO  | Hard-clipped 4 w_cons parameters to delta_max=0.1000 bound.
2026-08-12 04:01:12 | sleep.weights.plasticity       | INFO  | Hard-clipped 4 w_cons parameters to delta_max=0.1000 bound.
2026-08-12 04:01:12 | sleep.weights.plasticity       | INFO  | Hard-clipped 4 w_cons parameters to delta_max=0.1000 bound.
2026-08-12 04:01:12 | sleep.weights.plasticity       | INFO  | Hard-clipped 4 w_cons parameters to delta_max=0.1000 bound.
2026-08-12 04:01:13 | sleep.weights.plasticity       | INFO  | Hard-clipped 4 w_cons parameters to delta_max=0.1000 bound.
2026-08-12 04:01:13 | sleep.weights.plasticity       | INFO  | Hard-clipped 4 w_cons parameters to delta_max=0.1000 bound.
2026-08-12 04:01:13 | sleep.weights.plasticity       | INFO  | Hard-clipped 5 w_cons parameters to delta_max=0.1000 bound.
2026-08-12 04:01:13 | sleep.sleep_engine.train       | INFO  |   distill step 160/400 | loss=0.6909 (kl=0.3630 ce=0.6557) | lr=7.50e-05
2026-08-12 04:01:13 | sleep.weights.plasticity       | INFO  | Hard-clipped 5 w_cons parameters to delta_max=0.1000 bound.
2026-08-12 04:01:13 | sleep.weights.plasticity       | INFO  | Hard-clipped 5 w_cons parameters to delta_max=0.1000 bound.
2026-08-12 04:01:13 | sleep.weights.plasticity       | INFO  | Hard-clipped 5 w_cons parameters to delta_max=0.1000 bound.
2026-08-12 04:01:13 | sleep.weights.plasticity       | INFO  | Hard-clipped 5 w_cons parameters to delta_max=0.1000 bound.
2026-08-12 04:01:14 | sleep.weights.plasticity       | INFO  | Hard-clipped 5 w_cons parameters to delta_max=0.1000 bound.
2026-08-12 04:01:14 | sleep.weights.plasticity       | INFO  | Hard-clipped 5 w_cons parameters to delta_max=0.1000 bound.
2026-08-12 04:01:14 | sleep.weights.plasticity       | INFO  | Hard-clipped 5 w_cons parameters to delta_max=0.1000 bound.
2026-08-12 04:01:14 | sleep.weights.plasticity       | INFO  | Hard-clipped 5 w_cons parameters to delta_max=0.1000 bound.
2026-08-12 04:01:14 | sleep.weights.plasticity       | INFO  | Hard-clipped 5 w_cons parameters to delta_max=0.1000 bound.
2026-08-12 04:01:14 | sleep.weights.plasticity       | INFO  | Hard-clipped 5 w_cons parameters to delta_max=0.1000 bound.
2026-08-12 04:01:14 | sleep.weights.plasticity       | INFO  | Hard-clipped 5 w_cons parameters to delta_max=0.1000 bound.
2026-08-12 04:01:15 | sleep.weights.plasticity       | INFO  | Hard-clipped 5 w_cons parameters to delta_max=0.1000 bound.
2026-08-12 04:01:15 | sleep.weights.plasticity       | INFO  | Hard-clipped 5 w_cons parameters to delta_max=0.1000 bound.
2026-08-12 04:01:15 | sleep.weights.plasticity       | INFO  | Hard-clipped 5 w_cons parameters to delta_max=0.1000 bound.
2026-08-12 04:01:15 | sleep.weights.plasticity       | INFO  | Hard-clipped 5 w_cons parameters to delta_max=0.1000 bound.
2026-08-12 04:01:15 | sleep.weights.plasticity       | INFO  | Hard-clipped 5 w_cons parameters to delta_max=0.1000 bound.
2026-08-12 04:01:15 | sleep.weights.plasticity       | INFO  | Hard-clipped 5 w_cons parameters to delta_max=0.1000 bound.
2026-08-12 04:01:15 | sleep.weights.plasticity       | INFO  | Hard-clipped 5 w_cons parameters to delta_max=0.1000 bound.
2026-08-12 04:01:16 | sleep.weights.plasticity       | INFO  | Hard-clipped 5 w_cons parameters to delta_max=0.1000 bound.
2026-08-12 04:01:16 | sleep.weights.plasticity       | INFO  | Hard-clipped 5 w_cons parameters to delta_max=0.1000 bound.
2026-08-12 04:01:16 | sleep.weights.plasticity       | INFO  | Hard-clipped 5 w_cons parameters to delta_max=0.1000 bound.
2026-08-12 04:01:16 | sleep.weights.plasticity       | INFO  | Hard-clipped 5 w_cons parameters to delta_max=0.1000 bound.
2026-08-12 04:01:16 | sleep.weights.plasticity       | INFO  | Hard-clipped 5 w_cons parameters to delta_max=0.1000 bound.
2026-08-12 04:01:16 | sleep.weights.plasticity       | INFO  | Hard-clipped 5 w_cons parameters to delta_max=0.1000 bound.
2026-08-12 04:01:17 | sleep.weights.plasticity       | INFO  | Hard-clipped 5 w_cons parameters to delta_max=0.1000 bound.
2026-08-12 04:01:17 | sleep.weights.plasticity       | INFO  | Hard-clipped 5 w_cons parameters to delta_max=0.1000 bound.
2026-08-12 04:01:17 | sleep.weights.plasticity       | INFO  | Hard-clipped 5 w_cons parameters to delta_max=0.1000 bound.
2026-08-12 04:01:17 | sleep.weights.plasticity       | INFO  | Hard-clipped 5 w_cons parameters to delta_max=0.1000 bound.
2026-08-12 04:01:17 | sleep.weights.plasticity       | INFO  | Hard-clipped 5 w_cons parameters to delta_max=0.1000 bound.
2026-08-12 04:01:17 | sleep.weights.plasticity       | INFO  | Hard-clipped 5 w_cons parameters to delta_max=0.1000 bound.
2026-08-12 04:01:17 | sleep.weights.plasticity       | INFO  | Hard-clipped 5 w_cons parameters to delta_max=0.1000 bound.
2026-08-12 04:01:18 | sleep.weights.plasticity       | INFO  | Hard-clipped 5 w_cons parameters to delta_max=0.1000 bound.
2026-08-12 04:01:18 | sleep.weights.plasticity       | INFO  | Hard-clipped 5 w_cons parameters to delta_max=0.1000 bound.
2026-08-12 04:01:18 | sleep.weights.plasticity       | INFO  | Hard-clipped 5 w_cons parameters to delta_max=0.1000 bound.
2026-08-12 04:01:18 | sleep.weights.plasticity       | INFO  | Hard-clipped 5 w_cons parameters to delta_max=0.1000 bound.
2026-08-12 04:01:18 | sleep.weights.plasticity       | INFO  | Hard-clipped 5 w_cons parameters to delta_max=0.1000 bound.
2026-08-12 04:01:18 | sleep.weights.plasticity       | INFO  | Hard-clipped 5 w_cons parameters to delta_max=0.1000 bound.
2026-08-12 04:01:18 | sleep.weights.plasticity       | INFO  | Hard-clipped 5 w_cons parameters to delta_max=0.1000 bound.
2026-08-12 04:01:19 | sleep.weights.plasticity       | INFO  | Hard-clipped 5 w_cons parameters to delta_max=0.1000 bound.
2026-08-12 04:01:19 | sleep.weights.plasticity       | INFO  | Hard-clipped 4 w_cons parameters to delta_max=0.1000 bound.
2026-08-12 04:01:19 | sleep.sleep_engine.train       | INFO  |   distill step 200/400 | loss=0.8592 (kl=0.5159 ce=0.6866) | lr=5.87e-05
2026-08-12 04:01:19 | sleep.weights.plasticity       | INFO  | Hard-clipped 4 w_cons parameters to delta_max=0.1000 bound.
2026-08-12 04:01:19 | sleep.weights.plasticity       | INFO  | Hard-clipped 4 w_cons parameters to delta_max=0.1000 bound.
2026-08-12 04:01:19 | sleep.weights.plasticity       | INFO  | Hard-clipped 4 w_cons parameters to delta_max=0.1000 bound.
2026-08-12 04:01:19 | sleep.weights.plasticity       | INFO  | Hard-clipped 4 w_cons parameters to delta_max=0.1000 bound.
2026-08-12 04:01:19 | sleep.weights.plasticity       | INFO  | Hard-clipped 4 w_cons parameters to delta_max=0.1000 bound.
2026-08-12 04:01:20 | sleep.weights.plasticity       | INFO  | Hard-clipped 4 w_cons parameters to delta_max=0.1000 bound.
2026-08-12 04:01:20 | sleep.weights.plasticity       | INFO  | Hard-clipped 4 w_cons parameters to delta_max=0.1000 bound.
2026-08-12 04:01:20 | sleep.weights.plasticity       | INFO  | Hard-clipped 4 w_cons parameters to delta_max=0.1000 bound.
2026-08-12 04:01:20 | sleep.weights.plasticity       | INFO  | Hard-clipped 6 w_cons parameters to delta_max=0.1000 bound.
2026-08-12 04:01:20 | sleep.weights.plasticity       | INFO  | Hard-clipped 6 w_cons parameters to delta_max=0.1000 bound.
2026-08-12 04:01:20 | sleep.weights.plasticity       | INFO  | Hard-clipped 6 w_cons parameters to delta_max=0.1000 bound.
2026-08-12 04:01:21 | sleep.weights.plasticity       | INFO  | Hard-clipped 6 w_cons parameters to delta_max=0.1000 bound.
2026-08-12 04:01:21 | sleep.weights.plasticity       | INFO  | Hard-clipped 6 w_cons parameters to delta_max=0.1000 bound.
2026-08-12 04:01:21 | sleep.weights.plasticity       | INFO  | Hard-clipped 6 w_cons parameters to delta_max=0.1000 bound.
2026-08-12 04:01:21 | sleep.weights.plasticity       | INFO  | Hard-clipped 6 w_cons parameters to delta_max=0.1000 bound.
2026-08-12 04:01:21 | sleep.weights.plasticity       | INFO  | Hard-clipped 6 w_cons parameters to delta_max=0.1000 bound.
2026-08-12 04:01:21 | sleep.weights.plasticity       | INFO  | Hard-clipped 7 w_cons parameters to delta_max=0.1000 bound.
2026-08-12 04:01:21 | sleep.weights.plasticity       | INFO  | Hard-clipped 7 w_cons parameters to delta_max=0.1000 bound.
2026-08-12 04:01:22 | sleep.weights.plasticity       | INFO  | Hard-clipped 7 w_cons parameters to delta_max=0.1000 bound.
2026-08-12 04:01:22 | sleep.weights.plasticity       | INFO  | Hard-clipped 7 w_cons parameters to delta_max=0.1000 bound.
2026-08-12 04:01:22 | sleep.weights.plasticity       | INFO  | Hard-clipped 7 w_cons parameters to delta_max=0.1000 bound.
2026-08-12 04:01:22 | sleep.weights.plasticity       | INFO  | Hard-clipped 7 w_cons parameters to delta_max=0.1000 bound.
2026-08-12 04:01:22 | sleep.weights.plasticity       | INFO  | Hard-clipped 7 w_cons parameters to delta_max=0.1000 bound.
2026-08-12 04:01:22 | sleep.weights.plasticity       | INFO  | Hard-clipped 6 w_cons parameters to delta_max=0.1000 bound.
2026-08-12 04:01:22 | sleep.weights.plasticity       | INFO  | Hard-clipped 7 w_cons parameters to delta_max=0.1000 bound.
2026-08-12 04:01:23 | sleep.weights.plasticity       | INFO  | Hard-clipped 7 w_cons parameters to delta_max=0.1000 bound.
2026-08-12 04:01:23 | sleep.weights.plasticity       | INFO  | Hard-clipped 7 w_cons parameters to delta_max=0.1000 bound.
2026-08-12 04:01:23 | sleep.weights.plasticity       | INFO  | Hard-clipped 7 w_cons parameters to delta_max=0.1000 bound.
2026-08-12 04:01:23 | sleep.weights.plasticity       | INFO  | Hard-clipped 7 w_cons parameters to delta_max=0.1000 bound.
2026-08-12 04:01:23 | sleep.weights.plasticity       | INFO  | Hard-clipped 7 w_cons parameters to delta_max=0.1000 bound.
2026-08-12 04:01:23 | sleep.weights.plasticity       | INFO  | Hard-clipped 7 w_cons parameters to delta_max=0.1000 bound.
2026-08-12 04:01:23 | sleep.weights.plasticity       | INFO  | Hard-clipped 6 w_cons parameters to delta_max=0.1000 bound.
2026-08-12 04:01:24 | sleep.weights.plasticity       | INFO  | Hard-clipped 6 w_cons parameters to delta_max=0.1000 bound.
2026-08-12 04:01:24 | sleep.weights.plasticity       | INFO  | Hard-clipped 6 w_cons parameters to delta_max=0.1000 bound.
2026-08-12 04:01:24 | sleep.weights.plasticity       | INFO  | Hard-clipped 6 w_cons parameters to delta_max=0.1000 bound.
2026-08-12 04:01:24 | sleep.weights.plasticity       | INFO  | Hard-clipped 7 w_cons parameters to delta_max=0.1000 bound.
2026-08-12 04:01:24 | sleep.weights.plasticity       | INFO  | Hard-clipped 7 w_cons parameters to delta_max=0.1000 bound.
2026-08-12 04:01:24 | sleep.weights.plasticity       | INFO  | Hard-clipped 7 w_cons parameters to delta_max=0.1000 bound.
2026-08-12 04:01:24 | sleep.weights.plasticity       | INFO  | Hard-clipped 7 w_cons parameters to delta_max=0.1000 bound.
2026-08-12 04:01:25 | sleep.weights.plasticity       | INFO  | Hard-clipped 7 w_cons parameters to delta_max=0.1000 bound.
2026-08-12 04:01:25 | sleep.sleep_engine.train       | INFO  |   distill step 240/400 | loss=0.5922 (kl=0.3155 ce=0.5532) | lr=4.13e-05
2026-08-12 04:01:25 | sleep.weights.plasticity       | INFO  | Hard-clipped 7 w_cons parameters to delta_max=0.1000 bound.
2026-08-12 04:01:25 | sleep.weights.plasticity       | INFO  | Hard-clipped 7 w_cons parameters to delta_max=0.1000 bound.
2026-08-12 04:01:25 | sleep.weights.plasticity       | INFO  | Hard-clipped 7 w_cons parameters to delta_max=0.1000 bound.
2026-08-12 04:01:25 | sleep.weights.plasticity       | INFO  | Hard-clipped 7 w_cons parameters to delta_max=0.1000 bound.
2026-08-12 04:01:25 | sleep.weights.plasticity       | INFO  | Hard-clipped 7 w_cons parameters to delta_max=0.1000 bound.
2026-08-12 04:01:25 | sleep.weights.plasticity       | INFO  | Hard-clipped 7 w_cons parameters to delta_max=0.1000 bound.
2026-08-12 04:01:26 | sleep.weights.plasticity       | INFO  | Hard-clipped 7 w_cons parameters to delta_max=0.1000 bound.
2026-08-12 04:01:26 | sleep.weights.plasticity       | INFO  | Hard-clipped 7 w_cons parameters to delta_max=0.1000 bound.
2026-08-12 04:01:26 | sleep.weights.plasticity       | INFO  | Hard-clipped 7 w_cons parameters to delta_max=0.1000 bound.
2026-08-12 04:01:26 | sleep.weights.plasticity       | INFO  | Hard-clipped 7 w_cons parameters to delta_max=0.1000 bound.
2026-08-12 04:01:26 | sleep.weights.plasticity       | INFO  | Hard-clipped 7 w_cons parameters to delta_max=0.1000 bound.
2026-08-12 04:01:26 | sleep.weights.plasticity       | INFO  | Hard-clipped 7 w_cons parameters to delta_max=0.1000 bound.
2026-08-12 04:01:26 | sleep.weights.plasticity       | INFO  | Hard-clipped 7 w_cons parameters to delta_max=0.1000 bound.
2026-08-12 04:01:27 | sleep.weights.plasticity       | INFO  | Hard-clipped 7 w_cons parameters to delta_max=0.1000 bound.
2026-08-12 04:01:27 | sleep.weights.plasticity       | INFO  | Hard-clipped 7 w_cons parameters to delta_max=0.1000 bound.
2026-08-12 04:01:27 | sleep.weights.plasticity       | INFO  | Hard-clipped 7 w_cons parameters to delta_max=0.1000 bound.
2026-08-12 04:01:27 | sleep.weights.plasticity       | INFO  | Hard-clipped 7 w_cons parameters to delta_max=0.1000 bound.
2026-08-12 04:01:27 | sleep.weights.plasticity       | INFO  | Hard-clipped 7 w_cons parameters to delta_max=0.1000 bound.
2026-08-12 04:01:27 | sleep.weights.plasticity       | INFO  | Hard-clipped 7 w_cons parameters to delta_max=0.1000 bound.
2026-08-12 04:01:27 | sleep.weights.plasticity       | INFO  | Hard-clipped 7 w_cons parameters to delta_max=0.1000 bound.
2026-08-12 04:01:28 | sleep.weights.plasticity       | INFO  | Hard-clipped 7 w_cons parameters to delta_max=0.1000 bound.
2026-08-12 04:01:28 | sleep.weights.plasticity       | INFO  | Hard-clipped 7 w_cons parameters to delta_max=0.1000 bound.
2026-08-12 04:01:28 | sleep.weights.plasticity       | INFO  | Hard-clipped 7 w_cons parameters to delta_max=0.1000 bound.
2026-08-12 04:01:28 | sleep.weights.plasticity       | INFO  | Hard-clipped 7 w_cons parameters to delta_max=0.1000 bound.
2026-08-12 04:01:28 | sleep.weights.plasticity       | INFO  | Hard-clipped 7 w_cons parameters to delta_max=0.1000 bound.
2026-08-12 04:01:28 | sleep.weights.plasticity       | INFO  | Hard-clipped 7 w_cons parameters to delta_max=0.1000 bound.
2026-08-12 04:01:28 | sleep.weights.plasticity       | INFO  | Hard-clipped 7 w_cons parameters to delta_max=0.1000 bound.
2026-08-12 04:01:29 | sleep.weights.plasticity       | INFO  | Hard-clipped 7 w_cons parameters to delta_max=0.1000 bound.
2026-08-12 04:01:29 | sleep.weights.plasticity       | INFO  | Hard-clipped 7 w_cons parameters to delta_max=0.1000 bound.
2026-08-12 04:01:29 | sleep.weights.plasticity       | INFO  | Hard-clipped 7 w_cons parameters to delta_max=0.1000 bound.
2026-08-12 04:01:29 | sleep.weights.plasticity       | INFO  | Hard-clipped 7 w_cons parameters to delta_max=0.1000 bound.
2026-08-12 04:01:29 | sleep.weights.plasticity       | INFO  | Hard-clipped 7 w_cons parameters to delta_max=0.1000 bound.
2026-08-12 04:01:29 | sleep.weights.plasticity       | INFO  | Hard-clipped 7 w_cons parameters to delta_max=0.1000 bound.
2026-08-12 04:01:30 | sleep.weights.plasticity       | INFO  | Hard-clipped 7 w_cons parameters to delta_max=0.1000 bound.
2026-08-12 04:01:30 | sleep.weights.plasticity       | INFO  | Hard-clipped 7 w_cons parameters to delta_max=0.1000 bound.
2026-08-12 04:01:30 | sleep.weights.plasticity       | INFO  | Hard-clipped 7 w_cons parameters to delta_max=0.1000 bound.
2026-08-12 04:01:30 | sleep.weights.plasticity       | INFO  | Hard-clipped 7 w_cons parameters to delta_max=0.1000 bound.
2026-08-12 04:01:30 | sleep.weights.plasticity       | INFO  | Hard-clipped 7 w_cons parameters to delta_max=0.1000 bound.
2026-08-12 04:01:30 | sleep.weights.plasticity       | INFO  | Hard-clipped 7 w_cons parameters to delta_max=0.1000 bound.
2026-08-12 04:01:30 | sleep.weights.plasticity       | INFO  | Hard-clipped 7 w_cons parameters to delta_max=0.1000 bound.
2026-08-12 04:01:30 | sleep.sleep_engine.train       | INFO  |   distill step 280/400 | loss=0.3951 (kl=0.2927 ce=0.2048) | lr=2.50e-05
2026-08-12 04:01:31 | sleep.weights.plasticity       | INFO  | Hard-clipped 7 w_cons parameters to delta_max=0.1000 bound.
2026-08-12 04:01:31 | sleep.weights.plasticity       | INFO  | Hard-clipped 7 w_cons parameters to delta_max=0.1000 bound.
2026-08-12 04:01:31 | sleep.weights.plasticity       | INFO  | Hard-clipped 7 w_cons parameters to delta_max=0.1000 bound.
2026-08-12 04:01:31 | sleep.weights.plasticity       | INFO  | Hard-clipped 7 w_cons parameters to delta_max=0.1000 bound.
2026-08-12 04:01:31 | sleep.weights.plasticity       | INFO  | Hard-clipped 7 w_cons parameters to delta_max=0.1000 bound.
2026-08-12 04:01:31 | sleep.weights.plasticity       | INFO  | Hard-clipped 7 w_cons parameters to delta_max=0.1000 bound.
2026-08-12 04:01:31 | sleep.weights.plasticity       | INFO  | Hard-clipped 7 w_cons parameters to delta_max=0.1000 bound.
2026-08-12 04:01:32 | sleep.weights.plasticity       | INFO  | Hard-clipped 7 w_cons parameters to delta_max=0.1000 bound.
2026-08-12 04:01:32 | sleep.weights.plasticity       | INFO  | Hard-clipped 7 w_cons parameters to delta_max=0.1000 bound.
2026-08-12 04:01:32 | sleep.weights.plasticity       | INFO  | Hard-clipped 7 w_cons parameters to delta_max=0.1000 bound.
2026-08-12 04:01:32 | sleep.weights.plasticity       | INFO  | Hard-clipped 7 w_cons parameters to delta_max=0.1000 bound.
2026-08-12 04:01:32 | sleep.weights.plasticity       | INFO  | Hard-clipped 7 w_cons parameters to delta_max=0.1000 bound.
2026-08-12 04:01:32 | sleep.weights.plasticity       | INFO  | Hard-clipped 7 w_cons parameters to delta_max=0.1000 bound.
2026-08-12 04:01:32 | sleep.weights.plasticity       | INFO  | Hard-clipped 7 w_cons parameters to delta_max=0.1000 bound.
2026-08-12 04:01:33 | sleep.weights.plasticity       | INFO  | Hard-clipped 7 w_cons parameters to delta_max=0.1000 bound.
2026-08-12 04:01:33 | sleep.weights.plasticity       | INFO  | Hard-clipped 7 w_cons parameters to delta_max=0.1000 bound.
2026-08-12 04:01:33 | sleep.weights.plasticity       | INFO  | Hard-clipped 7 w_cons parameters to delta_max=0.1000 bound.
2026-08-12 04:01:33 | sleep.weights.plasticity       | INFO  | Hard-clipped 7 w_cons parameters to delta_max=0.1000 bound.
2026-08-12 04:01:33 | sleep.weights.plasticity       | INFO  | Hard-clipped 7 w_cons parameters to delta_max=0.1000 bound.
2026-08-12 04:01:33 | sleep.weights.plasticity       | INFO  | Hard-clipped 7 w_cons parameters to delta_max=0.1000 bound.
2026-08-12 04:01:33 | sleep.weights.plasticity       | INFO  | Hard-clipped 7 w_cons parameters to delta_max=0.1000 bound.
2026-08-12 04:01:34 | sleep.weights.plasticity       | INFO  | Hard-clipped 7 w_cons parameters to delta_max=0.1000 bound.
2026-08-12 04:01:34 | sleep.weights.plasticity       | INFO  | Hard-clipped 7 w_cons parameters to delta_max=0.1000 bound.
2026-08-12 04:01:34 | sleep.weights.plasticity       | INFO  | Hard-clipped 8 w_cons parameters to delta_max=0.1000 bound.
2026-08-12 04:01:34 | sleep.weights.plasticity       | INFO  | Hard-clipped 8 w_cons parameters to delta_max=0.1000 bound.
2026-08-12 04:01:34 | sleep.weights.plasticity       | INFO  | Hard-clipped 8 w_cons parameters to delta_max=0.1000 bound.
2026-08-12 04:01:34 | sleep.weights.plasticity       | INFO  | Hard-clipped 8 w_cons parameters to delta_max=0.1000 bound.
2026-08-12 04:01:34 | sleep.weights.plasticity       | INFO  | Hard-clipped 8 w_cons parameters to delta_max=0.1000 bound.
2026-08-12 04:01:35 | sleep.weights.plasticity       | INFO  | Hard-clipped 8 w_cons parameters to delta_max=0.1000 bound.
2026-08-12 04:01:35 | sleep.weights.plasticity       | INFO  | Hard-clipped 8 w_cons parameters to delta_max=0.1000 bound.
2026-08-12 04:01:35 | sleep.weights.plasticity       | INFO  | Hard-clipped 8 w_cons parameters to delta_max=0.1000 bound.
2026-08-12 04:01:35 | sleep.weights.plasticity       | INFO  | Hard-clipped 8 w_cons parameters to delta_max=0.1000 bound.
2026-08-12 04:01:35 | sleep.weights.plasticity       | INFO  | Hard-clipped 8 w_cons parameters to delta_max=0.1000 bound.
2026-08-12 04:01:35 | sleep.weights.plasticity       | INFO  | Hard-clipped 8 w_cons parameters to delta_max=0.1000 bound.
2026-08-12 04:01:35 | sleep.weights.plasticity       | INFO  | Hard-clipped 8 w_cons parameters to delta_max=0.1000 bound.
2026-08-12 04:01:36 | sleep.weights.plasticity       | INFO  | Hard-clipped 8 w_cons parameters to delta_max=0.1000 bound.
2026-08-12 04:01:36 | sleep.weights.plasticity       | INFO  | Hard-clipped 8 w_cons parameters to delta_max=0.1000 bound.
2026-08-12 04:01:36 | sleep.weights.plasticity       | INFO  | Hard-clipped 8 w_cons parameters to delta_max=0.1000 bound.
2026-08-12 04:01:36 | sleep.weights.plasticity       | INFO  | Hard-clipped 8 w_cons parameters to delta_max=0.1000 bound.
2026-08-12 04:01:36 | sleep.weights.plasticity       | INFO  | Hard-clipped 8 w_cons parameters to delta_max=0.1000 bound.
2026-08-12 04:01:36 | sleep.sleep_engine.train       | INFO  |   distill step 320/400 | loss=0.5910 (kl=0.4004 ce=0.3811) | lr=1.17e-05
2026-08-12 04:01:36 | sleep.weights.plasticity       | INFO  | Hard-clipped 8 w_cons parameters to delta_max=0.1000 bound.
2026-08-12 04:01:36 | sleep.weights.plasticity       | INFO  | Hard-clipped 8 w_cons parameters to delta_max=0.1000 bound.
2026-08-12 04:01:37 | sleep.weights.plasticity       | INFO  | Hard-clipped 8 w_cons parameters to delta_max=0.1000 bound.
2026-08-12 04:01:37 | sleep.weights.plasticity       | INFO  | Hard-clipped 8 w_cons parameters to delta_max=0.1000 bound.
2026-08-12 04:01:37 | sleep.weights.plasticity       | INFO  | Hard-clipped 8 w_cons parameters to delta_max=0.1000 bound.
2026-08-12 04:01:37 | sleep.weights.plasticity       | INFO  | Hard-clipped 8 w_cons parameters to delta_max=0.1000 bound.
2026-08-12 04:01:37 | sleep.weights.plasticity       | INFO  | Hard-clipped 8 w_cons parameters to delta_max=0.1000 bound.
2026-08-12 04:01:37 | sleep.weights.plasticity       | INFO  | Hard-clipped 8 w_cons parameters to delta_max=0.1000 bound.
2026-08-12 04:01:38 | sleep.weights.plasticity       | INFO  | Hard-clipped 8 w_cons parameters to delta_max=0.1000 bound.
2026-08-12 04:01:38 | sleep.weights.plasticity       | INFO  | Hard-clipped 8 w_cons parameters to delta_max=0.1000 bound.
2026-08-12 04:01:38 | sleep.weights.plasticity       | INFO  | Hard-clipped 8 w_cons parameters to delta_max=0.1000 bound.
2026-08-12 04:01:38 | sleep.weights.plasticity       | INFO  | Hard-clipped 8 w_cons parameters to delta_max=0.1000 bound.
2026-08-12 04:01:38 | sleep.weights.plasticity       | INFO  | Hard-clipped 8 w_cons parameters to delta_max=0.1000 bound.
2026-08-12 04:01:38 | sleep.weights.plasticity       | INFO  | Hard-clipped 8 w_cons parameters to delta_max=0.1000 bound.
2026-08-12 04:01:38 | sleep.weights.plasticity       | INFO  | Hard-clipped 8 w_cons parameters to delta_max=0.1000 bound.
2026-08-12 04:01:39 | sleep.weights.plasticity       | INFO  | Hard-clipped 8 w_cons parameters to delta_max=0.1000 bound.
2026-08-12 04:01:39 | sleep.weights.plasticity       | INFO  | Hard-clipped 8 w_cons parameters to delta_max=0.1000 bound.
2026-08-12 04:01:39 | sleep.weights.plasticity       | INFO  | Hard-clipped 8 w_cons parameters to delta_max=0.1000 bound.
2026-08-12 04:01:39 | sleep.weights.plasticity       | INFO  | Hard-clipped 8 w_cons parameters to delta_max=0.1000 bound.
2026-08-12 04:01:39 | sleep.weights.plasticity       | INFO  | Hard-clipped 8 w_cons parameters to delta_max=0.1000 bound.
2026-08-12 04:01:39 | sleep.weights.plasticity       | INFO  | Hard-clipped 8 w_cons parameters to delta_max=0.1000 bound.
2026-08-12 04:01:39 | sleep.weights.plasticity       | INFO  | Hard-clipped 8 w_cons parameters to delta_max=0.1000 bound.
2026-08-12 04:01:40 | sleep.weights.plasticity       | INFO  | Hard-clipped 8 w_cons parameters to delta_max=0.1000 bound.
2026-08-12 04:01:40 | sleep.weights.plasticity       | INFO  | Hard-clipped 8 w_cons parameters to delta_max=0.1000 bound.
2026-08-12 04:01:40 | sleep.weights.plasticity       | INFO  | Hard-clipped 8 w_cons parameters to delta_max=0.1000 bound.
2026-08-12 04:01:40 | sleep.weights.plasticity       | INFO  | Hard-clipped 8 w_cons parameters to delta_max=0.1000 bound.
2026-08-12 04:01:40 | sleep.weights.plasticity       | INFO  | Hard-clipped 8 w_cons parameters to delta_max=0.1000 bound.
2026-08-12 04:01:40 | sleep.weights.plasticity       | INFO  | Hard-clipped 8 w_cons parameters to delta_max=0.1000 bound.
2026-08-12 04:01:40 | sleep.weights.plasticity       | INFO  | Hard-clipped 8 w_cons parameters to delta_max=0.1000 bound.
2026-08-12 04:01:41 | sleep.weights.plasticity       | INFO  | Hard-clipped 8 w_cons parameters to delta_max=0.1000 bound.
2026-08-12 04:01:41 | sleep.weights.plasticity       | INFO  | Hard-clipped 8 w_cons parameters to delta_max=0.1000 bound.
2026-08-12 04:01:41 | sleep.weights.plasticity       | INFO  | Hard-clipped 8 w_cons parameters to delta_max=0.1000 bound.
2026-08-12 04:01:41 | sleep.weights.plasticity       | INFO  | Hard-clipped 8 w_cons parameters to delta_max=0.1000 bound.
2026-08-12 04:01:41 | sleep.weights.plasticity       | INFO  | Hard-clipped 8 w_cons parameters to delta_max=0.1000 bound.
2026-08-12 04:01:41 | sleep.weights.plasticity       | INFO  | Hard-clipped 8 w_cons parameters to delta_max=0.1000 bound.
2026-08-12 04:01:41 | sleep.weights.plasticity       | INFO  | Hard-clipped 8 w_cons parameters to delta_max=0.1000 bound.
2026-08-12 04:01:42 | sleep.weights.plasticity       | INFO  | Hard-clipped 8 w_cons parameters to delta_max=0.1000 bound.
2026-08-12 04:01:42 | sleep.weights.plasticity       | INFO  | Hard-clipped 8 w_cons parameters to delta_max=0.1000 bound.
2026-08-12 04:01:42 | sleep.weights.plasticity       | INFO  | Hard-clipped 8 w_cons parameters to delta_max=0.1000 bound.
2026-08-12 04:01:42 | sleep.weights.plasticity       | INFO  | Hard-clipped 8 w_cons parameters to delta_max=0.1000 bound.
2026-08-12 04:01:42 | sleep.sleep_engine.train       | INFO  |   distill step 360/400 | loss=0.4134 (kl=0.2837 ce=0.2593) | lr=3.02e-06
2026-08-12 04:01:42 | sleep.weights.plasticity       | INFO  | Hard-clipped 8 w_cons parameters to delta_max=0.1000 bound.
2026-08-12 04:01:42 | sleep.weights.plasticity       | INFO  | Hard-clipped 8 w_cons parameters to delta_max=0.1000 bound.
2026-08-12 04:01:42 | sleep.weights.plasticity       | INFO  | Hard-clipped 8 w_cons parameters to delta_max=0.1000 bound.
2026-08-12 04:01:43 | sleep.weights.plasticity       | INFO  | Hard-clipped 8 w_cons parameters to delta_max=0.1000 bound.
2026-08-12 04:01:43 | sleep.weights.plasticity       | INFO  | Hard-clipped 8 w_cons parameters to delta_max=0.1000 bound.
2026-08-12 04:01:43 | sleep.weights.plasticity       | INFO  | Hard-clipped 8 w_cons parameters to delta_max=0.1000 bound.
2026-08-12 04:01:43 | sleep.weights.plasticity       | INFO  | Hard-clipped 8 w_cons parameters to delta_max=0.1000 bound.
2026-08-12 04:01:43 | sleep.weights.plasticity       | INFO  | Hard-clipped 8 w_cons parameters to delta_max=0.1000 bound.
2026-08-12 04:01:43 | sleep.weights.plasticity       | INFO  | Hard-clipped 8 w_cons parameters to delta_max=0.1000 bound.
2026-08-12 04:01:43 | sleep.weights.plasticity       | INFO  | Hard-clipped 8 w_cons parameters to delta_max=0.1000 bound.
2026-08-12 04:01:44 | sleep.weights.plasticity       | INFO  | Hard-clipped 8 w_cons parameters to delta_max=0.1000 bound.
2026-08-12 04:01:44 | sleep.weights.plasticity       | INFO  | Hard-clipped 8 w_cons parameters to delta_max=0.1000 bound.
2026-08-12 04:01:44 | sleep.weights.plasticity       | INFO  | Hard-clipped 8 w_cons parameters to delta_max=0.1000 bound.
2026-08-12 04:01:44 | sleep.weights.plasticity       | INFO  | Hard-clipped 8 w_cons parameters to delta_max=0.1000 bound.
2026-08-12 04:01:44 | sleep.weights.plasticity       | INFO  | Hard-clipped 8 w_cons parameters to delta_max=0.1000 bound.
2026-08-12 04:01:44 | sleep.weights.plasticity       | INFO  | Hard-clipped 8 w_cons parameters to delta_max=0.1000 bound.
2026-08-12 04:01:44 | sleep.weights.plasticity       | INFO  | Hard-clipped 8 w_cons parameters to delta_max=0.1000 bound.
2026-08-12 04:01:45 | sleep.weights.plasticity       | INFO  | Hard-clipped 8 w_cons parameters to delta_max=0.1000 bound.
2026-08-12 04:01:45 | sleep.weights.plasticity       | INFO  | Hard-clipped 8 w_cons parameters to delta_max=0.1000 bound.
2026-08-12 04:01:45 | sleep.weights.plasticity       | INFO  | Hard-clipped 8 w_cons parameters to delta_max=0.1000 bound.
2026-08-12 04:01:45 | sleep.weights.plasticity       | INFO  | Hard-clipped 8 w_cons parameters to delta_max=0.1000 bound.
2026-08-12 04:01:45 | sleep.weights.plasticity       | INFO  | Hard-clipped 8 w_cons parameters to delta_max=0.1000 bound.
2026-08-12 04:01:45 | sleep.weights.plasticity       | INFO  | Hard-clipped 8 w_cons parameters to delta_max=0.1000 bound.
2026-08-12 04:01:45 | sleep.weights.plasticity       | INFO  | Hard-clipped 8 w_cons parameters to delta_max=0.1000 bound.
2026-08-12 04:01:46 | sleep.weights.plasticity       | INFO  | Hard-clipped 8 w_cons parameters to delta_max=0.1000 bound.
2026-08-12 04:01:46 | sleep.weights.plasticity       | INFO  | Hard-clipped 8 w_cons parameters to delta_max=0.1000 bound.
2026-08-12 04:01:46 | sleep.weights.plasticity       | INFO  | Hard-clipped 8 w_cons parameters to delta_max=0.1000 bound.
2026-08-12 04:01:46 | sleep.weights.plasticity       | INFO  | Hard-clipped 8 w_cons parameters to delta_max=0.1000 bound.
2026-08-12 04:01:46 | sleep.weights.plasticity       | INFO  | Hard-clipped 8 w_cons parameters to delta_max=0.1000 bound.
2026-08-12 04:01:46 | sleep.weights.plasticity       | INFO  | Hard-clipped 8 w_cons parameters to delta_max=0.1000 bound.
2026-08-12 04:01:46 | sleep.weights.plasticity       | INFO  | Hard-clipped 8 w_cons parameters to delta_max=0.1000 bound.
2026-08-12 04:01:47 | sleep.weights.plasticity       | INFO  | Hard-clipped 8 w_cons parameters to delta_max=0.1000 bound.
2026-08-12 04:01:47 | sleep.weights.plasticity       | INFO  | Hard-clipped 8 w_cons parameters to delta_max=0.1000 bound.
2026-08-12 04:01:47 | sleep.weights.plasticity       | INFO  | Hard-clipped 8 w_cons parameters to delta_max=0.1000 bound.
2026-08-12 04:01:47 | sleep.weights.plasticity       | INFO  | Hard-clipped 8 w_cons parameters to delta_max=0.1000 bound.
2026-08-12 04:01:47 | sleep.weights.plasticity       | INFO  | Hard-clipped 8 w_cons parameters to delta_max=0.1000 bound.
2026-08-12 04:01:47 | sleep.weights.plasticity       | INFO  | Hard-clipped 8 w_cons parameters to delta_max=0.1000 bound.
2026-08-12 04:01:47 | sleep.weights.plasticity       | INFO  | Hard-clipped 8 w_cons parameters to delta_max=0.1000 bound.
2026-08-12 04:01:48 | sleep.weights.plasticity       | INFO  | Hard-clipped 8 w_cons parameters to delta_max=0.1000 bound.
2026-08-12 04:01:48 | sleep.weights.plasticity       | INFO  | Hard-clipped 6 w_cons parameters to delta_max=0.1000 bound.
2026-08-12 04:01:48 | sleep.sleep_engine.train       | INFO  |   distill step 400/400 | loss=0.5476 (kl=0.3316 ce=0.4318) | lr=0.00e+00
2026-08-12 04:01:48 | sleep.sleep_engine.train       | INFO  | Sleep distill-training complete | n_steps=400 | final_loss=0.5476 | mean_loss=0.8564
2026-08-12 04:01:48 | sleep.sleep_engine             | INFO  | Phase 3 complete: 400 steps, final_loss=0.5476, mean_loss=0.8564
2026-08-12 04:01:48 | sleep.sleep_engine             | INFO  | Phase 4/5: PPL CHECK (skipped — no benchmark data)
2026-08-12 04:01:48 | sleep.sleep_engine             | INFO  | Phase 5/5: VALIDATE & CLEANUP
2026-08-12 04:01:48 | sleep.weights.plasticity       | INFO  | Saved checkpoint for adapter 'w_cons': 44 parameters.
2026-08-12 04:01:48 | sleep.weights.plasticity       | INFO  | Restored 44 parameters for adapter 'w_cons' from checkpoint.
2026-08-12 04:01:48 | sleep.weights.plasticity       | INFO  | Restored 44 parameters for adapter 'w_cons' from checkpoint.
2026-08-12 04:01:54 | sleep.sleep_engine             | INFO  | Two-stage validation: 4/10 passed surprise, 4 also passed the mini-recall gate (self-grading gap = 0)
2026-08-12 04:01:54 | sleep.sleep_engine.cleanup     | INFO  | Cleanup complete | passed=4 | failed=6 | permanently_removed=0
2026-08-12 04:01:54 | sleep.sleep_engine             | INFO  | Phase 5 complete: consolidated=4, failed=6, permanently_removed=0
2026-08-12 04:01:54 | sleep.metrics                  | INFO  | summary | {'sleep_engine/n_candidates': 10, 'sleep_engine/n_replays_generated': 91, 'sleep_engine/n_replays_accepted': 91, 'sleep_engine/n_consolidated': 4, 'sleep_engine/n_failed': 6, 'sleep_engine/n_permanently_removed': 0, 'sleep_engine/rolled_back': False}
2026-08-12 04:01:54 | sleep.weights.kv_memory        | INFO  | bank cleared: freed 10 tags / 491 tokens
2026-08-12 04:01:54 | sleep.sleep_engine             | INFO  | KV bank cleared (10 entries removed)
2026-08-12 04:01:54 | sleep.sleep_engine             | INFO  | KV memory injection: ENABLED
2026-08-12 04:01:54 | sleep.sleep_engine             | INFO  | === Sleep cycle END ===
2026-08-12 04:03:03 | sleep.evaluation.recall        | INFO  | Recall evaluation: DRA=0.1333 across 40 cases
2026-08-12 04:03:39 | sleep.evaluation.recall        | INFO  | Recall evaluation: DRA=0.2167 across 20 cases
2026-08-12 04:03:39 | sleep.evaluation.preservation  | INFO  | Perplexity evaluation: PPL=5.7013 (mean_loss=1.7407, 62 tokens)
2026-08-12 04:03:39 | sleep.evaluation.preservation  | INFO  | BCP: 1.3062 (current_ppl=5.7013, original_ppl=4.3646)
2026-08-12 04:03:39 | sleep.experiment.08            | INFO  | [sleep Cycle 2 EVAL] DRA cumulative=0.133 (7/40 hits); DRA current=0.217 (5/20 hits); BCP=1.3062
2026-08-12 04:03:39 | sleep.experiment.08            | INFO  | ======================================================================
2026-08-12 04:03:39 | sleep.experiment.08            | INFO  | [SLEEP Cycle 3] Wake phase: 20 facts
2026-08-12 04:03:39 | sleep.experiment.08            | INFO  | ======================================================================
2026-08-12 04:03:39 | sleep.tagging                  | INFO  | step=41 | 2 tags created from 2 spans | buffer: 30/36208 (0.1%)
2026-08-12 04:03:39 | sleep.tagging                  | INFO  | step=42 | 1 tags created from 1 spans | buffer: 31/36208 (0.1%)
2026-08-12 04:03:39 | sleep.tagging                  | INFO  | step=44 | 1 tags created from 1 spans | buffer: 32/36208 (0.1%)
2026-08-12 04:03:39 | sleep.tagging                  | INFO  | step=46 | 1 tags created from 1 spans | buffer: 33/36208 (0.1%)
2026-08-12 04:03:39 | sleep.tagging                  | INFO  | step=47 | 1 tags created from 1 spans | buffer: 34/36208 (0.1%)
2026-08-12 04:03:40 | sleep.tagging                  | INFO  | step=48 | 1 tags created from 1 spans | buffer: 35/36208 (0.1%)
2026-08-12 04:03:40 | sleep.tagging                  | INFO  | step=51 | 2 tags created from 2 spans | buffer: 37/36208 (0.1%)
2026-08-12 04:03:40 | sleep.tagging                  | INFO  | step=52 | 2 tags created from 2 spans | buffer: 39/36208 (0.1%)
2026-08-12 04:03:40 | sleep.tagging                  | INFO  | step=54 | 1 tags created from 1 spans | buffer: 40/36208 (0.1%)
2026-08-12 04:03:40 | sleep.tagging                  | INFO  | step=56 | 1 tags created from 1 spans | buffer: 41/36208 (0.1%)
2026-08-12 04:03:40 | sleep.tagging                  | INFO  | step=57 | 1 tags created from 1 spans | buffer: 42/36208 (0.1%)
2026-08-12 04:03:40 | sleep.tagging                  | INFO  | step=58 | 1 tags created from 1 spans | buffer: 43/36208 (0.1%)
2026-08-12 04:03:40 | sleep.experiment.08            | INFO  | [Cycle 3] Wake summary: 20 facts -> 12 KV writes; bank: 564/20000 tokens
2026-08-12 04:03:40 | sleep.prp                      | INFO  | step=60 | PRP update: 13/3620 allocated (0%) | +9 -0 | threshold=0.277 | mean_score=0.246
2026-08-12 04:03:40 | sleep.experiment.08            | INFO  | [Cycle 3] PRP: 13 allocated, 13 consolidation candidates
2026-08-12 04:03:40 | sleep.sleep_engine             | INFO  | === Sleep cycle START | 13 candidates ===
2026-08-12 04:03:40 | sleep.sleep_engine             | INFO  | Phase 1/5: GENERATE (strategy=paraphrase)
2026-08-12 04:03:40 | sleep.sleep_engine             | INFO  | KV memory injection: DISABLED
2026-08-12 04:03:40 | sleep.sleep_engine             | INFO  | Phase 1 (paraphrase strategy): 160 wordings from 7 unique sources (13 candidates)
2026-08-12 04:03:40 | sleep.sleep_engine             | INFO  | Phase 1 complete: 160/13 replays generated
2026-08-12 04:03:40 | sleep.sleep_engine             | INFO  | Phase 2/5: QUALITY CHECK
2026-08-12 04:03:40 | sleep.sleep_engine             | INFO  | Phase 2 complete: 160/160 replays accepted
2026-08-12 04:03:40 | sleep.sleep_engine             | INFO  | Phase 3/5: TRAIN (160 accepted replays)
2026-08-12 04:03:40 | sleep.sleep_engine             | INFO  | KV memory injection: DISABLED
2026-08-12 04:03:41 | sleep.weights.plasticity       | INFO  | Saved checkpoint for adapter 'w_cons': 44 parameters.
2026-08-12 04:03:41 | sleep.weights.plasticity       | INFO  | Saved checkpoint for adapter 'w_cons': 44 parameters.
2026-08-12 04:03:41 | sleep.sleep_engine.train       | INFO  | Sleep distill-training: 7 facts | 400 steps | lr=1.00e-04 | T=2
2026-08-12 04:03:41 | sleep.sleep_engine.train       | INFO  |   distill step 1/400 | loss=4.8476 (kl=2.6854 ce=4.3246) | lr=2.50e-06
2026-08-12 04:03:47 | sleep.sleep_engine.train       | INFO  |   distill step 40/400 | loss=1.3589 (kl=0.8772 ce=0.9635) | lr=1.00e-04
2026-08-12 04:03:52 | sleep.sleep_engine.train       | INFO  |   distill step 80/400 | loss=0.7079 (kl=0.4815 ce=0.4528) | lr=9.70e-05
2026-08-12 04:03:56 | sleep.weights.plasticity       | INFO  | Hard-clipped 1 w_cons parameters to delta_max=0.1000 bound.
2026-08-12 04:03:56 | sleep.weights.plasticity       | INFO  | Hard-clipped 1 w_cons parameters to delta_max=0.1000 bound.
2026-08-12 04:03:56 | sleep.weights.plasticity       | INFO  | Hard-clipped 1 w_cons parameters to delta_max=0.1000 bound.
2026-08-12 04:03:56 | sleep.weights.plasticity       | INFO  | Hard-clipped 1 w_cons parameters to delta_max=0.1000 bound.
2026-08-12 04:03:56 | sleep.weights.plasticity       | INFO  | Hard-clipped 1 w_cons parameters to delta_max=0.1000 bound.
2026-08-12 04:03:57 | sleep.weights.plasticity       | INFO  | Hard-clipped 1 w_cons parameters to delta_max=0.1000 bound.
2026-08-12 04:03:57 | sleep.weights.plasticity       | INFO  | Hard-clipped 1 w_cons parameters to delta_max=0.1000 bound.
2026-08-12 04:03:57 | sleep.weights.plasticity       | INFO  | Hard-clipped 1 w_cons parameters to delta_max=0.1000 bound.
2026-08-12 04:03:57 | sleep.weights.plasticity       | INFO  | Hard-clipped 1 w_cons parameters to delta_max=0.1000 bound.
2026-08-12 04:03:57 | sleep.weights.plasticity       | INFO  | Hard-clipped 1 w_cons parameters to delta_max=0.1000 bound.
2026-08-12 04:03:57 | sleep.weights.plasticity       | INFO  | Hard-clipped 1 w_cons parameters to delta_max=0.1000 bound.
2026-08-12 04:03:57 | sleep.weights.plasticity       | INFO  | Hard-clipped 1 w_cons parameters to delta_max=0.1000 bound.
2026-08-12 04:03:58 | sleep.weights.plasticity       | INFO  | Hard-clipped 1 w_cons parameters to delta_max=0.1000 bound.
2026-08-12 04:03:58 | sleep.weights.plasticity       | INFO  | Hard-clipped 1 w_cons parameters to delta_max=0.1000 bound.
2026-08-12 04:03:58 | sleep.weights.plasticity       | INFO  | Hard-clipped 1 w_cons parameters to delta_max=0.1000 bound.
2026-08-12 04:03:58 | sleep.weights.plasticity       | INFO  | Hard-clipped 1 w_cons parameters to delta_max=0.1000 bound.
2026-08-12 04:03:58 | sleep.weights.plasticity       | INFO  | Hard-clipped 1 w_cons parameters to delta_max=0.1000 bound.
2026-08-12 04:03:58 | sleep.sleep_engine.train       | INFO  |   distill step 120/400 | loss=1.0068 (kl=0.7199 ce=0.5739) | lr=8.83e-05
2026-08-12 04:03:58 | sleep.weights.plasticity       | INFO  | Hard-clipped 1 w_cons parameters to delta_max=0.1000 bound.
2026-08-12 04:03:58 | sleep.weights.plasticity       | INFO  | Hard-clipped 1 w_cons parameters to delta_max=0.1000 bound.
2026-08-12 04:03:59 | sleep.weights.plasticity       | INFO  | Hard-clipped 1 w_cons parameters to delta_max=0.1000 bound.
2026-08-12 04:03:59 | sleep.weights.plasticity       | INFO  | Hard-clipped 2 w_cons parameters to delta_max=0.1000 bound.
2026-08-12 04:03:59 | sleep.weights.plasticity       | INFO  | Hard-clipped 2 w_cons parameters to delta_max=0.1000 bound.
2026-08-12 04:03:59 | sleep.weights.plasticity       | INFO  | Hard-clipped 2 w_cons parameters to delta_max=0.1000 bound.
2026-08-12 04:03:59 | sleep.weights.plasticity       | INFO  | Hard-clipped 2 w_cons parameters to delta_max=0.1000 bound.
2026-08-12 04:03:59 | sleep.weights.plasticity       | INFO  | Hard-clipped 2 w_cons parameters to delta_max=0.1000 bound.
2026-08-12 04:03:59 | sleep.weights.plasticity       | INFO  | Hard-clipped 2 w_cons parameters to delta_max=0.1000 bound.
2026-08-12 04:04:00 | sleep.weights.plasticity       | INFO  | Hard-clipped 2 w_cons parameters to delta_max=0.1000 bound.
2026-08-12 04:04:00 | sleep.weights.plasticity       | INFO  | Hard-clipped 2 w_cons parameters to delta_max=0.1000 bound.
2026-08-12 04:04:00 | sleep.weights.plasticity       | INFO  | Hard-clipped 2 w_cons parameters to delta_max=0.1000 bound.
2026-08-12 04:04:00 | sleep.weights.plasticity       | INFO  | Hard-clipped 2 w_cons parameters to delta_max=0.1000 bound.
2026-08-12 04:04:00 | sleep.weights.plasticity       | INFO  | Hard-clipped 2 w_cons parameters to delta_max=0.1000 bound.
2026-08-12 04:04:00 | sleep.weights.plasticity       | INFO  | Hard-clipped 2 w_cons parameters to delta_max=0.1000 bound.
2026-08-12 04:04:00 | sleep.weights.plasticity       | INFO  | Hard-clipped 2 w_cons parameters to delta_max=0.1000 bound.
2026-08-12 04:04:01 | sleep.weights.plasticity       | INFO  | Hard-clipped 2 w_cons parameters to delta_max=0.1000 bound.
2026-08-12 04:04:01 | sleep.weights.plasticity       | INFO  | Hard-clipped 2 w_cons parameters to delta_max=0.1000 bound.
2026-08-12 04:04:01 | sleep.weights.plasticity       | INFO  | Hard-clipped 2 w_cons parameters to delta_max=0.1000 bound.
2026-08-12 04:04:01 | sleep.weights.plasticity       | INFO  | Hard-clipped 2 w_cons parameters to delta_max=0.1000 bound.
2026-08-12 04:04:01 | sleep.weights.plasticity       | INFO  | Hard-clipped 2 w_cons parameters to delta_max=0.1000 bound.
2026-08-12 04:04:01 | sleep.weights.plasticity       | INFO  | Hard-clipped 2 w_cons parameters to delta_max=0.1000 bound.
2026-08-12 04:04:01 | sleep.weights.plasticity       | INFO  | Hard-clipped 2 w_cons parameters to delta_max=0.1000 bound.
2026-08-12 04:04:02 | sleep.weights.plasticity       | INFO  | Hard-clipped 2 w_cons parameters to delta_max=0.1000 bound.
2026-08-12 04:04:02 | sleep.weights.plasticity       | INFO  | Hard-clipped 2 w_cons parameters to delta_max=0.1000 bound.
2026-08-12 04:04:02 | sleep.weights.plasticity       | INFO  | Hard-clipped 2 w_cons parameters to delta_max=0.1000 bound.
2026-08-12 04:04:02 | sleep.weights.plasticity       | INFO  | Hard-clipped 2 w_cons parameters to delta_max=0.1000 bound.
2026-08-12 04:04:02 | sleep.weights.plasticity       | INFO  | Hard-clipped 2 w_cons parameters to delta_max=0.1000 bound.
2026-08-12 04:04:02 | sleep.weights.plasticity       | INFO  | Hard-clipped 2 w_cons parameters to delta_max=0.1000 bound.
2026-08-12 04:04:03 | sleep.weights.plasticity       | INFO  | Hard-clipped 2 w_cons parameters to delta_max=0.1000 bound.
2026-08-12 04:04:03 | sleep.weights.plasticity       | INFO  | Hard-clipped 2 w_cons parameters to delta_max=0.1000 bound.
2026-08-12 04:04:03 | sleep.weights.plasticity       | INFO  | Hard-clipped 2 w_cons parameters to delta_max=0.1000 bound.
2026-08-12 04:04:03 | sleep.weights.plasticity       | INFO  | Hard-clipped 2 w_cons parameters to delta_max=0.1000 bound.
2026-08-12 04:04:03 | sleep.weights.plasticity       | INFO  | Hard-clipped 2 w_cons parameters to delta_max=0.1000 bound.
2026-08-12 04:04:03 | sleep.weights.plasticity       | INFO  | Hard-clipped 2 w_cons parameters to delta_max=0.1000 bound.
2026-08-12 04:04:03 | sleep.weights.plasticity       | INFO  | Hard-clipped 2 w_cons parameters to delta_max=0.1000 bound.
2026-08-12 04:04:04 | sleep.weights.plasticity       | INFO  | Hard-clipped 2 w_cons parameters to delta_max=0.1000 bound.
2026-08-12 04:04:04 | sleep.weights.plasticity       | INFO  | Hard-clipped 2 w_cons parameters to delta_max=0.1000 bound.
2026-08-12 04:04:04 | sleep.weights.plasticity       | INFO  | Hard-clipped 2 w_cons parameters to delta_max=0.1000 bound.
2026-08-12 04:04:04 | sleep.weights.plasticity       | INFO  | Hard-clipped 3 w_cons parameters to delta_max=0.1000 bound.
2026-08-12 04:04:04 | sleep.sleep_engine.train       | INFO  |   distill step 160/400 | loss=0.8539 (kl=0.4938 ce=0.7203) | lr=7.50e-05
2026-08-12 04:04:04 | sleep.weights.plasticity       | INFO  | Hard-clipped 3 w_cons parameters to delta_max=0.1000 bound.
2026-08-12 04:04:04 | sleep.weights.plasticity       | INFO  | Hard-clipped 4 w_cons parameters to delta_max=0.1000 bound.
2026-08-12 04:04:04 | sleep.weights.plasticity       | INFO  | Hard-clipped 4 w_cons parameters to delta_max=0.1000 bound.
2026-08-12 04:04:05 | sleep.weights.plasticity       | INFO  | Hard-clipped 4 w_cons parameters to delta_max=0.1000 bound.
2026-08-12 04:04:05 | sleep.weights.plasticity       | INFO  | Hard-clipped 4 w_cons parameters to delta_max=0.1000 bound.
2026-08-12 04:04:05 | sleep.weights.plasticity       | INFO  | Hard-clipped 4 w_cons parameters to delta_max=0.1000 bound.
2026-08-12 04:04:05 | sleep.weights.plasticity       | INFO  | Hard-clipped 4 w_cons parameters to delta_max=0.1000 bound.
2026-08-12 04:04:05 | sleep.weights.plasticity       | INFO  | Hard-clipped 4 w_cons parameters to delta_max=0.1000 bound.
2026-08-12 04:04:05 | sleep.weights.plasticity       | INFO  | Hard-clipped 4 w_cons parameters to delta_max=0.1000 bound.
2026-08-12 04:04:05 | sleep.weights.plasticity       | INFO  | Hard-clipped 4 w_cons parameters to delta_max=0.1000 bound.
2026-08-12 04:04:06 | sleep.weights.plasticity       | INFO  | Hard-clipped 4 w_cons parameters to delta_max=0.1000 bound.
2026-08-12 04:04:06 | sleep.weights.plasticity       | INFO  | Hard-clipped 4 w_cons parameters to delta_max=0.1000 bound.
2026-08-12 04:04:06 | sleep.weights.plasticity       | INFO  | Hard-clipped 4 w_cons parameters to delta_max=0.1000 bound.
2026-08-12 04:04:06 | sleep.weights.plasticity       | INFO  | Hard-clipped 4 w_cons parameters to delta_max=0.1000 bound.
2026-08-12 04:04:06 | sleep.weights.plasticity       | INFO  | Hard-clipped 4 w_cons parameters to delta_max=0.1000 bound.
2026-08-12 04:04:06 | sleep.weights.plasticity       | INFO  | Hard-clipped 4 w_cons parameters to delta_max=0.1000 bound.
2026-08-12 04:04:06 | sleep.weights.plasticity       | INFO  | Hard-clipped 4 w_cons parameters to delta_max=0.1000 bound.
2026-08-12 04:04:07 | sleep.weights.plasticity       | INFO  | Hard-clipped 4 w_cons parameters to delta_max=0.1000 bound.
2026-08-12 04:04:07 | sleep.weights.plasticity       | INFO  | Hard-clipped 4 w_cons parameters to delta_max=0.1000 bound.
2026-08-12 04:04:07 | sleep.weights.plasticity       | INFO  | Hard-clipped 4 w_cons parameters to delta_max=0.1000 bound.
2026-08-12 04:04:07 | sleep.weights.plasticity       | INFO  | Hard-clipped 4 w_cons parameters to delta_max=0.1000 bound.
2026-08-12 04:04:07 | sleep.weights.plasticity       | INFO  | Hard-clipped 4 w_cons parameters to delta_max=0.1000 bound.
2026-08-12 04:04:07 | sleep.weights.plasticity       | INFO  | Hard-clipped 4 w_cons parameters to delta_max=0.1000 bound.
2026-08-12 04:04:07 | sleep.weights.plasticity       | INFO  | Hard-clipped 4 w_cons parameters to delta_max=0.1000 bound.
2026-08-12 04:04:08 | sleep.weights.plasticity       | INFO  | Hard-clipped 4 w_cons parameters to delta_max=0.1000 bound.
2026-08-12 04:04:08 | sleep.weights.plasticity       | INFO  | Hard-clipped 4 w_cons parameters to delta_max=0.1000 bound.
2026-08-12 04:04:08 | sleep.weights.plasticity       | INFO  | Hard-clipped 4 w_cons parameters to delta_max=0.1000 bound.
2026-08-12 04:04:08 | sleep.weights.plasticity       | INFO  | Hard-clipped 4 w_cons parameters to delta_max=0.1000 bound.
2026-08-12 04:04:08 | sleep.weights.plasticity       | INFO  | Hard-clipped 4 w_cons parameters to delta_max=0.1000 bound.
2026-08-12 04:04:08 | sleep.weights.plasticity       | INFO  | Hard-clipped 4 w_cons parameters to delta_max=0.1000 bound.
2026-08-12 04:04:09 | sleep.weights.plasticity       | INFO  | Hard-clipped 4 w_cons parameters to delta_max=0.1000 bound.
2026-08-12 04:04:09 | sleep.weights.plasticity       | INFO  | Hard-clipped 4 w_cons parameters to delta_max=0.1000 bound.
2026-08-12 04:04:09 | sleep.weights.plasticity       | INFO  | Hard-clipped 4 w_cons parameters to delta_max=0.1000 bound.
2026-08-12 04:04:09 | sleep.weights.plasticity       | INFO  | Hard-clipped 4 w_cons parameters to delta_max=0.1000 bound.
2026-08-12 04:04:09 | sleep.weights.plasticity       | INFO  | Hard-clipped 4 w_cons parameters to delta_max=0.1000 bound.
2026-08-12 04:04:09 | sleep.weights.plasticity       | INFO  | Hard-clipped 4 w_cons parameters to delta_max=0.1000 bound.
2026-08-12 04:04:09 | sleep.weights.plasticity       | INFO  | Hard-clipped 4 w_cons parameters to delta_max=0.1000 bound.
2026-08-12 04:04:10 | sleep.weights.plasticity       | INFO  | Hard-clipped 4 w_cons parameters to delta_max=0.1000 bound.
2026-08-12 04:04:10 | sleep.weights.plasticity       | INFO  | Hard-clipped 4 w_cons parameters to delta_max=0.1000 bound.
2026-08-12 04:04:10 | sleep.weights.plasticity       | INFO  | Hard-clipped 4 w_cons parameters to delta_max=0.1000 bound.
2026-08-12 04:04:10 | sleep.sleep_engine.train       | INFO  |   distill step 200/400 | loss=0.4232 (kl=0.2905 ce=0.2652) | lr=5.87e-05
2026-08-12 04:04:10 | sleep.weights.plasticity       | INFO  | Hard-clipped 4 w_cons parameters to delta_max=0.1000 bound.
2026-08-12 04:04:10 | sleep.weights.plasticity       | INFO  | Hard-clipped 4 w_cons parameters to delta_max=0.1000 bound.
2026-08-12 04:04:10 | sleep.weights.plasticity       | INFO  | Hard-clipped 4 w_cons parameters to delta_max=0.1000 bound.
2026-08-12 04:04:10 | sleep.weights.plasticity       | INFO  | Hard-clipped 4 w_cons parameters to delta_max=0.1000 bound.
2026-08-12 04:04:11 | sleep.weights.plasticity       | INFO  | Hard-clipped 4 w_cons parameters to delta_max=0.1000 bound.
2026-08-12 04:04:11 | sleep.weights.plasticity       | INFO  | Hard-clipped 4 w_cons parameters to delta_max=0.1000 bound.
2026-08-12 04:04:11 | sleep.weights.plasticity       | INFO  | Hard-clipped 4 w_cons parameters to delta_max=0.1000 bound.
2026-08-12 04:04:11 | sleep.weights.plasticity       | INFO  | Hard-clipped 4 w_cons parameters to delta_max=0.1000 bound.
2026-08-12 04:04:11 | sleep.weights.plasticity       | INFO  | Hard-clipped 4 w_cons parameters to delta_max=0.1000 bound.
2026-08-12 04:04:11 | sleep.weights.plasticity       | INFO  | Hard-clipped 4 w_cons parameters to delta_max=0.1000 bound.
2026-08-12 04:04:11 | sleep.weights.plasticity       | INFO  | Hard-clipped 5 w_cons parameters to delta_max=0.1000 bound.
2026-08-12 04:04:12 | sleep.weights.plasticity       | INFO  | Hard-clipped 5 w_cons parameters to delta_max=0.1000 bound.
2026-08-12 04:04:12 | sleep.weights.plasticity       | INFO  | Hard-clipped 5 w_cons parameters to delta_max=0.1000 bound.
2026-08-12 04:04:12 | sleep.weights.plasticity       | INFO  | Hard-clipped 5 w_cons parameters to delta_max=0.1000 bound.
2026-08-12 04:04:12 | sleep.weights.plasticity       | INFO  | Hard-clipped 5 w_cons parameters to delta_max=0.1000 bound.
2026-08-12 04:04:12 | sleep.weights.plasticity       | INFO  | Hard-clipped 5 w_cons parameters to delta_max=0.1000 bound.
2026-08-12 04:04:12 | sleep.weights.plasticity       | INFO  | Hard-clipped 5 w_cons parameters to delta_max=0.1000 bound.
2026-08-12 04:04:12 | sleep.weights.plasticity       | INFO  | Hard-clipped 5 w_cons parameters to delta_max=0.1000 bound.
2026-08-12 04:04:13 | sleep.weights.plasticity       | INFO  | Hard-clipped 5 w_cons parameters to delta_max=0.1000 bound.
2026-08-12 04:04:13 | sleep.weights.plasticity       | INFO  | Hard-clipped 5 w_cons parameters to delta_max=0.1000 bound.
2026-08-12 04:04:13 | sleep.weights.plasticity       | INFO  | Hard-clipped 5 w_cons parameters to delta_max=0.1000 bound.
2026-08-12 04:04:13 | sleep.weights.plasticity       | INFO  | Hard-clipped 6 w_cons parameters to delta_max=0.1000 bound.
2026-08-12 04:04:13 | sleep.weights.plasticity       | INFO  | Hard-clipped 6 w_cons parameters to delta_max=0.1000 bound.
2026-08-12 04:04:13 | sleep.weights.plasticity       | INFO  | Hard-clipped 6 w_cons parameters to delta_max=0.1000 bound.
2026-08-12 04:04:13 | sleep.weights.plasticity       | INFO  | Hard-clipped 6 w_cons parameters to delta_max=0.1000 bound.
2026-08-12 04:04:14 | sleep.weights.plasticity       | INFO  | Hard-clipped 6 w_cons parameters to delta_max=0.1000 bound.
2026-08-12 04:04:14 | sleep.weights.plasticity       | INFO  | Hard-clipped 6 w_cons parameters to delta_max=0.1000 bound.
2026-08-12 04:04:14 | sleep.weights.plasticity       | INFO  | Hard-clipped 6 w_cons parameters to delta_max=0.1000 bound.
2026-08-12 04:04:14 | sleep.weights.plasticity       | INFO  | Hard-clipped 6 w_cons parameters to delta_max=0.1000 bound.
2026-08-12 04:04:14 | sleep.weights.plasticity       | INFO  | Hard-clipped 6 w_cons parameters to delta_max=0.1000 bound.
2026-08-12 04:04:14 | sleep.weights.plasticity       | INFO  | Hard-clipped 6 w_cons parameters to delta_max=0.1000 bound.
2026-08-12 04:04:14 | sleep.weights.plasticity       | INFO  | Hard-clipped 6 w_cons parameters to delta_max=0.1000 bound.
2026-08-12 04:04:15 | sleep.weights.plasticity       | INFO  | Hard-clipped 6 w_cons parameters to delta_max=0.1000 bound.
2026-08-12 04:04:15 | sleep.weights.plasticity       | INFO  | Hard-clipped 6 w_cons parameters to delta_max=0.1000 bound.
2026-08-12 04:04:15 | sleep.weights.plasticity       | INFO  | Hard-clipped 6 w_cons parameters to delta_max=0.1000 bound.
2026-08-12 04:04:15 | sleep.weights.plasticity       | INFO  | Hard-clipped 6 w_cons parameters to delta_max=0.1000 bound.
2026-08-12 04:04:15 | sleep.weights.plasticity       | INFO  | Hard-clipped 6 w_cons parameters to delta_max=0.1000 bound.
2026-08-12 04:04:15 | sleep.weights.plasticity       | INFO  | Hard-clipped 6 w_cons parameters to delta_max=0.1000 bound.
2026-08-12 04:04:16 | sleep.weights.plasticity       | INFO  | Hard-clipped 6 w_cons parameters to delta_max=0.1000 bound.
2026-08-12 04:04:16 | sleep.weights.plasticity       | INFO  | Hard-clipped 6 w_cons parameters to delta_max=0.1000 bound.
2026-08-12 04:04:16 | sleep.sleep_engine.train       | INFO  |   distill step 240/400 | loss=0.5942 (kl=0.4175 ce=0.3535) | lr=4.13e-05
2026-08-12 04:04:16 | sleep.weights.plasticity       | INFO  | Hard-clipped 6 w_cons parameters to delta_max=0.1000 bound.
2026-08-12 04:04:16 | sleep.weights.plasticity       | INFO  | Hard-clipped 6 w_cons parameters to delta_max=0.1000 bound.
2026-08-12 04:04:16 | sleep.weights.plasticity       | INFO  | Hard-clipped 6 w_cons parameters to delta_max=0.1000 bound.
2026-08-12 04:04:16 | sleep.weights.plasticity       | INFO  | Hard-clipped 6 w_cons parameters to delta_max=0.1000 bound.
2026-08-12 04:04:16 | sleep.weights.plasticity       | INFO  | Hard-clipped 6 w_cons parameters to delta_max=0.1000 bound.
2026-08-12 04:04:17 | sleep.weights.plasticity       | INFO  | Hard-clipped 6 w_cons parameters to delta_max=0.1000 bound.
2026-08-12 04:04:17 | sleep.weights.plasticity       | INFO  | Hard-clipped 6 w_cons parameters to delta_max=0.1000 bound.
2026-08-12 04:04:17 | sleep.weights.plasticity       | INFO  | Hard-clipped 6 w_cons parameters to delta_max=0.1000 bound.
2026-08-12 04:04:17 | sleep.weights.plasticity       | INFO  | Hard-clipped 6 w_cons parameters to delta_max=0.1000 bound.
2026-08-12 04:04:17 | sleep.weights.plasticity       | INFO  | Hard-clipped 6 w_cons parameters to delta_max=0.1000 bound.
2026-08-12 04:04:17 | sleep.weights.plasticity       | INFO  | Hard-clipped 6 w_cons parameters to delta_max=0.1000 bound.
2026-08-12 04:04:17 | sleep.weights.plasticity       | INFO  | Hard-clipped 6 w_cons parameters to delta_max=0.1000 bound.
2026-08-12 04:04:18 | sleep.weights.plasticity       | INFO  | Hard-clipped 6 w_cons parameters to delta_max=0.1000 bound.
2026-08-12 04:04:18 | sleep.weights.plasticity       | INFO  | Hard-clipped 6 w_cons parameters to delta_max=0.1000 bound.
2026-08-12 04:04:18 | sleep.weights.plasticity       | INFO  | Hard-clipped 6 w_cons parameters to delta_max=0.1000 bound.
2026-08-12 04:04:18 | sleep.weights.plasticity       | INFO  | Hard-clipped 6 w_cons parameters to delta_max=0.1000 bound.
2026-08-12 04:04:18 | sleep.weights.plasticity       | INFO  | Hard-clipped 6 w_cons parameters to delta_max=0.1000 bound.
2026-08-12 04:04:18 | sleep.weights.plasticity       | INFO  | Hard-clipped 6 w_cons parameters to delta_max=0.1000 bound.
2026-08-12 04:04:18 | sleep.weights.plasticity       | INFO  | Hard-clipped 6 w_cons parameters to delta_max=0.1000 bound.
2026-08-12 04:04:19 | sleep.weights.plasticity       | INFO  | Hard-clipped 6 w_cons parameters to delta_max=0.1000 bound.
2026-08-12 04:04:19 | sleep.weights.plasticity       | INFO  | Hard-clipped 6 w_cons parameters to delta_max=0.1000 bound.
2026-08-12 04:04:19 | sleep.weights.plasticity       | INFO  | Hard-clipped 6 w_cons parameters to delta_max=0.1000 bound.
2026-08-12 04:04:19 | sleep.weights.plasticity       | INFO  | Hard-clipped 6 w_cons parameters to delta_max=0.1000 bound.
2026-08-12 04:04:19 | sleep.weights.plasticity       | INFO  | Hard-clipped 6 w_cons parameters to delta_max=0.1000 bound.
2026-08-12 04:04:19 | sleep.weights.plasticity       | INFO  | Hard-clipped 6 w_cons parameters to delta_max=0.1000 bound.
2026-08-12 04:04:19 | sleep.weights.plasticity       | INFO  | Hard-clipped 6 w_cons parameters to delta_max=0.1000 bound.
2026-08-12 04:04:20 | sleep.weights.plasticity       | INFO  | Hard-clipped 6 w_cons parameters to delta_max=0.1000 bound.
2026-08-12 04:04:20 | sleep.weights.plasticity       | INFO  | Hard-clipped 6 w_cons parameters to delta_max=0.1000 bound.
2026-08-12 04:04:20 | sleep.weights.plasticity       | INFO  | Hard-clipped 6 w_cons parameters to delta_max=0.1000 bound.
2026-08-12 04:04:20 | sleep.weights.plasticity       | INFO  | Hard-clipped 6 w_cons parameters to delta_max=0.1000 bound.
2026-08-12 04:04:20 | sleep.weights.plasticity       | INFO  | Hard-clipped 6 w_cons parameters to delta_max=0.1000 bound.
2026-08-12 04:04:20 | sleep.weights.plasticity       | INFO  | Hard-clipped 6 w_cons parameters to delta_max=0.1000 bound.
2026-08-12 04:04:20 | sleep.weights.plasticity       | INFO  | Hard-clipped 6 w_cons parameters to delta_max=0.1000 bound.
2026-08-12 04:04:21 | sleep.weights.plasticity       | INFO  | Hard-clipped 6 w_cons parameters to delta_max=0.1000 bound.
2026-08-12 04:04:21 | sleep.weights.plasticity       | INFO  | Hard-clipped 6 w_cons parameters to delta_max=0.1000 bound.
2026-08-12 04:04:21 | sleep.weights.plasticity       | INFO  | Hard-clipped 6 w_cons parameters to delta_max=0.1000 bound.
2026-08-12 04:04:21 | sleep.weights.plasticity       | INFO  | Hard-clipped 6 w_cons parameters to delta_max=0.1000 bound.
2026-08-12 04:04:21 | sleep.weights.plasticity       | INFO  | Hard-clipped 6 w_cons parameters to delta_max=0.1000 bound.
2026-08-12 04:04:21 | sleep.weights.plasticity       | INFO  | Hard-clipped 6 w_cons parameters to delta_max=0.1000 bound.
2026-08-12 04:04:21 | sleep.weights.plasticity       | INFO  | Hard-clipped 6 w_cons parameters to delta_max=0.1000 bound.
2026-08-12 04:04:21 | sleep.sleep_engine.train       | INFO  |   distill step 280/400 | loss=0.5103 (kl=0.3508 ce=0.3189) | lr=2.50e-05
2026-08-12 04:04:22 | sleep.weights.plasticity       | INFO  | Hard-clipped 6 w_cons parameters to delta_max=0.1000 bound.
2026-08-12 04:04:22 | sleep.weights.plasticity       | INFO  | Hard-clipped 6 w_cons parameters to delta_max=0.1000 bound.
2026-08-12 04:04:22 | sleep.weights.plasticity       | INFO  | Hard-clipped 6 w_cons parameters to delta_max=0.1000 bound.
2026-08-12 04:04:22 | sleep.weights.plasticity       | INFO  | Hard-clipped 6 w_cons parameters to delta_max=0.1000 bound.
2026-08-12 04:04:22 | sleep.weights.plasticity       | INFO  | Hard-clipped 6 w_cons parameters to delta_max=0.1000 bound.
2026-08-12 04:04:22 | sleep.weights.plasticity       | INFO  | Hard-clipped 6 w_cons parameters to delta_max=0.1000 bound.
2026-08-12 04:04:22 | sleep.weights.plasticity       | INFO  | Hard-clipped 6 w_cons parameters to delta_max=0.1000 bound.
2026-08-12 04:04:23 | sleep.weights.plasticity       | INFO  | Hard-clipped 6 w_cons parameters to delta_max=0.1000 bound.
2026-08-12 04:04:23 | sleep.weights.plasticity       | INFO  | Hard-clipped 6 w_cons parameters to delta_max=0.1000 bound.
2026-08-12 04:04:23 | sleep.weights.plasticity       | INFO  | Hard-clipped 6 w_cons parameters to delta_max=0.1000 bound.
2026-08-12 04:04:23 | sleep.weights.plasticity       | INFO  | Hard-clipped 6 w_cons parameters to delta_max=0.1000 bound.
2026-08-12 04:04:23 | sleep.weights.plasticity       | INFO  | Hard-clipped 6 w_cons parameters to delta_max=0.1000 bound.
2026-08-12 04:04:23 | sleep.weights.plasticity       | INFO  | Hard-clipped 6 w_cons parameters to delta_max=0.1000 bound.
2026-08-12 04:04:24 | sleep.weights.plasticity       | INFO  | Hard-clipped 6 w_cons parameters to delta_max=0.1000 bound.
2026-08-12 04:04:24 | sleep.weights.plasticity       | INFO  | Hard-clipped 6 w_cons parameters to delta_max=0.1000 bound.
2026-08-12 04:04:24 | sleep.weights.plasticity       | INFO  | Hard-clipped 6 w_cons parameters to delta_max=0.1000 bound.
2026-08-12 04:04:24 | sleep.weights.plasticity       | INFO  | Hard-clipped 6 w_cons parameters to delta_max=0.1000 bound.
2026-08-12 04:04:24 | sleep.weights.plasticity       | INFO  | Hard-clipped 6 w_cons parameters to delta_max=0.1000 bound.
2026-08-12 04:04:24 | sleep.weights.plasticity       | INFO  | Hard-clipped 6 w_cons parameters to delta_max=0.1000 bound.
2026-08-12 04:04:24 | sleep.weights.plasticity       | INFO  | Hard-clipped 6 w_cons parameters to delta_max=0.1000 bound.
2026-08-12 04:04:25 | sleep.weights.plasticity       | INFO  | Hard-clipped 6 w_cons parameters to delta_max=0.1000 bound.
2026-08-12 04:04:25 | sleep.weights.plasticity       | INFO  | Hard-clipped 6 w_cons parameters to delta_max=0.1000 bound.
2026-08-12 04:04:25 | sleep.weights.plasticity       | INFO  | Hard-clipped 6 w_cons parameters to delta_max=0.1000 bound.
2026-08-12 04:04:25 | sleep.weights.plasticity       | INFO  | Hard-clipped 6 w_cons parameters to delta_max=0.1000 bound.
2026-08-12 04:04:25 | sleep.weights.plasticity       | INFO  | Hard-clipped 6 w_cons parameters to delta_max=0.1000 bound.
2026-08-12 04:04:25 | sleep.weights.plasticity       | INFO  | Hard-clipped 6 w_cons parameters to delta_max=0.1000 bound.
2026-08-12 04:04:25 | sleep.weights.plasticity       | INFO  | Hard-clipped 6 w_cons parameters to delta_max=0.1000 bound.
2026-08-12 04:04:26 | sleep.weights.plasticity       | INFO  | Hard-clipped 6 w_cons parameters to delta_max=0.1000 bound.
2026-08-12 04:04:26 | sleep.weights.plasticity       | INFO  | Hard-clipped 6 w_cons parameters to delta_max=0.1000 bound.
2026-08-12 04:04:26 | sleep.weights.plasticity       | INFO  | Hard-clipped 6 w_cons parameters to delta_max=0.1000 bound.
2026-08-12 04:04:26 | sleep.weights.plasticity       | INFO  | Hard-clipped 6 w_cons parameters to delta_max=0.1000 bound.
2026-08-12 04:04:26 | sleep.weights.plasticity       | INFO  | Hard-clipped 6 w_cons parameters to delta_max=0.1000 bound.
2026-08-12 04:04:26 | sleep.weights.plasticity       | INFO  | Hard-clipped 6 w_cons parameters to delta_max=0.1000 bound.
2026-08-12 04:04:27 | sleep.weights.plasticity       | INFO  | Hard-clipped 6 w_cons parameters to delta_max=0.1000 bound.
2026-08-12 04:04:27 | sleep.weights.plasticity       | INFO  | Hard-clipped 6 w_cons parameters to delta_max=0.1000 bound.
2026-08-12 04:04:27 | sleep.weights.plasticity       | INFO  | Hard-clipped 6 w_cons parameters to delta_max=0.1000 bound.
2026-08-12 04:04:27 | sleep.weights.plasticity       | INFO  | Hard-clipped 6 w_cons parameters to delta_max=0.1000 bound.
2026-08-12 04:04:27 | sleep.weights.plasticity       | INFO  | Hard-clipped 6 w_cons parameters to delta_max=0.1000 bound.
2026-08-12 04:04:27 | sleep.weights.plasticity       | INFO  | Hard-clipped 6 w_cons parameters to delta_max=0.1000 bound.
2026-08-12 04:04:27 | sleep.weights.plasticity       | INFO  | Hard-clipped 6 w_cons parameters to delta_max=0.1000 bound.
2026-08-12 04:04:27 | sleep.sleep_engine.train       | INFO  |   distill step 320/400 | loss=0.4486 (kl=0.3110 ce=0.2752) | lr=1.17e-05
2026-08-12 04:04:28 | sleep.weights.plasticity       | INFO  | Hard-clipped 6 w_cons parameters to delta_max=0.1000 bound.
2026-08-12 04:04:28 | sleep.weights.plasticity       | INFO  | Hard-clipped 6 w_cons parameters to delta_max=0.1000 bound.
2026-08-12 04:04:28 | sleep.weights.plasticity       | INFO  | Hard-clipped 6 w_cons parameters to delta_max=0.1000 bound.
2026-08-12 04:04:28 | sleep.weights.plasticity       | INFO  | Hard-clipped 6 w_cons parameters to delta_max=0.1000 bound.
2026-08-12 04:04:28 | sleep.weights.plasticity       | INFO  | Hard-clipped 6 w_cons parameters to delta_max=0.1000 bound.
2026-08-12 04:04:28 | sleep.weights.plasticity       | INFO  | Hard-clipped 6 w_cons parameters to delta_max=0.1000 bound.
2026-08-12 04:04:28 | sleep.weights.plasticity       | INFO  | Hard-clipped 6 w_cons parameters to delta_max=0.1000 bound.
2026-08-12 04:04:29 | sleep.weights.plasticity       | INFO  | Hard-clipped 6 w_cons parameters to delta_max=0.1000 bound.
2026-08-12 04:04:29 | sleep.weights.plasticity       | INFO  | Hard-clipped 6 w_cons parameters to delta_max=0.1000 bound.
2026-08-12 04:04:29 | sleep.weights.plasticity       | INFO  | Hard-clipped 6 w_cons parameters to delta_max=0.1000 bound.
2026-08-12 04:04:29 | sleep.weights.plasticity       | INFO  | Hard-clipped 6 w_cons parameters to delta_max=0.1000 bound.
2026-08-12 04:04:29 | sleep.weights.plasticity       | INFO  | Hard-clipped 6 w_cons parameters to delta_max=0.1000 bound.
2026-08-12 04:04:29 | sleep.weights.plasticity       | INFO  | Hard-clipped 6 w_cons parameters to delta_max=0.1000 bound.
2026-08-12 04:04:30 | sleep.weights.plasticity       | INFO  | Hard-clipped 6 w_cons parameters to delta_max=0.1000 bound.
2026-08-12 04:04:30 | sleep.weights.plasticity       | INFO  | Hard-clipped 6 w_cons parameters to delta_max=0.1000 bound.
2026-08-12 04:04:30 | sleep.weights.plasticity       | INFO  | Hard-clipped 6 w_cons parameters to delta_max=0.1000 bound.
2026-08-12 04:04:30 | sleep.weights.plasticity       | INFO  | Hard-clipped 6 w_cons parameters to delta_max=0.1000 bound.
2026-08-12 04:04:30 | sleep.weights.plasticity       | INFO  | Hard-clipped 6 w_cons parameters to delta_max=0.1000 bound.
2026-08-12 04:04:30 | sleep.weights.plasticity       | INFO  | Hard-clipped 6 w_cons parameters to delta_max=0.1000 bound.
2026-08-12 04:04:30 | sleep.weights.plasticity       | INFO  | Hard-clipped 6 w_cons parameters to delta_max=0.1000 bound.
2026-08-12 04:04:31 | sleep.weights.plasticity       | INFO  | Hard-clipped 6 w_cons parameters to delta_max=0.1000 bound.
2026-08-12 04:04:31 | sleep.weights.plasticity       | INFO  | Hard-clipped 6 w_cons parameters to delta_max=0.1000 bound.
2026-08-12 04:04:31 | sleep.weights.plasticity       | INFO  | Hard-clipped 6 w_cons parameters to delta_max=0.1000 bound.
2026-08-12 04:04:31 | sleep.weights.plasticity       | INFO  | Hard-clipped 6 w_cons parameters to delta_max=0.1000 bound.
2026-08-12 04:04:31 | sleep.weights.plasticity       | INFO  | Hard-clipped 6 w_cons parameters to delta_max=0.1000 bound.
2026-08-12 04:04:31 | sleep.weights.plasticity       | INFO  | Hard-clipped 6 w_cons parameters to delta_max=0.1000 bound.
2026-08-12 04:04:31 | sleep.weights.plasticity       | INFO  | Hard-clipped 6 w_cons parameters to delta_max=0.1000 bound.
2026-08-12 04:04:32 | sleep.weights.plasticity       | INFO  | Hard-clipped 6 w_cons parameters to delta_max=0.1000 bound.
2026-08-12 04:04:32 | sleep.weights.plasticity       | INFO  | Hard-clipped 6 w_cons parameters to delta_max=0.1000 bound.
2026-08-12 04:04:32 | sleep.weights.plasticity       | INFO  | Hard-clipped 6 w_cons parameters to delta_max=0.1000 bound.
2026-08-12 04:04:32 | sleep.weights.plasticity       | INFO  | Hard-clipped 6 w_cons parameters to delta_max=0.1000 bound.
2026-08-12 04:04:32 | sleep.weights.plasticity       | INFO  | Hard-clipped 6 w_cons parameters to delta_max=0.1000 bound.
2026-08-12 04:04:32 | sleep.weights.plasticity       | INFO  | Hard-clipped 6 w_cons parameters to delta_max=0.1000 bound.
2026-08-12 04:04:32 | sleep.weights.plasticity       | INFO  | Hard-clipped 6 w_cons parameters to delta_max=0.1000 bound.
2026-08-12 04:04:33 | sleep.weights.plasticity       | INFO  | Hard-clipped 6 w_cons parameters to delta_max=0.1000 bound.
2026-08-12 04:04:33 | sleep.weights.plasticity       | INFO  | Hard-clipped 6 w_cons parameters to delta_max=0.1000 bound.
2026-08-12 04:04:33 | sleep.weights.plasticity       | INFO  | Hard-clipped 6 w_cons parameters to delta_max=0.1000 bound.
2026-08-12 04:04:33 | sleep.weights.plasticity       | INFO  | Hard-clipped 6 w_cons parameters to delta_max=0.1000 bound.
2026-08-12 04:04:33 | sleep.weights.plasticity       | INFO  | Hard-clipped 6 w_cons parameters to delta_max=0.1000 bound.
2026-08-12 04:04:33 | sleep.weights.plasticity       | INFO  | Hard-clipped 6 w_cons parameters to delta_max=0.1000 bound.
2026-08-12 04:04:33 | sleep.sleep_engine.train       | INFO  |   distill step 360/400 | loss=0.3533 (kl=0.2877 ce=0.1311) | lr=3.02e-06
2026-08-12 04:04:34 | sleep.weights.plasticity       | INFO  | Hard-clipped 6 w_cons parameters to delta_max=0.1000 bound.
2026-08-12 04:04:34 | sleep.weights.plasticity       | INFO  | Hard-clipped 6 w_cons parameters to delta_max=0.1000 bound.
2026-08-12 04:04:34 | sleep.weights.plasticity       | INFO  | Hard-clipped 6 w_cons parameters to delta_max=0.1000 bound.
2026-08-12 04:04:34 | sleep.weights.plasticity       | INFO  | Hard-clipped 6 w_cons parameters to delta_max=0.1000 bound.
2026-08-12 04:04:34 | sleep.weights.plasticity       | INFO  | Hard-clipped 6 w_cons parameters to delta_max=0.1000 bound.
2026-08-12 04:04:34 | sleep.weights.plasticity       | INFO  | Hard-clipped 6 w_cons parameters to delta_max=0.1000 bound.
2026-08-12 04:04:34 | sleep.weights.plasticity       | INFO  | Hard-clipped 6 w_cons parameters to delta_max=0.1000 bound.
2026-08-12 04:04:35 | sleep.weights.plasticity       | INFO  | Hard-clipped 6 w_cons parameters to delta_max=0.1000 bound.
2026-08-12 04:04:35 | sleep.weights.plasticity       | INFO  | Hard-clipped 6 w_cons parameters to delta_max=0.1000 bound.
2026-08-12 04:04:35 | sleep.weights.plasticity       | INFO  | Hard-clipped 6 w_cons parameters to delta_max=0.1000 bound.
2026-08-12 04:04:35 | sleep.weights.plasticity       | INFO  | Hard-clipped 6 w_cons parameters to delta_max=0.1000 bound.
2026-08-12 04:04:35 | sleep.weights.plasticity       | INFO  | Hard-clipped 6 w_cons parameters to delta_max=0.1000 bound.
2026-08-12 04:04:35 | sleep.weights.plasticity       | INFO  | Hard-clipped 6 w_cons parameters to delta_max=0.1000 bound.
2026-08-12 04:04:35 | sleep.weights.plasticity       | INFO  | Hard-clipped 6 w_cons parameters to delta_max=0.1000 bound.
2026-08-12 04:04:36 | sleep.weights.plasticity       | INFO  | Hard-clipped 6 w_cons parameters to delta_max=0.1000 bound.
2026-08-12 04:04:36 | sleep.weights.plasticity       | INFO  | Hard-clipped 6 w_cons parameters to delta_max=0.1000 bound.
2026-08-12 04:04:36 | sleep.weights.plasticity       | INFO  | Hard-clipped 6 w_cons parameters to delta_max=0.1000 bound.
2026-08-12 04:04:36 | sleep.weights.plasticity       | INFO  | Hard-clipped 6 w_cons parameters to delta_max=0.1000 bound.
2026-08-12 04:04:36 | sleep.weights.plasticity       | INFO  | Hard-clipped 6 w_cons parameters to delta_max=0.1000 bound.
2026-08-12 04:04:36 | sleep.weights.plasticity       | INFO  | Hard-clipped 6 w_cons parameters to delta_max=0.1000 bound.
2026-08-12 04:04:36 | sleep.weights.plasticity       | INFO  | Hard-clipped 6 w_cons parameters to delta_max=0.1000 bound.
2026-08-12 04:04:37 | sleep.weights.plasticity       | INFO  | Hard-clipped 6 w_cons parameters to delta_max=0.1000 bound.
2026-08-12 04:04:37 | sleep.weights.plasticity       | INFO  | Hard-clipped 5 w_cons parameters to delta_max=0.1000 bound.
2026-08-12 04:04:37 | sleep.weights.plasticity       | INFO  | Hard-clipped 5 w_cons parameters to delta_max=0.1000 bound.
2026-08-12 04:04:37 | sleep.weights.plasticity       | INFO  | Hard-clipped 5 w_cons parameters to delta_max=0.1000 bound.
2026-08-12 04:04:37 | sleep.weights.plasticity       | INFO  | Hard-clipped 5 w_cons parameters to delta_max=0.1000 bound.
2026-08-12 04:04:37 | sleep.weights.plasticity       | INFO  | Hard-clipped 6 w_cons parameters to delta_max=0.1000 bound.
2026-08-12 04:04:38 | sleep.weights.plasticity       | INFO  | Hard-clipped 6 w_cons parameters to delta_max=0.1000 bound.
2026-08-12 04:04:38 | sleep.weights.plasticity       | INFO  | Hard-clipped 6 w_cons parameters to delta_max=0.1000 bound.
2026-08-12 04:04:38 | sleep.weights.plasticity       | INFO  | Hard-clipped 6 w_cons parameters to delta_max=0.1000 bound.
2026-08-12 04:04:38 | sleep.weights.plasticity       | INFO  | Hard-clipped 6 w_cons parameters to delta_max=0.1000 bound.
2026-08-12 04:04:38 | sleep.weights.plasticity       | INFO  | Hard-clipped 6 w_cons parameters to delta_max=0.1000 bound.
2026-08-12 04:04:38 | sleep.weights.plasticity       | INFO  | Hard-clipped 6 w_cons parameters to delta_max=0.1000 bound.
2026-08-12 04:04:38 | sleep.weights.plasticity       | INFO  | Hard-clipped 6 w_cons parameters to delta_max=0.1000 bound.
2026-08-12 04:04:39 | sleep.weights.plasticity       | INFO  | Hard-clipped 6 w_cons parameters to delta_max=0.1000 bound.
2026-08-12 04:04:39 | sleep.weights.plasticity       | INFO  | Hard-clipped 6 w_cons parameters to delta_max=0.1000 bound.
2026-08-12 04:04:39 | sleep.weights.plasticity       | INFO  | Hard-clipped 6 w_cons parameters to delta_max=0.1000 bound.
2026-08-12 04:04:39 | sleep.weights.plasticity       | INFO  | Hard-clipped 6 w_cons parameters to delta_max=0.1000 bound.
2026-08-12 04:04:39 | sleep.weights.plasticity       | INFO  | Hard-clipped 6 w_cons parameters to delta_max=0.1000 bound.
2026-08-12 04:04:39 | sleep.weights.plasticity       | INFO  | Hard-clipped 4 w_cons parameters to delta_max=0.1000 bound.
2026-08-12 04:04:39 | sleep.sleep_engine.train       | INFO  |   distill step 400/400 | loss=0.8557 (kl=0.5803 ce=0.5508) | lr=0.00e+00
2026-08-12 04:04:39 | sleep.sleep_engine.train       | INFO  | Sleep distill-training complete | n_steps=400 | final_loss=0.8557 | mean_loss=0.9605
2026-08-12 04:04:39 | sleep.sleep_engine             | INFO  | Phase 3 complete: 400 steps, final_loss=0.8557, mean_loss=0.9605
2026-08-12 04:04:39 | sleep.sleep_engine             | INFO  | Phase 4/5: PPL CHECK (skipped — no benchmark data)
2026-08-12 04:04:39 | sleep.sleep_engine             | INFO  | Phase 5/5: VALIDATE & CLEANUP
2026-08-12 04:04:40 | sleep.weights.plasticity       | INFO  | Saved checkpoint for adapter 'w_cons': 44 parameters.
2026-08-12 04:04:40 | sleep.weights.plasticity       | INFO  | Restored 44 parameters for adapter 'w_cons' from checkpoint.
2026-08-12 04:04:40 | sleep.weights.plasticity       | INFO  | Restored 44 parameters for adapter 'w_cons' from checkpoint.
2026-08-12 04:04:50 | sleep.sleep_engine             | INFO  | Two-stage validation: 7/13 passed surprise, 7 also passed the mini-recall gate (self-grading gap = 0)
2026-08-12 04:04:50 | sleep.sleep_engine.cleanup     | INFO  | Cleanup complete | passed=7 | failed=6 | permanently_removed=0
2026-08-12 04:04:50 | sleep.sleep_engine             | INFO  | Phase 5 complete: consolidated=7, failed=6, permanently_removed=0
2026-08-12 04:04:50 | sleep.metrics                  | INFO  | summary | {'sleep_engine/n_candidates': 13, 'sleep_engine/n_replays_generated': 160, 'sleep_engine/n_replays_accepted': 160, 'sleep_engine/n_consolidated': 7, 'sleep_engine/n_failed': 6, 'sleep_engine/n_permanently_removed': 0, 'sleep_engine/rolled_back': False}
2026-08-12 04:04:50 | sleep.weights.kv_memory        | INFO  | bank cleared: freed 12 tags / 564 tokens
2026-08-12 04:04:50 | sleep.sleep_engine             | INFO  | KV bank cleared (12 entries removed)
2026-08-12 04:04:50 | sleep.sleep_engine             | INFO  | KV memory injection: ENABLED
2026-08-12 04:04:50 | sleep.sleep_engine             | INFO  | === Sleep cycle END ===
2026-08-12 04:06:34 | sleep.evaluation.recall        | INFO  | Recall evaluation: DRA=0.1944 across 60 cases
2026-08-12 04:07:09 | sleep.evaluation.recall        | INFO  | Recall evaluation: DRA=0.3667 across 20 cases
2026-08-12 04:07:09 | sleep.evaluation.preservation  | INFO  | Perplexity evaluation: PPL=6.0434 (mean_loss=1.7990, 62 tokens)
2026-08-12 04:07:09 | sleep.evaluation.preservation  | INFO  | BCP: 1.3846 (current_ppl=6.0434, original_ppl=4.3646)
2026-08-12 04:07:09 | sleep.experiment.08            | INFO  | [sleep Cycle 3 EVAL] DRA cumulative=0.194 (19/60 hits); DRA current=0.367 (9/20 hits); BCP=1.3846
2026-08-12 04:07:09 | sleep.experiment.08            | INFO  | ======================================================================
2026-08-12 04:07:09 | sleep.experiment.08            | INFO  | [SLEEP Cycle 4] Wake phase: 20 facts
2026-08-12 04:07:09 | sleep.experiment.08            | INFO  | ======================================================================
2026-08-12 04:07:10 | sleep.tagging                  | INFO  | step=61 | 2 tags created from 2 spans | buffer: 45/36208 (0.1%)
2026-08-12 04:07:10 | sleep.tagging                  | INFO  | step=62 | 1 tags created from 1 spans | buffer: 46/36208 (0.1%)
2026-08-12 04:07:10 | sleep.tagging                  | INFO  | step=64 | 1 tags created from 1 spans | buffer: 47/36208 (0.1%)
2026-08-12 04:07:10 | sleep.tagging                  | INFO  | step=67 | 1 tags created from 1 spans | buffer: 48/36208 (0.1%)
2026-08-12 04:07:10 | sleep.tagging                  | INFO  | step=68 | 1 tags created from 1 spans | buffer: 49/36208 (0.1%)
2026-08-12 04:07:10 | sleep.tagging                  | INFO  | step=71 | 1 tags created from 1 spans | buffer: 50/36208 (0.1%)
2026-08-12 04:07:10 | sleep.tagging                  | INFO  | step=72 | 2 tags created from 2 spans | buffer: 52/36208 (0.1%)
2026-08-12 04:07:11 | sleep.tagging                  | INFO  | step=76 | 1 tags created from 1 spans | buffer: 53/36208 (0.1%)
2026-08-12 04:07:11 | sleep.tagging                  | INFO  | step=79 | 1 tags created from 1 spans | buffer: 54/36208 (0.1%)
2026-08-12 04:07:11 | sleep.experiment.08            | INFO  | [Cycle 4] Wake summary: 20 facts -> 9 KV writes; bank: 433/20000 tokens
2026-08-12 04:07:11 | sleep.prp                      | INFO  | step=80 | PRP update: 18/3620 allocated (0%) | +11 -0 | threshold=0.259 | mean_score=0.229
2026-08-12 04:07:11 | sleep.experiment.08            | INFO  | [Cycle 4] PRP: 18 allocated, 18 consolidation candidates
2026-08-12 04:07:11 | sleep.sleep_engine             | INFO  | === Sleep cycle START | 18 candidates ===
2026-08-12 04:07:11 | sleep.sleep_engine             | INFO  | Phase 1/5: GENERATE (strategy=paraphrase)
2026-08-12 04:07:11 | sleep.sleep_engine             | INFO  | KV memory injection: DISABLED
2026-08-12 04:07:11 | sleep.sleep_engine             | INFO  | Phase 1 (paraphrase strategy): 72 wordings from 3 unique sources (18 candidates)
2026-08-12 04:07:11 | sleep.sleep_engine             | INFO  | Phase 1 complete: 72/18 replays generated
2026-08-12 04:07:11 | sleep.sleep_engine             | INFO  | Phase 2/5: QUALITY CHECK
2026-08-12 04:07:11 | sleep.sleep_engine             | INFO  | Phase 2 complete: 72/72 replays accepted
2026-08-12 04:07:11 | sleep.sleep_engine             | INFO  | Phase 3/5: TRAIN (72 accepted replays)
2026-08-12 04:07:11 | sleep.sleep_engine             | INFO  | KV memory injection: DISABLED
2026-08-12 04:07:11 | sleep.weights.plasticity       | INFO  | Saved checkpoint for adapter 'w_cons': 44 parameters.
2026-08-12 04:07:11 | sleep.weights.plasticity       | INFO  | Saved checkpoint for adapter 'w_cons': 44 parameters.
2026-08-12 04:07:11 | sleep.sleep_engine.train       | INFO  | Sleep distill-training: 3 facts | 400 steps | lr=1.00e-04 | T=2
2026-08-12 04:07:11 | sleep.sleep_engine.train       | INFO  |   distill step 1/400 | loss=1.6215 (kl=0.7481 ce=1.7468) | lr=2.50e-06
2026-08-12 04:07:17 | sleep.sleep_engine.train       | INFO  |   distill step 40/400 | loss=0.4802 (kl=0.3378 ce=0.2848) | lr=1.00e-04
2026-08-12 04:07:23 | sleep.sleep_engine.train       | INFO  |   distill step 80/400 | loss=0.6769 (kl=0.4240 ce=0.5058) | lr=9.70e-05
2026-08-12 04:07:29 | sleep.sleep_engine.train       | INFO  |   distill step 120/400 | loss=0.4196 (kl=0.2343 ce=0.3707) | lr=8.83e-05
2026-08-12 04:07:30 | sleep.weights.plasticity       | INFO  | Hard-clipped 1 w_cons parameters to delta_max=0.1000 bound.
2026-08-12 04:07:30 | sleep.weights.plasticity       | INFO  | Hard-clipped 1 w_cons parameters to delta_max=0.1000 bound.
2026-08-12 04:07:30 | sleep.weights.plasticity       | INFO  | Hard-clipped 1 w_cons parameters to delta_max=0.1000 bound.
2026-08-12 04:07:30 | sleep.weights.plasticity       | INFO  | Hard-clipped 1 w_cons parameters to delta_max=0.1000 bound.
2026-08-12 04:07:30 | sleep.weights.plasticity       | INFO  | Hard-clipped 1 w_cons parameters to delta_max=0.1000 bound.
2026-08-12 04:07:30 | sleep.weights.plasticity       | INFO  | Hard-clipped 1 w_cons parameters to delta_max=0.1000 bound.
2026-08-12 04:07:31 | sleep.weights.plasticity       | INFO  | Hard-clipped 1 w_cons parameters to delta_max=0.1000 bound.
2026-08-12 04:07:31 | sleep.weights.plasticity       | INFO  | Hard-clipped 1 w_cons parameters to delta_max=0.1000 bound.
2026-08-12 04:07:31 | sleep.weights.plasticity       | INFO  | Hard-clipped 1 w_cons parameters to delta_max=0.1000 bound.
2026-08-12 04:07:31 | sleep.weights.plasticity       | INFO  | Hard-clipped 1 w_cons parameters to delta_max=0.1000 bound.
2026-08-12 04:07:31 | sleep.weights.plasticity       | INFO  | Hard-clipped 1 w_cons parameters to delta_max=0.1000 bound.
2026-08-12 04:07:31 | sleep.weights.plasticity       | INFO  | Hard-clipped 1 w_cons parameters to delta_max=0.1000 bound.
2026-08-12 04:07:31 | sleep.weights.plasticity       | INFO  | Hard-clipped 1 w_cons parameters to delta_max=0.1000 bound.
2026-08-12 04:07:32 | sleep.weights.plasticity       | INFO  | Hard-clipped 1 w_cons parameters to delta_max=0.1000 bound.
2026-08-12 04:07:32 | sleep.weights.plasticity       | INFO  | Hard-clipped 1 w_cons parameters to delta_max=0.1000 bound.
2026-08-12 04:07:32 | sleep.weights.plasticity       | INFO  | Hard-clipped 1 w_cons parameters to delta_max=0.1000 bound.
2026-08-12 04:07:32 | sleep.weights.plasticity       | INFO  | Hard-clipped 1 w_cons parameters to delta_max=0.1000 bound.
2026-08-12 04:07:32 | sleep.weights.plasticity       | INFO  | Hard-clipped 1 w_cons parameters to delta_max=0.1000 bound.
2026-08-12 04:07:32 | sleep.weights.plasticity       | INFO  | Hard-clipped 1 w_cons parameters to delta_max=0.1000 bound.
2026-08-12 04:07:32 | sleep.weights.plasticity       | INFO  | Hard-clipped 1 w_cons parameters to delta_max=0.1000 bound.
2026-08-12 04:07:33 | sleep.weights.plasticity       | INFO  | Hard-clipped 1 w_cons parameters to delta_max=0.1000 bound.
2026-08-12 04:07:33 | sleep.weights.plasticity       | INFO  | Hard-clipped 1 w_cons parameters to delta_max=0.1000 bound.
2026-08-12 04:07:33 | sleep.weights.plasticity       | INFO  | Hard-clipped 1 w_cons parameters to delta_max=0.1000 bound.
2026-08-12 04:07:33 | sleep.weights.plasticity       | INFO  | Hard-clipped 1 w_cons parameters to delta_max=0.1000 bound.
2026-08-12 04:07:33 | sleep.weights.plasticity       | INFO  | Hard-clipped 2 w_cons parameters to delta_max=0.1000 bound.
2026-08-12 04:07:33 | sleep.weights.plasticity       | INFO  | Hard-clipped 2 w_cons parameters to delta_max=0.1000 bound.
2026-08-12 04:07:33 | sleep.weights.plasticity       | INFO  | Hard-clipped 2 w_cons parameters to delta_max=0.1000 bound.
2026-08-12 04:07:34 | sleep.weights.plasticity       | INFO  | Hard-clipped 2 w_cons parameters to delta_max=0.1000 bound.
2026-08-12 04:07:34 | sleep.weights.plasticity       | INFO  | Hard-clipped 2 w_cons parameters to delta_max=0.1000 bound.
2026-08-12 04:07:34 | sleep.weights.plasticity       | INFO  | Hard-clipped 2 w_cons parameters to delta_max=0.1000 bound.
2026-08-12 04:07:34 | sleep.weights.plasticity       | INFO  | Hard-clipped 2 w_cons parameters to delta_max=0.1000 bound.
2026-08-12 04:07:34 | sleep.weights.plasticity       | INFO  | Hard-clipped 2 w_cons parameters to delta_max=0.1000 bound.
2026-08-12 04:07:34 | sleep.weights.plasticity       | INFO  | Hard-clipped 2 w_cons parameters to delta_max=0.1000 bound.
2026-08-12 04:07:34 | sleep.weights.plasticity       | INFO  | Hard-clipped 2 w_cons parameters to delta_max=0.1000 bound.
2026-08-12 04:07:35 | sleep.weights.plasticity       | INFO  | Hard-clipped 2 w_cons parameters to delta_max=0.1000 bound.
2026-08-12 04:07:35 | sleep.sleep_engine.train       | INFO  |   distill step 160/400 | loss=0.5229 (kl=0.3063 ce=0.4333) | lr=7.50e-05
2026-08-12 04:07:35 | sleep.weights.plasticity       | INFO  | Hard-clipped 2 w_cons parameters to delta_max=0.1000 bound.
2026-08-12 04:07:35 | sleep.weights.plasticity       | INFO  | Hard-clipped 2 w_cons parameters to delta_max=0.1000 bound.
2026-08-12 04:07:35 | sleep.weights.plasticity       | INFO  | Hard-clipped 2 w_cons parameters to delta_max=0.1000 bound.
2026-08-12 04:07:35 | sleep.weights.plasticity       | INFO  | Hard-clipped 2 w_cons parameters to delta_max=0.1000 bound.
2026-08-12 04:07:35 | sleep.weights.plasticity       | INFO  | Hard-clipped 2 w_cons parameters to delta_max=0.1000 bound.
2026-08-12 04:07:35 | sleep.weights.plasticity       | INFO  | Hard-clipped 2 w_cons parameters to delta_max=0.1000 bound.
2026-08-12 04:07:36 | sleep.weights.plasticity       | INFO  | Hard-clipped 2 w_cons parameters to delta_max=0.1000 bound.
2026-08-12 04:07:36 | sleep.weights.plasticity       | INFO  | Hard-clipped 2 w_cons parameters to delta_max=0.1000 bound.
2026-08-12 04:07:36 | sleep.weights.plasticity       | INFO  | Hard-clipped 2 w_cons parameters to delta_max=0.1000 bound.
2026-08-12 04:07:36 | sleep.weights.plasticity       | INFO  | Hard-clipped 2 w_cons parameters to delta_max=0.1000 bound.
2026-08-12 04:07:36 | sleep.weights.plasticity       | INFO  | Hard-clipped 2 w_cons parameters to delta_max=0.1000 bound.
2026-08-12 04:07:36 | sleep.weights.plasticity       | INFO  | Hard-clipped 2 w_cons parameters to delta_max=0.1000 bound.
2026-08-12 04:07:36 | sleep.weights.plasticity       | INFO  | Hard-clipped 2 w_cons parameters to delta_max=0.1000 bound.
2026-08-12 04:07:37 | sleep.weights.plasticity       | INFO  | Hard-clipped 2 w_cons parameters to delta_max=0.1000 bound.
2026-08-12 04:07:37 | sleep.weights.plasticity       | INFO  | Hard-clipped 2 w_cons parameters to delta_max=0.1000 bound.
2026-08-12 04:07:37 | sleep.weights.plasticity       | INFO  | Hard-clipped 3 w_cons parameters to delta_max=0.1000 bound.
2026-08-12 04:07:37 | sleep.weights.plasticity       | INFO  | Hard-clipped 3 w_cons parameters to delta_max=0.1000 bound.
2026-08-12 04:07:37 | sleep.weights.plasticity       | INFO  | Hard-clipped 3 w_cons parameters to delta_max=0.1000 bound.
2026-08-12 04:07:37 | sleep.weights.plasticity       | INFO  | Hard-clipped 3 w_cons parameters to delta_max=0.1000 bound.
2026-08-12 04:07:37 | sleep.weights.plasticity       | INFO  | Hard-clipped 3 w_cons parameters to delta_max=0.1000 bound.
2026-08-12 04:07:38 | sleep.weights.plasticity       | INFO  | Hard-clipped 3 w_cons parameters to delta_max=0.1000 bound.
2026-08-12 04:07:38 | sleep.weights.plasticity       | INFO  | Hard-clipped 3 w_cons parameters to delta_max=0.1000 bound.
2026-08-12 04:07:38 | sleep.weights.plasticity       | INFO  | Hard-clipped 3 w_cons parameters to delta_max=0.1000 bound.
2026-08-12 04:07:38 | sleep.weights.plasticity       | INFO  | Hard-clipped 3 w_cons parameters to delta_max=0.1000 bound.
2026-08-12 04:07:38 | sleep.weights.plasticity       | INFO  | Hard-clipped 3 w_cons parameters to delta_max=0.1000 bound.
2026-08-12 04:07:38 | sleep.weights.plasticity       | INFO  | Hard-clipped 3 w_cons parameters to delta_max=0.1000 bound.
2026-08-12 04:07:38 | sleep.weights.plasticity       | INFO  | Hard-clipped 3 w_cons parameters to delta_max=0.1000 bound.
2026-08-12 04:07:39 | sleep.weights.plasticity       | INFO  | Hard-clipped 3 w_cons parameters to delta_max=0.1000 bound.
2026-08-12 04:07:39 | sleep.weights.plasticity       | INFO  | Hard-clipped 3 w_cons parameters to delta_max=0.1000 bound.
2026-08-12 04:07:39 | sleep.weights.plasticity       | INFO  | Hard-clipped 3 w_cons parameters to delta_max=0.1000 bound.
2026-08-12 04:07:39 | sleep.weights.plasticity       | INFO  | Hard-clipped 3 w_cons parameters to delta_max=0.1000 bound.
2026-08-12 04:07:39 | sleep.weights.plasticity       | INFO  | Hard-clipped 4 w_cons parameters to delta_max=0.1000 bound.
2026-08-12 04:07:39 | sleep.weights.plasticity       | INFO  | Hard-clipped 4 w_cons parameters to delta_max=0.1000 bound.
2026-08-12 04:07:39 | sleep.weights.plasticity       | INFO  | Hard-clipped 4 w_cons parameters to delta_max=0.1000 bound.
2026-08-12 04:07:40 | sleep.weights.plasticity       | INFO  | Hard-clipped 4 w_cons parameters to delta_max=0.1000 bound.
2026-08-12 04:07:40 | sleep.weights.plasticity       | INFO  | Hard-clipped 4 w_cons parameters to delta_max=0.1000 bound.
2026-08-12 04:07:40 | sleep.weights.plasticity       | INFO  | Hard-clipped 4 w_cons parameters to delta_max=0.1000 bound.
2026-08-12 04:07:40 | sleep.weights.plasticity       | INFO  | Hard-clipped 4 w_cons parameters to delta_max=0.1000 bound.
2026-08-12 04:07:40 | sleep.weights.plasticity       | INFO  | Hard-clipped 4 w_cons parameters to delta_max=0.1000 bound.
2026-08-12 04:07:40 | sleep.weights.plasticity       | INFO  | Hard-clipped 4 w_cons parameters to delta_max=0.1000 bound.
2026-08-12 04:07:40 | sleep.sleep_engine.train       | INFO  |   distill step 200/400 | loss=0.4628 (kl=0.2713 ce=0.3830) | lr=5.87e-05
2026-08-12 04:07:40 | sleep.weights.plasticity       | INFO  | Hard-clipped 4 w_cons parameters to delta_max=0.1000 bound.
2026-08-12 04:07:41 | sleep.weights.plasticity       | INFO  | Hard-clipped 4 w_cons parameters to delta_max=0.1000 bound.
2026-08-12 04:07:41 | sleep.weights.plasticity       | INFO  | Hard-clipped 4 w_cons parameters to delta_max=0.1000 bound.
2026-08-12 04:07:41 | sleep.weights.plasticity       | INFO  | Hard-clipped 4 w_cons parameters to delta_max=0.1000 bound.
2026-08-12 04:07:41 | sleep.weights.plasticity       | INFO  | Hard-clipped 4 w_cons parameters to delta_max=0.1000 bound.
2026-08-12 04:07:41 | sleep.weights.plasticity       | INFO  | Hard-clipped 4 w_cons parameters to delta_max=0.1000 bound.
2026-08-12 04:07:41 | sleep.weights.plasticity       | INFO  | Hard-clipped 4 w_cons parameters to delta_max=0.1000 bound.
2026-08-12 04:07:41 | sleep.weights.plasticity       | INFO  | Hard-clipped 4 w_cons parameters to delta_max=0.1000 bound.
2026-08-12 04:07:42 | sleep.weights.plasticity       | INFO  | Hard-clipped 4 w_cons parameters to delta_max=0.1000 bound.
2026-08-12 04:07:42 | sleep.weights.plasticity       | INFO  | Hard-clipped 4 w_cons parameters to delta_max=0.1000 bound.
2026-08-12 04:07:42 | sleep.weights.plasticity       | INFO  | Hard-clipped 4 w_cons parameters to delta_max=0.1000 bound.
2026-08-12 04:07:42 | sleep.weights.plasticity       | INFO  | Hard-clipped 4 w_cons parameters to delta_max=0.1000 bound.
2026-08-12 04:07:42 | sleep.weights.plasticity       | INFO  | Hard-clipped 4 w_cons parameters to delta_max=0.1000 bound.
2026-08-12 04:07:42 | sleep.weights.plasticity       | INFO  | Hard-clipped 4 w_cons parameters to delta_max=0.1000 bound.
2026-08-12 04:07:42 | sleep.weights.plasticity       | INFO  | Hard-clipped 4 w_cons parameters to delta_max=0.1000 bound.
2026-08-12 04:07:43 | sleep.weights.plasticity       | INFO  | Hard-clipped 3 w_cons parameters to delta_max=0.1000 bound.
2026-08-12 04:07:43 | sleep.weights.plasticity       | INFO  | Hard-clipped 3 w_cons parameters to delta_max=0.1000 bound.
2026-08-12 04:07:43 | sleep.weights.plasticity       | INFO  | Hard-clipped 4 w_cons parameters to delta_max=0.1000 bound.
2026-08-12 04:07:43 | sleep.weights.plasticity       | INFO  | Hard-clipped 4 w_cons parameters to delta_max=0.1000 bound.
2026-08-12 04:07:43 | sleep.weights.plasticity       | INFO  | Hard-clipped 5 w_cons parameters to delta_max=0.1000 bound.
2026-08-12 04:07:43 | sleep.weights.plasticity       | INFO  | Hard-clipped 5 w_cons parameters to delta_max=0.1000 bound.
2026-08-12 04:07:43 | sleep.weights.plasticity       | INFO  | Hard-clipped 5 w_cons parameters to delta_max=0.1000 bound.
2026-08-12 04:07:44 | sleep.weights.plasticity       | INFO  | Hard-clipped 5 w_cons parameters to delta_max=0.1000 bound.
2026-08-12 04:07:44 | sleep.weights.plasticity       | INFO  | Hard-clipped 5 w_cons parameters to delta_max=0.1000 bound.
2026-08-12 04:07:44 | sleep.weights.plasticity       | INFO  | Hard-clipped 5 w_cons parameters to delta_max=0.1000 bound.
2026-08-12 04:07:44 | sleep.weights.plasticity       | INFO  | Hard-clipped 5 w_cons parameters to delta_max=0.1000 bound.
2026-08-12 04:07:44 | sleep.weights.plasticity       | INFO  | Hard-clipped 5 w_cons parameters to delta_max=0.1000 bound.
2026-08-12 04:07:44 | sleep.weights.plasticity       | INFO  | Hard-clipped 5 w_cons parameters to delta_max=0.1000 bound.
2026-08-12 04:07:44 | sleep.weights.plasticity       | INFO  | Hard-clipped 5 w_cons parameters to delta_max=0.1000 bound.
2026-08-12 04:07:45 | sleep.weights.plasticity       | INFO  | Hard-clipped 5 w_cons parameters to delta_max=0.1000 bound.
2026-08-12 04:07:45 | sleep.weights.plasticity       | INFO  | Hard-clipped 5 w_cons parameters to delta_max=0.1000 bound.
2026-08-12 04:07:45 | sleep.weights.plasticity       | INFO  | Hard-clipped 5 w_cons parameters to delta_max=0.1000 bound.
2026-08-12 04:07:45 | sleep.weights.plasticity       | INFO  | Hard-clipped 5 w_cons parameters to delta_max=0.1000 bound.
2026-08-12 04:07:45 | sleep.weights.plasticity       | INFO  | Hard-clipped 5 w_cons parameters to delta_max=0.1000 bound.
2026-08-12 04:07:45 | sleep.weights.plasticity       | INFO  | Hard-clipped 5 w_cons parameters to delta_max=0.1000 bound.
2026-08-12 04:07:45 | sleep.weights.plasticity       | INFO  | Hard-clipped 5 w_cons parameters to delta_max=0.1000 bound.
2026-08-12 04:07:46 | sleep.weights.plasticity       | INFO  | Hard-clipped 5 w_cons parameters to delta_max=0.1000 bound.
2026-08-12 04:07:46 | sleep.weights.plasticity       | INFO  | Hard-clipped 5 w_cons parameters to delta_max=0.1000 bound.
2026-08-12 04:07:46 | sleep.weights.plasticity       | INFO  | Hard-clipped 5 w_cons parameters to delta_max=0.1000 bound.
2026-08-12 04:07:46 | sleep.weights.plasticity       | INFO  | Hard-clipped 5 w_cons parameters to delta_max=0.1000 bound.
2026-08-12 04:07:46 | sleep.sleep_engine.train       | INFO  |   distill step 240/400 | loss=0.5988 (kl=0.3707 ce=0.4562) | lr=4.13e-05
2026-08-12 04:07:46 | sleep.weights.plasticity       | INFO  | Hard-clipped 5 w_cons parameters to delta_max=0.1000 bound.
2026-08-12 04:07:46 | sleep.weights.plasticity       | INFO  | Hard-clipped 5 w_cons parameters to delta_max=0.1000 bound.
2026-08-12 04:07:46 | sleep.weights.plasticity       | INFO  | Hard-clipped 5 w_cons parameters to delta_max=0.1000 bound.
2026-08-12 04:07:47 | sleep.weights.plasticity       | INFO  | Hard-clipped 5 w_cons parameters to delta_max=0.1000 bound.
2026-08-12 04:07:47 | sleep.weights.plasticity       | INFO  | Hard-clipped 5 w_cons parameters to delta_max=0.1000 bound.
2026-08-12 04:07:47 | sleep.weights.plasticity       | INFO  | Hard-clipped 5 w_cons parameters to delta_max=0.1000 bound.
2026-08-12 04:07:47 | sleep.weights.plasticity       | INFO  | Hard-clipped 5 w_cons parameters to delta_max=0.1000 bound.
2026-08-12 04:07:47 | sleep.weights.plasticity       | INFO  | Hard-clipped 5 w_cons parameters to delta_max=0.1000 bound.
2026-08-12 04:07:47 | sleep.weights.plasticity       | INFO  | Hard-clipped 5 w_cons parameters to delta_max=0.1000 bound.
2026-08-12 04:07:47 | sleep.weights.plasticity       | INFO  | Hard-clipped 5 w_cons parameters to delta_max=0.1000 bound.
2026-08-12 04:07:48 | sleep.weights.plasticity       | INFO  | Hard-clipped 5 w_cons parameters to delta_max=0.1000 bound.
2026-08-12 04:07:48 | sleep.weights.plasticity       | INFO  | Hard-clipped 5 w_cons parameters to delta_max=0.1000 bound.
2026-08-12 04:07:48 | sleep.weights.plasticity       | INFO  | Hard-clipped 5 w_cons parameters to delta_max=0.1000 bound.
2026-08-12 04:07:48 | sleep.weights.plasticity       | INFO  | Hard-clipped 5 w_cons parameters to delta_max=0.1000 bound.
2026-08-12 04:07:48 | sleep.weights.plasticity       | INFO  | Hard-clipped 5 w_cons parameters to delta_max=0.1000 bound.
2026-08-12 04:07:48 | sleep.weights.plasticity       | INFO  | Hard-clipped 5 w_cons parameters to delta_max=0.1000 bound.
2026-08-12 04:07:48 | sleep.weights.plasticity       | INFO  | Hard-clipped 5 w_cons parameters to delta_max=0.1000 bound.
2026-08-12 04:07:49 | sleep.weights.plasticity       | INFO  | Hard-clipped 5 w_cons parameters to delta_max=0.1000 bound.
2026-08-12 04:07:49 | sleep.weights.plasticity       | INFO  | Hard-clipped 5 w_cons parameters to delta_max=0.1000 bound.
2026-08-12 04:07:49 | sleep.weights.plasticity       | INFO  | Hard-clipped 5 w_cons parameters to delta_max=0.1000 bound.
2026-08-12 04:07:49 | sleep.weights.plasticity       | INFO  | Hard-clipped 5 w_cons parameters to delta_max=0.1000 bound.
2026-08-12 04:07:49 | sleep.weights.plasticity       | INFO  | Hard-clipped 5 w_cons parameters to delta_max=0.1000 bound.
2026-08-12 04:07:49 | sleep.weights.plasticity       | INFO  | Hard-clipped 5 w_cons parameters to delta_max=0.1000 bound.
2026-08-12 04:07:49 | sleep.weights.plasticity       | INFO  | Hard-clipped 5 w_cons parameters to delta_max=0.1000 bound.
2026-08-12 04:07:50 | sleep.weights.plasticity       | INFO  | Hard-clipped 5 w_cons parameters to delta_max=0.1000 bound.
2026-08-12 04:07:50 | sleep.weights.plasticity       | INFO  | Hard-clipped 5 w_cons parameters to delta_max=0.1000 bound.
2026-08-12 04:07:50 | sleep.weights.plasticity       | INFO  | Hard-clipped 5 w_cons parameters to delta_max=0.1000 bound.
2026-08-12 04:07:50 | sleep.weights.plasticity       | INFO  | Hard-clipped 5 w_cons parameters to delta_max=0.1000 bound.
2026-08-12 04:07:50 | sleep.weights.plasticity       | INFO  | Hard-clipped 5 w_cons parameters to delta_max=0.1000 bound.
2026-08-12 04:07:50 | sleep.weights.plasticity       | INFO  | Hard-clipped 5 w_cons parameters to delta_max=0.1000 bound.
2026-08-12 04:07:51 | sleep.weights.plasticity       | INFO  | Hard-clipped 5 w_cons parameters to delta_max=0.1000 bound.
2026-08-12 04:07:51 | sleep.weights.plasticity       | INFO  | Hard-clipped 5 w_cons parameters to delta_max=0.1000 bound.
2026-08-12 04:07:51 | sleep.weights.plasticity       | INFO  | Hard-clipped 5 w_cons parameters to delta_max=0.1000 bound.
2026-08-12 04:07:51 | sleep.weights.plasticity       | INFO  | Hard-clipped 5 w_cons parameters to delta_max=0.1000 bound.
2026-08-12 04:07:51 | sleep.weights.plasticity       | INFO  | Hard-clipped 5 w_cons parameters to delta_max=0.1000 bound.
2026-08-12 04:07:51 | sleep.weights.plasticity       | INFO  | Hard-clipped 5 w_cons parameters to delta_max=0.1000 bound.
2026-08-12 04:07:51 | sleep.weights.plasticity       | INFO  | Hard-clipped 5 w_cons parameters to delta_max=0.1000 bound.
2026-08-12 04:07:52 | sleep.weights.plasticity       | INFO  | Hard-clipped 5 w_cons parameters to delta_max=0.1000 bound.
2026-08-12 04:07:52 | sleep.weights.plasticity       | INFO  | Hard-clipped 5 w_cons parameters to delta_max=0.1000 bound.
2026-08-12 04:07:52 | sleep.weights.plasticity       | INFO  | Hard-clipped 5 w_cons parameters to delta_max=0.1000 bound.
2026-08-12 04:07:52 | sleep.sleep_engine.train       | INFO  |   distill step 280/400 | loss=0.3929 (kl=0.2364 ce=0.3130) | lr=2.50e-05
2026-08-12 04:07:52 | sleep.weights.plasticity       | INFO  | Hard-clipped 5 w_cons parameters to delta_max=0.1000 bound.
2026-08-12 04:07:52 | sleep.weights.plasticity       | INFO  | Hard-clipped 5 w_cons parameters to delta_max=0.1000 bound.
2026-08-12 04:07:52 | sleep.weights.plasticity       | INFO  | Hard-clipped 5 w_cons parameters to delta_max=0.1000 bound.
2026-08-12 04:07:52 | sleep.weights.plasticity       | INFO  | Hard-clipped 5 w_cons parameters to delta_max=0.1000 bound.
2026-08-12 04:07:53 | sleep.weights.plasticity       | INFO  | Hard-clipped 5 w_cons parameters to delta_max=0.1000 bound.
2026-08-12 04:07:53 | sleep.weights.plasticity       | INFO  | Hard-clipped 5 w_cons parameters to delta_max=0.1000 bound.
2026-08-12 04:07:53 | sleep.weights.plasticity       | INFO  | Hard-clipped 5 w_cons parameters to delta_max=0.1000 bound.
2026-08-12 04:07:53 | sleep.weights.plasticity       | INFO  | Hard-clipped 5 w_cons parameters to delta_max=0.1000 bound.
2026-08-12 04:07:53 | sleep.weights.plasticity       | INFO  | Hard-clipped 5 w_cons parameters to delta_max=0.1000 bound.
2026-08-12 04:07:53 | sleep.weights.plasticity       | INFO  | Hard-clipped 5 w_cons parameters to delta_max=0.1000 bound.
2026-08-12 04:07:53 | sleep.weights.plasticity       | INFO  | Hard-clipped 5 w_cons parameters to delta_max=0.1000 bound.
2026-08-12 04:07:54 | sleep.weights.plasticity       | INFO  | Hard-clipped 5 w_cons parameters to delta_max=0.1000 bound.
2026-08-12 04:07:54 | sleep.weights.plasticity       | INFO  | Hard-clipped 5 w_cons parameters to delta_max=0.1000 bound.
2026-08-12 04:07:54 | sleep.weights.plasticity       | INFO  | Hard-clipped 5 w_cons parameters to delta_max=0.1000 bound.
2026-08-12 04:07:54 | sleep.weights.plasticity       | INFO  | Hard-clipped 5 w_cons parameters to delta_max=0.1000 bound.
2026-08-12 04:07:54 | sleep.weights.plasticity       | INFO  | Hard-clipped 5 w_cons parameters to delta_max=0.1000 bound.
2026-08-12 04:07:54 | sleep.weights.plasticity       | INFO  | Hard-clipped 5 w_cons parameters to delta_max=0.1000 bound.
2026-08-12 04:07:54 | sleep.weights.plasticity       | INFO  | Hard-clipped 5 w_cons parameters to delta_max=0.1000 bound.
2026-08-12 04:07:55 | sleep.weights.plasticity       | INFO  | Hard-clipped 5 w_cons parameters to delta_max=0.1000 bound.
2026-08-12 04:07:55 | sleep.weights.plasticity       | INFO  | Hard-clipped 5 w_cons parameters to delta_max=0.1000 bound.
2026-08-12 04:07:55 | sleep.weights.plasticity       | INFO  | Hard-clipped 5 w_cons parameters to delta_max=0.1000 bound.
2026-08-12 04:07:55 | sleep.weights.plasticity       | INFO  | Hard-clipped 5 w_cons parameters to delta_max=0.1000 bound.
2026-08-12 04:07:55 | sleep.weights.plasticity       | INFO  | Hard-clipped 5 w_cons parameters to delta_max=0.1000 bound.
2026-08-12 04:07:55 | sleep.weights.plasticity       | INFO  | Hard-clipped 5 w_cons parameters to delta_max=0.1000 bound.
2026-08-12 04:07:55 | sleep.weights.plasticity       | INFO  | Hard-clipped 5 w_cons parameters to delta_max=0.1000 bound.
2026-08-12 04:07:56 | sleep.weights.plasticity       | INFO  | Hard-clipped 5 w_cons parameters to delta_max=0.1000 bound.
2026-08-12 04:07:56 | sleep.weights.plasticity       | INFO  | Hard-clipped 5 w_cons parameters to delta_max=0.1000 bound.
2026-08-12 04:07:56 | sleep.weights.plasticity       | INFO  | Hard-clipped 5 w_cons parameters to delta_max=0.1000 bound.
2026-08-12 04:07:56 | sleep.weights.plasticity       | INFO  | Hard-clipped 5 w_cons parameters to delta_max=0.1000 bound.
2026-08-12 04:07:56 | sleep.weights.plasticity       | INFO  | Hard-clipped 5 w_cons parameters to delta_max=0.1000 bound.
2026-08-12 04:07:56 | sleep.weights.plasticity       | INFO  | Hard-clipped 5 w_cons parameters to delta_max=0.1000 bound.
2026-08-12 04:07:56 | sleep.weights.plasticity       | INFO  | Hard-clipped 5 w_cons parameters to delta_max=0.1000 bound.
2026-08-12 04:07:57 | sleep.weights.plasticity       | INFO  | Hard-clipped 5 w_cons parameters to delta_max=0.1000 bound.
2026-08-12 04:07:57 | sleep.weights.plasticity       | INFO  | Hard-clipped 5 w_cons parameters to delta_max=0.1000 bound.
2026-08-12 04:07:57 | sleep.weights.plasticity       | INFO  | Hard-clipped 5 w_cons parameters to delta_max=0.1000 bound.
2026-08-12 04:07:57 | sleep.weights.plasticity       | INFO  | Hard-clipped 5 w_cons parameters to delta_max=0.1000 bound.
2026-08-12 04:07:57 | sleep.weights.plasticity       | INFO  | Hard-clipped 5 w_cons parameters to delta_max=0.1000 bound.
2026-08-12 04:07:57 | sleep.weights.plasticity       | INFO  | Hard-clipped 5 w_cons parameters to delta_max=0.1000 bound.
2026-08-12 04:07:57 | sleep.weights.plasticity       | INFO  | Hard-clipped 5 w_cons parameters to delta_max=0.1000 bound.
2026-08-12 04:07:58 | sleep.weights.plasticity       | INFO  | Hard-clipped 5 w_cons parameters to delta_max=0.1000 bound.
2026-08-12 04:07:58 | sleep.sleep_engine.train       | INFO  |   distill step 320/400 | loss=0.4984 (kl=0.3238 ce=0.3493) | lr=1.17e-05
2026-08-12 04:07:58 | sleep.weights.plasticity       | INFO  | Hard-clipped 5 w_cons parameters to delta_max=0.1000 bound.
2026-08-12 04:07:58 | sleep.weights.plasticity       | INFO  | Hard-clipped 5 w_cons parameters to delta_max=0.1000 bound.
2026-08-12 04:07:58 | sleep.weights.plasticity       | INFO  | Hard-clipped 5 w_cons parameters to delta_max=0.1000 bound.
2026-08-12 04:07:58 | sleep.weights.plasticity       | INFO  | Hard-clipped 5 w_cons parameters to delta_max=0.1000 bound.
2026-08-12 04:07:58 | sleep.weights.plasticity       | INFO  | Hard-clipped 5 w_cons parameters to delta_max=0.1000 bound.
2026-08-12 04:07:58 | sleep.weights.plasticity       | INFO  | Hard-clipped 5 w_cons parameters to delta_max=0.1000 bound.
2026-08-12 04:07:59 | sleep.weights.plasticity       | INFO  | Hard-clipped 5 w_cons parameters to delta_max=0.1000 bound.
2026-08-12 04:07:59 | sleep.weights.plasticity       | INFO  | Hard-clipped 5 w_cons parameters to delta_max=0.1000 bound.
2026-08-12 04:07:59 | sleep.weights.plasticity       | INFO  | Hard-clipped 5 w_cons parameters to delta_max=0.1000 bound.
2026-08-12 04:07:59 | sleep.weights.plasticity       | INFO  | Hard-clipped 5 w_cons parameters to delta_max=0.1000 bound.
2026-08-12 04:07:59 | sleep.weights.plasticity       | INFO  | Hard-clipped 5 w_cons parameters to delta_max=0.1000 bound.
2026-08-12 04:07:59 | sleep.weights.plasticity       | INFO  | Hard-clipped 5 w_cons parameters to delta_max=0.1000 bound.
2026-08-12 04:07:59 | sleep.weights.plasticity       | INFO  | Hard-clipped 5 w_cons parameters to delta_max=0.1000 bound.
2026-08-12 04:08:00 | sleep.weights.plasticity       | INFO  | Hard-clipped 5 w_cons parameters to delta_max=0.1000 bound.
2026-08-12 04:08:00 | sleep.weights.plasticity       | INFO  | Hard-clipped 5 w_cons parameters to delta_max=0.1000 bound.
2026-08-12 04:08:00 | sleep.weights.plasticity       | INFO  | Hard-clipped 5 w_cons parameters to delta_max=0.1000 bound.
2026-08-12 04:08:00 | sleep.weights.plasticity       | INFO  | Hard-clipped 5 w_cons parameters to delta_max=0.1000 bound.
2026-08-12 04:08:00 | sleep.weights.plasticity       | INFO  | Hard-clipped 5 w_cons parameters to delta_max=0.1000 bound.
2026-08-12 04:08:00 | sleep.weights.plasticity       | INFO  | Hard-clipped 5 w_cons parameters to delta_max=0.1000 bound.
2026-08-12 04:08:00 | sleep.weights.plasticity       | INFO  | Hard-clipped 5 w_cons parameters to delta_max=0.1000 bound.
2026-08-12 04:08:01 | sleep.weights.plasticity       | INFO  | Hard-clipped 5 w_cons parameters to delta_max=0.1000 bound.
2026-08-12 04:08:01 | sleep.weights.plasticity       | INFO  | Hard-clipped 5 w_cons parameters to delta_max=0.1000 bound.
2026-08-12 04:08:01 | sleep.weights.plasticity       | INFO  | Hard-clipped 5 w_cons parameters to delta_max=0.1000 bound.
2026-08-12 04:08:01 | sleep.weights.plasticity       | INFO  | Hard-clipped 5 w_cons parameters to delta_max=0.1000 bound.
2026-08-12 04:08:01 | sleep.weights.plasticity       | INFO  | Hard-clipped 5 w_cons parameters to delta_max=0.1000 bound.
2026-08-12 04:08:01 | sleep.weights.plasticity       | INFO  | Hard-clipped 5 w_cons parameters to delta_max=0.1000 bound.
2026-08-12 04:08:01 | sleep.weights.plasticity       | INFO  | Hard-clipped 5 w_cons parameters to delta_max=0.1000 bound.
2026-08-12 04:08:02 | sleep.weights.plasticity       | INFO  | Hard-clipped 5 w_cons parameters to delta_max=0.1000 bound.
2026-08-12 04:08:02 | sleep.weights.plasticity       | INFO  | Hard-clipped 5 w_cons parameters to delta_max=0.1000 bound.
2026-08-12 04:08:02 | sleep.weights.plasticity       | INFO  | Hard-clipped 5 w_cons parameters to delta_max=0.1000 bound.
2026-08-12 04:08:02 | sleep.weights.plasticity       | INFO  | Hard-clipped 5 w_cons parameters to delta_max=0.1000 bound.
2026-08-12 04:08:02 | sleep.weights.plasticity       | INFO  | Hard-clipped 5 w_cons parameters to delta_max=0.1000 bound.
2026-08-12 04:08:02 | sleep.weights.plasticity       | INFO  | Hard-clipped 5 w_cons parameters to delta_max=0.1000 bound.
2026-08-12 04:08:02 | sleep.weights.plasticity       | INFO  | Hard-clipped 5 w_cons parameters to delta_max=0.1000 bound.
2026-08-12 04:08:03 | sleep.weights.plasticity       | INFO  | Hard-clipped 4 w_cons parameters to delta_max=0.1000 bound.
2026-08-12 04:08:03 | sleep.weights.plasticity       | INFO  | Hard-clipped 4 w_cons parameters to delta_max=0.1000 bound.
2026-08-12 04:08:03 | sleep.weights.plasticity       | INFO  | Hard-clipped 4 w_cons parameters to delta_max=0.1000 bound.
2026-08-12 04:08:03 | sleep.weights.plasticity       | INFO  | Hard-clipped 4 w_cons parameters to delta_max=0.1000 bound.
2026-08-12 04:08:03 | sleep.weights.plasticity       | INFO  | Hard-clipped 4 w_cons parameters to delta_max=0.1000 bound.
2026-08-12 04:08:03 | sleep.weights.plasticity       | INFO  | Hard-clipped 4 w_cons parameters to delta_max=0.1000 bound.
2026-08-12 04:08:03 | sleep.sleep_engine.train       | INFO  |   distill step 360/400 | loss=0.2284 (kl=0.1613 ce=0.1343) | lr=3.02e-06
2026-08-12 04:08:04 | sleep.weights.plasticity       | INFO  | Hard-clipped 4 w_cons parameters to delta_max=0.1000 bound.
2026-08-12 04:08:04 | sleep.weights.plasticity       | INFO  | Hard-clipped 4 w_cons parameters to delta_max=0.1000 bound.
2026-08-12 04:08:04 | sleep.weights.plasticity       | INFO  | Hard-clipped 4 w_cons parameters to delta_max=0.1000 bound.
2026-08-12 04:08:04 | sleep.weights.plasticity       | INFO  | Hard-clipped 4 w_cons parameters to delta_max=0.1000 bound.
2026-08-12 04:08:04 | sleep.weights.plasticity       | INFO  | Hard-clipped 4 w_cons parameters to delta_max=0.1000 bound.
2026-08-12 04:08:04 | sleep.weights.plasticity       | INFO  | Hard-clipped 4 w_cons parameters to delta_max=0.1000 bound.
2026-08-12 04:08:04 | sleep.weights.plasticity       | INFO  | Hard-clipped 5 w_cons parameters to delta_max=0.1000 bound.
2026-08-12 04:08:05 | sleep.weights.plasticity       | INFO  | Hard-clipped 5 w_cons parameters to delta_max=0.1000 bound.
2026-08-12 04:08:05 | sleep.weights.plasticity       | INFO  | Hard-clipped 4 w_cons parameters to delta_max=0.1000 bound.
2026-08-12 04:08:05 | sleep.weights.plasticity       | INFO  | Hard-clipped 4 w_cons parameters to delta_max=0.1000 bound.
2026-08-12 04:08:05 | sleep.weights.plasticity       | INFO  | Hard-clipped 5 w_cons parameters to delta_max=0.1000 bound.
2026-08-12 04:08:05 | sleep.weights.plasticity       | INFO  | Hard-clipped 5 w_cons parameters to delta_max=0.1000 bound.
2026-08-12 04:08:05 | sleep.weights.plasticity       | INFO  | Hard-clipped 5 w_cons parameters to delta_max=0.1000 bound.
2026-08-12 04:08:05 | sleep.weights.plasticity       | INFO  | Hard-clipped 5 w_cons parameters to delta_max=0.1000 bound.
2026-08-12 04:08:06 | sleep.weights.plasticity       | INFO  | Hard-clipped 5 w_cons parameters to delta_max=0.1000 bound.
2026-08-12 04:08:06 | sleep.weights.plasticity       | INFO  | Hard-clipped 5 w_cons parameters to delta_max=0.1000 bound.
2026-08-12 04:08:06 | sleep.weights.plasticity       | INFO  | Hard-clipped 5 w_cons parameters to delta_max=0.1000 bound.
2026-08-12 04:08:06 | sleep.weights.plasticity       | INFO  | Hard-clipped 4 w_cons parameters to delta_max=0.1000 bound.
2026-08-12 04:08:06 | sleep.weights.plasticity       | INFO  | Hard-clipped 5 w_cons parameters to delta_max=0.1000 bound.
2026-08-12 04:08:06 | sleep.weights.plasticity       | INFO  | Hard-clipped 5 w_cons parameters to delta_max=0.1000 bound.
2026-08-12 04:08:06 | sleep.weights.plasticity       | INFO  | Hard-clipped 5 w_cons parameters to delta_max=0.1000 bound.
2026-08-12 04:08:07 | sleep.weights.plasticity       | INFO  | Hard-clipped 5 w_cons parameters to delta_max=0.1000 bound.
2026-08-12 04:08:07 | sleep.weights.plasticity       | INFO  | Hard-clipped 5 w_cons parameters to delta_max=0.1000 bound.
2026-08-12 04:08:07 | sleep.weights.plasticity       | INFO  | Hard-clipped 5 w_cons parameters to delta_max=0.1000 bound.
2026-08-12 04:08:07 | sleep.weights.plasticity       | INFO  | Hard-clipped 5 w_cons parameters to delta_max=0.1000 bound.
2026-08-12 04:08:07 | sleep.weights.plasticity       | INFO  | Hard-clipped 5 w_cons parameters to delta_max=0.1000 bound.
2026-08-12 04:08:07 | sleep.weights.plasticity       | INFO  | Hard-clipped 5 w_cons parameters to delta_max=0.1000 bound.
2026-08-12 04:08:08 | sleep.weights.plasticity       | INFO  | Hard-clipped 5 w_cons parameters to delta_max=0.1000 bound.
2026-08-12 04:08:08 | sleep.weights.plasticity       | INFO  | Hard-clipped 5 w_cons parameters to delta_max=0.1000 bound.
2026-08-12 04:08:08 | sleep.weights.plasticity       | INFO  | Hard-clipped 5 w_cons parameters to delta_max=0.1000 bound.
2026-08-12 04:08:08 | sleep.weights.plasticity       | INFO  | Hard-clipped 5 w_cons parameters to delta_max=0.1000 bound.
2026-08-12 04:08:08 | sleep.weights.plasticity       | INFO  | Hard-clipped 5 w_cons parameters to delta_max=0.1000 bound.
2026-08-12 04:08:08 | sleep.weights.plasticity       | INFO  | Hard-clipped 5 w_cons parameters to delta_max=0.1000 bound.
2026-08-12 04:08:08 | sleep.weights.plasticity       | INFO  | Hard-clipped 5 w_cons parameters to delta_max=0.1000 bound.
2026-08-12 04:08:09 | sleep.weights.plasticity       | INFO  | Hard-clipped 5 w_cons parameters to delta_max=0.1000 bound.
2026-08-12 04:08:09 | sleep.weights.plasticity       | INFO  | Hard-clipped 5 w_cons parameters to delta_max=0.1000 bound.
2026-08-12 04:08:09 | sleep.weights.plasticity       | INFO  | Hard-clipped 5 w_cons parameters to delta_max=0.1000 bound.
2026-08-12 04:08:09 | sleep.weights.plasticity       | INFO  | Hard-clipped 5 w_cons parameters to delta_max=0.1000 bound.
2026-08-12 04:08:09 | sleep.weights.plasticity       | INFO  | Hard-clipped 5 w_cons parameters to delta_max=0.1000 bound.
2026-08-12 04:08:09 | sleep.weights.plasticity       | INFO  | Hard-clipped 5 w_cons parameters to delta_max=0.1000 bound.
2026-08-12 04:08:09 | sleep.sleep_engine.train       | INFO  |   distill step 400/400 | loss=0.3603 (kl=0.1943 ce=0.3318) | lr=0.00e+00
2026-08-12 04:08:09 | sleep.sleep_engine.train       | INFO  | Sleep distill-training complete | n_steps=400 | final_loss=0.3603 | mean_loss=0.5435
2026-08-12 04:08:09 | sleep.sleep_engine             | INFO  | Phase 3 complete: 400 steps, final_loss=0.3603, mean_loss=0.5435
2026-08-12 04:08:09 | sleep.sleep_engine             | INFO  | Phase 4/5: PPL CHECK (skipped — no benchmark data)
2026-08-12 04:08:09 | sleep.sleep_engine             | INFO  | Phase 5/5: VALIDATE & CLEANUP
2026-08-12 04:08:10 | sleep.weights.plasticity       | INFO  | Saved checkpoint for adapter 'w_cons': 44 parameters.
2026-08-12 04:08:10 | sleep.weights.plasticity       | INFO  | Restored 44 parameters for adapter 'w_cons' from checkpoint.
2026-08-12 04:08:10 | sleep.weights.plasticity       | INFO  | Restored 44 parameters for adapter 'w_cons' from checkpoint.
2026-08-12 04:08:16 | sleep.sleep_engine             | INFO  | Two-stage validation: 4/18 passed surprise, 4 also passed the mini-recall gate (self-grading gap = 0)
2026-08-12 04:08:16 | sleep.sleep_engine.cleanup     | INFO  | Cleanup complete | passed=4 | failed=14 | permanently_removed=0
2026-08-12 04:08:16 | sleep.sleep_engine             | INFO  | Phase 5 complete: consolidated=4, failed=14, permanently_removed=0
2026-08-12 04:08:16 | sleep.metrics                  | INFO  | summary | {'sleep_engine/n_candidates': 18, 'sleep_engine/n_replays_generated': 72, 'sleep_engine/n_replays_accepted': 72, 'sleep_engine/n_consolidated': 4, 'sleep_engine/n_failed': 14, 'sleep_engine/n_permanently_removed': 0, 'sleep_engine/rolled_back': False}
2026-08-12 04:08:16 | sleep.weights.kv_memory        | INFO  | bank cleared: freed 9 tags / 433 tokens
2026-08-12 04:08:16 | sleep.sleep_engine             | INFO  | KV bank cleared (9 entries removed)
2026-08-12 04:08:16 | sleep.sleep_engine             | INFO  | KV memory injection: ENABLED
2026-08-12 04:08:16 | sleep.sleep_engine             | INFO  | === Sleep cycle END ===
2026-08-12 04:10:35 | sleep.evaluation.recall        | INFO  | Recall evaluation: DRA=0.1292 across 80 cases
2026-08-12 04:11:09 | sleep.evaluation.recall        | INFO  | Recall evaluation: DRA=0.1833 across 20 cases
2026-08-12 04:11:10 | sleep.evaluation.preservation  | INFO  | Perplexity evaluation: PPL=5.9878 (mean_loss=1.7897, 62 tokens)
2026-08-12 04:11:10 | sleep.evaluation.preservation  | INFO  | BCP: 1.3719 (current_ppl=5.9878, original_ppl=4.3646)
2026-08-12 04:11:10 | sleep.experiment.08            | INFO  | [sleep Cycle 4 EVAL] DRA cumulative=0.129 (20/80 hits); DRA current=0.183 (5/20 hits); BCP=1.3719
2026-08-12 04:11:10 | sleep.experiment.08            | INFO  | ======================================================================
2026-08-12 04:11:10 | sleep.experiment.08            | INFO  | [SLEEP Cycle 5] Wake phase: 20 facts
2026-08-12 04:11:10 | sleep.experiment.08            | INFO  | ======================================================================
2026-08-12 04:11:10 | sleep.tagging                  | INFO  | step=81 | 2 tags created from 2 spans | buffer: 56/36208 (0.2%)
2026-08-12 04:11:10 | sleep.tagging                  | INFO  | step=82 | 1 tags created from 1 spans | buffer: 57/36208 (0.2%)
2026-08-12 04:11:10 | sleep.tagging                  | INFO  | step=86 | 1 tags created from 1 spans | buffer: 58/36208 (0.2%)
2026-08-12 04:11:10 | sleep.tagging                  | INFO  | step=87 | 1 tags created from 1 spans | buffer: 59/36208 (0.2%)
2026-08-12 04:11:10 | sleep.tagging                  | INFO  | step=89 | 1 tags created from 1 spans | buffer: 60/36208 (0.2%)
2026-08-12 04:11:10 | sleep.tagging                  | INFO  | step=92 | 1 tags created from 1 spans | buffer: 61/36208 (0.2%)
2026-08-12 04:11:11 | sleep.tagging                  | INFO  | step=94 | 1 tags created from 1 spans | buffer: 62/36208 (0.2%)
2026-08-12 04:11:11 | sleep.tagging                  | INFO  | step=96 | 1 tags created from 1 spans | buffer: 63/36208 (0.2%)
2026-08-12 04:11:11 | sleep.tagging                  | INFO  | step=97 | 1 tags created from 1 spans | buffer: 64/36208 (0.2%)
2026-08-12 04:11:11 | sleep.experiment.08            | INFO  | [Cycle 5] Wake summary: 20 facts -> 9 KV writes; bank: 426/20000 tokens
2026-08-12 04:11:11 | sleep.prp                      | INFO  | step=100 | PRP update: 17/3620 allocated (0%) | +13 -0 | threshold=0.269 | mean_score=0.237
2026-08-12 04:11:11 | sleep.experiment.08            | INFO  | [Cycle 5] PRP: 17 allocated, 17 consolidation candidates
2026-08-12 04:11:11 | sleep.sleep_engine             | INFO  | === Sleep cycle START | 17 candidates ===
2026-08-12 04:11:11 | sleep.sleep_engine             | INFO  | Phase 1/5: GENERATE (strategy=paraphrase)
2026-08-12 04:11:11 | sleep.sleep_engine             | INFO  | KV memory injection: DISABLED
2026-08-12 04:11:11 | sleep.sleep_engine             | INFO  | Phase 1 (paraphrase strategy): 135 wordings from 6 unique sources (17 candidates)
2026-08-12 04:11:11 | sleep.sleep_engine             | INFO  | Phase 1 complete: 135/17 replays generated
2026-08-12 04:11:11 | sleep.sleep_engine             | INFO  | Phase 2/5: QUALITY CHECK
2026-08-12 04:11:11 | sleep.sleep_engine             | INFO  | Phase 2 complete: 135/135 replays accepted
2026-08-12 04:11:11 | sleep.sleep_engine             | INFO  | Phase 3/5: TRAIN (135 accepted replays)
2026-08-12 04:11:11 | sleep.sleep_engine             | INFO  | KV memory injection: DISABLED
2026-08-12 04:11:11 | sleep.weights.plasticity       | INFO  | Saved checkpoint for adapter 'w_cons': 44 parameters.
2026-08-12 04:11:11 | sleep.weights.plasticity       | INFO  | Saved checkpoint for adapter 'w_cons': 44 parameters.
2026-08-12 04:11:11 | sleep.sleep_engine.train       | INFO  | Sleep distill-training: 6 facts | 400 steps | lr=1.00e-04 | T=2
2026-08-12 04:11:11 | sleep.sleep_engine.train       | INFO  |   distill step 1/400 | loss=1.5237 (kl=0.9218 ce=1.2039) | lr=2.50e-06
2026-08-12 04:11:17 | sleep.sleep_engine.train       | INFO  |   distill step 40/400 | loss=1.0862 (kl=0.5482 ce=1.0758) | lr=1.00e-04
2026-08-12 04:11:23 | sleep.sleep_engine.train       | INFO  |   distill step 80/400 | loss=0.4231 (kl=0.3254 ce=0.1953) | lr=9.70e-05
2026-08-12 04:11:27 | sleep.weights.plasticity       | INFO  | Hard-clipped 1 w_cons parameters to delta_max=0.1000 bound.
2026-08-12 04:11:27 | sleep.weights.plasticity       | INFO  | Hard-clipped 1 w_cons parameters to delta_max=0.1000 bound.
2026-08-12 04:11:27 | sleep.weights.plasticity       | INFO  | Hard-clipped 1 w_cons parameters to delta_max=0.1000 bound.
2026-08-12 04:11:27 | sleep.weights.plasticity       | INFO  | Hard-clipped 1 w_cons parameters to delta_max=0.1000 bound.
2026-08-12 04:11:28 | sleep.weights.plasticity       | INFO  | Hard-clipped 1 w_cons parameters to delta_max=0.1000 bound.
2026-08-12 04:11:28 | sleep.weights.plasticity       | INFO  | Hard-clipped 1 w_cons parameters to delta_max=0.1000 bound.
2026-08-12 04:11:28 | sleep.weights.plasticity       | INFO  | Hard-clipped 1 w_cons parameters to delta_max=0.1000 bound.
2026-08-12 04:11:28 | sleep.weights.plasticity       | INFO  | Hard-clipped 2 w_cons parameters to delta_max=0.1000 bound.
2026-08-12 04:11:28 | sleep.weights.plasticity       | INFO  | Hard-clipped 2 w_cons parameters to delta_max=0.1000 bound.
2026-08-12 04:11:28 | sleep.weights.plasticity       | INFO  | Hard-clipped 2 w_cons parameters to delta_max=0.1000 bound.
2026-08-12 04:11:28 | sleep.weights.plasticity       | INFO  | Hard-clipped 2 w_cons parameters to delta_max=0.1000 bound.
2026-08-12 04:11:29 | sleep.weights.plasticity       | INFO  | Hard-clipped 2 w_cons parameters to delta_max=0.1000 bound.
2026-08-12 04:11:29 | sleep.weights.plasticity       | INFO  | Hard-clipped 2 w_cons parameters to delta_max=0.1000 bound.
2026-08-12 04:11:29 | sleep.sleep_engine.train       | INFO  |   distill step 120/400 | loss=0.4839 (kl=0.3843 ce=0.1993) | lr=8.83e-05
2026-08-12 04:11:29 | sleep.weights.plasticity       | INFO  | Hard-clipped 2 w_cons parameters to delta_max=0.1000 bound.
2026-08-12 04:11:29 | sleep.weights.plasticity       | INFO  | Hard-clipped 2 w_cons parameters to delta_max=0.1000 bound.
2026-08-12 04:11:29 | sleep.weights.plasticity       | INFO  | Hard-clipped 2 w_cons parameters to delta_max=0.1000 bound.
2026-08-12 04:11:29 | sleep.weights.plasticity       | INFO  | Hard-clipped 2 w_cons parameters to delta_max=0.1000 bound.
2026-08-12 04:11:29 | sleep.weights.plasticity       | INFO  | Hard-clipped 2 w_cons parameters to delta_max=0.1000 bound.
2026-08-12 04:11:30 | sleep.weights.plasticity       | INFO  | Hard-clipped 2 w_cons parameters to delta_max=0.1000 bound.
2026-08-12 04:11:30 | sleep.weights.plasticity       | INFO  | Hard-clipped 2 w_cons parameters to delta_max=0.1000 bound.
2026-08-12 04:11:30 | sleep.weights.plasticity       | INFO  | Hard-clipped 2 w_cons parameters to delta_max=0.1000 bound.
2026-08-12 04:11:30 | sleep.weights.plasticity       | INFO  | Hard-clipped 2 w_cons parameters to delta_max=0.1000 bound.
2026-08-12 04:11:30 | sleep.weights.plasticity       | INFO  | Hard-clipped 2 w_cons parameters to delta_max=0.1000 bound.
2026-08-12 04:11:30 | sleep.weights.plasticity       | INFO  | Hard-clipped 2 w_cons parameters to delta_max=0.1000 bound.
2026-08-12 04:11:30 | sleep.weights.plasticity       | INFO  | Hard-clipped 2 w_cons parameters to delta_max=0.1000 bound.
2026-08-12 04:11:31 | sleep.weights.plasticity       | INFO  | Hard-clipped 2 w_cons parameters to delta_max=0.1000 bound.
2026-08-12 04:11:31 | sleep.weights.plasticity       | INFO  | Hard-clipped 2 w_cons parameters to delta_max=0.1000 bound.
2026-08-12 04:11:31 | sleep.weights.plasticity       | INFO  | Hard-clipped 3 w_cons parameters to delta_max=0.1000 bound.
2026-08-12 04:11:31 | sleep.weights.plasticity       | INFO  | Hard-clipped 3 w_cons parameters to delta_max=0.1000 bound.
2026-08-12 04:11:31 | sleep.weights.plasticity       | INFO  | Hard-clipped 3 w_cons parameters to delta_max=0.1000 bound.
2026-08-12 04:11:31 | sleep.weights.plasticity       | INFO  | Hard-clipped 3 w_cons parameters to delta_max=0.1000 bound.
2026-08-12 04:11:31 | sleep.weights.plasticity       | INFO  | Hard-clipped 3 w_cons parameters to delta_max=0.1000 bound.
2026-08-12 04:11:32 | sleep.weights.plasticity       | INFO  | Hard-clipped 3 w_cons parameters to delta_max=0.1000 bound.
2026-08-12 04:11:32 | sleep.weights.plasticity       | INFO  | Hard-clipped 3 w_cons parameters to delta_max=0.1000 bound.
2026-08-12 04:11:32 | sleep.weights.plasticity       | INFO  | Hard-clipped 3 w_cons parameters to delta_max=0.1000 bound.
2026-08-12 04:11:32 | sleep.weights.plasticity       | INFO  | Hard-clipped 3 w_cons parameters to delta_max=0.1000 bound.
2026-08-12 04:11:32 | sleep.weights.plasticity       | INFO  | Hard-clipped 3 w_cons parameters to delta_max=0.1000 bound.
2026-08-12 04:11:32 | sleep.weights.plasticity       | INFO  | Hard-clipped 3 w_cons parameters to delta_max=0.1000 bound.
2026-08-12 04:11:32 | sleep.weights.plasticity       | INFO  | Hard-clipped 3 w_cons parameters to delta_max=0.1000 bound.
2026-08-12 04:11:33 | sleep.weights.plasticity       | INFO  | Hard-clipped 3 w_cons parameters to delta_max=0.1000 bound.
2026-08-12 04:11:33 | sleep.weights.plasticity       | INFO  | Hard-clipped 3 w_cons parameters to delta_max=0.1000 bound.
2026-08-12 04:11:33 | sleep.weights.plasticity       | INFO  | Hard-clipped 3 w_cons parameters to delta_max=0.1000 bound.
2026-08-12 04:11:33 | sleep.weights.plasticity       | INFO  | Hard-clipped 4 w_cons parameters to delta_max=0.1000 bound.
2026-08-12 04:11:33 | sleep.weights.plasticity       | INFO  | Hard-clipped 4 w_cons parameters to delta_max=0.1000 bound.
2026-08-12 04:11:33 | sleep.weights.plasticity       | INFO  | Hard-clipped 4 w_cons parameters to delta_max=0.1000 bound.
2026-08-12 04:11:33 | sleep.weights.plasticity       | INFO  | Hard-clipped 4 w_cons parameters to delta_max=0.1000 bound.
2026-08-12 04:11:34 | sleep.weights.plasticity       | INFO  | Hard-clipped 4 w_cons parameters to delta_max=0.1000 bound.
2026-08-12 04:11:34 | sleep.weights.plasticity       | INFO  | Hard-clipped 4 w_cons parameters to delta_max=0.1000 bound.
2026-08-12 04:11:34 | sleep.weights.plasticity       | INFO  | Hard-clipped 4 w_cons parameters to delta_max=0.1000 bound.
2026-08-12 04:11:34 | sleep.weights.plasticity       | INFO  | Hard-clipped 4 w_cons parameters to delta_max=0.1000 bound.
2026-08-12 04:11:34 | sleep.weights.plasticity       | INFO  | Hard-clipped 4 w_cons parameters to delta_max=0.1000 bound.
2026-08-12 04:11:34 | sleep.weights.plasticity       | INFO  | Hard-clipped 4 w_cons parameters to delta_max=0.1000 bound.
2026-08-12 04:11:34 | sleep.weights.plasticity       | INFO  | Hard-clipped 4 w_cons parameters to delta_max=0.1000 bound.
2026-08-12 04:11:34 | sleep.sleep_engine.train       | INFO  |   distill step 160/400 | loss=0.4314 (kl=0.2488 ce=0.3651) | lr=7.50e-05
2026-08-12 04:11:35 | sleep.weights.plasticity       | INFO  | Hard-clipped 4 w_cons parameters to delta_max=0.1000 bound.
2026-08-12 04:11:35 | sleep.weights.plasticity       | INFO  | Hard-clipped 4 w_cons parameters to delta_max=0.1000 bound.
2026-08-12 04:11:35 | sleep.weights.plasticity       | INFO  | Hard-clipped 4 w_cons parameters to delta_max=0.1000 bound.
2026-08-12 04:11:35 | sleep.weights.plasticity       | INFO  | Hard-clipped 4 w_cons parameters to delta_max=0.1000 bound.
2026-08-12 04:11:35 | sleep.weights.plasticity       | INFO  | Hard-clipped 4 w_cons parameters to delta_max=0.1000 bound.
2026-08-12 04:11:35 | sleep.weights.plasticity       | INFO  | Hard-clipped 4 w_cons parameters to delta_max=0.1000 bound.
2026-08-12 04:11:35 | sleep.weights.plasticity       | INFO  | Hard-clipped 4 w_cons parameters to delta_max=0.1000 bound.
2026-08-12 04:11:36 | sleep.weights.plasticity       | INFO  | Hard-clipped 4 w_cons parameters to delta_max=0.1000 bound.
2026-08-12 04:11:36 | sleep.weights.plasticity       | INFO  | Hard-clipped 4 w_cons parameters to delta_max=0.1000 bound.
2026-08-12 04:11:36 | sleep.weights.plasticity       | INFO  | Hard-clipped 4 w_cons parameters to delta_max=0.1000 bound.
2026-08-12 04:11:36 | sleep.weights.plasticity       | INFO  | Hard-clipped 4 w_cons parameters to delta_max=0.1000 bound.
2026-08-12 04:11:36 | sleep.weights.plasticity       | INFO  | Hard-clipped 4 w_cons parameters to delta_max=0.1000 bound.
2026-08-12 04:11:36 | sleep.weights.plasticity       | INFO  | Hard-clipped 4 w_cons parameters to delta_max=0.1000 bound.
2026-08-12 04:11:36 | sleep.weights.plasticity       | INFO  | Hard-clipped 4 w_cons parameters to delta_max=0.1000 bound.
2026-08-12 04:11:37 | sleep.weights.plasticity       | INFO  | Hard-clipped 4 w_cons parameters to delta_max=0.1000 bound.
2026-08-12 04:11:37 | sleep.weights.plasticity       | INFO  | Hard-clipped 4 w_cons parameters to delta_max=0.1000 bound.
2026-08-12 04:11:37 | sleep.weights.plasticity       | INFO  | Hard-clipped 4 w_cons parameters to delta_max=0.1000 bound.
2026-08-12 04:11:37 | sleep.weights.plasticity       | INFO  | Hard-clipped 4 w_cons parameters to delta_max=0.1000 bound.
2026-08-12 04:11:37 | sleep.weights.plasticity       | INFO  | Hard-clipped 4 w_cons parameters to delta_max=0.1000 bound.
2026-08-12 04:11:37 | sleep.weights.plasticity       | INFO  | Hard-clipped 4 w_cons parameters to delta_max=0.1000 bound.
2026-08-12 04:11:37 | sleep.weights.plasticity       | INFO  | Hard-clipped 4 w_cons parameters to delta_max=0.1000 bound.
2026-08-12 04:11:38 | sleep.weights.plasticity       | INFO  | Hard-clipped 4 w_cons parameters to delta_max=0.1000 bound.
2026-08-12 04:11:38 | sleep.weights.plasticity       | INFO  | Hard-clipped 4 w_cons parameters to delta_max=0.1000 bound.
2026-08-12 04:11:38 | sleep.weights.plasticity       | INFO  | Hard-clipped 4 w_cons parameters to delta_max=0.1000 bound.
2026-08-12 04:11:38 | sleep.weights.plasticity       | INFO  | Hard-clipped 4 w_cons parameters to delta_max=0.1000 bound.
2026-08-12 04:11:38 | sleep.weights.plasticity       | INFO  | Hard-clipped 4 w_cons parameters to delta_max=0.1000 bound.
2026-08-12 04:11:38 | sleep.weights.plasticity       | INFO  | Hard-clipped 4 w_cons parameters to delta_max=0.1000 bound.
2026-08-12 04:11:38 | sleep.weights.plasticity       | INFO  | Hard-clipped 4 w_cons parameters to delta_max=0.1000 bound.
2026-08-12 04:11:39 | sleep.weights.plasticity       | INFO  | Hard-clipped 4 w_cons parameters to delta_max=0.1000 bound.
2026-08-12 04:11:39 | sleep.weights.plasticity       | INFO  | Hard-clipped 4 w_cons parameters to delta_max=0.1000 bound.
2026-08-12 04:11:39 | sleep.weights.plasticity       | INFO  | Hard-clipped 4 w_cons parameters to delta_max=0.1000 bound.
2026-08-12 04:11:39 | sleep.weights.plasticity       | INFO  | Hard-clipped 4 w_cons parameters to delta_max=0.1000 bound.
2026-08-12 04:11:39 | sleep.weights.plasticity       | INFO  | Hard-clipped 4 w_cons parameters to delta_max=0.1000 bound.
2026-08-12 04:11:39 | sleep.weights.plasticity       | INFO  | Hard-clipped 4 w_cons parameters to delta_max=0.1000 bound.
2026-08-12 04:11:39 | sleep.weights.plasticity       | INFO  | Hard-clipped 4 w_cons parameters to delta_max=0.1000 bound.
2026-08-12 04:11:40 | sleep.weights.plasticity       | INFO  | Hard-clipped 4 w_cons parameters to delta_max=0.1000 bound.
2026-08-12 04:11:40 | sleep.weights.plasticity       | INFO  | Hard-clipped 4 w_cons parameters to delta_max=0.1000 bound.
2026-08-12 04:11:40 | sleep.weights.plasticity       | INFO  | Hard-clipped 5 w_cons parameters to delta_max=0.1000 bound.
2026-08-12 04:11:40 | sleep.weights.plasticity       | INFO  | Hard-clipped 5 w_cons parameters to delta_max=0.1000 bound.
2026-08-12 04:11:40 | sleep.weights.plasticity       | INFO  | Hard-clipped 5 w_cons parameters to delta_max=0.1000 bound.
2026-08-12 04:11:40 | sleep.sleep_engine.train       | INFO  |   distill step 200/400 | loss=0.6381 (kl=0.4249 ce=0.4264) | lr=5.87e-05
2026-08-12 04:11:40 | sleep.weights.plasticity       | INFO  | Hard-clipped 5 w_cons parameters to delta_max=0.1000 bound.
2026-08-12 04:11:40 | sleep.weights.plasticity       | INFO  | Hard-clipped 5 w_cons parameters to delta_max=0.1000 bound.
2026-08-12 04:11:41 | sleep.weights.plasticity       | INFO  | Hard-clipped 5 w_cons parameters to delta_max=0.1000 bound.
2026-08-12 04:11:41 | sleep.weights.plasticity       | INFO  | Hard-clipped 5 w_cons parameters to delta_max=0.1000 bound.
2026-08-12 04:11:41 | sleep.weights.plasticity       | INFO  | Hard-clipped 5 w_cons parameters to delta_max=0.1000 bound.
2026-08-12 04:11:41 | sleep.weights.plasticity       | INFO  | Hard-clipped 5 w_cons parameters to delta_max=0.1000 bound.
2026-08-12 04:11:41 | sleep.weights.plasticity       | INFO  | Hard-clipped 5 w_cons parameters to delta_max=0.1000 bound.
2026-08-12 04:11:41 | sleep.weights.plasticity       | INFO  | Hard-clipped 5 w_cons parameters to delta_max=0.1000 bound.
2026-08-12 04:11:41 | sleep.weights.plasticity       | INFO  | Hard-clipped 5 w_cons parameters to delta_max=0.1000 bound.
2026-08-12 04:11:42 | sleep.weights.plasticity       | INFO  | Hard-clipped 5 w_cons parameters to delta_max=0.1000 bound.
2026-08-12 04:11:42 | sleep.weights.plasticity       | INFO  | Hard-clipped 5 w_cons parameters to delta_max=0.1000 bound.
2026-08-12 04:11:42 | sleep.weights.plasticity       | INFO  | Hard-clipped 5 w_cons parameters to delta_max=0.1000 bound.
2026-08-12 04:11:42 | sleep.weights.plasticity       | INFO  | Hard-clipped 5 w_cons parameters to delta_max=0.1000 bound.
2026-08-12 04:11:42 | sleep.weights.plasticity       | INFO  | Hard-clipped 5 w_cons parameters to delta_max=0.1000 bound.
2026-08-12 04:11:42 | sleep.weights.plasticity       | INFO  | Hard-clipped 5 w_cons parameters to delta_max=0.1000 bound.
2026-08-12 04:11:42 | sleep.weights.plasticity       | INFO  | Hard-clipped 5 w_cons parameters to delta_max=0.1000 bound.
2026-08-12 04:11:43 | sleep.weights.plasticity       | INFO  | Hard-clipped 5 w_cons parameters to delta_max=0.1000 bound.
2026-08-12 04:11:43 | sleep.weights.plasticity       | INFO  | Hard-clipped 5 w_cons parameters to delta_max=0.1000 bound.
2026-08-12 04:11:43 | sleep.weights.plasticity       | INFO  | Hard-clipped 6 w_cons parameters to delta_max=0.1000 bound.
2026-08-12 04:11:43 | sleep.weights.plasticity       | INFO  | Hard-clipped 6 w_cons parameters to delta_max=0.1000 bound.
2026-08-12 04:11:43 | sleep.weights.plasticity       | INFO  | Hard-clipped 6 w_cons parameters to delta_max=0.1000 bound.
2026-08-12 04:11:43 | sleep.weights.plasticity       | INFO  | Hard-clipped 6 w_cons parameters to delta_max=0.1000 bound.
2026-08-12 04:11:43 | sleep.weights.plasticity       | INFO  | Hard-clipped 6 w_cons parameters to delta_max=0.1000 bound.
2026-08-12 04:11:44 | sleep.weights.plasticity       | INFO  | Hard-clipped 6 w_cons parameters to delta_max=0.1000 bound.
2026-08-12 04:11:44 | sleep.weights.plasticity       | INFO  | Hard-clipped 6 w_cons parameters to delta_max=0.1000 bound.
2026-08-12 04:11:44 | sleep.weights.plasticity       | INFO  | Hard-clipped 6 w_cons parameters to delta_max=0.1000 bound.
2026-08-12 04:11:44 | sleep.weights.plasticity       | INFO  | Hard-clipped 6 w_cons parameters to delta_max=0.1000 bound.
2026-08-12 04:11:44 | sleep.weights.plasticity       | INFO  | Hard-clipped 6 w_cons parameters to delta_max=0.1000 bound.
2026-08-12 04:11:44 | sleep.weights.plasticity       | INFO  | Hard-clipped 6 w_cons parameters to delta_max=0.1000 bound.
2026-08-12 04:11:44 | sleep.weights.plasticity       | INFO  | Hard-clipped 6 w_cons parameters to delta_max=0.1000 bound.
2026-08-12 04:11:45 | sleep.weights.plasticity       | INFO  | Hard-clipped 6 w_cons parameters to delta_max=0.1000 bound.
2026-08-12 04:11:45 | sleep.weights.plasticity       | INFO  | Hard-clipped 6 w_cons parameters to delta_max=0.1000 bound.
2026-08-12 04:11:45 | sleep.weights.plasticity       | INFO  | Hard-clipped 6 w_cons parameters to delta_max=0.1000 bound.
2026-08-12 04:11:45 | sleep.weights.plasticity       | INFO  | Hard-clipped 6 w_cons parameters to delta_max=0.1000 bound.
2026-08-12 04:11:45 | sleep.weights.plasticity       | INFO  | Hard-clipped 6 w_cons parameters to delta_max=0.1000 bound.
2026-08-12 04:11:45 | sleep.weights.plasticity       | INFO  | Hard-clipped 6 w_cons parameters to delta_max=0.1000 bound.
2026-08-12 04:11:45 | sleep.weights.plasticity       | INFO  | Hard-clipped 6 w_cons parameters to delta_max=0.1000 bound.
2026-08-12 04:11:46 | sleep.weights.plasticity       | INFO  | Hard-clipped 6 w_cons parameters to delta_max=0.1000 bound.
2026-08-12 04:11:46 | sleep.weights.plasticity       | INFO  | Hard-clipped 6 w_cons parameters to delta_max=0.1000 bound.
2026-08-12 04:11:46 | sleep.weights.plasticity       | INFO  | Hard-clipped 6 w_cons parameters to delta_max=0.1000 bound.
2026-08-12 04:11:46 | sleep.sleep_engine.train       | INFO  |   distill step 240/400 | loss=0.4949 (kl=0.3013 ce=0.3872) | lr=4.13e-05
2026-08-12 04:11:46 | sleep.weights.plasticity       | INFO  | Hard-clipped 6 w_cons parameters to delta_max=0.1000 bound.
2026-08-12 04:11:46 | sleep.weights.plasticity       | INFO  | Hard-clipped 6 w_cons parameters to delta_max=0.1000 bound.
2026-08-12 04:11:46 | sleep.weights.plasticity       | INFO  | Hard-clipped 6 w_cons parameters to delta_max=0.1000 bound.
2026-08-12 04:11:47 | sleep.weights.plasticity       | INFO  | Hard-clipped 6 w_cons parameters to delta_max=0.1000 bound.
2026-08-12 04:11:47 | sleep.weights.plasticity       | INFO  | Hard-clipped 6 w_cons parameters to delta_max=0.1000 bound.
2026-08-12 04:11:47 | sleep.weights.plasticity       | INFO  | Hard-clipped 6 w_cons parameters to delta_max=0.1000 bound.
2026-08-12 04:11:47 | sleep.weights.plasticity       | INFO  | Hard-clipped 6 w_cons parameters to delta_max=0.1000 bound.
2026-08-12 04:11:47 | sleep.weights.plasticity       | INFO  | Hard-clipped 6 w_cons parameters to delta_max=0.1000 bound.
2026-08-12 04:11:47 | sleep.weights.plasticity       | INFO  | Hard-clipped 6 w_cons parameters to delta_max=0.1000 bound.
2026-08-12 04:11:47 | sleep.weights.plasticity       | INFO  | Hard-clipped 6 w_cons parameters to delta_max=0.1000 bound.
2026-08-12 04:11:48 | sleep.weights.plasticity       | INFO  | Hard-clipped 6 w_cons parameters to delta_max=0.1000 bound.
2026-08-12 04:11:48 | sleep.weights.plasticity       | INFO  | Hard-clipped 6 w_cons parameters to delta_max=0.1000 bound.
2026-08-12 04:11:48 | sleep.weights.plasticity       | INFO  | Hard-clipped 6 w_cons parameters to delta_max=0.1000 bound.
2026-08-12 04:11:48 | sleep.weights.plasticity       | INFO  | Hard-clipped 6 w_cons parameters to delta_max=0.1000 bound.
2026-08-12 04:11:48 | sleep.weights.plasticity       | INFO  | Hard-clipped 6 w_cons parameters to delta_max=0.1000 bound.
2026-08-12 04:11:48 | sleep.weights.plasticity       | INFO  | Hard-clipped 6 w_cons parameters to delta_max=0.1000 bound.
2026-08-12 04:11:48 | sleep.weights.plasticity       | INFO  | Hard-clipped 6 w_cons parameters to delta_max=0.1000 bound.
2026-08-12 04:11:49 | sleep.weights.plasticity       | INFO  | Hard-clipped 6 w_cons parameters to delta_max=0.1000 bound.
2026-08-12 04:11:49 | sleep.weights.plasticity       | INFO  | Hard-clipped 6 w_cons parameters to delta_max=0.1000 bound.
2026-08-12 04:11:49 | sleep.weights.plasticity       | INFO  | Hard-clipped 6 w_cons parameters to delta_max=0.1000 bound.
2026-08-12 04:11:49 | sleep.weights.plasticity       | INFO  | Hard-clipped 6 w_cons parameters to delta_max=0.1000 bound.
2026-08-12 04:11:49 | sleep.weights.plasticity       | INFO  | Hard-clipped 6 w_cons parameters to delta_max=0.1000 bound.
2026-08-12 04:11:49 | sleep.weights.plasticity       | INFO  | Hard-clipped 6 w_cons parameters to delta_max=0.1000 bound.
2026-08-12 04:11:49 | sleep.weights.plasticity       | INFO  | Hard-clipped 6 w_cons parameters to delta_max=0.1000 bound.
2026-08-12 04:11:50 | sleep.weights.plasticity       | INFO  | Hard-clipped 6 w_cons parameters to delta_max=0.1000 bound.
2026-08-12 04:11:50 | sleep.weights.plasticity       | INFO  | Hard-clipped 6 w_cons parameters to delta_max=0.1000 bound.
2026-08-12 04:11:50 | sleep.weights.plasticity       | INFO  | Hard-clipped 6 w_cons parameters to delta_max=0.1000 bound.
2026-08-12 04:11:50 | sleep.weights.plasticity       | INFO  | Hard-clipped 6 w_cons parameters to delta_max=0.1000 bound.
2026-08-12 04:11:50 | sleep.weights.plasticity       | INFO  | Hard-clipped 6 w_cons parameters to delta_max=0.1000 bound.
2026-08-12 04:11:50 | sleep.weights.plasticity       | INFO  | Hard-clipped 6 w_cons parameters to delta_max=0.1000 bound.
2026-08-12 04:11:50 | sleep.weights.plasticity       | INFO  | Hard-clipped 6 w_cons parameters to delta_max=0.1000 bound.
2026-08-12 04:11:51 | sleep.weights.plasticity       | INFO  | Hard-clipped 6 w_cons parameters to delta_max=0.1000 bound.
2026-08-12 04:11:51 | sleep.weights.plasticity       | INFO  | Hard-clipped 6 w_cons parameters to delta_max=0.1000 bound.
2026-08-12 04:11:51 | sleep.weights.plasticity       | INFO  | Hard-clipped 6 w_cons parameters to delta_max=0.1000 bound.
2026-08-12 04:11:51 | sleep.weights.plasticity       | INFO  | Hard-clipped 6 w_cons parameters to delta_max=0.1000 bound.
2026-08-12 04:11:51 | sleep.weights.plasticity       | INFO  | Hard-clipped 6 w_cons parameters to delta_max=0.1000 bound.
2026-08-12 04:11:51 | sleep.weights.plasticity       | INFO  | Hard-clipped 6 w_cons parameters to delta_max=0.1000 bound.
2026-08-12 04:11:51 | sleep.weights.plasticity       | INFO  | Hard-clipped 6 w_cons parameters to delta_max=0.1000 bound.
2026-08-12 04:11:52 | sleep.weights.plasticity       | INFO  | Hard-clipped 6 w_cons parameters to delta_max=0.1000 bound.
2026-08-12 04:11:52 | sleep.weights.plasticity       | INFO  | Hard-clipped 6 w_cons parameters to delta_max=0.1000 bound.
2026-08-12 04:11:52 | sleep.sleep_engine.train       | INFO  |   distill step 280/400 | loss=0.6457 (kl=0.3816 ce=0.5283) | lr=2.50e-05
2026-08-12 04:11:52 | sleep.weights.plasticity       | INFO  | Hard-clipped 6 w_cons parameters to delta_max=0.1000 bound.
2026-08-12 04:11:52 | sleep.weights.plasticity       | INFO  | Hard-clipped 6 w_cons parameters to delta_max=0.1000 bound.
2026-08-12 04:11:52 | sleep.weights.plasticity       | INFO  | Hard-clipped 6 w_cons parameters to delta_max=0.1000 bound.
2026-08-12 04:11:52 | sleep.weights.plasticity       | INFO  | Hard-clipped 6 w_cons parameters to delta_max=0.1000 bound.
2026-08-12 04:11:53 | sleep.weights.plasticity       | INFO  | Hard-clipped 6 w_cons parameters to delta_max=0.1000 bound.
2026-08-12 04:11:53 | sleep.weights.plasticity       | INFO  | Hard-clipped 3 w_cons parameters to delta_max=0.1000 bound.
2026-08-12 04:11:53 | sleep.weights.plasticity       | INFO  | Hard-clipped 2 w_cons parameters to delta_max=0.1000 bound.
2026-08-12 04:11:53 | sleep.weights.plasticity       | INFO  | Hard-clipped 2 w_cons parameters to delta_max=0.1000 bound.
2026-08-12 04:11:53 | sleep.weights.plasticity       | INFO  | Hard-clipped 4 w_cons parameters to delta_max=0.1000 bound.
2026-08-12 04:11:53 | sleep.weights.plasticity       | INFO  | Hard-clipped 4 w_cons parameters to delta_max=0.1000 bound.
2026-08-12 04:11:53 | sleep.weights.plasticity       | INFO  | Hard-clipped 4 w_cons parameters to delta_max=0.1000 bound.
2026-08-12 04:11:54 | sleep.weights.plasticity       | INFO  | Hard-clipped 4 w_cons parameters to delta_max=0.1000 bound.
2026-08-12 04:11:54 | sleep.weights.plasticity       | INFO  | Hard-clipped 4 w_cons parameters to delta_max=0.1000 bound.
2026-08-12 04:11:54 | sleep.weights.plasticity       | INFO  | Hard-clipped 5 w_cons parameters to delta_max=0.1000 bound.
2026-08-12 04:11:54 | sleep.weights.plasticity       | INFO  | Hard-clipped 4 w_cons parameters to delta_max=0.1000 bound.
2026-08-12 04:11:54 | sleep.weights.plasticity       | INFO  | Hard-clipped 5 w_cons parameters to delta_max=0.1000 bound.
2026-08-12 04:11:54 | sleep.weights.plasticity       | INFO  | Hard-clipped 5 w_cons parameters to delta_max=0.1000 bound.
2026-08-12 04:11:54 | sleep.weights.plasticity       | INFO  | Hard-clipped 6 w_cons parameters to delta_max=0.1000 bound.
2026-08-12 04:11:55 | sleep.weights.plasticity       | INFO  | Hard-clipped 6 w_cons parameters to delta_max=0.1000 bound.
2026-08-12 04:11:55 | sleep.weights.plasticity       | INFO  | Hard-clipped 6 w_cons parameters to delta_max=0.1000 bound.
2026-08-12 04:11:55 | sleep.weights.plasticity       | INFO  | Hard-clipped 6 w_cons parameters to delta_max=0.1000 bound.
2026-08-12 04:11:55 | sleep.weights.plasticity       | INFO  | Hard-clipped 6 w_cons parameters to delta_max=0.1000 bound.
2026-08-12 04:11:55 | sleep.weights.plasticity       | INFO  | Hard-clipped 6 w_cons parameters to delta_max=0.1000 bound.
2026-08-12 04:11:55 | sleep.weights.plasticity       | INFO  | Hard-clipped 6 w_cons parameters to delta_max=0.1000 bound.
2026-08-12 04:11:56 | sleep.weights.plasticity       | INFO  | Hard-clipped 6 w_cons parameters to delta_max=0.1000 bound.
2026-08-12 04:11:56 | sleep.weights.plasticity       | INFO  | Hard-clipped 6 w_cons parameters to delta_max=0.1000 bound.
2026-08-12 04:11:56 | sleep.weights.plasticity       | INFO  | Hard-clipped 6 w_cons parameters to delta_max=0.1000 bound.
2026-08-12 04:11:56 | sleep.weights.plasticity       | INFO  | Hard-clipped 6 w_cons parameters to delta_max=0.1000 bound.
2026-08-12 04:11:56 | sleep.weights.plasticity       | INFO  | Hard-clipped 6 w_cons parameters to delta_max=0.1000 bound.
2026-08-12 04:11:56 | sleep.weights.plasticity       | INFO  | Hard-clipped 6 w_cons parameters to delta_max=0.1000 bound.
2026-08-12 04:11:56 | sleep.weights.plasticity       | INFO  | Hard-clipped 6 w_cons parameters to delta_max=0.1000 bound.
2026-08-12 04:11:57 | sleep.weights.plasticity       | INFO  | Hard-clipped 6 w_cons parameters to delta_max=0.1000 bound.
2026-08-12 04:11:57 | sleep.weights.plasticity       | INFO  | Hard-clipped 6 w_cons parameters to delta_max=0.1000 bound.
2026-08-12 04:11:57 | sleep.weights.plasticity       | INFO  | Hard-clipped 6 w_cons parameters to delta_max=0.1000 bound.
2026-08-12 04:11:57 | sleep.weights.plasticity       | INFO  | Hard-clipped 6 w_cons parameters to delta_max=0.1000 bound.
2026-08-12 04:11:57 | sleep.weights.plasticity       | INFO  | Hard-clipped 6 w_cons parameters to delta_max=0.1000 bound.
2026-08-12 04:11:57 | sleep.weights.plasticity       | INFO  | Hard-clipped 6 w_cons parameters to delta_max=0.1000 bound.
2026-08-12 04:11:57 | sleep.weights.plasticity       | INFO  | Hard-clipped 5 w_cons parameters to delta_max=0.1000 bound.
2026-08-12 04:11:58 | sleep.weights.plasticity       | INFO  | Hard-clipped 6 w_cons parameters to delta_max=0.1000 bound.
2026-08-12 04:11:58 | sleep.weights.plasticity       | INFO  | Hard-clipped 6 w_cons parameters to delta_max=0.1000 bound.
2026-08-12 04:11:58 | sleep.sleep_engine.train       | INFO  |   distill step 320/400 | loss=0.4327 (kl=0.2656 ce=0.3341) | lr=1.17e-05
2026-08-12 04:11:58 | sleep.weights.plasticity       | INFO  | Hard-clipped 6 w_cons parameters to delta_max=0.1000 bound.
2026-08-12 04:11:58 | sleep.weights.plasticity       | INFO  | Hard-clipped 6 w_cons parameters to delta_max=0.1000 bound.
2026-08-12 04:11:58 | sleep.weights.plasticity       | INFO  | Hard-clipped 6 w_cons parameters to delta_max=0.1000 bound.
2026-08-12 04:11:58 | sleep.weights.plasticity       | INFO  | Hard-clipped 6 w_cons parameters to delta_max=0.1000 bound.
2026-08-12 04:11:58 | sleep.weights.plasticity       | INFO  | Hard-clipped 6 w_cons parameters to delta_max=0.1000 bound.
2026-08-12 04:11:59 | sleep.weights.plasticity       | INFO  | Hard-clipped 5 w_cons parameters to delta_max=0.1000 bound.
2026-08-12 04:11:59 | sleep.weights.plasticity       | INFO  | Hard-clipped 4 w_cons parameters to delta_max=0.1000 bound.
2026-08-12 04:11:59 | sleep.weights.plasticity       | INFO  | Hard-clipped 5 w_cons parameters to delta_max=0.1000 bound.
2026-08-12 04:11:59 | sleep.weights.plasticity       | INFO  | Hard-clipped 5 w_cons parameters to delta_max=0.1000 bound.
2026-08-12 04:11:59 | sleep.weights.plasticity       | INFO  | Hard-clipped 5 w_cons parameters to delta_max=0.1000 bound.
2026-08-12 04:11:59 | sleep.weights.plasticity       | INFO  | Hard-clipped 5 w_cons parameters to delta_max=0.1000 bound.
2026-08-12 04:11:59 | sleep.weights.plasticity       | INFO  | Hard-clipped 4 w_cons parameters to delta_max=0.1000 bound.
2026-08-12 04:12:00 | sleep.weights.plasticity       | INFO  | Hard-clipped 3 w_cons parameters to delta_max=0.1000 bound.
2026-08-12 04:12:00 | sleep.weights.plasticity       | INFO  | Hard-clipped 4 w_cons parameters to delta_max=0.1000 bound.
2026-08-12 04:12:00 | sleep.weights.plasticity       | INFO  | Hard-clipped 4 w_cons parameters to delta_max=0.1000 bound.
2026-08-12 04:12:00 | sleep.weights.plasticity       | INFO  | Hard-clipped 3 w_cons parameters to delta_max=0.1000 bound.
2026-08-12 04:12:00 | sleep.weights.plasticity       | INFO  | Hard-clipped 2 w_cons parameters to delta_max=0.1000 bound.
2026-08-12 04:12:00 | sleep.weights.plasticity       | INFO  | Hard-clipped 2 w_cons parameters to delta_max=0.1000 bound.
2026-08-12 04:12:00 | sleep.weights.plasticity       | INFO  | Hard-clipped 1 w_cons parameters to delta_max=0.1000 bound.
2026-08-12 04:12:01 | sleep.weights.plasticity       | INFO  | Hard-clipped 2 w_cons parameters to delta_max=0.1000 bound.
2026-08-12 04:12:01 | sleep.weights.plasticity       | INFO  | Hard-clipped 2 w_cons parameters to delta_max=0.1000 bound.
2026-08-12 04:12:01 | sleep.weights.plasticity       | INFO  | Hard-clipped 2 w_cons parameters to delta_max=0.1000 bound.
2026-08-12 04:12:01 | sleep.weights.plasticity       | INFO  | Hard-clipped 3 w_cons parameters to delta_max=0.1000 bound.
2026-08-12 04:12:01 | sleep.weights.plasticity       | INFO  | Hard-clipped 3 w_cons parameters to delta_max=0.1000 bound.
2026-08-12 04:12:01 | sleep.weights.plasticity       | INFO  | Hard-clipped 2 w_cons parameters to delta_max=0.1000 bound.
2026-08-12 04:12:01 | sleep.weights.plasticity       | INFO  | Hard-clipped 3 w_cons parameters to delta_max=0.1000 bound.
2026-08-12 04:12:02 | sleep.weights.plasticity       | INFO  | Hard-clipped 3 w_cons parameters to delta_max=0.1000 bound.
2026-08-12 04:12:02 | sleep.weights.plasticity       | INFO  | Hard-clipped 4 w_cons parameters to delta_max=0.1000 bound.
2026-08-12 04:12:02 | sleep.weights.plasticity       | INFO  | Hard-clipped 4 w_cons parameters to delta_max=0.1000 bound.
2026-08-12 04:12:02 | sleep.weights.plasticity       | INFO  | Hard-clipped 4 w_cons parameters to delta_max=0.1000 bound.
2026-08-12 04:12:02 | sleep.weights.plasticity       | INFO  | Hard-clipped 4 w_cons parameters to delta_max=0.1000 bound.
2026-08-12 04:12:02 | sleep.weights.plasticity       | INFO  | Hard-clipped 4 w_cons parameters to delta_max=0.1000 bound.
2026-08-12 04:12:02 | sleep.weights.plasticity       | INFO  | Hard-clipped 4 w_cons parameters to delta_max=0.1000 bound.
2026-08-12 04:12:03 | sleep.weights.plasticity       | INFO  | Hard-clipped 4 w_cons parameters to delta_max=0.1000 bound.
2026-08-12 04:12:03 | sleep.weights.plasticity       | INFO  | Hard-clipped 4 w_cons parameters to delta_max=0.1000 bound.
2026-08-12 04:12:03 | sleep.weights.plasticity       | INFO  | Hard-clipped 4 w_cons parameters to delta_max=0.1000 bound.
2026-08-12 04:12:03 | sleep.weights.plasticity       | INFO  | Hard-clipped 5 w_cons parameters to delta_max=0.1000 bound.
2026-08-12 04:12:03 | sleep.weights.plasticity       | INFO  | Hard-clipped 5 w_cons parameters to delta_max=0.1000 bound.
2026-08-12 04:12:03 | sleep.weights.plasticity       | INFO  | Hard-clipped 5 w_cons parameters to delta_max=0.1000 bound.
2026-08-12 04:12:03 | sleep.weights.plasticity       | INFO  | Hard-clipped 5 w_cons parameters to delta_max=0.1000 bound.
2026-08-12 04:12:03 | sleep.sleep_engine.train       | INFO  |   distill step 360/400 | loss=0.5900 (kl=0.3443 ce=0.4914) | lr=3.02e-06
2026-08-12 04:12:04 | sleep.weights.plasticity       | INFO  | Hard-clipped 5 w_cons parameters to delta_max=0.1000 bound.
2026-08-12 04:12:04 | sleep.weights.plasticity       | INFO  | Hard-clipped 5 w_cons parameters to delta_max=0.1000 bound.
2026-08-12 04:12:04 | sleep.weights.plasticity       | INFO  | Hard-clipped 5 w_cons parameters to delta_max=0.1000 bound.
2026-08-12 04:12:04 | sleep.weights.plasticity       | INFO  | Hard-clipped 5 w_cons parameters to delta_max=0.1000 bound.
2026-08-12 04:12:04 | sleep.weights.plasticity       | INFO  | Hard-clipped 6 w_cons parameters to delta_max=0.1000 bound.
2026-08-12 04:12:04 | sleep.weights.plasticity       | INFO  | Hard-clipped 6 w_cons parameters to delta_max=0.1000 bound.
2026-08-12 04:12:04 | sleep.weights.plasticity       | INFO  | Hard-clipped 6 w_cons parameters to delta_max=0.1000 bound.
2026-08-12 04:12:05 | sleep.weights.plasticity       | INFO  | Hard-clipped 6 w_cons parameters to delta_max=0.1000 bound.
2026-08-12 04:12:05 | sleep.weights.plasticity       | INFO  | Hard-clipped 6 w_cons parameters to delta_max=0.1000 bound.
2026-08-12 04:12:05 | sleep.weights.plasticity       | INFO  | Hard-clipped 6 w_cons parameters to delta_max=0.1000 bound.
2026-08-12 04:12:05 | sleep.weights.plasticity       | INFO  | Hard-clipped 6 w_cons parameters to delta_max=0.1000 bound.
2026-08-12 04:12:05 | sleep.weights.plasticity       | INFO  | Hard-clipped 6 w_cons parameters to delta_max=0.1000 bound.
2026-08-12 04:12:05 | sleep.weights.plasticity       | INFO  | Hard-clipped 6 w_cons parameters to delta_max=0.1000 bound.
2026-08-12 04:12:05 | sleep.weights.plasticity       | INFO  | Hard-clipped 6 w_cons parameters to delta_max=0.1000 bound.
2026-08-12 04:12:06 | sleep.weights.plasticity       | INFO  | Hard-clipped 6 w_cons parameters to delta_max=0.1000 bound.
2026-08-12 04:12:06 | sleep.weights.plasticity       | INFO  | Hard-clipped 6 w_cons parameters to delta_max=0.1000 bound.
2026-08-12 04:12:06 | sleep.weights.plasticity       | INFO  | Hard-clipped 6 w_cons parameters to delta_max=0.1000 bound.
2026-08-12 04:12:06 | sleep.weights.plasticity       | INFO  | Hard-clipped 6 w_cons parameters to delta_max=0.1000 bound.
2026-08-12 04:12:06 | sleep.weights.plasticity       | INFO  | Hard-clipped 6 w_cons parameters to delta_max=0.1000 bound.
2026-08-12 04:12:06 | sleep.weights.plasticity       | INFO  | Hard-clipped 6 w_cons parameters to delta_max=0.1000 bound.
2026-08-12 04:12:06 | sleep.weights.plasticity       | INFO  | Hard-clipped 6 w_cons parameters to delta_max=0.1000 bound.
2026-08-12 04:12:07 | sleep.weights.plasticity       | INFO  | Hard-clipped 6 w_cons parameters to delta_max=0.1000 bound.
2026-08-12 04:12:07 | sleep.weights.plasticity       | INFO  | Hard-clipped 6 w_cons parameters to delta_max=0.1000 bound.
2026-08-12 04:12:07 | sleep.weights.plasticity       | INFO  | Hard-clipped 6 w_cons parameters to delta_max=0.1000 bound.
2026-08-12 04:12:07 | sleep.weights.plasticity       | INFO  | Hard-clipped 6 w_cons parameters to delta_max=0.1000 bound.
2026-08-12 04:12:07 | sleep.weights.plasticity       | INFO  | Hard-clipped 6 w_cons parameters to delta_max=0.1000 bound.
2026-08-12 04:12:07 | sleep.weights.plasticity       | INFO  | Hard-clipped 6 w_cons parameters to delta_max=0.1000 bound.
2026-08-12 04:12:07 | sleep.weights.plasticity       | INFO  | Hard-clipped 6 w_cons parameters to delta_max=0.1000 bound.
2026-08-12 04:12:08 | sleep.weights.plasticity       | INFO  | Hard-clipped 6 w_cons parameters to delta_max=0.1000 bound.
2026-08-12 04:12:08 | sleep.weights.plasticity       | INFO  | Hard-clipped 6 w_cons parameters to delta_max=0.1000 bound.
2026-08-12 04:12:08 | sleep.weights.plasticity       | INFO  | Hard-clipped 6 w_cons parameters to delta_max=0.1000 bound.
2026-08-12 04:12:08 | sleep.weights.plasticity       | INFO  | Hard-clipped 6 w_cons parameters to delta_max=0.1000 bound.
2026-08-12 04:12:08 | sleep.weights.plasticity       | INFO  | Hard-clipped 6 w_cons parameters to delta_max=0.1000 bound.
2026-08-12 04:12:08 | sleep.weights.plasticity       | INFO  | Hard-clipped 6 w_cons parameters to delta_max=0.1000 bound.
2026-08-12 04:12:08 | sleep.weights.plasticity       | INFO  | Hard-clipped 6 w_cons parameters to delta_max=0.1000 bound.
2026-08-12 04:12:09 | sleep.weights.plasticity       | INFO  | Hard-clipped 6 w_cons parameters to delta_max=0.1000 bound.
2026-08-12 04:12:09 | sleep.weights.plasticity       | INFO  | Hard-clipped 6 w_cons parameters to delta_max=0.1000 bound.
2026-08-12 04:12:09 | sleep.weights.plasticity       | INFO  | Hard-clipped 6 w_cons parameters to delta_max=0.1000 bound.
2026-08-12 04:12:09 | sleep.weights.plasticity       | INFO  | Hard-clipped 6 w_cons parameters to delta_max=0.1000 bound.
2026-08-12 04:12:09 | sleep.weights.plasticity       | INFO  | Hard-clipped 5 w_cons parameters to delta_max=0.1000 bound.
2026-08-12 04:12:09 | sleep.sleep_engine.train       | INFO  |   distill step 400/400 | loss=0.3280 (kl=0.2507 ce=0.1546) | lr=0.00e+00
2026-08-12 04:12:09 | sleep.sleep_engine.train       | INFO  | Sleep distill-training complete | n_steps=400 | final_loss=0.3280 | mean_loss=0.7010
2026-08-12 04:12:09 | sleep.sleep_engine             | INFO  | Phase 3 complete: 400 steps, final_loss=0.3280, mean_loss=0.7010
2026-08-12 04:12:09 | sleep.sleep_engine             | INFO  | Phase 4/5: PPL CHECK (skipped — no benchmark data)
2026-08-12 04:12:09 | sleep.sleep_engine             | INFO  | Phase 5/5: VALIDATE & CLEANUP
2026-08-12 04:12:09 | sleep.weights.plasticity       | INFO  | Saved checkpoint for adapter 'w_cons': 44 parameters.
2026-08-12 04:12:09 | sleep.weights.plasticity       | INFO  | Restored 44 parameters for adapter 'w_cons' from checkpoint.
2026-08-12 04:12:10 | sleep.weights.plasticity       | INFO  | Restored 44 parameters for adapter 'w_cons' from checkpoint.
2026-08-12 04:12:20 | sleep.sleep_engine             | INFO  | Two-stage validation: 7/17 passed surprise, 6 also passed the mini-recall gate (self-grading gap = 1)
2026-08-12 04:12:20 | sleep.sleep_engine.cleanup     | INFO  | Cleanup complete | passed=6 | failed=11 | permanently_removed=0
2026-08-12 04:12:20 | sleep.sleep_engine             | INFO  | Phase 5 complete: consolidated=6, failed=11, permanently_removed=0
2026-08-12 04:12:20 | sleep.metrics                  | INFO  | summary | {'sleep_engine/n_candidates': 17, 'sleep_engine/n_replays_generated': 135, 'sleep_engine/n_replays_accepted': 135, 'sleep_engine/n_consolidated': 6, 'sleep_engine/n_failed': 11, 'sleep_engine/n_permanently_removed': 0, 'sleep_engine/rolled_back': False}
2026-08-12 04:12:20 | sleep.weights.kv_memory        | INFO  | bank cleared: freed 9 tags / 426 tokens
2026-08-12 04:12:20 | sleep.sleep_engine             | INFO  | KV bank cleared (9 entries removed)
2026-08-12 04:12:20 | sleep.sleep_engine             | INFO  | KV memory injection: ENABLED
2026-08-12 04:12:20 | sleep.sleep_engine             | INFO  | === Sleep cycle END ===
2026-08-12 04:15:14 | sleep.evaluation.recall        | INFO  | Recall evaluation: DRA=0.1467 across 100 cases
2026-08-12 04:15:49 | sleep.evaluation.recall        | INFO  | Recall evaluation: DRA=0.2333 across 20 cases
2026-08-12 04:15:49 | sleep.evaluation.preservation  | INFO  | Perplexity evaluation: PPL=5.0600 (mean_loss=1.6214, 62 tokens)
2026-08-12 04:15:49 | sleep.evaluation.preservation  | INFO  | BCP: 1.1593 (current_ppl=5.0600, original_ppl=4.3646)
2026-08-12 04:15:49 | sleep.experiment.08            | INFO  | [sleep Cycle 5 EVAL] DRA cumulative=0.147 (30/100 hits); DRA current=0.233 (6/20 hits); BCP=1.1593
2026-08-12 04:15:49 | sleep.experiment.08            | INFO  | ======================================================================
2026-08-12 04:15:49 | sleep.experiment.08            | INFO  | [SLEEP Cycle 6] Wake phase: 20 facts
2026-08-12 04:15:49 | sleep.experiment.08            | INFO  | ======================================================================
2026-08-12 04:15:49 | sleep.tagging                  | INFO  | step=101 | 2 tags created from 2 spans | buffer: 66/36208 (0.2%)
2026-08-12 04:15:49 | sleep.tagging                  | INFO  | step=102 | 2 tags created from 2 spans | buffer: 68/36208 (0.2%)
2026-08-12 04:15:50 | sleep.tagging                  | INFO  | step=106 | 1 tags created from 1 spans | buffer: 69/36208 (0.2%)
2026-08-12 04:15:50 | sleep.tagging                  | INFO  | step=111 | 2 tags created from 2 spans | buffer: 71/36208 (0.2%)
2026-08-12 04:15:50 | sleep.tagging                  | INFO  | step=112 | 3 tags created from 3 spans | buffer: 74/36208 (0.2%)
2026-08-12 04:15:50 | sleep.tagging                  | INFO  | step=115 | 1 tags created from 1 spans | buffer: 75/36208 (0.2%)
2026-08-12 04:15:50 | sleep.tagging                  | INFO  | step=117 | 1 tags created from 1 spans | buffer: 76/36208 (0.2%)
2026-08-12 04:15:51 | sleep.experiment.08            | INFO  | [Cycle 6] Wake summary: 20 facts -> 7 KV writes; bank: 319/20000 tokens
2026-08-12 04:15:51 | sleep.prp                      | INFO  | step=120 | PRP update: 14/3620 allocated (0%) | +8 -0 | threshold=0.258 | mean_score=0.226
2026-08-12 04:15:51 | sleep.experiment.08            | INFO  | [Cycle 6] PRP: 14 allocated, 14 consolidation candidates
2026-08-12 04:15:51 | sleep.sleep_engine             | INFO  | === Sleep cycle START | 14 candidates ===
2026-08-12 04:15:51 | sleep.sleep_engine             | INFO  | Phase 1/5: GENERATE (strategy=paraphrase)
2026-08-12 04:15:51 | sleep.sleep_engine             | INFO  | KV memory injection: DISABLED
2026-08-12 04:15:51 | sleep.sleep_engine             | INFO  | Phase 1 (paraphrase strategy): 116 wordings from 5 unique sources (14 candidates)
2026-08-12 04:15:51 | sleep.sleep_engine             | INFO  | Phase 1 complete: 116/14 replays generated
2026-08-12 04:15:51 | sleep.sleep_engine             | INFO  | Phase 2/5: QUALITY CHECK
2026-08-12 04:15:51 | sleep.sleep_engine             | INFO  | Phase 2 complete: 116/116 replays accepted
2026-08-12 04:15:51 | sleep.sleep_engine             | INFO  | Phase 3/5: TRAIN (116 accepted replays)
2026-08-12 04:15:51 | sleep.sleep_engine             | INFO  | KV memory injection: DISABLED
2026-08-12 04:15:51 | sleep.weights.plasticity       | INFO  | Saved checkpoint for adapter 'w_cons': 44 parameters.
2026-08-12 04:15:51 | sleep.weights.plasticity       | INFO  | Saved checkpoint for adapter 'w_cons': 44 parameters.
2026-08-12 04:15:51 | sleep.sleep_engine.train       | INFO  | Sleep distill-training: 5 facts | 400 steps | lr=1.00e-04 | T=2
2026-08-12 04:15:51 | sleep.sleep_engine.train       | INFO  |   distill step 1/400 | loss=1.3447 (kl=0.7812 ce=1.1271) | lr=2.50e-06
2026-08-12 04:15:57 | sleep.sleep_engine.train       | INFO  |   distill step 40/400 | loss=1.5936 (kl=0.9445 ce=1.2982) | lr=1.00e-04
2026-08-12 04:16:02 | sleep.sleep_engine.train       | INFO  |   distill step 80/400 | loss=0.5283 (kl=0.3245 ce=0.4076) | lr=9.70e-05
2026-08-12 04:16:06 | sleep.weights.plasticity       | INFO  | Hard-clipped 1 w_cons parameters to delta_max=0.1000 bound.
2026-08-12 04:16:06 | sleep.weights.plasticity       | INFO  | Hard-clipped 2 w_cons parameters to delta_max=0.1000 bound.
2026-08-12 04:16:07 | sleep.weights.plasticity       | INFO  | Hard-clipped 2 w_cons parameters to delta_max=0.1000 bound.
2026-08-12 04:16:07 | sleep.weights.plasticity       | INFO  | Hard-clipped 2 w_cons parameters to delta_max=0.1000 bound.
2026-08-12 04:16:07 | sleep.weights.plasticity       | INFO  | Hard-clipped 2 w_cons parameters to delta_max=0.1000 bound.
2026-08-12 04:16:07 | sleep.weights.plasticity       | INFO  | Hard-clipped 2 w_cons parameters to delta_max=0.1000 bound.
2026-08-12 04:16:07 | sleep.weights.plasticity       | INFO  | Hard-clipped 2 w_cons parameters to delta_max=0.1000 bound.
2026-08-12 04:16:07 | sleep.weights.plasticity       | INFO  | Hard-clipped 2 w_cons parameters to delta_max=0.1000 bound.
2026-08-12 04:16:08 | sleep.weights.plasticity       | INFO  | Hard-clipped 2 w_cons parameters to delta_max=0.1000 bound.
2026-08-12 04:16:08 | sleep.weights.plasticity       | INFO  | Hard-clipped 2 w_cons parameters to delta_max=0.1000 bound.
2026-08-12 04:16:08 | sleep.weights.plasticity       | INFO  | Hard-clipped 2 w_cons parameters to delta_max=0.1000 bound.
2026-08-12 04:16:08 | sleep.weights.plasticity       | INFO  | Hard-clipped 2 w_cons parameters to delta_max=0.1000 bound.
2026-08-12 04:16:08 | sleep.sleep_engine.train       | INFO  |   distill step 120/400 | loss=0.7579 (kl=0.4243 ce=0.6672) | lr=8.83e-05
2026-08-12 04:16:08 | sleep.weights.plasticity       | INFO  | Hard-clipped 2 w_cons parameters to delta_max=0.1000 bound.
2026-08-12 04:16:08 | sleep.weights.plasticity       | INFO  | Hard-clipped 2 w_cons parameters to delta_max=0.1000 bound.
2026-08-12 04:16:08 | sleep.weights.plasticity       | INFO  | Hard-clipped 2 w_cons parameters to delta_max=0.1000 bound.
2026-08-12 04:16:09 | sleep.weights.plasticity       | INFO  | Hard-clipped 2 w_cons parameters to delta_max=0.1000 bound.
2026-08-12 04:16:09 | sleep.weights.plasticity       | INFO  | Hard-clipped 2 w_cons parameters to delta_max=0.1000 bound.
2026-08-12 04:16:09 | sleep.weights.plasticity       | INFO  | Hard-clipped 2 w_cons parameters to delta_max=0.1000 bound.
2026-08-12 04:16:09 | sleep.weights.plasticity       | INFO  | Hard-clipped 2 w_cons parameters to delta_max=0.1000 bound.
2026-08-12 04:16:09 | sleep.weights.plasticity       | INFO  | Hard-clipped 2 w_cons parameters to delta_max=0.1000 bound.
2026-08-12 04:16:09 | sleep.weights.plasticity       | INFO  | Hard-clipped 2 w_cons parameters to delta_max=0.1000 bound.
2026-08-12 04:16:09 | sleep.weights.plasticity       | INFO  | Hard-clipped 2 w_cons parameters to delta_max=0.1000 bound.
2026-08-12 04:16:10 | sleep.weights.plasticity       | INFO  | Hard-clipped 2 w_cons parameters to delta_max=0.1000 bound.
2026-08-12 04:16:10 | sleep.weights.plasticity       | INFO  | Hard-clipped 2 w_cons parameters to delta_max=0.1000 bound.
2026-08-12 04:16:10 | sleep.weights.plasticity       | INFO  | Hard-clipped 2 w_cons parameters to delta_max=0.1000 bound.
2026-08-12 04:16:10 | sleep.weights.plasticity       | INFO  | Hard-clipped 2 w_cons parameters to delta_max=0.1000 bound.
2026-08-12 04:16:10 | sleep.weights.plasticity       | INFO  | Hard-clipped 2 w_cons parameters to delta_max=0.1000 bound.
2026-08-12 04:16:10 | sleep.weights.plasticity       | INFO  | Hard-clipped 2 w_cons parameters to delta_max=0.1000 bound.
2026-08-12 04:16:10 | sleep.weights.plasticity       | INFO  | Hard-clipped 2 w_cons parameters to delta_max=0.1000 bound.
2026-08-12 04:16:11 | sleep.weights.plasticity       | INFO  | Hard-clipped 2 w_cons parameters to delta_max=0.1000 bound.
2026-08-12 04:16:11 | sleep.weights.plasticity       | INFO  | Hard-clipped 2 w_cons parameters to delta_max=0.1000 bound.
2026-08-12 04:16:11 | sleep.weights.plasticity       | INFO  | Hard-clipped 2 w_cons parameters to delta_max=0.1000 bound.
2026-08-12 04:16:11 | sleep.weights.plasticity       | INFO  | Hard-clipped 2 w_cons parameters to delta_max=0.1000 bound.
2026-08-12 04:16:11 | sleep.weights.plasticity       | INFO  | Hard-clipped 2 w_cons parameters to delta_max=0.1000 bound.
2026-08-12 04:16:11 | sleep.weights.plasticity       | INFO  | Hard-clipped 2 w_cons parameters to delta_max=0.1000 bound.
2026-08-12 04:16:11 | sleep.weights.plasticity       | INFO  | Hard-clipped 2 w_cons parameters to delta_max=0.1000 bound.
2026-08-12 04:16:12 | sleep.weights.plasticity       | INFO  | Hard-clipped 2 w_cons parameters to delta_max=0.1000 bound.
2026-08-12 04:16:12 | sleep.weights.plasticity       | INFO  | Hard-clipped 2 w_cons parameters to delta_max=0.1000 bound.
2026-08-12 04:16:12 | sleep.weights.plasticity       | INFO  | Hard-clipped 2 w_cons parameters to delta_max=0.1000 bound.
2026-08-12 04:16:12 | sleep.weights.plasticity       | INFO  | Hard-clipped 2 w_cons parameters to delta_max=0.1000 bound.
2026-08-12 04:16:12 | sleep.weights.plasticity       | INFO  | Hard-clipped 2 w_cons parameters to delta_max=0.1000 bound.
2026-08-12 04:16:12 | sleep.weights.plasticity       | INFO  | Hard-clipped 2 w_cons parameters to delta_max=0.1000 bound.
2026-08-12 04:16:12 | sleep.weights.plasticity       | INFO  | Hard-clipped 3 w_cons parameters to delta_max=0.1000 bound.
2026-08-12 04:16:13 | sleep.weights.plasticity       | INFO  | Hard-clipped 3 w_cons parameters to delta_max=0.1000 bound.
2026-08-12 04:16:13 | sleep.weights.plasticity       | INFO  | Hard-clipped 3 w_cons parameters to delta_max=0.1000 bound.
2026-08-12 04:16:13 | sleep.weights.plasticity       | INFO  | Hard-clipped 3 w_cons parameters to delta_max=0.1000 bound.
2026-08-12 04:16:13 | sleep.weights.plasticity       | INFO  | Hard-clipped 3 w_cons parameters to delta_max=0.1000 bound.
2026-08-12 04:16:13 | sleep.weights.plasticity       | INFO  | Hard-clipped 3 w_cons parameters to delta_max=0.1000 bound.
2026-08-12 04:16:13 | sleep.weights.plasticity       | INFO  | Hard-clipped 3 w_cons parameters to delta_max=0.1000 bound.
2026-08-12 04:16:14 | sleep.weights.plasticity       | INFO  | Hard-clipped 3 w_cons parameters to delta_max=0.1000 bound.
2026-08-12 04:16:14 | sleep.weights.plasticity       | INFO  | Hard-clipped 3 w_cons parameters to delta_max=0.1000 bound.
2026-08-12 04:16:14 | sleep.weights.plasticity       | INFO  | Hard-clipped 3 w_cons parameters to delta_max=0.1000 bound.
2026-08-12 04:16:14 | sleep.sleep_engine.train       | INFO  |   distill step 160/400 | loss=0.4184 (kl=0.2532 ce=0.3306) | lr=7.50e-05
2026-08-12 04:16:14 | sleep.weights.plasticity       | INFO  | Hard-clipped 3 w_cons parameters to delta_max=0.1000 bound.
2026-08-12 04:16:14 | sleep.weights.plasticity       | INFO  | Hard-clipped 3 w_cons parameters to delta_max=0.1000 bound.
2026-08-12 04:16:14 | sleep.weights.plasticity       | INFO  | Hard-clipped 3 w_cons parameters to delta_max=0.1000 bound.
2026-08-12 04:16:14 | sleep.weights.plasticity       | INFO  | Hard-clipped 3 w_cons parameters to delta_max=0.1000 bound.
2026-08-12 04:16:15 | sleep.weights.plasticity       | INFO  | Hard-clipped 3 w_cons parameters to delta_max=0.1000 bound.
2026-08-12 04:16:15 | sleep.weights.plasticity       | INFO  | Hard-clipped 3 w_cons parameters to delta_max=0.1000 bound.
2026-08-12 04:16:15 | sleep.weights.plasticity       | INFO  | Hard-clipped 3 w_cons parameters to delta_max=0.1000 bound.
2026-08-12 04:16:15 | sleep.weights.plasticity       | INFO  | Hard-clipped 3 w_cons parameters to delta_max=0.1000 bound.
2026-08-12 04:16:15 | sleep.weights.plasticity       | INFO  | Hard-clipped 3 w_cons parameters to delta_max=0.1000 bound.
2026-08-12 04:16:15 | sleep.weights.plasticity       | INFO  | Hard-clipped 3 w_cons parameters to delta_max=0.1000 bound.
2026-08-12 04:16:15 | sleep.weights.plasticity       | INFO  | Hard-clipped 3 w_cons parameters to delta_max=0.1000 bound.
2026-08-12 04:16:16 | sleep.weights.plasticity       | INFO  | Hard-clipped 3 w_cons parameters to delta_max=0.1000 bound.
2026-08-12 04:16:16 | sleep.weights.plasticity       | INFO  | Hard-clipped 3 w_cons parameters to delta_max=0.1000 bound.
2026-08-12 04:16:16 | sleep.weights.plasticity       | INFO  | Hard-clipped 3 w_cons parameters to delta_max=0.1000 bound.
2026-08-12 04:16:16 | sleep.weights.plasticity       | INFO  | Hard-clipped 3 w_cons parameters to delta_max=0.1000 bound.
2026-08-12 04:16:16 | sleep.weights.plasticity       | INFO  | Hard-clipped 3 w_cons parameters to delta_max=0.1000 bound.
2026-08-12 04:16:16 | sleep.weights.plasticity       | INFO  | Hard-clipped 4 w_cons parameters to delta_max=0.1000 bound.
2026-08-12 04:16:16 | sleep.weights.plasticity       | INFO  | Hard-clipped 4 w_cons parameters to delta_max=0.1000 bound.
2026-08-12 04:16:17 | sleep.weights.plasticity       | INFO  | Hard-clipped 4 w_cons parameters to delta_max=0.1000 bound.
2026-08-12 04:16:17 | sleep.weights.plasticity       | INFO  | Hard-clipped 4 w_cons parameters to delta_max=0.1000 bound.
2026-08-12 04:16:17 | sleep.weights.plasticity       | INFO  | Hard-clipped 4 w_cons parameters to delta_max=0.1000 bound.
2026-08-12 04:16:17 | sleep.weights.plasticity       | INFO  | Hard-clipped 4 w_cons parameters to delta_max=0.1000 bound.
2026-08-12 04:16:17 | sleep.weights.plasticity       | INFO  | Hard-clipped 4 w_cons parameters to delta_max=0.1000 bound.
2026-08-12 04:16:17 | sleep.weights.plasticity       | INFO  | Hard-clipped 4 w_cons parameters to delta_max=0.1000 bound.
2026-08-12 04:16:17 | sleep.weights.plasticity       | INFO  | Hard-clipped 4 w_cons parameters to delta_max=0.1000 bound.
2026-08-12 04:16:18 | sleep.weights.plasticity       | INFO  | Hard-clipped 4 w_cons parameters to delta_max=0.1000 bound.
2026-08-12 04:16:18 | sleep.weights.plasticity       | INFO  | Hard-clipped 4 w_cons parameters to delta_max=0.1000 bound.
2026-08-12 04:16:18 | sleep.weights.plasticity       | INFO  | Hard-clipped 4 w_cons parameters to delta_max=0.1000 bound.
2026-08-12 04:16:18 | sleep.weights.plasticity       | INFO  | Hard-clipped 4 w_cons parameters to delta_max=0.1000 bound.
2026-08-12 04:16:18 | sleep.weights.plasticity       | INFO  | Hard-clipped 4 w_cons parameters to delta_max=0.1000 bound.
2026-08-12 04:16:18 | sleep.weights.plasticity       | INFO  | Hard-clipped 4 w_cons parameters to delta_max=0.1000 bound.
2026-08-12 04:16:18 | sleep.weights.plasticity       | INFO  | Hard-clipped 4 w_cons parameters to delta_max=0.1000 bound.
2026-08-12 04:16:19 | sleep.weights.plasticity       | INFO  | Hard-clipped 4 w_cons parameters to delta_max=0.1000 bound.
2026-08-12 04:16:19 | sleep.weights.plasticity       | INFO  | Hard-clipped 4 w_cons parameters to delta_max=0.1000 bound.
2026-08-12 04:16:19 | sleep.weights.plasticity       | INFO  | Hard-clipped 4 w_cons parameters to delta_max=0.1000 bound.
2026-08-12 04:16:19 | sleep.weights.plasticity       | INFO  | Hard-clipped 4 w_cons parameters to delta_max=0.1000 bound.
2026-08-12 04:16:19 | sleep.weights.plasticity       | INFO  | Hard-clipped 4 w_cons parameters to delta_max=0.1000 bound.
2026-08-12 04:16:19 | sleep.weights.plasticity       | INFO  | Hard-clipped 4 w_cons parameters to delta_max=0.1000 bound.
2026-08-12 04:16:19 | sleep.weights.plasticity       | INFO  | Hard-clipped 4 w_cons parameters to delta_max=0.1000 bound.
2026-08-12 04:16:20 | sleep.weights.plasticity       | INFO  | Hard-clipped 4 w_cons parameters to delta_max=0.1000 bound.
2026-08-12 04:16:20 | sleep.sleep_engine.train       | INFO  |   distill step 200/400 | loss=0.5983 (kl=0.3485 ce=0.4994) | lr=5.87e-05
2026-08-12 04:16:20 | sleep.weights.plasticity       | INFO  | Hard-clipped 4 w_cons parameters to delta_max=0.1000 bound.
2026-08-12 04:16:20 | sleep.weights.plasticity       | INFO  | Hard-clipped 4 w_cons parameters to delta_max=0.1000 bound.
2026-08-12 04:16:20 | sleep.weights.plasticity       | INFO  | Hard-clipped 4 w_cons parameters to delta_max=0.1000 bound.
2026-08-12 04:16:20 | sleep.weights.plasticity       | INFO  | Hard-clipped 4 w_cons parameters to delta_max=0.1000 bound.
2026-08-12 04:16:20 | sleep.weights.plasticity       | INFO  | Hard-clipped 4 w_cons parameters to delta_max=0.1000 bound.
2026-08-12 04:16:21 | sleep.weights.plasticity       | INFO  | Hard-clipped 4 w_cons parameters to delta_max=0.1000 bound.
2026-08-12 04:16:21 | sleep.weights.plasticity       | INFO  | Hard-clipped 4 w_cons parameters to delta_max=0.1000 bound.
2026-08-12 04:16:21 | sleep.weights.plasticity       | INFO  | Hard-clipped 4 w_cons parameters to delta_max=0.1000 bound.
2026-08-12 04:16:21 | sleep.weights.plasticity       | INFO  | Hard-clipped 4 w_cons parameters to delta_max=0.1000 bound.
2026-08-12 04:16:21 | sleep.weights.plasticity       | INFO  | Hard-clipped 4 w_cons parameters to delta_max=0.1000 bound.
2026-08-12 04:16:21 | sleep.weights.plasticity       | INFO  | Hard-clipped 4 w_cons parameters to delta_max=0.1000 bound.
2026-08-12 04:16:21 | sleep.weights.plasticity       | INFO  | Hard-clipped 4 w_cons parameters to delta_max=0.1000 bound.
2026-08-12 04:16:22 | sleep.weights.plasticity       | INFO  | Hard-clipped 4 w_cons parameters to delta_max=0.1000 bound.
2026-08-12 04:16:22 | sleep.weights.plasticity       | INFO  | Hard-clipped 4 w_cons parameters to delta_max=0.1000 bound.
2026-08-12 04:16:22 | sleep.weights.plasticity       | INFO  | Hard-clipped 4 w_cons parameters to delta_max=0.1000 bound.
2026-08-12 04:16:22 | sleep.weights.plasticity       | INFO  | Hard-clipped 4 w_cons parameters to delta_max=0.1000 bound.
2026-08-12 04:16:22 | sleep.weights.plasticity       | INFO  | Hard-clipped 4 w_cons parameters to delta_max=0.1000 bound.
2026-08-12 04:16:22 | sleep.weights.plasticity       | INFO  | Hard-clipped 4 w_cons parameters to delta_max=0.1000 bound.
2026-08-12 04:16:22 | sleep.weights.plasticity       | INFO  | Hard-clipped 4 w_cons parameters to delta_max=0.1000 bound.
2026-08-12 04:16:23 | sleep.weights.plasticity       | INFO  | Hard-clipped 4 w_cons parameters to delta_max=0.1000 bound.
2026-08-12 04:16:23 | sleep.weights.plasticity       | INFO  | Hard-clipped 4 w_cons parameters to delta_max=0.1000 bound.
2026-08-12 04:16:23 | sleep.weights.plasticity       | INFO  | Hard-clipped 5 w_cons parameters to delta_max=0.1000 bound.
2026-08-12 04:16:23 | sleep.weights.plasticity       | INFO  | Hard-clipped 5 w_cons parameters to delta_max=0.1000 bound.
2026-08-12 04:16:23 | sleep.weights.plasticity       | INFO  | Hard-clipped 5 w_cons parameters to delta_max=0.1000 bound.
2026-08-12 04:16:23 | sleep.weights.plasticity       | INFO  | Hard-clipped 5 w_cons parameters to delta_max=0.1000 bound.
2026-08-12 04:16:23 | sleep.weights.plasticity       | INFO  | Hard-clipped 5 w_cons parameters to delta_max=0.1000 bound.
2026-08-12 04:16:24 | sleep.weights.plasticity       | INFO  | Hard-clipped 5 w_cons parameters to delta_max=0.1000 bound.
2026-08-12 04:16:24 | sleep.weights.plasticity       | INFO  | Hard-clipped 5 w_cons parameters to delta_max=0.1000 bound.
2026-08-12 04:16:24 | sleep.weights.plasticity       | INFO  | Hard-clipped 6 w_cons parameters to delta_max=0.1000 bound.
2026-08-12 04:16:24 | sleep.weights.plasticity       | INFO  | Hard-clipped 6 w_cons parameters to delta_max=0.1000 bound.
2026-08-12 04:16:24 | sleep.weights.plasticity       | INFO  | Hard-clipped 6 w_cons parameters to delta_max=0.1000 bound.
2026-08-12 04:16:24 | sleep.weights.plasticity       | INFO  | Hard-clipped 6 w_cons parameters to delta_max=0.1000 bound.
2026-08-12 04:16:24 | sleep.weights.plasticity       | INFO  | Hard-clipped 6 w_cons parameters to delta_max=0.1000 bound.
2026-08-12 04:16:25 | sleep.weights.plasticity       | INFO  | Hard-clipped 6 w_cons parameters to delta_max=0.1000 bound.
2026-08-12 04:16:25 | sleep.weights.plasticity       | INFO  | Hard-clipped 6 w_cons parameters to delta_max=0.1000 bound.
2026-08-12 04:16:25 | sleep.weights.plasticity       | INFO  | Hard-clipped 6 w_cons parameters to delta_max=0.1000 bound.
2026-08-12 04:16:25 | sleep.weights.plasticity       | INFO  | Hard-clipped 6 w_cons parameters to delta_max=0.1000 bound.
2026-08-12 04:16:25 | sleep.weights.plasticity       | INFO  | Hard-clipped 6 w_cons parameters to delta_max=0.1000 bound.
2026-08-12 04:16:25 | sleep.weights.plasticity       | INFO  | Hard-clipped 6 w_cons parameters to delta_max=0.1000 bound.
2026-08-12 04:16:26 | sleep.weights.plasticity       | INFO  | Hard-clipped 6 w_cons parameters to delta_max=0.1000 bound.
2026-08-12 04:16:26 | sleep.sleep_engine.train       | INFO  |   distill step 240/400 | loss=0.4166 (kl=0.2860 ce=0.2612) | lr=4.13e-05
2026-08-12 04:16:26 | sleep.weights.plasticity       | INFO  | Hard-clipped 6 w_cons parameters to delta_max=0.1000 bound.
2026-08-12 04:16:26 | sleep.weights.plasticity       | INFO  | Hard-clipped 6 w_cons parameters to delta_max=0.1000 bound.
2026-08-12 04:16:26 | sleep.weights.plasticity       | INFO  | Hard-clipped 6 w_cons parameters to delta_max=0.1000 bound.
2026-08-12 04:16:26 | sleep.weights.plasticity       | INFO  | Hard-clipped 6 w_cons parameters to delta_max=0.1000 bound.
2026-08-12 04:16:26 | sleep.weights.plasticity       | INFO  | Hard-clipped 6 w_cons parameters to delta_max=0.1000 bound.
2026-08-12 04:16:26 | sleep.weights.plasticity       | INFO  | Hard-clipped 6 w_cons parameters to delta_max=0.1000 bound.
2026-08-12 04:16:27 | sleep.weights.plasticity       | INFO  | Hard-clipped 6 w_cons parameters to delta_max=0.1000 bound.
2026-08-12 04:16:27 | sleep.weights.plasticity       | INFO  | Hard-clipped 6 w_cons parameters to delta_max=0.1000 bound.
2026-08-12 04:16:27 | sleep.weights.plasticity       | INFO  | Hard-clipped 6 w_cons parameters to delta_max=0.1000 bound.
2026-08-12 04:16:27 | sleep.weights.plasticity       | INFO  | Hard-clipped 6 w_cons parameters to delta_max=0.1000 bound.
2026-08-12 04:16:27 | sleep.weights.plasticity       | INFO  | Hard-clipped 6 w_cons parameters to delta_max=0.1000 bound.
2026-08-12 04:16:27 | sleep.weights.plasticity       | INFO  | Hard-clipped 6 w_cons parameters to delta_max=0.1000 bound.
2026-08-12 04:16:27 | sleep.weights.plasticity       | INFO  | Hard-clipped 6 w_cons parameters to delta_max=0.1000 bound.
2026-08-12 04:16:28 | sleep.weights.plasticity       | INFO  | Hard-clipped 6 w_cons parameters to delta_max=0.1000 bound.
2026-08-12 04:16:28 | sleep.weights.plasticity       | INFO  | Hard-clipped 6 w_cons parameters to delta_max=0.1000 bound.
2026-08-12 04:16:28 | sleep.weights.plasticity       | INFO  | Hard-clipped 6 w_cons parameters to delta_max=0.1000 bound.
2026-08-12 04:16:28 | sleep.weights.plasticity       | INFO  | Hard-clipped 6 w_cons parameters to delta_max=0.1000 bound.
2026-08-12 04:16:28 | sleep.weights.plasticity       | INFO  | Hard-clipped 6 w_cons parameters to delta_max=0.1000 bound.
2026-08-12 04:16:28 | sleep.weights.plasticity       | INFO  | Hard-clipped 6 w_cons parameters to delta_max=0.1000 bound.
2026-08-12 04:16:28 | sleep.weights.plasticity       | INFO  | Hard-clipped 6 w_cons parameters to delta_max=0.1000 bound.
2026-08-12 04:16:29 | sleep.weights.plasticity       | INFO  | Hard-clipped 6 w_cons parameters to delta_max=0.1000 bound.
2026-08-12 04:16:29 | sleep.weights.plasticity       | INFO  | Hard-clipped 6 w_cons parameters to delta_max=0.1000 bound.
2026-08-12 04:16:29 | sleep.weights.plasticity       | INFO  | Hard-clipped 6 w_cons parameters to delta_max=0.1000 bound.
2026-08-12 04:16:29 | sleep.weights.plasticity       | INFO  | Hard-clipped 6 w_cons parameters to delta_max=0.1000 bound.
2026-08-12 04:16:29 | sleep.weights.plasticity       | INFO  | Hard-clipped 6 w_cons parameters to delta_max=0.1000 bound.
2026-08-12 04:16:29 | sleep.weights.plasticity       | INFO  | Hard-clipped 6 w_cons parameters to delta_max=0.1000 bound.
2026-08-12 04:16:29 | sleep.weights.plasticity       | INFO  | Hard-clipped 6 w_cons parameters to delta_max=0.1000 bound.
2026-08-12 04:16:30 | sleep.weights.plasticity       | INFO  | Hard-clipped 6 w_cons parameters to delta_max=0.1000 bound.
2026-08-12 04:16:30 | sleep.weights.plasticity       | INFO  | Hard-clipped 6 w_cons parameters to delta_max=0.1000 bound.
2026-08-12 04:16:30 | sleep.weights.plasticity       | INFO  | Hard-clipped 6 w_cons parameters to delta_max=0.1000 bound.
2026-08-12 04:16:30 | sleep.weights.plasticity       | INFO  | Hard-clipped 6 w_cons parameters to delta_max=0.1000 bound.
2026-08-12 04:16:30 | sleep.weights.plasticity       | INFO  | Hard-clipped 6 w_cons parameters to delta_max=0.1000 bound.
2026-08-12 04:16:30 | sleep.weights.plasticity       | INFO  | Hard-clipped 6 w_cons parameters to delta_max=0.1000 bound.
2026-08-12 04:16:30 | sleep.weights.plasticity       | INFO  | Hard-clipped 6 w_cons parameters to delta_max=0.1000 bound.
2026-08-12 04:16:31 | sleep.weights.plasticity       | INFO  | Hard-clipped 6 w_cons parameters to delta_max=0.1000 bound.
2026-08-12 04:16:31 | sleep.weights.plasticity       | INFO  | Hard-clipped 6 w_cons parameters to delta_max=0.1000 bound.
2026-08-12 04:16:31 | sleep.weights.plasticity       | INFO  | Hard-clipped 6 w_cons parameters to delta_max=0.1000 bound.
2026-08-12 04:16:31 | sleep.weights.plasticity       | INFO  | Hard-clipped 6 w_cons parameters to delta_max=0.1000 bound.
2026-08-12 04:16:31 | sleep.weights.plasticity       | INFO  | Hard-clipped 6 w_cons parameters to delta_max=0.1000 bound.
2026-08-12 04:16:31 | sleep.weights.plasticity       | INFO  | Hard-clipped 6 w_cons parameters to delta_max=0.1000 bound.
2026-08-12 04:16:31 | sleep.sleep_engine.train       | INFO  |   distill step 280/400 | loss=0.5078 (kl=0.3304 ce=0.3548) | lr=2.50e-05
2026-08-12 04:16:32 | sleep.weights.plasticity       | INFO  | Hard-clipped 6 w_cons parameters to delta_max=0.1000 bound.
2026-08-12 04:16:32 | sleep.weights.plasticity       | INFO  | Hard-clipped 6 w_cons parameters to delta_max=0.1000 bound.
2026-08-12 04:16:32 | sleep.weights.plasticity       | INFO  | Hard-clipped 6 w_cons parameters to delta_max=0.1000 bound.
2026-08-12 04:16:32 | sleep.weights.plasticity       | INFO  | Hard-clipped 6 w_cons parameters to delta_max=0.1000 bound.
2026-08-12 04:16:32 | sleep.weights.plasticity       | INFO  | Hard-clipped 6 w_cons parameters to delta_max=0.1000 bound.
2026-08-12 04:16:32 | sleep.weights.plasticity       | INFO  | Hard-clipped 6 w_cons parameters to delta_max=0.1000 bound.
2026-08-12 04:16:32 | sleep.weights.plasticity       | INFO  | Hard-clipped 6 w_cons parameters to delta_max=0.1000 bound.
2026-08-12 04:16:33 | sleep.weights.plasticity       | INFO  | Hard-clipped 5 w_cons parameters to delta_max=0.1000 bound.
2026-08-12 04:16:33 | sleep.weights.plasticity       | INFO  | Hard-clipped 5 w_cons parameters to delta_max=0.1000 bound.
2026-08-12 04:16:33 | sleep.weights.plasticity       | INFO  | Hard-clipped 5 w_cons parameters to delta_max=0.1000 bound.
2026-08-12 04:16:33 | sleep.weights.plasticity       | INFO  | Hard-clipped 5 w_cons parameters to delta_max=0.1000 bound.
2026-08-12 04:16:33 | sleep.weights.plasticity       | INFO  | Hard-clipped 6 w_cons parameters to delta_max=0.1000 bound.
2026-08-12 04:16:33 | sleep.weights.plasticity       | INFO  | Hard-clipped 5 w_cons parameters to delta_max=0.1000 bound.
2026-08-12 04:16:33 | sleep.weights.plasticity       | INFO  | Hard-clipped 6 w_cons parameters to delta_max=0.1000 bound.
2026-08-12 04:16:34 | sleep.weights.plasticity       | INFO  | Hard-clipped 3 w_cons parameters to delta_max=0.1000 bound.
2026-08-12 04:16:34 | sleep.weights.plasticity       | INFO  | Hard-clipped 3 w_cons parameters to delta_max=0.1000 bound.
2026-08-12 04:16:34 | sleep.weights.plasticity       | INFO  | Hard-clipped 3 w_cons parameters to delta_max=0.1000 bound.
2026-08-12 04:16:34 | sleep.weights.plasticity       | INFO  | Hard-clipped 4 w_cons parameters to delta_max=0.1000 bound.
2026-08-12 04:16:34 | sleep.weights.plasticity       | INFO  | Hard-clipped 4 w_cons parameters to delta_max=0.1000 bound.
2026-08-12 04:16:34 | sleep.weights.plasticity       | INFO  | Hard-clipped 4 w_cons parameters to delta_max=0.1000 bound.
2026-08-12 04:16:35 | sleep.weights.plasticity       | INFO  | Hard-clipped 4 w_cons parameters to delta_max=0.1000 bound.
2026-08-12 04:16:35 | sleep.weights.plasticity       | INFO  | Hard-clipped 6 w_cons parameters to delta_max=0.1000 bound.
2026-08-12 04:16:35 | sleep.weights.plasticity       | INFO  | Hard-clipped 6 w_cons parameters to delta_max=0.1000 bound.
2026-08-12 04:16:35 | sleep.weights.plasticity       | INFO  | Hard-clipped 6 w_cons parameters to delta_max=0.1000 bound.
2026-08-12 04:16:35 | sleep.weights.plasticity       | INFO  | Hard-clipped 6 w_cons parameters to delta_max=0.1000 bound.
2026-08-12 04:16:35 | sleep.weights.plasticity       | INFO  | Hard-clipped 6 w_cons parameters to delta_max=0.1000 bound.
2026-08-12 04:16:35 | sleep.weights.plasticity       | INFO  | Hard-clipped 6 w_cons parameters to delta_max=0.1000 bound.
2026-08-12 04:16:36 | sleep.weights.plasticity       | INFO  | Hard-clipped 6 w_cons parameters to delta_max=0.1000 bound.
2026-08-12 04:16:36 | sleep.weights.plasticity       | INFO  | Hard-clipped 6 w_cons parameters to delta_max=0.1000 bound.
2026-08-12 04:16:36 | sleep.weights.plasticity       | INFO  | Hard-clipped 6 w_cons parameters to delta_max=0.1000 bound.
2026-08-12 04:16:36 | sleep.weights.plasticity       | INFO  | Hard-clipped 6 w_cons parameters to delta_max=0.1000 bound.
2026-08-12 04:16:36 | sleep.weights.plasticity       | INFO  | Hard-clipped 6 w_cons parameters to delta_max=0.1000 bound.
2026-08-12 04:16:36 | sleep.weights.plasticity       | INFO  | Hard-clipped 6 w_cons parameters to delta_max=0.1000 bound.
2026-08-12 04:16:37 | sleep.weights.plasticity       | INFO  | Hard-clipped 6 w_cons parameters to delta_max=0.1000 bound.
2026-08-12 04:16:37 | sleep.weights.plasticity       | INFO  | Hard-clipped 6 w_cons parameters to delta_max=0.1000 bound.
2026-08-12 04:16:37 | sleep.weights.plasticity       | INFO  | Hard-clipped 6 w_cons parameters to delta_max=0.1000 bound.
2026-08-12 04:16:37 | sleep.weights.plasticity       | INFO  | Hard-clipped 6 w_cons parameters to delta_max=0.1000 bound.
2026-08-12 04:16:37 | sleep.weights.plasticity       | INFO  | Hard-clipped 6 w_cons parameters to delta_max=0.1000 bound.
2026-08-12 04:16:37 | sleep.weights.plasticity       | INFO  | Hard-clipped 6 w_cons parameters to delta_max=0.1000 bound.
2026-08-12 04:16:37 | sleep.weights.plasticity       | INFO  | Hard-clipped 6 w_cons parameters to delta_max=0.1000 bound.
2026-08-12 04:16:37 | sleep.sleep_engine.train       | INFO  |   distill step 320/400 | loss=0.4645 (kl=0.2630 ce=0.4031) | lr=1.17e-05
2026-08-12 04:16:38 | sleep.weights.plasticity       | INFO  | Hard-clipped 6 w_cons parameters to delta_max=0.1000 bound.
2026-08-12 04:16:38 | sleep.weights.plasticity       | INFO  | Hard-clipped 6 w_cons parameters to delta_max=0.1000 bound.
2026-08-12 04:16:38 | sleep.weights.plasticity       | INFO  | Hard-clipped 6 w_cons parameters to delta_max=0.1000 bound.
2026-08-12 04:16:38 | sleep.weights.plasticity       | INFO  | Hard-clipped 4 w_cons parameters to delta_max=0.1000 bound.
2026-08-12 04:16:38 | sleep.weights.plasticity       | INFO  | Hard-clipped 2 w_cons parameters to delta_max=0.1000 bound.
2026-08-12 04:16:38 | sleep.weights.plasticity       | INFO  | Hard-clipped 3 w_cons parameters to delta_max=0.1000 bound.
2026-08-12 04:16:38 | sleep.weights.plasticity       | INFO  | Hard-clipped 3 w_cons parameters to delta_max=0.1000 bound.
2026-08-12 04:16:39 | sleep.weights.plasticity       | INFO  | Hard-clipped 4 w_cons parameters to delta_max=0.1000 bound.
2026-08-12 04:16:39 | sleep.weights.plasticity       | INFO  | Hard-clipped 4 w_cons parameters to delta_max=0.1000 bound.
2026-08-12 04:16:39 | sleep.weights.plasticity       | INFO  | Hard-clipped 4 w_cons parameters to delta_max=0.1000 bound.
2026-08-12 04:16:39 | sleep.weights.plasticity       | INFO  | Hard-clipped 4 w_cons parameters to delta_max=0.1000 bound.
2026-08-12 04:16:39 | sleep.weights.plasticity       | INFO  | Hard-clipped 4 w_cons parameters to delta_max=0.1000 bound.
2026-08-12 04:16:39 | sleep.weights.plasticity       | INFO  | Hard-clipped 5 w_cons parameters to delta_max=0.1000 bound.
2026-08-12 04:16:40 | sleep.weights.plasticity       | INFO  | Hard-clipped 5 w_cons parameters to delta_max=0.1000 bound.
2026-08-12 04:16:40 | sleep.weights.plasticity       | INFO  | Hard-clipped 5 w_cons parameters to delta_max=0.1000 bound.
2026-08-12 04:16:40 | sleep.weights.plasticity       | INFO  | Hard-clipped 6 w_cons parameters to delta_max=0.1000 bound.
2026-08-12 04:16:40 | sleep.weights.plasticity       | INFO  | Hard-clipped 6 w_cons parameters to delta_max=0.1000 bound.
2026-08-12 04:16:40 | sleep.weights.plasticity       | INFO  | Hard-clipped 6 w_cons parameters to delta_max=0.1000 bound.
2026-08-12 04:16:40 | sleep.weights.plasticity       | INFO  | Hard-clipped 6 w_cons parameters to delta_max=0.1000 bound.
2026-08-12 04:16:40 | sleep.weights.plasticity       | INFO  | Hard-clipped 6 w_cons parameters to delta_max=0.1000 bound.
2026-08-12 04:16:41 | sleep.weights.plasticity       | INFO  | Hard-clipped 6 w_cons parameters to delta_max=0.1000 bound.
2026-08-12 04:16:41 | sleep.weights.plasticity       | INFO  | Hard-clipped 6 w_cons parameters to delta_max=0.1000 bound.
2026-08-12 04:16:41 | sleep.weights.plasticity       | INFO  | Hard-clipped 6 w_cons parameters to delta_max=0.1000 bound.
2026-08-12 04:16:41 | sleep.weights.plasticity       | INFO  | Hard-clipped 6 w_cons parameters to delta_max=0.1000 bound.
2026-08-12 04:16:41 | sleep.weights.plasticity       | INFO  | Hard-clipped 6 w_cons parameters to delta_max=0.1000 bound.
2026-08-12 04:16:41 | sleep.weights.plasticity       | INFO  | Hard-clipped 6 w_cons parameters to delta_max=0.1000 bound.
2026-08-12 04:16:41 | sleep.weights.plasticity       | INFO  | Hard-clipped 6 w_cons parameters to delta_max=0.1000 bound.
2026-08-12 04:16:42 | sleep.weights.plasticity       | INFO  | Hard-clipped 6 w_cons parameters to delta_max=0.1000 bound.
2026-08-12 04:16:42 | sleep.weights.plasticity       | INFO  | Hard-clipped 6 w_cons parameters to delta_max=0.1000 bound.
2026-08-12 04:16:42 | sleep.weights.plasticity       | INFO  | Hard-clipped 6 w_cons parameters to delta_max=0.1000 bound.
2026-08-12 04:16:42 | sleep.weights.plasticity       | INFO  | Hard-clipped 6 w_cons parameters to delta_max=0.1000 bound.
2026-08-12 04:16:42 | sleep.weights.plasticity       | INFO  | Hard-clipped 6 w_cons parameters to delta_max=0.1000 bound.
2026-08-12 04:16:42 | sleep.weights.plasticity       | INFO  | Hard-clipped 6 w_cons parameters to delta_max=0.1000 bound.
2026-08-12 04:16:43 | sleep.weights.plasticity       | INFO  | Hard-clipped 6 w_cons parameters to delta_max=0.1000 bound.
2026-08-12 04:16:43 | sleep.weights.plasticity       | INFO  | Hard-clipped 6 w_cons parameters to delta_max=0.1000 bound.
2026-08-12 04:16:43 | sleep.weights.plasticity       | INFO  | Hard-clipped 6 w_cons parameters to delta_max=0.1000 bound.
2026-08-12 04:16:43 | sleep.weights.plasticity       | INFO  | Hard-clipped 6 w_cons parameters to delta_max=0.1000 bound.
2026-08-12 04:16:43 | sleep.weights.plasticity       | INFO  | Hard-clipped 6 w_cons parameters to delta_max=0.1000 bound.
2026-08-12 04:16:43 | sleep.weights.plasticity       | INFO  | Hard-clipped 6 w_cons parameters to delta_max=0.1000 bound.
2026-08-12 04:16:43 | sleep.weights.plasticity       | INFO  | Hard-clipped 6 w_cons parameters to delta_max=0.1000 bound.
2026-08-12 04:16:43 | sleep.sleep_engine.train       | INFO  |   distill step 360/400 | loss=0.4544 (kl=0.2664 ce=0.3761) | lr=3.02e-06
2026-08-12 04:16:44 | sleep.weights.plasticity       | INFO  | Hard-clipped 6 w_cons parameters to delta_max=0.1000 bound.
2026-08-12 04:16:44 | sleep.weights.plasticity       | INFO  | Hard-clipped 6 w_cons parameters to delta_max=0.1000 bound.
2026-08-12 04:16:44 | sleep.weights.plasticity       | INFO  | Hard-clipped 6 w_cons parameters to delta_max=0.1000 bound.
2026-08-12 04:16:44 | sleep.weights.plasticity       | INFO  | Hard-clipped 6 w_cons parameters to delta_max=0.1000 bound.
2026-08-12 04:16:44 | sleep.weights.plasticity       | INFO  | Hard-clipped 5 w_cons parameters to delta_max=0.1000 bound.
2026-08-12 04:16:44 | sleep.weights.plasticity       | INFO  | Hard-clipped 4 w_cons parameters to delta_max=0.1000 bound.
2026-08-12 04:16:44 | sleep.weights.plasticity       | INFO  | Hard-clipped 5 w_cons parameters to delta_max=0.1000 bound.
2026-08-12 04:16:45 | sleep.weights.plasticity       | INFO  | Hard-clipped 6 w_cons parameters to delta_max=0.1000 bound.
2026-08-12 04:16:45 | sleep.weights.plasticity       | INFO  | Hard-clipped 6 w_cons parameters to delta_max=0.1000 bound.
2026-08-12 04:16:45 | sleep.weights.plasticity       | INFO  | Hard-clipped 6 w_cons parameters to delta_max=0.1000 bound.
2026-08-12 04:16:45 | sleep.weights.plasticity       | INFO  | Hard-clipped 6 w_cons parameters to delta_max=0.1000 bound.
2026-08-12 04:16:45 | sleep.weights.plasticity       | INFO  | Hard-clipped 6 w_cons parameters to delta_max=0.1000 bound.
2026-08-12 04:16:45 | sleep.weights.plasticity       | INFO  | Hard-clipped 6 w_cons parameters to delta_max=0.1000 bound.
2026-08-12 04:16:45 | sleep.weights.plasticity       | INFO  | Hard-clipped 6 w_cons parameters to delta_max=0.1000 bound.
2026-08-12 04:16:46 | sleep.weights.plasticity       | INFO  | Hard-clipped 6 w_cons parameters to delta_max=0.1000 bound.
2026-08-12 04:16:46 | sleep.weights.plasticity       | INFO  | Hard-clipped 6 w_cons parameters to delta_max=0.1000 bound.
2026-08-12 04:16:46 | sleep.weights.plasticity       | INFO  | Hard-clipped 6 w_cons parameters to delta_max=0.1000 bound.
2026-08-12 04:16:46 | sleep.weights.plasticity       | INFO  | Hard-clipped 6 w_cons parameters to delta_max=0.1000 bound.
2026-08-12 04:16:46 | sleep.weights.plasticity       | INFO  | Hard-clipped 6 w_cons parameters to delta_max=0.1000 bound.
2026-08-12 04:16:46 | sleep.weights.plasticity       | INFO  | Hard-clipped 6 w_cons parameters to delta_max=0.1000 bound.
2026-08-12 04:16:47 | sleep.weights.plasticity       | INFO  | Hard-clipped 6 w_cons parameters to delta_max=0.1000 bound.
2026-08-12 04:16:47 | sleep.weights.plasticity       | INFO  | Hard-clipped 6 w_cons parameters to delta_max=0.1000 bound.
2026-08-12 04:16:47 | sleep.weights.plasticity       | INFO  | Hard-clipped 6 w_cons parameters to delta_max=0.1000 bound.
2026-08-12 04:16:47 | sleep.weights.plasticity       | INFO  | Hard-clipped 6 w_cons parameters to delta_max=0.1000 bound.
2026-08-12 04:16:47 | sleep.weights.plasticity       | INFO  | Hard-clipped 6 w_cons parameters to delta_max=0.1000 bound.
2026-08-12 04:16:47 | sleep.weights.plasticity       | INFO  | Hard-clipped 6 w_cons parameters to delta_max=0.1000 bound.
2026-08-12 04:16:47 | sleep.weights.plasticity       | INFO  | Hard-clipped 6 w_cons parameters to delta_max=0.1000 bound.
2026-08-12 04:16:48 | sleep.weights.plasticity       | INFO  | Hard-clipped 6 w_cons parameters to delta_max=0.1000 bound.
2026-08-12 04:16:48 | sleep.weights.plasticity       | INFO  | Hard-clipped 6 w_cons parameters to delta_max=0.1000 bound.
2026-08-12 04:16:48 | sleep.weights.plasticity       | INFO  | Hard-clipped 6 w_cons parameters to delta_max=0.1000 bound.
2026-08-12 04:16:48 | sleep.weights.plasticity       | INFO  | Hard-clipped 6 w_cons parameters to delta_max=0.1000 bound.
2026-08-12 04:16:48 | sleep.weights.plasticity       | INFO  | Hard-clipped 6 w_cons parameters to delta_max=0.1000 bound.
2026-08-12 04:16:48 | sleep.weights.plasticity       | INFO  | Hard-clipped 6 w_cons parameters to delta_max=0.1000 bound.
2026-08-12 04:16:48 | sleep.weights.plasticity       | INFO  | Hard-clipped 6 w_cons parameters to delta_max=0.1000 bound.
2026-08-12 04:16:49 | sleep.weights.plasticity       | INFO  | Hard-clipped 6 w_cons parameters to delta_max=0.1000 bound.
2026-08-12 04:16:49 | sleep.weights.plasticity       | INFO  | Hard-clipped 3 w_cons parameters to delta_max=0.1000 bound.
2026-08-12 04:16:49 | sleep.weights.plasticity       | INFO  | Hard-clipped 4 w_cons parameters to delta_max=0.1000 bound.
2026-08-12 04:16:49 | sleep.weights.plasticity       | INFO  | Hard-clipped 5 w_cons parameters to delta_max=0.1000 bound.
2026-08-12 04:16:49 | sleep.weights.plasticity       | INFO  | Hard-clipped 5 w_cons parameters to delta_max=0.1000 bound.
2026-08-12 04:16:49 | sleep.weights.plasticity       | INFO  | Hard-clipped 4 w_cons parameters to delta_max=0.1000 bound.
2026-08-12 04:16:49 | sleep.sleep_engine.train       | INFO  |   distill step 400/400 | loss=1.1786 (kl=0.4318 ce=1.4936) | lr=0.00e+00
2026-08-12 04:16:49 | sleep.sleep_engine.train       | INFO  | Sleep distill-training complete | n_steps=400 | final_loss=1.1786 | mean_loss=0.6540
2026-08-12 04:16:49 | sleep.sleep_engine             | INFO  | Phase 3 complete: 400 steps, final_loss=1.1786, mean_loss=0.6540
2026-08-12 04:16:49 | sleep.sleep_engine             | INFO  | Phase 4/5: PPL CHECK (skipped — no benchmark data)
2026-08-12 04:16:49 | sleep.sleep_engine             | INFO  | Phase 5/5: VALIDATE & CLEANUP
2026-08-12 04:16:50 | sleep.weights.plasticity       | INFO  | Saved checkpoint for adapter 'w_cons': 44 parameters.
2026-08-12 04:16:50 | sleep.weights.plasticity       | INFO  | Restored 44 parameters for adapter 'w_cons' from checkpoint.
2026-08-12 04:16:50 | sleep.weights.plasticity       | INFO  | Restored 44 parameters for adapter 'w_cons' from checkpoint.
2026-08-12 04:17:00 | sleep.sleep_engine             | INFO  | Two-stage validation: 7/14 passed surprise, 7 also passed the mini-recall gate (self-grading gap = 0)
2026-08-12 04:17:00 | sleep.sleep_engine.cleanup     | INFO  | Cleanup complete | passed=7 | failed=7 | permanently_removed=0
2026-08-12 04:17:00 | sleep.sleep_engine             | INFO  | Phase 5 complete: consolidated=7, failed=7, permanently_removed=0
2026-08-12 04:17:00 | sleep.metrics                  | INFO  | summary | {'sleep_engine/n_candidates': 14, 'sleep_engine/n_replays_generated': 116, 'sleep_engine/n_replays_accepted': 116, 'sleep_engine/n_consolidated': 7, 'sleep_engine/n_failed': 7, 'sleep_engine/n_permanently_removed': 0, 'sleep_engine/rolled_back': False}
2026-08-12 04:17:00 | sleep.weights.kv_memory        | INFO  | bank cleared: freed 7 tags / 319 tokens
2026-08-12 04:17:00 | sleep.sleep_engine             | INFO  | KV bank cleared (7 entries removed)
2026-08-12 04:17:00 | sleep.sleep_engine             | INFO  | KV memory injection: ENABLED
2026-08-12 04:17:00 | sleep.sleep_engine             | INFO  | === Sleep cycle END ===
2026-08-12 04:20:29 | sleep.evaluation.recall        | INFO  | Recall evaluation: DRA=0.0806 across 120 cases
2026-08-12 04:21:04 | sleep.evaluation.recall        | INFO  | Recall evaluation: DRA=0.2333 across 20 cases
2026-08-12 04:21:04 | sleep.evaluation.preservation  | INFO  | Perplexity evaluation: PPL=5.1498 (mean_loss=1.6390, 62 tokens)
2026-08-12 04:21:04 | sleep.evaluation.preservation  | INFO  | BCP: 1.1799 (current_ppl=5.1498, original_ppl=4.3646)
2026-08-12 04:21:04 | sleep.experiment.08            | INFO  | [sleep Cycle 6 EVAL] DRA cumulative=0.081 (19/120 hits); DRA current=0.233 (6/20 hits); BCP=1.1799
2026-08-12 04:21:04 | sleep.experiment.08            | INFO  | ======================================================================
2026-08-12 04:21:04 | sleep.experiment.08            | INFO  | [SLEEP Cycle 7] Wake phase: 20 facts
2026-08-12 04:21:04 | sleep.experiment.08            | INFO  | ======================================================================
2026-08-12 04:21:04 | sleep.tagging                  | INFO  | step=121 | 2 tags created from 2 spans | buffer: 78/36208 (0.2%)
2026-08-12 04:21:04 | sleep.tagging                  | INFO  | step=122 | 1 tags created from 1 spans | buffer: 79/36208 (0.2%)
2026-08-12 04:21:04 | sleep.tagging                  | INFO  | step=124 | 1 tags created from 1 spans | buffer: 80/36208 (0.2%)
2026-08-12 04:21:04 | sleep.tagging                  | INFO  | step=125 | 1 tags created from 1 spans | buffer: 81/36208 (0.2%)
2026-08-12 04:21:04 | sleep.tagging                  | INFO  | step=126 | 1 tags created from 1 spans | buffer: 82/36208 (0.2%)
2026-08-12 04:21:05 | sleep.tagging                  | INFO  | step=129 | 1 tags created from 1 spans | buffer: 83/36208 (0.2%)
2026-08-12 04:21:05 | sleep.tagging                  | INFO  | step=131 | 2 tags created from 2 spans | buffer: 85/36208 (0.2%)
2026-08-12 04:21:05 | sleep.tagging                  | INFO  | step=132 | 2 tags created from 2 spans | buffer: 87/36208 (0.2%)
2026-08-12 04:21:05 | sleep.tagging                  | INFO  | step=135 | 1 tags created from 1 spans | buffer: 88/36208 (0.2%)
2026-08-12 04:21:05 | sleep.tagging                  | INFO  | step=136 | 1 tags created from 1 spans | buffer: 89/36208 (0.2%)
2026-08-12 04:21:05 | sleep.tagging                  | INFO  | step=137 | 1 tags created from 1 spans | buffer: 90/36208 (0.2%)
2026-08-12 04:21:05 | sleep.experiment.08            | INFO  | [Cycle 7] Wake summary: 20 facts -> 11 KV writes; bank: 487/20000 tokens
2026-08-12 04:21:05 | sleep.prp                      | INFO  | step=140 | PRP update: 17/3620 allocated (0%) | +10 -0 | threshold=0.225 | mean_score=0.196
2026-08-12 04:21:05 | sleep.experiment.08            | INFO  | [Cycle 7] PRP: 17 allocated, 17 consolidation candidates
2026-08-12 04:21:05 | sleep.sleep_engine             | INFO  | === Sleep cycle START | 17 candidates ===
2026-08-12 04:21:05 | sleep.sleep_engine             | INFO  | Phase 1/5: GENERATE (strategy=paraphrase)
2026-08-12 04:21:05 | sleep.sleep_engine             | INFO  | KV memory injection: DISABLED
2026-08-12 04:21:05 | sleep.sleep_engine             | INFO  | Phase 1 (paraphrase strategy): 160 wordings from 7 unique sources (17 candidates)
2026-08-12 04:21:05 | sleep.sleep_engine             | INFO  | Phase 1 complete: 160/17 replays generated
2026-08-12 04:21:05 | sleep.sleep_engine             | INFO  | Phase 2/5: QUALITY CHECK
2026-08-12 04:21:05 | sleep.sleep_engine             | INFO  | Phase 2 complete: 160/160 replays accepted
2026-08-12 04:21:05 | sleep.sleep_engine             | INFO  | Phase 3/5: TRAIN (160 accepted replays)
2026-08-12 04:21:05 | sleep.sleep_engine             | INFO  | KV memory injection: DISABLED
2026-08-12 04:21:06 | sleep.weights.plasticity       | INFO  | Saved checkpoint for adapter 'w_cons': 44 parameters.
2026-08-12 04:21:06 | sleep.weights.plasticity       | INFO  | Saved checkpoint for adapter 'w_cons': 44 parameters.
2026-08-12 04:21:06 | sleep.sleep_engine.train       | INFO  | Sleep distill-training: 7 facts | 400 steps | lr=1.00e-04 | T=2
2026-08-12 04:21:06 | sleep.sleep_engine.train       | INFO  |   distill step 1/400 | loss=2.4039 (kl=1.4135 ce=1.9808) | lr=2.50e-06
2026-08-12 04:21:12 | sleep.sleep_engine.train       | INFO  |   distill step 40/400 | loss=1.1000 (kl=0.6697 ce=0.8607) | lr=1.00e-04
2026-08-12 04:21:18 | sleep.sleep_engine.train       | INFO  |   distill step 80/400 | loss=0.4465 (kl=0.2588 ce=0.3753) | lr=9.70e-05
2026-08-12 04:21:24 | sleep.sleep_engine.train       | INFO  |   distill step 120/400 | loss=0.7804 (kl=0.5605 ce=0.4399) | lr=8.83e-05
2026-08-12 04:21:25 | sleep.weights.plasticity       | INFO  | Hard-clipped 1 w_cons parameters to delta_max=0.1000 bound.
2026-08-12 04:21:25 | sleep.weights.plasticity       | INFO  | Hard-clipped 1 w_cons parameters to delta_max=0.1000 bound.
2026-08-12 04:21:25 | sleep.weights.plasticity       | INFO  | Hard-clipped 1 w_cons parameters to delta_max=0.1000 bound.
2026-08-12 04:21:25 | sleep.weights.plasticity       | INFO  | Hard-clipped 1 w_cons parameters to delta_max=0.1000 bound.
2026-08-12 04:21:26 | sleep.weights.plasticity       | INFO  | Hard-clipped 1 w_cons parameters to delta_max=0.1000 bound.
2026-08-12 04:21:26 | sleep.weights.plasticity       | INFO  | Hard-clipped 1 w_cons parameters to delta_max=0.1000 bound.
2026-08-12 04:21:26 | sleep.weights.plasticity       | INFO  | Hard-clipped 1 w_cons parameters to delta_max=0.1000 bound.
2026-08-12 04:21:26 | sleep.weights.plasticity       | INFO  | Hard-clipped 1 w_cons parameters to delta_max=0.1000 bound.
2026-08-12 04:21:26 | sleep.weights.plasticity       | INFO  | Hard-clipped 2 w_cons parameters to delta_max=0.1000 bound.
2026-08-12 04:21:26 | sleep.weights.plasticity       | INFO  | Hard-clipped 2 w_cons parameters to delta_max=0.1000 bound.
2026-08-12 04:21:26 | sleep.weights.plasticity       | INFO  | Hard-clipped 2 w_cons parameters to delta_max=0.1000 bound.
2026-08-12 04:21:27 | sleep.weights.plasticity       | INFO  | Hard-clipped 2 w_cons parameters to delta_max=0.1000 bound.
2026-08-12 04:21:27 | sleep.weights.plasticity       | INFO  | Hard-clipped 2 w_cons parameters to delta_max=0.1000 bound.
2026-08-12 04:21:27 | sleep.weights.plasticity       | INFO  | Hard-clipped 2 w_cons parameters to delta_max=0.1000 bound.
2026-08-12 04:21:27 | sleep.weights.plasticity       | INFO  | Hard-clipped 2 w_cons parameters to delta_max=0.1000 bound.
2026-08-12 04:21:27 | sleep.weights.plasticity       | INFO  | Hard-clipped 2 w_cons parameters to delta_max=0.1000 bound.
2026-08-12 04:21:27 | sleep.weights.plasticity       | INFO  | Hard-clipped 2 w_cons parameters to delta_max=0.1000 bound.
2026-08-12 04:21:27 | sleep.weights.plasticity       | INFO  | Hard-clipped 2 w_cons parameters to delta_max=0.1000 bound.
2026-08-12 04:21:28 | sleep.weights.plasticity       | INFO  | Hard-clipped 2 w_cons parameters to delta_max=0.1000 bound.
2026-08-12 04:21:28 | sleep.weights.plasticity       | INFO  | Hard-clipped 2 w_cons parameters to delta_max=0.1000 bound.
2026-08-12 04:21:28 | sleep.weights.plasticity       | INFO  | Hard-clipped 2 w_cons parameters to delta_max=0.1000 bound.
2026-08-12 04:21:28 | sleep.weights.plasticity       | INFO  | Hard-clipped 2 w_cons parameters to delta_max=0.1000 bound.
2026-08-12 04:21:28 | sleep.weights.plasticity       | INFO  | Hard-clipped 2 w_cons parameters to delta_max=0.1000 bound.
2026-08-12 04:21:28 | sleep.weights.plasticity       | INFO  | Hard-clipped 2 w_cons parameters to delta_max=0.1000 bound.
2026-08-12 04:21:29 | sleep.weights.plasticity       | INFO  | Hard-clipped 2 w_cons parameters to delta_max=0.1000 bound.
2026-08-12 04:21:29 | sleep.weights.plasticity       | INFO  | Hard-clipped 2 w_cons parameters to delta_max=0.1000 bound.
2026-08-12 04:21:29 | sleep.weights.plasticity       | INFO  | Hard-clipped 2 w_cons parameters to delta_max=0.1000 bound.
2026-08-12 04:21:29 | sleep.weights.plasticity       | INFO  | Hard-clipped 2 w_cons parameters to delta_max=0.1000 bound.
2026-08-12 04:21:29 | sleep.weights.plasticity       | INFO  | Hard-clipped 2 w_cons parameters to delta_max=0.1000 bound.
2026-08-12 04:21:29 | sleep.weights.plasticity       | INFO  | Hard-clipped 2 w_cons parameters to delta_max=0.1000 bound.
2026-08-12 04:21:29 | sleep.weights.plasticity       | INFO  | Hard-clipped 2 w_cons parameters to delta_max=0.1000 bound.
2026-08-12 04:21:30 | sleep.weights.plasticity       | INFO  | Hard-clipped 2 w_cons parameters to delta_max=0.1000 bound.
2026-08-12 04:21:30 | sleep.weights.plasticity       | INFO  | Hard-clipped 2 w_cons parameters to delta_max=0.1000 bound.
2026-08-12 04:21:30 | sleep.weights.plasticity       | INFO  | Hard-clipped 2 w_cons parameters to delta_max=0.1000 bound.
2026-08-12 04:21:30 | sleep.weights.plasticity       | INFO  | Hard-clipped 2 w_cons parameters to delta_max=0.1000 bound.
2026-08-12 04:21:30 | sleep.weights.plasticity       | INFO  | Hard-clipped 2 w_cons parameters to delta_max=0.1000 bound.
2026-08-12 04:21:30 | sleep.sleep_engine.train       | INFO  |   distill step 160/400 | loss=0.5459 (kl=0.3965 ce=0.2988) | lr=7.50e-05
2026-08-12 04:21:30 | sleep.weights.plasticity       | INFO  | Hard-clipped 2 w_cons parameters to delta_max=0.1000 bound.
2026-08-12 04:21:30 | sleep.weights.plasticity       | INFO  | Hard-clipped 2 w_cons parameters to delta_max=0.1000 bound.
2026-08-12 04:21:31 | sleep.weights.plasticity       | INFO  | Hard-clipped 2 w_cons parameters to delta_max=0.1000 bound.
2026-08-12 04:21:31 | sleep.weights.plasticity       | INFO  | Hard-clipped 2 w_cons parameters to delta_max=0.1000 bound.
2026-08-12 04:21:31 | sleep.weights.plasticity       | INFO  | Hard-clipped 2 w_cons parameters to delta_max=0.1000 bound.
2026-08-12 04:21:31 | sleep.weights.plasticity       | INFO  | Hard-clipped 2 w_cons parameters to delta_max=0.1000 bound.
2026-08-12 04:21:31 | sleep.weights.plasticity       | INFO  | Hard-clipped 2 w_cons parameters to delta_max=0.1000 bound.
2026-08-12 04:21:31 | sleep.weights.plasticity       | INFO  | Hard-clipped 2 w_cons parameters to delta_max=0.1000 bound.
2026-08-12 04:21:32 | sleep.weights.plasticity       | INFO  | Hard-clipped 2 w_cons parameters to delta_max=0.1000 bound.
2026-08-12 04:21:32 | sleep.weights.plasticity       | INFO  | Hard-clipped 2 w_cons parameters to delta_max=0.1000 bound.
2026-08-12 04:21:32 | sleep.weights.plasticity       | INFO  | Hard-clipped 2 w_cons parameters to delta_max=0.1000 bound.
2026-08-12 04:21:32 | sleep.weights.plasticity       | INFO  | Hard-clipped 2 w_cons parameters to delta_max=0.1000 bound.
2026-08-12 04:21:32 | sleep.weights.plasticity       | INFO  | Hard-clipped 2 w_cons parameters to delta_max=0.1000 bound.
2026-08-12 04:21:32 | sleep.weights.plasticity       | INFO  | Hard-clipped 2 w_cons parameters to delta_max=0.1000 bound.
2026-08-12 04:21:32 | sleep.weights.plasticity       | INFO  | Hard-clipped 2 w_cons parameters to delta_max=0.1000 bound.
2026-08-12 04:21:33 | sleep.weights.plasticity       | INFO  | Hard-clipped 2 w_cons parameters to delta_max=0.1000 bound.
2026-08-12 04:21:33 | sleep.weights.plasticity       | INFO  | Hard-clipped 3 w_cons parameters to delta_max=0.1000 bound.
2026-08-12 04:21:33 | sleep.weights.plasticity       | INFO  | Hard-clipped 3 w_cons parameters to delta_max=0.1000 bound.
2026-08-12 04:21:33 | sleep.weights.plasticity       | INFO  | Hard-clipped 3 w_cons parameters to delta_max=0.1000 bound.
2026-08-12 04:21:33 | sleep.weights.plasticity       | INFO  | Hard-clipped 3 w_cons parameters to delta_max=0.1000 bound.
2026-08-12 04:21:33 | sleep.weights.plasticity       | INFO  | Hard-clipped 3 w_cons parameters to delta_max=0.1000 bound.
2026-08-12 04:21:34 | sleep.weights.plasticity       | INFO  | Hard-clipped 3 w_cons parameters to delta_max=0.1000 bound.
2026-08-12 04:21:34 | sleep.weights.plasticity       | INFO  | Hard-clipped 4 w_cons parameters to delta_max=0.1000 bound.
2026-08-12 04:21:34 | sleep.weights.plasticity       | INFO  | Hard-clipped 4 w_cons parameters to delta_max=0.1000 bound.
2026-08-12 04:21:34 | sleep.weights.plasticity       | INFO  | Hard-clipped 4 w_cons parameters to delta_max=0.1000 bound.
2026-08-12 04:21:34 | sleep.weights.plasticity       | INFO  | Hard-clipped 4 w_cons parameters to delta_max=0.1000 bound.
2026-08-12 04:21:34 | sleep.weights.plasticity       | INFO  | Hard-clipped 4 w_cons parameters to delta_max=0.1000 bound.
2026-08-12 04:21:34 | sleep.weights.plasticity       | INFO  | Hard-clipped 4 w_cons parameters to delta_max=0.1000 bound.
2026-08-12 04:21:35 | sleep.weights.plasticity       | INFO  | Hard-clipped 4 w_cons parameters to delta_max=0.1000 bound.
2026-08-12 04:21:35 | sleep.weights.plasticity       | INFO  | Hard-clipped 4 w_cons parameters to delta_max=0.1000 bound.
2026-08-12 04:21:35 | sleep.weights.plasticity       | INFO  | Hard-clipped 4 w_cons parameters to delta_max=0.1000 bound.
2026-08-12 04:21:35 | sleep.weights.plasticity       | INFO  | Hard-clipped 4 w_cons parameters to delta_max=0.1000 bound.
2026-08-12 04:21:35 | sleep.weights.plasticity       | INFO  | Hard-clipped 4 w_cons parameters to delta_max=0.1000 bound.
2026-08-12 04:21:35 | sleep.weights.plasticity       | INFO  | Hard-clipped 4 w_cons parameters to delta_max=0.1000 bound.
2026-08-12 04:21:35 | sleep.weights.plasticity       | INFO  | Hard-clipped 4 w_cons parameters to delta_max=0.1000 bound.
2026-08-12 04:21:36 | sleep.weights.plasticity       | INFO  | Hard-clipped 4 w_cons parameters to delta_max=0.1000 bound.
2026-08-12 04:21:36 | sleep.weights.plasticity       | INFO  | Hard-clipped 4 w_cons parameters to delta_max=0.1000 bound.
2026-08-12 04:21:36 | sleep.weights.plasticity       | INFO  | Hard-clipped 4 w_cons parameters to delta_max=0.1000 bound.
2026-08-12 04:21:36 | sleep.weights.plasticity       | INFO  | Hard-clipped 4 w_cons parameters to delta_max=0.1000 bound.
2026-08-12 04:21:36 | sleep.weights.plasticity       | INFO  | Hard-clipped 4 w_cons parameters to delta_max=0.1000 bound.
2026-08-12 04:21:36 | sleep.sleep_engine.train       | INFO  |   distill step 200/400 | loss=0.5248 (kl=0.3212 ce=0.4072) | lr=5.87e-05
2026-08-12 04:21:36 | sleep.weights.plasticity       | INFO  | Hard-clipped 4 w_cons parameters to delta_max=0.1000 bound.
2026-08-12 04:21:37 | sleep.weights.plasticity       | INFO  | Hard-clipped 4 w_cons parameters to delta_max=0.1000 bound.
2026-08-12 04:21:37 | sleep.weights.plasticity       | INFO  | Hard-clipped 4 w_cons parameters to delta_max=0.1000 bound.
2026-08-12 04:21:37 | sleep.weights.plasticity       | INFO  | Hard-clipped 4 w_cons parameters to delta_max=0.1000 bound.
2026-08-12 04:21:37 | sleep.weights.plasticity       | INFO  | Hard-clipped 4 w_cons parameters to delta_max=0.1000 bound.
2026-08-12 04:21:37 | sleep.weights.plasticity       | INFO  | Hard-clipped 4 w_cons parameters to delta_max=0.1000 bound.
2026-08-12 04:21:37 | sleep.weights.plasticity       | INFO  | Hard-clipped 4 w_cons parameters to delta_max=0.1000 bound.
2026-08-12 04:21:37 | sleep.weights.plasticity       | INFO  | Hard-clipped 4 w_cons parameters to delta_max=0.1000 bound.
2026-08-12 04:21:38 | sleep.weights.plasticity       | INFO  | Hard-clipped 4 w_cons parameters to delta_max=0.1000 bound.
2026-08-12 04:21:38 | sleep.weights.plasticity       | INFO  | Hard-clipped 4 w_cons parameters to delta_max=0.1000 bound.
2026-08-12 04:21:38 | sleep.weights.plasticity       | INFO  | Hard-clipped 4 w_cons parameters to delta_max=0.1000 bound.
2026-08-12 04:21:38 | sleep.weights.plasticity       | INFO  | Hard-clipped 4 w_cons parameters to delta_max=0.1000 bound.
2026-08-12 04:21:38 | sleep.weights.plasticity       | INFO  | Hard-clipped 4 w_cons parameters to delta_max=0.1000 bound.
2026-08-12 04:21:38 | sleep.weights.plasticity       | INFO  | Hard-clipped 4 w_cons parameters to delta_max=0.1000 bound.
2026-08-12 04:21:39 | sleep.weights.plasticity       | INFO  | Hard-clipped 4 w_cons parameters to delta_max=0.1000 bound.
2026-08-12 04:21:39 | sleep.weights.plasticity       | INFO  | Hard-clipped 4 w_cons parameters to delta_max=0.1000 bound.
2026-08-12 04:21:39 | sleep.weights.plasticity       | INFO  | Hard-clipped 4 w_cons parameters to delta_max=0.1000 bound.
2026-08-12 04:21:39 | sleep.weights.plasticity       | INFO  | Hard-clipped 4 w_cons parameters to delta_max=0.1000 bound.
2026-08-12 04:21:39 | sleep.weights.plasticity       | INFO  | Hard-clipped 4 w_cons parameters to delta_max=0.1000 bound.
2026-08-12 04:21:39 | sleep.weights.plasticity       | INFO  | Hard-clipped 4 w_cons parameters to delta_max=0.1000 bound.
2026-08-12 04:21:39 | sleep.weights.plasticity       | INFO  | Hard-clipped 4 w_cons parameters to delta_max=0.1000 bound.
2026-08-12 04:21:40 | sleep.weights.plasticity       | INFO  | Hard-clipped 4 w_cons parameters to delta_max=0.1000 bound.
2026-08-12 04:21:40 | sleep.weights.plasticity       | INFO  | Hard-clipped 4 w_cons parameters to delta_max=0.1000 bound.
2026-08-12 04:21:40 | sleep.weights.plasticity       | INFO  | Hard-clipped 4 w_cons parameters to delta_max=0.1000 bound.
2026-08-12 04:21:40 | sleep.weights.plasticity       | INFO  | Hard-clipped 4 w_cons parameters to delta_max=0.1000 bound.
2026-08-12 04:21:40 | sleep.weights.plasticity       | INFO  | Hard-clipped 4 w_cons parameters to delta_max=0.1000 bound.
2026-08-12 04:21:40 | sleep.weights.plasticity       | INFO  | Hard-clipped 4 w_cons parameters to delta_max=0.1000 bound.
2026-08-12 04:21:41 | sleep.weights.plasticity       | INFO  | Hard-clipped 4 w_cons parameters to delta_max=0.1000 bound.
2026-08-12 04:21:41 | sleep.weights.plasticity       | INFO  | Hard-clipped 4 w_cons parameters to delta_max=0.1000 bound.
2026-08-12 04:21:41 | sleep.weights.plasticity       | INFO  | Hard-clipped 4 w_cons parameters to delta_max=0.1000 bound.
2026-08-12 04:21:41 | sleep.weights.plasticity       | INFO  | Hard-clipped 4 w_cons parameters to delta_max=0.1000 bound.
2026-08-12 04:21:41 | sleep.weights.plasticity       | INFO  | Hard-clipped 4 w_cons parameters to delta_max=0.1000 bound.
2026-08-12 04:21:41 | sleep.weights.plasticity       | INFO  | Hard-clipped 4 w_cons parameters to delta_max=0.1000 bound.
2026-08-12 04:21:41 | sleep.weights.plasticity       | INFO  | Hard-clipped 4 w_cons parameters to delta_max=0.1000 bound.
2026-08-12 04:21:42 | sleep.weights.plasticity       | INFO  | Hard-clipped 4 w_cons parameters to delta_max=0.1000 bound.
2026-08-12 04:21:42 | sleep.weights.plasticity       | INFO  | Hard-clipped 4 w_cons parameters to delta_max=0.1000 bound.
2026-08-12 04:21:42 | sleep.weights.plasticity       | INFO  | Hard-clipped 4 w_cons parameters to delta_max=0.1000 bound.
2026-08-12 04:21:42 | sleep.weights.plasticity       | INFO  | Hard-clipped 4 w_cons parameters to delta_max=0.1000 bound.
2026-08-12 04:21:42 | sleep.weights.plasticity       | INFO  | Hard-clipped 4 w_cons parameters to delta_max=0.1000 bound.
2026-08-12 04:21:42 | sleep.weights.plasticity       | INFO  | Hard-clipped 4 w_cons parameters to delta_max=0.1000 bound.
2026-08-12 04:21:42 | sleep.sleep_engine.train       | INFO  |   distill step 240/400 | loss=0.3775 (kl=0.2829 ce=0.1892) | lr=4.13e-05
2026-08-12 04:21:42 | sleep.weights.plasticity       | INFO  | Hard-clipped 4 w_cons parameters to delta_max=0.1000 bound.
2026-08-12 04:21:43 | sleep.weights.plasticity       | INFO  | Hard-clipped 4 w_cons parameters to delta_max=0.1000 bound.
2026-08-12 04:21:43 | sleep.weights.plasticity       | INFO  | Hard-clipped 4 w_cons parameters to delta_max=0.1000 bound.
2026-08-12 04:21:43 | sleep.weights.plasticity       | INFO  | Hard-clipped 4 w_cons parameters to delta_max=0.1000 bound.
2026-08-12 04:21:43 | sleep.weights.plasticity       | INFO  | Hard-clipped 4 w_cons parameters to delta_max=0.1000 bound.
2026-08-12 04:21:43 | sleep.weights.plasticity       | INFO  | Hard-clipped 4 w_cons parameters to delta_max=0.1000 bound.
2026-08-12 04:21:43 | sleep.weights.plasticity       | INFO  | Hard-clipped 4 w_cons parameters to delta_max=0.1000 bound.
2026-08-12 04:21:44 | sleep.weights.plasticity       | INFO  | Hard-clipped 4 w_cons parameters to delta_max=0.1000 bound.
2026-08-12 04:21:44 | sleep.weights.plasticity       | INFO  | Hard-clipped 4 w_cons parameters to delta_max=0.1000 bound.
2026-08-12 04:21:44 | sleep.weights.plasticity       | INFO  | Hard-clipped 4 w_cons parameters to delta_max=0.1000 bound.
2026-08-12 04:21:44 | sleep.weights.plasticity       | INFO  | Hard-clipped 4 w_cons parameters to delta_max=0.1000 bound.
2026-08-12 04:21:44 | sleep.weights.plasticity       | INFO  | Hard-clipped 4 w_cons parameters to delta_max=0.1000 bound.
2026-08-12 04:21:44 | sleep.weights.plasticity       | INFO  | Hard-clipped 4 w_cons parameters to delta_max=0.1000 bound.
2026-08-12 04:21:44 | sleep.weights.plasticity       | INFO  | Hard-clipped 4 w_cons parameters to delta_max=0.1000 bound.
2026-08-12 04:21:45 | sleep.weights.plasticity       | INFO  | Hard-clipped 4 w_cons parameters to delta_max=0.1000 bound.
2026-08-12 04:21:45 | sleep.weights.plasticity       | INFO  | Hard-clipped 4 w_cons parameters to delta_max=0.1000 bound.
2026-08-12 04:21:45 | sleep.weights.plasticity       | INFO  | Hard-clipped 4 w_cons parameters to delta_max=0.1000 bound.
2026-08-12 04:21:45 | sleep.weights.plasticity       | INFO  | Hard-clipped 4 w_cons parameters to delta_max=0.1000 bound.
2026-08-12 04:21:45 | sleep.weights.plasticity       | INFO  | Hard-clipped 4 w_cons parameters to delta_max=0.1000 bound.
2026-08-12 04:21:45 | sleep.weights.plasticity       | INFO  | Hard-clipped 4 w_cons parameters to delta_max=0.1000 bound.
2026-08-12 04:21:45 | sleep.weights.plasticity       | INFO  | Hard-clipped 4 w_cons parameters to delta_max=0.1000 bound.
2026-08-12 04:21:46 | sleep.weights.plasticity       | INFO  | Hard-clipped 4 w_cons parameters to delta_max=0.1000 bound.
2026-08-12 04:21:46 | sleep.weights.plasticity       | INFO  | Hard-clipped 2 w_cons parameters to delta_max=0.1000 bound.
2026-08-12 04:21:46 | sleep.weights.plasticity       | INFO  | Hard-clipped 2 w_cons parameters to delta_max=0.1000 bound.
2026-08-12 04:21:46 | sleep.weights.plasticity       | INFO  | Hard-clipped 4 w_cons parameters to delta_max=0.1000 bound.
2026-08-12 04:21:46 | sleep.weights.plasticity       | INFO  | Hard-clipped 4 w_cons parameters to delta_max=0.1000 bound.
2026-08-12 04:21:46 | sleep.weights.plasticity       | INFO  | Hard-clipped 4 w_cons parameters to delta_max=0.1000 bound.
2026-08-12 04:21:47 | sleep.weights.plasticity       | INFO  | Hard-clipped 4 w_cons parameters to delta_max=0.1000 bound.
2026-08-12 04:21:47 | sleep.weights.plasticity       | INFO  | Hard-clipped 4 w_cons parameters to delta_max=0.1000 bound.
2026-08-12 04:21:47 | sleep.weights.plasticity       | INFO  | Hard-clipped 3 w_cons parameters to delta_max=0.1000 bound.
2026-08-12 04:21:47 | sleep.weights.plasticity       | INFO  | Hard-clipped 4 w_cons parameters to delta_max=0.1000 bound.
2026-08-12 04:21:47 | sleep.weights.plasticity       | INFO  | Hard-clipped 4 w_cons parameters to delta_max=0.1000 bound.
2026-08-12 04:21:47 | sleep.weights.plasticity       | INFO  | Hard-clipped 4 w_cons parameters to delta_max=0.1000 bound.
2026-08-12 04:21:47 | sleep.weights.plasticity       | INFO  | Hard-clipped 4 w_cons parameters to delta_max=0.1000 bound.
2026-08-12 04:21:48 | sleep.weights.plasticity       | INFO  | Hard-clipped 4 w_cons parameters to delta_max=0.1000 bound.
2026-08-12 04:21:48 | sleep.weights.plasticity       | INFO  | Hard-clipped 4 w_cons parameters to delta_max=0.1000 bound.
2026-08-12 04:21:48 | sleep.weights.plasticity       | INFO  | Hard-clipped 4 w_cons parameters to delta_max=0.1000 bound.
2026-08-12 04:21:48 | sleep.weights.plasticity       | INFO  | Hard-clipped 4 w_cons parameters to delta_max=0.1000 bound.
2026-08-12 04:21:48 | sleep.weights.plasticity       | INFO  | Hard-clipped 4 w_cons parameters to delta_max=0.1000 bound.
2026-08-12 04:21:48 | sleep.weights.plasticity       | INFO  | Hard-clipped 4 w_cons parameters to delta_max=0.1000 bound.
2026-08-12 04:21:48 | sleep.sleep_engine.train       | INFO  |   distill step 280/400 | loss=0.4440 (kl=0.2919 ce=0.3041) | lr=2.50e-05
2026-08-12 04:21:49 | sleep.weights.plasticity       | INFO  | Hard-clipped 4 w_cons parameters to delta_max=0.1000 bound.
2026-08-12 04:21:49 | sleep.weights.plasticity       | INFO  | Hard-clipped 4 w_cons parameters to delta_max=0.1000 bound.
2026-08-12 04:21:49 | sleep.weights.plasticity       | INFO  | Hard-clipped 4 w_cons parameters to delta_max=0.1000 bound.
2026-08-12 04:21:49 | sleep.weights.plasticity       | INFO  | Hard-clipped 4 w_cons parameters to delta_max=0.1000 bound.
2026-08-12 04:21:49 | sleep.weights.plasticity       | INFO  | Hard-clipped 4 w_cons parameters to delta_max=0.1000 bound.
2026-08-12 04:21:49 | sleep.weights.plasticity       | INFO  | Hard-clipped 4 w_cons parameters to delta_max=0.1000 bound.
2026-08-12 04:21:49 | sleep.weights.plasticity       | INFO  | Hard-clipped 4 w_cons parameters to delta_max=0.1000 bound.
2026-08-12 04:21:50 | sleep.weights.plasticity       | INFO  | Hard-clipped 4 w_cons parameters to delta_max=0.1000 bound.
2026-08-12 04:21:50 | sleep.weights.plasticity       | INFO  | Hard-clipped 4 w_cons parameters to delta_max=0.1000 bound.
2026-08-12 04:21:50 | sleep.weights.plasticity       | INFO  | Hard-clipped 4 w_cons parameters to delta_max=0.1000 bound.
2026-08-12 04:21:50 | sleep.weights.plasticity       | INFO  | Hard-clipped 4 w_cons parameters to delta_max=0.1000 bound.
2026-08-12 04:21:50 | sleep.weights.plasticity       | INFO  | Hard-clipped 4 w_cons parameters to delta_max=0.1000 bound.
2026-08-12 04:21:50 | sleep.weights.plasticity       | INFO  | Hard-clipped 4 w_cons parameters to delta_max=0.1000 bound.
2026-08-12 04:21:50 | sleep.weights.plasticity       | INFO  | Hard-clipped 4 w_cons parameters to delta_max=0.1000 bound.
2026-08-12 04:21:51 | sleep.weights.plasticity       | INFO  | Hard-clipped 4 w_cons parameters to delta_max=0.1000 bound.
2026-08-12 04:21:51 | sleep.weights.plasticity       | INFO  | Hard-clipped 4 w_cons parameters to delta_max=0.1000 bound.
2026-08-12 04:21:51 | sleep.weights.plasticity       | INFO  | Hard-clipped 4 w_cons parameters to delta_max=0.1000 bound.
2026-08-12 04:21:51 | sleep.weights.plasticity       | INFO  | Hard-clipped 4 w_cons parameters to delta_max=0.1000 bound.
2026-08-12 04:21:51 | sleep.weights.plasticity       | INFO  | Hard-clipped 5 w_cons parameters to delta_max=0.1000 bound.
2026-08-12 04:21:51 | sleep.weights.plasticity       | INFO  | Hard-clipped 5 w_cons parameters to delta_max=0.1000 bound.
2026-08-12 04:21:52 | sleep.weights.plasticity       | INFO  | Hard-clipped 5 w_cons parameters to delta_max=0.1000 bound.
2026-08-12 04:21:52 | sleep.weights.plasticity       | INFO  | Hard-clipped 5 w_cons parameters to delta_max=0.1000 bound.
2026-08-12 04:21:52 | sleep.weights.plasticity       | INFO  | Hard-clipped 5 w_cons parameters to delta_max=0.1000 bound.
2026-08-12 04:21:52 | sleep.weights.plasticity       | INFO  | Hard-clipped 5 w_cons parameters to delta_max=0.1000 bound.
2026-08-12 04:21:52 | sleep.weights.plasticity       | INFO  | Hard-clipped 5 w_cons parameters to delta_max=0.1000 bound.
2026-08-12 04:21:52 | sleep.weights.plasticity       | INFO  | Hard-clipped 5 w_cons parameters to delta_max=0.1000 bound.
2026-08-12 04:21:52 | sleep.weights.plasticity       | INFO  | Hard-clipped 5 w_cons parameters to delta_max=0.1000 bound.
2026-08-12 04:21:53 | sleep.weights.plasticity       | INFO  | Hard-clipped 5 w_cons parameters to delta_max=0.1000 bound.
2026-08-12 04:21:53 | sleep.weights.plasticity       | INFO  | Hard-clipped 5 w_cons parameters to delta_max=0.1000 bound.
2026-08-12 04:21:53 | sleep.weights.plasticity       | INFO  | Hard-clipped 5 w_cons parameters to delta_max=0.1000 bound.
2026-08-12 04:21:53 | sleep.weights.plasticity       | INFO  | Hard-clipped 5 w_cons parameters to delta_max=0.1000 bound.
2026-08-12 04:21:53 | sleep.weights.plasticity       | INFO  | Hard-clipped 4 w_cons parameters to delta_max=0.1000 bound.
2026-08-12 04:21:53 | sleep.weights.plasticity       | INFO  | Hard-clipped 4 w_cons parameters to delta_max=0.1000 bound.
2026-08-12 04:21:53 | sleep.weights.plasticity       | INFO  | Hard-clipped 4 w_cons parameters to delta_max=0.1000 bound.
2026-08-12 04:21:54 | sleep.weights.plasticity       | INFO  | Hard-clipped 4 w_cons parameters to delta_max=0.1000 bound.
2026-08-12 04:21:54 | sleep.weights.plasticity       | INFO  | Hard-clipped 4 w_cons parameters to delta_max=0.1000 bound.
2026-08-12 04:21:54 | sleep.weights.plasticity       | INFO  | Hard-clipped 4 w_cons parameters to delta_max=0.1000 bound.
2026-08-12 04:21:54 | sleep.weights.plasticity       | INFO  | Hard-clipped 2 w_cons parameters to delta_max=0.1000 bound.
2026-08-12 04:21:54 | sleep.weights.plasticity       | INFO  | Hard-clipped 2 w_cons parameters to delta_max=0.1000 bound.
2026-08-12 04:21:54 | sleep.weights.plasticity       | INFO  | Hard-clipped 3 w_cons parameters to delta_max=0.1000 bound.
2026-08-12 04:21:54 | sleep.sleep_engine.train       | INFO  |   distill step 320/400 | loss=0.3194 (kl=0.1665 ce=0.3059) | lr=1.17e-05
2026-08-12 04:21:55 | sleep.weights.plasticity       | INFO  | Hard-clipped 5 w_cons parameters to delta_max=0.1000 bound.
2026-08-12 04:21:55 | sleep.weights.plasticity       | INFO  | Hard-clipped 5 w_cons parameters to delta_max=0.1000 bound.
2026-08-12 04:21:55 | sleep.weights.plasticity       | INFO  | Hard-clipped 5 w_cons parameters to delta_max=0.1000 bound.
2026-08-12 04:21:55 | sleep.weights.plasticity       | INFO  | Hard-clipped 5 w_cons parameters to delta_max=0.1000 bound.
2026-08-12 04:21:55 | sleep.weights.plasticity       | INFO  | Hard-clipped 5 w_cons parameters to delta_max=0.1000 bound.
2026-08-12 04:21:55 | sleep.weights.plasticity       | INFO  | Hard-clipped 5 w_cons parameters to delta_max=0.1000 bound.
2026-08-12 04:21:55 | sleep.weights.plasticity       | INFO  | Hard-clipped 5 w_cons parameters to delta_max=0.1000 bound.
2026-08-12 04:21:56 | sleep.weights.plasticity       | INFO  | Hard-clipped 5 w_cons parameters to delta_max=0.1000 bound.
2026-08-12 04:21:56 | sleep.weights.plasticity       | INFO  | Hard-clipped 5 w_cons parameters to delta_max=0.1000 bound.
2026-08-12 04:21:56 | sleep.weights.plasticity       | INFO  | Hard-clipped 5 w_cons parameters to delta_max=0.1000 bound.
2026-08-12 04:21:56 | sleep.weights.plasticity       | INFO  | Hard-clipped 5 w_cons parameters to delta_max=0.1000 bound.
2026-08-12 04:21:56 | sleep.weights.plasticity       | INFO  | Hard-clipped 5 w_cons parameters to delta_max=0.1000 bound.
2026-08-12 04:21:56 | sleep.weights.plasticity       | INFO  | Hard-clipped 5 w_cons parameters to delta_max=0.1000 bound.
2026-08-12 04:21:56 | sleep.weights.plasticity       | INFO  | Hard-clipped 5 w_cons parameters to delta_max=0.1000 bound.
2026-08-12 04:21:57 | sleep.weights.plasticity       | INFO  | Hard-clipped 5 w_cons parameters to delta_max=0.1000 bound.
2026-08-12 04:21:57 | sleep.weights.plasticity       | INFO  | Hard-clipped 5 w_cons parameters to delta_max=0.1000 bound.
2026-08-12 04:21:57 | sleep.weights.plasticity       | INFO  | Hard-clipped 5 w_cons parameters to delta_max=0.1000 bound.
2026-08-12 04:21:57 | sleep.weights.plasticity       | INFO  | Hard-clipped 5 w_cons parameters to delta_max=0.1000 bound.
2026-08-12 04:21:57 | sleep.weights.plasticity       | INFO  | Hard-clipped 5 w_cons parameters to delta_max=0.1000 bound.
2026-08-12 04:21:57 | sleep.weights.plasticity       | INFO  | Hard-clipped 5 w_cons parameters to delta_max=0.1000 bound.
2026-08-12 04:21:57 | sleep.weights.plasticity       | INFO  | Hard-clipped 5 w_cons parameters to delta_max=0.1000 bound.
2026-08-12 04:21:58 | sleep.weights.plasticity       | INFO  | Hard-clipped 5 w_cons parameters to delta_max=0.1000 bound.
2026-08-12 04:21:58 | sleep.weights.plasticity       | INFO  | Hard-clipped 5 w_cons parameters to delta_max=0.1000 bound.
2026-08-12 04:21:58 | sleep.weights.plasticity       | INFO  | Hard-clipped 5 w_cons parameters to delta_max=0.1000 bound.
2026-08-12 04:21:58 | sleep.weights.plasticity       | INFO  | Hard-clipped 5 w_cons parameters to delta_max=0.1000 bound.
2026-08-12 04:21:58 | sleep.weights.plasticity       | INFO  | Hard-clipped 4 w_cons parameters to delta_max=0.1000 bound.
2026-08-12 04:21:58 | sleep.weights.plasticity       | INFO  | Hard-clipped 4 w_cons parameters to delta_max=0.1000 bound.
2026-08-12 04:21:58 | sleep.weights.plasticity       | INFO  | Hard-clipped 4 w_cons parameters to delta_max=0.1000 bound.
2026-08-12 04:21:59 | sleep.weights.plasticity       | INFO  | Hard-clipped 4 w_cons parameters to delta_max=0.1000 bound.
2026-08-12 04:21:59 | sleep.weights.plasticity       | INFO  | Hard-clipped 4 w_cons parameters to delta_max=0.1000 bound.
2026-08-12 04:21:59 | sleep.weights.plasticity       | INFO  | Hard-clipped 4 w_cons parameters to delta_max=0.1000 bound.
2026-08-12 04:21:59 | sleep.weights.plasticity       | INFO  | Hard-clipped 4 w_cons parameters to delta_max=0.1000 bound.
2026-08-12 04:21:59 | sleep.weights.plasticity       | INFO  | Hard-clipped 5 w_cons parameters to delta_max=0.1000 bound.
2026-08-12 04:21:59 | sleep.weights.plasticity       | INFO  | Hard-clipped 5 w_cons parameters to delta_max=0.1000 bound.
2026-08-12 04:21:59 | sleep.weights.plasticity       | INFO  | Hard-clipped 5 w_cons parameters to delta_max=0.1000 bound.
2026-08-12 04:22:00 | sleep.weights.plasticity       | INFO  | Hard-clipped 5 w_cons parameters to delta_max=0.1000 bound.
2026-08-12 04:22:00 | sleep.weights.plasticity       | INFO  | Hard-clipped 5 w_cons parameters to delta_max=0.1000 bound.
2026-08-12 04:22:00 | sleep.weights.plasticity       | INFO  | Hard-clipped 5 w_cons parameters to delta_max=0.1000 bound.
2026-08-12 04:22:00 | sleep.weights.plasticity       | INFO  | Hard-clipped 5 w_cons parameters to delta_max=0.1000 bound.
2026-08-12 04:22:00 | sleep.weights.plasticity       | INFO  | Hard-clipped 5 w_cons parameters to delta_max=0.1000 bound.
2026-08-12 04:22:00 | sleep.sleep_engine.train       | INFO  |   distill step 360/400 | loss=0.4000 (kl=0.2524 ce=0.2954) | lr=3.02e-06
2026-08-12 04:22:00 | sleep.weights.plasticity       | INFO  | Hard-clipped 5 w_cons parameters to delta_max=0.1000 bound.
2026-08-12 04:22:00 | sleep.weights.plasticity       | INFO  | Hard-clipped 5 w_cons parameters to delta_max=0.1000 bound.
2026-08-12 04:22:01 | sleep.weights.plasticity       | INFO  | Hard-clipped 5 w_cons parameters to delta_max=0.1000 bound.
2026-08-12 04:22:01 | sleep.weights.plasticity       | INFO  | Hard-clipped 5 w_cons parameters to delta_max=0.1000 bound.
2026-08-12 04:22:01 | sleep.weights.plasticity       | INFO  | Hard-clipped 5 w_cons parameters to delta_max=0.1000 bound.
2026-08-12 04:22:01 | sleep.weights.plasticity       | INFO  | Hard-clipped 5 w_cons parameters to delta_max=0.1000 bound.
2026-08-12 04:22:01 | sleep.weights.plasticity       | INFO  | Hard-clipped 5 w_cons parameters to delta_max=0.1000 bound.
2026-08-12 04:22:01 | sleep.weights.plasticity       | INFO  | Hard-clipped 5 w_cons parameters to delta_max=0.1000 bound.
2026-08-12 04:22:01 | sleep.weights.plasticity       | INFO  | Hard-clipped 5 w_cons parameters to delta_max=0.1000 bound.
2026-08-12 04:22:02 | sleep.weights.plasticity       | INFO  | Hard-clipped 5 w_cons parameters to delta_max=0.1000 bound.
2026-08-12 04:22:02 | sleep.weights.plasticity       | INFO  | Hard-clipped 5 w_cons parameters to delta_max=0.1000 bound.
2026-08-12 04:22:02 | sleep.weights.plasticity       | INFO  | Hard-clipped 5 w_cons parameters to delta_max=0.1000 bound.
2026-08-12 04:22:02 | sleep.weights.plasticity       | INFO  | Hard-clipped 5 w_cons parameters to delta_max=0.1000 bound.
2026-08-12 04:22:02 | sleep.weights.plasticity       | INFO  | Hard-clipped 5 w_cons parameters to delta_max=0.1000 bound.
2026-08-12 04:22:02 | sleep.weights.plasticity       | INFO  | Hard-clipped 5 w_cons parameters to delta_max=0.1000 bound.
2026-08-12 04:22:02 | sleep.weights.plasticity       | INFO  | Hard-clipped 5 w_cons parameters to delta_max=0.1000 bound.
2026-08-12 04:22:03 | sleep.weights.plasticity       | INFO  | Hard-clipped 5 w_cons parameters to delta_max=0.1000 bound.
2026-08-12 04:22:03 | sleep.weights.plasticity       | INFO  | Hard-clipped 5 w_cons parameters to delta_max=0.1000 bound.
2026-08-12 04:22:03 | sleep.weights.plasticity       | INFO  | Hard-clipped 5 w_cons parameters to delta_max=0.1000 bound.
2026-08-12 04:22:03 | sleep.weights.plasticity       | INFO  | Hard-clipped 5 w_cons parameters to delta_max=0.1000 bound.
2026-08-12 04:22:03 | sleep.weights.plasticity       | INFO  | Hard-clipped 5 w_cons parameters to delta_max=0.1000 bound.
2026-08-12 04:22:03 | sleep.weights.plasticity       | INFO  | Hard-clipped 5 w_cons parameters to delta_max=0.1000 bound.
2026-08-12 04:22:03 | sleep.weights.plasticity       | INFO  | Hard-clipped 5 w_cons parameters to delta_max=0.1000 bound.
2026-08-12 04:22:04 | sleep.weights.plasticity       | INFO  | Hard-clipped 5 w_cons parameters to delta_max=0.1000 bound.
2026-08-12 04:22:04 | sleep.weights.plasticity       | INFO  | Hard-clipped 5 w_cons parameters to delta_max=0.1000 bound.
2026-08-12 04:22:04 | sleep.weights.plasticity       | INFO  | Hard-clipped 5 w_cons parameters to delta_max=0.1000 bound.
2026-08-12 04:22:04 | sleep.weights.plasticity       | INFO  | Hard-clipped 5 w_cons parameters to delta_max=0.1000 bound.
2026-08-12 04:22:04 | sleep.weights.plasticity       | INFO  | Hard-clipped 5 w_cons parameters to delta_max=0.1000 bound.
2026-08-12 04:22:04 | sleep.weights.plasticity       | INFO  | Hard-clipped 5 w_cons parameters to delta_max=0.1000 bound.
2026-08-12 04:22:04 | sleep.weights.plasticity       | INFO  | Hard-clipped 5 w_cons parameters to delta_max=0.1000 bound.
2026-08-12 04:22:05 | sleep.weights.plasticity       | INFO  | Hard-clipped 5 w_cons parameters to delta_max=0.1000 bound.
2026-08-12 04:22:05 | sleep.weights.plasticity       | INFO  | Hard-clipped 5 w_cons parameters to delta_max=0.1000 bound.
2026-08-12 04:22:05 | sleep.weights.plasticity       | INFO  | Hard-clipped 4 w_cons parameters to delta_max=0.1000 bound.
2026-08-12 04:22:05 | sleep.weights.plasticity       | INFO  | Hard-clipped 5 w_cons parameters to delta_max=0.1000 bound.
2026-08-12 04:22:05 | sleep.weights.plasticity       | INFO  | Hard-clipped 5 w_cons parameters to delta_max=0.1000 bound.
2026-08-12 04:22:05 | sleep.weights.plasticity       | INFO  | Hard-clipped 5 w_cons parameters to delta_max=0.1000 bound.
2026-08-12 04:22:06 | sleep.weights.plasticity       | INFO  | Hard-clipped 5 w_cons parameters to delta_max=0.1000 bound.
2026-08-12 04:22:06 | sleep.weights.plasticity       | INFO  | Hard-clipped 4 w_cons parameters to delta_max=0.1000 bound.
2026-08-12 04:22:06 | sleep.weights.plasticity       | INFO  | Hard-clipped 4 w_cons parameters to delta_max=0.1000 bound.
2026-08-12 04:22:06 | sleep.weights.plasticity       | INFO  | Hard-clipped 4 w_cons parameters to delta_max=0.1000 bound.
2026-08-12 04:22:06 | sleep.sleep_engine.train       | INFO  |   distill step 400/400 | loss=0.5907 (kl=0.4112 ce=0.3590) | lr=0.00e+00
2026-08-12 04:22:06 | sleep.sleep_engine.train       | INFO  | Sleep distill-training complete | n_steps=400 | final_loss=0.5907 | mean_loss=0.6358
2026-08-12 04:22:06 | sleep.sleep_engine             | INFO  | Phase 3 complete: 400 steps, final_loss=0.5907, mean_loss=0.6358
2026-08-12 04:22:06 | sleep.sleep_engine             | INFO  | Phase 4/5: PPL CHECK (skipped — no benchmark data)
2026-08-12 04:22:06 | sleep.sleep_engine             | INFO  | Phase 5/5: VALIDATE & CLEANUP
2026-08-12 04:22:06 | sleep.weights.plasticity       | INFO  | Saved checkpoint for adapter 'w_cons': 44 parameters.
2026-08-12 04:22:06 | sleep.weights.plasticity       | INFO  | Restored 44 parameters for adapter 'w_cons' from checkpoint.
2026-08-12 04:22:06 | sleep.weights.plasticity       | INFO  | Restored 44 parameters for adapter 'w_cons' from checkpoint.
2026-08-12 04:22:19 | sleep.sleep_engine             | INFO  | Two-stage validation: 9/17 passed surprise, 9 also passed the mini-recall gate (self-grading gap = 0)
2026-08-12 04:22:19 | sleep.sleep_engine.cleanup     | INFO  | Cleanup complete | passed=9 | failed=8 | permanently_removed=0
2026-08-12 04:22:19 | sleep.sleep_engine             | INFO  | Phase 5 complete: consolidated=9, failed=8, permanently_removed=0
2026-08-12 04:22:19 | sleep.metrics                  | INFO  | summary | {'sleep_engine/n_candidates': 17, 'sleep_engine/n_replays_generated': 160, 'sleep_engine/n_replays_accepted': 160, 'sleep_engine/n_consolidated': 9, 'sleep_engine/n_failed': 8, 'sleep_engine/n_permanently_removed': 0, 'sleep_engine/rolled_back': False}
2026-08-12 04:22:19 | sleep.weights.kv_memory        | INFO  | bank cleared: freed 11 tags / 487 tokens
2026-08-12 04:22:19 | sleep.sleep_engine             | INFO  | KV bank cleared (11 entries removed)
2026-08-12 04:22:19 | sleep.sleep_engine             | INFO  | KV memory injection: ENABLED
2026-08-12 04:22:19 | sleep.sleep_engine             | INFO  | === Sleep cycle END ===
2026-08-12 04:26:22 | sleep.evaluation.recall        | INFO  | Recall evaluation: DRA=0.1690 across 140 cases
2026-08-12 04:26:57 | sleep.evaluation.recall        | INFO  | Recall evaluation: DRA=0.3667 across 20 cases
2026-08-12 04:26:57 | sleep.evaluation.preservation  | INFO  | Perplexity evaluation: PPL=5.4251 (mean_loss=1.6910, 62 tokens)
2026-08-12 04:26:57 | sleep.evaluation.preservation  | INFO  | BCP: 1.2430 (current_ppl=5.4251, original_ppl=4.3646)
2026-08-12 04:26:57 | sleep.experiment.08            | INFO  | [sleep Cycle 7 EVAL] DRA cumulative=0.169 (48/140 hits); DRA current=0.367 (10/20 hits); BCP=1.2430
2026-08-12 04:26:57 | sleep.experiment.08            | INFO  | ======================================================================
2026-08-12 04:26:57 | sleep.experiment.08            | INFO  | [SLEEP Cycle 8] Wake phase: 20 facts
2026-08-12 04:26:57 | sleep.experiment.08            | INFO  | ======================================================================
2026-08-12 04:26:57 | sleep.tagging                  | INFO  | step=141 | 2 tags created from 2 spans | buffer: 92/36208 (0.3%)
2026-08-12 04:26:57 | sleep.tagging                  | INFO  | step=143 | 1 tags created from 1 spans | buffer: 93/36208 (0.3%)
2026-08-12 04:26:58 | sleep.tagging                  | INFO  | step=144 | 1 tags created from 1 spans | buffer: 94/36208 (0.3%)
2026-08-12 04:26:58 | sleep.tagging                  | INFO  | step=146 | 1 tags created from 1 spans | buffer: 95/36208 (0.3%)
2026-08-12 04:26:58 | sleep.tagging                  | INFO  | step=147 | 1 tags created from 1 spans | buffer: 96/36208 (0.3%)
2026-08-12 04:26:58 | sleep.tagging                  | INFO  | step=148 | 1 tags created from 1 spans | buffer: 97/36208 (0.3%)
2026-08-12 04:26:58 | sleep.tagging                  | INFO  | step=151 | 1 tags created from 1 spans | buffer: 98/36208 (0.3%)
2026-08-12 04:26:58 | sleep.tagging                  | INFO  | step=152 | 2 tags created from 2 spans | buffer: 100/36208 (0.3%)
2026-08-12 04:26:58 | sleep.tagging                  | INFO  | step=153 | 1 tags created from 1 spans | buffer: 101/36208 (0.3%)
2026-08-12 04:26:58 | sleep.tagging                  | INFO  | step=154 | 1 tags created from 1 spans | buffer: 102/36208 (0.3%)
2026-08-12 04:26:58 | sleep.tagging                  | INFO  | step=155 | 1 tags created from 1 spans | buffer: 103/36208 (0.3%)
2026-08-12 04:26:59 | sleep.tagging                  | INFO  | step=156 | 1 tags created from 1 spans | buffer: 104/36208 (0.3%)
2026-08-12 04:26:59 | sleep.tagging                  | INFO  | step=157 | 1 tags created from 1 spans | buffer: 105/36208 (0.3%)
2026-08-12 04:26:59 | sleep.experiment.08            | INFO  | [Cycle 8] Wake summary: 20 facts -> 13 KV writes; bank: 597/20000 tokens
2026-08-12 04:26:59 | sleep.prp                      | INFO  | step=160 | PRP update: 20/3620 allocated (1%) | +11 -0 | threshold=0.221 | mean_score=0.193
2026-08-12 04:26:59 | sleep.experiment.08            | INFO  | [Cycle 8] PRP: 20 allocated, 20 consolidation candidates
2026-08-12 04:26:59 | sleep.sleep_engine             | INFO  | === Sleep cycle START | 20 candidates ===
2026-08-12 04:26:59 | sleep.sleep_engine             | INFO  | Phase 1/5: GENERATE (strategy=paraphrase)
2026-08-12 04:26:59 | sleep.sleep_engine             | INFO  | KV memory injection: DISABLED
2026-08-12 04:26:59 | sleep.sleep_engine             | INFO  | Phase 1 (paraphrase strategy): 204 wordings from 9 unique sources (20 candidates)
2026-08-12 04:26:59 | sleep.sleep_engine             | INFO  | Phase 1 complete: 204/20 replays generated
2026-08-12 04:26:59 | sleep.sleep_engine             | INFO  | Phase 2/5: QUALITY CHECK
2026-08-12 04:26:59 | sleep.sleep_engine             | INFO  | Phase 2 complete: 204/204 replays accepted
2026-08-12 04:26:59 | sleep.sleep_engine             | INFO  | Phase 3/5: TRAIN (204 accepted replays)
2026-08-12 04:26:59 | sleep.sleep_engine             | INFO  | KV memory injection: DISABLED
2026-08-12 04:26:59 | sleep.weights.plasticity       | INFO  | Saved checkpoint for adapter 'w_cons': 44 parameters.
2026-08-12 04:26:59 | sleep.weights.plasticity       | INFO  | Saved checkpoint for adapter 'w_cons': 44 parameters.
2026-08-12 04:26:59 | sleep.sleep_engine.train       | INFO  | Sleep distill-training: 9 facts | 400 steps | lr=1.00e-04 | T=2
2026-08-12 04:26:59 | sleep.sleep_engine.train       | INFO  |   distill step 1/400 | loss=2.1032 (kl=1.1236 ce=1.9591) | lr=2.50e-06
2026-08-12 04:27:05 | sleep.sleep_engine.train       | INFO  |   distill step 40/400 | loss=0.8612 (kl=0.4408 ce=0.8408) | lr=1.00e-04
2026-08-12 04:27:11 | sleep.sleep_engine.train       | INFO  |   distill step 80/400 | loss=0.8693 (kl=0.4896 ce=0.7594) | lr=9.70e-05
2026-08-12 04:27:17 | sleep.sleep_engine.train       | INFO  |   distill step 120/400 | loss=0.8524 (kl=0.6261 ce=0.4526) | lr=8.83e-05
2026-08-12 04:27:17 | sleep.weights.plasticity       | INFO  | Hard-clipped 1 w_cons parameters to delta_max=0.1000 bound.
2026-08-12 04:27:17 | sleep.weights.plasticity       | INFO  | Hard-clipped 1 w_cons parameters to delta_max=0.1000 bound.
2026-08-12 04:27:17 | sleep.weights.plasticity       | INFO  | Hard-clipped 1 w_cons parameters to delta_max=0.1000 bound.
2026-08-12 04:27:17 | sleep.weights.plasticity       | INFO  | Hard-clipped 1 w_cons parameters to delta_max=0.1000 bound.
2026-08-12 04:27:17 | sleep.weights.plasticity       | INFO  | Hard-clipped 1 w_cons parameters to delta_max=0.1000 bound.
2026-08-12 04:27:18 | sleep.weights.plasticity       | INFO  | Hard-clipped 1 w_cons parameters to delta_max=0.1000 bound.
2026-08-12 04:27:18 | sleep.weights.plasticity       | INFO  | Hard-clipped 1 w_cons parameters to delta_max=0.1000 bound.
2026-08-12 04:27:18 | sleep.weights.plasticity       | INFO  | Hard-clipped 1 w_cons parameters to delta_max=0.1000 bound.
2026-08-12 04:27:18 | sleep.weights.plasticity       | INFO  | Hard-clipped 1 w_cons parameters to delta_max=0.1000 bound.
2026-08-12 04:27:18 | sleep.weights.plasticity       | INFO  | Hard-clipped 1 w_cons parameters to delta_max=0.1000 bound.
2026-08-12 04:27:18 | sleep.weights.plasticity       | INFO  | Hard-clipped 1 w_cons parameters to delta_max=0.1000 bound.
2026-08-12 04:27:18 | sleep.weights.plasticity       | INFO  | Hard-clipped 1 w_cons parameters to delta_max=0.1000 bound.
2026-08-12 04:27:19 | sleep.weights.plasticity       | INFO  | Hard-clipped 1 w_cons parameters to delta_max=0.1000 bound.
2026-08-12 04:27:19 | sleep.weights.plasticity       | INFO  | Hard-clipped 1 w_cons parameters to delta_max=0.1000 bound.
2026-08-12 04:27:19 | sleep.weights.plasticity       | INFO  | Hard-clipped 1 w_cons parameters to delta_max=0.1000 bound.
2026-08-12 04:27:19 | sleep.weights.plasticity       | INFO  | Hard-clipped 1 w_cons parameters to delta_max=0.1000 bound.
2026-08-12 04:27:19 | sleep.weights.plasticity       | INFO  | Hard-clipped 1 w_cons parameters to delta_max=0.1000 bound.
2026-08-12 04:27:19 | sleep.weights.plasticity       | INFO  | Hard-clipped 2 w_cons parameters to delta_max=0.1000 bound.
2026-08-12 04:27:19 | sleep.weights.plasticity       | INFO  | Hard-clipped 2 w_cons parameters to delta_max=0.1000 bound.
2026-08-12 04:27:20 | sleep.weights.plasticity       | INFO  | Hard-clipped 2 w_cons parameters to delta_max=0.1000 bound.
2026-08-12 04:27:20 | sleep.weights.plasticity       | INFO  | Hard-clipped 2 w_cons parameters to delta_max=0.1000 bound.
2026-08-12 04:27:20 | sleep.weights.plasticity       | INFO  | Hard-clipped 2 w_cons parameters to delta_max=0.1000 bound.
2026-08-12 04:27:20 | sleep.weights.plasticity       | INFO  | Hard-clipped 2 w_cons parameters to delta_max=0.1000 bound.
2026-08-12 04:27:20 | sleep.weights.plasticity       | INFO  | Hard-clipped 2 w_cons parameters to delta_max=0.1000 bound.
2026-08-12 04:27:20 | sleep.weights.plasticity       | INFO  | Hard-clipped 2 w_cons parameters to delta_max=0.1000 bound.
2026-08-12 04:27:20 | sleep.weights.plasticity       | INFO  | Hard-clipped 2 w_cons parameters to delta_max=0.1000 bound.
2026-08-12 04:27:21 | sleep.weights.plasticity       | INFO  | Hard-clipped 2 w_cons parameters to delta_max=0.1000 bound.
2026-08-12 04:27:21 | sleep.weights.plasticity       | INFO  | Hard-clipped 2 w_cons parameters to delta_max=0.1000 bound.
2026-08-12 04:27:21 | sleep.weights.plasticity       | INFO  | Hard-clipped 2 w_cons parameters to delta_max=0.1000 bound.
2026-08-12 04:27:21 | sleep.weights.plasticity       | INFO  | Hard-clipped 2 w_cons parameters to delta_max=0.1000 bound.
2026-08-12 04:27:21 | sleep.weights.plasticity       | INFO  | Hard-clipped 2 w_cons parameters to delta_max=0.1000 bound.
2026-08-12 04:27:21 | sleep.weights.plasticity       | INFO  | Hard-clipped 2 w_cons parameters to delta_max=0.1000 bound.
2026-08-12 04:27:21 | sleep.weights.plasticity       | INFO  | Hard-clipped 2 w_cons parameters to delta_max=0.1000 bound.
2026-08-12 04:27:22 | sleep.weights.plasticity       | INFO  | Hard-clipped 2 w_cons parameters to delta_max=0.1000 bound.
2026-08-12 04:27:22 | sleep.weights.plasticity       | INFO  | Hard-clipped 2 w_cons parameters to delta_max=0.1000 bound.
2026-08-12 04:27:22 | sleep.weights.plasticity       | INFO  | Hard-clipped 2 w_cons parameters to delta_max=0.1000 bound.
2026-08-12 04:27:22 | sleep.weights.plasticity       | INFO  | Hard-clipped 2 w_cons parameters to delta_max=0.1000 bound.
2026-08-12 04:27:22 | sleep.weights.plasticity       | INFO  | Hard-clipped 2 w_cons parameters to delta_max=0.1000 bound.
2026-08-12 04:27:22 | sleep.weights.plasticity       | INFO  | Hard-clipped 2 w_cons parameters to delta_max=0.1000 bound.
2026-08-12 04:27:22 | sleep.weights.plasticity       | INFO  | Hard-clipped 2 w_cons parameters to delta_max=0.1000 bound.
2026-08-12 04:27:22 | sleep.sleep_engine.train       | INFO  |   distill step 160/400 | loss=0.5916 (kl=0.3906 ce=0.4022) | lr=7.50e-05
2026-08-12 04:27:23 | sleep.weights.plasticity       | INFO  | Hard-clipped 2 w_cons parameters to delta_max=0.1000 bound.
2026-08-12 04:27:23 | sleep.weights.plasticity       | INFO  | Hard-clipped 2 w_cons parameters to delta_max=0.1000 bound.
2026-08-12 04:27:23 | sleep.weights.plasticity       | INFO  | Hard-clipped 2 w_cons parameters to delta_max=0.1000 bound.
2026-08-12 04:27:23 | sleep.weights.plasticity       | INFO  | Hard-clipped 2 w_cons parameters to delta_max=0.1000 bound.
2026-08-12 04:27:23 | sleep.weights.plasticity       | INFO  | Hard-clipped 2 w_cons parameters to delta_max=0.1000 bound.
2026-08-12 04:27:23 | sleep.weights.plasticity       | INFO  | Hard-clipped 2 w_cons parameters to delta_max=0.1000 bound.
2026-08-12 04:27:23 | sleep.weights.plasticity       | INFO  | Hard-clipped 3 w_cons parameters to delta_max=0.1000 bound.
2026-08-12 04:27:24 | sleep.weights.plasticity       | INFO  | Hard-clipped 3 w_cons parameters to delta_max=0.1000 bound.
2026-08-12 04:27:24 | sleep.weights.plasticity       | INFO  | Hard-clipped 3 w_cons parameters to delta_max=0.1000 bound.
2026-08-12 04:27:24 | sleep.weights.plasticity       | INFO  | Hard-clipped 3 w_cons parameters to delta_max=0.1000 bound.
2026-08-12 04:27:24 | sleep.weights.plasticity       | INFO  | Hard-clipped 3 w_cons parameters to delta_max=0.1000 bound.
2026-08-12 04:27:24 | sleep.weights.plasticity       | INFO  | Hard-clipped 4 w_cons parameters to delta_max=0.1000 bound.
2026-08-12 04:27:24 | sleep.weights.plasticity       | INFO  | Hard-clipped 4 w_cons parameters to delta_max=0.1000 bound.
2026-08-12 04:27:25 | sleep.weights.plasticity       | INFO  | Hard-clipped 4 w_cons parameters to delta_max=0.1000 bound.
2026-08-12 04:27:25 | sleep.weights.plasticity       | INFO  | Hard-clipped 4 w_cons parameters to delta_max=0.1000 bound.
2026-08-12 04:27:25 | sleep.weights.plasticity       | INFO  | Hard-clipped 4 w_cons parameters to delta_max=0.1000 bound.
2026-08-12 04:27:25 | sleep.weights.plasticity       | INFO  | Hard-clipped 4 w_cons parameters to delta_max=0.1000 bound.
2026-08-12 04:27:25 | sleep.weights.plasticity       | INFO  | Hard-clipped 4 w_cons parameters to delta_max=0.1000 bound.
2026-08-12 04:27:25 | sleep.weights.plasticity       | INFO  | Hard-clipped 4 w_cons parameters to delta_max=0.1000 bound.
2026-08-12 04:27:25 | sleep.weights.plasticity       | INFO  | Hard-clipped 4 w_cons parameters to delta_max=0.1000 bound.
2026-08-12 04:27:26 | sleep.weights.plasticity       | INFO  | Hard-clipped 4 w_cons parameters to delta_max=0.1000 bound.
2026-08-12 04:27:26 | sleep.weights.plasticity       | INFO  | Hard-clipped 4 w_cons parameters to delta_max=0.1000 bound.
2026-08-12 04:27:26 | sleep.weights.plasticity       | INFO  | Hard-clipped 4 w_cons parameters to delta_max=0.1000 bound.
2026-08-12 04:27:26 | sleep.weights.plasticity       | INFO  | Hard-clipped 4 w_cons parameters to delta_max=0.1000 bound.
2026-08-12 04:27:26 | sleep.weights.plasticity       | INFO  | Hard-clipped 4 w_cons parameters to delta_max=0.1000 bound.
2026-08-12 04:27:26 | sleep.weights.plasticity       | INFO  | Hard-clipped 4 w_cons parameters to delta_max=0.1000 bound.
2026-08-12 04:27:26 | sleep.weights.plasticity       | INFO  | Hard-clipped 4 w_cons parameters to delta_max=0.1000 bound.
2026-08-12 04:27:27 | sleep.weights.plasticity       | INFO  | Hard-clipped 4 w_cons parameters to delta_max=0.1000 bound.
2026-08-12 04:27:27 | sleep.weights.plasticity       | INFO  | Hard-clipped 4 w_cons parameters to delta_max=0.1000 bound.
2026-08-12 04:27:27 | sleep.weights.plasticity       | INFO  | Hard-clipped 4 w_cons parameters to delta_max=0.1000 bound.
2026-08-12 04:27:27 | sleep.weights.plasticity       | INFO  | Hard-clipped 4 w_cons parameters to delta_max=0.1000 bound.
2026-08-12 04:27:27 | sleep.weights.plasticity       | INFO  | Hard-clipped 4 w_cons parameters to delta_max=0.1000 bound.
2026-08-12 04:27:27 | sleep.weights.plasticity       | INFO  | Hard-clipped 4 w_cons parameters to delta_max=0.1000 bound.
2026-08-12 04:27:27 | sleep.weights.plasticity       | INFO  | Hard-clipped 4 w_cons parameters to delta_max=0.1000 bound.
2026-08-12 04:27:28 | sleep.weights.plasticity       | INFO  | Hard-clipped 4 w_cons parameters to delta_max=0.1000 bound.
2026-08-12 04:27:28 | sleep.weights.plasticity       | INFO  | Hard-clipped 4 w_cons parameters to delta_max=0.1000 bound.
2026-08-12 04:27:28 | sleep.weights.plasticity       | INFO  | Hard-clipped 4 w_cons parameters to delta_max=0.1000 bound.
2026-08-12 04:27:28 | sleep.weights.plasticity       | INFO  | Hard-clipped 4 w_cons parameters to delta_max=0.1000 bound.
2026-08-12 04:27:28 | sleep.weights.plasticity       | INFO  | Hard-clipped 4 w_cons parameters to delta_max=0.1000 bound.
2026-08-12 04:27:28 | sleep.weights.plasticity       | INFO  | Hard-clipped 4 w_cons parameters to delta_max=0.1000 bound.
2026-08-12 04:27:28 | sleep.sleep_engine.train       | INFO  |   distill step 200/400 | loss=0.4086 (kl=0.2603 ce=0.2965) | lr=5.87e-05
2026-08-12 04:27:28 | sleep.weights.plasticity       | INFO  | Hard-clipped 4 w_cons parameters to delta_max=0.1000 bound.
2026-08-12 04:27:29 | sleep.weights.plasticity       | INFO  | Hard-clipped 4 w_cons parameters to delta_max=0.1000 bound.
2026-08-12 04:27:29 | sleep.weights.plasticity       | INFO  | Hard-clipped 4 w_cons parameters to delta_max=0.1000 bound.
2026-08-12 04:27:29 | sleep.weights.plasticity       | INFO  | Hard-clipped 4 w_cons parameters to delta_max=0.1000 bound.
2026-08-12 04:27:29 | sleep.weights.plasticity       | INFO  | Hard-clipped 4 w_cons parameters to delta_max=0.1000 bound.
2026-08-12 04:27:29 | sleep.weights.plasticity       | INFO  | Hard-clipped 4 w_cons parameters to delta_max=0.1000 bound.
2026-08-12 04:27:29 | sleep.weights.plasticity       | INFO  | Hard-clipped 4 w_cons parameters to delta_max=0.1000 bound.
2026-08-12 04:27:29 | sleep.weights.plasticity       | INFO  | Hard-clipped 4 w_cons parameters to delta_max=0.1000 bound.
2026-08-12 04:27:30 | sleep.weights.plasticity       | INFO  | Hard-clipped 4 w_cons parameters to delta_max=0.1000 bound.
2026-08-12 04:27:30 | sleep.weights.plasticity       | INFO  | Hard-clipped 4 w_cons parameters to delta_max=0.1000 bound.
2026-08-12 04:27:30 | sleep.weights.plasticity       | INFO  | Hard-clipped 4 w_cons parameters to delta_max=0.1000 bound.
2026-08-12 04:27:30 | sleep.weights.plasticity       | INFO  | Hard-clipped 4 w_cons parameters to delta_max=0.1000 bound.
2026-08-12 04:27:30 | sleep.weights.plasticity       | INFO  | Hard-clipped 4 w_cons parameters to delta_max=0.1000 bound.
2026-08-12 04:27:30 | sleep.weights.plasticity       | INFO  | Hard-clipped 4 w_cons parameters to delta_max=0.1000 bound.
2026-08-12 04:27:30 | sleep.weights.plasticity       | INFO  | Hard-clipped 4 w_cons parameters to delta_max=0.1000 bound.
2026-08-12 04:27:31 | sleep.weights.plasticity       | INFO  | Hard-clipped 4 w_cons parameters to delta_max=0.1000 bound.
2026-08-12 04:27:31 | sleep.weights.plasticity       | INFO  | Hard-clipped 4 w_cons parameters to delta_max=0.1000 bound.
2026-08-12 04:27:31 | sleep.weights.plasticity       | INFO  | Hard-clipped 4 w_cons parameters to delta_max=0.1000 bound.
2026-08-12 04:27:31 | sleep.weights.plasticity       | INFO  | Hard-clipped 4 w_cons parameters to delta_max=0.1000 bound.
2026-08-12 04:27:31 | sleep.weights.plasticity       | INFO  | Hard-clipped 4 w_cons parameters to delta_max=0.1000 bound.
2026-08-12 04:27:31 | sleep.weights.plasticity       | INFO  | Hard-clipped 4 w_cons parameters to delta_max=0.1000 bound.
2026-08-12 04:27:31 | sleep.weights.plasticity       | INFO  | Hard-clipped 4 w_cons parameters to delta_max=0.1000 bound.
2026-08-12 04:27:32 | sleep.weights.plasticity       | INFO  | Hard-clipped 4 w_cons parameters to delta_max=0.1000 bound.
2026-08-12 04:27:32 | sleep.weights.plasticity       | INFO  | Hard-clipped 4 w_cons parameters to delta_max=0.1000 bound.
2026-08-12 04:27:32 | sleep.weights.plasticity       | INFO  | Hard-clipped 4 w_cons parameters to delta_max=0.1000 bound.
2026-08-12 04:27:32 | sleep.weights.plasticity       | INFO  | Hard-clipped 4 w_cons parameters to delta_max=0.1000 bound.
2026-08-12 04:27:32 | sleep.weights.plasticity       | INFO  | Hard-clipped 4 w_cons parameters to delta_max=0.1000 bound.
2026-08-12 04:27:32 | sleep.weights.plasticity       | INFO  | Hard-clipped 4 w_cons parameters to delta_max=0.1000 bound.
2026-08-12 04:27:32 | sleep.weights.plasticity       | INFO  | Hard-clipped 4 w_cons parameters to delta_max=0.1000 bound.
2026-08-12 04:27:33 | sleep.weights.plasticity       | INFO  | Hard-clipped 4 w_cons parameters to delta_max=0.1000 bound.
2026-08-12 04:27:33 | sleep.weights.plasticity       | INFO  | Hard-clipped 4 w_cons parameters to delta_max=0.1000 bound.
2026-08-12 04:27:33 | sleep.weights.plasticity       | INFO  | Hard-clipped 4 w_cons parameters to delta_max=0.1000 bound.
2026-08-12 04:27:33 | sleep.weights.plasticity       | INFO  | Hard-clipped 4 w_cons parameters to delta_max=0.1000 bound.
2026-08-12 04:27:33 | sleep.weights.plasticity       | INFO  | Hard-clipped 4 w_cons parameters to delta_max=0.1000 bound.
2026-08-12 04:27:33 | sleep.weights.plasticity       | INFO  | Hard-clipped 4 w_cons parameters to delta_max=0.1000 bound.
2026-08-12 04:27:34 | sleep.weights.plasticity       | INFO  | Hard-clipped 4 w_cons parameters to delta_max=0.1000 bound.
2026-08-12 04:27:34 | sleep.weights.plasticity       | INFO  | Hard-clipped 5 w_cons parameters to delta_max=0.1000 bound.
2026-08-12 04:27:34 | sleep.weights.plasticity       | INFO  | Hard-clipped 5 w_cons parameters to delta_max=0.1000 bound.
2026-08-12 04:27:34 | sleep.weights.plasticity       | INFO  | Hard-clipped 5 w_cons parameters to delta_max=0.1000 bound.
2026-08-12 04:27:34 | sleep.weights.plasticity       | INFO  | Hard-clipped 5 w_cons parameters to delta_max=0.1000 bound.
2026-08-12 04:27:34 | sleep.sleep_engine.train       | INFO  |   distill step 240/400 | loss=0.5909 (kl=0.4140 ce=0.3537) | lr=4.13e-05
2026-08-12 04:27:34 | sleep.weights.plasticity       | INFO  | Hard-clipped 5 w_cons parameters to delta_max=0.1000 bound.
2026-08-12 04:27:34 | sleep.weights.plasticity       | INFO  | Hard-clipped 5 w_cons parameters to delta_max=0.1000 bound.
2026-08-12 04:27:35 | sleep.weights.plasticity       | INFO  | Hard-clipped 5 w_cons parameters to delta_max=0.1000 bound.
2026-08-12 04:27:35 | sleep.weights.plasticity       | INFO  | Hard-clipped 5 w_cons parameters to delta_max=0.1000 bound.
2026-08-12 04:27:35 | sleep.weights.plasticity       | INFO  | Hard-clipped 5 w_cons parameters to delta_max=0.1000 bound.
2026-08-12 04:27:35 | sleep.weights.plasticity       | INFO  | Hard-clipped 5 w_cons parameters to delta_max=0.1000 bound.
2026-08-12 04:27:35 | sleep.weights.plasticity       | INFO  | Hard-clipped 5 w_cons parameters to delta_max=0.1000 bound.
2026-08-12 04:27:35 | sleep.weights.plasticity       | INFO  | Hard-clipped 5 w_cons parameters to delta_max=0.1000 bound.
2026-08-12 04:27:35 | sleep.weights.plasticity       | INFO  | Hard-clipped 5 w_cons parameters to delta_max=0.1000 bound.
2026-08-12 04:27:36 | sleep.weights.plasticity       | INFO  | Hard-clipped 5 w_cons parameters to delta_max=0.1000 bound.
2026-08-12 04:27:36 | sleep.weights.plasticity       | INFO  | Hard-clipped 5 w_cons parameters to delta_max=0.1000 bound.
2026-08-12 04:27:36 | sleep.weights.plasticity       | INFO  | Hard-clipped 5 w_cons parameters to delta_max=0.1000 bound.
2026-08-12 04:27:36 | sleep.weights.plasticity       | INFO  | Hard-clipped 5 w_cons parameters to delta_max=0.1000 bound.
2026-08-12 04:27:36 | sleep.weights.plasticity       | INFO  | Hard-clipped 5 w_cons parameters to delta_max=0.1000 bound.
2026-08-12 04:27:36 | sleep.weights.plasticity       | INFO  | Hard-clipped 5 w_cons parameters to delta_max=0.1000 bound.
2026-08-12 04:27:36 | sleep.weights.plasticity       | INFO  | Hard-clipped 5 w_cons parameters to delta_max=0.1000 bound.
2026-08-12 04:27:37 | sleep.weights.plasticity       | INFO  | Hard-clipped 5 w_cons parameters to delta_max=0.1000 bound.
2026-08-12 04:27:37 | sleep.weights.plasticity       | INFO  | Hard-clipped 5 w_cons parameters to delta_max=0.1000 bound.
2026-08-12 04:27:37 | sleep.weights.plasticity       | INFO  | Hard-clipped 5 w_cons parameters to delta_max=0.1000 bound.
2026-08-12 04:27:37 | sleep.weights.plasticity       | INFO  | Hard-clipped 5 w_cons parameters to delta_max=0.1000 bound.
2026-08-12 04:27:37 | sleep.weights.plasticity       | INFO  | Hard-clipped 5 w_cons parameters to delta_max=0.1000 bound.
2026-08-12 04:27:37 | sleep.weights.plasticity       | INFO  | Hard-clipped 5 w_cons parameters to delta_max=0.1000 bound.
2026-08-12 04:27:37 | sleep.weights.plasticity       | INFO  | Hard-clipped 5 w_cons parameters to delta_max=0.1000 bound.
2026-08-12 04:27:38 | sleep.weights.plasticity       | INFO  | Hard-clipped 5 w_cons parameters to delta_max=0.1000 bound.
2026-08-12 04:27:38 | sleep.weights.plasticity       | INFO  | Hard-clipped 5 w_cons parameters to delta_max=0.1000 bound.
2026-08-12 04:27:38 | sleep.weights.plasticity       | INFO  | Hard-clipped 5 w_cons parameters to delta_max=0.1000 bound.
2026-08-12 04:27:38 | sleep.weights.plasticity       | INFO  | Hard-clipped 5 w_cons parameters to delta_max=0.1000 bound.
2026-08-12 04:27:38 | sleep.weights.plasticity       | INFO  | Hard-clipped 5 w_cons parameters to delta_max=0.1000 bound.
2026-08-12 04:27:38 | sleep.weights.plasticity       | INFO  | Hard-clipped 5 w_cons parameters to delta_max=0.1000 bound.
2026-08-12 04:27:38 | sleep.weights.plasticity       | INFO  | Hard-clipped 5 w_cons parameters to delta_max=0.1000 bound.
2026-08-12 04:27:39 | sleep.weights.plasticity       | INFO  | Hard-clipped 5 w_cons parameters to delta_max=0.1000 bound.
2026-08-12 04:27:39 | sleep.weights.plasticity       | INFO  | Hard-clipped 5 w_cons parameters to delta_max=0.1000 bound.
2026-08-12 04:27:39 | sleep.weights.plasticity       | INFO  | Hard-clipped 5 w_cons parameters to delta_max=0.1000 bound.
2026-08-12 04:27:39 | sleep.weights.plasticity       | INFO  | Hard-clipped 5 w_cons parameters to delta_max=0.1000 bound.
2026-08-12 04:27:39 | sleep.weights.plasticity       | INFO  | Hard-clipped 5 w_cons parameters to delta_max=0.1000 bound.
2026-08-12 04:27:39 | sleep.weights.plasticity       | INFO  | Hard-clipped 5 w_cons parameters to delta_max=0.1000 bound.
2026-08-12 04:27:39 | sleep.weights.plasticity       | INFO  | Hard-clipped 5 w_cons parameters to delta_max=0.1000 bound.
2026-08-12 04:27:40 | sleep.weights.plasticity       | INFO  | Hard-clipped 5 w_cons parameters to delta_max=0.1000 bound.
2026-08-12 04:27:40 | sleep.weights.plasticity       | INFO  | Hard-clipped 5 w_cons parameters to delta_max=0.1000 bound.
2026-08-12 04:27:40 | sleep.weights.plasticity       | INFO  | Hard-clipped 5 w_cons parameters to delta_max=0.1000 bound.
2026-08-12 04:27:40 | sleep.sleep_engine.train       | INFO  |   distill step 280/400 | loss=0.4149 (kl=0.2643 ce=0.3013) | lr=2.50e-05
2026-08-12 04:27:40 | sleep.weights.plasticity       | INFO  | Hard-clipped 5 w_cons parameters to delta_max=0.1000 bound.
2026-08-12 04:27:40 | sleep.weights.plasticity       | INFO  | Hard-clipped 5 w_cons parameters to delta_max=0.1000 bound.
2026-08-12 04:27:40 | sleep.weights.plasticity       | INFO  | Hard-clipped 5 w_cons parameters to delta_max=0.1000 bound.
2026-08-12 04:27:40 | sleep.weights.plasticity       | INFO  | Hard-clipped 5 w_cons parameters to delta_max=0.1000 bound.
2026-08-12 04:27:41 | sleep.weights.plasticity       | INFO  | Hard-clipped 5 w_cons parameters to delta_max=0.1000 bound.
2026-08-12 04:27:41 | sleep.weights.plasticity       | INFO  | Hard-clipped 5 w_cons parameters to delta_max=0.1000 bound.
2026-08-12 04:27:41 | sleep.weights.plasticity       | INFO  | Hard-clipped 5 w_cons parameters to delta_max=0.1000 bound.
2026-08-12 04:27:41 | sleep.weights.plasticity       | INFO  | Hard-clipped 5 w_cons parameters to delta_max=0.1000 bound.
2026-08-12 04:27:41 | sleep.weights.plasticity       | INFO  | Hard-clipped 5 w_cons parameters to delta_max=0.1000 bound.
2026-08-12 04:27:41 | sleep.weights.plasticity       | INFO  | Hard-clipped 5 w_cons parameters to delta_max=0.1000 bound.
2026-08-12 04:27:41 | sleep.weights.plasticity       | INFO  | Hard-clipped 5 w_cons parameters to delta_max=0.1000 bound.
2026-08-12 04:27:42 | sleep.weights.plasticity       | INFO  | Hard-clipped 3 w_cons parameters to delta_max=0.1000 bound.
2026-08-12 04:27:42 | sleep.weights.plasticity       | INFO  | Hard-clipped 3 w_cons parameters to delta_max=0.1000 bound.
2026-08-12 04:27:42 | sleep.weights.plasticity       | INFO  | Hard-clipped 3 w_cons parameters to delta_max=0.1000 bound.
2026-08-12 04:27:42 | sleep.weights.plasticity       | INFO  | Hard-clipped 3 w_cons parameters to delta_max=0.1000 bound.
2026-08-12 04:27:42 | sleep.weights.plasticity       | INFO  | Hard-clipped 3 w_cons parameters to delta_max=0.1000 bound.
2026-08-12 04:27:42 | sleep.weights.plasticity       | INFO  | Hard-clipped 3 w_cons parameters to delta_max=0.1000 bound.
2026-08-12 04:27:43 | sleep.weights.plasticity       | INFO  | Hard-clipped 3 w_cons parameters to delta_max=0.1000 bound.
2026-08-12 04:27:43 | sleep.weights.plasticity       | INFO  | Hard-clipped 3 w_cons parameters to delta_max=0.1000 bound.
2026-08-12 04:27:43 | sleep.weights.plasticity       | INFO  | Hard-clipped 3 w_cons parameters to delta_max=0.1000 bound.
2026-08-12 04:27:43 | sleep.weights.plasticity       | INFO  | Hard-clipped 3 w_cons parameters to delta_max=0.1000 bound.
2026-08-12 04:27:43 | sleep.weights.plasticity       | INFO  | Hard-clipped 3 w_cons parameters to delta_max=0.1000 bound.
2026-08-12 04:27:43 | sleep.weights.plasticity       | INFO  | Hard-clipped 4 w_cons parameters to delta_max=0.1000 bound.
2026-08-12 04:27:43 | sleep.weights.plasticity       | INFO  | Hard-clipped 4 w_cons parameters to delta_max=0.1000 bound.
2026-08-12 04:27:44 | sleep.weights.plasticity       | INFO  | Hard-clipped 4 w_cons parameters to delta_max=0.1000 bound.
2026-08-12 04:27:44 | sleep.weights.plasticity       | INFO  | Hard-clipped 4 w_cons parameters to delta_max=0.1000 bound.
2026-08-12 04:27:44 | sleep.weights.plasticity       | INFO  | Hard-clipped 4 w_cons parameters to delta_max=0.1000 bound.
2026-08-12 04:27:44 | sleep.weights.plasticity       | INFO  | Hard-clipped 4 w_cons parameters to delta_max=0.1000 bound.
2026-08-12 04:27:44 | sleep.weights.plasticity       | INFO  | Hard-clipped 4 w_cons parameters to delta_max=0.1000 bound.
2026-08-12 04:27:44 | sleep.weights.plasticity       | INFO  | Hard-clipped 4 w_cons parameters to delta_max=0.1000 bound.
2026-08-12 04:27:44 | sleep.weights.plasticity       | INFO  | Hard-clipped 4 w_cons parameters to delta_max=0.1000 bound.
2026-08-12 04:27:45 | sleep.weights.plasticity       | INFO  | Hard-clipped 4 w_cons parameters to delta_max=0.1000 bound.
2026-08-12 04:27:45 | sleep.weights.plasticity       | INFO  | Hard-clipped 4 w_cons parameters to delta_max=0.1000 bound.
2026-08-12 04:27:45 | sleep.weights.plasticity       | INFO  | Hard-clipped 4 w_cons parameters to delta_max=0.1000 bound.
2026-08-12 04:27:45 | sleep.weights.plasticity       | INFO  | Hard-clipped 4 w_cons parameters to delta_max=0.1000 bound.
2026-08-12 04:27:45 | sleep.weights.plasticity       | INFO  | Hard-clipped 4 w_cons parameters to delta_max=0.1000 bound.
2026-08-12 04:27:45 | sleep.weights.plasticity       | INFO  | Hard-clipped 4 w_cons parameters to delta_max=0.1000 bound.
2026-08-12 04:27:45 | sleep.weights.plasticity       | INFO  | Hard-clipped 4 w_cons parameters to delta_max=0.1000 bound.
2026-08-12 04:27:46 | sleep.weights.plasticity       | INFO  | Hard-clipped 4 w_cons parameters to delta_max=0.1000 bound.
2026-08-12 04:27:46 | sleep.weights.plasticity       | INFO  | Hard-clipped 4 w_cons parameters to delta_max=0.1000 bound.
2026-08-12 04:27:46 | sleep.sleep_engine.train       | INFO  |   distill step 320/400 | loss=0.3480 (kl=0.1786 ce=0.3388) | lr=1.17e-05
2026-08-12 04:27:46 | sleep.weights.plasticity       | INFO  | Hard-clipped 4 w_cons parameters to delta_max=0.1000 bound.
2026-08-12 04:27:46 | sleep.weights.plasticity       | INFO  | Hard-clipped 4 w_cons parameters to delta_max=0.1000 bound.
2026-08-12 04:27:46 | sleep.weights.plasticity       | INFO  | Hard-clipped 4 w_cons parameters to delta_max=0.1000 bound.
2026-08-12 04:27:46 | sleep.weights.plasticity       | INFO  | Hard-clipped 4 w_cons parameters to delta_max=0.1000 bound.
2026-08-12 04:27:46 | sleep.weights.plasticity       | INFO  | Hard-clipped 4 w_cons parameters to delta_max=0.1000 bound.
2026-08-12 04:27:47 | sleep.weights.plasticity       | INFO  | Hard-clipped 4 w_cons parameters to delta_max=0.1000 bound.
2026-08-12 04:27:47 | sleep.weights.plasticity       | INFO  | Hard-clipped 4 w_cons parameters to delta_max=0.1000 bound.
2026-08-12 04:27:47 | sleep.weights.plasticity       | INFO  | Hard-clipped 4 w_cons parameters to delta_max=0.1000 bound.
2026-08-12 04:27:47 | sleep.weights.plasticity       | INFO  | Hard-clipped 4 w_cons parameters to delta_max=0.1000 bound.
2026-08-12 04:27:47 | sleep.weights.plasticity       | INFO  | Hard-clipped 4 w_cons parameters to delta_max=0.1000 bound.
2026-08-12 04:27:47 | sleep.weights.plasticity       | INFO  | Hard-clipped 4 w_cons parameters to delta_max=0.1000 bound.
2026-08-12 04:27:47 | sleep.weights.plasticity       | INFO  | Hard-clipped 4 w_cons parameters to delta_max=0.1000 bound.
2026-08-12 04:27:48 | sleep.weights.plasticity       | INFO  | Hard-clipped 4 w_cons parameters to delta_max=0.1000 bound.
2026-08-12 04:27:48 | sleep.weights.plasticity       | INFO  | Hard-clipped 4 w_cons parameters to delta_max=0.1000 bound.
2026-08-12 04:27:48 | sleep.weights.plasticity       | INFO  | Hard-clipped 3 w_cons parameters to delta_max=0.1000 bound.
2026-08-12 04:27:48 | sleep.weights.plasticity       | INFO  | Hard-clipped 3 w_cons parameters to delta_max=0.1000 bound.
2026-08-12 04:27:48 | sleep.weights.plasticity       | INFO  | Hard-clipped 3 w_cons parameters to delta_max=0.1000 bound.
2026-08-12 04:27:48 | sleep.weights.plasticity       | INFO  | Hard-clipped 3 w_cons parameters to delta_max=0.1000 bound.
2026-08-12 04:27:48 | sleep.weights.plasticity       | INFO  | Hard-clipped 2 w_cons parameters to delta_max=0.1000 bound.
2026-08-12 04:27:49 | sleep.weights.plasticity       | INFO  | Hard-clipped 1 w_cons parameters to delta_max=0.1000 bound.
2026-08-12 04:27:49 | sleep.weights.plasticity       | INFO  | Hard-clipped 2 w_cons parameters to delta_max=0.1000 bound.
2026-08-12 04:27:49 | sleep.weights.plasticity       | INFO  | Hard-clipped 2 w_cons parameters to delta_max=0.1000 bound.
2026-08-12 04:27:49 | sleep.weights.plasticity       | INFO  | Hard-clipped 2 w_cons parameters to delta_max=0.1000 bound.
2026-08-12 04:27:49 | sleep.weights.plasticity       | INFO  | Hard-clipped 2 w_cons parameters to delta_max=0.1000 bound.
2026-08-12 04:27:49 | sleep.weights.plasticity       | INFO  | Hard-clipped 3 w_cons parameters to delta_max=0.1000 bound.
2026-08-12 04:27:49 | sleep.weights.plasticity       | INFO  | Hard-clipped 4 w_cons parameters to delta_max=0.1000 bound.
2026-08-12 04:27:50 | sleep.weights.plasticity       | INFO  | Hard-clipped 4 w_cons parameters to delta_max=0.1000 bound.
2026-08-12 04:27:50 | sleep.weights.plasticity       | INFO  | Hard-clipped 4 w_cons parameters to delta_max=0.1000 bound.
2026-08-12 04:27:50 | sleep.weights.plasticity       | INFO  | Hard-clipped 4 w_cons parameters to delta_max=0.1000 bound.
2026-08-12 04:27:50 | sleep.weights.plasticity       | INFO  | Hard-clipped 4 w_cons parameters to delta_max=0.1000 bound.
2026-08-12 04:27:50 | sleep.weights.plasticity       | INFO  | Hard-clipped 4 w_cons parameters to delta_max=0.1000 bound.
2026-08-12 04:27:50 | sleep.weights.plasticity       | INFO  | Hard-clipped 4 w_cons parameters to delta_max=0.1000 bound.
2026-08-12 04:27:50 | sleep.weights.plasticity       | INFO  | Hard-clipped 5 w_cons parameters to delta_max=0.1000 bound.
2026-08-12 04:27:51 | sleep.weights.plasticity       | INFO  | Hard-clipped 5 w_cons parameters to delta_max=0.1000 bound.
2026-08-12 04:27:51 | sleep.weights.plasticity       | INFO  | Hard-clipped 5 w_cons parameters to delta_max=0.1000 bound.
2026-08-12 04:27:51 | sleep.weights.plasticity       | INFO  | Hard-clipped 5 w_cons parameters to delta_max=0.1000 bound.
2026-08-12 04:27:51 | sleep.weights.plasticity       | INFO  | Hard-clipped 5 w_cons parameters to delta_max=0.1000 bound.
2026-08-12 04:27:51 | sleep.weights.plasticity       | INFO  | Hard-clipped 5 w_cons parameters to delta_max=0.1000 bound.
2026-08-12 04:27:51 | sleep.weights.plasticity       | INFO  | Hard-clipped 5 w_cons parameters to delta_max=0.1000 bound.
2026-08-12 04:27:51 | sleep.weights.plasticity       | INFO  | Hard-clipped 5 w_cons parameters to delta_max=0.1000 bound.
2026-08-12 04:27:51 | sleep.sleep_engine.train       | INFO  |   distill step 360/400 | loss=0.4938 (kl=0.3722 ce=0.2432) | lr=3.02e-06
2026-08-12 04:27:52 | sleep.weights.plasticity       | INFO  | Hard-clipped 5 w_cons parameters to delta_max=0.1000 bound.
2026-08-12 04:27:52 | sleep.weights.plasticity       | INFO  | Hard-clipped 5 w_cons parameters to delta_max=0.1000 bound.
2026-08-12 04:27:52 | sleep.weights.plasticity       | INFO  | Hard-clipped 5 w_cons parameters to delta_max=0.1000 bound.
2026-08-12 04:27:52 | sleep.weights.plasticity       | INFO  | Hard-clipped 5 w_cons parameters to delta_max=0.1000 bound.
2026-08-12 04:27:52 | sleep.weights.plasticity       | INFO  | Hard-clipped 5 w_cons parameters to delta_max=0.1000 bound.
2026-08-12 04:27:52 | sleep.weights.plasticity       | INFO  | Hard-clipped 5 w_cons parameters to delta_max=0.1000 bound.
2026-08-12 04:27:52 | sleep.weights.plasticity       | INFO  | Hard-clipped 5 w_cons parameters to delta_max=0.1000 bound.
2026-08-12 04:27:53 | sleep.weights.plasticity       | INFO  | Hard-clipped 5 w_cons parameters to delta_max=0.1000 bound.
2026-08-12 04:27:53 | sleep.weights.plasticity       | INFO  | Hard-clipped 5 w_cons parameters to delta_max=0.1000 bound.
2026-08-12 04:27:53 | sleep.weights.plasticity       | INFO  | Hard-clipped 5 w_cons parameters to delta_max=0.1000 bound.
2026-08-12 04:27:53 | sleep.weights.plasticity       | INFO  | Hard-clipped 5 w_cons parameters to delta_max=0.1000 bound.
2026-08-12 04:27:53 | sleep.weights.plasticity       | INFO  | Hard-clipped 5 w_cons parameters to delta_max=0.1000 bound.
2026-08-12 04:27:53 | sleep.weights.plasticity       | INFO  | Hard-clipped 5 w_cons parameters to delta_max=0.1000 bound.
2026-08-12 04:27:53 | sleep.weights.plasticity       | INFO  | Hard-clipped 5 w_cons parameters to delta_max=0.1000 bound.
2026-08-12 04:27:54 | sleep.weights.plasticity       | INFO  | Hard-clipped 5 w_cons parameters to delta_max=0.1000 bound.
2026-08-12 04:27:54 | sleep.weights.plasticity       | INFO  | Hard-clipped 5 w_cons parameters to delta_max=0.1000 bound.
2026-08-12 04:27:54 | sleep.weights.plasticity       | INFO  | Hard-clipped 5 w_cons parameters to delta_max=0.1000 bound.
2026-08-12 04:27:54 | sleep.weights.plasticity       | INFO  | Hard-clipped 5 w_cons parameters to delta_max=0.1000 bound.
2026-08-12 04:27:54 | sleep.weights.plasticity       | INFO  | Hard-clipped 5 w_cons parameters to delta_max=0.1000 bound.
2026-08-12 04:27:54 | sleep.weights.plasticity       | INFO  | Hard-clipped 5 w_cons parameters to delta_max=0.1000 bound.
2026-08-12 04:27:54 | sleep.weights.plasticity       | INFO  | Hard-clipped 5 w_cons parameters to delta_max=0.1000 bound.
2026-08-12 04:27:55 | sleep.weights.plasticity       | INFO  | Hard-clipped 5 w_cons parameters to delta_max=0.1000 bound.
2026-08-12 04:27:55 | sleep.weights.plasticity       | INFO  | Hard-clipped 5 w_cons parameters to delta_max=0.1000 bound.
2026-08-12 04:27:55 | sleep.weights.plasticity       | INFO  | Hard-clipped 5 w_cons parameters to delta_max=0.1000 bound.
2026-08-12 04:27:55 | sleep.weights.plasticity       | INFO  | Hard-clipped 3 w_cons parameters to delta_max=0.1000 bound.
2026-08-12 04:27:55 | sleep.weights.plasticity       | INFO  | Hard-clipped 2 w_cons parameters to delta_max=0.1000 bound.
2026-08-12 04:27:55 | sleep.weights.plasticity       | INFO  | Hard-clipped 2 w_cons parameters to delta_max=0.1000 bound.
2026-08-12 04:27:55 | sleep.weights.plasticity       | INFO  | Hard-clipped 3 w_cons parameters to delta_max=0.1000 bound.
2026-08-12 04:27:56 | sleep.weights.plasticity       | INFO  | Hard-clipped 3 w_cons parameters to delta_max=0.1000 bound.
2026-08-12 04:27:56 | sleep.weights.plasticity       | INFO  | Hard-clipped 3 w_cons parameters to delta_max=0.1000 bound.
2026-08-12 04:27:56 | sleep.weights.plasticity       | INFO  | Hard-clipped 3 w_cons parameters to delta_max=0.1000 bound.
2026-08-12 04:27:56 | sleep.weights.plasticity       | INFO  | Hard-clipped 3 w_cons parameters to delta_max=0.1000 bound.
2026-08-12 04:27:56 | sleep.weights.plasticity       | INFO  | Hard-clipped 3 w_cons parameters to delta_max=0.1000 bound.
2026-08-12 04:27:56 | sleep.weights.plasticity       | INFO  | Hard-clipped 4 w_cons parameters to delta_max=0.1000 bound.
2026-08-12 04:27:56 | sleep.weights.plasticity       | INFO  | Hard-clipped 4 w_cons parameters to delta_max=0.1000 bound.
2026-08-12 04:27:57 | sleep.weights.plasticity       | INFO  | Hard-clipped 4 w_cons parameters to delta_max=0.1000 bound.
2026-08-12 04:27:57 | sleep.weights.plasticity       | INFO  | Hard-clipped 4 w_cons parameters to delta_max=0.1000 bound.
2026-08-12 04:27:57 | sleep.weights.plasticity       | INFO  | Hard-clipped 4 w_cons parameters to delta_max=0.1000 bound.
2026-08-12 04:27:57 | sleep.weights.plasticity       | INFO  | Hard-clipped 3 w_cons parameters to delta_max=0.1000 bound.
2026-08-12 04:27:57 | sleep.weights.plasticity       | INFO  | Hard-clipped 3 w_cons parameters to delta_max=0.1000 bound.
2026-08-12 04:27:57 | sleep.sleep_engine.train       | INFO  |   distill step 400/400 | loss=0.5003 (kl=0.3526 ce=0.2954) | lr=0.00e+00
2026-08-12 04:27:57 | sleep.sleep_engine.train       | INFO  | Sleep distill-training complete | n_steps=400 | final_loss=0.5003 | mean_loss=0.7522
2026-08-12 04:27:57 | sleep.sleep_engine             | INFO  | Phase 3 complete: 400 steps, final_loss=0.5003, mean_loss=0.7522
2026-08-12 04:27:57 | sleep.sleep_engine             | INFO  | Phase 4/5: PPL CHECK (skipped — no benchmark data)
2026-08-12 04:27:57 | sleep.sleep_engine             | INFO  | Phase 5/5: VALIDATE & CLEANUP
2026-08-12 04:27:57 | sleep.weights.plasticity       | INFO  | Saved checkpoint for adapter 'w_cons': 44 parameters.
2026-08-12 04:27:57 | sleep.weights.plasticity       | INFO  | Restored 44 parameters for adapter 'w_cons' from checkpoint.
2026-08-12 04:27:58 | sleep.weights.plasticity       | INFO  | Restored 44 parameters for adapter 'w_cons' from checkpoint.
2026-08-12 04:28:12 | sleep.sleep_engine             | INFO  | Two-stage validation: 10/20 passed surprise, 9 also passed the mini-recall gate (self-grading gap = 1)
2026-08-12 04:28:12 | sleep.sleep_engine.cleanup     | INFO  | Cleanup complete | passed=9 | failed=11 | permanently_removed=0
2026-08-12 04:28:12 | sleep.sleep_engine             | INFO  | Phase 5 complete: consolidated=9, failed=11, permanently_removed=0
2026-08-12 04:28:12 | sleep.metrics                  | INFO  | summary | {'sleep_engine/n_candidates': 20, 'sleep_engine/n_replays_generated': 204, 'sleep_engine/n_replays_accepted': 204, 'sleep_engine/n_consolidated': 9, 'sleep_engine/n_failed': 11, 'sleep_engine/n_permanently_removed': 0, 'sleep_engine/rolled_back': False}
2026-08-12 04:28:12 | sleep.weights.kv_memory        | INFO  | bank cleared: freed 13 tags / 597 tokens
2026-08-12 04:28:12 | sleep.sleep_engine             | INFO  | KV bank cleared (13 entries removed)
2026-08-12 04:28:12 | sleep.sleep_engine             | INFO  | KV memory injection: ENABLED
2026-08-12 04:28:12 | sleep.sleep_engine             | INFO  | === Sleep cycle END ===
2026-08-12 04:32:50 | sleep.evaluation.recall        | INFO  | Recall evaluation: DRA=0.1542 across 160 cases
2026-08-12 04:33:25 | sleep.evaluation.recall        | INFO  | Recall evaluation: DRA=0.4333 across 20 cases
2026-08-12 04:33:25 | sleep.evaluation.preservation  | INFO  | Perplexity evaluation: PPL=5.2130 (mean_loss=1.6511, 62 tokens)
2026-08-12 04:33:25 | sleep.evaluation.preservation  | INFO  | BCP: 1.1944 (current_ppl=5.2130, original_ppl=4.3646)
2026-08-12 04:33:25 | sleep.experiment.08            | INFO  | [sleep Cycle 8 EVAL] DRA cumulative=0.154 (50/160 hits); DRA current=0.433 (13/20 hits); BCP=1.1944
2026-08-12 04:33:25 | sleep.experiment.08            | INFO  | ======================================================================
2026-08-12 04:33:25 | sleep.experiment.08            | INFO  | [SLEEP Cycle 9] Wake phase: 20 facts
2026-08-12 04:33:25 | sleep.experiment.08            | INFO  | ======================================================================
2026-08-12 04:33:25 | sleep.tagging                  | INFO  | step=162 | 1 tags created from 1 spans | buffer: 106/36208 (0.3%)
2026-08-12 04:33:26 | sleep.tagging                  | INFO  | step=166 | 1 tags created from 1 spans | buffer: 107/36208 (0.3%)
2026-08-12 04:33:26 | sleep.tagging                  | INFO  | step=167 | 2 tags created from 2 spans | buffer: 109/36208 (0.3%)
2026-08-12 04:33:26 | sleep.tagging                  | INFO  | step=171 | 2 tags created from 2 spans | buffer: 111/36208 (0.3%)
2026-08-12 04:33:26 | sleep.tagging                  | INFO  | step=172 | 2 tags created from 2 spans | buffer: 113/36208 (0.3%)
2026-08-12 04:33:26 | sleep.tagging                  | INFO  | step=175 | 1 tags created from 1 spans | buffer: 114/36208 (0.3%)
2026-08-12 04:33:26 | sleep.tagging                  | INFO  | step=176 | 1 tags created from 1 spans | buffer: 115/36208 (0.3%)
2026-08-12 04:33:27 | sleep.tagging                  | INFO  | step=177 | 1 tags created from 1 spans | buffer: 116/36208 (0.3%)
2026-08-12 04:33:27 | sleep.tagging                  | INFO  | step=178 | 1 tags created from 1 spans | buffer: 117/36208 (0.3%)
2026-08-12 04:33:27 | sleep.tagging                  | INFO  | step=179 | 1 tags created from 1 spans | buffer: 118/36208 (0.3%)
2026-08-12 04:33:27 | sleep.experiment.08            | INFO  | [Cycle 9] Wake summary: 20 facts -> 9 KV writes; bank: 417/20000 tokens
2026-08-12 04:33:27 | sleep.prp                      | INFO  | step=180 | PRP update: 28/3620 allocated (1%) | +19 -0 | threshold=0.240 | mean_score=0.212
2026-08-12 04:33:27 | sleep.experiment.08            | INFO  | [Cycle 9] PRP: 28 allocated, 28 consolidation candidates
2026-08-12 04:33:27 | sleep.sleep_engine             | INFO  | === Sleep cycle START | 28 candidates ===
2026-08-12 04:33:27 | sleep.sleep_engine             | INFO  | Phase 1/5: GENERATE (strategy=paraphrase)
2026-08-12 04:33:27 | sleep.sleep_engine             | INFO  | KV memory injection: DISABLED
2026-08-12 04:33:27 | sleep.sleep_engine             | INFO  | Phase 1 (paraphrase strategy): 179 wordings from 8 unique sources (28 candidates)
2026-08-12 04:33:27 | sleep.sleep_engine             | INFO  | Phase 1 complete: 179/28 replays generated
2026-08-12 04:33:27 | sleep.sleep_engine             | INFO  | Phase 2/5: QUALITY CHECK
2026-08-12 04:33:27 | sleep.sleep_engine             | INFO  | Phase 2 complete: 179/179 replays accepted
2026-08-12 04:33:27 | sleep.sleep_engine             | INFO  | Phase 3/5: TRAIN (179 accepted replays)
2026-08-12 04:33:27 | sleep.sleep_engine             | INFO  | KV memory injection: DISABLED
2026-08-12 04:33:27 | sleep.weights.plasticity       | INFO  | Saved checkpoint for adapter 'w_cons': 44 parameters.
2026-08-12 04:33:27 | sleep.weights.plasticity       | INFO  | Saved checkpoint for adapter 'w_cons': 44 parameters.
2026-08-12 04:33:27 | sleep.sleep_engine.train       | INFO  | Sleep distill-training: 8 facts | 400 steps | lr=1.00e-04 | T=2
2026-08-12 04:33:27 | sleep.sleep_engine.train       | INFO  |   distill step 1/400 | loss=1.6175 (kl=0.7703 ce=1.6943) | lr=2.50e-06
2026-08-12 04:33:33 | sleep.sleep_engine.train       | INFO  |   distill step 40/400 | loss=0.7958 (kl=0.5923 ce=0.4069) | lr=1.00e-04
2026-08-12 04:33:39 | sleep.sleep_engine.train       | INFO  |   distill step 80/400 | loss=0.6450 (kl=0.4483 ce=0.3933) | lr=9.70e-05
2026-08-12 04:33:44 | sleep.weights.plasticity       | INFO  | Hard-clipped 1 w_cons parameters to delta_max=0.1000 bound.
2026-08-12 04:33:44 | sleep.weights.plasticity       | INFO  | Hard-clipped 1 w_cons parameters to delta_max=0.1000 bound.
2026-08-12 04:33:44 | sleep.weights.plasticity       | INFO  | Hard-clipped 1 w_cons parameters to delta_max=0.1000 bound.
2026-08-12 04:33:44 | sleep.weights.plasticity       | INFO  | Hard-clipped 1 w_cons parameters to delta_max=0.1000 bound.
2026-08-12 04:33:44 | sleep.weights.plasticity       | INFO  | Hard-clipped 1 w_cons parameters to delta_max=0.1000 bound.
2026-08-12 04:33:44 | sleep.weights.plasticity       | INFO  | Hard-clipped 1 w_cons parameters to delta_max=0.1000 bound.
2026-08-12 04:33:44 | sleep.weights.plasticity       | INFO  | Hard-clipped 1 w_cons parameters to delta_max=0.1000 bound.
2026-08-12 04:33:45 | sleep.weights.plasticity       | INFO  | Hard-clipped 1 w_cons parameters to delta_max=0.1000 bound.
2026-08-12 04:33:45 | sleep.sleep_engine.train       | INFO  |   distill step 120/400 | loss=0.7453 (kl=0.5220 ce=0.4467) | lr=8.83e-05
2026-08-12 04:33:45 | sleep.weights.plasticity       | INFO  | Hard-clipped 1 w_cons parameters to delta_max=0.1000 bound.
2026-08-12 04:33:45 | sleep.weights.plasticity       | INFO  | Hard-clipped 1 w_cons parameters to delta_max=0.1000 bound.
2026-08-12 04:33:45 | sleep.weights.plasticity       | INFO  | Hard-clipped 2 w_cons parameters to delta_max=0.1000 bound.
2026-08-12 04:33:45 | sleep.weights.plasticity       | INFO  | Hard-clipped 2 w_cons parameters to delta_max=0.1000 bound.
2026-08-12 04:33:45 | sleep.weights.plasticity       | INFO  | Hard-clipped 2 w_cons parameters to delta_max=0.1000 bound.
2026-08-12 04:33:45 | sleep.weights.plasticity       | INFO  | Hard-clipped 2 w_cons parameters to delta_max=0.1000 bound.
2026-08-12 04:33:46 | sleep.weights.plasticity       | INFO  | Hard-clipped 2 w_cons parameters to delta_max=0.1000 bound.
2026-08-12 04:33:46 | sleep.weights.plasticity       | INFO  | Hard-clipped 2 w_cons parameters to delta_max=0.1000 bound.
2026-08-12 04:33:46 | sleep.weights.plasticity       | INFO  | Hard-clipped 2 w_cons parameters to delta_max=0.1000 bound.
2026-08-12 04:33:46 | sleep.weights.plasticity       | INFO  | Hard-clipped 2 w_cons parameters to delta_max=0.1000 bound.
2026-08-12 04:33:46 | sleep.weights.plasticity       | INFO  | Hard-clipped 2 w_cons parameters to delta_max=0.1000 bound.
2026-08-12 04:33:46 | sleep.weights.plasticity       | INFO  | Hard-clipped 2 w_cons parameters to delta_max=0.1000 bound.
2026-08-12 04:33:47 | sleep.weights.plasticity       | INFO  | Hard-clipped 2 w_cons parameters to delta_max=0.1000 bound.
2026-08-12 04:33:47 | sleep.weights.plasticity       | INFO  | Hard-clipped 2 w_cons parameters to delta_max=0.1000 bound.
2026-08-12 04:33:47 | sleep.weights.plasticity       | INFO  | Hard-clipped 2 w_cons parameters to delta_max=0.1000 bound.
2026-08-12 04:33:47 | sleep.weights.plasticity       | INFO  | Hard-clipped 2 w_cons parameters to delta_max=0.1000 bound.
2026-08-12 04:33:47 | sleep.weights.plasticity       | INFO  | Hard-clipped 2 w_cons parameters to delta_max=0.1000 bound.
2026-08-12 04:33:47 | sleep.weights.plasticity       | INFO  | Hard-clipped 2 w_cons parameters to delta_max=0.1000 bound.
2026-08-12 04:33:47 | sleep.weights.plasticity       | INFO  | Hard-clipped 2 w_cons parameters to delta_max=0.1000 bound.
2026-08-12 04:33:48 | sleep.weights.plasticity       | INFO  | Hard-clipped 2 w_cons parameters to delta_max=0.1000 bound.
2026-08-12 04:33:48 | sleep.weights.plasticity       | INFO  | Hard-clipped 2 w_cons parameters to delta_max=0.1000 bound.
2026-08-12 04:33:48 | sleep.weights.plasticity       | INFO  | Hard-clipped 2 w_cons parameters to delta_max=0.1000 bound.
2026-08-12 04:33:48 | sleep.weights.plasticity       | INFO  | Hard-clipped 2 w_cons parameters to delta_max=0.1000 bound.
2026-08-12 04:33:48 | sleep.weights.plasticity       | INFO  | Hard-clipped 2 w_cons parameters to delta_max=0.1000 bound.
2026-08-12 04:33:48 | sleep.weights.plasticity       | INFO  | Hard-clipped 2 w_cons parameters to delta_max=0.1000 bound.
2026-08-12 04:33:48 | sleep.weights.plasticity       | INFO  | Hard-clipped 2 w_cons parameters to delta_max=0.1000 bound.
2026-08-12 04:33:49 | sleep.weights.plasticity       | INFO  | Hard-clipped 2 w_cons parameters to delta_max=0.1000 bound.
2026-08-12 04:33:49 | sleep.weights.plasticity       | INFO  | Hard-clipped 2 w_cons parameters to delta_max=0.1000 bound.
2026-08-12 04:33:49 | sleep.weights.plasticity       | INFO  | Hard-clipped 2 w_cons parameters to delta_max=0.1000 bound.
2026-08-12 04:33:49 | sleep.weights.plasticity       | INFO  | Hard-clipped 2 w_cons parameters to delta_max=0.1000 bound.
2026-08-12 04:33:49 | sleep.weights.plasticity       | INFO  | Hard-clipped 2 w_cons parameters to delta_max=0.1000 bound.
2026-08-12 04:33:49 | sleep.weights.plasticity       | INFO  | Hard-clipped 2 w_cons parameters to delta_max=0.1000 bound.
2026-08-12 04:33:49 | sleep.weights.plasticity       | INFO  | Hard-clipped 2 w_cons parameters to delta_max=0.1000 bound.
2026-08-12 04:33:50 | sleep.weights.plasticity       | INFO  | Hard-clipped 2 w_cons parameters to delta_max=0.1000 bound.
2026-08-12 04:33:50 | sleep.weights.plasticity       | INFO  | Hard-clipped 2 w_cons parameters to delta_max=0.1000 bound.
2026-08-12 04:33:50 | sleep.weights.plasticity       | INFO  | Hard-clipped 2 w_cons parameters to delta_max=0.1000 bound.
2026-08-12 04:33:50 | sleep.weights.plasticity       | INFO  | Hard-clipped 2 w_cons parameters to delta_max=0.1000 bound.
2026-08-12 04:33:50 | sleep.weights.plasticity       | INFO  | Hard-clipped 2 w_cons parameters to delta_max=0.1000 bound.
2026-08-12 04:33:50 | sleep.weights.plasticity       | INFO  | Hard-clipped 2 w_cons parameters to delta_max=0.1000 bound.
2026-08-12 04:33:50 | sleep.weights.plasticity       | INFO  | Hard-clipped 2 w_cons parameters to delta_max=0.1000 bound.
2026-08-12 04:33:50 | sleep.sleep_engine.train       | INFO  |   distill step 160/400 | loss=0.6011 (kl=0.3001 ce=0.6021) | lr=7.50e-05
2026-08-12 04:33:51 | sleep.weights.plasticity       | INFO  | Hard-clipped 3 w_cons parameters to delta_max=0.1000 bound.
2026-08-12 04:33:51 | sleep.weights.plasticity       | INFO  | Hard-clipped 3 w_cons parameters to delta_max=0.1000 bound.
2026-08-12 04:33:51 | sleep.weights.plasticity       | INFO  | Hard-clipped 3 w_cons parameters to delta_max=0.1000 bound.
2026-08-12 04:33:51 | sleep.weights.plasticity       | INFO  | Hard-clipped 4 w_cons parameters to delta_max=0.1000 bound.
2026-08-12 04:33:51 | sleep.weights.plasticity       | INFO  | Hard-clipped 4 w_cons parameters to delta_max=0.1000 bound.
2026-08-12 04:33:51 | sleep.weights.plasticity       | INFO  | Hard-clipped 4 w_cons parameters to delta_max=0.1000 bound.
2026-08-12 04:33:52 | sleep.weights.plasticity       | INFO  | Hard-clipped 4 w_cons parameters to delta_max=0.1000 bound.
2026-08-12 04:33:52 | sleep.weights.plasticity       | INFO  | Hard-clipped 4 w_cons parameters to delta_max=0.1000 bound.
2026-08-12 04:33:52 | sleep.weights.plasticity       | INFO  | Hard-clipped 4 w_cons parameters to delta_max=0.1000 bound.
2026-08-12 04:33:52 | sleep.weights.plasticity       | INFO  | Hard-clipped 4 w_cons parameters to delta_max=0.1000 bound.
2026-08-12 04:33:52 | sleep.weights.plasticity       | INFO  | Hard-clipped 4 w_cons parameters to delta_max=0.1000 bound.
2026-08-12 04:33:52 | sleep.weights.plasticity       | INFO  | Hard-clipped 4 w_cons parameters to delta_max=0.1000 bound.
2026-08-12 04:33:52 | sleep.weights.plasticity       | INFO  | Hard-clipped 4 w_cons parameters to delta_max=0.1000 bound.
2026-08-12 04:33:53 | sleep.weights.plasticity       | INFO  | Hard-clipped 4 w_cons parameters to delta_max=0.1000 bound.
2026-08-12 04:33:53 | sleep.weights.plasticity       | INFO  | Hard-clipped 4 w_cons parameters to delta_max=0.1000 bound.
2026-08-12 04:33:53 | sleep.weights.plasticity       | INFO  | Hard-clipped 4 w_cons parameters to delta_max=0.1000 bound.
2026-08-12 04:33:53 | sleep.weights.plasticity       | INFO  | Hard-clipped 4 w_cons parameters to delta_max=0.1000 bound.
2026-08-12 04:33:53 | sleep.weights.plasticity       | INFO  | Hard-clipped 4 w_cons parameters to delta_max=0.1000 bound.
2026-08-12 04:33:53 | sleep.weights.plasticity       | INFO  | Hard-clipped 4 w_cons parameters to delta_max=0.1000 bound.
2026-08-12 04:33:53 | sleep.weights.plasticity       | INFO  | Hard-clipped 4 w_cons parameters to delta_max=0.1000 bound.
2026-08-12 04:33:54 | sleep.weights.plasticity       | INFO  | Hard-clipped 4 w_cons parameters to delta_max=0.1000 bound.
2026-08-12 04:33:54 | sleep.weights.plasticity       | INFO  | Hard-clipped 4 w_cons parameters to delta_max=0.1000 bound.
2026-08-12 04:33:54 | sleep.weights.plasticity       | INFO  | Hard-clipped 4 w_cons parameters to delta_max=0.1000 bound.
2026-08-12 04:33:54 | sleep.weights.plasticity       | INFO  | Hard-clipped 4 w_cons parameters to delta_max=0.1000 bound.
2026-08-12 04:33:54 | sleep.weights.plasticity       | INFO  | Hard-clipped 4 w_cons parameters to delta_max=0.1000 bound.
2026-08-12 04:33:54 | sleep.weights.plasticity       | INFO  | Hard-clipped 4 w_cons parameters to delta_max=0.1000 bound.
2026-08-12 04:33:54 | sleep.weights.plasticity       | INFO  | Hard-clipped 4 w_cons parameters to delta_max=0.1000 bound.
2026-08-12 04:33:55 | sleep.weights.plasticity       | INFO  | Hard-clipped 4 w_cons parameters to delta_max=0.1000 bound.
2026-08-12 04:33:55 | sleep.weights.plasticity       | INFO  | Hard-clipped 4 w_cons parameters to delta_max=0.1000 bound.
2026-08-12 04:33:55 | sleep.weights.plasticity       | INFO  | Hard-clipped 4 w_cons parameters to delta_max=0.1000 bound.
2026-08-12 04:33:55 | sleep.weights.plasticity       | INFO  | Hard-clipped 4 w_cons parameters to delta_max=0.1000 bound.
2026-08-12 04:33:55 | sleep.weights.plasticity       | INFO  | Hard-clipped 4 w_cons parameters to delta_max=0.1000 bound.
2026-08-12 04:33:55 | sleep.weights.plasticity       | INFO  | Hard-clipped 4 w_cons parameters to delta_max=0.1000 bound.
2026-08-12 04:33:55 | sleep.weights.plasticity       | INFO  | Hard-clipped 4 w_cons parameters to delta_max=0.1000 bound.
2026-08-12 04:33:56 | sleep.weights.plasticity       | INFO  | Hard-clipped 4 w_cons parameters to delta_max=0.1000 bound.
2026-08-12 04:33:56 | sleep.weights.plasticity       | INFO  | Hard-clipped 4 w_cons parameters to delta_max=0.1000 bound.
2026-08-12 04:33:56 | sleep.weights.plasticity       | INFO  | Hard-clipped 4 w_cons parameters to delta_max=0.1000 bound.
2026-08-12 04:33:56 | sleep.weights.plasticity       | INFO  | Hard-clipped 4 w_cons parameters to delta_max=0.1000 bound.
2026-08-12 04:33:56 | sleep.weights.plasticity       | INFO  | Hard-clipped 4 w_cons parameters to delta_max=0.1000 bound.
2026-08-12 04:33:56 | sleep.weights.plasticity       | INFO  | Hard-clipped 4 w_cons parameters to delta_max=0.1000 bound.
2026-08-12 04:33:56 | sleep.sleep_engine.train       | INFO  |   distill step 200/400 | loss=0.4951 (kl=0.3031 ce=0.3840) | lr=5.87e-05
2026-08-12 04:33:56 | sleep.weights.plasticity       | INFO  | Hard-clipped 4 w_cons parameters to delta_max=0.1000 bound.
2026-08-12 04:33:57 | sleep.weights.plasticity       | INFO  | Hard-clipped 4 w_cons parameters to delta_max=0.1000 bound.
2026-08-12 04:33:57 | sleep.weights.plasticity       | INFO  | Hard-clipped 4 w_cons parameters to delta_max=0.1000 bound.
2026-08-12 04:33:57 | sleep.weights.plasticity       | INFO  | Hard-clipped 4 w_cons parameters to delta_max=0.1000 bound.
2026-08-12 04:33:57 | sleep.weights.plasticity       | INFO  | Hard-clipped 4 w_cons parameters to delta_max=0.1000 bound.
2026-08-12 04:33:57 | sleep.weights.plasticity       | INFO  | Hard-clipped 4 w_cons parameters to delta_max=0.1000 bound.
2026-08-12 04:33:57 | sleep.weights.plasticity       | INFO  | Hard-clipped 4 w_cons parameters to delta_max=0.1000 bound.
2026-08-12 04:33:57 | sleep.weights.plasticity       | INFO  | Hard-clipped 4 w_cons parameters to delta_max=0.1000 bound.
2026-08-12 04:33:58 | sleep.weights.plasticity       | INFO  | Hard-clipped 4 w_cons parameters to delta_max=0.1000 bound.
2026-08-12 04:33:58 | sleep.weights.plasticity       | INFO  | Hard-clipped 4 w_cons parameters to delta_max=0.1000 bound.
2026-08-12 04:33:58 | sleep.weights.plasticity       | INFO  | Hard-clipped 4 w_cons parameters to delta_max=0.1000 bound.
2026-08-12 04:33:58 | sleep.weights.plasticity       | INFO  | Hard-clipped 4 w_cons parameters to delta_max=0.1000 bound.
2026-08-12 04:33:58 | sleep.weights.plasticity       | INFO  | Hard-clipped 4 w_cons parameters to delta_max=0.1000 bound.
2026-08-12 04:33:58 | sleep.weights.plasticity       | INFO  | Hard-clipped 4 w_cons parameters to delta_max=0.1000 bound.
2026-08-12 04:33:58 | sleep.weights.plasticity       | INFO  | Hard-clipped 4 w_cons parameters to delta_max=0.1000 bound.
2026-08-12 04:33:59 | sleep.weights.plasticity       | INFO  | Hard-clipped 4 w_cons parameters to delta_max=0.1000 bound.
2026-08-12 04:33:59 | sleep.weights.plasticity       | INFO  | Hard-clipped 4 w_cons parameters to delta_max=0.1000 bound.
2026-08-12 04:33:59 | sleep.weights.plasticity       | INFO  | Hard-clipped 4 w_cons parameters to delta_max=0.1000 bound.
2026-08-12 04:33:59 | sleep.weights.plasticity       | INFO  | Hard-clipped 4 w_cons parameters to delta_max=0.1000 bound.
2026-08-12 04:33:59 | sleep.weights.plasticity       | INFO  | Hard-clipped 4 w_cons parameters to delta_max=0.1000 bound.
2026-08-12 04:33:59 | sleep.weights.plasticity       | INFO  | Hard-clipped 4 w_cons parameters to delta_max=0.1000 bound.
2026-08-12 04:33:59 | sleep.weights.plasticity       | INFO  | Hard-clipped 5 w_cons parameters to delta_max=0.1000 bound.
2026-08-12 04:34:00 | sleep.weights.plasticity       | INFO  | Hard-clipped 5 w_cons parameters to delta_max=0.1000 bound.
2026-08-12 04:34:00 | sleep.weights.plasticity       | INFO  | Hard-clipped 5 w_cons parameters to delta_max=0.1000 bound.
2026-08-12 04:34:00 | sleep.weights.plasticity       | INFO  | Hard-clipped 5 w_cons parameters to delta_max=0.1000 bound.
2026-08-12 04:34:00 | sleep.weights.plasticity       | INFO  | Hard-clipped 5 w_cons parameters to delta_max=0.1000 bound.
2026-08-12 04:34:00 | sleep.weights.plasticity       | INFO  | Hard-clipped 5 w_cons parameters to delta_max=0.1000 bound.
2026-08-12 04:34:00 | sleep.weights.plasticity       | INFO  | Hard-clipped 5 w_cons parameters to delta_max=0.1000 bound.
2026-08-12 04:34:00 | sleep.weights.plasticity       | INFO  | Hard-clipped 5 w_cons parameters to delta_max=0.1000 bound.
2026-08-12 04:34:01 | sleep.weights.plasticity       | INFO  | Hard-clipped 5 w_cons parameters to delta_max=0.1000 bound.
2026-08-12 04:34:01 | sleep.weights.plasticity       | INFO  | Hard-clipped 5 w_cons parameters to delta_max=0.1000 bound.
2026-08-12 04:34:01 | sleep.weights.plasticity       | INFO  | Hard-clipped 5 w_cons parameters to delta_max=0.1000 bound.
2026-08-12 04:34:01 | sleep.weights.plasticity       | INFO  | Hard-clipped 5 w_cons parameters to delta_max=0.1000 bound.
2026-08-12 04:34:01 | sleep.weights.plasticity       | INFO  | Hard-clipped 5 w_cons parameters to delta_max=0.1000 bound.
2026-08-12 04:34:01 | sleep.weights.plasticity       | INFO  | Hard-clipped 5 w_cons parameters to delta_max=0.1000 bound.
2026-08-12 04:34:01 | sleep.weights.plasticity       | INFO  | Hard-clipped 5 w_cons parameters to delta_max=0.1000 bound.
2026-08-12 04:34:02 | sleep.weights.plasticity       | INFO  | Hard-clipped 5 w_cons parameters to delta_max=0.1000 bound.
2026-08-12 04:34:02 | sleep.weights.plasticity       | INFO  | Hard-clipped 5 w_cons parameters to delta_max=0.1000 bound.
2026-08-12 04:34:02 | sleep.weights.plasticity       | INFO  | Hard-clipped 5 w_cons parameters to delta_max=0.1000 bound.
2026-08-12 04:34:02 | sleep.weights.plasticity       | INFO  | Hard-clipped 5 w_cons parameters to delta_max=0.1000 bound.
2026-08-12 04:34:02 | sleep.sleep_engine.train       | INFO  |   distill step 240/400 | loss=0.4304 (kl=0.2956 ce=0.2697) | lr=4.13e-05
2026-08-12 04:34:02 | sleep.weights.plasticity       | INFO  | Hard-clipped 5 w_cons parameters to delta_max=0.1000 bound.
2026-08-12 04:34:02 | sleep.weights.plasticity       | INFO  | Hard-clipped 5 w_cons parameters to delta_max=0.1000 bound.
2026-08-12 04:34:02 | sleep.weights.plasticity       | INFO  | Hard-clipped 5 w_cons parameters to delta_max=0.1000 bound.
2026-08-12 04:34:02 | sleep.weights.plasticity       | INFO  | Hard-clipped 5 w_cons parameters to delta_max=0.1000 bound.
2026-08-12 04:34:03 | sleep.weights.plasticity       | INFO  | Hard-clipped 5 w_cons parameters to delta_max=0.1000 bound.
2026-08-12 04:34:03 | sleep.weights.plasticity       | INFO  | Hard-clipped 5 w_cons parameters to delta_max=0.1000 bound.
2026-08-12 04:34:03 | sleep.weights.plasticity       | INFO  | Hard-clipped 5 w_cons parameters to delta_max=0.1000 bound.
2026-08-12 04:34:03 | sleep.weights.plasticity       | INFO  | Hard-clipped 5 w_cons parameters to delta_max=0.1000 bound.
2026-08-12 04:34:03 | sleep.weights.plasticity       | INFO  | Hard-clipped 5 w_cons parameters to delta_max=0.1000 bound.
2026-08-12 04:34:03 | sleep.weights.plasticity       | INFO  | Hard-clipped 5 w_cons parameters to delta_max=0.1000 bound.
2026-08-12 04:34:03 | sleep.weights.plasticity       | INFO  | Hard-clipped 5 w_cons parameters to delta_max=0.1000 bound.
2026-08-12 04:34:04 | sleep.weights.plasticity       | INFO  | Hard-clipped 5 w_cons parameters to delta_max=0.1000 bound.
2026-08-12 04:34:04 | sleep.weights.plasticity       | INFO  | Hard-clipped 5 w_cons parameters to delta_max=0.1000 bound.
2026-08-12 04:34:04 | sleep.weights.plasticity       | INFO  | Hard-clipped 5 w_cons parameters to delta_max=0.1000 bound.
2026-08-12 04:34:04 | sleep.weights.plasticity       | INFO  | Hard-clipped 5 w_cons parameters to delta_max=0.1000 bound.
2026-08-12 04:34:04 | sleep.weights.plasticity       | INFO  | Hard-clipped 5 w_cons parameters to delta_max=0.1000 bound.
2026-08-12 04:34:04 | sleep.weights.plasticity       | INFO  | Hard-clipped 5 w_cons parameters to delta_max=0.1000 bound.
2026-08-12 04:34:05 | sleep.weights.plasticity       | INFO  | Hard-clipped 5 w_cons parameters to delta_max=0.1000 bound.
2026-08-12 04:34:05 | sleep.weights.plasticity       | INFO  | Hard-clipped 5 w_cons parameters to delta_max=0.1000 bound.
2026-08-12 04:34:05 | sleep.weights.plasticity       | INFO  | Hard-clipped 5 w_cons parameters to delta_max=0.1000 bound.
2026-08-12 04:34:05 | sleep.weights.plasticity       | INFO  | Hard-clipped 5 w_cons parameters to delta_max=0.1000 bound.
2026-08-12 04:34:05 | sleep.weights.plasticity       | INFO  | Hard-clipped 5 w_cons parameters to delta_max=0.1000 bound.
2026-08-12 04:34:05 | sleep.weights.plasticity       | INFO  | Hard-clipped 5 w_cons parameters to delta_max=0.1000 bound.
2026-08-12 04:34:05 | sleep.weights.plasticity       | INFO  | Hard-clipped 5 w_cons parameters to delta_max=0.1000 bound.
2026-08-12 04:34:06 | sleep.weights.plasticity       | INFO  | Hard-clipped 5 w_cons parameters to delta_max=0.1000 bound.
2026-08-12 04:34:06 | sleep.weights.plasticity       | INFO  | Hard-clipped 5 w_cons parameters to delta_max=0.1000 bound.
2026-08-12 04:34:06 | sleep.weights.plasticity       | INFO  | Hard-clipped 5 w_cons parameters to delta_max=0.1000 bound.
2026-08-12 04:34:06 | sleep.weights.plasticity       | INFO  | Hard-clipped 5 w_cons parameters to delta_max=0.1000 bound.
2026-08-12 04:34:06 | sleep.weights.plasticity       | INFO  | Hard-clipped 5 w_cons parameters to delta_max=0.1000 bound.
2026-08-12 04:34:06 | sleep.weights.plasticity       | INFO  | Hard-clipped 6 w_cons parameters to delta_max=0.1000 bound.
2026-08-12 04:34:06 | sleep.weights.plasticity       | INFO  | Hard-clipped 6 w_cons parameters to delta_max=0.1000 bound.
2026-08-12 04:34:07 | sleep.weights.plasticity       | INFO  | Hard-clipped 6 w_cons parameters to delta_max=0.1000 bound.
2026-08-12 04:34:07 | sleep.weights.plasticity       | INFO  | Hard-clipped 6 w_cons parameters to delta_max=0.1000 bound.
2026-08-12 04:34:07 | sleep.weights.plasticity       | INFO  | Hard-clipped 6 w_cons parameters to delta_max=0.1000 bound.
2026-08-12 04:34:07 | sleep.weights.plasticity       | INFO  | Hard-clipped 6 w_cons parameters to delta_max=0.1000 bound.
2026-08-12 04:34:07 | sleep.weights.plasticity       | INFO  | Hard-clipped 6 w_cons parameters to delta_max=0.1000 bound.
2026-08-12 04:34:07 | sleep.weights.plasticity       | INFO  | Hard-clipped 6 w_cons parameters to delta_max=0.1000 bound.
2026-08-12 04:34:07 | sleep.weights.plasticity       | INFO  | Hard-clipped 6 w_cons parameters to delta_max=0.1000 bound.
2026-08-12 04:34:08 | sleep.weights.plasticity       | INFO  | Hard-clipped 6 w_cons parameters to delta_max=0.1000 bound.
2026-08-12 04:34:08 | sleep.weights.plasticity       | INFO  | Hard-clipped 6 w_cons parameters to delta_max=0.1000 bound.
2026-08-12 04:34:08 | sleep.sleep_engine.train       | INFO  |   distill step 280/400 | loss=0.3114 (kl=0.2378 ce=0.1473) | lr=2.50e-05
2026-08-12 04:34:08 | sleep.weights.plasticity       | INFO  | Hard-clipped 6 w_cons parameters to delta_max=0.1000 bound.
2026-08-12 04:34:08 | sleep.weights.plasticity       | INFO  | Hard-clipped 6 w_cons parameters to delta_max=0.1000 bound.
2026-08-12 04:34:08 | sleep.weights.plasticity       | INFO  | Hard-clipped 6 w_cons parameters to delta_max=0.1000 bound.
2026-08-12 04:34:08 | sleep.weights.plasticity       | INFO  | Hard-clipped 6 w_cons parameters to delta_max=0.1000 bound.
2026-08-12 04:34:08 | sleep.weights.plasticity       | INFO  | Hard-clipped 6 w_cons parameters to delta_max=0.1000 bound.
2026-08-12 04:34:09 | sleep.weights.plasticity       | INFO  | Hard-clipped 6 w_cons parameters to delta_max=0.1000 bound.
2026-08-12 04:34:09 | sleep.weights.plasticity       | INFO  | Hard-clipped 6 w_cons parameters to delta_max=0.1000 bound.
2026-08-12 04:34:09 | sleep.weights.plasticity       | INFO  | Hard-clipped 6 w_cons parameters to delta_max=0.1000 bound.
2026-08-12 04:34:09 | sleep.weights.plasticity       | INFO  | Hard-clipped 6 w_cons parameters to delta_max=0.1000 bound.
2026-08-12 04:34:09 | sleep.weights.plasticity       | INFO  | Hard-clipped 6 w_cons parameters to delta_max=0.1000 bound.
2026-08-12 04:34:09 | sleep.weights.plasticity       | INFO  | Hard-clipped 6 w_cons parameters to delta_max=0.1000 bound.
2026-08-12 04:34:09 | sleep.weights.plasticity       | INFO  | Hard-clipped 6 w_cons parameters to delta_max=0.1000 bound.
2026-08-12 04:34:10 | sleep.weights.plasticity       | INFO  | Hard-clipped 6 w_cons parameters to delta_max=0.1000 bound.
2026-08-12 04:34:10 | sleep.weights.plasticity       | INFO  | Hard-clipped 6 w_cons parameters to delta_max=0.1000 bound.
2026-08-12 04:34:10 | sleep.weights.plasticity       | INFO  | Hard-clipped 6 w_cons parameters to delta_max=0.1000 bound.
2026-08-12 04:34:10 | sleep.weights.plasticity       | INFO  | Hard-clipped 6 w_cons parameters to delta_max=0.1000 bound.
2026-08-12 04:34:10 | sleep.weights.plasticity       | INFO  | Hard-clipped 6 w_cons parameters to delta_max=0.1000 bound.
2026-08-12 04:34:10 | sleep.weights.plasticity       | INFO  | Hard-clipped 6 w_cons parameters to delta_max=0.1000 bound.
2026-08-12 04:34:10 | sleep.weights.plasticity       | INFO  | Hard-clipped 6 w_cons parameters to delta_max=0.1000 bound.
2026-08-12 04:34:11 | sleep.weights.plasticity       | INFO  | Hard-clipped 6 w_cons parameters to delta_max=0.1000 bound.
2026-08-12 04:34:11 | sleep.weights.plasticity       | INFO  | Hard-clipped 6 w_cons parameters to delta_max=0.1000 bound.
2026-08-12 04:34:11 | sleep.weights.plasticity       | INFO  | Hard-clipped 6 w_cons parameters to delta_max=0.1000 bound.
2026-08-12 04:34:11 | sleep.weights.plasticity       | INFO  | Hard-clipped 6 w_cons parameters to delta_max=0.1000 bound.
2026-08-12 04:34:11 | sleep.weights.plasticity       | INFO  | Hard-clipped 6 w_cons parameters to delta_max=0.1000 bound.
2026-08-12 04:34:11 | sleep.weights.plasticity       | INFO  | Hard-clipped 6 w_cons parameters to delta_max=0.1000 bound.
2026-08-12 04:34:11 | sleep.weights.plasticity       | INFO  | Hard-clipped 6 w_cons parameters to delta_max=0.1000 bound.
2026-08-12 04:34:12 | sleep.weights.plasticity       | INFO  | Hard-clipped 6 w_cons parameters to delta_max=0.1000 bound.
2026-08-12 04:34:12 | sleep.weights.plasticity       | INFO  | Hard-clipped 6 w_cons parameters to delta_max=0.1000 bound.
2026-08-12 04:34:12 | sleep.weights.plasticity       | INFO  | Hard-clipped 6 w_cons parameters to delta_max=0.1000 bound.
2026-08-12 04:34:12 | sleep.weights.plasticity       | INFO  | Hard-clipped 6 w_cons parameters to delta_max=0.1000 bound.
2026-08-12 04:34:12 | sleep.weights.plasticity       | INFO  | Hard-clipped 6 w_cons parameters to delta_max=0.1000 bound.
2026-08-12 04:34:12 | sleep.weights.plasticity       | INFO  | Hard-clipped 6 w_cons parameters to delta_max=0.1000 bound.
2026-08-12 04:34:12 | sleep.weights.plasticity       | INFO  | Hard-clipped 6 w_cons parameters to delta_max=0.1000 bound.
2026-08-12 04:34:13 | sleep.weights.plasticity       | INFO  | Hard-clipped 6 w_cons parameters to delta_max=0.1000 bound.
2026-08-12 04:34:13 | sleep.weights.plasticity       | INFO  | Hard-clipped 6 w_cons parameters to delta_max=0.1000 bound.
2026-08-12 04:34:13 | sleep.weights.plasticity       | INFO  | Hard-clipped 6 w_cons parameters to delta_max=0.1000 bound.
2026-08-12 04:34:13 | sleep.weights.plasticity       | INFO  | Hard-clipped 6 w_cons parameters to delta_max=0.1000 bound.
2026-08-12 04:34:13 | sleep.weights.plasticity       | INFO  | Hard-clipped 6 w_cons parameters to delta_max=0.1000 bound.
2026-08-12 04:34:13 | sleep.weights.plasticity       | INFO  | Hard-clipped 6 w_cons parameters to delta_max=0.1000 bound.
2026-08-12 04:34:13 | sleep.weights.plasticity       | INFO  | Hard-clipped 6 w_cons parameters to delta_max=0.1000 bound.
2026-08-12 04:34:13 | sleep.sleep_engine.train       | INFO  |   distill step 320/400 | loss=0.3932 (kl=0.2549 ce=0.2767) | lr=1.17e-05
2026-08-12 04:34:14 | sleep.weights.plasticity       | INFO  | Hard-clipped 6 w_cons parameters to delta_max=0.1000 bound.
2026-08-12 04:34:14 | sleep.weights.plasticity       | INFO  | Hard-clipped 6 w_cons parameters to delta_max=0.1000 bound.
2026-08-12 04:34:14 | sleep.weights.plasticity       | INFO  | Hard-clipped 6 w_cons parameters to delta_max=0.1000 bound.
2026-08-12 04:34:14 | sleep.weights.plasticity       | INFO  | Hard-clipped 6 w_cons parameters to delta_max=0.1000 bound.
2026-08-12 04:34:14 | sleep.weights.plasticity       | INFO  | Hard-clipped 6 w_cons parameters to delta_max=0.1000 bound.
2026-08-12 04:34:14 | sleep.weights.plasticity       | INFO  | Hard-clipped 6 w_cons parameters to delta_max=0.1000 bound.
2026-08-12 04:34:14 | sleep.weights.plasticity       | INFO  | Hard-clipped 6 w_cons parameters to delta_max=0.1000 bound.
2026-08-12 04:34:15 | sleep.weights.plasticity       | INFO  | Hard-clipped 6 w_cons parameters to delta_max=0.1000 bound.
2026-08-12 04:34:15 | sleep.weights.plasticity       | INFO  | Hard-clipped 6 w_cons parameters to delta_max=0.1000 bound.
2026-08-12 04:34:15 | sleep.weights.plasticity       | INFO  | Hard-clipped 4 w_cons parameters to delta_max=0.1000 bound.
2026-08-12 04:34:15 | sleep.weights.plasticity       | INFO  | Hard-clipped 4 w_cons parameters to delta_max=0.1000 bound.
2026-08-12 04:34:15 | sleep.weights.plasticity       | INFO  | Hard-clipped 3 w_cons parameters to delta_max=0.1000 bound.
2026-08-12 04:34:15 | sleep.weights.plasticity       | INFO  | Hard-clipped 4 w_cons parameters to delta_max=0.1000 bound.
2026-08-12 04:34:15 | sleep.weights.plasticity       | INFO  | Hard-clipped 4 w_cons parameters to delta_max=0.1000 bound.
2026-08-12 04:34:16 | sleep.weights.plasticity       | INFO  | Hard-clipped 4 w_cons parameters to delta_max=0.1000 bound.
2026-08-12 04:34:16 | sleep.weights.plasticity       | INFO  | Hard-clipped 3 w_cons parameters to delta_max=0.1000 bound.
2026-08-12 04:34:16 | sleep.weights.plasticity       | INFO  | Hard-clipped 4 w_cons parameters to delta_max=0.1000 bound.
2026-08-12 04:34:16 | sleep.weights.plasticity       | INFO  | Hard-clipped 5 w_cons parameters to delta_max=0.1000 bound.
2026-08-12 04:34:16 | sleep.weights.plasticity       | INFO  | Hard-clipped 5 w_cons parameters to delta_max=0.1000 bound.
2026-08-12 04:34:16 | sleep.weights.plasticity       | INFO  | Hard-clipped 5 w_cons parameters to delta_max=0.1000 bound.
2026-08-12 04:34:16 | sleep.weights.plasticity       | INFO  | Hard-clipped 4 w_cons parameters to delta_max=0.1000 bound.
2026-08-12 04:34:17 | sleep.weights.plasticity       | INFO  | Hard-clipped 4 w_cons parameters to delta_max=0.1000 bound.
2026-08-12 04:34:17 | sleep.weights.plasticity       | INFO  | Hard-clipped 4 w_cons parameters to delta_max=0.1000 bound.
2026-08-12 04:34:17 | sleep.weights.plasticity       | INFO  | Hard-clipped 4 w_cons parameters to delta_max=0.1000 bound.
2026-08-12 04:34:17 | sleep.weights.plasticity       | INFO  | Hard-clipped 4 w_cons parameters to delta_max=0.1000 bound.
2026-08-12 04:34:17 | sleep.weights.plasticity       | INFO  | Hard-clipped 5 w_cons parameters to delta_max=0.1000 bound.
2026-08-12 04:34:17 | sleep.weights.plasticity       | INFO  | Hard-clipped 5 w_cons parameters to delta_max=0.1000 bound.
2026-08-12 04:34:17 | sleep.weights.plasticity       | INFO  | Hard-clipped 5 w_cons parameters to delta_max=0.1000 bound.
2026-08-12 04:34:18 | sleep.weights.plasticity       | INFO  | Hard-clipped 5 w_cons parameters to delta_max=0.1000 bound.
2026-08-12 04:34:18 | sleep.weights.plasticity       | INFO  | Hard-clipped 5 w_cons parameters to delta_max=0.1000 bound.
2026-08-12 04:34:18 | sleep.weights.plasticity       | INFO  | Hard-clipped 5 w_cons parameters to delta_max=0.1000 bound.
2026-08-12 04:34:18 | sleep.weights.plasticity       | INFO  | Hard-clipped 5 w_cons parameters to delta_max=0.1000 bound.
2026-08-12 04:34:18 | sleep.weights.plasticity       | INFO  | Hard-clipped 5 w_cons parameters to delta_max=0.1000 bound.
2026-08-12 04:34:18 | sleep.weights.plasticity       | INFO  | Hard-clipped 5 w_cons parameters to delta_max=0.1000 bound.
2026-08-12 04:34:18 | sleep.weights.plasticity       | INFO  | Hard-clipped 6 w_cons parameters to delta_max=0.1000 bound.
2026-08-12 04:34:19 | sleep.weights.plasticity       | INFO  | Hard-clipped 6 w_cons parameters to delta_max=0.1000 bound.
2026-08-12 04:34:19 | sleep.weights.plasticity       | INFO  | Hard-clipped 6 w_cons parameters to delta_max=0.1000 bound.
2026-08-12 04:34:19 | sleep.weights.plasticity       | INFO  | Hard-clipped 6 w_cons parameters to delta_max=0.1000 bound.
2026-08-12 04:34:19 | sleep.weights.plasticity       | INFO  | Hard-clipped 6 w_cons parameters to delta_max=0.1000 bound.
2026-08-12 04:34:19 | sleep.weights.plasticity       | INFO  | Hard-clipped 6 w_cons parameters to delta_max=0.1000 bound.
2026-08-12 04:34:19 | sleep.sleep_engine.train       | INFO  |   distill step 360/400 | loss=0.4731 (kl=0.2814 ce=0.3834) | lr=3.02e-06
2026-08-12 04:34:19 | sleep.weights.plasticity       | INFO  | Hard-clipped 6 w_cons parameters to delta_max=0.1000 bound.
2026-08-12 04:34:19 | sleep.weights.plasticity       | INFO  | Hard-clipped 6 w_cons parameters to delta_max=0.1000 bound.
2026-08-12 04:34:20 | sleep.weights.plasticity       | INFO  | Hard-clipped 6 w_cons parameters to delta_max=0.1000 bound.
2026-08-12 04:34:20 | sleep.weights.plasticity       | INFO  | Hard-clipped 6 w_cons parameters to delta_max=0.1000 bound.
2026-08-12 04:34:20 | sleep.weights.plasticity       | INFO  | Hard-clipped 6 w_cons parameters to delta_max=0.1000 bound.
2026-08-12 04:34:20 | sleep.weights.plasticity       | INFO  | Hard-clipped 6 w_cons parameters to delta_max=0.1000 bound.
2026-08-12 04:34:20 | sleep.weights.plasticity       | INFO  | Hard-clipped 6 w_cons parameters to delta_max=0.1000 bound.
2026-08-12 04:34:20 | sleep.weights.plasticity       | INFO  | Hard-clipped 6 w_cons parameters to delta_max=0.1000 bound.
2026-08-12 04:34:20 | sleep.weights.plasticity       | INFO  | Hard-clipped 6 w_cons parameters to delta_max=0.1000 bound.
2026-08-12 04:34:21 | sleep.weights.plasticity       | INFO  | Hard-clipped 6 w_cons parameters to delta_max=0.1000 bound.
2026-08-12 04:34:21 | sleep.weights.plasticity       | INFO  | Hard-clipped 6 w_cons parameters to delta_max=0.1000 bound.
2026-08-12 04:34:21 | sleep.weights.plasticity       | INFO  | Hard-clipped 6 w_cons parameters to delta_max=0.1000 bound.
2026-08-12 04:34:21 | sleep.weights.plasticity       | INFO  | Hard-clipped 6 w_cons parameters to delta_max=0.1000 bound.
2026-08-12 04:34:21 | sleep.weights.plasticity       | INFO  | Hard-clipped 6 w_cons parameters to delta_max=0.1000 bound.
2026-08-12 04:34:21 | sleep.weights.plasticity       | INFO  | Hard-clipped 6 w_cons parameters to delta_max=0.1000 bound.
2026-08-12 04:34:21 | sleep.weights.plasticity       | INFO  | Hard-clipped 6 w_cons parameters to delta_max=0.1000 bound.
2026-08-12 04:34:22 | sleep.weights.plasticity       | INFO  | Hard-clipped 6 w_cons parameters to delta_max=0.1000 bound.
2026-08-12 04:34:22 | sleep.weights.plasticity       | INFO  | Hard-clipped 6 w_cons parameters to delta_max=0.1000 bound.
2026-08-12 04:34:22 | sleep.weights.plasticity       | INFO  | Hard-clipped 6 w_cons parameters to delta_max=0.1000 bound.
2026-08-12 04:34:22 | sleep.weights.plasticity       | INFO  | Hard-clipped 6 w_cons parameters to delta_max=0.1000 bound.
2026-08-12 04:34:22 | sleep.weights.plasticity       | INFO  | Hard-clipped 6 w_cons parameters to delta_max=0.1000 bound.
2026-08-12 04:34:22 | sleep.weights.plasticity       | INFO  | Hard-clipped 6 w_cons parameters to delta_max=0.1000 bound.
2026-08-12 04:34:22 | sleep.weights.plasticity       | INFO  | Hard-clipped 6 w_cons parameters to delta_max=0.1000 bound.
2026-08-12 04:34:23 | sleep.weights.plasticity       | INFO  | Hard-clipped 6 w_cons parameters to delta_max=0.1000 bound.
2026-08-12 04:34:23 | sleep.weights.plasticity       | INFO  | Hard-clipped 6 w_cons parameters to delta_max=0.1000 bound.
2026-08-12 04:34:23 | sleep.weights.plasticity       | INFO  | Hard-clipped 6 w_cons parameters to delta_max=0.1000 bound.
2026-08-12 04:34:23 | sleep.weights.plasticity       | INFO  | Hard-clipped 6 w_cons parameters to delta_max=0.1000 bound.
2026-08-12 04:34:23 | sleep.weights.plasticity       | INFO  | Hard-clipped 6 w_cons parameters to delta_max=0.1000 bound.
2026-08-12 04:34:23 | sleep.weights.plasticity       | INFO  | Hard-clipped 6 w_cons parameters to delta_max=0.1000 bound.
2026-08-12 04:34:23 | sleep.weights.plasticity       | INFO  | Hard-clipped 6 w_cons parameters to delta_max=0.1000 bound.
2026-08-12 04:34:24 | sleep.weights.plasticity       | INFO  | Hard-clipped 6 w_cons parameters to delta_max=0.1000 bound.
2026-08-12 04:34:24 | sleep.weights.plasticity       | INFO  | Hard-clipped 6 w_cons parameters to delta_max=0.1000 bound.
2026-08-12 04:34:24 | sleep.weights.plasticity       | INFO  | Hard-clipped 6 w_cons parameters to delta_max=0.1000 bound.
2026-08-12 04:34:24 | sleep.weights.plasticity       | INFO  | Hard-clipped 6 w_cons parameters to delta_max=0.1000 bound.
2026-08-12 04:34:24 | sleep.weights.plasticity       | INFO  | Hard-clipped 6 w_cons parameters to delta_max=0.1000 bound.
2026-08-12 04:34:24 | sleep.weights.plasticity       | INFO  | Hard-clipped 6 w_cons parameters to delta_max=0.1000 bound.
2026-08-12 04:34:24 | sleep.weights.plasticity       | INFO  | Hard-clipped 6 w_cons parameters to delta_max=0.1000 bound.
2026-08-12 04:34:25 | sleep.weights.plasticity       | INFO  | Hard-clipped 6 w_cons parameters to delta_max=0.1000 bound.
2026-08-12 04:34:25 | sleep.weights.plasticity       | INFO  | Hard-clipped 5 w_cons parameters to delta_max=0.1000 bound.
2026-08-12 04:34:25 | sleep.weights.plasticity       | INFO  | Hard-clipped 4 w_cons parameters to delta_max=0.1000 bound.
2026-08-12 04:34:25 | sleep.sleep_engine.train       | INFO  |   distill step 400/400 | loss=0.4676 (kl=0.2798 ce=0.3757) | lr=0.00e+00
2026-08-12 04:34:25 | sleep.sleep_engine.train       | INFO  | Sleep distill-training complete | n_steps=400 | final_loss=0.4676 | mean_loss=0.6738
2026-08-12 04:34:25 | sleep.sleep_engine             | INFO  | Phase 3 complete: 400 steps, final_loss=0.4676, mean_loss=0.6738
2026-08-12 04:34:25 | sleep.sleep_engine             | INFO  | Phase 4/5: PPL CHECK (skipped — no benchmark data)
2026-08-12 04:34:25 | sleep.sleep_engine             | INFO  | Phase 5/5: VALIDATE & CLEANUP
2026-08-12 04:34:25 | sleep.weights.plasticity       | INFO  | Saved checkpoint for adapter 'w_cons': 44 parameters.
2026-08-12 04:34:25 | sleep.weights.plasticity       | INFO  | Restored 44 parameters for adapter 'w_cons' from checkpoint.
2026-08-12 04:34:26 | sleep.weights.plasticity       | INFO  | Restored 44 parameters for adapter 'w_cons' from checkpoint.
2026-08-12 04:34:40 | sleep.sleep_engine             | INFO  | Two-stage validation: 10/28 passed surprise, 10 also passed the mini-recall gate (self-grading gap = 0)
2026-08-12 04:34:40 | sleep.sleep_engine.cleanup     | INFO  | Cleanup complete | passed=10 | failed=18 | permanently_removed=0
2026-08-12 04:34:40 | sleep.sleep_engine             | INFO  | Phase 5 complete: consolidated=10, failed=18, permanently_removed=0
2026-08-12 04:34:40 | sleep.metrics                  | INFO  | summary | {'sleep_engine/n_candidates': 28, 'sleep_engine/n_replays_generated': 179, 'sleep_engine/n_replays_accepted': 179, 'sleep_engine/n_consolidated': 10, 'sleep_engine/n_failed': 18, 'sleep_engine/n_permanently_removed': 0, 'sleep_engine/rolled_back': False}
2026-08-12 04:34:40 | sleep.weights.kv_memory        | INFO  | bank cleared: freed 9 tags / 417 tokens
2026-08-12 04:34:40 | sleep.sleep_engine             | INFO  | KV bank cleared (9 entries removed)
2026-08-12 04:34:40 | sleep.sleep_engine             | INFO  | KV memory injection: ENABLED
2026-08-12 04:34:40 | sleep.sleep_engine             | INFO  | === Sleep cycle END ===
2026-08-12 04:39:50 | sleep.evaluation.recall        | INFO  | Recall evaluation: DRA=0.1796 across 180 cases
2026-08-12 04:40:25 | sleep.evaluation.recall        | INFO  | Recall evaluation: DRA=0.4333 across 20 cases
2026-08-12 04:40:26 | sleep.evaluation.preservation  | INFO  | Perplexity evaluation: PPL=5.6171 (mean_loss=1.7258, 62 tokens)
2026-08-12 04:40:26 | sleep.evaluation.preservation  | INFO  | BCP: 1.2870 (current_ppl=5.6171, original_ppl=4.3646)
2026-08-12 04:40:26 | sleep.experiment.08            | INFO  | [sleep Cycle 9 EVAL] DRA cumulative=0.180 (70/180 hits); DRA current=0.433 (12/20 hits); BCP=1.2870
2026-08-12 04:40:26 | sleep.experiment.08            | INFO  | ======================================================================
2026-08-12 04:40:26 | sleep.experiment.08            | INFO  | [SLEEP Cycle 10] Wake phase: 20 facts
2026-08-12 04:40:26 | sleep.experiment.08            | INFO  | ======================================================================
2026-08-12 04:40:26 | sleep.tagging                  | INFO  | step=182 | 1 tags created from 1 spans | buffer: 119/36208 (0.3%)
2026-08-12 04:40:26 | sleep.tagging                  | INFO  | step=183 | 1 tags created from 1 spans | buffer: 120/36208 (0.3%)
2026-08-12 04:40:26 | sleep.tagging                  | INFO  | step=184 | 1 tags created from 1 spans | buffer: 121/36208 (0.3%)
2026-08-12 04:40:26 | sleep.tagging                  | INFO  | step=186 | 1 tags created from 1 spans | buffer: 122/36208 (0.3%)
2026-08-12 04:40:26 | sleep.tagging                  | INFO  | step=187 | 1 tags created from 1 spans | buffer: 123/36208 (0.3%)
2026-08-12 04:40:26 | sleep.tagging                  | INFO  | step=191 | 2 tags created from 2 spans | buffer: 125/36208 (0.3%)
2026-08-12 04:40:26 | sleep.tagging                  | INFO  | step=192 | 2 tags created from 2 spans | buffer: 127/36208 (0.4%)
2026-08-12 04:40:27 | sleep.tagging                  | INFO  | step=193 | 1 tags created from 1 spans | buffer: 128/36208 (0.4%)
2026-08-12 04:40:27 | sleep.tagging                  | INFO  | step=194 | 1 tags created from 1 spans | buffer: 129/36208 (0.4%)
2026-08-12 04:40:27 | sleep.tagging                  | INFO  | step=196 | 1 tags created from 1 spans | buffer: 130/36208 (0.4%)
2026-08-12 04:40:27 | sleep.tagging                  | INFO  | step=197 | 1 tags created from 1 spans | buffer: 131/36208 (0.4%)
2026-08-12 04:40:27 | sleep.experiment.08            | INFO  | [Cycle 10] Wake summary: 20 facts -> 11 KV writes; bank: 522/20000 tokens
2026-08-12 04:40:27 | sleep.prp                      | INFO  | step=200 | PRP update: 23/3620 allocated (1%) | +13 -0 | threshold=0.232 | mean_score=0.203
2026-08-12 04:40:27 | sleep.experiment.08            | INFO  | [Cycle 10] PRP: 23 allocated, 23 consolidation candidates
2026-08-12 04:40:27 | sleep.sleep_engine             | INFO  | === Sleep cycle START | 23 candidates ===
2026-08-12 04:40:27 | sleep.sleep_engine             | INFO  | Phase 1/5: GENERATE (strategy=paraphrase)
2026-08-12 04:40:27 | sleep.sleep_engine             | INFO  | KV memory injection: DISABLED
2026-08-12 04:40:27 | sleep.sleep_engine             | INFO  | Phase 1 (paraphrase strategy): 157 wordings from 7 unique sources (23 candidates)
2026-08-12 04:40:27 | sleep.sleep_engine             | INFO  | Phase 1 complete: 157/23 replays generated
2026-08-12 04:40:27 | sleep.sleep_engine             | INFO  | Phase 2/5: QUALITY CHECK
2026-08-12 04:40:27 | sleep.sleep_engine             | INFO  | Phase 2 complete: 157/157 replays accepted
2026-08-12 04:40:27 | sleep.sleep_engine             | INFO  | Phase 3/5: TRAIN (157 accepted replays)
2026-08-12 04:40:27 | sleep.sleep_engine             | INFO  | KV memory injection: DISABLED
2026-08-12 04:40:27 | sleep.weights.plasticity       | INFO  | Saved checkpoint for adapter 'w_cons': 44 parameters.
2026-08-12 04:40:27 | sleep.weights.plasticity       | INFO  | Saved checkpoint for adapter 'w_cons': 44 parameters.
2026-08-12 04:40:27 | sleep.sleep_engine.train       | INFO  | Sleep distill-training: 7 facts | 400 steps | lr=1.00e-04 | T=2
2026-08-12 04:40:27 | sleep.sleep_engine.train       | INFO  |   distill step 1/400 | loss=1.9978 (kl=1.1382 ce=1.7190) | lr=2.50e-06
2026-08-12 04:40:33 | sleep.sleep_engine.train       | INFO  |   distill step 40/400 | loss=1.1339 (kl=0.6421 ce=0.9837) | lr=1.00e-04
2026-08-12 04:40:39 | sleep.sleep_engine.train       | INFO  |   distill step 80/400 | loss=0.6162 (kl=0.4206 ce=0.3912) | lr=9.70e-05
2026-08-12 04:40:45 | sleep.weights.plasticity       | INFO  | Hard-clipped 1 w_cons parameters to delta_max=0.1000 bound.
2026-08-12 04:40:45 | sleep.sleep_engine.train       | INFO  |   distill step 120/400 | loss=0.5911 (kl=0.3680 ce=0.4462) | lr=8.83e-05
2026-08-12 04:40:45 | sleep.weights.plasticity       | INFO  | Hard-clipped 1 w_cons parameters to delta_max=0.1000 bound.
2026-08-12 04:40:45 | sleep.weights.plasticity       | INFO  | Hard-clipped 1 w_cons parameters to delta_max=0.1000 bound.
2026-08-12 04:40:45 | sleep.weights.plasticity       | INFO  | Hard-clipped 1 w_cons parameters to delta_max=0.1000 bound.
2026-08-12 04:40:45 | sleep.weights.plasticity       | INFO  | Hard-clipped 1 w_cons parameters to delta_max=0.1000 bound.
2026-08-12 04:40:46 | sleep.weights.plasticity       | INFO  | Hard-clipped 1 w_cons parameters to delta_max=0.1000 bound.
2026-08-12 04:40:46 | sleep.weights.plasticity       | INFO  | Hard-clipped 2 w_cons parameters to delta_max=0.1000 bound.
2026-08-12 04:40:46 | sleep.weights.plasticity       | INFO  | Hard-clipped 2 w_cons parameters to delta_max=0.1000 bound.
2026-08-12 04:40:46 | sleep.weights.plasticity       | INFO  | Hard-clipped 2 w_cons parameters to delta_max=0.1000 bound.
2026-08-12 04:40:46 | sleep.weights.plasticity       | INFO  | Hard-clipped 2 w_cons parameters to delta_max=0.1000 bound.
2026-08-12 04:40:46 | sleep.weights.plasticity       | INFO  | Hard-clipped 2 w_cons parameters to delta_max=0.1000 bound.
2026-08-12 04:40:46 | sleep.weights.plasticity       | INFO  | Hard-clipped 2 w_cons parameters to delta_max=0.1000 bound.
2026-08-12 04:40:47 | sleep.weights.plasticity       | INFO  | Hard-clipped 2 w_cons parameters to delta_max=0.1000 bound.
2026-08-12 04:40:47 | sleep.weights.plasticity       | INFO  | Hard-clipped 2 w_cons parameters to delta_max=0.1000 bound.
2026-08-12 04:40:47 | sleep.weights.plasticity       | INFO  | Hard-clipped 2 w_cons parameters to delta_max=0.1000 bound.
2026-08-12 04:40:47 | sleep.weights.plasticity       | INFO  | Hard-clipped 2 w_cons parameters to delta_max=0.1000 bound.
2026-08-12 04:40:47 | sleep.weights.plasticity       | INFO  | Hard-clipped 2 w_cons parameters to delta_max=0.1000 bound.
2026-08-12 04:40:47 | sleep.weights.plasticity       | INFO  | Hard-clipped 2 w_cons parameters to delta_max=0.1000 bound.
2026-08-12 04:40:47 | sleep.weights.plasticity       | INFO  | Hard-clipped 2 w_cons parameters to delta_max=0.1000 bound.
2026-08-12 04:40:48 | sleep.weights.plasticity       | INFO  | Hard-clipped 2 w_cons parameters to delta_max=0.1000 bound.
2026-08-12 04:40:48 | sleep.weights.plasticity       | INFO  | Hard-clipped 2 w_cons parameters to delta_max=0.1000 bound.
2026-08-12 04:40:48 | sleep.weights.plasticity       | INFO  | Hard-clipped 2 w_cons parameters to delta_max=0.1000 bound.
2026-08-12 04:40:48 | sleep.weights.plasticity       | INFO  | Hard-clipped 2 w_cons parameters to delta_max=0.1000 bound.
2026-08-12 04:40:48 | sleep.weights.plasticity       | INFO  | Hard-clipped 2 w_cons parameters to delta_max=0.1000 bound.
2026-08-12 04:40:48 | sleep.weights.plasticity       | INFO  | Hard-clipped 2 w_cons parameters to delta_max=0.1000 bound.
2026-08-12 04:40:48 | sleep.weights.plasticity       | INFO  | Hard-clipped 2 w_cons parameters to delta_max=0.1000 bound.
2026-08-12 04:40:49 | sleep.weights.plasticity       | INFO  | Hard-clipped 2 w_cons parameters to delta_max=0.1000 bound.
2026-08-12 04:40:49 | sleep.weights.plasticity       | INFO  | Hard-clipped 2 w_cons parameters to delta_max=0.1000 bound.
2026-08-12 04:40:49 | sleep.weights.plasticity       | INFO  | Hard-clipped 2 w_cons parameters to delta_max=0.1000 bound.
2026-08-12 04:40:49 | sleep.weights.plasticity       | INFO  | Hard-clipped 2 w_cons parameters to delta_max=0.1000 bound.
2026-08-12 04:40:49 | sleep.weights.plasticity       | INFO  | Hard-clipped 2 w_cons parameters to delta_max=0.1000 bound.
2026-08-12 04:40:49 | sleep.weights.plasticity       | INFO  | Hard-clipped 2 w_cons parameters to delta_max=0.1000 bound.
2026-08-12 04:40:49 | sleep.weights.plasticity       | INFO  | Hard-clipped 2 w_cons parameters to delta_max=0.1000 bound.
2026-08-12 04:40:50 | sleep.weights.plasticity       | INFO  | Hard-clipped 2 w_cons parameters to delta_max=0.1000 bound.
2026-08-12 04:40:50 | sleep.weights.plasticity       | INFO  | Hard-clipped 2 w_cons parameters to delta_max=0.1000 bound.
2026-08-12 04:40:50 | sleep.weights.plasticity       | INFO  | Hard-clipped 2 w_cons parameters to delta_max=0.1000 bound.
2026-08-12 04:40:50 | sleep.weights.plasticity       | INFO  | Hard-clipped 2 w_cons parameters to delta_max=0.1000 bound.
2026-08-12 04:40:50 | sleep.weights.plasticity       | INFO  | Hard-clipped 2 w_cons parameters to delta_max=0.1000 bound.
2026-08-12 04:40:50 | sleep.weights.plasticity       | INFO  | Hard-clipped 2 w_cons parameters to delta_max=0.1000 bound.
2026-08-12 04:40:51 | sleep.weights.plasticity       | INFO  | Hard-clipped 2 w_cons parameters to delta_max=0.1000 bound.
2026-08-12 04:40:51 | sleep.weights.plasticity       | INFO  | Hard-clipped 2 w_cons parameters to delta_max=0.1000 bound.
2026-08-12 04:40:51 | sleep.sleep_engine.train       | INFO  |   distill step 160/400 | loss=0.6145 (kl=0.3724 ce=0.4841) | lr=7.50e-05
2026-08-12 04:40:51 | sleep.weights.plasticity       | INFO  | Hard-clipped 2 w_cons parameters to delta_max=0.1000 bound.
2026-08-12 04:40:51 | sleep.weights.plasticity       | INFO  | Hard-clipped 2 w_cons parameters to delta_max=0.1000 bound.
2026-08-12 04:40:51 | sleep.weights.plasticity       | INFO  | Hard-clipped 3 w_cons parameters to delta_max=0.1000 bound.
2026-08-12 04:40:51 | sleep.weights.plasticity       | INFO  | Hard-clipped 3 w_cons parameters to delta_max=0.1000 bound.
2026-08-12 04:40:51 | sleep.weights.plasticity       | INFO  | Hard-clipped 4 w_cons parameters to delta_max=0.1000 bound.
2026-08-12 04:40:52 | sleep.weights.plasticity       | INFO  | Hard-clipped 4 w_cons parameters to delta_max=0.1000 bound.
2026-08-12 04:40:52 | sleep.weights.plasticity       | INFO  | Hard-clipped 4 w_cons parameters to delta_max=0.1000 bound.
2026-08-12 04:40:52 | sleep.weights.plasticity       | INFO  | Hard-clipped 4 w_cons parameters to delta_max=0.1000 bound.
2026-08-12 04:40:52 | sleep.weights.plasticity       | INFO  | Hard-clipped 4 w_cons parameters to delta_max=0.1000 bound.
2026-08-12 04:40:52 | sleep.weights.plasticity       | INFO  | Hard-clipped 4 w_cons parameters to delta_max=0.1000 bound.
2026-08-12 04:40:52 | sleep.weights.plasticity       | INFO  | Hard-clipped 4 w_cons parameters to delta_max=0.1000 bound.
2026-08-12 04:40:52 | sleep.weights.plasticity       | INFO  | Hard-clipped 4 w_cons parameters to delta_max=0.1000 bound.
2026-08-12 04:40:53 | sleep.weights.plasticity       | INFO  | Hard-clipped 4 w_cons parameters to delta_max=0.1000 bound.
2026-08-12 04:40:53 | sleep.weights.plasticity       | INFO  | Hard-clipped 4 w_cons parameters to delta_max=0.1000 bound.
2026-08-12 04:40:53 | sleep.weights.plasticity       | INFO  | Hard-clipped 4 w_cons parameters to delta_max=0.1000 bound.
2026-08-12 04:40:53 | sleep.weights.plasticity       | INFO  | Hard-clipped 4 w_cons parameters to delta_max=0.1000 bound.
2026-08-12 04:40:53 | sleep.weights.plasticity       | INFO  | Hard-clipped 4 w_cons parameters to delta_max=0.1000 bound.
2026-08-12 04:40:53 | sleep.weights.plasticity       | INFO  | Hard-clipped 4 w_cons parameters to delta_max=0.1000 bound.
2026-08-12 04:40:53 | sleep.weights.plasticity       | INFO  | Hard-clipped 4 w_cons parameters to delta_max=0.1000 bound.
2026-08-12 04:40:53 | sleep.weights.plasticity       | INFO  | Hard-clipped 4 w_cons parameters to delta_max=0.1000 bound.
2026-08-12 04:40:54 | sleep.weights.plasticity       | INFO  | Hard-clipped 4 w_cons parameters to delta_max=0.1000 bound.
2026-08-12 04:40:54 | sleep.weights.plasticity       | INFO  | Hard-clipped 4 w_cons parameters to delta_max=0.1000 bound.
2026-08-12 04:40:54 | sleep.weights.plasticity       | INFO  | Hard-clipped 4 w_cons parameters to delta_max=0.1000 bound.
2026-08-12 04:40:54 | sleep.weights.plasticity       | INFO  | Hard-clipped 4 w_cons parameters to delta_max=0.1000 bound.
2026-08-12 04:40:54 | sleep.weights.plasticity       | INFO  | Hard-clipped 4 w_cons parameters to delta_max=0.1000 bound.
2026-08-12 04:40:54 | sleep.weights.plasticity       | INFO  | Hard-clipped 4 w_cons parameters to delta_max=0.1000 bound.
2026-08-12 04:40:54 | sleep.weights.plasticity       | INFO  | Hard-clipped 4 w_cons parameters to delta_max=0.1000 bound.
2026-08-12 04:40:55 | sleep.weights.plasticity       | INFO  | Hard-clipped 4 w_cons parameters to delta_max=0.1000 bound.
2026-08-12 04:40:55 | sleep.weights.plasticity       | INFO  | Hard-clipped 4 w_cons parameters to delta_max=0.1000 bound.
2026-08-12 04:40:55 | sleep.weights.plasticity       | INFO  | Hard-clipped 4 w_cons parameters to delta_max=0.1000 bound.
2026-08-12 04:40:55 | sleep.weights.plasticity       | INFO  | Hard-clipped 4 w_cons parameters to delta_max=0.1000 bound.
2026-08-12 04:40:55 | sleep.weights.plasticity       | INFO  | Hard-clipped 4 w_cons parameters to delta_max=0.1000 bound.
2026-08-12 04:40:55 | sleep.weights.plasticity       | INFO  | Hard-clipped 4 w_cons parameters to delta_max=0.1000 bound.
2026-08-12 04:40:55 | sleep.weights.plasticity       | INFO  | Hard-clipped 4 w_cons parameters to delta_max=0.1000 bound.
2026-08-12 04:40:56 | sleep.weights.plasticity       | INFO  | Hard-clipped 4 w_cons parameters to delta_max=0.1000 bound.
2026-08-12 04:40:56 | sleep.weights.plasticity       | INFO  | Hard-clipped 4 w_cons parameters to delta_max=0.1000 bound.
2026-08-12 04:40:56 | sleep.weights.plasticity       | INFO  | Hard-clipped 4 w_cons parameters to delta_max=0.1000 bound.
2026-08-12 04:40:56 | sleep.weights.plasticity       | INFO  | Hard-clipped 4 w_cons parameters to delta_max=0.1000 bound.
2026-08-12 04:40:56 | sleep.weights.plasticity       | INFO  | Hard-clipped 4 w_cons parameters to delta_max=0.1000 bound.
2026-08-12 04:40:56 | sleep.weights.plasticity       | INFO  | Hard-clipped 4 w_cons parameters to delta_max=0.1000 bound.
2026-08-12 04:40:56 | sleep.sleep_engine.train       | INFO  |   distill step 200/400 | loss=0.5707 (kl=0.3339 ce=0.4736) | lr=5.87e-05
2026-08-12 04:40:56 | sleep.weights.plasticity       | INFO  | Hard-clipped 4 w_cons parameters to delta_max=0.1000 bound.
2026-08-12 04:40:57 | sleep.weights.plasticity       | INFO  | Hard-clipped 4 w_cons parameters to delta_max=0.1000 bound.
2026-08-12 04:40:57 | sleep.weights.plasticity       | INFO  | Hard-clipped 4 w_cons parameters to delta_max=0.1000 bound.
2026-08-12 04:40:57 | sleep.weights.plasticity       | INFO  | Hard-clipped 4 w_cons parameters to delta_max=0.1000 bound.
2026-08-12 04:40:57 | sleep.weights.plasticity       | INFO  | Hard-clipped 4 w_cons parameters to delta_max=0.1000 bound.
2026-08-12 04:40:57 | sleep.weights.plasticity       | INFO  | Hard-clipped 4 w_cons parameters to delta_max=0.1000 bound.
2026-08-12 04:40:57 | sleep.weights.plasticity       | INFO  | Hard-clipped 4 w_cons parameters to delta_max=0.1000 bound.
2026-08-12 04:40:57 | sleep.weights.plasticity       | INFO  | Hard-clipped 4 w_cons parameters to delta_max=0.1000 bound.
2026-08-12 04:40:58 | sleep.weights.plasticity       | INFO  | Hard-clipped 4 w_cons parameters to delta_max=0.1000 bound.
2026-08-12 04:40:58 | sleep.weights.plasticity       | INFO  | Hard-clipped 4 w_cons parameters to delta_max=0.1000 bound.
2026-08-12 04:40:58 | sleep.weights.plasticity       | INFO  | Hard-clipped 4 w_cons parameters to delta_max=0.1000 bound.
2026-08-12 04:40:58 | sleep.weights.plasticity       | INFO  | Hard-clipped 4 w_cons parameters to delta_max=0.1000 bound.
2026-08-12 04:40:58 | sleep.weights.plasticity       | INFO  | Hard-clipped 4 w_cons parameters to delta_max=0.1000 bound.
2026-08-12 04:40:58 | sleep.weights.plasticity       | INFO  | Hard-clipped 4 w_cons parameters to delta_max=0.1000 bound.
2026-08-12 04:40:59 | sleep.weights.plasticity       | INFO  | Hard-clipped 4 w_cons parameters to delta_max=0.1000 bound.
2026-08-12 04:40:59 | sleep.weights.plasticity       | INFO  | Hard-clipped 4 w_cons parameters to delta_max=0.1000 bound.
2026-08-12 04:40:59 | sleep.weights.plasticity       | INFO  | Hard-clipped 4 w_cons parameters to delta_max=0.1000 bound.
2026-08-12 04:40:59 | sleep.weights.plasticity       | INFO  | Hard-clipped 4 w_cons parameters to delta_max=0.1000 bound.
2026-08-12 04:40:59 | sleep.weights.plasticity       | INFO  | Hard-clipped 4 w_cons parameters to delta_max=0.1000 bound.
2026-08-12 04:40:59 | sleep.weights.plasticity       | INFO  | Hard-clipped 4 w_cons parameters to delta_max=0.1000 bound.
2026-08-12 04:40:59 | sleep.weights.plasticity       | INFO  | Hard-clipped 4 w_cons parameters to delta_max=0.1000 bound.
2026-08-12 04:41:00 | sleep.weights.plasticity       | INFO  | Hard-clipped 4 w_cons parameters to delta_max=0.1000 bound.
2026-08-12 04:41:00 | sleep.weights.plasticity       | INFO  | Hard-clipped 4 w_cons parameters to delta_max=0.1000 bound.
2026-08-12 04:41:00 | sleep.weights.plasticity       | INFO  | Hard-clipped 4 w_cons parameters to delta_max=0.1000 bound.
2026-08-12 04:41:00 | sleep.weights.plasticity       | INFO  | Hard-clipped 4 w_cons parameters to delta_max=0.1000 bound.
2026-08-12 04:41:00 | sleep.weights.plasticity       | INFO  | Hard-clipped 4 w_cons parameters to delta_max=0.1000 bound.
2026-08-12 04:41:00 | sleep.weights.plasticity       | INFO  | Hard-clipped 4 w_cons parameters to delta_max=0.1000 bound.
2026-08-12 04:41:00 | sleep.weights.plasticity       | INFO  | Hard-clipped 4 w_cons parameters to delta_max=0.1000 bound.
2026-08-12 04:41:01 | sleep.weights.plasticity       | INFO  | Hard-clipped 4 w_cons parameters to delta_max=0.1000 bound.
2026-08-12 04:41:01 | sleep.weights.plasticity       | INFO  | Hard-clipped 4 w_cons parameters to delta_max=0.1000 bound.
2026-08-12 04:41:01 | sleep.weights.plasticity       | INFO  | Hard-clipped 4 w_cons parameters to delta_max=0.1000 bound.
2026-08-12 04:41:01 | sleep.weights.plasticity       | INFO  | Hard-clipped 4 w_cons parameters to delta_max=0.1000 bound.
2026-08-12 04:41:01 | sleep.weights.plasticity       | INFO  | Hard-clipped 4 w_cons parameters to delta_max=0.1000 bound.
2026-08-12 04:41:01 | sleep.weights.plasticity       | INFO  | Hard-clipped 4 w_cons parameters to delta_max=0.1000 bound.
2026-08-12 04:41:01 | sleep.weights.plasticity       | INFO  | Hard-clipped 4 w_cons parameters to delta_max=0.1000 bound.
2026-08-12 04:41:02 | sleep.weights.plasticity       | INFO  | Hard-clipped 4 w_cons parameters to delta_max=0.1000 bound.
2026-08-12 04:41:02 | sleep.weights.plasticity       | INFO  | Hard-clipped 4 w_cons parameters to delta_max=0.1000 bound.
2026-08-12 04:41:02 | sleep.weights.plasticity       | INFO  | Hard-clipped 4 w_cons parameters to delta_max=0.1000 bound.
2026-08-12 04:41:02 | sleep.weights.plasticity       | INFO  | Hard-clipped 4 w_cons parameters to delta_max=0.1000 bound.
2026-08-12 04:41:02 | sleep.weights.plasticity       | INFO  | Hard-clipped 4 w_cons parameters to delta_max=0.1000 bound.
2026-08-12 04:41:02 | sleep.sleep_engine.train       | INFO  |   distill step 240/400 | loss=0.4085 (kl=0.2844 ce=0.2483) | lr=4.13e-05
2026-08-12 04:41:02 | sleep.weights.plasticity       | INFO  | Hard-clipped 4 w_cons parameters to delta_max=0.1000 bound.
2026-08-12 04:41:02 | sleep.weights.plasticity       | INFO  | Hard-clipped 4 w_cons parameters to delta_max=0.1000 bound.
2026-08-12 04:41:03 | sleep.weights.plasticity       | INFO  | Hard-clipped 4 w_cons parameters to delta_max=0.1000 bound.
2026-08-12 04:41:03 | sleep.weights.plasticity       | INFO  | Hard-clipped 4 w_cons parameters to delta_max=0.1000 bound.
2026-08-12 04:41:03 | sleep.weights.plasticity       | INFO  | Hard-clipped 4 w_cons parameters to delta_max=0.1000 bound.
2026-08-12 04:41:03 | sleep.weights.plasticity       | INFO  | Hard-clipped 4 w_cons parameters to delta_max=0.1000 bound.
2026-08-12 04:41:03 | sleep.weights.plasticity       | INFO  | Hard-clipped 4 w_cons parameters to delta_max=0.1000 bound.
2026-08-12 04:41:03 | sleep.weights.plasticity       | INFO  | Hard-clipped 4 w_cons parameters to delta_max=0.1000 bound.
2026-08-12 04:41:03 | sleep.weights.plasticity       | INFO  | Hard-clipped 4 w_cons parameters to delta_max=0.1000 bound.
2026-08-12 04:41:04 | sleep.weights.plasticity       | INFO  | Hard-clipped 4 w_cons parameters to delta_max=0.1000 bound.
2026-08-12 04:41:04 | sleep.weights.plasticity       | INFO  | Hard-clipped 4 w_cons parameters to delta_max=0.1000 bound.
2026-08-12 04:41:04 | sleep.weights.plasticity       | INFO  | Hard-clipped 4 w_cons parameters to delta_max=0.1000 bound.
2026-08-12 04:41:04 | sleep.weights.plasticity       | INFO  | Hard-clipped 4 w_cons parameters to delta_max=0.1000 bound.
2026-08-12 04:41:04 | sleep.weights.plasticity       | INFO  | Hard-clipped 4 w_cons parameters to delta_max=0.1000 bound.
2026-08-12 04:41:04 | sleep.weights.plasticity       | INFO  | Hard-clipped 4 w_cons parameters to delta_max=0.1000 bound.
2026-08-12 04:41:04 | sleep.weights.plasticity       | INFO  | Hard-clipped 4 w_cons parameters to delta_max=0.1000 bound.
2026-08-12 04:41:05 | sleep.weights.plasticity       | INFO  | Hard-clipped 4 w_cons parameters to delta_max=0.1000 bound.
2026-08-12 04:41:05 | sleep.weights.plasticity       | INFO  | Hard-clipped 4 w_cons parameters to delta_max=0.1000 bound.
2026-08-12 04:41:05 | sleep.weights.plasticity       | INFO  | Hard-clipped 4 w_cons parameters to delta_max=0.1000 bound.
2026-08-12 04:41:05 | sleep.weights.plasticity       | INFO  | Hard-clipped 4 w_cons parameters to delta_max=0.1000 bound.
2026-08-12 04:41:05 | sleep.weights.plasticity       | INFO  | Hard-clipped 4 w_cons parameters to delta_max=0.1000 bound.
2026-08-12 04:41:05 | sleep.weights.plasticity       | INFO  | Hard-clipped 4 w_cons parameters to delta_max=0.1000 bound.
2026-08-12 04:41:05 | sleep.weights.plasticity       | INFO  | Hard-clipped 4 w_cons parameters to delta_max=0.1000 bound.
2026-08-12 04:41:06 | sleep.weights.plasticity       | INFO  | Hard-clipped 4 w_cons parameters to delta_max=0.1000 bound.
2026-08-12 04:41:06 | sleep.weights.plasticity       | INFO  | Hard-clipped 4 w_cons parameters to delta_max=0.1000 bound.
2026-08-12 04:41:06 | sleep.weights.plasticity       | INFO  | Hard-clipped 4 w_cons parameters to delta_max=0.1000 bound.
2026-08-12 04:41:06 | sleep.weights.plasticity       | INFO  | Hard-clipped 4 w_cons parameters to delta_max=0.1000 bound.
2026-08-12 04:41:06 | sleep.weights.plasticity       | INFO  | Hard-clipped 4 w_cons parameters to delta_max=0.1000 bound.
2026-08-12 04:41:06 | sleep.weights.plasticity       | INFO  | Hard-clipped 4 w_cons parameters to delta_max=0.1000 bound.
2026-08-12 04:41:06 | sleep.weights.plasticity       | INFO  | Hard-clipped 4 w_cons parameters to delta_max=0.1000 bound.
2026-08-12 04:41:07 | sleep.weights.plasticity       | INFO  | Hard-clipped 4 w_cons parameters to delta_max=0.1000 bound.
2026-08-12 04:41:07 | sleep.weights.plasticity       | INFO  | Hard-clipped 4 w_cons parameters to delta_max=0.1000 bound.
2026-08-12 04:41:07 | sleep.weights.plasticity       | INFO  | Hard-clipped 4 w_cons parameters to delta_max=0.1000 bound.
2026-08-12 04:41:07 | sleep.weights.plasticity       | INFO  | Hard-clipped 4 w_cons parameters to delta_max=0.1000 bound.
2026-08-12 04:41:07 | sleep.weights.plasticity       | INFO  | Hard-clipped 4 w_cons parameters to delta_max=0.1000 bound.
2026-08-12 04:41:07 | sleep.weights.plasticity       | INFO  | Hard-clipped 4 w_cons parameters to delta_max=0.1000 bound.
2026-08-12 04:41:07 | sleep.weights.plasticity       | INFO  | Hard-clipped 4 w_cons parameters to delta_max=0.1000 bound.
2026-08-12 04:41:08 | sleep.weights.plasticity       | INFO  | Hard-clipped 4 w_cons parameters to delta_max=0.1000 bound.
2026-08-12 04:41:08 | sleep.weights.plasticity       | INFO  | Hard-clipped 4 w_cons parameters to delta_max=0.1000 bound.
2026-08-12 04:41:08 | sleep.weights.plasticity       | INFO  | Hard-clipped 5 w_cons parameters to delta_max=0.1000 bound.
2026-08-12 04:41:08 | sleep.sleep_engine.train       | INFO  |   distill step 280/400 | loss=0.4120 (kl=0.2433 ce=0.3373) | lr=2.50e-05
2026-08-12 04:41:08 | sleep.weights.plasticity       | INFO  | Hard-clipped 5 w_cons parameters to delta_max=0.1000 bound.
2026-08-12 04:41:08 | sleep.weights.plasticity       | INFO  | Hard-clipped 5 w_cons parameters to delta_max=0.1000 bound.
2026-08-12 04:41:08 | sleep.weights.plasticity       | INFO  | Hard-clipped 5 w_cons parameters to delta_max=0.1000 bound.
2026-08-12 04:41:08 | sleep.weights.plasticity       | INFO  | Hard-clipped 5 w_cons parameters to delta_max=0.1000 bound.
2026-08-12 04:41:09 | sleep.weights.plasticity       | INFO  | Hard-clipped 5 w_cons parameters to delta_max=0.1000 bound.
2026-08-12 04:41:09 | sleep.weights.plasticity       | INFO  | Hard-clipped 5 w_cons parameters to delta_max=0.1000 bound.
2026-08-12 04:41:09 | sleep.weights.plasticity       | INFO  | Hard-clipped 5 w_cons parameters to delta_max=0.1000 bound.
2026-08-12 04:41:09 | sleep.weights.plasticity       | INFO  | Hard-clipped 5 w_cons parameters to delta_max=0.1000 bound.
2026-08-12 04:41:09 | sleep.weights.plasticity       | INFO  | Hard-clipped 5 w_cons parameters to delta_max=0.1000 bound.
2026-08-12 04:41:09 | sleep.weights.plasticity       | INFO  | Hard-clipped 5 w_cons parameters to delta_max=0.1000 bound.
2026-08-12 04:41:10 | sleep.weights.plasticity       | INFO  | Hard-clipped 5 w_cons parameters to delta_max=0.1000 bound.
2026-08-12 04:41:10 | sleep.weights.plasticity       | INFO  | Hard-clipped 5 w_cons parameters to delta_max=0.1000 bound.
2026-08-12 04:41:10 | sleep.weights.plasticity       | INFO  | Hard-clipped 5 w_cons parameters to delta_max=0.1000 bound.
2026-08-12 04:41:10 | sleep.weights.plasticity       | INFO  | Hard-clipped 5 w_cons parameters to delta_max=0.1000 bound.
2026-08-12 04:41:10 | sleep.weights.plasticity       | INFO  | Hard-clipped 5 w_cons parameters to delta_max=0.1000 bound.
2026-08-12 04:41:10 | sleep.weights.plasticity       | INFO  | Hard-clipped 5 w_cons parameters to delta_max=0.1000 bound.
2026-08-12 04:41:10 | sleep.weights.plasticity       | INFO  | Hard-clipped 5 w_cons parameters to delta_max=0.1000 bound.
2026-08-12 04:41:11 | sleep.weights.plasticity       | INFO  | Hard-clipped 5 w_cons parameters to delta_max=0.1000 bound.
2026-08-12 04:41:11 | sleep.weights.plasticity       | INFO  | Hard-clipped 5 w_cons parameters to delta_max=0.1000 bound.
2026-08-12 04:41:11 | sleep.weights.plasticity       | INFO  | Hard-clipped 5 w_cons parameters to delta_max=0.1000 bound.
2026-08-12 04:41:11 | sleep.weights.plasticity       | INFO  | Hard-clipped 5 w_cons parameters to delta_max=0.1000 bound.
2026-08-12 04:41:11 | sleep.weights.plasticity       | INFO  | Hard-clipped 5 w_cons parameters to delta_max=0.1000 bound.
2026-08-12 04:41:11 | sleep.weights.plasticity       | INFO  | Hard-clipped 5 w_cons parameters to delta_max=0.1000 bound.
2026-08-12 04:41:12 | sleep.weights.plasticity       | INFO  | Hard-clipped 5 w_cons parameters to delta_max=0.1000 bound.
2026-08-12 04:41:12 | sleep.weights.plasticity       | INFO  | Hard-clipped 5 w_cons parameters to delta_max=0.1000 bound.
2026-08-12 04:41:12 | sleep.weights.plasticity       | INFO  | Hard-clipped 5 w_cons parameters to delta_max=0.1000 bound.
2026-08-12 04:41:12 | sleep.weights.plasticity       | INFO  | Hard-clipped 5 w_cons parameters to delta_max=0.1000 bound.
2026-08-12 04:41:12 | sleep.weights.plasticity       | INFO  | Hard-clipped 5 w_cons parameters to delta_max=0.1000 bound.
2026-08-12 04:41:12 | sleep.weights.plasticity       | INFO  | Hard-clipped 5 w_cons parameters to delta_max=0.1000 bound.
2026-08-12 04:41:12 | sleep.weights.plasticity       | INFO  | Hard-clipped 5 w_cons parameters to delta_max=0.1000 bound.
2026-08-12 04:41:13 | sleep.weights.plasticity       | INFO  | Hard-clipped 5 w_cons parameters to delta_max=0.1000 bound.
2026-08-12 04:41:13 | sleep.weights.plasticity       | INFO  | Hard-clipped 5 w_cons parameters to delta_max=0.1000 bound.
2026-08-12 04:41:13 | sleep.weights.plasticity       | INFO  | Hard-clipped 5 w_cons parameters to delta_max=0.1000 bound.
2026-08-12 04:41:13 | sleep.weights.plasticity       | INFO  | Hard-clipped 5 w_cons parameters to delta_max=0.1000 bound.
2026-08-12 04:41:13 | sleep.weights.plasticity       | INFO  | Hard-clipped 5 w_cons parameters to delta_max=0.1000 bound.
2026-08-12 04:41:13 | sleep.weights.plasticity       | INFO  | Hard-clipped 5 w_cons parameters to delta_max=0.1000 bound.
2026-08-12 04:41:14 | sleep.weights.plasticity       | INFO  | Hard-clipped 5 w_cons parameters to delta_max=0.1000 bound.
2026-08-12 04:41:14 | sleep.weights.plasticity       | INFO  | Hard-clipped 5 w_cons parameters to delta_max=0.1000 bound.
2026-08-12 04:41:14 | sleep.weights.plasticity       | INFO  | Hard-clipped 5 w_cons parameters to delta_max=0.1000 bound.
2026-08-12 04:41:14 | sleep.weights.plasticity       | INFO  | Hard-clipped 5 w_cons parameters to delta_max=0.1000 bound.
2026-08-12 04:41:14 | sleep.sleep_engine.train       | INFO  |   distill step 320/400 | loss=0.6960 (kl=0.4423 ce=0.5074) | lr=1.17e-05
2026-08-12 04:41:14 | sleep.weights.plasticity       | INFO  | Hard-clipped 5 w_cons parameters to delta_max=0.1000 bound.
2026-08-12 04:41:14 | sleep.weights.plasticity       | INFO  | Hard-clipped 5 w_cons parameters to delta_max=0.1000 bound.
2026-08-12 04:41:14 | sleep.weights.plasticity       | INFO  | Hard-clipped 5 w_cons parameters to delta_max=0.1000 bound.
2026-08-12 04:41:15 | sleep.weights.plasticity       | INFO  | Hard-clipped 5 w_cons parameters to delta_max=0.1000 bound.
2026-08-12 04:41:15 | sleep.weights.plasticity       | INFO  | Hard-clipped 5 w_cons parameters to delta_max=0.1000 bound.
2026-08-12 04:41:15 | sleep.weights.plasticity       | INFO  | Hard-clipped 5 w_cons parameters to delta_max=0.1000 bound.
2026-08-12 04:41:15 | sleep.weights.plasticity       | INFO  | Hard-clipped 5 w_cons parameters to delta_max=0.1000 bound.
2026-08-12 04:41:15 | sleep.weights.plasticity       | INFO  | Hard-clipped 5 w_cons parameters to delta_max=0.1000 bound.
2026-08-12 04:41:15 | sleep.weights.plasticity       | INFO  | Hard-clipped 5 w_cons parameters to delta_max=0.1000 bound.
2026-08-12 04:41:15 | sleep.weights.plasticity       | INFO  | Hard-clipped 5 w_cons parameters to delta_max=0.1000 bound.
2026-08-12 04:41:16 | sleep.weights.plasticity       | INFO  | Hard-clipped 5 w_cons parameters to delta_max=0.1000 bound.
2026-08-12 04:41:16 | sleep.weights.plasticity       | INFO  | Hard-clipped 5 w_cons parameters to delta_max=0.1000 bound.
2026-08-12 04:41:16 | sleep.weights.plasticity       | INFO  | Hard-clipped 5 w_cons parameters to delta_max=0.1000 bound.
2026-08-12 04:41:16 | sleep.weights.plasticity       | INFO  | Hard-clipped 5 w_cons parameters to delta_max=0.1000 bound.
2026-08-12 04:41:16 | sleep.weights.plasticity       | INFO  | Hard-clipped 5 w_cons parameters to delta_max=0.1000 bound.
2026-08-12 04:41:16 | sleep.weights.plasticity       | INFO  | Hard-clipped 5 w_cons parameters to delta_max=0.1000 bound.
2026-08-12 04:41:17 | sleep.weights.plasticity       | INFO  | Hard-clipped 5 w_cons parameters to delta_max=0.1000 bound.
2026-08-12 04:41:17 | sleep.weights.plasticity       | INFO  | Hard-clipped 5 w_cons parameters to delta_max=0.1000 bound.
2026-08-12 04:41:17 | sleep.weights.plasticity       | INFO  | Hard-clipped 5 w_cons parameters to delta_max=0.1000 bound.
2026-08-12 04:41:17 | sleep.weights.plasticity       | INFO  | Hard-clipped 5 w_cons parameters to delta_max=0.1000 bound.
2026-08-12 04:41:17 | sleep.weights.plasticity       | INFO  | Hard-clipped 5 w_cons parameters to delta_max=0.1000 bound.
2026-08-12 04:41:17 | sleep.weights.plasticity       | INFO  | Hard-clipped 5 w_cons parameters to delta_max=0.1000 bound.
2026-08-12 04:41:17 | sleep.weights.plasticity       | INFO  | Hard-clipped 5 w_cons parameters to delta_max=0.1000 bound.
2026-08-12 04:41:18 | sleep.weights.plasticity       | INFO  | Hard-clipped 5 w_cons parameters to delta_max=0.1000 bound.
2026-08-12 04:41:18 | sleep.weights.plasticity       | INFO  | Hard-clipped 5 w_cons parameters to delta_max=0.1000 bound.
2026-08-12 04:41:18 | sleep.weights.plasticity       | INFO  | Hard-clipped 5 w_cons parameters to delta_max=0.1000 bound.
2026-08-12 04:41:18 | sleep.weights.plasticity       | INFO  | Hard-clipped 5 w_cons parameters to delta_max=0.1000 bound.
2026-08-12 04:41:18 | sleep.weights.plasticity       | INFO  | Hard-clipped 5 w_cons parameters to delta_max=0.1000 bound.
2026-08-12 04:41:18 | sleep.weights.plasticity       | INFO  | Hard-clipped 5 w_cons parameters to delta_max=0.1000 bound.
2026-08-12 04:41:18 | sleep.weights.plasticity       | INFO  | Hard-clipped 5 w_cons parameters to delta_max=0.1000 bound.
2026-08-12 04:41:19 | sleep.weights.plasticity       | INFO  | Hard-clipped 5 w_cons parameters to delta_max=0.1000 bound.
2026-08-12 04:41:19 | sleep.weights.plasticity       | INFO  | Hard-clipped 5 w_cons parameters to delta_max=0.1000 bound.
2026-08-12 04:41:19 | sleep.weights.plasticity       | INFO  | Hard-clipped 6 w_cons parameters to delta_max=0.1000 bound.
2026-08-12 04:41:19 | sleep.weights.plasticity       | INFO  | Hard-clipped 6 w_cons parameters to delta_max=0.1000 bound.
2026-08-12 04:41:19 | sleep.weights.plasticity       | INFO  | Hard-clipped 6 w_cons parameters to delta_max=0.1000 bound.
2026-08-12 04:41:19 | sleep.weights.plasticity       | INFO  | Hard-clipped 6 w_cons parameters to delta_max=0.1000 bound.
2026-08-12 04:41:19 | sleep.weights.plasticity       | INFO  | Hard-clipped 6 w_cons parameters to delta_max=0.1000 bound.
2026-08-12 04:41:20 | sleep.weights.plasticity       | INFO  | Hard-clipped 6 w_cons parameters to delta_max=0.1000 bound.
2026-08-12 04:41:20 | sleep.weights.plasticity       | INFO  | Hard-clipped 6 w_cons parameters to delta_max=0.1000 bound.
2026-08-12 04:41:20 | sleep.weights.plasticity       | INFO  | Hard-clipped 6 w_cons parameters to delta_max=0.1000 bound.
2026-08-12 04:41:20 | sleep.sleep_engine.train       | INFO  |   distill step 360/400 | loss=0.3334 (kl=0.1754 ce=0.3158) | lr=3.02e-06
2026-08-12 04:41:20 | sleep.weights.plasticity       | INFO  | Hard-clipped 6 w_cons parameters to delta_max=0.1000 bound.
2026-08-12 04:41:20 | sleep.weights.plasticity       | INFO  | Hard-clipped 6 w_cons parameters to delta_max=0.1000 bound.
2026-08-12 04:41:20 | sleep.weights.plasticity       | INFO  | Hard-clipped 6 w_cons parameters to delta_max=0.1000 bound.
2026-08-12 04:41:20 | sleep.weights.plasticity       | INFO  | Hard-clipped 6 w_cons parameters to delta_max=0.1000 bound.
2026-08-12 04:41:21 | sleep.weights.plasticity       | INFO  | Hard-clipped 6 w_cons parameters to delta_max=0.1000 bound.
2026-08-12 04:41:21 | sleep.weights.plasticity       | INFO  | Hard-clipped 6 w_cons parameters to delta_max=0.1000 bound.
2026-08-12 04:41:21 | sleep.weights.plasticity       | INFO  | Hard-clipped 6 w_cons parameters to delta_max=0.1000 bound.
2026-08-12 04:41:21 | sleep.weights.plasticity       | INFO  | Hard-clipped 6 w_cons parameters to delta_max=0.1000 bound.
2026-08-12 04:41:21 | sleep.weights.plasticity       | INFO  | Hard-clipped 6 w_cons parameters to delta_max=0.1000 bound.
2026-08-12 04:41:21 | sleep.weights.plasticity       | INFO  | Hard-clipped 6 w_cons parameters to delta_max=0.1000 bound.
2026-08-12 04:41:22 | sleep.weights.plasticity       | INFO  | Hard-clipped 6 w_cons parameters to delta_max=0.1000 bound.
2026-08-12 04:41:22 | sleep.weights.plasticity       | INFO  | Hard-clipped 6 w_cons parameters to delta_max=0.1000 bound.
2026-08-12 04:41:22 | sleep.weights.plasticity       | INFO  | Hard-clipped 6 w_cons parameters to delta_max=0.1000 bound.
2026-08-12 04:41:22 | sleep.weights.plasticity       | INFO  | Hard-clipped 6 w_cons parameters to delta_max=0.1000 bound.
2026-08-12 04:41:22 | sleep.weights.plasticity       | INFO  | Hard-clipped 6 w_cons parameters to delta_max=0.1000 bound.
2026-08-12 04:41:22 | sleep.weights.plasticity       | INFO  | Hard-clipped 6 w_cons parameters to delta_max=0.1000 bound.
2026-08-12 04:41:22 | sleep.weights.plasticity       | INFO  | Hard-clipped 6 w_cons parameters to delta_max=0.1000 bound.
2026-08-12 04:41:23 | sleep.weights.plasticity       | INFO  | Hard-clipped 6 w_cons parameters to delta_max=0.1000 bound.
2026-08-12 04:41:23 | sleep.weights.plasticity       | INFO  | Hard-clipped 6 w_cons parameters to delta_max=0.1000 bound.
2026-08-12 04:41:23 | sleep.weights.plasticity       | INFO  | Hard-clipped 6 w_cons parameters to delta_max=0.1000 bound.
2026-08-12 04:41:23 | sleep.weights.plasticity       | INFO  | Hard-clipped 6 w_cons parameters to delta_max=0.1000 bound.
2026-08-12 04:41:23 | sleep.weights.plasticity       | INFO  | Hard-clipped 6 w_cons parameters to delta_max=0.1000 bound.
2026-08-12 04:41:23 | sleep.weights.plasticity       | INFO  | Hard-clipped 5 w_cons parameters to delta_max=0.1000 bound.
2026-08-12 04:41:23 | sleep.weights.plasticity       | INFO  | Hard-clipped 6 w_cons parameters to delta_max=0.1000 bound.
2026-08-12 04:41:24 | sleep.weights.plasticity       | INFO  | Hard-clipped 6 w_cons parameters to delta_max=0.1000 bound.
2026-08-12 04:41:24 | sleep.weights.plasticity       | INFO  | Hard-clipped 6 w_cons parameters to delta_max=0.1000 bound.
2026-08-12 04:41:24 | sleep.weights.plasticity       | INFO  | Hard-clipped 6 w_cons parameters to delta_max=0.1000 bound.
2026-08-12 04:41:24 | sleep.weights.plasticity       | INFO  | Hard-clipped 6 w_cons parameters to delta_max=0.1000 bound.
2026-08-12 04:41:24 | sleep.weights.plasticity       | INFO  | Hard-clipped 6 w_cons parameters to delta_max=0.1000 bound.
2026-08-12 04:41:24 | sleep.weights.plasticity       | INFO  | Hard-clipped 6 w_cons parameters to delta_max=0.1000 bound.
2026-08-12 04:41:24 | sleep.weights.plasticity       | INFO  | Hard-clipped 6 w_cons parameters to delta_max=0.1000 bound.
2026-08-12 04:41:25 | sleep.weights.plasticity       | INFO  | Hard-clipped 6 w_cons parameters to delta_max=0.1000 bound.
2026-08-12 04:41:25 | sleep.weights.plasticity       | INFO  | Hard-clipped 6 w_cons parameters to delta_max=0.1000 bound.
2026-08-12 04:41:25 | sleep.weights.plasticity       | INFO  | Hard-clipped 6 w_cons parameters to delta_max=0.1000 bound.
2026-08-12 04:41:25 | sleep.weights.plasticity       | INFO  | Hard-clipped 6 w_cons parameters to delta_max=0.1000 bound.
2026-08-12 04:41:25 | sleep.weights.plasticity       | INFO  | Hard-clipped 6 w_cons parameters to delta_max=0.1000 bound.
2026-08-12 04:41:25 | sleep.weights.plasticity       | INFO  | Hard-clipped 6 w_cons parameters to delta_max=0.1000 bound.
2026-08-12 04:41:25 | sleep.weights.plasticity       | INFO  | Hard-clipped 6 w_cons parameters to delta_max=0.1000 bound.
2026-08-12 04:41:26 | sleep.weights.plasticity       | INFO  | Hard-clipped 5 w_cons parameters to delta_max=0.1000 bound.
2026-08-12 04:41:26 | sleep.weights.plasticity       | INFO  | Hard-clipped 3 w_cons parameters to delta_max=0.1000 bound.
2026-08-12 04:41:26 | sleep.sleep_engine.train       | INFO  |   distill step 400/400 | loss=0.5652 (kl=0.3760 ce=0.3786) | lr=0.00e+00
2026-08-12 04:41:26 | sleep.sleep_engine.train       | INFO  | Sleep distill-training complete | n_steps=400 | final_loss=0.5652 | mean_loss=0.6291
2026-08-12 04:41:26 | sleep.sleep_engine             | INFO  | Phase 3 complete: 400 steps, final_loss=0.5652, mean_loss=0.6291
2026-08-12 04:41:26 | sleep.sleep_engine             | INFO  | Phase 4/5: PPL CHECK (skipped — no benchmark data)
2026-08-12 04:41:26 | sleep.sleep_engine             | INFO  | Phase 5/5: VALIDATE & CLEANUP
2026-08-12 04:41:26 | sleep.weights.plasticity       | INFO  | Saved checkpoint for adapter 'w_cons': 44 parameters.
2026-08-12 04:41:26 | sleep.weights.plasticity       | INFO  | Restored 44 parameters for adapter 'w_cons' from checkpoint.
2026-08-12 04:41:26 | sleep.weights.plasticity       | INFO  | Restored 44 parameters for adapter 'w_cons' from checkpoint.
2026-08-12 04:41:36 | sleep.sleep_engine             | INFO  | Two-stage validation: 7/23 passed surprise, 7 also passed the mini-recall gate (self-grading gap = 0)
2026-08-12 04:41:36 | sleep.sleep_engine.cleanup     | INFO  | Cleanup complete | passed=7 | failed=16 | permanently_removed=0
2026-08-12 04:41:36 | sleep.sleep_engine             | INFO  | Phase 5 complete: consolidated=7, failed=16, permanently_removed=0
2026-08-12 04:41:36 | sleep.metrics                  | INFO  | summary | {'sleep_engine/n_candidates': 23, 'sleep_engine/n_replays_generated': 157, 'sleep_engine/n_replays_accepted': 157, 'sleep_engine/n_consolidated': 7, 'sleep_engine/n_failed': 16, 'sleep_engine/n_permanently_removed': 0, 'sleep_engine/rolled_back': False}
2026-08-12 04:41:36 | sleep.weights.kv_memory        | INFO  | bank cleared: freed 11 tags / 522 tokens
2026-08-12 04:41:36 | sleep.sleep_engine             | INFO  | KV bank cleared (11 entries removed)
2026-08-12 04:41:36 | sleep.sleep_engine             | INFO  | KV memory injection: ENABLED
2026-08-12 04:41:36 | sleep.sleep_engine             | INFO  | === Sleep cycle END ===
2026-08-12 04:47:27 | sleep.evaluation.recall        | INFO  | Recall evaluation: DRA=0.1683 across 200 cases
2026-08-12 04:48:03 | sleep.evaluation.recall        | INFO  | Recall evaluation: DRA=0.3833 across 20 cases
2026-08-12 04:48:03 | sleep.evaluation.preservation  | INFO  | Perplexity evaluation: PPL=5.1483 (mean_loss=1.6387, 62 tokens)
2026-08-12 04:48:03 | sleep.evaluation.preservation  | INFO  | BCP: 1.1795 (current_ppl=5.1483, original_ppl=4.3646)
2026-08-12 04:48:03 | sleep.experiment.08            | INFO  | [sleep Cycle 10 EVAL] DRA cumulative=0.168 (70/200 hits); DRA current=0.383 (10/20 hits); BCP=1.1795

==============================================================================
MULTI-CYCLE SUMMARY (sleep)
==============================================================================
Cycle  Cum N   DRA cum    DRA cur    BCP       
--------------------------------------------------
1      20      0.3167     0.3167     1.0828    
2      40      0.1333     0.2167     1.3062    
3      60      0.1944     0.3667     1.3846    
4      80      0.1292     0.1833     1.3719    
5      100     0.1467     0.2333     1.1593    
6      120     0.0806     0.2333     1.1799    
7      140     0.1690     0.3667     1.2430    
8      160     0.1542     0.4333     1.1944    
9      180     0.1796     0.4333     1.2870    
10     200     0.1683     0.3833     1.1795    

Results saved to: /workspace/results/d3_mistral_v2mod_s1.json
