2026-08-11 17:07:13 | sleep.utils.seed               | INFO  | Seeded all RNGs with seed=0 (deterministic_algorithms=False)
2026-08-11 17:07:13 | sleep.experiment.13            | INFO  | ======================================================================
2026-08-11 17:07:13 | sleep.experiment.13            | INFO  | EXPERIMENT 13: Full pipeline v2 | recipe=paraphrase_ce | seed=0
2026-08-11 17:07:13 | sleep.experiment.13            | INFO  | ======================================================================
2026-08-11 17:07:13 | sleep.experiment.13            | INFO  | Safety overrides: {'delta_max': (0.01, 0.05)}
Loading weights:   0%|          | 0/291 [00:00<?, ?it/s]Loading weights: 100%|██████████| 291/291 [00:00<00:00, 4495.32it/s]
2026-08-11 17:07:19 | sleep.experiment.common        | INFO  | Loaded /workspace/models/llama-3.1-8b | dtype=bfloat16 | attn=eager | device=cuda | layers=32
2026-08-11 17:07:19 | sleep.experiment.13            | INFO  | Loaded 200 facts (paraphrased: True)
2026-08-11 17:07:19 | sleep.weights.lora             | INFO  | LoRA target modules for llama: ['up_proj', 'down_proj']
2026-08-11 17:07:19 | sleep.weights.lora             | INFO  | LoRA config: rank=16, alpha=32, selection=middle, layers=[10, 11, 12, 13, 14, 15, 16, 17, 18, 19, 20] (of 32 total), targets=['up_proj', 'down_proj']
2026-08-11 17:07:20 | sleep.weights.lora             | INFO  | Created LoRA adapter 'w_fast': 6488064 trainable parameters (0.0807% of base model)
2026-08-11 17:07:20 | sleep.weights.lora             | INFO  | LoRA target modules for llama: ['up_proj', 'down_proj']
2026-08-11 17:07:20 | sleep.weights.lora             | INFO  | LoRA config: rank=16, alpha=32, selection=middle, layers=[10, 11, 12, 13, 14, 15, 16, 17, 18, 19, 20] (of 32 total), targets=['up_proj', 'down_proj']
2026-08-11 17:07:21 | sleep.weights.lora             | INFO  | Dual adapters ready: w_fast=6488064 params, w_cons=6488064 params
/usr/local/lib/python3.11/dist-packages/peft/tuners/tuners_utils.py:2193: UserWarning: Adapter cannot be set when the model is merged. Unmerging the model first.
  warnings.warn("Adapter cannot be set when the model is merged. Unmerging the model first.")
2026-08-11 17:07:21 | sleep.weights.fast_update      | INFO  | FastWeightUpdater initialized: 44 parameter groups, alpha_base=1.00e-04, momentum=0.90
2026-08-11 17:07:21 | sleep.weights.plasticity       | INFO  | Adapted layers: [10, 11, 12, 13, 14, 15, 16, 17, 18, 19, 20] (middle 33% of 32 layers)
2026-08-11 17:07:21 | sleep.weights.plasticity       | INFO  | Injection layers: [22, 23, 24, 25, 26, 27, 28, 29, 30, 31] (top 33% of 32 layers)
2026-08-11 17:07:21 | sleep.weights.plasticity       | INFO  | Computed Frobenius norms for 224 base model weight matrices.
2026-08-11 17:07:21 | sleep.weights.kv_injection     | INFO  | KVInjector installed on 10 layers: [22, 23, 24, 25, 26, 27, 28, 29, 30, 31]
2026-08-11 17:07:21 | sleep.weights                  | INFO  | KV memory mode enabled | adapted_layers=[10, 11, 12, 13, 14, 15, 16, 17, 18, 19, 20] | num_kv_heads=8 | head_dim=128 | max_total_tokens=20000 | top_k=64 | device=cuda:0 | dtype=torch.bfloat16
2026-08-11 17:07:21 | sleep.weights                  | INFO  | DualWeightSystem initialized | W_fast: 6,488,064 params | W_cons: 6,488,064 params | Adapted layers: [10, 11, 12, 13, 14, 15, 16, 17, 18, 19, 20] | Plasticity: 0.188–0.452 | KV bank installed
2026-08-11 17:07:21 | sleep.experiment.13            | INFO  | Adapter layers: [10, 11, 12, 13, 14, 15, 16, 17, 18, 19, 20] | injection layers: [22, 23, 24, 25, 26, 27, 28, 29, 30, 31]
/usr/local/lib/python3.11/dist-packages/peft/tuners/lora/layer.py:983: UserWarning: Already unmerged. Nothing to do.
  warnings.warn("Already unmerged. Nothing to do.")
2026-08-11 17:07:22 | sleep.evaluation.preservation  | INFO  | Perplexity evaluation: PPL=9.1220 (mean_loss=2.2107, 31 tokens)
2026-08-11 17:07:22 | sleep.experiment.13            | INFO  | WAKE: feeding 200 facts
2026-08-11 17:07:22 | sleep.tagging                  | INFO  | step=1 | 2 tags created from 2 spans | buffer: 2/40216 (0.0%)
2026-08-11 17:07:22 | sleep.tagging                  | INFO  | step=2 | 1 tags created from 1 spans | buffer: 3/40216 (0.0%)
2026-08-11 17:07:22 | sleep.tagging                  | INFO  | step=3 | 2 tags created from 2 spans | buffer: 5/40216 (0.0%)
2026-08-11 17:07:22 | sleep.tagging                  | INFO  | step=4 | 1 tags created from 1 spans | buffer: 6/40216 (0.0%)
2026-08-11 17:07:22 | sleep.tagging                  | INFO  | step=7 | 1 tags created from 1 spans | buffer: 7/40216 (0.0%)
2026-08-11 17:07:23 | sleep.tagging                  | INFO  | step=8 | 1 tags created from 1 spans | buffer: 8/40216 (0.0%)
2026-08-11 17:07:23 | sleep.tagging                  | INFO  | step=11 | 1 tags created from 1 spans | buffer: 9/40216 (0.0%)
2026-08-11 17:07:23 | sleep.tagging                  | INFO  | step=12 | 1 tags created from 1 spans | buffer: 10/40216 (0.0%)
2026-08-11 17:07:23 | sleep.tagging                  | INFO  | step=13 | 1 tags created from 1 spans | buffer: 11/40216 (0.0%)
2026-08-11 17:07:23 | sleep.tagging                  | INFO  | step=14 | 1 tags created from 1 spans | buffer: 12/40216 (0.0%)
2026-08-11 17:07:23 | sleep.tagging                  | INFO  | step=17 | 1 tags created from 1 spans | buffer: 13/40216 (0.0%)
2026-08-11 17:07:23 | sleep.tagging                  | INFO  | step=18 | 1 tags created from 1 spans | buffer: 14/40216 (0.0%)
2026-08-11 17:07:23 | sleep.tagging                  | INFO  | step=21 | 1 tags created from 1 spans | buffer: 15/40216 (0.0%)
2026-08-11 17:07:24 | sleep.tagging                  | INFO  | step=22 | 1 tags created from 1 spans | buffer: 16/40216 (0.0%)
2026-08-11 17:07:24 | sleep.tagging                  | INFO  | step=23 | 1 tags created from 1 spans | buffer: 17/40216 (0.0%)
2026-08-11 17:07:24 | sleep.tagging                  | INFO  | step=24 | 1 tags created from 1 spans | buffer: 18/40216 (0.0%)
2026-08-11 17:07:24 | sleep.tagging                  | INFO  | step=26 | 1 tags created from 1 spans | buffer: 19/40216 (0.0%)
2026-08-11 17:07:24 | sleep.tagging                  | INFO  | step=31 | 1 tags created from 1 spans | buffer: 20/40216 (0.0%)
2026-08-11 17:07:24 | sleep.tagging                  | INFO  | step=32 | 1 tags created from 1 spans | buffer: 21/40216 (0.1%)
2026-08-11 17:07:24 | sleep.tagging                  | INFO  | step=33 | 1 tags created from 1 spans | buffer: 22/40216 (0.1%)
2026-08-11 17:07:25 | sleep.tagging                  | INFO  | step=35 | 1 tags created from 1 spans | buffer: 23/40216 (0.1%)
2026-08-11 17:07:25 | sleep.tagging                  | INFO  | step=36 | 1 tags created from 1 spans | buffer: 24/40216 (0.1%)
2026-08-11 17:07:25 | sleep.tagging                  | INFO  | step=37 | 1 tags created from 1 spans | buffer: 25/40216 (0.1%)
2026-08-11 17:07:25 | sleep.tagging                  | INFO  | step=38 | 1 tags created from 1 spans | buffer: 26/40216 (0.1%)
2026-08-11 17:07:25 | sleep.tagging                  | INFO  | step=39 | 1 tags created from 1 spans | buffer: 27/40216 (0.1%)
2026-08-11 17:07:25 | sleep.tagging                  | INFO  | step=41 | 1 tags created from 1 spans | buffer: 28/40216 (0.1%)
2026-08-11 17:07:25 | sleep.tagging                  | INFO  | step=42 | 1 tags created from 1 spans | buffer: 29/40216 (0.1%)
2026-08-11 17:07:25 | sleep.tagging                  | INFO  | step=44 | 1 tags created from 1 spans | buffer: 30/40216 (0.1%)
2026-08-11 17:07:25 | sleep.tagging                  | INFO  | step=45 | 1 tags created from 1 spans | buffer: 31/40216 (0.1%)
2026-08-11 17:07:25 | sleep.tagging                  | INFO  | step=46 | 1 tags created from 1 spans | buffer: 32/40216 (0.1%)
2026-08-11 17:07:26 | sleep.tagging                  | INFO  | step=47 | 1 tags created from 1 spans | buffer: 33/40216 (0.1%)
2026-08-11 17:07:26 | sleep.tagging                  | INFO  | step=49 | 1 tags created from 1 spans | buffer: 34/40216 (0.1%)
2026-08-11 17:07:26 | sleep.tagging                  | INFO  | step=51 | 2 tags created from 2 spans | buffer: 36/40216 (0.1%)
2026-08-11 17:07:26 | sleep.tagging                  | INFO  | step=52 | 1 tags created from 1 spans | buffer: 37/40216 (0.1%)
2026-08-11 17:07:26 | sleep.tagging                  | INFO  | step=53 | 1 tags created from 1 spans | buffer: 38/40216 (0.1%)
2026-08-11 17:07:26 | sleep.tagging                  | INFO  | step=54 | 1 tags created from 1 spans | buffer: 39/40216 (0.1%)
2026-08-11 17:07:26 | sleep.tagging                  | INFO  | step=56 | 1 tags created from 1 spans | buffer: 40/40216 (0.1%)
2026-08-11 17:07:27 | sleep.tagging                  | INFO  | step=57 | 1 tags created from 1 spans | buffer: 41/40216 (0.1%)
2026-08-11 17:07:27 | sleep.tagging                  | INFO  | step=58 | 1 tags created from 1 spans | buffer: 42/40216 (0.1%)
2026-08-11 17:07:27 | sleep.tagging                  | INFO  | step=61 | 1 tags created from 1 spans | buffer: 43/40216 (0.1%)
2026-08-11 17:07:27 | sleep.tagging                  | INFO  | step=62 | 1 tags created from 1 spans | buffer: 44/40216 (0.1%)
2026-08-11 17:07:27 | sleep.tagging                  | INFO  | step=63 | 1 tags created from 1 spans | buffer: 45/40216 (0.1%)
2026-08-11 17:07:27 | sleep.tagging                  | INFO  | step=64 | 1 tags created from 1 spans | buffer: 46/40216 (0.1%)
2026-08-11 17:07:27 | sleep.tagging                  | INFO  | step=66 | 1 tags created from 1 spans | buffer: 47/40216 (0.1%)
2026-08-11 17:07:27 | sleep.tagging                  | INFO  | step=67 | 2 tags created from 2 spans | buffer: 49/40216 (0.1%)
2026-08-11 17:07:28 | sleep.tagging                  | INFO  | step=68 | 1 tags created from 1 spans | buffer: 50/40216 (0.1%)
2026-08-11 17:07:28 | sleep.tagging                  | INFO  | step=69 | 1 tags created from 1 spans | buffer: 51/40216 (0.1%)
2026-08-11 17:07:28 | sleep.tagging                  | INFO  | step=71 | 1 tags created from 1 spans | buffer: 52/40216 (0.1%)
2026-08-11 17:07:28 | sleep.tagging                  | INFO  | step=73 | 1 tags created from 1 spans | buffer: 53/40216 (0.1%)
2026-08-11 17:07:28 | sleep.tagging                  | INFO  | step=74 | 1 tags created from 1 spans | buffer: 54/40216 (0.1%)
2026-08-11 17:07:28 | sleep.tagging                  | INFO  | step=75 | 1 tags created from 1 spans | buffer: 55/40216 (0.1%)
2026-08-11 17:07:28 | sleep.tagging                  | INFO  | step=76 | 1 tags created from 1 spans | buffer: 56/40216 (0.1%)
2026-08-11 17:07:28 | sleep.tagging                  | INFO  | step=77 | 1 tags created from 1 spans | buffer: 57/40216 (0.1%)
2026-08-11 17:07:29 | sleep.tagging                  | INFO  | step=81 | 1 tags created from 1 spans | buffer: 58/40216 (0.1%)
2026-08-11 17:07:29 | sleep.tagging                  | INFO  | step=82 | 1 tags created from 1 spans | buffer: 59/40216 (0.1%)
2026-08-11 17:07:29 | sleep.tagging                  | INFO  | step=83 | 1 tags created from 1 spans | buffer: 60/40216 (0.1%)
2026-08-11 17:07:29 | sleep.tagging                  | INFO  | step=86 | 1 tags created from 1 spans | buffer: 61/40216 (0.2%)
2026-08-11 17:07:29 | sleep.tagging                  | INFO  | step=87 | 1 tags created from 1 spans | buffer: 62/40216 (0.2%)
2026-08-11 17:07:29 | sleep.tagging                  | INFO  | step=89 | 1 tags created from 1 spans | buffer: 63/40216 (0.2%)
2026-08-11 17:07:29 | sleep.tagging                  | INFO  | step=91 | 1 tags created from 1 spans | buffer: 64/40216 (0.2%)
2026-08-11 17:07:30 | sleep.tagging                  | INFO  | step=93 | 1 tags created from 1 spans | buffer: 65/40216 (0.2%)
2026-08-11 17:07:30 | sleep.tagging                  | INFO  | step=94 | 1 tags created from 1 spans | buffer: 66/40216 (0.2%)
2026-08-11 17:07:30 | sleep.tagging                  | INFO  | step=97 | 2 tags created from 2 spans | buffer: 68/40216 (0.2%)
2026-08-11 17:07:30 | sleep.tagging                  | INFO  | step=101 | 1 tags created from 1 spans | buffer: 69/40216 (0.2%)
2026-08-11 17:07:30 | sleep.tagging                  | INFO  | step=102 | 1 tags created from 1 spans | buffer: 70/40216 (0.2%)
2026-08-11 17:07:30 | sleep.tagging                  | INFO  | step=103 | 1 tags created from 1 spans | buffer: 71/40216 (0.2%)
2026-08-11 17:07:30 | sleep.tagging                  | INFO  | step=104 | 1 tags created from 1 spans | buffer: 72/40216 (0.2%)
2026-08-11 17:07:31 | sleep.tagging                  | INFO  | step=105 | 1 tags created from 1 spans | buffer: 73/40216 (0.2%)
2026-08-11 17:07:31 | sleep.tagging                  | INFO  | step=106 | 1 tags created from 1 spans | buffer: 74/40216 (0.2%)
2026-08-11 17:07:31 | sleep.tagging                  | INFO  | step=111 | 1 tags created from 1 spans | buffer: 75/40216 (0.2%)
2026-08-11 17:07:31 | sleep.tagging                  | INFO  | step=113 | 1 tags created from 1 spans | buffer: 76/40216 (0.2%)
2026-08-11 17:07:31 | sleep.tagging                  | INFO  | step=114 | 1 tags created from 1 spans | buffer: 77/40216 (0.2%)
2026-08-11 17:07:31 | sleep.tagging                  | INFO  | step=115 | 1 tags created from 1 spans | buffer: 78/40216 (0.2%)
2026-08-11 17:07:31 | sleep.tagging                  | INFO  | step=116 | 1 tags created from 1 spans | buffer: 79/40216 (0.2%)
2026-08-11 17:07:32 | sleep.tagging                  | INFO  | step=117 | 1 tags created from 1 spans | buffer: 80/40216 (0.2%)
2026-08-11 17:07:32 | sleep.tagging                  | INFO  | step=121 | 1 tags created from 1 spans | buffer: 81/40216 (0.2%)
2026-08-11 17:07:32 | sleep.tagging                  | INFO  | step=122 | 1 tags created from 1 spans | buffer: 82/40216 (0.2%)
2026-08-11 17:07:32 | sleep.tagging                  | INFO  | step=123 | 1 tags created from 1 spans | buffer: 83/40216 (0.2%)
2026-08-11 17:07:32 | sleep.tagging                  | INFO  | step=124 | 1 tags created from 1 spans | buffer: 84/40216 (0.2%)
2026-08-11 17:07:32 | sleep.tagging                  | INFO  | step=125 | 1 tags created from 1 spans | buffer: 85/40216 (0.2%)
2026-08-11 17:07:32 | sleep.tagging                  | INFO  | step=127 | 1 tags created from 1 spans | buffer: 86/40216 (0.2%)
2026-08-11 17:07:32 | sleep.tagging                  | INFO  | step=128 | 1 tags created from 1 spans | buffer: 87/40216 (0.2%)
2026-08-11 17:07:33 | sleep.tagging                  | INFO  | step=129 | 1 tags created from 1 spans | buffer: 88/40216 (0.2%)
2026-08-11 17:07:33 | sleep.tagging                  | INFO  | step=132 | 1 tags created from 1 spans | buffer: 89/40216 (0.2%)
2026-08-11 17:07:33 | sleep.tagging                  | INFO  | step=133 | 1 tags created from 1 spans | buffer: 90/40216 (0.2%)
2026-08-11 17:07:33 | sleep.tagging                  | INFO  | step=134 | 1 tags created from 1 spans | buffer: 91/40216 (0.2%)
2026-08-11 17:07:33 | sleep.tagging                  | INFO  | step=135 | 1 tags created from 1 spans | buffer: 92/40216 (0.2%)
2026-08-11 17:07:33 | sleep.tagging                  | INFO  | step=136 | 1 tags created from 1 spans | buffer: 93/40216 (0.2%)
2026-08-11 17:07:33 | sleep.tagging                  | INFO  | step=138 | 1 tags created from 1 spans | buffer: 94/40216 (0.2%)
2026-08-11 17:07:33 | sleep.tagging                  | INFO  | step=139 | 1 tags created from 1 spans | buffer: 95/40216 (0.2%)
2026-08-11 17:07:34 | sleep.tagging                  | INFO  | step=141 | 1 tags created from 1 spans | buffer: 96/40216 (0.2%)
2026-08-11 17:07:34 | sleep.tagging                  | INFO  | step=142 | 1 tags created from 1 spans | buffer: 97/40216 (0.2%)
2026-08-11 17:07:34 | sleep.tagging                  | INFO  | step=144 | 1 tags created from 1 spans | buffer: 98/40216 (0.2%)
2026-08-11 17:07:34 | sleep.tagging                  | INFO  | step=148 | 1 tags created from 1 spans | buffer: 99/40216 (0.2%)
2026-08-11 17:07:34 | sleep.tagging                  | INFO  | step=149 | 1 tags created from 1 spans | buffer: 100/40216 (0.2%)
2026-08-11 17:07:34 | sleep.tagging                  | INFO  | step=151 | 1 tags created from 1 spans | buffer: 101/40216 (0.3%)
2026-08-11 17:07:34 | sleep.tagging                  | INFO  | step=152 | 2 tags created from 2 spans | buffer: 103/40216 (0.3%)
2026-08-11 17:07:34 | sleep.tagging                  | INFO  | step=153 | 1 tags created from 1 spans | buffer: 104/40216 (0.3%)
2026-08-11 17:07:35 | sleep.tagging                  | INFO  | step=154 | 1 tags created from 1 spans | buffer: 105/40216 (0.3%)
2026-08-11 17:07:35 | sleep.tagging                  | INFO  | step=155 | 1 tags created from 1 spans | buffer: 106/40216 (0.3%)
2026-08-11 17:07:35 | sleep.tagging                  | INFO  | step=156 | 1 tags created from 1 spans | buffer: 107/40216 (0.3%)
2026-08-11 17:07:35 | sleep.tagging                  | INFO  | step=158 | 1 tags created from 1 spans | buffer: 108/40216 (0.3%)
2026-08-11 17:07:35 | sleep.tagging                  | INFO  | step=161 | 1 tags created from 1 spans | buffer: 109/40216 (0.3%)
2026-08-11 17:07:35 | sleep.tagging                  | INFO  | step=162 | 1 tags created from 1 spans | buffer: 110/40216 (0.3%)
2026-08-11 17:07:35 | sleep.tagging                  | INFO  | step=163 | 1 tags created from 1 spans | buffer: 111/40216 (0.3%)
2026-08-11 17:07:35 | sleep.tagging                  | INFO  | step=164 | 1 tags created from 1 spans | buffer: 112/40216 (0.3%)
2026-08-11 17:07:36 | sleep.tagging                  | INFO  | step=166 | 1 tags created from 1 spans | buffer: 113/40216 (0.3%)
2026-08-11 17:07:36 | sleep.tagging                  | INFO  | step=167 | 1 tags created from 1 spans | buffer: 114/40216 (0.3%)
2026-08-11 17:07:36 | sleep.tagging                  | INFO  | step=168 | 1 tags created from 1 spans | buffer: 115/40216 (0.3%)
2026-08-11 17:07:36 | sleep.tagging                  | INFO  | step=173 | 1 tags created from 1 spans | buffer: 116/40216 (0.3%)
2026-08-11 17:07:36 | sleep.tagging                  | INFO  | step=174 | 1 tags created from 1 spans | buffer: 117/40216 (0.3%)
2026-08-11 17:07:36 | sleep.tagging                  | INFO  | step=175 | 1 tags created from 1 spans | buffer: 118/40216 (0.3%)
2026-08-11 17:07:36 | sleep.tagging                  | INFO  | step=176 | 1 tags created from 1 spans | buffer: 119/40216 (0.3%)
2026-08-11 17:07:36 | sleep.tagging                  | INFO  | step=177 | 2 tags created from 2 spans | buffer: 121/40216 (0.3%)
2026-08-11 17:07:37 | sleep.tagging                  | INFO  | step=179 | 1 tags created from 1 spans | buffer: 122/40216 (0.3%)
2026-08-11 17:07:37 | sleep.tagging                  | INFO  | step=181 | 1 tags created from 1 spans | buffer: 123/40216 (0.3%)
2026-08-11 17:07:37 | sleep.tagging                  | INFO  | step=182 | 1 tags created from 1 spans | buffer: 124/40216 (0.3%)
2026-08-11 17:07:37 | sleep.tagging                  | INFO  | step=183 | 1 tags created from 1 spans | buffer: 125/40216 (0.3%)
2026-08-11 17:07:37 | sleep.tagging                  | INFO  | step=184 | 1 tags created from 1 spans | buffer: 126/40216 (0.3%)
2026-08-11 17:07:37 | sleep.tagging                  | INFO  | step=186 | 1 tags created from 1 spans | buffer: 127/40216 (0.3%)
2026-08-11 17:07:37 | sleep.tagging                  | INFO  | step=187 | 1 tags created from 1 spans | buffer: 128/40216 (0.3%)
2026-08-11 17:07:38 | sleep.tagging                  | INFO  | step=191 | 1 tags created from 1 spans | buffer: 129/40216 (0.3%)
2026-08-11 17:07:38 | sleep.tagging                  | INFO  | step=192 | 1 tags created from 1 spans | buffer: 130/40216 (0.3%)
2026-08-11 17:07:38 | sleep.tagging                  | INFO  | step=193 | 1 tags created from 1 spans | buffer: 131/40216 (0.3%)
2026-08-11 17:07:38 | sleep.tagging                  | INFO  | step=194 | 1 tags created from 1 spans | buffer: 132/40216 (0.3%)
2026-08-11 17:07:38 | sleep.tagging                  | INFO  | step=196 | 1 tags created from 1 spans | buffer: 133/40216 (0.3%)
2026-08-11 17:07:38 | sleep.tagging                  | INFO  | step=197 | 2 tags created from 2 spans | buffer: 135/40216 (0.3%)
2026-08-11 17:07:38 | sleep.experiment.13            | INFO  | WAKE done: 135 tags, 127 episodes in bank
2026-08-11 17:07:38 | sleep.prp                      | INFO  | step=200 | PRP update: 41/4021 allocated (1%) | +41 -0 | threshold=0.317 | mean_score=0.286
2026-08-11 17:07:38 | sleep.experiment.13            | INFO  | PRP: 41/135 allocated
2026-08-11 17:07:38 | sleep.sleep_engine             | INFO  | === Sleep cycle START | 41 candidates ===
2026-08-11 17:07:38 | sleep.sleep_engine             | INFO  | Phase 1/5: GENERATE (strategy=paraphrase)
2026-08-11 17:07:38 | sleep.sleep_engine             | INFO  | KV memory injection: DISABLED
2026-08-11 17:07:39 | sleep.sleep_engine             | INFO  | Phase 1 (paraphrase strategy): 950 wordings from 41 unique sources (41 candidates)
[transformers] Ignoring clean_up_tokenization_spaces=True for BPE tokenizer TokenizersBackend. The clean_up_tokenization post-processing step is designed for WordPiece tokenizers and is destructive for BPE (it strips spaces before punctuation). Set clean_up_tokenization_spaces=False to suppress this warning, or set clean_up_tokenization_spaces_for_bpe_even_though_it_will_corrupt_output=True to force cleanup anyway.
2026-08-11 17:07:39 | sleep.sleep_engine             | INFO  | Phase 1 complete: 950/41 replays generated
2026-08-11 17:07:39 | sleep.sleep_engine             | INFO  | Phase 2/5: QUALITY CHECK
2026-08-11 17:07:39 | sleep.sleep_engine             | INFO  | Phase 2 complete: 950/950 replays accepted
2026-08-11 17:07:39 | sleep.sleep_engine             | INFO  | Phase 3/5: TRAIN (950 accepted replays)
2026-08-11 17:07:39 | sleep.sleep_engine             | INFO  | KV memory injection: DISABLED
2026-08-11 17:07:39 | sleep.weights.plasticity       | INFO  | Saved checkpoint for adapter 'w_cons': 44 parameters.
2026-08-11 17:07:39 | sleep.weights.plasticity       | INFO  | Saved checkpoint for adapter 'w_cons': 44 parameters.
2026-08-11 17:07:39 | sleep.sleep_engine.train       | INFO  | Starting sleep training | n_steps=1500 | n_replay=950 | lr=1.00e-04 | device=cuda
2026-08-11 17:08:23 | sleep.weights.plasticity       | INFO  | Hard-clipped 1 w_cons parameters to delta_max=0.0500 bound.
2026-08-11 17:08:23 | sleep.weights.plasticity       | INFO  | Hard-clipped 1 w_cons parameters to delta_max=0.0500 bound.
2026-08-11 17:08:24 | sleep.weights.plasticity       | INFO  | Hard-clipped 1 w_cons parameters to delta_max=0.0500 bound.
2026-08-11 17:08:24 | sleep.weights.plasticity       | INFO  | Hard-clipped 1 w_cons parameters to delta_max=0.0500 bound.
2026-08-11 17:08:25 | sleep.weights.plasticity       | INFO  | Hard-clipped 1 w_cons parameters to delta_max=0.0500 bound.
2026-08-11 17:08:25 | sleep.weights.plasticity       | INFO  | Hard-clipped 1 w_cons parameters to delta_max=0.0500 bound.
2026-08-11 17:08:26 | sleep.weights.plasticity       | INFO  | Hard-clipped 1 w_cons parameters to delta_max=0.0500 bound.
2026-08-11 17:08:26 | sleep.weights.plasticity       | INFO  | Hard-clipped 1 w_cons parameters to delta_max=0.0500 bound.
2026-08-11 17:08:27 | sleep.weights.plasticity       | INFO  | Hard-clipped 1 w_cons parameters to delta_max=0.0500 bound.
2026-08-11 17:08:27 | sleep.weights.plasticity       | INFO  | Hard-clipped 1 w_cons parameters to delta_max=0.0500 bound.
2026-08-11 17:08:28 | sleep.weights.plasticity       | INFO  | Hard-clipped 1 w_cons parameters to delta_max=0.0500 bound.
2026-08-11 17:08:28 | sleep.weights.plasticity       | INFO  | Hard-clipped 1 w_cons parameters to delta_max=0.0500 bound.
2026-08-11 17:08:29 | sleep.weights.plasticity       | INFO  | Hard-clipped 1 w_cons parameters to delta_max=0.0500 bound.
2026-08-11 17:08:29 | sleep.weights.plasticity       | INFO  | Hard-clipped 1 w_cons parameters to delta_max=0.0500 bound.
2026-08-11 17:08:30 | sleep.weights.plasticity       | INFO  | Hard-clipped 1 w_cons parameters to delta_max=0.0500 bound.
2026-08-11 17:08:30 | sleep.weights.plasticity       | INFO  | Hard-clipped 1 w_cons parameters to delta_max=0.0500 bound.
2026-08-11 17:08:31 | sleep.weights.plasticity       | INFO  | Hard-clipped 1 w_cons parameters to delta_max=0.0500 bound.
2026-08-11 17:08:31 | sleep.weights.plasticity       | INFO  | Hard-clipped 1 w_cons parameters to delta_max=0.0500 bound.
2026-08-11 17:08:32 | sleep.weights.plasticity       | INFO  | Hard-clipped 1 w_cons parameters to delta_max=0.0500 bound.
2026-08-11 17:08:32 | sleep.weights.plasticity       | INFO  | Hard-clipped 1 w_cons parameters to delta_max=0.0500 bound.
2026-08-11 17:08:33 | sleep.weights.plasticity       | INFO  | Hard-clipped 1 w_cons parameters to delta_max=0.0500 bound.
2026-08-11 17:08:33 | sleep.weights.plasticity       | INFO  | Hard-clipped 1 w_cons parameters to delta_max=0.0500 bound.
2026-08-11 17:08:34 | sleep.weights.plasticity       | INFO  | Hard-clipped 1 w_cons parameters to delta_max=0.0500 bound.
2026-08-11 17:08:34 | sleep.weights.plasticity       | INFO  | Hard-clipped 1 w_cons parameters to delta_max=0.0500 bound.
2026-08-11 17:08:35 | sleep.weights.plasticity       | INFO  | Hard-clipped 1 w_cons parameters to delta_max=0.0500 bound.
2026-08-11 17:08:35 | sleep.weights.plasticity       | INFO  | Hard-clipped 1 w_cons parameters to delta_max=0.0500 bound.
2026-08-11 17:08:35 | sleep.weights.plasticity       | INFO  | Hard-clipped 1 w_cons parameters to delta_max=0.0500 bound.
2026-08-11 17:08:36 | sleep.weights.plasticity       | INFO  | Hard-clipped 1 w_cons parameters to delta_max=0.0500 bound.
2026-08-11 17:08:36 | sleep.weights.plasticity       | INFO  | Hard-clipped 1 w_cons parameters to delta_max=0.0500 bound.
2026-08-11 17:08:37 | sleep.weights.plasticity       | INFO  | Hard-clipped 1 w_cons parameters to delta_max=0.0500 bound.
2026-08-11 17:08:37 | sleep.weights.plasticity       | INFO  | Hard-clipped 1 w_cons parameters to delta_max=0.0500 bound.
2026-08-11 17:08:38 | sleep.weights.plasticity       | INFO  | Hard-clipped 1 w_cons parameters to delta_max=0.0500 bound.
2026-08-11 17:08:38 | sleep.weights.plasticity       | INFO  | Hard-clipped 1 w_cons parameters to delta_max=0.0500 bound.
2026-08-11 17:08:39 | sleep.weights.plasticity       | INFO  | Hard-clipped 1 w_cons parameters to delta_max=0.0500 bound.
2026-08-11 17:08:39 | sleep.weights.plasticity       | INFO  | Hard-clipped 1 w_cons parameters to delta_max=0.0500 bound.
2026-08-11 17:08:40 | sleep.weights.plasticity       | INFO  | Hard-clipped 1 w_cons parameters to delta_max=0.0500 bound.
2026-08-11 17:08:40 | sleep.weights.plasticity       | INFO  | Hard-clipped 1 w_cons parameters to delta_max=0.0500 bound.
2026-08-11 17:08:41 | sleep.weights.plasticity       | INFO  | Hard-clipped 1 w_cons parameters to delta_max=0.0500 bound.
2026-08-11 17:08:41 | sleep.weights.plasticity       | INFO  | Hard-clipped 2 w_cons parameters to delta_max=0.0500 bound.
2026-08-11 17:08:42 | sleep.weights.plasticity       | INFO  | Hard-clipped 2 w_cons parameters to delta_max=0.0500 bound.
2026-08-11 17:08:42 | sleep.weights.plasticity       | INFO  | Hard-clipped 2 w_cons parameters to delta_max=0.0500 bound.
2026-08-11 17:08:43 | sleep.weights.plasticity       | INFO  | Hard-clipped 2 w_cons parameters to delta_max=0.0500 bound.
2026-08-11 17:08:43 | sleep.weights.plasticity       | INFO  | Hard-clipped 2 w_cons parameters to delta_max=0.0500 bound.
2026-08-11 17:08:44 | sleep.weights.plasticity       | INFO  | Hard-clipped 2 w_cons parameters to delta_max=0.0500 bound.
2026-08-11 17:08:44 | sleep.weights.plasticity       | INFO  | Hard-clipped 2 w_cons parameters to delta_max=0.0500 bound.
2026-08-11 17:08:45 | sleep.weights.plasticity       | INFO  | Hard-clipped 2 w_cons parameters to delta_max=0.0500 bound.
2026-08-11 17:08:45 | sleep.weights.plasticity       | INFO  | Hard-clipped 2 w_cons parameters to delta_max=0.0500 bound.
2026-08-11 17:08:46 | sleep.weights.plasticity       | INFO  | Hard-clipped 2 w_cons parameters to delta_max=0.0500 bound.
2026-08-11 17:08:46 | sleep.weights.plasticity       | INFO  | Hard-clipped 2 w_cons parameters to delta_max=0.0500 bound.
2026-08-11 17:08:47 | sleep.weights.plasticity       | INFO  | Hard-clipped 2 w_cons parameters to delta_max=0.0500 bound.
2026-08-11 17:08:47 | sleep.weights.plasticity       | INFO  | Hard-clipped 2 w_cons parameters to delta_max=0.0500 bound.
2026-08-11 17:08:48 | sleep.weights.plasticity       | INFO  | Hard-clipped 2 w_cons parameters to delta_max=0.0500 bound.
2026-08-11 17:08:48 | sleep.weights.plasticity       | INFO  | Hard-clipped 2 w_cons parameters to delta_max=0.0500 bound.
2026-08-11 17:08:49 | sleep.weights.plasticity       | INFO  | Hard-clipped 2 w_cons parameters to delta_max=0.0500 bound.
2026-08-11 17:08:49 | sleep.weights.plasticity       | INFO  | Hard-clipped 2 w_cons parameters to delta_max=0.0500 bound.
2026-08-11 17:08:50 | sleep.weights.plasticity       | INFO  | Hard-clipped 2 w_cons parameters to delta_max=0.0500 bound.
2026-08-11 17:08:50 | sleep.weights.plasticity       | INFO  | Hard-clipped 2 w_cons parameters to delta_max=0.0500 bound.
2026-08-11 17:08:51 | sleep.weights.plasticity       | INFO  | Hard-clipped 2 w_cons parameters to delta_max=0.0500 bound.
2026-08-11 17:08:51 | sleep.weights.plasticity       | INFO  | Hard-clipped 2 w_cons parameters to delta_max=0.0500 bound.
2026-08-11 17:08:52 | sleep.weights.plasticity       | INFO  | Hard-clipped 2 w_cons parameters to delta_max=0.0500 bound.
2026-08-11 17:08:52 | sleep.weights.plasticity       | INFO  | Hard-clipped 2 w_cons parameters to delta_max=0.0500 bound.
2026-08-11 17:08:53 | sleep.weights.plasticity       | INFO  | Hard-clipped 2 w_cons parameters to delta_max=0.0500 bound.
2026-08-11 17:08:53 | sleep.sleep_engine.train       | INFO  |   step 150/1500 | loss=0.7612 | mean_loss=2.4882 | eta=9 | lr=1.00e-04
2026-08-11 17:08:53 | sleep.weights.plasticity       | INFO  | Hard-clipped 2 w_cons parameters to delta_max=0.0500 bound.
2026-08-11 17:08:54 | sleep.weights.plasticity       | INFO  | Hard-clipped 2 w_cons parameters to delta_max=0.0500 bound.
2026-08-11 17:08:54 | sleep.weights.plasticity       | INFO  | Hard-clipped 2 w_cons parameters to delta_max=0.0500 bound.
2026-08-11 17:08:55 | sleep.weights.plasticity       | INFO  | Hard-clipped 1 w_cons parameters to delta_max=0.0500 bound.
2026-08-11 17:08:55 | sleep.weights.plasticity       | INFO  | Hard-clipped 1 w_cons parameters to delta_max=0.0500 bound.
2026-08-11 17:08:56 | sleep.weights.plasticity       | INFO  | Hard-clipped 1 w_cons parameters to delta_max=0.0500 bound.
2026-08-11 17:08:56 | sleep.weights.plasticity       | INFO  | Hard-clipped 2 w_cons parameters to delta_max=0.0500 bound.
2026-08-11 17:08:57 | sleep.weights.plasticity       | INFO  | Hard-clipped 1 w_cons parameters to delta_max=0.0500 bound.
2026-08-11 17:08:57 | sleep.weights.plasticity       | INFO  | Hard-clipped 1 w_cons parameters to delta_max=0.0500 bound.
2026-08-11 17:08:58 | sleep.weights.plasticity       | INFO  | Hard-clipped 1 w_cons parameters to delta_max=0.0500 bound.
2026-08-11 17:08:58 | sleep.weights.plasticity       | INFO  | Hard-clipped 1 w_cons parameters to delta_max=0.0500 bound.
2026-08-11 17:08:59 | sleep.weights.plasticity       | INFO  | Hard-clipped 1 w_cons parameters to delta_max=0.0500 bound.
2026-08-11 17:08:59 | sleep.weights.plasticity       | INFO  | Hard-clipped 1 w_cons parameters to delta_max=0.0500 bound.
2026-08-11 17:09:00 | sleep.weights.plasticity       | INFO  | Hard-clipped 1 w_cons parameters to delta_max=0.0500 bound.
2026-08-11 17:09:00 | sleep.weights.plasticity       | INFO  | Hard-clipped 1 w_cons parameters to delta_max=0.0500 bound.
2026-08-11 17:09:01 | sleep.weights.plasticity       | INFO  | Hard-clipped 1 w_cons parameters to delta_max=0.0500 bound.
2026-08-11 17:09:01 | sleep.weights.plasticity       | INFO  | Hard-clipped 1 w_cons parameters to delta_max=0.0500 bound.
2026-08-11 17:09:02 | sleep.weights.plasticity       | INFO  | Hard-clipped 1 w_cons parameters to delta_max=0.0500 bound.
2026-08-11 17:09:02 | sleep.weights.plasticity       | INFO  | Hard-clipped 1 w_cons parameters to delta_max=0.0500 bound.
2026-08-11 17:09:03 | sleep.weights.plasticity       | INFO  | Hard-clipped 1 w_cons parameters to delta_max=0.0500 bound.
2026-08-11 17:09:03 | sleep.weights.plasticity       | INFO  | Hard-clipped 1 w_cons parameters to delta_max=0.0500 bound.
2026-08-11 17:09:04 | sleep.weights.plasticity       | INFO  | Hard-clipped 1 w_cons parameters to delta_max=0.0500 bound.
2026-08-11 17:09:04 | sleep.weights.plasticity       | INFO  | Hard-clipped 1 w_cons parameters to delta_max=0.0500 bound.
2026-08-11 17:09:05 | sleep.weights.plasticity       | INFO  | Hard-clipped 1 w_cons parameters to delta_max=0.0500 bound.
2026-08-11 17:09:05 | sleep.weights.plasticity       | INFO  | Hard-clipped 1 w_cons parameters to delta_max=0.0500 bound.
2026-08-11 17:09:06 | sleep.weights.plasticity       | INFO  | Hard-clipped 1 w_cons parameters to delta_max=0.0500 bound.
2026-08-11 17:09:06 | sleep.weights.plasticity       | INFO  | Hard-clipped 2 w_cons parameters to delta_max=0.0500 bound.
2026-08-11 17:09:07 | sleep.weights.plasticity       | INFO  | Hard-clipped 2 w_cons parameters to delta_max=0.0500 bound.
2026-08-11 17:09:07 | sleep.weights.plasticity       | INFO  | Hard-clipped 2 w_cons parameters to delta_max=0.0500 bound.
2026-08-11 17:09:08 | sleep.weights.plasticity       | INFO  | Hard-clipped 2 w_cons parameters to delta_max=0.0500 bound.
2026-08-11 17:09:08 | sleep.weights.plasticity       | INFO  | Hard-clipped 2 w_cons parameters to delta_max=0.0500 bound.
2026-08-11 17:09:09 | sleep.weights.plasticity       | INFO  | Hard-clipped 2 w_cons parameters to delta_max=0.0500 bound.
2026-08-11 17:09:09 | sleep.weights.plasticity       | INFO  | Hard-clipped 2 w_cons parameters to delta_max=0.0500 bound.
2026-08-11 17:09:10 | sleep.weights.plasticity       | INFO  | Hard-clipped 2 w_cons parameters to delta_max=0.0500 bound.
2026-08-11 17:09:10 | sleep.weights.plasticity       | INFO  | Hard-clipped 2 w_cons parameters to delta_max=0.0500 bound.
2026-08-11 17:09:11 | sleep.weights.plasticity       | INFO  | Hard-clipped 1 w_cons parameters to delta_max=0.0500 bound.
2026-08-11 17:09:11 | sleep.weights.plasticity       | INFO  | Hard-clipped 1 w_cons parameters to delta_max=0.0500 bound.
2026-08-11 17:09:12 | sleep.weights.plasticity       | INFO  | Hard-clipped 1 w_cons parameters to delta_max=0.0500 bound.
2026-08-11 17:09:16 | sleep.weights.plasticity       | INFO  | Hard-clipped 1 w_cons parameters to delta_max=0.0500 bound.
2026-08-11 17:09:16 | sleep.weights.plasticity       | INFO  | Hard-clipped 1 w_cons parameters to delta_max=0.0500 bound.
2026-08-11 17:09:17 | sleep.weights.plasticity       | INFO  | Hard-clipped 1 w_cons parameters to delta_max=0.0500 bound.
2026-08-11 17:09:17 | sleep.weights.plasticity       | INFO  | Hard-clipped 1 w_cons parameters to delta_max=0.0500 bound.
2026-08-11 17:09:18 | sleep.weights.plasticity       | INFO  | Hard-clipped 1 w_cons parameters to delta_max=0.0500 bound.
2026-08-11 17:09:18 | sleep.weights.plasticity       | INFO  | Hard-clipped 1 w_cons parameters to delta_max=0.0500 bound.
2026-08-11 17:09:19 | sleep.weights.plasticity       | INFO  | Hard-clipped 1 w_cons parameters to delta_max=0.0500 bound.
2026-08-11 17:09:19 | sleep.weights.plasticity       | INFO  | Hard-clipped 1 w_cons parameters to delta_max=0.0500 bound.
2026-08-11 17:09:20 | sleep.weights.plasticity       | INFO  | Hard-clipped 2 w_cons parameters to delta_max=0.0500 bound.
2026-08-11 17:09:20 | sleep.weights.plasticity       | INFO  | Hard-clipped 2 w_cons parameters to delta_max=0.0500 bound.
2026-08-11 17:09:21 | sleep.weights.plasticity       | INFO  | Hard-clipped 2 w_cons parameters to delta_max=0.0500 bound.
2026-08-11 17:09:21 | sleep.weights.plasticity       | INFO  | Hard-clipped 2 w_cons parameters to delta_max=0.0500 bound.
2026-08-11 17:09:22 | sleep.weights.plasticity       | INFO  | Hard-clipped 2 w_cons parameters to delta_max=0.0500 bound.
2026-08-11 17:09:22 | sleep.weights.plasticity       | INFO  | Hard-clipped 2 w_cons parameters to delta_max=0.0500 bound.
2026-08-11 17:09:23 | sleep.weights.plasticity       | INFO  | Hard-clipped 2 w_cons parameters to delta_max=0.0500 bound.
2026-08-11 17:09:23 | sleep.weights.plasticity       | INFO  | Hard-clipped 2 w_cons parameters to delta_max=0.0500 bound.
2026-08-11 17:09:24 | sleep.weights.plasticity       | INFO  | Hard-clipped 2 w_cons parameters to delta_max=0.0500 bound.
2026-08-11 17:09:24 | sleep.weights.plasticity       | INFO  | Hard-clipped 2 w_cons parameters to delta_max=0.0500 bound.
2026-08-11 17:09:25 | sleep.weights.plasticity       | INFO  | Hard-clipped 2 w_cons parameters to delta_max=0.0500 bound.
2026-08-11 17:09:25 | sleep.weights.plasticity       | INFO  | Hard-clipped 2 w_cons parameters to delta_max=0.0500 bound.
2026-08-11 17:09:26 | sleep.weights.plasticity       | INFO  | Hard-clipped 2 w_cons parameters to delta_max=0.0500 bound.
2026-08-11 17:09:26 | sleep.weights.plasticity       | INFO  | Hard-clipped 3 w_cons parameters to delta_max=0.0500 bound.
2026-08-11 17:09:26 | sleep.weights.plasticity       | INFO  | Hard-clipped 3 w_cons parameters to delta_max=0.0500 bound.
2026-08-11 17:09:27 | sleep.weights.plasticity       | INFO  | Hard-clipped 3 w_cons parameters to delta_max=0.0500 bound.
2026-08-11 17:09:27 | sleep.weights.plasticity       | INFO  | Hard-clipped 3 w_cons parameters to delta_max=0.0500 bound.
2026-08-11 17:09:28 | sleep.weights.plasticity       | INFO  | Hard-clipped 3 w_cons parameters to delta_max=0.0500 bound.
2026-08-11 17:09:28 | sleep.weights.plasticity       | INFO  | Hard-clipped 3 w_cons parameters to delta_max=0.0500 bound.
2026-08-11 17:09:29 | sleep.weights.plasticity       | INFO  | Hard-clipped 3 w_cons parameters to delta_max=0.0500 bound.
2026-08-11 17:09:29 | sleep.weights.plasticity       | INFO  | Hard-clipped 3 w_cons parameters to delta_max=0.0500 bound.
2026-08-11 17:09:30 | sleep.weights.plasticity       | INFO  | Hard-clipped 3 w_cons parameters to delta_max=0.0500 bound.
2026-08-11 17:09:30 | sleep.weights.plasticity       | INFO  | Hard-clipped 3 w_cons parameters to delta_max=0.0500 bound.
2026-08-11 17:09:31 | sleep.weights.plasticity       | INFO  | Hard-clipped 3 w_cons parameters to delta_max=0.0500 bound.
2026-08-11 17:09:31 | sleep.weights.plasticity       | INFO  | Hard-clipped 3 w_cons parameters to delta_max=0.0500 bound.
2026-08-11 17:09:32 | sleep.weights.plasticity       | INFO  | Hard-clipped 4 w_cons parameters to delta_max=0.0500 bound.
2026-08-11 17:09:32 | sleep.weights.plasticity       | INFO  | Hard-clipped 4 w_cons parameters to delta_max=0.0500 bound.
2026-08-11 17:09:33 | sleep.weights.plasticity       | INFO  | Hard-clipped 4 w_cons parameters to delta_max=0.0500 bound.
2026-08-11 17:09:33 | sleep.weights.plasticity       | INFO  | Hard-clipped 4 w_cons parameters to delta_max=0.0500 bound.
2026-08-11 17:09:34 | sleep.weights.plasticity       | INFO  | Hard-clipped 4 w_cons parameters to delta_max=0.0500 bound.
2026-08-11 17:09:34 | sleep.weights.plasticity       | INFO  | Hard-clipped 4 w_cons parameters to delta_max=0.0500 bound.
2026-08-11 17:09:35 | sleep.weights.plasticity       | INFO  | Hard-clipped 4 w_cons parameters to delta_max=0.0500 bound.
2026-08-11 17:09:35 | sleep.weights.plasticity       | INFO  | Hard-clipped 4 w_cons parameters to delta_max=0.0500 bound.
2026-08-11 17:09:36 | sleep.weights.plasticity       | INFO  | Hard-clipped 4 w_cons parameters to delta_max=0.0500 bound.
2026-08-11 17:09:36 | sleep.weights.plasticity       | INFO  | Hard-clipped 4 w_cons parameters to delta_max=0.0500 bound.
2026-08-11 17:09:37 | sleep.weights.plasticity       | INFO  | Hard-clipped 4 w_cons parameters to delta_max=0.0500 bound.
2026-08-11 17:09:37 | sleep.weights.plasticity       | INFO  | Hard-clipped 4 w_cons parameters to delta_max=0.0500 bound.
2026-08-11 17:09:38 | sleep.weights.plasticity       | INFO  | Hard-clipped 4 w_cons parameters to delta_max=0.0500 bound.
2026-08-11 17:09:38 | sleep.weights.plasticity       | INFO  | Hard-clipped 4 w_cons parameters to delta_max=0.0500 bound.
2026-08-11 17:09:39 | sleep.weights.plasticity       | INFO  | Hard-clipped 3 w_cons parameters to delta_max=0.0500 bound.
2026-08-11 17:09:39 | sleep.weights.plasticity       | INFO  | Hard-clipped 3 w_cons parameters to delta_max=0.0500 bound.
2026-08-11 17:09:40 | sleep.weights.plasticity       | INFO  | Hard-clipped 3 w_cons parameters to delta_max=0.0500 bound.
2026-08-11 17:09:40 | sleep.weights.plasticity       | INFO  | Hard-clipped 3 w_cons parameters to delta_max=0.0500 bound.
2026-08-11 17:09:41 | sleep.weights.plasticity       | INFO  | Hard-clipped 3 w_cons parameters to delta_max=0.0500 bound.
2026-08-11 17:09:41 | sleep.weights.plasticity       | INFO  | Hard-clipped 4 w_cons parameters to delta_max=0.0500 bound.
2026-08-11 17:09:42 | sleep.weights.plasticity       | INFO  | Hard-clipped 4 w_cons parameters to delta_max=0.0500 bound.
2026-08-11 17:09:42 | sleep.weights.plasticity       | INFO  | Hard-clipped 4 w_cons parameters to delta_max=0.0500 bound.
2026-08-11 17:09:43 | sleep.weights.plasticity       | INFO  | Hard-clipped 4 w_cons parameters to delta_max=0.0500 bound.
2026-08-11 17:09:43 | sleep.weights.plasticity       | INFO  | Hard-clipped 4 w_cons parameters to delta_max=0.0500 bound.
2026-08-11 17:09:44 | sleep.weights.plasticity       | INFO  | Hard-clipped 4 w_cons parameters to delta_max=0.0500 bound.
2026-08-11 17:09:44 | sleep.weights.plasticity       | INFO  | Hard-clipped 5 w_cons parameters to delta_max=0.0500 bound.
2026-08-11 17:09:45 | sleep.weights.plasticity       | INFO  | Hard-clipped 5 w_cons parameters to delta_max=0.0500 bound.
2026-08-11 17:09:45 | sleep.weights.plasticity       | INFO  | Hard-clipped 5 w_cons parameters to delta_max=0.0500 bound.
2026-08-11 17:09:46 | sleep.weights.plasticity       | INFO  | Hard-clipped 5 w_cons parameters to delta_max=0.0500 bound.
2026-08-11 17:09:46 | sleep.weights.plasticity       | INFO  | Hard-clipped 5 w_cons parameters to delta_max=0.0500 bound.
2026-08-11 17:09:47 | sleep.weights.plasticity       | INFO  | Hard-clipped 5 w_cons parameters to delta_max=0.0500 bound.
2026-08-11 17:09:47 | sleep.weights.plasticity       | INFO  | Hard-clipped 5 w_cons parameters to delta_max=0.0500 bound.
2026-08-11 17:09:48 | sleep.weights.plasticity       | INFO  | Hard-clipped 5 w_cons parameters to delta_max=0.0500 bound.
2026-08-11 17:09:48 | sleep.weights.plasticity       | INFO  | Hard-clipped 5 w_cons parameters to delta_max=0.0500 bound.
2026-08-11 17:09:49 | sleep.weights.plasticity       | INFO  | Hard-clipped 5 w_cons parameters to delta_max=0.0500 bound.
2026-08-11 17:09:49 | sleep.weights.plasticity       | INFO  | Hard-clipped 5 w_cons parameters to delta_max=0.0500 bound.
2026-08-11 17:09:50 | sleep.weights.plasticity       | INFO  | Hard-clipped 5 w_cons parameters to delta_max=0.0500 bound.
2026-08-11 17:09:50 | sleep.weights.plasticity       | INFO  | Hard-clipped 5 w_cons parameters to delta_max=0.0500 bound.
2026-08-11 17:09:51 | sleep.weights.plasticity       | INFO  | Hard-clipped 5 w_cons parameters to delta_max=0.0500 bound.
2026-08-11 17:09:51 | sleep.weights.plasticity       | INFO  | Hard-clipped 5 w_cons parameters to delta_max=0.0500 bound.
2026-08-11 17:09:52 | sleep.weights.plasticity       | INFO  | Hard-clipped 5 w_cons parameters to delta_max=0.0500 bound.
2026-08-11 17:09:52 | sleep.weights.plasticity       | INFO  | Hard-clipped 5 w_cons parameters to delta_max=0.0500 bound.
2026-08-11 17:09:53 | sleep.weights.plasticity       | INFO  | Hard-clipped 3 w_cons parameters to delta_max=0.0500 bound.
2026-08-11 17:09:53 | sleep.weights.plasticity       | INFO  | Hard-clipped 3 w_cons parameters to delta_max=0.0500 bound.
2026-08-11 17:09:54 | sleep.weights.plasticity       | INFO  | Hard-clipped 3 w_cons parameters to delta_max=0.0500 bound.
2026-08-11 17:09:54 | sleep.weights.plasticity       | INFO  | Hard-clipped 3 w_cons parameters to delta_max=0.0500 bound.
2026-08-11 17:09:55 | sleep.weights.plasticity       | INFO  | Hard-clipped 3 w_cons parameters to delta_max=0.0500 bound.
2026-08-11 17:09:55 | sleep.weights.plasticity       | INFO  | Hard-clipped 3 w_cons parameters to delta_max=0.0500 bound.
2026-08-11 17:09:56 | sleep.weights.plasticity       | INFO  | Hard-clipped 3 w_cons parameters to delta_max=0.0500 bound.
2026-08-11 17:09:56 | sleep.weights.plasticity       | INFO  | Hard-clipped 3 w_cons parameters to delta_max=0.0500 bound.
2026-08-11 17:09:57 | sleep.weights.plasticity       | INFO  | Hard-clipped 3 w_cons parameters to delta_max=0.0500 bound.
2026-08-11 17:09:57 | sleep.weights.plasticity       | INFO  | Hard-clipped 4 w_cons parameters to delta_max=0.0500 bound.
2026-08-11 17:09:58 | sleep.weights.plasticity       | INFO  | Hard-clipped 4 w_cons parameters to delta_max=0.0500 bound.
2026-08-11 17:09:58 | sleep.weights.plasticity       | INFO  | Hard-clipped 4 w_cons parameters to delta_max=0.0500 bound.
2026-08-11 17:09:59 | sleep.weights.plasticity       | INFO  | Hard-clipped 4 w_cons parameters to delta_max=0.0500 bound.
2026-08-11 17:09:59 | sleep.weights.plasticity       | INFO  | Hard-clipped 4 w_cons parameters to delta_max=0.0500 bound.
2026-08-11 17:10:00 | sleep.weights.plasticity       | INFO  | Hard-clipped 4 w_cons parameters to delta_max=0.0500 bound.
2026-08-11 17:10:00 | sleep.weights.plasticity       | INFO  | Hard-clipped 4 w_cons parameters to delta_max=0.0500 bound.
2026-08-11 17:10:01 | sleep.weights.plasticity       | INFO  | Hard-clipped 4 w_cons parameters to delta_max=0.0500 bound.
2026-08-11 17:10:01 | sleep.weights.plasticity       | INFO  | Hard-clipped 4 w_cons parameters to delta_max=0.0500 bound.
2026-08-11 17:10:01 | sleep.weights.plasticity       | INFO  | Hard-clipped 5 w_cons parameters to delta_max=0.0500 bound.
2026-08-11 17:10:02 | sleep.weights.plasticity       | INFO  | Hard-clipped 5 w_cons parameters to delta_max=0.0500 bound.
2026-08-11 17:10:02 | sleep.weights.plasticity       | INFO  | Hard-clipped 5 w_cons parameters to delta_max=0.0500 bound.
2026-08-11 17:10:03 | sleep.weights.plasticity       | INFO  | Hard-clipped 6 w_cons parameters to delta_max=0.0500 bound.
2026-08-11 17:10:03 | sleep.weights.plasticity       | INFO  | Hard-clipped 6 w_cons parameters to delta_max=0.0500 bound.
2026-08-11 17:10:04 | sleep.weights.plasticity       | INFO  | Hard-clipped 6 w_cons parameters to delta_max=0.0500 bound.
2026-08-11 17:10:04 | sleep.weights.plasticity       | INFO  | Hard-clipped 6 w_cons parameters to delta_max=0.0500 bound.
2026-08-11 17:10:05 | sleep.weights.plasticity       | INFO  | Hard-clipped 6 w_cons parameters to delta_max=0.0500 bound.
2026-08-11 17:10:05 | sleep.weights.plasticity       | INFO  | Hard-clipped 6 w_cons parameters to delta_max=0.0500 bound.
2026-08-11 17:10:06 | sleep.weights.plasticity       | INFO  | Hard-clipped 6 w_cons parameters to delta_max=0.0500 bound.
2026-08-11 17:10:07 | sleep.weights.plasticity       | INFO  | Hard-clipped 6 w_cons parameters to delta_max=0.0500 bound.
2026-08-11 17:10:07 | sleep.weights.plasticity       | INFO  | Hard-clipped 6 w_cons parameters to delta_max=0.0500 bound.
2026-08-11 17:10:07 | sleep.sleep_engine.train       | INFO  |   step 300/1500 | loss=0.4830 | mean_loss=1.5515 | eta=9 | lr=9.70e-05
2026-08-11 17:10:07 | sleep.weights.plasticity       | INFO  | Hard-clipped 6 w_cons parameters to delta_max=0.0500 bound.
2026-08-11 17:10:08 | sleep.weights.plasticity       | INFO  | Hard-clipped 6 w_cons parameters to delta_max=0.0500 bound.
2026-08-11 17:10:08 | sleep.weights.plasticity       | INFO  | Hard-clipped 6 w_cons parameters to delta_max=0.0500 bound.
2026-08-11 17:10:09 | sleep.weights.plasticity       | INFO  | Hard-clipped 6 w_cons parameters to delta_max=0.0500 bound.
2026-08-11 17:10:09 | sleep.weights.plasticity       | INFO  | Hard-clipped 6 w_cons parameters to delta_max=0.0500 bound.
2026-08-11 17:10:10 | sleep.weights.plasticity       | INFO  | Hard-clipped 6 w_cons parameters to delta_max=0.0500 bound.
2026-08-11 17:10:10 | sleep.weights.plasticity       | INFO  | Hard-clipped 6 w_cons parameters to delta_max=0.0500 bound.
2026-08-11 17:10:11 | sleep.weights.plasticity       | INFO  | Hard-clipped 6 w_cons parameters to delta_max=0.0500 bound.
2026-08-11 17:10:11 | sleep.weights.plasticity       | INFO  | Hard-clipped 6 w_cons parameters to delta_max=0.0500 bound.
2026-08-11 17:10:12 | sleep.weights.plasticity       | INFO  | Hard-clipped 6 w_cons parameters to delta_max=0.0500 bound.
2026-08-11 17:10:12 | sleep.weights.plasticity       | INFO  | Hard-clipped 6 w_cons parameters to delta_max=0.0500 bound.
2026-08-11 17:10:13 | sleep.weights.plasticity       | INFO  | Hard-clipped 6 w_cons parameters to delta_max=0.0500 bound.
2026-08-11 17:10:13 | sleep.weights.plasticity       | INFO  | Hard-clipped 6 w_cons parameters to delta_max=0.0500 bound.
2026-08-11 17:10:14 | sleep.weights.plasticity       | INFO  | Hard-clipped 6 w_cons parameters to delta_max=0.0500 bound.
2026-08-11 17:10:14 | sleep.weights.plasticity       | INFO  | Hard-clipped 6 w_cons parameters to delta_max=0.0500 bound.
2026-08-11 17:10:15 | sleep.weights.plasticity       | INFO  | Hard-clipped 6 w_cons parameters to delta_max=0.0500 bound.
2026-08-11 17:10:15 | sleep.weights.plasticity       | INFO  | Hard-clipped 7 w_cons parameters to delta_max=0.0500 bound.
2026-08-11 17:10:16 | sleep.weights.plasticity       | INFO  | Hard-clipped 6 w_cons parameters to delta_max=0.0500 bound.
2026-08-11 17:10:16 | sleep.weights.plasticity       | INFO  | Hard-clipped 6 w_cons parameters to delta_max=0.0500 bound.
2026-08-11 17:10:17 | sleep.weights.plasticity       | INFO  | Hard-clipped 6 w_cons parameters to delta_max=0.0500 bound.
2026-08-11 17:10:17 | sleep.weights.plasticity       | INFO  | Hard-clipped 6 w_cons parameters to delta_max=0.0500 bound.
2026-08-11 17:10:18 | sleep.weights.plasticity       | INFO  | Hard-clipped 6 w_cons parameters to delta_max=0.0500 bound.
2026-08-11 17:10:18 | sleep.weights.plasticity       | INFO  | Hard-clipped 6 w_cons parameters to delta_max=0.0500 bound.
2026-08-11 17:10:19 | sleep.weights.plasticity       | INFO  | Hard-clipped 7 w_cons parameters to delta_max=0.0500 bound.
2026-08-11 17:10:19 | sleep.weights.plasticity       | INFO  | Hard-clipped 7 w_cons parameters to delta_max=0.0500 bound.
2026-08-11 17:10:20 | sleep.weights.plasticity       | INFO  | Hard-clipped 7 w_cons parameters to delta_max=0.0500 bound.
2026-08-11 17:10:20 | sleep.weights.plasticity       | INFO  | Hard-clipped 7 w_cons parameters to delta_max=0.0500 bound.
2026-08-11 17:10:21 | sleep.weights.plasticity       | INFO  | Hard-clipped 7 w_cons parameters to delta_max=0.0500 bound.
2026-08-11 17:10:21 | sleep.weights.plasticity       | INFO  | Hard-clipped 7 w_cons parameters to delta_max=0.0500 bound.
2026-08-11 17:10:22 | sleep.weights.plasticity       | INFO  | Hard-clipped 7 w_cons parameters to delta_max=0.0500 bound.
2026-08-11 17:10:22 | sleep.weights.plasticity       | INFO  | Hard-clipped 7 w_cons parameters to delta_max=0.0500 bound.
2026-08-11 17:10:23 | sleep.weights.plasticity       | INFO  | Hard-clipped 7 w_cons parameters to delta_max=0.0500 bound.
2026-08-11 17:10:23 | sleep.weights.plasticity       | INFO  | Hard-clipped 7 w_cons parameters to delta_max=0.0500 bound.
2026-08-11 17:10:24 | sleep.weights.plasticity       | INFO  | Hard-clipped 7 w_cons parameters to delta_max=0.0500 bound.
2026-08-11 17:10:24 | sleep.weights.plasticity       | INFO  | Hard-clipped 7 w_cons parameters to delta_max=0.0500 bound.
2026-08-11 17:10:24 | sleep.weights.plasticity       | INFO  | Hard-clipped 7 w_cons parameters to delta_max=0.0500 bound.
2026-08-11 17:10:25 | sleep.weights.plasticity       | INFO  | Hard-clipped 7 w_cons parameters to delta_max=0.0500 bound.
2026-08-11 17:10:26 | sleep.weights.plasticity       | INFO  | Hard-clipped 7 w_cons parameters to delta_max=0.0500 bound.
2026-08-11 17:10:26 | sleep.weights.plasticity       | INFO  | Hard-clipped 7 w_cons parameters to delta_max=0.0500 bound.
2026-08-11 17:10:27 | sleep.weights.plasticity       | INFO  | Hard-clipped 7 w_cons parameters to delta_max=0.0500 bound.
2026-08-11 17:10:27 | sleep.weights.plasticity       | INFO  | Hard-clipped 7 w_cons parameters to delta_max=0.0500 bound.
2026-08-11 17:10:28 | sleep.weights.plasticity       | INFO  | Hard-clipped 7 w_cons parameters to delta_max=0.0500 bound.
2026-08-11 17:10:28 | sleep.weights.plasticity       | INFO  | Hard-clipped 7 w_cons parameters to delta_max=0.0500 bound.
2026-08-11 17:10:29 | sleep.weights.plasticity       | INFO  | Hard-clipped 7 w_cons parameters to delta_max=0.0500 bound.
2026-08-11 17:10:29 | sleep.weights.plasticity       | INFO  | Hard-clipped 7 w_cons parameters to delta_max=0.0500 bound.
2026-08-11 17:10:30 | sleep.weights.plasticity       | INFO  | Hard-clipped 8 w_cons parameters to delta_max=0.0500 bound.
2026-08-11 17:10:30 | sleep.weights.plasticity       | INFO  | Hard-clipped 9 w_cons parameters to delta_max=0.0500 bound.
2026-08-11 17:10:31 | sleep.weights.plasticity       | INFO  | Hard-clipped 9 w_cons parameters to delta_max=0.0500 bound.
2026-08-11 17:10:31 | sleep.weights.plasticity       | INFO  | Hard-clipped 9 w_cons parameters to delta_max=0.0500 bound.
2026-08-11 17:10:32 | sleep.weights.plasticity       | INFO  | Hard-clipped 9 w_cons parameters to delta_max=0.0500 bound.
2026-08-11 17:10:32 | sleep.weights.plasticity       | INFO  | Hard-clipped 9 w_cons parameters to delta_max=0.0500 bound.
2026-08-11 17:10:33 | sleep.weights.plasticity       | INFO  | Hard-clipped 9 w_cons parameters to delta_max=0.0500 bound.
2026-08-11 17:10:33 | sleep.weights.plasticity       | INFO  | Hard-clipped 9 w_cons parameters to delta_max=0.0500 bound.
2026-08-11 17:10:34 | sleep.weights.plasticity       | INFO  | Hard-clipped 9 w_cons parameters to delta_max=0.0500 bound.
2026-08-11 17:10:34 | sleep.weights.plasticity       | INFO  | Hard-clipped 9 w_cons parameters to delta_max=0.0500 bound.
2026-08-11 17:10:35 | sleep.weights.plasticity       | INFO  | Hard-clipped 9 w_cons parameters to delta_max=0.0500 bound.
2026-08-11 17:10:35 | sleep.weights.plasticity       | INFO  | Hard-clipped 9 w_cons parameters to delta_max=0.0500 bound.
2026-08-11 17:10:36 | sleep.weights.plasticity       | INFO  | Hard-clipped 8 w_cons parameters to delta_max=0.0500 bound.
2026-08-11 17:10:36 | sleep.weights.plasticity       | INFO  | Hard-clipped 8 w_cons parameters to delta_max=0.0500 bound.
2026-08-11 17:10:37 | sleep.weights.plasticity       | INFO  | Hard-clipped 8 w_cons parameters to delta_max=0.0500 bound.
2026-08-11 17:10:37 | sleep.weights.plasticity       | INFO  | Hard-clipped 9 w_cons parameters to delta_max=0.0500 bound.
2026-08-11 17:10:38 | sleep.weights.plasticity       | INFO  | Hard-clipped 9 w_cons parameters to delta_max=0.0500 bound.
2026-08-11 17:10:38 | sleep.weights.plasticity       | INFO  | Hard-clipped 9 w_cons parameters to delta_max=0.0500 bound.
2026-08-11 17:10:39 | sleep.weights.plasticity       | INFO  | Hard-clipped 9 w_cons parameters to delta_max=0.0500 bound.
2026-08-11 17:10:39 | sleep.weights.plasticity       | INFO  | Hard-clipped 9 w_cons parameters to delta_max=0.0500 bound.
2026-08-11 17:10:39 | sleep.weights.plasticity       | INFO  | Hard-clipped 9 w_cons parameters to delta_max=0.0500 bound.
2026-08-11 17:10:40 | sleep.weights.plasticity       | INFO  | Hard-clipped 9 w_cons parameters to delta_max=0.0500 bound.
2026-08-11 17:10:40 | sleep.weights.plasticity       | INFO  | Hard-clipped 10 w_cons parameters to delta_max=0.0500 bound.
2026-08-11 17:10:41 | sleep.weights.plasticity       | INFO  | Hard-clipped 10 w_cons parameters to delta_max=0.0500 bound.
2026-08-11 17:10:41 | sleep.weights.plasticity       | INFO  | Hard-clipped 10 w_cons parameters to delta_max=0.0500 bound.
2026-08-11 17:10:42 | sleep.weights.plasticity       | INFO  | Hard-clipped 10 w_cons parameters to delta_max=0.0500 bound.
2026-08-11 17:10:42 | sleep.weights.plasticity       | INFO  | Hard-clipped 11 w_cons parameters to delta_max=0.0500 bound.
2026-08-11 17:10:43 | sleep.weights.plasticity       | INFO  | Hard-clipped 11 w_cons parameters to delta_max=0.0500 bound.
2026-08-11 17:10:43 | sleep.weights.plasticity       | INFO  | Hard-clipped 11 w_cons parameters to delta_max=0.0500 bound.
2026-08-11 17:10:44 | sleep.weights.plasticity       | INFO  | Hard-clipped 10 w_cons parameters to delta_max=0.0500 bound.
2026-08-11 17:10:44 | sleep.weights.plasticity       | INFO  | Hard-clipped 10 w_cons parameters to delta_max=0.0500 bound.
2026-08-11 17:10:45 | sleep.weights.plasticity       | INFO  | Hard-clipped 10 w_cons parameters to delta_max=0.0500 bound.
2026-08-11 17:10:45 | sleep.weights.plasticity       | INFO  | Hard-clipped 10 w_cons parameters to delta_max=0.0500 bound.
2026-08-11 17:10:46 | sleep.weights.plasticity       | INFO  | Hard-clipped 9 w_cons parameters to delta_max=0.0500 bound.
2026-08-11 17:10:46 | sleep.weights.plasticity       | INFO  | Hard-clipped 10 w_cons parameters to delta_max=0.0500 bound.
2026-08-11 17:10:47 | sleep.weights.plasticity       | INFO  | Hard-clipped 10 w_cons parameters to delta_max=0.0500 bound.
2026-08-11 17:10:47 | sleep.weights.plasticity       | INFO  | Hard-clipped 10 w_cons parameters to delta_max=0.0500 bound.
2026-08-11 17:10:48 | sleep.weights.plasticity       | INFO  | Hard-clipped 10 w_cons parameters to delta_max=0.0500 bound.
2026-08-11 17:10:48 | sleep.weights.plasticity       | INFO  | Hard-clipped 10 w_cons parameters to delta_max=0.0500 bound.
2026-08-11 17:10:49 | sleep.weights.plasticity       | INFO  | Hard-clipped 11 w_cons parameters to delta_max=0.0500 bound.
2026-08-11 17:10:49 | sleep.weights.plasticity       | INFO  | Hard-clipped 11 w_cons parameters to delta_max=0.0500 bound.
2026-08-11 17:10:50 | sleep.weights.plasticity       | INFO  | Hard-clipped 11 w_cons parameters to delta_max=0.0500 bound.
2026-08-11 17:10:50 | sleep.weights.plasticity       | INFO  | Hard-clipped 11 w_cons parameters to delta_max=0.0500 bound.
2026-08-11 17:10:51 | sleep.weights.plasticity       | INFO  | Hard-clipped 11 w_cons parameters to delta_max=0.0500 bound.
2026-08-11 17:10:51 | sleep.weights.plasticity       | INFO  | Hard-clipped 11 w_cons parameters to delta_max=0.0500 bound.
2026-08-11 17:10:52 | sleep.weights.plasticity       | INFO  | Hard-clipped 11 w_cons parameters to delta_max=0.0500 bound.
2026-08-11 17:10:52 | sleep.weights.plasticity       | INFO  | Hard-clipped 11 w_cons parameters to delta_max=0.0500 bound.
2026-08-11 17:10:53 | sleep.weights.plasticity       | INFO  | Hard-clipped 11 w_cons parameters to delta_max=0.0500 bound.
2026-08-11 17:10:53 | sleep.weights.plasticity       | INFO  | Hard-clipped 11 w_cons parameters to delta_max=0.0500 bound.
2026-08-11 17:10:54 | sleep.weights.plasticity       | INFO  | Hard-clipped 11 w_cons parameters to delta_max=0.0500 bound.
2026-08-11 17:10:54 | sleep.weights.plasticity       | INFO  | Hard-clipped 11 w_cons parameters to delta_max=0.0500 bound.
2026-08-11 17:10:55 | sleep.weights.plasticity       | INFO  | Hard-clipped 11 w_cons parameters to delta_max=0.0500 bound.
2026-08-11 17:10:55 | sleep.weights.plasticity       | INFO  | Hard-clipped 11 w_cons parameters to delta_max=0.0500 bound.
2026-08-11 17:10:56 | sleep.weights.plasticity       | INFO  | Hard-clipped 11 w_cons parameters to delta_max=0.0500 bound.
2026-08-11 17:10:56 | sleep.weights.plasticity       | INFO  | Hard-clipped 11 w_cons parameters to delta_max=0.0500 bound.
2026-08-11 17:10:57 | sleep.weights.plasticity       | INFO  | Hard-clipped 12 w_cons parameters to delta_max=0.0500 bound.
2026-08-11 17:10:57 | sleep.weights.plasticity       | INFO  | Hard-clipped 12 w_cons parameters to delta_max=0.0500 bound.
2026-08-11 17:10:58 | sleep.weights.plasticity       | INFO  | Hard-clipped 12 w_cons parameters to delta_max=0.0500 bound.
2026-08-11 17:10:58 | sleep.weights.plasticity       | INFO  | Hard-clipped 13 w_cons parameters to delta_max=0.0500 bound.
2026-08-11 17:10:59 | sleep.weights.plasticity       | INFO  | Hard-clipped 13 w_cons parameters to delta_max=0.0500 bound.
2026-08-11 17:10:59 | sleep.weights.plasticity       | INFO  | Hard-clipped 13 w_cons parameters to delta_max=0.0500 bound.
2026-08-11 17:11:00 | sleep.weights.plasticity       | INFO  | Hard-clipped 13 w_cons parameters to delta_max=0.0500 bound.
2026-08-11 17:11:00 | sleep.weights.plasticity       | INFO  | Hard-clipped 13 w_cons parameters to delta_max=0.0500 bound.
2026-08-11 17:11:01 | sleep.weights.plasticity       | INFO  | Hard-clipped 13 w_cons parameters to delta_max=0.0500 bound.
2026-08-11 17:11:01 | sleep.weights.plasticity       | INFO  | Hard-clipped 13 w_cons parameters to delta_max=0.0500 bound.
2026-08-11 17:11:02 | sleep.weights.plasticity       | INFO  | Hard-clipped 13 w_cons parameters to delta_max=0.0500 bound.
2026-08-11 17:11:02 | sleep.weights.plasticity       | INFO  | Hard-clipped 13 w_cons parameters to delta_max=0.0500 bound.
2026-08-11 17:11:03 | sleep.weights.plasticity       | INFO  | Hard-clipped 13 w_cons parameters to delta_max=0.0500 bound.
2026-08-11 17:11:03 | sleep.weights.plasticity       | INFO  | Hard-clipped 13 w_cons parameters to delta_max=0.0500 bound.
2026-08-11 17:11:04 | sleep.weights.plasticity       | INFO  | Hard-clipped 13 w_cons parameters to delta_max=0.0500 bound.
2026-08-11 17:11:04 | sleep.weights.plasticity       | INFO  | Hard-clipped 13 w_cons parameters to delta_max=0.0500 bound.
2026-08-11 17:11:05 | sleep.weights.plasticity       | INFO  | Hard-clipped 13 w_cons parameters to delta_max=0.0500 bound.
2026-08-11 17:11:05 | sleep.weights.plasticity       | INFO  | Hard-clipped 13 w_cons parameters to delta_max=0.0500 bound.
2026-08-11 17:11:06 | sleep.weights.plasticity       | INFO  | Hard-clipped 13 w_cons parameters to delta_max=0.0500 bound.
2026-08-11 17:11:06 | sleep.weights.plasticity       | INFO  | Hard-clipped 13 w_cons parameters to delta_max=0.0500 bound.
2026-08-11 17:11:07 | sleep.weights.plasticity       | INFO  | Hard-clipped 14 w_cons parameters to delta_max=0.0500 bound.
2026-08-11 17:11:07 | sleep.weights.plasticity       | INFO  | Hard-clipped 14 w_cons parameters to delta_max=0.0500 bound.
2026-08-11 17:11:08 | sleep.weights.plasticity       | INFO  | Hard-clipped 14 w_cons parameters to delta_max=0.0500 bound.
2026-08-11 17:11:08 | sleep.weights.plasticity       | INFO  | Hard-clipped 14 w_cons parameters to delta_max=0.0500 bound.
2026-08-11 17:11:09 | sleep.weights.plasticity       | INFO  | Hard-clipped 14 w_cons parameters to delta_max=0.0500 bound.
2026-08-11 17:11:09 | sleep.weights.plasticity       | INFO  | Hard-clipped 14 w_cons parameters to delta_max=0.0500 bound.
2026-08-11 17:11:10 | sleep.weights.plasticity       | INFO  | Hard-clipped 14 w_cons parameters to delta_max=0.0500 bound.
2026-08-11 17:11:10 | sleep.weights.plasticity       | INFO  | Hard-clipped 14 w_cons parameters to delta_max=0.0500 bound.
2026-08-11 17:11:11 | sleep.weights.plasticity       | INFO  | Hard-clipped 14 w_cons parameters to delta_max=0.0500 bound.
2026-08-11 17:11:11 | sleep.weights.plasticity       | INFO  | Hard-clipped 14 w_cons parameters to delta_max=0.0500 bound.
2026-08-11 17:11:12 | sleep.weights.plasticity       | INFO  | Hard-clipped 14 w_cons parameters to delta_max=0.0500 bound.
2026-08-11 17:11:12 | sleep.weights.plasticity       | INFO  | Hard-clipped 14 w_cons parameters to delta_max=0.0500 bound.
2026-08-11 17:11:13 | sleep.weights.plasticity       | INFO  | Hard-clipped 14 w_cons parameters to delta_max=0.0500 bound.
2026-08-11 17:11:13 | sleep.weights.plasticity       | INFO  | Hard-clipped 14 w_cons parameters to delta_max=0.0500 bound.
2026-08-11 17:11:14 | sleep.weights.plasticity       | INFO  | Hard-clipped 14 w_cons parameters to delta_max=0.0500 bound.
2026-08-11 17:11:14 | sleep.weights.plasticity       | INFO  | Hard-clipped 14 w_cons parameters to delta_max=0.0500 bound.
2026-08-11 17:11:15 | sleep.weights.plasticity       | INFO  | Hard-clipped 14 w_cons parameters to delta_max=0.0500 bound.
2026-08-11 17:11:15 | sleep.weights.plasticity       | INFO  | Hard-clipped 14 w_cons parameters to delta_max=0.0500 bound.
2026-08-11 17:11:16 | sleep.weights.plasticity       | INFO  | Hard-clipped 14 w_cons parameters to delta_max=0.0500 bound.
2026-08-11 17:11:16 | sleep.weights.plasticity       | INFO  | Hard-clipped 14 w_cons parameters to delta_max=0.0500 bound.
2026-08-11 17:11:17 | sleep.weights.plasticity       | INFO  | Hard-clipped 14 w_cons parameters to delta_max=0.0500 bound.
2026-08-11 17:11:17 | sleep.weights.plasticity       | INFO  | Hard-clipped 14 w_cons parameters to delta_max=0.0500 bound.
2026-08-11 17:11:18 | sleep.weights.plasticity       | INFO  | Hard-clipped 14 w_cons parameters to delta_max=0.0500 bound.
2026-08-11 17:11:18 | sleep.weights.plasticity       | INFO  | Hard-clipped 14 w_cons parameters to delta_max=0.0500 bound.
2026-08-11 17:11:19 | sleep.weights.plasticity       | INFO  | Hard-clipped 13 w_cons parameters to delta_max=0.0500 bound.
2026-08-11 17:11:19 | sleep.weights.plasticity       | INFO  | Hard-clipped 8 w_cons parameters to delta_max=0.0500 bound.
2026-08-11 17:11:20 | sleep.weights.plasticity       | INFO  | Hard-clipped 7 w_cons parameters to delta_max=0.0500 bound.
2026-08-11 17:11:20 | sleep.weights.plasticity       | INFO  | Hard-clipped 7 w_cons parameters to delta_max=0.0500 bound.
2026-08-11 17:11:20 | sleep.weights.plasticity       | INFO  | Hard-clipped 6 w_cons parameters to delta_max=0.0500 bound.
2026-08-11 17:11:21 | sleep.weights.plasticity       | INFO  | Hard-clipped 5 w_cons parameters to delta_max=0.0500 bound.
2026-08-11 17:11:21 | sleep.sleep_engine.train       | INFO  |   step 450/1500 | loss=0.3546 | mean_loss=1.1807 | eta=4 | lr=8.83e-05
2026-08-11 17:11:21 | sleep.weights.plasticity       | INFO  | Hard-clipped 5 w_cons parameters to delta_max=0.0500 bound.
2026-08-11 17:11:22 | sleep.weights.plasticity       | INFO  | Hard-clipped 5 w_cons parameters to delta_max=0.0500 bound.
2026-08-11 17:11:22 | sleep.weights.plasticity       | INFO  | Hard-clipped 5 w_cons parameters to delta_max=0.0500 bound.
2026-08-11 17:11:23 | sleep.weights.plasticity       | INFO  | Hard-clipped 4 w_cons parameters to delta_max=0.0500 bound.
2026-08-11 17:11:24 | sleep.weights.plasticity       | INFO  | Hard-clipped 4 w_cons parameters to delta_max=0.0500 bound.
2026-08-11 17:11:24 | sleep.weights.plasticity       | INFO  | Hard-clipped 5 w_cons parameters to delta_max=0.0500 bound.
2026-08-11 17:11:24 | sleep.weights.plasticity       | INFO  | Hard-clipped 5 w_cons parameters to delta_max=0.0500 bound.
2026-08-11 17:11:25 | sleep.weights.plasticity       | INFO  | Hard-clipped 5 w_cons parameters to delta_max=0.0500 bound.
2026-08-11 17:11:25 | sleep.weights.plasticity       | INFO  | Hard-clipped 5 w_cons parameters to delta_max=0.0500 bound.
2026-08-11 17:11:26 | sleep.weights.plasticity       | INFO  | Hard-clipped 5 w_cons parameters to delta_max=0.0500 bound.
2026-08-11 17:11:26 | sleep.weights.plasticity       | INFO  | Hard-clipped 5 w_cons parameters to delta_max=0.0500 bound.
2026-08-11 17:11:27 | sleep.weights.plasticity       | INFO  | Hard-clipped 6 w_cons parameters to delta_max=0.0500 bound.
2026-08-11 17:11:27 | sleep.weights.plasticity       | INFO  | Hard-clipped 9 w_cons parameters to delta_max=0.0500 bound.
2026-08-11 17:11:28 | sleep.weights.plasticity       | INFO  | Hard-clipped 9 w_cons parameters to delta_max=0.0500 bound.
2026-08-11 17:11:28 | sleep.weights.plasticity       | INFO  | Hard-clipped 11 w_cons parameters to delta_max=0.0500 bound.
2026-08-11 17:11:29 | sleep.weights.plasticity       | INFO  | Hard-clipped 12 w_cons parameters to delta_max=0.0500 bound.
2026-08-11 17:11:29 | sleep.weights.plasticity       | INFO  | Hard-clipped 12 w_cons parameters to delta_max=0.0500 bound.
2026-08-11 17:11:30 | sleep.weights.plasticity       | INFO  | Hard-clipped 13 w_cons parameters to delta_max=0.0500 bound.
2026-08-11 17:11:31 | sleep.weights.plasticity       | INFO  | Hard-clipped 13 w_cons parameters to delta_max=0.0500 bound.
2026-08-11 17:11:31 | sleep.weights.plasticity       | INFO  | Hard-clipped 13 w_cons parameters to delta_max=0.0500 bound.
2026-08-11 17:11:32 | sleep.weights.plasticity       | INFO  | Hard-clipped 13 w_cons parameters to delta_max=0.0500 bound.
2026-08-11 17:11:32 | sleep.weights.plasticity       | INFO  | Hard-clipped 13 w_cons parameters to delta_max=0.0500 bound.
2026-08-11 17:11:32 | sleep.weights.plasticity       | INFO  | Hard-clipped 10 w_cons parameters to delta_max=0.0500 bound.
2026-08-11 17:11:33 | sleep.weights.plasticity       | INFO  | Hard-clipped 12 w_cons parameters to delta_max=0.0500 bound.
2026-08-11 17:11:33 | sleep.weights.plasticity       | INFO  | Hard-clipped 7 w_cons parameters to delta_max=0.0500 bound.
2026-08-11 17:11:34 | sleep.weights.plasticity       | INFO  | Hard-clipped 7 w_cons parameters to delta_max=0.0500 bound.
2026-08-11 17:11:34 | sleep.weights.plasticity       | INFO  | Hard-clipped 6 w_cons parameters to delta_max=0.0500 bound.
2026-08-11 17:11:35 | sleep.weights.plasticity       | INFO  | Hard-clipped 6 w_cons parameters to delta_max=0.0500 bound.
2026-08-11 17:11:35 | sleep.weights.plasticity       | INFO  | Hard-clipped 6 w_cons parameters to delta_max=0.0500 bound.
2026-08-11 17:11:36 | sleep.weights.plasticity       | INFO  | Hard-clipped 6 w_cons parameters to delta_max=0.0500 bound.
2026-08-11 17:11:36 | sleep.weights.plasticity       | INFO  | Hard-clipped 6 w_cons parameters to delta_max=0.0500 bound.
2026-08-11 17:11:37 | sleep.weights.plasticity       | INFO  | Hard-clipped 6 w_cons parameters to delta_max=0.0500 bound.
2026-08-11 17:11:37 | sleep.weights.plasticity       | INFO  | Hard-clipped 8 w_cons parameters to delta_max=0.0500 bound.
2026-08-11 17:11:38 | sleep.weights.plasticity       | INFO  | Hard-clipped 12 w_cons parameters to delta_max=0.0500 bound.
2026-08-11 17:11:38 | sleep.weights.plasticity       | INFO  | Hard-clipped 12 w_cons parameters to delta_max=0.0500 bound.
2026-08-11 17:11:39 | sleep.weights.plasticity       | INFO  | Hard-clipped 13 w_cons parameters to delta_max=0.0500 bound.
2026-08-11 17:11:39 | sleep.weights.plasticity       | INFO  | Hard-clipped 15 w_cons parameters to delta_max=0.0500 bound.
2026-08-11 17:11:40 | sleep.weights.plasticity       | INFO  | Hard-clipped 14 w_cons parameters to delta_max=0.0500 bound.
2026-08-11 17:11:40 | sleep.weights.plasticity       | INFO  | Hard-clipped 14 w_cons parameters to delta_max=0.0500 bound.
2026-08-11 17:11:41 | sleep.weights.plasticity       | INFO  | Hard-clipped 14 w_cons parameters to delta_max=0.0500 bound.
2026-08-11 17:11:41 | sleep.weights.plasticity       | INFO  | Hard-clipped 8 w_cons parameters to delta_max=0.0500 bound.
2026-08-11 17:11:42 | sleep.weights.plasticity       | INFO  | Hard-clipped 7 w_cons parameters to delta_max=0.0500 bound.
2026-08-11 17:11:42 | sleep.weights.plasticity       | INFO  | Hard-clipped 7 w_cons parameters to delta_max=0.0500 bound.
2026-08-11 17:11:43 | sleep.weights.plasticity       | INFO  | Hard-clipped 7 w_cons parameters to delta_max=0.0500 bound.
2026-08-11 17:11:43 | sleep.weights.plasticity       | INFO  | Hard-clipped 8 w_cons parameters to delta_max=0.0500 bound.
2026-08-11 17:11:44 | sleep.weights.plasticity       | INFO  | Hard-clipped 7 w_cons parameters to delta_max=0.0500 bound.
2026-08-11 17:11:44 | sleep.weights.plasticity       | INFO  | Hard-clipped 7 w_cons parameters to delta_max=0.0500 bound.
2026-08-11 17:11:45 | sleep.weights.plasticity       | INFO  | Hard-clipped 7 w_cons parameters to delta_max=0.0500 bound.
2026-08-11 17:11:45 | sleep.weights.plasticity       | INFO  | Hard-clipped 7 w_cons parameters to delta_max=0.0500 bound.
2026-08-11 17:11:46 | sleep.weights.plasticity       | INFO  | Hard-clipped 6 w_cons parameters to delta_max=0.0500 bound.
2026-08-11 17:11:46 | sleep.weights.plasticity       | INFO  | Hard-clipped 8 w_cons parameters to delta_max=0.0500 bound.
2026-08-11 17:11:47 | sleep.weights.plasticity       | INFO  | Hard-clipped 8 w_cons parameters to delta_max=0.0500 bound.
2026-08-11 17:11:47 | sleep.weights.plasticity       | INFO  | Hard-clipped 10 w_cons parameters to delta_max=0.0500 bound.
2026-08-11 17:11:48 | sleep.weights.plasticity       | INFO  | Hard-clipped 13 w_cons parameters to delta_max=0.0500 bound.
2026-08-11 17:11:48 | sleep.weights.plasticity       | INFO  | Hard-clipped 13 w_cons parameters to delta_max=0.0500 bound.
2026-08-11 17:11:49 | sleep.weights.plasticity       | INFO  | Hard-clipped 15 w_cons parameters to delta_max=0.0500 bound.
2026-08-11 17:11:49 | sleep.weights.plasticity       | INFO  | Hard-clipped 15 w_cons parameters to delta_max=0.0500 bound.
2026-08-11 17:11:50 | sleep.weights.plasticity       | INFO  | Hard-clipped 15 w_cons parameters to delta_max=0.0500 bound.
2026-08-11 17:11:50 | sleep.weights.plasticity       | INFO  | Hard-clipped 15 w_cons parameters to delta_max=0.0500 bound.
2026-08-11 17:11:51 | sleep.weights.plasticity       | INFO  | Hard-clipped 15 w_cons parameters to delta_max=0.0500 bound.
2026-08-11 17:11:51 | sleep.weights.plasticity       | INFO  | Hard-clipped 15 w_cons parameters to delta_max=0.0500 bound.
2026-08-11 17:11:52 | sleep.weights.plasticity       | INFO  | Hard-clipped 15 w_cons parameters to delta_max=0.0500 bound.
2026-08-11 17:11:52 | sleep.weights.plasticity       | INFO  | Hard-clipped 15 w_cons parameters to delta_max=0.0500 bound.
2026-08-11 17:11:53 | sleep.weights.plasticity       | INFO  | Hard-clipped 15 w_cons parameters to delta_max=0.0500 bound.
2026-08-11 17:11:53 | sleep.weights.plasticity       | INFO  | Hard-clipped 15 w_cons parameters to delta_max=0.0500 bound.
2026-08-11 17:11:54 | sleep.weights.plasticity       | INFO  | Hard-clipped 15 w_cons parameters to delta_max=0.0500 bound.
2026-08-11 17:11:54 | sleep.weights.plasticity       | INFO  | Hard-clipped 8 w_cons parameters to delta_max=0.0500 bound.
2026-08-11 17:11:55 | sleep.weights.plasticity       | INFO  | Hard-clipped 8 w_cons parameters to delta_max=0.0500 bound.
2026-08-11 17:11:55 | sleep.weights.plasticity       | INFO  | Hard-clipped 8 w_cons parameters to delta_max=0.0500 bound.
2026-08-11 17:11:56 | sleep.weights.plasticity       | INFO  | Hard-clipped 9 w_cons parameters to delta_max=0.0500 bound.
2026-08-11 17:11:56 | sleep.weights.plasticity       | INFO  | Hard-clipped 9 w_cons parameters to delta_max=0.0500 bound.
2026-08-11 17:11:57 | sleep.weights.plasticity       | INFO  | Hard-clipped 9 w_cons parameters to delta_max=0.0500 bound.
2026-08-11 17:11:57 | sleep.weights.plasticity       | INFO  | Hard-clipped 9 w_cons parameters to delta_max=0.0500 bound.
2026-08-11 17:11:58 | sleep.weights.plasticity       | INFO  | Hard-clipped 11 w_cons parameters to delta_max=0.0500 bound.
2026-08-11 17:11:58 | sleep.weights.plasticity       | INFO  | Hard-clipped 13 w_cons parameters to delta_max=0.0500 bound.
2026-08-11 17:11:59 | sleep.weights.plasticity       | INFO  | Hard-clipped 14 w_cons parameters to delta_max=0.0500 bound.
2026-08-11 17:11:59 | sleep.weights.plasticity       | INFO  | Hard-clipped 15 w_cons parameters to delta_max=0.0500 bound.
2026-08-11 17:12:00 | sleep.weights.plasticity       | INFO  | Hard-clipped 15 w_cons parameters to delta_max=0.0500 bound.
2026-08-11 17:12:00 | sleep.weights.plasticity       | INFO  | Hard-clipped 15 w_cons parameters to delta_max=0.0500 bound.
2026-08-11 17:12:01 | sleep.weights.plasticity       | INFO  | Hard-clipped 15 w_cons parameters to delta_max=0.0500 bound.
2026-08-11 17:12:01 | sleep.weights.plasticity       | INFO  | Hard-clipped 15 w_cons parameters to delta_max=0.0500 bound.
2026-08-11 17:12:01 | sleep.weights.plasticity       | INFO  | Hard-clipped 15 w_cons parameters to delta_max=0.0500 bound.
2026-08-11 17:12:02 | sleep.weights.plasticity       | INFO  | Hard-clipped 15 w_cons parameters to delta_max=0.0500 bound.
2026-08-11 17:12:02 | sleep.weights.plasticity       | INFO  | Hard-clipped 15 w_cons parameters to delta_max=0.0500 bound.
2026-08-11 17:12:03 | sleep.weights.plasticity       | INFO  | Hard-clipped 15 w_cons parameters to delta_max=0.0500 bound.
2026-08-11 17:12:04 | sleep.weights.plasticity       | INFO  | Hard-clipped 15 w_cons parameters to delta_max=0.0500 bound.
2026-08-11 17:12:04 | sleep.weights.plasticity       | INFO  | Hard-clipped 15 w_cons parameters to delta_max=0.0500 bound.
2026-08-11 17:12:05 | sleep.weights.plasticity       | INFO  | Hard-clipped 10 w_cons parameters to delta_max=0.0500 bound.
2026-08-11 17:12:05 | sleep.weights.plasticity       | INFO  | Hard-clipped 10 w_cons parameters to delta_max=0.0500 bound.
2026-08-11 17:12:06 | sleep.weights.plasticity       | INFO  | Hard-clipped 7 w_cons parameters to delta_max=0.0500 bound.
2026-08-11 17:12:06 | sleep.weights.plasticity       | INFO  | Hard-clipped 7 w_cons parameters to delta_max=0.0500 bound.
2026-08-11 17:12:07 | sleep.weights.plasticity       | INFO  | Hard-clipped 8 w_cons parameters to delta_max=0.0500 bound.
2026-08-11 17:12:07 | sleep.weights.plasticity       | INFO  | Hard-clipped 8 w_cons parameters to delta_max=0.0500 bound.
2026-08-11 17:12:08 | sleep.weights.plasticity       | INFO  | Hard-clipped 9 w_cons parameters to delta_max=0.0500 bound.
2026-08-11 17:12:08 | sleep.weights.plasticity       | INFO  | Hard-clipped 9 w_cons parameters to delta_max=0.0500 bound.
2026-08-11 17:12:09 | sleep.weights.plasticity       | INFO  | Hard-clipped 10 w_cons parameters to delta_max=0.0500 bound.
2026-08-11 17:12:09 | sleep.weights.plasticity       | INFO  | Hard-clipped 10 w_cons parameters to delta_max=0.0500 bound.
2026-08-11 17:12:10 | sleep.weights.plasticity       | INFO  | Hard-clipped 12 w_cons parameters to delta_max=0.0500 bound.
2026-08-11 17:12:10 | sleep.weights.plasticity       | INFO  | Hard-clipped 14 w_cons parameters to delta_max=0.0500 bound.
2026-08-11 17:12:11 | sleep.weights.plasticity       | INFO  | Hard-clipped 15 w_cons parameters to delta_max=0.0500 bound.
2026-08-11 17:12:11 | sleep.weights.plasticity       | INFO  | Hard-clipped 15 w_cons parameters to delta_max=0.0500 bound.
2026-08-11 17:12:12 | sleep.weights.plasticity       | INFO  | Hard-clipped 14 w_cons parameters to delta_max=0.0500 bound.
2026-08-11 17:12:12 | sleep.weights.plasticity       | INFO  | Hard-clipped 14 w_cons parameters to delta_max=0.0500 bound.
2026-08-11 17:12:13 | sleep.weights.plasticity       | INFO  | Hard-clipped 14 w_cons parameters to delta_max=0.0500 bound.
2026-08-11 17:12:13 | sleep.weights.plasticity       | INFO  | Hard-clipped 13 w_cons parameters to delta_max=0.0500 bound.
2026-08-11 17:12:14 | sleep.weights.plasticity       | INFO  | Hard-clipped 13 w_cons parameters to delta_max=0.0500 bound.
2026-08-11 17:12:14 | sleep.weights.plasticity       | INFO  | Hard-clipped 13 w_cons parameters to delta_max=0.0500 bound.
2026-08-11 17:12:15 | sleep.weights.plasticity       | INFO  | Hard-clipped 14 w_cons parameters to delta_max=0.0500 bound.
2026-08-11 17:12:15 | sleep.weights.plasticity       | INFO  | Hard-clipped 13 w_cons parameters to delta_max=0.0500 bound.
2026-08-11 17:12:16 | sleep.weights.plasticity       | INFO  | Hard-clipped 15 w_cons parameters to delta_max=0.0500 bound.
2026-08-11 17:12:16 | sleep.weights.plasticity       | INFO  | Hard-clipped 14 w_cons parameters to delta_max=0.0500 bound.
2026-08-11 17:12:17 | sleep.weights.plasticity       | INFO  | Hard-clipped 10 w_cons parameters to delta_max=0.0500 bound.
2026-08-11 17:12:17 | sleep.weights.plasticity       | INFO  | Hard-clipped 14 w_cons parameters to delta_max=0.0500 bound.
2026-08-11 17:12:18 | sleep.weights.plasticity       | INFO  | Hard-clipped 15 w_cons parameters to delta_max=0.0500 bound.
2026-08-11 17:12:18 | sleep.weights.plasticity       | INFO  | Hard-clipped 15 w_cons parameters to delta_max=0.0500 bound.
2026-08-11 17:12:19 | sleep.weights.plasticity       | INFO  | Hard-clipped 15 w_cons parameters to delta_max=0.0500 bound.
2026-08-11 17:12:19 | sleep.weights.plasticity       | INFO  | Hard-clipped 15 w_cons parameters to delta_max=0.0500 bound.
2026-08-11 17:12:20 | sleep.weights.plasticity       | INFO  | Hard-clipped 15 w_cons parameters to delta_max=0.0500 bound.
2026-08-11 17:12:20 | sleep.weights.plasticity       | INFO  | Hard-clipped 14 w_cons parameters to delta_max=0.0500 bound.
2026-08-11 17:12:21 | sleep.weights.plasticity       | INFO  | Hard-clipped 12 w_cons parameters to delta_max=0.0500 bound.
2026-08-11 17:12:21 | sleep.weights.plasticity       | INFO  | Hard-clipped 12 w_cons parameters to delta_max=0.0500 bound.
2026-08-11 17:12:22 | sleep.weights.plasticity       | INFO  | Hard-clipped 12 w_cons parameters to delta_max=0.0500 bound.
2026-08-11 17:12:22 | sleep.weights.plasticity       | INFO  | Hard-clipped 9 w_cons parameters to delta_max=0.0500 bound.
2026-08-11 17:12:23 | sleep.weights.plasticity       | INFO  | Hard-clipped 8 w_cons parameters to delta_max=0.0500 bound.
2026-08-11 17:12:23 | sleep.weights.plasticity       | INFO  | Hard-clipped 10 w_cons parameters to delta_max=0.0500 bound.
2026-08-11 17:12:24 | sleep.weights.plasticity       | INFO  | Hard-clipped 11 w_cons parameters to delta_max=0.0500 bound.
2026-08-11 17:12:24 | sleep.weights.plasticity       | INFO  | Hard-clipped 10 w_cons parameters to delta_max=0.0500 bound.
2026-08-11 17:12:24 | sleep.weights.plasticity       | INFO  | Hard-clipped 12 w_cons parameters to delta_max=0.0500 bound.
2026-08-11 17:12:25 | sleep.weights.plasticity       | INFO  | Hard-clipped 13 w_cons parameters to delta_max=0.0500 bound.
2026-08-11 17:12:26 | sleep.weights.plasticity       | INFO  | Hard-clipped 13 w_cons parameters to delta_max=0.0500 bound.
2026-08-11 17:12:26 | sleep.weights.plasticity       | INFO  | Hard-clipped 15 w_cons parameters to delta_max=0.0500 bound.
2026-08-11 17:12:27 | sleep.weights.plasticity       | INFO  | Hard-clipped 15 w_cons parameters to delta_max=0.0500 bound.
2026-08-11 17:12:27 | sleep.weights.plasticity       | INFO  | Hard-clipped 15 w_cons parameters to delta_max=0.0500 bound.
2026-08-11 17:12:28 | sleep.weights.plasticity       | INFO  | Hard-clipped 15 w_cons parameters to delta_max=0.0500 bound.
2026-08-11 17:12:28 | sleep.weights.plasticity       | INFO  | Hard-clipped 16 w_cons parameters to delta_max=0.0500 bound.
2026-08-11 17:12:29 | sleep.weights.plasticity       | INFO  | Hard-clipped 12 w_cons parameters to delta_max=0.0500 bound.
2026-08-11 17:12:29 | sleep.weights.plasticity       | INFO  | Hard-clipped 10 w_cons parameters to delta_max=0.0500 bound.
2026-08-11 17:12:30 | sleep.weights.plasticity       | INFO  | Hard-clipped 11 w_cons parameters to delta_max=0.0500 bound.
2026-08-11 17:12:30 | sleep.weights.plasticity       | INFO  | Hard-clipped 11 w_cons parameters to delta_max=0.0500 bound.
2026-08-11 17:12:31 | sleep.weights.plasticity       | INFO  | Hard-clipped 10 w_cons parameters to delta_max=0.0500 bound.
2026-08-11 17:12:31 | sleep.weights.plasticity       | INFO  | Hard-clipped 10 w_cons parameters to delta_max=0.0500 bound.
2026-08-11 17:12:32 | sleep.weights.plasticity       | INFO  | Hard-clipped 10 w_cons parameters to delta_max=0.0500 bound.
2026-08-11 17:12:32 | sleep.weights.plasticity       | INFO  | Hard-clipped 10 w_cons parameters to delta_max=0.0500 bound.
2026-08-11 17:12:33 | sleep.weights.plasticity       | INFO  | Hard-clipped 11 w_cons parameters to delta_max=0.0500 bound.
2026-08-11 17:12:33 | sleep.weights.plasticity       | INFO  | Hard-clipped 13 w_cons parameters to delta_max=0.0500 bound.
2026-08-11 17:12:34 | sleep.weights.plasticity       | INFO  | Hard-clipped 16 w_cons parameters to delta_max=0.0500 bound.
2026-08-11 17:12:34 | sleep.weights.plasticity       | INFO  | Hard-clipped 16 w_cons parameters to delta_max=0.0500 bound.
2026-08-11 17:12:35 | sleep.weights.plasticity       | INFO  | Hard-clipped 16 w_cons parameters to delta_max=0.0500 bound.
2026-08-11 17:12:35 | sleep.weights.plasticity       | INFO  | Hard-clipped 16 w_cons parameters to delta_max=0.0500 bound.
2026-08-11 17:12:36 | sleep.weights.plasticity       | INFO  | Hard-clipped 16 w_cons parameters to delta_max=0.0500 bound.
2026-08-11 17:12:36 | sleep.sleep_engine.train       | INFO  |   step 600/1500 | loss=0.3299 | mean_loss=0.9649 | eta=4 | lr=7.50e-05
2026-08-11 17:12:36 | sleep.weights.plasticity       | INFO  | Hard-clipped 16 w_cons parameters to delta_max=0.0500 bound.
2026-08-11 17:12:37 | sleep.weights.plasticity       | INFO  | Hard-clipped 16 w_cons parameters to delta_max=0.0500 bound.
2026-08-11 17:12:37 | sleep.weights.plasticity       | INFO  | Hard-clipped 17 w_cons parameters to delta_max=0.0500 bound.
2026-08-11 17:12:38 | sleep.weights.plasticity       | INFO  | Hard-clipped 17 w_cons parameters to delta_max=0.0500 bound.
2026-08-11 17:12:38 | sleep.weights.plasticity       | INFO  | Hard-clipped 17 w_cons parameters to delta_max=0.0500 bound.
2026-08-11 17:12:39 | sleep.weights.plasticity       | INFO  | Hard-clipped 17 w_cons parameters to delta_max=0.0500 bound.
2026-08-11 17:12:39 | sleep.weights.plasticity       | INFO  | Hard-clipped 17 w_cons parameters to delta_max=0.0500 bound.
2026-08-11 17:12:40 | sleep.weights.plasticity       | INFO  | Hard-clipped 17 w_cons parameters to delta_max=0.0500 bound.
2026-08-11 17:12:40 | sleep.weights.plasticity       | INFO  | Hard-clipped 17 w_cons parameters to delta_max=0.0500 bound.
2026-08-11 17:12:41 | sleep.weights.plasticity       | INFO  | Hard-clipped 17 w_cons parameters to delta_max=0.0500 bound.
2026-08-11 17:12:41 | sleep.weights.plasticity       | INFO  | Hard-clipped 10 w_cons parameters to delta_max=0.0500 bound.
2026-08-11 17:12:42 | sleep.weights.plasticity       | INFO  | Hard-clipped 8 w_cons parameters to delta_max=0.0500 bound.
2026-08-11 17:12:42 | sleep.weights.plasticity       | INFO  | Hard-clipped 8 w_cons parameters to delta_max=0.0500 bound.
2026-08-11 17:12:43 | sleep.weights.plasticity       | INFO  | Hard-clipped 8 w_cons parameters to delta_max=0.0500 bound.
2026-08-11 17:12:43 | sleep.weights.plasticity       | INFO  | Hard-clipped 8 w_cons parameters to delta_max=0.0500 bound.
2026-08-11 17:12:44 | sleep.weights.plasticity       | INFO  | Hard-clipped 9 w_cons parameters to delta_max=0.0500 bound.
2026-08-11 17:12:44 | sleep.weights.plasticity       | INFO  | Hard-clipped 9 w_cons parameters to delta_max=0.0500 bound.
2026-08-11 17:12:45 | sleep.weights.plasticity       | INFO  | Hard-clipped 10 w_cons parameters to delta_max=0.0500 bound.
2026-08-11 17:12:45 | sleep.weights.plasticity       | INFO  | Hard-clipped 10 w_cons parameters to delta_max=0.0500 bound.
2026-08-11 17:12:46 | sleep.weights.plasticity       | INFO  | Hard-clipped 11 w_cons parameters to delta_max=0.0500 bound.
2026-08-11 17:12:46 | sleep.weights.plasticity       | INFO  | Hard-clipped 11 w_cons parameters to delta_max=0.0500 bound.
2026-08-11 17:12:47 | sleep.weights.plasticity       | INFO  | Hard-clipped 11 w_cons parameters to delta_max=0.0500 bound.
2026-08-11 17:12:47 | sleep.weights.plasticity       | INFO  | Hard-clipped 8 w_cons parameters to delta_max=0.0500 bound.
2026-08-11 17:12:48 | sleep.weights.plasticity       | INFO  | Hard-clipped 7 w_cons parameters to delta_max=0.0500 bound.
2026-08-11 17:12:48 | sleep.weights.plasticity       | INFO  | Hard-clipped 7 w_cons parameters to delta_max=0.0500 bound.
2026-08-11 17:12:49 | sleep.weights.plasticity       | INFO  | Hard-clipped 13 w_cons parameters to delta_max=0.0500 bound.
2026-08-11 17:12:49 | sleep.weights.plasticity       | INFO  | Hard-clipped 15 w_cons parameters to delta_max=0.0500 bound.
2026-08-11 17:12:50 | sleep.weights.plasticity       | INFO  | Hard-clipped 16 w_cons parameters to delta_max=0.0500 bound.
2026-08-11 17:12:50 | sleep.weights.plasticity       | INFO  | Hard-clipped 16 w_cons parameters to delta_max=0.0500 bound.
2026-08-11 17:12:51 | sleep.weights.plasticity       | INFO  | Hard-clipped 16 w_cons parameters to delta_max=0.0500 bound.
2026-08-11 17:12:51 | sleep.weights.plasticity       | INFO  | Hard-clipped 16 w_cons parameters to delta_max=0.0500 bound.
2026-08-11 17:12:52 | sleep.weights.plasticity       | INFO  | Hard-clipped 16 w_cons parameters to delta_max=0.0500 bound.
2026-08-11 17:12:52 | sleep.weights.plasticity       | INFO  | Hard-clipped 16 w_cons parameters to delta_max=0.0500 bound.
2026-08-11 17:12:53 | sleep.weights.plasticity       | INFO  | Hard-clipped 16 w_cons parameters to delta_max=0.0500 bound.
2026-08-11 17:12:53 | sleep.weights.plasticity       | INFO  | Hard-clipped 16 w_cons parameters to delta_max=0.0500 bound.
2026-08-11 17:12:54 | sleep.weights.plasticity       | INFO  | Hard-clipped 14 w_cons parameters to delta_max=0.0500 bound.
2026-08-11 17:12:54 | sleep.weights.plasticity       | INFO  | Hard-clipped 12 w_cons parameters to delta_max=0.0500 bound.
2026-08-11 17:12:55 | sleep.weights.plasticity       | INFO  | Hard-clipped 7 w_cons parameters to delta_max=0.0500 bound.
2026-08-11 17:12:55 | sleep.weights.plasticity       | INFO  | Hard-clipped 7 w_cons parameters to delta_max=0.0500 bound.
2026-08-11 17:12:56 | sleep.weights.plasticity       | INFO  | Hard-clipped 7 w_cons parameters to delta_max=0.0500 bound.
2026-08-11 17:12:56 | sleep.weights.plasticity       | INFO  | Hard-clipped 8 w_cons parameters to delta_max=0.0500 bound.
2026-08-11 17:12:57 | sleep.weights.plasticity       | INFO  | Hard-clipped 7 w_cons parameters to delta_max=0.0500 bound.
2026-08-11 17:12:57 | sleep.weights.plasticity       | INFO  | Hard-clipped 8 w_cons parameters to delta_max=0.0500 bound.
2026-08-11 17:12:58 | sleep.weights.plasticity       | INFO  | Hard-clipped 9 w_cons parameters to delta_max=0.0500 bound.
2026-08-11 17:12:58 | sleep.weights.plasticity       | INFO  | Hard-clipped 9 w_cons parameters to delta_max=0.0500 bound.
2026-08-11 17:12:59 | sleep.weights.plasticity       | INFO  | Hard-clipped 10 w_cons parameters to delta_max=0.0500 bound.
2026-08-11 17:12:59 | sleep.weights.plasticity       | INFO  | Hard-clipped 12 w_cons parameters to delta_max=0.0500 bound.
2026-08-11 17:13:00 | sleep.weights.plasticity       | INFO  | Hard-clipped 15 w_cons parameters to delta_max=0.0500 bound.
2026-08-11 17:13:00 | sleep.weights.plasticity       | INFO  | Hard-clipped 16 w_cons parameters to delta_max=0.0500 bound.
2026-08-11 17:13:01 | sleep.weights.plasticity       | INFO  | Hard-clipped 17 w_cons parameters to delta_max=0.0500 bound.
2026-08-11 17:13:01 | sleep.weights.plasticity       | INFO  | Hard-clipped 17 w_cons parameters to delta_max=0.0500 bound.
2026-08-11 17:13:02 | sleep.weights.plasticity       | INFO  | Hard-clipped 17 w_cons parameters to delta_max=0.0500 bound.
2026-08-11 17:13:02 | sleep.weights.plasticity       | INFO  | Hard-clipped 11 w_cons parameters to delta_max=0.0500 bound.
2026-08-11 17:13:03 | sleep.weights.plasticity       | INFO  | Hard-clipped 17 w_cons parameters to delta_max=0.0500 bound.
2026-08-11 17:13:03 | sleep.weights.plasticity       | INFO  | Hard-clipped 17 w_cons parameters to delta_max=0.0500 bound.
2026-08-11 17:13:04 | sleep.weights.plasticity       | INFO  | Hard-clipped 17 w_cons parameters to delta_max=0.0500 bound.
2026-08-11 17:13:04 | sleep.weights.plasticity       | INFO  | Hard-clipped 17 w_cons parameters to delta_max=0.0500 bound.
2026-08-11 17:13:05 | sleep.weights.plasticity       | INFO  | Hard-clipped 17 w_cons parameters to delta_max=0.0500 bound.
2026-08-11 17:13:05 | sleep.weights.plasticity       | INFO  | Hard-clipped 17 w_cons parameters to delta_max=0.0500 bound.
2026-08-11 17:13:06 | sleep.weights.plasticity       | INFO  | Hard-clipped 16 w_cons parameters to delta_max=0.0500 bound.
2026-08-11 17:13:06 | sleep.weights.plasticity       | INFO  | Hard-clipped 16 w_cons parameters to delta_max=0.0500 bound.
2026-08-11 17:13:07 | sleep.weights.plasticity       | INFO  | Hard-clipped 16 w_cons parameters to delta_max=0.0500 bound.
2026-08-11 17:13:07 | sleep.weights.plasticity       | INFO  | Hard-clipped 17 w_cons parameters to delta_max=0.0500 bound.
2026-08-11 17:13:08 | sleep.weights.plasticity       | INFO  | Hard-clipped 17 w_cons parameters to delta_max=0.0500 bound.
2026-08-11 17:13:08 | sleep.weights.plasticity       | INFO  | Hard-clipped 17 w_cons parameters to delta_max=0.0500 bound.
2026-08-11 17:13:09 | sleep.weights.plasticity       | INFO  | Hard-clipped 17 w_cons parameters to delta_max=0.0500 bound.
2026-08-11 17:13:09 | sleep.weights.plasticity       | INFO  | Hard-clipped 17 w_cons parameters to delta_max=0.0500 bound.
2026-08-11 17:13:10 | sleep.weights.plasticity       | INFO  | Hard-clipped 17 w_cons parameters to delta_max=0.0500 bound.
2026-08-11 17:13:10 | sleep.weights.plasticity       | INFO  | Hard-clipped 17 w_cons parameters to delta_max=0.0500 bound.
2026-08-11 17:13:11 | sleep.weights.plasticity       | INFO  | Hard-clipped 13 w_cons parameters to delta_max=0.0500 bound.
2026-08-11 17:13:11 | sleep.weights.plasticity       | INFO  | Hard-clipped 8 w_cons parameters to delta_max=0.0500 bound.
2026-08-11 17:13:12 | sleep.weights.plasticity       | INFO  | Hard-clipped 7 w_cons parameters to delta_max=0.0500 bound.
2026-08-11 17:13:12 | sleep.weights.plasticity       | INFO  | Hard-clipped 8 w_cons parameters to delta_max=0.0500 bound.
2026-08-11 17:13:13 | sleep.weights.plasticity       | INFO  | Hard-clipped 8 w_cons parameters to delta_max=0.0500 bound.
2026-08-11 17:13:13 | sleep.weights.plasticity       | INFO  | Hard-clipped 8 w_cons parameters to delta_max=0.0500 bound.
2026-08-11 17:13:14 | sleep.weights.plasticity       | INFO  | Hard-clipped 9 w_cons parameters to delta_max=0.0500 bound.
2026-08-11 17:13:14 | sleep.weights.plasticity       | INFO  | Hard-clipped 14 w_cons parameters to delta_max=0.0500 bound.
2026-08-11 17:13:15 | sleep.weights.plasticity       | INFO  | Hard-clipped 15 w_cons parameters to delta_max=0.0500 bound.
2026-08-11 17:13:15 | sleep.weights.plasticity       | INFO  | Hard-clipped 16 w_cons parameters to delta_max=0.0500 bound.
2026-08-11 17:13:16 | sleep.weights.plasticity       | INFO  | Hard-clipped 16 w_cons parameters to delta_max=0.0500 bound.
2026-08-11 17:13:16 | sleep.weights.plasticity       | INFO  | Hard-clipped 16 w_cons parameters to delta_max=0.0500 bound.
2026-08-11 17:13:17 | sleep.weights.plasticity       | INFO  | Hard-clipped 16 w_cons parameters to delta_max=0.0500 bound.
2026-08-11 17:13:17 | sleep.weights.plasticity       | INFO  | Hard-clipped 16 w_cons parameters to delta_max=0.0500 bound.
2026-08-11 17:13:18 | sleep.weights.plasticity       | INFO  | Hard-clipped 16 w_cons parameters to delta_max=0.0500 bound.
2026-08-11 17:13:18 | sleep.weights.plasticity       | INFO  | Hard-clipped 16 w_cons parameters to delta_max=0.0500 bound.
2026-08-11 17:13:19 | sleep.weights.plasticity       | INFO  | Hard-clipped 16 w_cons parameters to delta_max=0.0500 bound.
2026-08-11 17:13:19 | sleep.weights.plasticity       | INFO  | Hard-clipped 15 w_cons parameters to delta_max=0.0500 bound.
2026-08-11 17:13:19 | sleep.weights.plasticity       | INFO  | Hard-clipped 15 w_cons parameters to delta_max=0.0500 bound.
2026-08-11 17:13:20 | sleep.weights.plasticity       | INFO  | Hard-clipped 15 w_cons parameters to delta_max=0.0500 bound.
2026-08-11 17:13:20 | sleep.weights.plasticity       | INFO  | Hard-clipped 15 w_cons parameters to delta_max=0.0500 bound.
2026-08-11 17:13:21 | sleep.weights.plasticity       | INFO  | Hard-clipped 16 w_cons parameters to delta_max=0.0500 bound.
2026-08-11 17:13:21 | sleep.weights.plasticity       | INFO  | Hard-clipped 17 w_cons parameters to delta_max=0.0500 bound.
2026-08-11 17:13:22 | sleep.weights.plasticity       | INFO  | Hard-clipped 17 w_cons parameters to delta_max=0.0500 bound.
2026-08-11 17:13:22 | sleep.weights.plasticity       | INFO  | Hard-clipped 17 w_cons parameters to delta_max=0.0500 bound.
2026-08-11 17:13:23 | sleep.weights.plasticity       | INFO  | Hard-clipped 17 w_cons parameters to delta_max=0.0500 bound.
2026-08-11 17:13:23 | sleep.weights.plasticity       | INFO  | Hard-clipped 17 w_cons parameters to delta_max=0.0500 bound.
2026-08-11 17:13:24 | sleep.weights.plasticity       | INFO  | Hard-clipped 17 w_cons parameters to delta_max=0.0500 bound.
2026-08-11 17:13:24 | sleep.weights.plasticity       | INFO  | Hard-clipped 17 w_cons parameters to delta_max=0.0500 bound.
2026-08-11 17:13:25 | sleep.weights.plasticity       | INFO  | Hard-clipped 17 w_cons parameters to delta_max=0.0500 bound.
2026-08-11 17:13:25 | sleep.weights.plasticity       | INFO  | Hard-clipped 17 w_cons parameters to delta_max=0.0500 bound.
2026-08-11 17:13:26 | sleep.weights.plasticity       | INFO  | Hard-clipped 10 w_cons parameters to delta_max=0.0500 bound.
2026-08-11 17:13:26 | sleep.weights.plasticity       | INFO  | Hard-clipped 10 w_cons parameters to delta_max=0.0500 bound.
2026-08-11 17:13:27 | sleep.weights.plasticity       | INFO  | Hard-clipped 10 w_cons parameters to delta_max=0.0500 bound.
2026-08-11 17:13:27 | sleep.weights.plasticity       | INFO  | Hard-clipped 10 w_cons parameters to delta_max=0.0500 bound.
2026-08-11 17:13:28 | sleep.weights.plasticity       | INFO  | Hard-clipped 7 w_cons parameters to delta_max=0.0500 bound.
2026-08-11 17:13:28 | sleep.weights.plasticity       | INFO  | Hard-clipped 8 w_cons parameters to delta_max=0.0500 bound.
2026-08-11 17:13:29 | sleep.weights.plasticity       | INFO  | Hard-clipped 8 w_cons parameters to delta_max=0.0500 bound.
2026-08-11 17:13:29 | sleep.weights.plasticity       | INFO  | Hard-clipped 8 w_cons parameters to delta_max=0.0500 bound.
2026-08-11 17:13:30 | sleep.weights.plasticity       | INFO  | Hard-clipped 8 w_cons parameters to delta_max=0.0500 bound.
2026-08-11 17:13:30 | sleep.weights.plasticity       | INFO  | Hard-clipped 9 w_cons parameters to delta_max=0.0500 bound.
2026-08-11 17:13:31 | sleep.weights.plasticity       | INFO  | Hard-clipped 12 w_cons parameters to delta_max=0.0500 bound.
2026-08-11 17:13:31 | sleep.weights.plasticity       | INFO  | Hard-clipped 14 w_cons parameters to delta_max=0.0500 bound.
2026-08-11 17:13:32 | sleep.weights.plasticity       | INFO  | Hard-clipped 14 w_cons parameters to delta_max=0.0500 bound.
2026-08-11 17:13:32 | sleep.weights.plasticity       | INFO  | Hard-clipped 15 w_cons parameters to delta_max=0.0500 bound.
2026-08-11 17:13:33 | sleep.weights.plasticity       | INFO  | Hard-clipped 15 w_cons parameters to delta_max=0.0500 bound.
2026-08-11 17:13:33 | sleep.weights.plasticity       | INFO  | Hard-clipped 14 w_cons parameters to delta_max=0.0500 bound.
2026-08-11 17:13:34 | sleep.weights.plasticity       | INFO  | Hard-clipped 15 w_cons parameters to delta_max=0.0500 bound.
2026-08-11 17:13:34 | sleep.weights.plasticity       | INFO  | Hard-clipped 15 w_cons parameters to delta_max=0.0500 bound.
2026-08-11 17:13:35 | sleep.weights.plasticity       | INFO  | Hard-clipped 15 w_cons parameters to delta_max=0.0500 bound.
2026-08-11 17:13:35 | sleep.weights.plasticity       | INFO  | Hard-clipped 15 w_cons parameters to delta_max=0.0500 bound.
2026-08-11 17:13:36 | sleep.weights.plasticity       | INFO  | Hard-clipped 15 w_cons parameters to delta_max=0.0500 bound.
2026-08-11 17:13:37 | sleep.weights.plasticity       | INFO  | Hard-clipped 15 w_cons parameters to delta_max=0.0500 bound.
2026-08-11 17:13:37 | sleep.weights.plasticity       | INFO  | Hard-clipped 15 w_cons parameters to delta_max=0.0500 bound.
2026-08-11 17:13:38 | sleep.weights.plasticity       | INFO  | Hard-clipped 15 w_cons parameters to delta_max=0.0500 bound.
2026-08-11 17:13:38 | sleep.weights.plasticity       | INFO  | Hard-clipped 15 w_cons parameters to delta_max=0.0500 bound.
2026-08-11 17:13:38 | sleep.weights.plasticity       | INFO  | Hard-clipped 15 w_cons parameters to delta_max=0.0500 bound.
2026-08-11 17:13:39 | sleep.weights.plasticity       | INFO  | Hard-clipped 15 w_cons parameters to delta_max=0.0500 bound.
2026-08-11 17:13:39 | sleep.weights.plasticity       | INFO  | Hard-clipped 16 w_cons parameters to delta_max=0.0500 bound.
2026-08-11 17:13:40 | sleep.weights.plasticity       | INFO  | Hard-clipped 16 w_cons parameters to delta_max=0.0500 bound.
2026-08-11 17:13:40 | sleep.weights.plasticity       | INFO  | Hard-clipped 16 w_cons parameters to delta_max=0.0500 bound.
2026-08-11 17:13:41 | sleep.weights.plasticity       | INFO  | Hard-clipped 16 w_cons parameters to delta_max=0.0500 bound.
2026-08-11 17:13:41 | sleep.weights.plasticity       | INFO  | Hard-clipped 16 w_cons parameters to delta_max=0.0500 bound.
2026-08-11 17:13:42 | sleep.weights.plasticity       | INFO  | Hard-clipped 16 w_cons parameters to delta_max=0.0500 bound.
2026-08-11 17:13:42 | sleep.weights.plasticity       | INFO  | Hard-clipped 16 w_cons parameters to delta_max=0.0500 bound.
2026-08-11 17:13:43 | sleep.weights.plasticity       | INFO  | Hard-clipped 16 w_cons parameters to delta_max=0.0500 bound.
2026-08-11 17:13:43 | sleep.weights.plasticity       | INFO  | Hard-clipped 16 w_cons parameters to delta_max=0.0500 bound.
2026-08-11 17:13:44 | sleep.weights.plasticity       | INFO  | Hard-clipped 16 w_cons parameters to delta_max=0.0500 bound.
2026-08-11 17:13:44 | sleep.weights.plasticity       | INFO  | Hard-clipped 10 w_cons parameters to delta_max=0.0500 bound.
2026-08-11 17:13:45 | sleep.weights.plasticity       | INFO  | Hard-clipped 11 w_cons parameters to delta_max=0.0500 bound.
2026-08-11 17:13:46 | sleep.weights.plasticity       | INFO  | Hard-clipped 17 w_cons parameters to delta_max=0.0500 bound.
2026-08-11 17:13:46 | sleep.weights.plasticity       | INFO  | Hard-clipped 17 w_cons parameters to delta_max=0.0500 bound.
2026-08-11 17:13:46 | sleep.weights.plasticity       | INFO  | Hard-clipped 17 w_cons parameters to delta_max=0.0500 bound.
2026-08-11 17:13:47 | sleep.weights.plasticity       | INFO  | Hard-clipped 17 w_cons parameters to delta_max=0.0500 bound.
2026-08-11 17:13:47 | sleep.weights.plasticity       | INFO  | Hard-clipped 17 w_cons parameters to delta_max=0.0500 bound.
2026-08-11 17:13:48 | sleep.weights.plasticity       | INFO  | Hard-clipped 17 w_cons parameters to delta_max=0.0500 bound.
2026-08-11 17:13:48 | sleep.weights.plasticity       | INFO  | Hard-clipped 16 w_cons parameters to delta_max=0.0500 bound.
2026-08-11 17:13:49 | sleep.weights.plasticity       | INFO  | Hard-clipped 16 w_cons parameters to delta_max=0.0500 bound.
2026-08-11 17:13:49 | sleep.weights.plasticity       | INFO  | Hard-clipped 14 w_cons parameters to delta_max=0.0500 bound.
2026-08-11 17:13:50 | sleep.weights.plasticity       | INFO  | Hard-clipped 16 w_cons parameters to delta_max=0.0500 bound.
2026-08-11 17:13:50 | sleep.weights.plasticity       | INFO  | Hard-clipped 16 w_cons parameters to delta_max=0.0500 bound.
2026-08-11 17:13:50 | sleep.sleep_engine.train       | INFO  |   step 750/1500 | loss=0.2978 | mean_loss=0.8298 | eta=4 | lr=5.87e-05
2026-08-11 17:13:51 | sleep.weights.plasticity       | INFO  | Hard-clipped 16 w_cons parameters to delta_max=0.0500 bound.
2026-08-11 17:13:51 | sleep.weights.plasticity       | INFO  | Hard-clipped 15 w_cons parameters to delta_max=0.0500 bound.
2026-08-11 17:13:52 | sleep.weights.plasticity       | INFO  | Hard-clipped 14 w_cons parameters to delta_max=0.0500 bound.
2026-08-11 17:13:52 | sleep.weights.plasticity       | INFO  | Hard-clipped 8 w_cons parameters to delta_max=0.0500 bound.
2026-08-11 17:13:53 | sleep.weights.plasticity       | INFO  | Hard-clipped 10 w_cons parameters to delta_max=0.0500 bound.
2026-08-11 17:13:53 | sleep.weights.plasticity       | INFO  | Hard-clipped 7 w_cons parameters to delta_max=0.0500 bound.
2026-08-11 17:13:54 | sleep.weights.plasticity       | INFO  | Hard-clipped 8 w_cons parameters to delta_max=0.0500 bound.
2026-08-11 17:13:54 | sleep.weights.plasticity       | INFO  | Hard-clipped 10 w_cons parameters to delta_max=0.0500 bound.
2026-08-11 17:13:55 | sleep.weights.plasticity       | INFO  | Hard-clipped 10 w_cons parameters to delta_max=0.0500 bound.
2026-08-11 17:13:55 | sleep.weights.plasticity       | INFO  | Hard-clipped 11 w_cons parameters to delta_max=0.0500 bound.
2026-08-11 17:13:56 | sleep.weights.plasticity       | INFO  | Hard-clipped 14 w_cons parameters to delta_max=0.0500 bound.
2026-08-11 17:13:56 | sleep.weights.plasticity       | INFO  | Hard-clipped 14 w_cons parameters to delta_max=0.0500 bound.
2026-08-11 17:13:57 | sleep.weights.plasticity       | INFO  | Hard-clipped 16 w_cons parameters to delta_max=0.0500 bound.
2026-08-11 17:13:57 | sleep.weights.plasticity       | INFO  | Hard-clipped 15 w_cons parameters to delta_max=0.0500 bound.
2026-08-11 17:13:58 | sleep.weights.plasticity       | INFO  | Hard-clipped 16 w_cons parameters to delta_max=0.0500 bound.
2026-08-11 17:13:58 | sleep.weights.plasticity       | INFO  | Hard-clipped 16 w_cons parameters to delta_max=0.0500 bound.
2026-08-11 17:13:59 | sleep.weights.plasticity       | INFO  | Hard-clipped 17 w_cons parameters to delta_max=0.0500 bound.
2026-08-11 17:13:59 | sleep.weights.plasticity       | INFO  | Hard-clipped 17 w_cons parameters to delta_max=0.0500 bound.
2026-08-11 17:14:00 | sleep.weights.plasticity       | INFO  | Hard-clipped 17 w_cons parameters to delta_max=0.0500 bound.
2026-08-11 17:14:00 | sleep.weights.plasticity       | INFO  | Hard-clipped 17 w_cons parameters to delta_max=0.0500 bound.
2026-08-11 17:14:01 | sleep.weights.plasticity       | INFO  | Hard-clipped 17 w_cons parameters to delta_max=0.0500 bound.
2026-08-11 17:14:01 | sleep.weights.plasticity       | INFO  | Hard-clipped 17 w_cons parameters to delta_max=0.0500 bound.
2026-08-11 17:14:02 | sleep.weights.plasticity       | INFO  | Hard-clipped 17 w_cons parameters to delta_max=0.0500 bound.
2026-08-11 17:14:02 | sleep.weights.plasticity       | INFO  | Hard-clipped 17 w_cons parameters to delta_max=0.0500 bound.
2026-08-11 17:14:03 | sleep.weights.plasticity       | INFO  | Hard-clipped 17 w_cons parameters to delta_max=0.0500 bound.
2026-08-11 17:14:03 | sleep.weights.plasticity       | INFO  | Hard-clipped 17 w_cons parameters to delta_max=0.0500 bound.
2026-08-11 17:14:04 | sleep.weights.plasticity       | INFO  | Hard-clipped 17 w_cons parameters to delta_max=0.0500 bound.
2026-08-11 17:14:04 | sleep.weights.plasticity       | INFO  | Hard-clipped 17 w_cons parameters to delta_max=0.0500 bound.
2026-08-11 17:14:05 | sleep.weights.plasticity       | INFO  | Hard-clipped 17 w_cons parameters to delta_max=0.0500 bound.
2026-08-11 17:14:05 | sleep.weights.plasticity       | INFO  | Hard-clipped 16 w_cons parameters to delta_max=0.0500 bound.
2026-08-11 17:14:06 | sleep.weights.plasticity       | INFO  | Hard-clipped 16 w_cons parameters to delta_max=0.0500 bound.
2026-08-11 17:14:06 | sleep.weights.plasticity       | INFO  | Hard-clipped 16 w_cons parameters to delta_max=0.0500 bound.
2026-08-11 17:14:07 | sleep.weights.plasticity       | INFO  | Hard-clipped 17 w_cons parameters to delta_max=0.0500 bound.
2026-08-11 17:14:07 | sleep.weights.plasticity       | INFO  | Hard-clipped 17 w_cons parameters to delta_max=0.0500 bound.
2026-08-11 17:14:08 | sleep.weights.plasticity       | INFO  | Hard-clipped 17 w_cons parameters to delta_max=0.0500 bound.
2026-08-11 17:14:08 | sleep.weights.plasticity       | INFO  | Hard-clipped 17 w_cons parameters to delta_max=0.0500 bound.
2026-08-11 17:14:08 | sleep.weights.plasticity       | INFO  | Hard-clipped 17 w_cons parameters to delta_max=0.0500 bound.
2026-08-11 17:14:09 | sleep.weights.plasticity       | INFO  | Hard-clipped 17 w_cons parameters to delta_max=0.0500 bound.
2026-08-11 17:14:09 | sleep.weights.plasticity       | INFO  | Hard-clipped 17 w_cons parameters to delta_max=0.0500 bound.
2026-08-11 17:14:10 | sleep.weights.plasticity       | INFO  | Hard-clipped 17 w_cons parameters to delta_max=0.0500 bound.
2026-08-11 17:14:11 | sleep.weights.plasticity       | INFO  | Hard-clipped 17 w_cons parameters to delta_max=0.0500 bound.
2026-08-11 17:14:11 | sleep.weights.plasticity       | INFO  | Hard-clipped 10 w_cons parameters to delta_max=0.0500 bound.
2026-08-11 17:14:12 | sleep.weights.plasticity       | INFO  | Hard-clipped 17 w_cons parameters to delta_max=0.0500 bound.
2026-08-11 17:14:12 | sleep.weights.plasticity       | INFO  | Hard-clipped 16 w_cons parameters to delta_max=0.0500 bound.
2026-08-11 17:14:12 | sleep.weights.plasticity       | INFO  | Hard-clipped 16 w_cons parameters to delta_max=0.0500 bound.
2026-08-11 17:14:13 | sleep.weights.plasticity       | INFO  | Hard-clipped 16 w_cons parameters to delta_max=0.0500 bound.
2026-08-11 17:14:13 | sleep.weights.plasticity       | INFO  | Hard-clipped 11 w_cons parameters to delta_max=0.0500 bound.
2026-08-11 17:14:14 | sleep.weights.plasticity       | INFO  | Hard-clipped 16 w_cons parameters to delta_max=0.0500 bound.
2026-08-11 17:14:14 | sleep.weights.plasticity       | INFO  | Hard-clipped 16 w_cons parameters to delta_max=0.0500 bound.
2026-08-11 17:14:15 | sleep.weights.plasticity       | INFO  | Hard-clipped 16 w_cons parameters to delta_max=0.0500 bound.
2026-08-11 17:14:15 | sleep.weights.plasticity       | INFO  | Hard-clipped 11 w_cons parameters to delta_max=0.0500 bound.
2026-08-11 17:14:16 | sleep.weights.plasticity       | INFO  | Hard-clipped 12 w_cons parameters to delta_max=0.0500 bound.
2026-08-11 17:14:16 | sleep.weights.plasticity       | INFO  | Hard-clipped 15 w_cons parameters to delta_max=0.0500 bound.
2026-08-11 17:14:17 | sleep.weights.plasticity       | INFO  | Hard-clipped 15 w_cons parameters to delta_max=0.0500 bound.
2026-08-11 17:14:17 | sleep.weights.plasticity       | INFO  | Hard-clipped 15 w_cons parameters to delta_max=0.0500 bound.
2026-08-11 17:14:18 | sleep.weights.plasticity       | INFO  | Hard-clipped 17 w_cons parameters to delta_max=0.0500 bound.
2026-08-11 17:14:18 | sleep.weights.plasticity       | INFO  | Hard-clipped 17 w_cons parameters to delta_max=0.0500 bound.
2026-08-11 17:14:19 | sleep.weights.plasticity       | INFO  | Hard-clipped 17 w_cons parameters to delta_max=0.0500 bound.
2026-08-11 17:14:19 | sleep.weights.plasticity       | INFO  | Hard-clipped 17 w_cons parameters to delta_max=0.0500 bound.
2026-08-11 17:14:20 | sleep.weights.plasticity       | INFO  | Hard-clipped 17 w_cons parameters to delta_max=0.0500 bound.
2026-08-11 17:14:20 | sleep.weights.plasticity       | INFO  | Hard-clipped 17 w_cons parameters to delta_max=0.0500 bound.
2026-08-11 17:14:21 | sleep.weights.plasticity       | INFO  | Hard-clipped 17 w_cons parameters to delta_max=0.0500 bound.
2026-08-11 17:14:21 | sleep.weights.plasticity       | INFO  | Hard-clipped 17 w_cons parameters to delta_max=0.0500 bound.
2026-08-11 17:14:22 | sleep.weights.plasticity       | INFO  | Hard-clipped 17 w_cons parameters to delta_max=0.0500 bound.
2026-08-11 17:14:22 | sleep.weights.plasticity       | INFO  | Hard-clipped 17 w_cons parameters to delta_max=0.0500 bound.
2026-08-11 17:14:23 | sleep.weights.plasticity       | INFO  | Hard-clipped 17 w_cons parameters to delta_max=0.0500 bound.
2026-08-11 17:14:23 | sleep.weights.plasticity       | INFO  | Hard-clipped 9 w_cons parameters to delta_max=0.0500 bound.
2026-08-11 17:14:24 | sleep.weights.plasticity       | INFO  | Hard-clipped 10 w_cons parameters to delta_max=0.0500 bound.
2026-08-11 17:14:24 | sleep.weights.plasticity       | INFO  | Hard-clipped 8 w_cons parameters to delta_max=0.0500 bound.
2026-08-11 17:14:25 | sleep.weights.plasticity       | INFO  | Hard-clipped 6 w_cons parameters to delta_max=0.0500 bound.
2026-08-11 17:14:25 | sleep.weights.plasticity       | INFO  | Hard-clipped 7 w_cons parameters to delta_max=0.0500 bound.
2026-08-11 17:14:26 | sleep.weights.plasticity       | INFO  | Hard-clipped 7 w_cons parameters to delta_max=0.0500 bound.
2026-08-11 17:14:26 | sleep.weights.plasticity       | INFO  | Hard-clipped 10 w_cons parameters to delta_max=0.0500 bound.
2026-08-11 17:14:27 | sleep.weights.plasticity       | INFO  | Hard-clipped 10 w_cons parameters to delta_max=0.0500 bound.
2026-08-11 17:14:27 | sleep.weights.plasticity       | INFO  | Hard-clipped 10 w_cons parameters to delta_max=0.0500 bound.
2026-08-11 17:14:28 | sleep.weights.plasticity       | INFO  | Hard-clipped 10 w_cons parameters to delta_max=0.0500 bound.
2026-08-11 17:14:28 | sleep.weights.plasticity       | INFO  | Hard-clipped 10 w_cons parameters to delta_max=0.0500 bound.
2026-08-11 17:14:29 | sleep.weights.plasticity       | INFO  | Hard-clipped 13 w_cons parameters to delta_max=0.0500 bound.
2026-08-11 17:14:29 | sleep.weights.plasticity       | INFO  | Hard-clipped 14 w_cons parameters to delta_max=0.0500 bound.
2026-08-11 17:14:30 | sleep.weights.plasticity       | INFO  | Hard-clipped 16 w_cons parameters to delta_max=0.0500 bound.
2026-08-11 17:14:30 | sleep.weights.plasticity       | INFO  | Hard-clipped 16 w_cons parameters to delta_max=0.0500 bound.
2026-08-11 17:14:31 | sleep.weights.plasticity       | INFO  | Hard-clipped 16 w_cons parameters to delta_max=0.0500 bound.
2026-08-11 17:14:31 | sleep.weights.plasticity       | INFO  | Hard-clipped 16 w_cons parameters to delta_max=0.0500 bound.
2026-08-11 17:14:32 | sleep.weights.plasticity       | INFO  | Hard-clipped 16 w_cons parameters to delta_max=0.0500 bound.
2026-08-11 17:14:32 | sleep.weights.plasticity       | INFO  | Hard-clipped 17 w_cons parameters to delta_max=0.0500 bound.
2026-08-11 17:14:33 | sleep.weights.plasticity       | INFO  | Hard-clipped 17 w_cons parameters to delta_max=0.0500 bound.
2026-08-11 17:14:33 | sleep.weights.plasticity       | INFO  | Hard-clipped 15 w_cons parameters to delta_max=0.0500 bound.
2026-08-11 17:14:34 | sleep.weights.plasticity       | INFO  | Hard-clipped 8 w_cons parameters to delta_max=0.0500 bound.
2026-08-11 17:14:34 | sleep.weights.plasticity       | INFO  | Hard-clipped 8 w_cons parameters to delta_max=0.0500 bound.
2026-08-11 17:14:35 | sleep.weights.plasticity       | INFO  | Hard-clipped 8 w_cons parameters to delta_max=0.0500 bound.
2026-08-11 17:14:35 | sleep.weights.plasticity       | INFO  | Hard-clipped 5 w_cons parameters to delta_max=0.0500 bound.
2026-08-11 17:14:36 | sleep.weights.plasticity       | INFO  | Hard-clipped 5 w_cons parameters to delta_max=0.0500 bound.
2026-08-11 17:14:36 | sleep.weights.plasticity       | INFO  | Hard-clipped 5 w_cons parameters to delta_max=0.0500 bound.
2026-08-11 17:14:37 | sleep.weights.plasticity       | INFO  | Hard-clipped 5 w_cons parameters to delta_max=0.0500 bound.
2026-08-11 17:14:37 | sleep.weights.plasticity       | INFO  | Hard-clipped 6 w_cons parameters to delta_max=0.0500 bound.
2026-08-11 17:14:38 | sleep.weights.plasticity       | INFO  | Hard-clipped 7 w_cons parameters to delta_max=0.0500 bound.
2026-08-11 17:14:38 | sleep.weights.plasticity       | INFO  | Hard-clipped 8 w_cons parameters to delta_max=0.0500 bound.
2026-08-11 17:14:39 | sleep.weights.plasticity       | INFO  | Hard-clipped 8 w_cons parameters to delta_max=0.0500 bound.
2026-08-11 17:14:39 | sleep.weights.plasticity       | INFO  | Hard-clipped 12 w_cons parameters to delta_max=0.0500 bound.
2026-08-11 17:14:40 | sleep.weights.plasticity       | INFO  | Hard-clipped 16 w_cons parameters to delta_max=0.0500 bound.
2026-08-11 17:14:40 | sleep.weights.plasticity       | INFO  | Hard-clipped 17 w_cons parameters to delta_max=0.0500 bound.
2026-08-11 17:14:41 | sleep.weights.plasticity       | INFO  | Hard-clipped 17 w_cons parameters to delta_max=0.0500 bound.
2026-08-11 17:14:41 | sleep.weights.plasticity       | INFO  | Hard-clipped 17 w_cons parameters to delta_max=0.0500 bound.
2026-08-11 17:14:42 | sleep.weights.plasticity       | INFO  | Hard-clipped 17 w_cons parameters to delta_max=0.0500 bound.
2026-08-11 17:14:42 | sleep.weights.plasticity       | INFO  | Hard-clipped 18 w_cons parameters to delta_max=0.0500 bound.
2026-08-11 17:14:43 | sleep.weights.plasticity       | INFO  | Hard-clipped 18 w_cons parameters to delta_max=0.0500 bound.
2026-08-11 17:14:43 | sleep.weights.plasticity       | INFO  | Hard-clipped 18 w_cons parameters to delta_max=0.0500 bound.
2026-08-11 17:14:44 | sleep.weights.plasticity       | INFO  | Hard-clipped 16 w_cons parameters to delta_max=0.0500 bound.
2026-08-11 17:14:44 | sleep.weights.plasticity       | INFO  | Hard-clipped 17 w_cons parameters to delta_max=0.0500 bound.
2026-08-11 17:14:45 | sleep.weights.plasticity       | INFO  | Hard-clipped 16 w_cons parameters to delta_max=0.0500 bound.
2026-08-11 17:14:45 | sleep.weights.plasticity       | INFO  | Hard-clipped 16 w_cons parameters to delta_max=0.0500 bound.
2026-08-11 17:14:46 | sleep.weights.plasticity       | INFO  | Hard-clipped 17 w_cons parameters to delta_max=0.0500 bound.
2026-08-11 17:14:46 | sleep.weights.plasticity       | INFO  | Hard-clipped 13 w_cons parameters to delta_max=0.0500 bound.
2026-08-11 17:14:47 | sleep.weights.plasticity       | INFO  | Hard-clipped 6 w_cons parameters to delta_max=0.0500 bound.
2026-08-11 17:14:47 | sleep.weights.plasticity       | INFO  | Hard-clipped 12 w_cons parameters to delta_max=0.0500 bound.
2026-08-11 17:14:48 | sleep.weights.plasticity       | INFO  | Hard-clipped 14 w_cons parameters to delta_max=0.0500 bound.
2026-08-11 17:14:48 | sleep.weights.plasticity       | INFO  | Hard-clipped 14 w_cons parameters to delta_max=0.0500 bound.
2026-08-11 17:14:49 | sleep.weights.plasticity       | INFO  | Hard-clipped 14 w_cons parameters to delta_max=0.0500 bound.
2026-08-11 17:14:49 | sleep.weights.plasticity       | INFO  | Hard-clipped 14 w_cons parameters to delta_max=0.0500 bound.
2026-08-11 17:14:50 | sleep.weights.plasticity       | INFO  | Hard-clipped 14 w_cons parameters to delta_max=0.0500 bound.
2026-08-11 17:14:50 | sleep.weights.plasticity       | INFO  | Hard-clipped 13 w_cons parameters to delta_max=0.0500 bound.
2026-08-11 17:14:51 | sleep.weights.plasticity       | INFO  | Hard-clipped 11 w_cons parameters to delta_max=0.0500 bound.
2026-08-11 17:14:51 | sleep.weights.plasticity       | INFO  | Hard-clipped 9 w_cons parameters to delta_max=0.0500 bound.
2026-08-11 17:14:52 | sleep.weights.plasticity       | INFO  | Hard-clipped 10 w_cons parameters to delta_max=0.0500 bound.
2026-08-11 17:14:52 | sleep.weights.plasticity       | INFO  | Hard-clipped 14 w_cons parameters to delta_max=0.0500 bound.
2026-08-11 17:14:53 | sleep.weights.plasticity       | INFO  | Hard-clipped 15 w_cons parameters to delta_max=0.0500 bound.
2026-08-11 17:14:53 | sleep.weights.plasticity       | INFO  | Hard-clipped 15 w_cons parameters to delta_max=0.0500 bound.
2026-08-11 17:14:54 | sleep.weights.plasticity       | INFO  | Hard-clipped 16 w_cons parameters to delta_max=0.0500 bound.
2026-08-11 17:14:54 | sleep.weights.plasticity       | INFO  | Hard-clipped 17 w_cons parameters to delta_max=0.0500 bound.
2026-08-11 17:14:54 | sleep.weights.plasticity       | INFO  | Hard-clipped 12 w_cons parameters to delta_max=0.0500 bound.
2026-08-11 17:14:55 | sleep.weights.plasticity       | INFO  | Hard-clipped 14 w_cons parameters to delta_max=0.0500 bound.
2026-08-11 17:14:55 | sleep.weights.plasticity       | INFO  | Hard-clipped 16 w_cons parameters to delta_max=0.0500 bound.
2026-08-11 17:14:56 | sleep.weights.plasticity       | INFO  | Hard-clipped 16 w_cons parameters to delta_max=0.0500 bound.
2026-08-11 17:14:56 | sleep.weights.plasticity       | INFO  | Hard-clipped 16 w_cons parameters to delta_max=0.0500 bound.
2026-08-11 17:14:57 | sleep.weights.plasticity       | INFO  | Hard-clipped 16 w_cons parameters to delta_max=0.0500 bound.
2026-08-11 17:14:57 | sleep.weights.plasticity       | INFO  | Hard-clipped 7 w_cons parameters to delta_max=0.0500 bound.
2026-08-11 17:14:58 | sleep.weights.plasticity       | INFO  | Hard-clipped 7 w_cons parameters to delta_max=0.0500 bound.
2026-08-11 17:14:58 | sleep.weights.plasticity       | INFO  | Hard-clipped 7 w_cons parameters to delta_max=0.0500 bound.
2026-08-11 17:14:59 | sleep.weights.plasticity       | INFO  | Hard-clipped 7 w_cons parameters to delta_max=0.0500 bound.
2026-08-11 17:15:00 | sleep.weights.plasticity       | INFO  | Hard-clipped 7 w_cons parameters to delta_max=0.0500 bound.
2026-08-11 17:15:00 | sleep.weights.plasticity       | INFO  | Hard-clipped 8 w_cons parameters to delta_max=0.0500 bound.
2026-08-11 17:15:01 | sleep.weights.plasticity       | INFO  | Hard-clipped 10 w_cons parameters to delta_max=0.0500 bound.
2026-08-11 17:15:01 | sleep.weights.plasticity       | INFO  | Hard-clipped 14 w_cons parameters to delta_max=0.0500 bound.
2026-08-11 17:15:02 | sleep.weights.plasticity       | INFO  | Hard-clipped 17 w_cons parameters to delta_max=0.0500 bound.
2026-08-11 17:15:02 | sleep.weights.plasticity       | INFO  | Hard-clipped 18 w_cons parameters to delta_max=0.0500 bound.
2026-08-11 17:15:03 | sleep.weights.plasticity       | INFO  | Hard-clipped 18 w_cons parameters to delta_max=0.0500 bound.
2026-08-11 17:15:03 | sleep.weights.plasticity       | INFO  | Hard-clipped 18 w_cons parameters to delta_max=0.0500 bound.
2026-08-11 17:15:04 | sleep.weights.plasticity       | INFO  | Hard-clipped 18 w_cons parameters to delta_max=0.0500 bound.
2026-08-11 17:15:04 | sleep.weights.plasticity       | INFO  | Hard-clipped 18 w_cons parameters to delta_max=0.0500 bound.
2026-08-11 17:15:05 | sleep.weights.plasticity       | INFO  | Hard-clipped 18 w_cons parameters to delta_max=0.0500 bound.
2026-08-11 17:15:05 | sleep.sleep_engine.train       | INFO  |   step 900/1500 | loss=0.2799 | mean_loss=0.7372 | eta=4 | lr=4.13e-05
2026-08-11 17:15:05 | sleep.weights.plasticity       | INFO  | Hard-clipped 10 w_cons parameters to delta_max=0.0500 bound.
2026-08-11 17:15:06 | sleep.weights.plasticity       | INFO  | Hard-clipped 10 w_cons parameters to delta_max=0.0500 bound.
2026-08-11 17:15:06 | sleep.weights.plasticity       | INFO  | Hard-clipped 10 w_cons parameters to delta_max=0.0500 bound.
2026-08-11 17:15:07 | sleep.weights.plasticity       | INFO  | Hard-clipped 10 w_cons parameters to delta_max=0.0500 bound.
2026-08-11 17:15:07 | sleep.weights.plasticity       | INFO  | Hard-clipped 10 w_cons parameters to delta_max=0.0500 bound.
2026-08-11 17:15:07 | sleep.weights.plasticity       | INFO  | Hard-clipped 11 w_cons parameters to delta_max=0.0500 bound.
2026-08-11 17:15:08 | sleep.weights.plasticity       | INFO  | Hard-clipped 14 w_cons parameters to delta_max=0.0500 bound.
2026-08-11 17:15:08 | sleep.weights.plasticity       | INFO  | Hard-clipped 16 w_cons parameters to delta_max=0.0500 bound.
2026-08-11 17:15:09 | sleep.weights.plasticity       | INFO  | Hard-clipped 12 w_cons parameters to delta_max=0.0500 bound.
2026-08-11 17:15:09 | sleep.weights.plasticity       | INFO  | Hard-clipped 9 w_cons parameters to delta_max=0.0500 bound.
2026-08-11 17:15:10 | sleep.weights.plasticity       | INFO  | Hard-clipped 7 w_cons parameters to delta_max=0.0500 bound.
2026-08-11 17:15:10 | sleep.weights.plasticity       | INFO  | Hard-clipped 7 w_cons parameters to delta_max=0.0500 bound.
2026-08-11 17:15:11 | sleep.weights.plasticity       | INFO  | Hard-clipped 6 w_cons parameters to delta_max=0.0500 bound.
2026-08-11 17:15:11 | sleep.weights.plasticity       | INFO  | Hard-clipped 7 w_cons parameters to delta_max=0.0500 bound.
2026-08-11 17:15:12 | sleep.weights.plasticity       | INFO  | Hard-clipped 7 w_cons parameters to delta_max=0.0500 bound.
2026-08-11 17:15:12 | sleep.weights.plasticity       | INFO  | Hard-clipped 7 w_cons parameters to delta_max=0.0500 bound.
2026-08-11 17:15:13 | sleep.weights.plasticity       | INFO  | Hard-clipped 7 w_cons parameters to delta_max=0.0500 bound.
2026-08-11 17:15:13 | sleep.weights.plasticity       | INFO  | Hard-clipped 8 w_cons parameters to delta_max=0.0500 bound.
2026-08-11 17:15:14 | sleep.weights.plasticity       | INFO  | Hard-clipped 11 w_cons parameters to delta_max=0.0500 bound.
2026-08-11 17:15:14 | sleep.weights.plasticity       | INFO  | Hard-clipped 16 w_cons parameters to delta_max=0.0500 bound.
2026-08-11 17:15:15 | sleep.weights.plasticity       | INFO  | Hard-clipped 16 w_cons parameters to delta_max=0.0500 bound.
2026-08-11 17:15:15 | sleep.weights.plasticity       | INFO  | Hard-clipped 16 w_cons parameters to delta_max=0.0500 bound.
2026-08-11 17:15:16 | sleep.weights.plasticity       | INFO  | Hard-clipped 17 w_cons parameters to delta_max=0.0500 bound.
2026-08-11 17:15:16 | sleep.weights.plasticity       | INFO  | Hard-clipped 17 w_cons parameters to delta_max=0.0500 bound.
2026-08-11 17:15:17 | sleep.weights.plasticity       | INFO  | Hard-clipped 17 w_cons parameters to delta_max=0.0500 bound.
2026-08-11 17:15:17 | sleep.weights.plasticity       | INFO  | Hard-clipped 17 w_cons parameters to delta_max=0.0500 bound.
2026-08-11 17:15:18 | sleep.weights.plasticity       | INFO  | Hard-clipped 18 w_cons parameters to delta_max=0.0500 bound.
2026-08-11 17:15:18 | sleep.weights.plasticity       | INFO  | Hard-clipped 16 w_cons parameters to delta_max=0.0500 bound.
2026-08-11 17:15:19 | sleep.weights.plasticity       | INFO  | Hard-clipped 9 w_cons parameters to delta_max=0.0500 bound.
2026-08-11 17:15:19 | sleep.weights.plasticity       | INFO  | Hard-clipped 7 w_cons parameters to delta_max=0.0500 bound.
2026-08-11 17:15:20 | sleep.weights.plasticity       | INFO  | Hard-clipped 7 w_cons parameters to delta_max=0.0500 bound.
2026-08-11 17:15:20 | sleep.weights.plasticity       | INFO  | Hard-clipped 5 w_cons parameters to delta_max=0.0500 bound.
2026-08-11 17:15:21 | sleep.weights.plasticity       | INFO  | Hard-clipped 6 w_cons parameters to delta_max=0.0500 bound.
2026-08-11 17:15:21 | sleep.weights.plasticity       | INFO  | Hard-clipped 6 w_cons parameters to delta_max=0.0500 bound.
2026-08-11 17:15:22 | sleep.weights.plasticity       | INFO  | Hard-clipped 7 w_cons parameters to delta_max=0.0500 bound.
2026-08-11 17:15:22 | sleep.weights.plasticity       | INFO  | Hard-clipped 8 w_cons parameters to delta_max=0.0500 bound.
2026-08-11 17:15:23 | sleep.weights.plasticity       | INFO  | Hard-clipped 8 w_cons parameters to delta_max=0.0500 bound.
2026-08-11 17:15:23 | sleep.weights.plasticity       | INFO  | Hard-clipped 7 w_cons parameters to delta_max=0.0500 bound.
2026-08-11 17:15:24 | sleep.weights.plasticity       | INFO  | Hard-clipped 7 w_cons parameters to delta_max=0.0500 bound.
2026-08-11 17:15:24 | sleep.weights.plasticity       | INFO  | Hard-clipped 9 w_cons parameters to delta_max=0.0500 bound.
2026-08-11 17:15:25 | sleep.weights.plasticity       | INFO  | Hard-clipped 10 w_cons parameters to delta_max=0.0500 bound.
2026-08-11 17:15:25 | sleep.weights.plasticity       | INFO  | Hard-clipped 10 w_cons parameters to delta_max=0.0500 bound.
2026-08-11 17:15:26 | sleep.weights.plasticity       | INFO  | Hard-clipped 10 w_cons parameters to delta_max=0.0500 bound.
2026-08-11 17:15:26 | sleep.weights.plasticity       | INFO  | Hard-clipped 17 w_cons parameters to delta_max=0.0500 bound.
2026-08-11 17:15:27 | sleep.weights.plasticity       | INFO  | Hard-clipped 17 w_cons parameters to delta_max=0.0500 bound.
2026-08-11 17:15:27 | sleep.weights.plasticity       | INFO  | Hard-clipped 17 w_cons parameters to delta_max=0.0500 bound.
2026-08-11 17:15:28 | sleep.weights.plasticity       | INFO  | Hard-clipped 17 w_cons parameters to delta_max=0.0500 bound.
2026-08-11 17:15:28 | sleep.weights.plasticity       | INFO  | Hard-clipped 17 w_cons parameters to delta_max=0.0500 bound.
2026-08-11 17:15:29 | sleep.weights.plasticity       | INFO  | Hard-clipped 17 w_cons parameters to delta_max=0.0500 bound.
2026-08-11 17:15:29 | sleep.weights.plasticity       | INFO  | Hard-clipped 15 w_cons parameters to delta_max=0.0500 bound.
2026-08-11 17:15:30 | sleep.weights.plasticity       | INFO  | Hard-clipped 16 w_cons parameters to delta_max=0.0500 bound.
2026-08-11 17:15:30 | sleep.weights.plasticity       | INFO  | Hard-clipped 17 w_cons parameters to delta_max=0.0500 bound.
2026-08-11 17:15:31 | sleep.weights.plasticity       | INFO  | Hard-clipped 17 w_cons parameters to delta_max=0.0500 bound.
2026-08-11 17:15:31 | sleep.weights.plasticity       | INFO  | Hard-clipped 15 w_cons parameters to delta_max=0.0500 bound.
2026-08-11 17:15:32 | sleep.weights.plasticity       | INFO  | Hard-clipped 14 w_cons parameters to delta_max=0.0500 bound.
2026-08-11 17:15:32 | sleep.weights.plasticity       | INFO  | Hard-clipped 11 w_cons parameters to delta_max=0.0500 bound.
2026-08-11 17:15:33 | sleep.weights.plasticity       | INFO  | Hard-clipped 3 w_cons parameters to delta_max=0.0500 bound.
2026-08-11 17:15:33 | sleep.weights.plasticity       | INFO  | Hard-clipped 5 w_cons parameters to delta_max=0.0500 bound.
2026-08-11 17:15:34 | sleep.weights.plasticity       | INFO  | Hard-clipped 3 w_cons parameters to delta_max=0.0500 bound.
2026-08-11 17:15:34 | sleep.weights.plasticity       | INFO  | Hard-clipped 5 w_cons parameters to delta_max=0.0500 bound.
2026-08-11 17:15:35 | sleep.weights.plasticity       | INFO  | Hard-clipped 5 w_cons parameters to delta_max=0.0500 bound.
2026-08-11 17:15:35 | sleep.weights.plasticity       | INFO  | Hard-clipped 5 w_cons parameters to delta_max=0.0500 bound.
2026-08-11 17:15:36 | sleep.weights.plasticity       | INFO  | Hard-clipped 6 w_cons parameters to delta_max=0.0500 bound.
2026-08-11 17:15:36 | sleep.weights.plasticity       | INFO  | Hard-clipped 6 w_cons parameters to delta_max=0.0500 bound.
2026-08-11 17:15:37 | sleep.weights.plasticity       | INFO  | Hard-clipped 6 w_cons parameters to delta_max=0.0500 bound.
2026-08-11 17:15:37 | sleep.weights.plasticity       | INFO  | Hard-clipped 6 w_cons parameters to delta_max=0.0500 bound.
2026-08-11 17:15:38 | sleep.weights.plasticity       | INFO  | Hard-clipped 7 w_cons parameters to delta_max=0.0500 bound.
2026-08-11 17:15:38 | sleep.weights.plasticity       | INFO  | Hard-clipped 9 w_cons parameters to delta_max=0.0500 bound.
2026-08-11 17:15:39 | sleep.weights.plasticity       | INFO  | Hard-clipped 12 w_cons parameters to delta_max=0.0500 bound.
2026-08-11 17:15:39 | sleep.weights.plasticity       | INFO  | Hard-clipped 12 w_cons parameters to delta_max=0.0500 bound.
2026-08-11 17:15:40 | sleep.weights.plasticity       | INFO  | Hard-clipped 13 w_cons parameters to delta_max=0.0500 bound.
2026-08-11 17:15:40 | sleep.weights.plasticity       | INFO  | Hard-clipped 15 w_cons parameters to delta_max=0.0500 bound.
2026-08-11 17:15:41 | sleep.weights.plasticity       | INFO  | Hard-clipped 15 w_cons parameters to delta_max=0.0500 bound.
2026-08-11 17:15:41 | sleep.weights.plasticity       | INFO  | Hard-clipped 16 w_cons parameters to delta_max=0.0500 bound.
2026-08-11 17:15:42 | sleep.weights.plasticity       | INFO  | Hard-clipped 17 w_cons parameters to delta_max=0.0500 bound.
2026-08-11 17:15:42 | sleep.weights.plasticity       | INFO  | Hard-clipped 17 w_cons parameters to delta_max=0.0500 bound.
2026-08-11 17:15:43 | sleep.weights.plasticity       | INFO  | Hard-clipped 17 w_cons parameters to delta_max=0.0500 bound.
2026-08-11 17:15:43 | sleep.weights.plasticity       | INFO  | Hard-clipped 16 w_cons parameters to delta_max=0.0500 bound.
2026-08-11 17:15:44 | sleep.weights.plasticity       | INFO  | Hard-clipped 16 w_cons parameters to delta_max=0.0500 bound.
2026-08-11 17:15:44 | sleep.weights.plasticity       | INFO  | Hard-clipped 17 w_cons parameters to delta_max=0.0500 bound.
2026-08-11 17:15:45 | sleep.weights.plasticity       | INFO  | Hard-clipped 17 w_cons parameters to delta_max=0.0500 bound.
2026-08-11 17:15:45 | sleep.weights.plasticity       | INFO  | Hard-clipped 17 w_cons parameters to delta_max=0.0500 bound.
2026-08-11 17:15:46 | sleep.weights.plasticity       | INFO  | Hard-clipped 17 w_cons parameters to delta_max=0.0500 bound.
2026-08-11 17:15:46 | sleep.weights.plasticity       | INFO  | Hard-clipped 17 w_cons parameters to delta_max=0.0500 bound.
2026-08-11 17:15:47 | sleep.weights.plasticity       | INFO  | Hard-clipped 17 w_cons parameters to delta_max=0.0500 bound.
2026-08-11 17:15:47 | sleep.weights.plasticity       | INFO  | Hard-clipped 18 w_cons parameters to delta_max=0.0500 bound.
2026-08-11 17:15:48 | sleep.weights.plasticity       | INFO  | Hard-clipped 18 w_cons parameters to delta_max=0.0500 bound.
2026-08-11 17:15:48 | sleep.weights.plasticity       | INFO  | Hard-clipped 18 w_cons parameters to delta_max=0.0500 bound.
2026-08-11 17:15:49 | sleep.weights.plasticity       | INFO  | Hard-clipped 18 w_cons parameters to delta_max=0.0500 bound.
2026-08-11 17:15:49 | sleep.weights.plasticity       | INFO  | Hard-clipped 10 w_cons parameters to delta_max=0.0500 bound.
2026-08-11 17:15:50 | sleep.weights.plasticity       | INFO  | Hard-clipped 7 w_cons parameters to delta_max=0.0500 bound.
2026-08-11 17:15:50 | sleep.weights.plasticity       | INFO  | Hard-clipped 9 w_cons parameters to delta_max=0.0500 bound.
2026-08-11 17:15:51 | sleep.weights.plasticity       | INFO  | Hard-clipped 10 w_cons parameters to delta_max=0.0500 bound.
2026-08-11 17:15:51 | sleep.weights.plasticity       | INFO  | Hard-clipped 8 w_cons parameters to delta_max=0.0500 bound.
2026-08-11 17:15:52 | sleep.weights.plasticity       | INFO  | Hard-clipped 8 w_cons parameters to delta_max=0.0500 bound.
2026-08-11 17:15:52 | sleep.weights.plasticity       | INFO  | Hard-clipped 8 w_cons parameters to delta_max=0.0500 bound.
2026-08-11 17:15:53 | sleep.weights.plasticity       | INFO  | Hard-clipped 7 w_cons parameters to delta_max=0.0500 bound.
2026-08-11 17:15:53 | sleep.weights.plasticity       | INFO  | Hard-clipped 7 w_cons parameters to delta_max=0.0500 bound.
2026-08-11 17:15:54 | sleep.weights.plasticity       | INFO  | Hard-clipped 8 w_cons parameters to delta_max=0.0500 bound.
2026-08-11 17:15:54 | sleep.weights.plasticity       | INFO  | Hard-clipped 8 w_cons parameters to delta_max=0.0500 bound.
2026-08-11 17:15:55 | sleep.weights.plasticity       | INFO  | Hard-clipped 9 w_cons parameters to delta_max=0.0500 bound.
2026-08-11 17:15:55 | sleep.weights.plasticity       | INFO  | Hard-clipped 11 w_cons parameters to delta_max=0.0500 bound.
2026-08-11 17:15:56 | sleep.weights.plasticity       | INFO  | Hard-clipped 9 w_cons parameters to delta_max=0.0500 bound.
2026-08-11 17:15:56 | sleep.weights.plasticity       | INFO  | Hard-clipped 8 w_cons parameters to delta_max=0.0500 bound.
2026-08-11 17:15:56 | sleep.weights.plasticity       | INFO  | Hard-clipped 9 w_cons parameters to delta_max=0.0500 bound.
2026-08-11 17:15:57 | sleep.weights.plasticity       | INFO  | Hard-clipped 10 w_cons parameters to delta_max=0.0500 bound.
2026-08-11 17:15:57 | sleep.weights.plasticity       | INFO  | Hard-clipped 10 w_cons parameters to delta_max=0.0500 bound.
2026-08-11 17:15:58 | sleep.weights.plasticity       | INFO  | Hard-clipped 14 w_cons parameters to delta_max=0.0500 bound.
2026-08-11 17:15:58 | sleep.weights.plasticity       | INFO  | Hard-clipped 15 w_cons parameters to delta_max=0.0500 bound.
2026-08-11 17:15:59 | sleep.weights.plasticity       | INFO  | Hard-clipped 16 w_cons parameters to delta_max=0.0500 bound.
2026-08-11 17:15:59 | sleep.weights.plasticity       | INFO  | Hard-clipped 18 w_cons parameters to delta_max=0.0500 bound.
2026-08-11 17:16:00 | sleep.weights.plasticity       | INFO  | Hard-clipped 18 w_cons parameters to delta_max=0.0500 bound.
2026-08-11 17:16:00 | sleep.weights.plasticity       | INFO  | Hard-clipped 18 w_cons parameters to delta_max=0.0500 bound.
2026-08-11 17:16:01 | sleep.weights.plasticity       | INFO  | Hard-clipped 18 w_cons parameters to delta_max=0.0500 bound.
2026-08-11 17:16:01 | sleep.weights.plasticity       | INFO  | Hard-clipped 18 w_cons parameters to delta_max=0.0500 bound.
2026-08-11 17:16:02 | sleep.weights.plasticity       | INFO  | Hard-clipped 18 w_cons parameters to delta_max=0.0500 bound.
2026-08-11 17:16:02 | sleep.weights.plasticity       | INFO  | Hard-clipped 18 w_cons parameters to delta_max=0.0500 bound.
2026-08-11 17:16:03 | sleep.weights.plasticity       | INFO  | Hard-clipped 18 w_cons parameters to delta_max=0.0500 bound.
2026-08-11 17:16:03 | sleep.weights.plasticity       | INFO  | Hard-clipped 18 w_cons parameters to delta_max=0.0500 bound.
2026-08-11 17:16:04 | sleep.weights.plasticity       | INFO  | Hard-clipped 18 w_cons parameters to delta_max=0.0500 bound.
2026-08-11 17:16:04 | sleep.weights.plasticity       | INFO  | Hard-clipped 8 w_cons parameters to delta_max=0.0500 bound.
2026-08-11 17:16:05 | sleep.weights.plasticity       | INFO  | Hard-clipped 4 w_cons parameters to delta_max=0.0500 bound.
2026-08-11 17:16:05 | sleep.weights.plasticity       | INFO  | Hard-clipped 4 w_cons parameters to delta_max=0.0500 bound.
2026-08-11 17:16:06 | sleep.weights.plasticity       | INFO  | Hard-clipped 2 w_cons parameters to delta_max=0.0500 bound.
2026-08-11 17:16:06 | sleep.weights.plasticity       | INFO  | Hard-clipped 2 w_cons parameters to delta_max=0.0500 bound.
2026-08-11 17:16:07 | sleep.weights.plasticity       | INFO  | Hard-clipped 3 w_cons parameters to delta_max=0.0500 bound.
2026-08-11 17:16:07 | sleep.weights.plasticity       | INFO  | Hard-clipped 3 w_cons parameters to delta_max=0.0500 bound.
2026-08-11 17:16:08 | sleep.weights.plasticity       | INFO  | Hard-clipped 4 w_cons parameters to delta_max=0.0500 bound.
2026-08-11 17:16:08 | sleep.weights.plasticity       | INFO  | Hard-clipped 4 w_cons parameters to delta_max=0.0500 bound.
2026-08-11 17:16:09 | sleep.weights.plasticity       | INFO  | Hard-clipped 5 w_cons parameters to delta_max=0.0500 bound.
2026-08-11 17:16:09 | sleep.weights.plasticity       | INFO  | Hard-clipped 5 w_cons parameters to delta_max=0.0500 bound.
2026-08-11 17:16:10 | sleep.weights.plasticity       | INFO  | Hard-clipped 7 w_cons parameters to delta_max=0.0500 bound.
2026-08-11 17:16:10 | sleep.weights.plasticity       | INFO  | Hard-clipped 9 w_cons parameters to delta_max=0.0500 bound.
2026-08-11 17:16:11 | sleep.weights.plasticity       | INFO  | Hard-clipped 13 w_cons parameters to delta_max=0.0500 bound.
2026-08-11 17:16:11 | sleep.weights.plasticity       | INFO  | Hard-clipped 16 w_cons parameters to delta_max=0.0500 bound.
2026-08-11 17:16:12 | sleep.weights.plasticity       | INFO  | Hard-clipped 16 w_cons parameters to delta_max=0.0500 bound.
2026-08-11 17:16:12 | sleep.weights.plasticity       | INFO  | Hard-clipped 18 w_cons parameters to delta_max=0.0500 bound.
2026-08-11 17:16:13 | sleep.weights.plasticity       | INFO  | Hard-clipped 18 w_cons parameters to delta_max=0.0500 bound.
2026-08-11 17:16:13 | sleep.weights.plasticity       | INFO  | Hard-clipped 18 w_cons parameters to delta_max=0.0500 bound.
2026-08-11 17:16:14 | sleep.weights.plasticity       | INFO  | Hard-clipped 18 w_cons parameters to delta_max=0.0500 bound.
2026-08-11 17:16:14 | sleep.weights.plasticity       | INFO  | Hard-clipped 18 w_cons parameters to delta_max=0.0500 bound.
2026-08-11 17:16:15 | sleep.weights.plasticity       | INFO  | Hard-clipped 18 w_cons parameters to delta_max=0.0500 bound.
2026-08-11 17:16:15 | sleep.weights.plasticity       | INFO  | Hard-clipped 18 w_cons parameters to delta_max=0.0500 bound.
2026-08-11 17:16:16 | sleep.weights.plasticity       | INFO  | Hard-clipped 18 w_cons parameters to delta_max=0.0500 bound.
2026-08-11 17:16:16 | sleep.weights.plasticity       | INFO  | Hard-clipped 18 w_cons parameters to delta_max=0.0500 bound.
2026-08-11 17:16:17 | sleep.weights.plasticity       | INFO  | Hard-clipped 18 w_cons parameters to delta_max=0.0500 bound.
2026-08-11 17:16:17 | sleep.weights.plasticity       | INFO  | Hard-clipped 18 w_cons parameters to delta_max=0.0500 bound.
2026-08-11 17:16:18 | sleep.weights.plasticity       | INFO  | Hard-clipped 16 w_cons parameters to delta_max=0.0500 bound.
2026-08-11 17:16:18 | sleep.weights.plasticity       | INFO  | Hard-clipped 15 w_cons parameters to delta_max=0.0500 bound.
2026-08-11 17:16:19 | sleep.weights.plasticity       | INFO  | Hard-clipped 11 w_cons parameters to delta_max=0.0500 bound.
2026-08-11 17:16:19 | sleep.sleep_engine.train       | INFO  |   step 1050/1500 | loss=0.2898 | mean_loss=0.6706 | eta=4 | lr=2.50e-05
2026-08-11 17:16:19 | sleep.weights.plasticity       | INFO  | Hard-clipped 10 w_cons parameters to delta_max=0.0500 bound.
2026-08-11 17:16:20 | sleep.weights.plasticity       | INFO  | Hard-clipped 5 w_cons parameters to delta_max=0.0500 bound.
2026-08-11 17:16:20 | sleep.weights.plasticity       | INFO  | Hard-clipped 3 w_cons parameters to delta_max=0.0500 bound.
2026-08-11 17:16:24 | sleep.weights.plasticity       | INFO  | Hard-clipped 1 w_cons parameters to delta_max=0.0500 bound.
2026-08-11 17:16:24 | sleep.weights.plasticity       | INFO  | Hard-clipped 2 w_cons parameters to delta_max=0.0500 bound.
2026-08-11 17:16:25 | sleep.weights.plasticity       | INFO  | Hard-clipped 5 w_cons parameters to delta_max=0.0500 bound.
2026-08-11 17:16:25 | sleep.weights.plasticity       | INFO  | Hard-clipped 9 w_cons parameters to delta_max=0.0500 bound.
2026-08-11 17:16:26 | sleep.weights.plasticity       | INFO  | Hard-clipped 10 w_cons parameters to delta_max=0.0500 bound.
2026-08-11 17:16:26 | sleep.weights.plasticity       | INFO  | Hard-clipped 12 w_cons parameters to delta_max=0.0500 bound.
2026-08-11 17:16:27 | sleep.weights.plasticity       | INFO  | Hard-clipped 12 w_cons parameters to delta_max=0.0500 bound.
2026-08-11 17:16:27 | sleep.weights.plasticity       | INFO  | Hard-clipped 14 w_cons parameters to delta_max=0.0500 bound.
2026-08-11 17:16:28 | sleep.weights.plasticity       | INFO  | Hard-clipped 15 w_cons parameters to delta_max=0.0500 bound.
2026-08-11 17:16:28 | sleep.weights.plasticity       | INFO  | Hard-clipped 16 w_cons parameters to delta_max=0.0500 bound.
2026-08-11 17:16:29 | sleep.weights.plasticity       | INFO  | Hard-clipped 11 w_cons parameters to delta_max=0.0500 bound.
2026-08-11 17:16:29 | sleep.weights.plasticity       | INFO  | Hard-clipped 3 w_cons parameters to delta_max=0.0500 bound.
2026-08-11 17:16:29 | sleep.weights.plasticity       | INFO  | Hard-clipped 3 w_cons parameters to delta_max=0.0500 bound.
2026-08-11 17:16:30 | sleep.weights.plasticity       | INFO  | Hard-clipped 3 w_cons parameters to delta_max=0.0500 bound.
2026-08-11 17:16:31 | sleep.weights.plasticity       | INFO  | Hard-clipped 3 w_cons parameters to delta_max=0.0500 bound.
2026-08-11 17:16:31 | sleep.weights.plasticity       | INFO  | Hard-clipped 3 w_cons parameters to delta_max=0.0500 bound.
2026-08-11 17:16:32 | sleep.weights.plasticity       | INFO  | Hard-clipped 2 w_cons parameters to delta_max=0.0500 bound.
2026-08-11 17:16:32 | sleep.weights.plasticity       | INFO  | Hard-clipped 2 w_cons parameters to delta_max=0.0500 bound.
2026-08-11 17:16:33 | sleep.weights.plasticity       | INFO  | Hard-clipped 2 w_cons parameters to delta_max=0.0500 bound.
2026-08-11 17:16:33 | sleep.weights.plasticity       | INFO  | Hard-clipped 2 w_cons parameters to delta_max=0.0500 bound.
2026-08-11 17:16:33 | sleep.weights.plasticity       | INFO  | Hard-clipped 3 w_cons parameters to delta_max=0.0500 bound.
2026-08-11 17:16:34 | sleep.weights.plasticity       | INFO  | Hard-clipped 5 w_cons parameters to delta_max=0.0500 bound.
2026-08-11 17:16:34 | sleep.weights.plasticity       | INFO  | Hard-clipped 6 w_cons parameters to delta_max=0.0500 bound.
2026-08-11 17:16:35 | sleep.weights.plasticity       | INFO  | Hard-clipped 8 w_cons parameters to delta_max=0.0500 bound.
2026-08-11 17:16:35 | sleep.weights.plasticity       | INFO  | Hard-clipped 8 w_cons parameters to delta_max=0.0500 bound.
2026-08-11 17:16:36 | sleep.weights.plasticity       | INFO  | Hard-clipped 14 w_cons parameters to delta_max=0.0500 bound.
2026-08-11 17:16:36 | sleep.weights.plasticity       | INFO  | Hard-clipped 17 w_cons parameters to delta_max=0.0500 bound.
2026-08-11 17:16:37 | sleep.weights.plasticity       | INFO  | Hard-clipped 17 w_cons parameters to delta_max=0.0500 bound.
2026-08-11 17:16:37 | sleep.weights.plasticity       | INFO  | Hard-clipped 16 w_cons parameters to delta_max=0.0500 bound.
2026-08-11 17:16:38 | sleep.weights.plasticity       | INFO  | Hard-clipped 17 w_cons parameters to delta_max=0.0500 bound.
2026-08-11 17:16:39 | sleep.weights.plasticity       | INFO  | Hard-clipped 17 w_cons parameters to delta_max=0.0500 bound.
2026-08-11 17:16:39 | sleep.weights.plasticity       | INFO  | Hard-clipped 17 w_cons parameters to delta_max=0.0500 bound.
2026-08-11 17:16:39 | sleep.weights.plasticity       | INFO  | Hard-clipped 17 w_cons parameters to delta_max=0.0500 bound.
2026-08-11 17:16:40 | sleep.weights.plasticity       | INFO  | Hard-clipped 17 w_cons parameters to delta_max=0.0500 bound.
2026-08-11 17:16:41 | sleep.weights.plasticity       | INFO  | Hard-clipped 15 w_cons parameters to delta_max=0.0500 bound.
2026-08-11 17:16:41 | sleep.weights.plasticity       | INFO  | Hard-clipped 12 w_cons parameters to delta_max=0.0500 bound.
2026-08-11 17:16:42 | sleep.weights.plasticity       | INFO  | Hard-clipped 9 w_cons parameters to delta_max=0.0500 bound.
2026-08-11 17:16:42 | sleep.weights.plasticity       | INFO  | Hard-clipped 7 w_cons parameters to delta_max=0.0500 bound.
2026-08-11 17:16:43 | sleep.weights.plasticity       | INFO  | Hard-clipped 7 w_cons parameters to delta_max=0.0500 bound.
2026-08-11 17:16:43 | sleep.weights.plasticity       | INFO  | Hard-clipped 7 w_cons parameters to delta_max=0.0500 bound.
2026-08-11 17:16:44 | sleep.weights.plasticity       | INFO  | Hard-clipped 10 w_cons parameters to delta_max=0.0500 bound.
2026-08-11 17:16:44 | sleep.weights.plasticity       | INFO  | Hard-clipped 12 w_cons parameters to delta_max=0.0500 bound.
2026-08-11 17:16:44 | sleep.weights.plasticity       | INFO  | Hard-clipped 14 w_cons parameters to delta_max=0.0500 bound.
2026-08-11 17:16:45 | sleep.weights.plasticity       | INFO  | Hard-clipped 14 w_cons parameters to delta_max=0.0500 bound.
2026-08-11 17:16:45 | sleep.weights.plasticity       | INFO  | Hard-clipped 16 w_cons parameters to delta_max=0.0500 bound.
2026-08-11 17:16:46 | sleep.weights.plasticity       | INFO  | Hard-clipped 16 w_cons parameters to delta_max=0.0500 bound.
2026-08-11 17:16:47 | sleep.weights.plasticity       | INFO  | Hard-clipped 16 w_cons parameters to delta_max=0.0500 bound.
2026-08-11 17:16:47 | sleep.weights.plasticity       | INFO  | Hard-clipped 16 w_cons parameters to delta_max=0.0500 bound.
2026-08-11 17:16:48 | sleep.weights.plasticity       | INFO  | Hard-clipped 17 w_cons parameters to delta_max=0.0500 bound.
2026-08-11 17:16:48 | sleep.weights.plasticity       | INFO  | Hard-clipped 17 w_cons parameters to delta_max=0.0500 bound.
2026-08-11 17:16:49 | sleep.weights.plasticity       | INFO  | Hard-clipped 17 w_cons parameters to delta_max=0.0500 bound.
2026-08-11 17:16:49 | sleep.weights.plasticity       | INFO  | Hard-clipped 16 w_cons parameters to delta_max=0.0500 bound.
2026-08-11 17:16:50 | sleep.weights.plasticity       | INFO  | Hard-clipped 16 w_cons parameters to delta_max=0.0500 bound.
2026-08-11 17:16:50 | sleep.weights.plasticity       | INFO  | Hard-clipped 7 w_cons parameters to delta_max=0.0500 bound.
2026-08-11 17:16:51 | sleep.weights.plasticity       | INFO  | Hard-clipped 6 w_cons parameters to delta_max=0.0500 bound.
2026-08-11 17:16:51 | sleep.weights.plasticity       | INFO  | Hard-clipped 6 w_cons parameters to delta_max=0.0500 bound.
2026-08-11 17:16:52 | sleep.weights.plasticity       | INFO  | Hard-clipped 7 w_cons parameters to delta_max=0.0500 bound.
2026-08-11 17:16:52 | sleep.weights.plasticity       | INFO  | Hard-clipped 8 w_cons parameters to delta_max=0.0500 bound.
2026-08-11 17:16:53 | sleep.weights.plasticity       | INFO  | Hard-clipped 10 w_cons parameters to delta_max=0.0500 bound.
2026-08-11 17:16:53 | sleep.weights.plasticity       | INFO  | Hard-clipped 7 w_cons parameters to delta_max=0.0500 bound.
2026-08-11 17:16:54 | sleep.weights.plasticity       | INFO  | Hard-clipped 12 w_cons parameters to delta_max=0.0500 bound.
2026-08-11 17:16:54 | sleep.weights.plasticity       | INFO  | Hard-clipped 14 w_cons parameters to delta_max=0.0500 bound.
2026-08-11 17:16:55 | sleep.weights.plasticity       | INFO  | Hard-clipped 15 w_cons parameters to delta_max=0.0500 bound.
2026-08-11 17:16:55 | sleep.weights.plasticity       | INFO  | Hard-clipped 13 w_cons parameters to delta_max=0.0500 bound.
2026-08-11 17:16:56 | sleep.weights.plasticity       | INFO  | Hard-clipped 15 w_cons parameters to delta_max=0.0500 bound.
2026-08-11 17:16:56 | sleep.weights.plasticity       | INFO  | Hard-clipped 15 w_cons parameters to delta_max=0.0500 bound.
2026-08-11 17:16:57 | sleep.weights.plasticity       | INFO  | Hard-clipped 15 w_cons parameters to delta_max=0.0500 bound.
2026-08-11 17:16:57 | sleep.weights.plasticity       | INFO  | Hard-clipped 15 w_cons parameters to delta_max=0.0500 bound.
2026-08-11 17:16:58 | sleep.weights.plasticity       | INFO  | Hard-clipped 15 w_cons parameters to delta_max=0.0500 bound.
2026-08-11 17:16:58 | sleep.weights.plasticity       | INFO  | Hard-clipped 15 w_cons parameters to delta_max=0.0500 bound.
2026-08-11 17:16:59 | sleep.weights.plasticity       | INFO  | Hard-clipped 15 w_cons parameters to delta_max=0.0500 bound.
2026-08-11 17:16:59 | sleep.weights.plasticity       | INFO  | Hard-clipped 16 w_cons parameters to delta_max=0.0500 bound.
2026-08-11 17:17:00 | sleep.weights.plasticity       | INFO  | Hard-clipped 16 w_cons parameters to delta_max=0.0500 bound.
2026-08-11 17:17:00 | sleep.weights.plasticity       | INFO  | Hard-clipped 16 w_cons parameters to delta_max=0.0500 bound.
2026-08-11 17:17:01 | sleep.weights.plasticity       | INFO  | Hard-clipped 17 w_cons parameters to delta_max=0.0500 bound.
2026-08-11 17:17:01 | sleep.weights.plasticity       | INFO  | Hard-clipped 16 w_cons parameters to delta_max=0.0500 bound.
2026-08-11 17:17:02 | sleep.weights.plasticity       | INFO  | Hard-clipped 16 w_cons parameters to delta_max=0.0500 bound.
2026-08-11 17:17:02 | sleep.weights.plasticity       | INFO  | Hard-clipped 5 w_cons parameters to delta_max=0.0500 bound.
2026-08-11 17:17:03 | sleep.weights.plasticity       | INFO  | Hard-clipped 3 w_cons parameters to delta_max=0.0500 bound.
2026-08-11 17:17:03 | sleep.weights.plasticity       | INFO  | Hard-clipped 3 w_cons parameters to delta_max=0.0500 bound.
2026-08-11 17:17:03 | sleep.weights.plasticity       | INFO  | Hard-clipped 2 w_cons parameters to delta_max=0.0500 bound.
2026-08-11 17:17:04 | sleep.weights.plasticity       | INFO  | Hard-clipped 1 w_cons parameters to delta_max=0.0500 bound.
2026-08-11 17:17:04 | sleep.weights.plasticity       | INFO  | Hard-clipped 1 w_cons parameters to delta_max=0.0500 bound.
2026-08-11 17:17:06 | sleep.weights.plasticity       | INFO  | Hard-clipped 2 w_cons parameters to delta_max=0.0500 bound.
2026-08-11 17:17:06 | sleep.weights.plasticity       | INFO  | Hard-clipped 2 w_cons parameters to delta_max=0.0500 bound.
2026-08-11 17:17:07 | sleep.weights.plasticity       | INFO  | Hard-clipped 2 w_cons parameters to delta_max=0.0500 bound.
2026-08-11 17:17:07 | sleep.weights.plasticity       | INFO  | Hard-clipped 2 w_cons parameters to delta_max=0.0500 bound.
2026-08-11 17:17:08 | sleep.weights.plasticity       | INFO  | Hard-clipped 2 w_cons parameters to delta_max=0.0500 bound.
2026-08-11 17:17:08 | sleep.weights.plasticity       | INFO  | Hard-clipped 2 w_cons parameters to delta_max=0.0500 bound.
2026-08-11 17:17:09 | sleep.weights.plasticity       | INFO  | Hard-clipped 4 w_cons parameters to delta_max=0.0500 bound.
2026-08-11 17:17:09 | sleep.weights.plasticity       | INFO  | Hard-clipped 4 w_cons parameters to delta_max=0.0500 bound.
2026-08-11 17:17:10 | sleep.weights.plasticity       | INFO  | Hard-clipped 6 w_cons parameters to delta_max=0.0500 bound.
2026-08-11 17:17:10 | sleep.weights.plasticity       | INFO  | Hard-clipped 7 w_cons parameters to delta_max=0.0500 bound.
2026-08-11 17:17:11 | sleep.weights.plasticity       | INFO  | Hard-clipped 7 w_cons parameters to delta_max=0.0500 bound.
2026-08-11 17:17:11 | sleep.weights.plasticity       | INFO  | Hard-clipped 7 w_cons parameters to delta_max=0.0500 bound.
2026-08-11 17:17:12 | sleep.weights.plasticity       | INFO  | Hard-clipped 9 w_cons parameters to delta_max=0.0500 bound.
2026-08-11 17:17:12 | sleep.weights.plasticity       | INFO  | Hard-clipped 10 w_cons parameters to delta_max=0.0500 bound.
2026-08-11 17:17:13 | sleep.weights.plasticity       | INFO  | Hard-clipped 11 w_cons parameters to delta_max=0.0500 bound.
2026-08-11 17:17:13 | sleep.weights.plasticity       | INFO  | Hard-clipped 11 w_cons parameters to delta_max=0.0500 bound.
2026-08-11 17:17:14 | sleep.weights.plasticity       | INFO  | Hard-clipped 13 w_cons parameters to delta_max=0.0500 bound.
2026-08-11 17:17:14 | sleep.weights.plasticity       | INFO  | Hard-clipped 14 w_cons parameters to delta_max=0.0500 bound.
2026-08-11 17:17:15 | sleep.weights.plasticity       | INFO  | Hard-clipped 14 w_cons parameters to delta_max=0.0500 bound.
2026-08-11 17:17:15 | sleep.weights.plasticity       | INFO  | Hard-clipped 15 w_cons parameters to delta_max=0.0500 bound.
2026-08-11 17:17:16 | sleep.weights.plasticity       | INFO  | Hard-clipped 15 w_cons parameters to delta_max=0.0500 bound.
2026-08-11 17:17:16 | sleep.weights.plasticity       | INFO  | Hard-clipped 16 w_cons parameters to delta_max=0.0500 bound.
2026-08-11 17:17:17 | sleep.weights.plasticity       | INFO  | Hard-clipped 17 w_cons parameters to delta_max=0.0500 bound.
2026-08-11 17:17:17 | sleep.weights.plasticity       | INFO  | Hard-clipped 17 w_cons parameters to delta_max=0.0500 bound.
2026-08-11 17:17:18 | sleep.weights.plasticity       | INFO  | Hard-clipped 18 w_cons parameters to delta_max=0.0500 bound.
2026-08-11 17:17:18 | sleep.weights.plasticity       | INFO  | Hard-clipped 18 w_cons parameters to delta_max=0.0500 bound.
2026-08-11 17:17:19 | sleep.weights.plasticity       | INFO  | Hard-clipped 10 w_cons parameters to delta_max=0.0500 bound.
2026-08-11 17:17:19 | sleep.weights.plasticity       | INFO  | Hard-clipped 17 w_cons parameters to delta_max=0.0500 bound.
2026-08-11 17:17:19 | sleep.weights.plasticity       | INFO  | Hard-clipped 18 w_cons parameters to delta_max=0.0500 bound.
2026-08-11 17:17:20 | sleep.weights.plasticity       | INFO  | Hard-clipped 17 w_cons parameters to delta_max=0.0500 bound.
2026-08-11 17:17:21 | sleep.weights.plasticity       | INFO  | Hard-clipped 17 w_cons parameters to delta_max=0.0500 bound.
2026-08-11 17:17:21 | sleep.weights.plasticity       | INFO  | Hard-clipped 15 w_cons parameters to delta_max=0.0500 bound.
2026-08-11 17:17:22 | sleep.weights.plasticity       | INFO  | Hard-clipped 17 w_cons parameters to delta_max=0.0500 bound.
2026-08-11 17:17:22 | sleep.weights.plasticity       | INFO  | Hard-clipped 16 w_cons parameters to delta_max=0.0500 bound.
2026-08-11 17:17:23 | sleep.weights.plasticity       | INFO  | Hard-clipped 16 w_cons parameters to delta_max=0.0500 bound.
2026-08-11 17:17:23 | sleep.weights.plasticity       | INFO  | Hard-clipped 15 w_cons parameters to delta_max=0.0500 bound.
2026-08-11 17:17:24 | sleep.weights.plasticity       | INFO  | Hard-clipped 16 w_cons parameters to delta_max=0.0500 bound.
2026-08-11 17:17:24 | sleep.weights.plasticity       | INFO  | Hard-clipped 16 w_cons parameters to delta_max=0.0500 bound.
2026-08-11 17:17:25 | sleep.weights.plasticity       | INFO  | Hard-clipped 16 w_cons parameters to delta_max=0.0500 bound.
2026-08-11 17:17:25 | sleep.weights.plasticity       | INFO  | Hard-clipped 16 w_cons parameters to delta_max=0.0500 bound.
2026-08-11 17:17:26 | sleep.weights.plasticity       | INFO  | Hard-clipped 16 w_cons parameters to delta_max=0.0500 bound.
2026-08-11 17:17:26 | sleep.weights.plasticity       | INFO  | Hard-clipped 16 w_cons parameters to delta_max=0.0500 bound.
2026-08-11 17:17:27 | sleep.weights.plasticity       | INFO  | Hard-clipped 16 w_cons parameters to delta_max=0.0500 bound.
2026-08-11 17:17:27 | sleep.weights.plasticity       | INFO  | Hard-clipped 9 w_cons parameters to delta_max=0.0500 bound.
2026-08-11 17:17:28 | sleep.weights.plasticity       | INFO  | Hard-clipped 2 w_cons parameters to delta_max=0.0500 bound.
2026-08-11 17:17:28 | sleep.weights.plasticity       | INFO  | Hard-clipped 2 w_cons parameters to delta_max=0.0500 bound.
2026-08-11 17:17:29 | sleep.weights.plasticity       | INFO  | Hard-clipped 6 w_cons parameters to delta_max=0.0500 bound.
2026-08-11 17:17:29 | sleep.weights.plasticity       | INFO  | Hard-clipped 9 w_cons parameters to delta_max=0.0500 bound.
2026-08-11 17:17:30 | sleep.weights.plasticity       | INFO  | Hard-clipped 12 w_cons parameters to delta_max=0.0500 bound.
2026-08-11 17:17:30 | sleep.weights.plasticity       | INFO  | Hard-clipped 14 w_cons parameters to delta_max=0.0500 bound.
2026-08-11 17:17:31 | sleep.weights.plasticity       | INFO  | Hard-clipped 15 w_cons parameters to delta_max=0.0500 bound.
2026-08-11 17:17:31 | sleep.weights.plasticity       | INFO  | Hard-clipped 15 w_cons parameters to delta_max=0.0500 bound.
2026-08-11 17:17:32 | sleep.weights.plasticity       | INFO  | Hard-clipped 14 w_cons parameters to delta_max=0.0500 bound.
2026-08-11 17:17:32 | sleep.weights.plasticity       | INFO  | Hard-clipped 12 w_cons parameters to delta_max=0.0500 bound.
2026-08-11 17:17:33 | sleep.weights.plasticity       | INFO  | Hard-clipped 11 w_cons parameters to delta_max=0.0500 bound.
2026-08-11 17:17:33 | sleep.weights.plasticity       | INFO  | Hard-clipped 10 w_cons parameters to delta_max=0.0500 bound.
2026-08-11 17:17:33 | sleep.sleep_engine.train       | INFO  |   step 1200/1500 | loss=0.2726 | mean_loss=0.6197 | eta=9 | lr=1.17e-05
2026-08-11 17:17:34 | sleep.weights.plasticity       | INFO  | Hard-clipped 10 w_cons parameters to delta_max=0.0500 bound.
2026-08-11 17:17:34 | sleep.weights.plasticity       | INFO  | Hard-clipped 2 w_cons parameters to delta_max=0.0500 bound.
2026-08-11 17:17:35 | sleep.weights.plasticity       | INFO  | Hard-clipped 2 w_cons parameters to delta_max=0.0500 bound.
2026-08-11 17:17:35 | sleep.weights.plasticity       | INFO  | Hard-clipped 3 w_cons parameters to delta_max=0.0500 bound.
2026-08-11 17:17:36 | sleep.weights.plasticity       | INFO  | Hard-clipped 3 w_cons parameters to delta_max=0.0500 bound.
2026-08-11 17:17:36 | sleep.weights.plasticity       | INFO  | Hard-clipped 2 w_cons parameters to delta_max=0.0500 bound.
2026-08-11 17:17:37 | sleep.weights.plasticity       | INFO  | Hard-clipped 2 w_cons parameters to delta_max=0.0500 bound.
2026-08-11 17:17:37 | sleep.weights.plasticity       | INFO  | Hard-clipped 3 w_cons parameters to delta_max=0.0500 bound.
2026-08-11 17:17:38 | sleep.weights.plasticity       | INFO  | Hard-clipped 4 w_cons parameters to delta_max=0.0500 bound.
2026-08-11 17:17:38 | sleep.weights.plasticity       | INFO  | Hard-clipped 4 w_cons parameters to delta_max=0.0500 bound.
2026-08-11 17:17:39 | sleep.weights.plasticity       | INFO  | Hard-clipped 3 w_cons parameters to delta_max=0.0500 bound.
2026-08-11 17:17:39 | sleep.weights.plasticity       | INFO  | Hard-clipped 4 w_cons parameters to delta_max=0.0500 bound.
2026-08-11 17:17:40 | sleep.weights.plasticity       | INFO  | Hard-clipped 5 w_cons parameters to delta_max=0.0500 bound.
2026-08-11 17:17:40 | sleep.weights.plasticity       | INFO  | Hard-clipped 6 w_cons parameters to delta_max=0.0500 bound.
2026-08-11 17:17:40 | sleep.weights.plasticity       | INFO  | Hard-clipped 6 w_cons parameters to delta_max=0.0500 bound.
2026-08-11 17:17:41 | sleep.weights.plasticity       | INFO  | Hard-clipped 8 w_cons parameters to delta_max=0.0500 bound.
2026-08-11 17:17:41 | sleep.weights.plasticity       | INFO  | Hard-clipped 8 w_cons parameters to delta_max=0.0500 bound.
2026-08-11 17:17:42 | sleep.weights.plasticity       | INFO  | Hard-clipped 9 w_cons parameters to delta_max=0.0500 bound.
2026-08-11 17:17:42 | sleep.weights.plasticity       | INFO  | Hard-clipped 9 w_cons parameters to delta_max=0.0500 bound.
2026-08-11 17:17:43 | sleep.weights.plasticity       | INFO  | Hard-clipped 9 w_cons parameters to delta_max=0.0500 bound.
2026-08-11 17:17:43 | sleep.weights.plasticity       | INFO  | Hard-clipped 10 w_cons parameters to delta_max=0.0500 bound.
2026-08-11 17:17:44 | sleep.weights.plasticity       | INFO  | Hard-clipped 11 w_cons parameters to delta_max=0.0500 bound.
2026-08-11 17:17:44 | sleep.weights.plasticity       | INFO  | Hard-clipped 13 w_cons parameters to delta_max=0.0500 bound.
2026-08-11 17:17:45 | sleep.weights.plasticity       | INFO  | Hard-clipped 15 w_cons parameters to delta_max=0.0500 bound.
2026-08-11 17:17:45 | sleep.weights.plasticity       | INFO  | Hard-clipped 15 w_cons parameters to delta_max=0.0500 bound.
2026-08-11 17:17:46 | sleep.weights.plasticity       | INFO  | Hard-clipped 15 w_cons parameters to delta_max=0.0500 bound.
2026-08-11 17:17:46 | sleep.weights.plasticity       | INFO  | Hard-clipped 18 w_cons parameters to delta_max=0.0500 bound.
2026-08-11 17:17:47 | sleep.weights.plasticity       | INFO  | Hard-clipped 17 w_cons parameters to delta_max=0.0500 bound.
2026-08-11 17:17:47 | sleep.weights.plasticity       | INFO  | Hard-clipped 17 w_cons parameters to delta_max=0.0500 bound.
2026-08-11 17:17:48 | sleep.weights.plasticity       | INFO  | Hard-clipped 17 w_cons parameters to delta_max=0.0500 bound.
2026-08-11 17:17:48 | sleep.weights.plasticity       | INFO  | Hard-clipped 17 w_cons parameters to delta_max=0.0500 bound.
2026-08-11 17:17:49 | sleep.weights.plasticity       | INFO  | Hard-clipped 17 w_cons parameters to delta_max=0.0500 bound.
2026-08-11 17:17:49 | sleep.weights.plasticity       | INFO  | Hard-clipped 17 w_cons parameters to delta_max=0.0500 bound.
2026-08-11 17:17:50 | sleep.weights.plasticity       | INFO  | Hard-clipped 17 w_cons parameters to delta_max=0.0500 bound.
2026-08-11 17:17:50 | sleep.weights.plasticity       | INFO  | Hard-clipped 17 w_cons parameters to delta_max=0.0500 bound.
2026-08-11 17:17:51 | sleep.weights.plasticity       | INFO  | Hard-clipped 17 w_cons parameters to delta_max=0.0500 bound.
2026-08-11 17:17:51 | sleep.weights.plasticity       | INFO  | Hard-clipped 17 w_cons parameters to delta_max=0.0500 bound.
2026-08-11 17:17:52 | sleep.weights.plasticity       | INFO  | Hard-clipped 17 w_cons parameters to delta_max=0.0500 bound.
2026-08-11 17:17:52 | sleep.weights.plasticity       | INFO  | Hard-clipped 17 w_cons parameters to delta_max=0.0500 bound.
2026-08-11 17:17:53 | sleep.weights.plasticity       | INFO  | Hard-clipped 17 w_cons parameters to delta_max=0.0500 bound.
2026-08-11 17:17:53 | sleep.weights.plasticity       | INFO  | Hard-clipped 5 w_cons parameters to delta_max=0.0500 bound.
2026-08-11 17:17:54 | sleep.weights.plasticity       | INFO  | Hard-clipped 10 w_cons parameters to delta_max=0.0500 bound.
2026-08-11 17:17:54 | sleep.weights.plasticity       | INFO  | Hard-clipped 15 w_cons parameters to delta_max=0.0500 bound.
2026-08-11 17:17:55 | sleep.weights.plasticity       | INFO  | Hard-clipped 15 w_cons parameters to delta_max=0.0500 bound.
2026-08-11 17:17:55 | sleep.weights.plasticity       | INFO  | Hard-clipped 17 w_cons parameters to delta_max=0.0500 bound.
2026-08-11 17:17:56 | sleep.weights.plasticity       | INFO  | Hard-clipped 17 w_cons parameters to delta_max=0.0500 bound.
2026-08-11 17:17:56 | sleep.weights.plasticity       | INFO  | Hard-clipped 7 w_cons parameters to delta_max=0.0500 bound.
2026-08-11 17:17:57 | sleep.weights.plasticity       | INFO  | Hard-clipped 8 w_cons parameters to delta_max=0.0500 bound.
2026-08-11 17:17:57 | sleep.weights.plasticity       | INFO  | Hard-clipped 6 w_cons parameters to delta_max=0.0500 bound.
2026-08-11 17:17:58 | sleep.weights.plasticity       | INFO  | Hard-clipped 8 w_cons parameters to delta_max=0.0500 bound.
2026-08-11 17:17:58 | sleep.weights.plasticity       | INFO  | Hard-clipped 9 w_cons parameters to delta_max=0.0500 bound.
2026-08-11 17:17:59 | sleep.weights.plasticity       | INFO  | Hard-clipped 9 w_cons parameters to delta_max=0.0500 bound.
2026-08-11 17:17:59 | sleep.weights.plasticity       | INFO  | Hard-clipped 7 w_cons parameters to delta_max=0.0500 bound.
2026-08-11 17:18:00 | sleep.weights.plasticity       | INFO  | Hard-clipped 7 w_cons parameters to delta_max=0.0500 bound.
2026-08-11 17:18:00 | sleep.weights.plasticity       | INFO  | Hard-clipped 7 w_cons parameters to delta_max=0.0500 bound.
2026-08-11 17:18:01 | sleep.weights.plasticity       | INFO  | Hard-clipped 8 w_cons parameters to delta_max=0.0500 bound.
2026-08-11 17:18:01 | sleep.weights.plasticity       | INFO  | Hard-clipped 8 w_cons parameters to delta_max=0.0500 bound.
2026-08-11 17:18:02 | sleep.weights.plasticity       | INFO  | Hard-clipped 10 w_cons parameters to delta_max=0.0500 bound.
2026-08-11 17:18:02 | sleep.weights.plasticity       | INFO  | Hard-clipped 6 w_cons parameters to delta_max=0.0500 bound.
2026-08-11 17:18:03 | sleep.weights.plasticity       | INFO  | Hard-clipped 7 w_cons parameters to delta_max=0.0500 bound.
2026-08-11 17:18:03 | sleep.weights.plasticity       | INFO  | Hard-clipped 6 w_cons parameters to delta_max=0.0500 bound.
2026-08-11 17:18:04 | sleep.weights.plasticity       | INFO  | Hard-clipped 6 w_cons parameters to delta_max=0.0500 bound.
2026-08-11 17:18:04 | sleep.weights.plasticity       | INFO  | Hard-clipped 6 w_cons parameters to delta_max=0.0500 bound.
2026-08-11 17:18:05 | sleep.weights.plasticity       | INFO  | Hard-clipped 6 w_cons parameters to delta_max=0.0500 bound.
2026-08-11 17:18:05 | sleep.weights.plasticity       | INFO  | Hard-clipped 6 w_cons parameters to delta_max=0.0500 bound.
2026-08-11 17:18:06 | sleep.weights.plasticity       | INFO  | Hard-clipped 6 w_cons parameters to delta_max=0.0500 bound.
2026-08-11 17:18:06 | sleep.weights.plasticity       | INFO  | Hard-clipped 6 w_cons parameters to delta_max=0.0500 bound.
2026-08-11 17:18:07 | sleep.weights.plasticity       | INFO  | Hard-clipped 6 w_cons parameters to delta_max=0.0500 bound.
2026-08-11 17:18:07 | sleep.weights.plasticity       | INFO  | Hard-clipped 6 w_cons parameters to delta_max=0.0500 bound.
2026-08-11 17:18:08 | sleep.weights.plasticity       | INFO  | Hard-clipped 7 w_cons parameters to delta_max=0.0500 bound.
2026-08-11 17:18:08 | sleep.weights.plasticity       | INFO  | Hard-clipped 7 w_cons parameters to delta_max=0.0500 bound.
2026-08-11 17:18:09 | sleep.weights.plasticity       | INFO  | Hard-clipped 7 w_cons parameters to delta_max=0.0500 bound.
2026-08-11 17:18:09 | sleep.weights.plasticity       | INFO  | Hard-clipped 7 w_cons parameters to delta_max=0.0500 bound.
2026-08-11 17:18:10 | sleep.weights.plasticity       | INFO  | Hard-clipped 7 w_cons parameters to delta_max=0.0500 bound.
2026-08-11 17:18:10 | sleep.weights.plasticity       | INFO  | Hard-clipped 5 w_cons parameters to delta_max=0.0500 bound.
2026-08-11 17:18:11 | sleep.weights.plasticity       | INFO  | Hard-clipped 7 w_cons parameters to delta_max=0.0500 bound.
2026-08-11 17:18:11 | sleep.weights.plasticity       | INFO  | Hard-clipped 1 w_cons parameters to delta_max=0.0500 bound.
2026-08-11 17:18:12 | sleep.weights.plasticity       | INFO  | Hard-clipped 1 w_cons parameters to delta_max=0.0500 bound.
2026-08-11 17:18:13 | sleep.weights.plasticity       | INFO  | Hard-clipped 6 w_cons parameters to delta_max=0.0500 bound.
2026-08-11 17:18:13 | sleep.weights.plasticity       | INFO  | Hard-clipped 7 w_cons parameters to delta_max=0.0500 bound.
2026-08-11 17:18:14 | sleep.weights.plasticity       | INFO  | Hard-clipped 7 w_cons parameters to delta_max=0.0500 bound.
2026-08-11 17:18:14 | sleep.weights.plasticity       | INFO  | Hard-clipped 4 w_cons parameters to delta_max=0.0500 bound.
2026-08-11 17:18:15 | sleep.weights.plasticity       | INFO  | Hard-clipped 3 w_cons parameters to delta_max=0.0500 bound.
2026-08-11 17:18:15 | sleep.weights.plasticity       | INFO  | Hard-clipped 3 w_cons parameters to delta_max=0.0500 bound.
2026-08-11 17:18:16 | sleep.weights.plasticity       | INFO  | Hard-clipped 5 w_cons parameters to delta_max=0.0500 bound.
2026-08-11 17:18:16 | sleep.weights.plasticity       | INFO  | Hard-clipped 6 w_cons parameters to delta_max=0.0500 bound.
2026-08-11 17:18:17 | sleep.weights.plasticity       | INFO  | Hard-clipped 6 w_cons parameters to delta_max=0.0500 bound.
2026-08-11 17:18:17 | sleep.weights.plasticity       | INFO  | Hard-clipped 5 w_cons parameters to delta_max=0.0500 bound.
2026-08-11 17:18:18 | sleep.weights.plasticity       | INFO  | Hard-clipped 7 w_cons parameters to delta_max=0.0500 bound.
2026-08-11 17:18:18 | sleep.weights.plasticity       | INFO  | Hard-clipped 7 w_cons parameters to delta_max=0.0500 bound.
2026-08-11 17:18:19 | sleep.weights.plasticity       | INFO  | Hard-clipped 8 w_cons parameters to delta_max=0.0500 bound.
2026-08-11 17:18:19 | sleep.weights.plasticity       | INFO  | Hard-clipped 10 w_cons parameters to delta_max=0.0500 bound.
2026-08-11 17:18:20 | sleep.weights.plasticity       | INFO  | Hard-clipped 13 w_cons parameters to delta_max=0.0500 bound.
2026-08-11 17:18:20 | sleep.weights.plasticity       | INFO  | Hard-clipped 11 w_cons parameters to delta_max=0.0500 bound.
2026-08-11 17:18:21 | sleep.weights.plasticity       | INFO  | Hard-clipped 12 w_cons parameters to delta_max=0.0500 bound.
2026-08-11 17:18:21 | sleep.weights.plasticity       | INFO  | Hard-clipped 14 w_cons parameters to delta_max=0.0500 bound.
2026-08-11 17:18:22 | sleep.weights.plasticity       | INFO  | Hard-clipped 15 w_cons parameters to delta_max=0.0500 bound.
2026-08-11 17:18:22 | sleep.weights.plasticity       | INFO  | Hard-clipped 11 w_cons parameters to delta_max=0.0500 bound.
2026-08-11 17:18:23 | sleep.weights.plasticity       | INFO  | Hard-clipped 13 w_cons parameters to delta_max=0.0500 bound.
2026-08-11 17:18:23 | sleep.weights.plasticity       | INFO  | Hard-clipped 13 w_cons parameters to delta_max=0.0500 bound.
2026-08-11 17:18:24 | sleep.weights.plasticity       | INFO  | Hard-clipped 10 w_cons parameters to delta_max=0.0500 bound.
2026-08-11 17:18:24 | sleep.weights.plasticity       | INFO  | Hard-clipped 9 w_cons parameters to delta_max=0.0500 bound.
2026-08-11 17:18:25 | sleep.weights.plasticity       | INFO  | Hard-clipped 7 w_cons parameters to delta_max=0.0500 bound.
2026-08-11 17:18:25 | sleep.weights.plasticity       | INFO  | Hard-clipped 6 w_cons parameters to delta_max=0.0500 bound.
2026-08-11 17:18:26 | sleep.weights.plasticity       | INFO  | Hard-clipped 6 w_cons parameters to delta_max=0.0500 bound.
2026-08-11 17:18:26 | sleep.weights.plasticity       | INFO  | Hard-clipped 7 w_cons parameters to delta_max=0.0500 bound.
2026-08-11 17:18:27 | sleep.weights.plasticity       | INFO  | Hard-clipped 8 w_cons parameters to delta_max=0.0500 bound.
2026-08-11 17:18:27 | sleep.weights.plasticity       | INFO  | Hard-clipped 8 w_cons parameters to delta_max=0.0500 bound.
2026-08-11 17:18:28 | sleep.weights.plasticity       | INFO  | Hard-clipped 8 w_cons parameters to delta_max=0.0500 bound.
2026-08-11 17:18:28 | sleep.weights.plasticity       | INFO  | Hard-clipped 9 w_cons parameters to delta_max=0.0500 bound.
2026-08-11 17:18:29 | sleep.weights.plasticity       | INFO  | Hard-clipped 6 w_cons parameters to delta_max=0.0500 bound.
2026-08-11 17:18:29 | sleep.weights.plasticity       | INFO  | Hard-clipped 6 w_cons parameters to delta_max=0.0500 bound.
2026-08-11 17:18:30 | sleep.weights.plasticity       | INFO  | Hard-clipped 7 w_cons parameters to delta_max=0.0500 bound.
2026-08-11 17:18:30 | sleep.weights.plasticity       | INFO  | Hard-clipped 9 w_cons parameters to delta_max=0.0500 bound.
2026-08-11 17:18:31 | sleep.weights.plasticity       | INFO  | Hard-clipped 9 w_cons parameters to delta_max=0.0500 bound.
2026-08-11 17:18:31 | sleep.weights.plasticity       | INFO  | Hard-clipped 9 w_cons parameters to delta_max=0.0500 bound.
2026-08-11 17:18:32 | sleep.weights.plasticity       | INFO  | Hard-clipped 10 w_cons parameters to delta_max=0.0500 bound.
2026-08-11 17:18:32 | sleep.weights.plasticity       | INFO  | Hard-clipped 12 w_cons parameters to delta_max=0.0500 bound.
2026-08-11 17:18:33 | sleep.weights.plasticity       | INFO  | Hard-clipped 12 w_cons parameters to delta_max=0.0500 bound.
2026-08-11 17:18:33 | sleep.weights.plasticity       | INFO  | Hard-clipped 8 w_cons parameters to delta_max=0.0500 bound.
2026-08-11 17:18:33 | sleep.weights.plasticity       | INFO  | Hard-clipped 7 w_cons parameters to delta_max=0.0500 bound.
2026-08-11 17:18:34 | sleep.weights.plasticity       | INFO  | Hard-clipped 9 w_cons parameters to delta_max=0.0500 bound.
2026-08-11 17:18:35 | sleep.weights.plasticity       | INFO  | Hard-clipped 10 w_cons parameters to delta_max=0.0500 bound.
2026-08-11 17:18:35 | sleep.weights.plasticity       | INFO  | Hard-clipped 5 w_cons parameters to delta_max=0.0500 bound.
2026-08-11 17:18:37 | sleep.weights.plasticity       | INFO  | Hard-clipped 1 w_cons parameters to delta_max=0.0500 bound.
2026-08-11 17:18:37 | sleep.weights.plasticity       | INFO  | Hard-clipped 2 w_cons parameters to delta_max=0.0500 bound.
2026-08-11 17:18:38 | sleep.weights.plasticity       | INFO  | Hard-clipped 4 w_cons parameters to delta_max=0.0500 bound.
2026-08-11 17:18:38 | sleep.weights.plasticity       | INFO  | Hard-clipped 9 w_cons parameters to delta_max=0.0500 bound.
2026-08-11 17:18:39 | sleep.weights.plasticity       | INFO  | Hard-clipped 11 w_cons parameters to delta_max=0.0500 bound.
2026-08-11 17:18:39 | sleep.weights.plasticity       | INFO  | Hard-clipped 11 w_cons parameters to delta_max=0.0500 bound.
2026-08-11 17:18:40 | sleep.weights.plasticity       | INFO  | Hard-clipped 14 w_cons parameters to delta_max=0.0500 bound.
2026-08-11 17:18:40 | sleep.weights.plasticity       | INFO  | Hard-clipped 15 w_cons parameters to delta_max=0.0500 bound.
2026-08-11 17:18:41 | sleep.weights.plasticity       | INFO  | Hard-clipped 15 w_cons parameters to delta_max=0.0500 bound.
2026-08-11 17:18:41 | sleep.weights.plasticity       | INFO  | Hard-clipped 15 w_cons parameters to delta_max=0.0500 bound.
2026-08-11 17:18:42 | sleep.weights.plasticity       | INFO  | Hard-clipped 16 w_cons parameters to delta_max=0.0500 bound.
2026-08-11 17:18:42 | sleep.weights.plasticity       | INFO  | Hard-clipped 17 w_cons parameters to delta_max=0.0500 bound.
2026-08-11 17:18:43 | sleep.weights.plasticity       | INFO  | Hard-clipped 18 w_cons parameters to delta_max=0.0500 bound.
2026-08-11 17:18:43 | sleep.weights.plasticity       | INFO  | Hard-clipped 18 w_cons parameters to delta_max=0.0500 bound.
2026-08-11 17:18:44 | sleep.weights.plasticity       | INFO  | Hard-clipped 18 w_cons parameters to delta_max=0.0500 bound.
2026-08-11 17:18:44 | sleep.weights.plasticity       | INFO  | Hard-clipped 18 w_cons parameters to delta_max=0.0500 bound.
2026-08-11 17:18:45 | sleep.weights.plasticity       | INFO  | Hard-clipped 18 w_cons parameters to delta_max=0.0500 bound.
2026-08-11 17:18:45 | sleep.weights.plasticity       | INFO  | Hard-clipped 18 w_cons parameters to delta_max=0.0500 bound.
2026-08-11 17:18:46 | sleep.weights.plasticity       | INFO  | Hard-clipped 18 w_cons parameters to delta_max=0.0500 bound.
2026-08-11 17:18:46 | sleep.weights.plasticity       | INFO  | Hard-clipped 18 w_cons parameters to delta_max=0.0500 bound.
2026-08-11 17:18:47 | sleep.weights.plasticity       | INFO  | Hard-clipped 17 w_cons parameters to delta_max=0.0500 bound.
2026-08-11 17:18:47 | sleep.weights.plasticity       | INFO  | Hard-clipped 18 w_cons parameters to delta_max=0.0500 bound.
2026-08-11 17:18:47 | sleep.sleep_engine.train       | INFO  |   step 1350/1500 | loss=0.2627 | mean_loss=0.5800 | eta=9 | lr=3.02e-06
2026-08-11 17:18:48 | sleep.weights.plasticity       | INFO  | Hard-clipped 17 w_cons parameters to delta_max=0.0500 bound.
2026-08-11 17:18:48 | sleep.weights.plasticity       | INFO  | Hard-clipped 17 w_cons parameters to delta_max=0.0500 bound.
2026-08-11 17:18:49 | sleep.weights.plasticity       | INFO  | Hard-clipped 17 w_cons parameters to delta_max=0.0500 bound.
2026-08-11 17:18:49 | sleep.weights.plasticity       | INFO  | Hard-clipped 17 w_cons parameters to delta_max=0.0500 bound.
2026-08-11 17:18:50 | sleep.weights.plasticity       | INFO  | Hard-clipped 17 w_cons parameters to delta_max=0.0500 bound.
2026-08-11 17:18:50 | sleep.weights.plasticity       | INFO  | Hard-clipped 17 w_cons parameters to delta_max=0.0500 bound.
2026-08-11 17:18:51 | sleep.weights.plasticity       | INFO  | Hard-clipped 11 w_cons parameters to delta_max=0.0500 bound.
2026-08-11 17:18:51 | sleep.weights.plasticity       | INFO  | Hard-clipped 12 w_cons parameters to delta_max=0.0500 bound.
2026-08-11 17:18:52 | sleep.weights.plasticity       | INFO  | Hard-clipped 14 w_cons parameters to delta_max=0.0500 bound.
2026-08-11 17:18:52 | sleep.weights.plasticity       | INFO  | Hard-clipped 13 w_cons parameters to delta_max=0.0500 bound.
2026-08-11 17:18:53 | sleep.weights.plasticity       | INFO  | Hard-clipped 14 w_cons parameters to delta_max=0.0500 bound.
2026-08-11 17:18:53 | sleep.weights.plasticity       | INFO  | Hard-clipped 15 w_cons parameters to delta_max=0.0500 bound.
2026-08-11 17:18:54 | sleep.weights.plasticity       | INFO  | Hard-clipped 16 w_cons parameters to delta_max=0.0500 bound.
2026-08-11 17:18:54 | sleep.weights.plasticity       | INFO  | Hard-clipped 15 w_cons parameters to delta_max=0.0500 bound.
2026-08-11 17:18:55 | sleep.weights.plasticity       | INFO  | Hard-clipped 15 w_cons parameters to delta_max=0.0500 bound.
2026-08-11 17:18:55 | sleep.weights.plasticity       | INFO  | Hard-clipped 14 w_cons parameters to delta_max=0.0500 bound.
2026-08-11 17:18:56 | sleep.weights.plasticity       | INFO  | Hard-clipped 14 w_cons parameters to delta_max=0.0500 bound.
2026-08-11 17:18:56 | sleep.weights.plasticity       | INFO  | Hard-clipped 14 w_cons parameters to delta_max=0.0500 bound.
2026-08-11 17:18:57 | sleep.weights.plasticity       | INFO  | Hard-clipped 14 w_cons parameters to delta_max=0.0500 bound.
2026-08-11 17:18:57 | sleep.weights.plasticity       | INFO  | Hard-clipped 14 w_cons parameters to delta_max=0.0500 bound.
2026-08-11 17:18:58 | sleep.weights.plasticity       | INFO  | Hard-clipped 10 w_cons parameters to delta_max=0.0500 bound.
2026-08-11 17:18:58 | sleep.weights.plasticity       | INFO  | Hard-clipped 11 w_cons parameters to delta_max=0.0500 bound.
2026-08-11 17:18:59 | sleep.weights.plasticity       | INFO  | Hard-clipped 11 w_cons parameters to delta_max=0.0500 bound.
2026-08-11 17:18:59 | sleep.weights.plasticity       | INFO  | Hard-clipped 12 w_cons parameters to delta_max=0.0500 bound.
2026-08-11 17:19:00 | sleep.weights.plasticity       | INFO  | Hard-clipped 11 w_cons parameters to delta_max=0.0500 bound.
2026-08-11 17:19:00 | sleep.weights.plasticity       | INFO  | Hard-clipped 12 w_cons parameters to delta_max=0.0500 bound.
2026-08-11 17:19:01 | sleep.weights.plasticity       | INFO  | Hard-clipped 11 w_cons parameters to delta_max=0.0500 bound.
2026-08-11 17:19:01 | sleep.weights.plasticity       | INFO  | Hard-clipped 10 w_cons parameters to delta_max=0.0500 bound.
2026-08-11 17:19:02 | sleep.weights.plasticity       | INFO  | Hard-clipped 4 w_cons parameters to delta_max=0.0500 bound.
2026-08-11 17:19:02 | sleep.weights.plasticity       | INFO  | Hard-clipped 2 w_cons parameters to delta_max=0.0500 bound.
2026-08-11 17:19:03 | sleep.weights.plasticity       | INFO  | Hard-clipped 6 w_cons parameters to delta_max=0.0500 bound.
2026-08-11 17:19:03 | sleep.weights.plasticity       | INFO  | Hard-clipped 4 w_cons parameters to delta_max=0.0500 bound.
2026-08-11 17:19:04 | sleep.weights.plasticity       | INFO  | Hard-clipped 5 w_cons parameters to delta_max=0.0500 bound.
2026-08-11 17:19:04 | sleep.weights.plasticity       | INFO  | Hard-clipped 5 w_cons parameters to delta_max=0.0500 bound.
2026-08-11 17:19:05 | sleep.weights.plasticity       | INFO  | Hard-clipped 1 w_cons parameters to delta_max=0.0500 bound.
2026-08-11 17:19:05 | sleep.weights.plasticity       | INFO  | Hard-clipped 6 w_cons parameters to delta_max=0.0500 bound.
2026-08-11 17:19:06 | sleep.weights.plasticity       | INFO  | Hard-clipped 7 w_cons parameters to delta_max=0.0500 bound.
2026-08-11 17:19:06 | sleep.weights.plasticity       | INFO  | Hard-clipped 7 w_cons parameters to delta_max=0.0500 bound.
2026-08-11 17:19:07 | sleep.weights.plasticity       | INFO  | Hard-clipped 7 w_cons parameters to delta_max=0.0500 bound.
2026-08-11 17:19:07 | sleep.weights.plasticity       | INFO  | Hard-clipped 7 w_cons parameters to delta_max=0.0500 bound.
2026-08-11 17:19:08 | sleep.weights.plasticity       | INFO  | Hard-clipped 9 w_cons parameters to delta_max=0.0500 bound.
2026-08-11 17:19:08 | sleep.weights.plasticity       | INFO  | Hard-clipped 9 w_cons parameters to delta_max=0.0500 bound.
2026-08-11 17:19:09 | sleep.weights.plasticity       | INFO  | Hard-clipped 7 w_cons parameters to delta_max=0.0500 bound.
2026-08-11 17:19:09 | sleep.weights.plasticity       | INFO  | Hard-clipped 9 w_cons parameters to delta_max=0.0500 bound.
2026-08-11 17:19:10 | sleep.weights.plasticity       | INFO  | Hard-clipped 9 w_cons parameters to delta_max=0.0500 bound.
2026-08-11 17:19:10 | sleep.weights.plasticity       | INFO  | Hard-clipped 9 w_cons parameters to delta_max=0.0500 bound.
2026-08-11 17:19:11 | sleep.weights.plasticity       | INFO  | Hard-clipped 9 w_cons parameters to delta_max=0.0500 bound.
2026-08-11 17:19:11 | sleep.weights.plasticity       | INFO  | Hard-clipped 9 w_cons parameters to delta_max=0.0500 bound.
2026-08-11 17:19:12 | sleep.weights.plasticity       | INFO  | Hard-clipped 10 w_cons parameters to delta_max=0.0500 bound.
2026-08-11 17:19:12 | sleep.weights.plasticity       | INFO  | Hard-clipped 10 w_cons parameters to delta_max=0.0500 bound.
2026-08-11 17:19:13 | sleep.weights.plasticity       | INFO  | Hard-clipped 11 w_cons parameters to delta_max=0.0500 bound.
2026-08-11 17:19:13 | sleep.weights.plasticity       | INFO  | Hard-clipped 9 w_cons parameters to delta_max=0.0500 bound.
2026-08-11 17:19:14 | sleep.weights.plasticity       | INFO  | Hard-clipped 11 w_cons parameters to delta_max=0.0500 bound.
2026-08-11 17:19:14 | sleep.weights.plasticity       | INFO  | Hard-clipped 3 w_cons parameters to delta_max=0.0500 bound.
2026-08-11 17:19:15 | sleep.weights.plasticity       | INFO  | Hard-clipped 8 w_cons parameters to delta_max=0.0500 bound.
2026-08-11 17:19:15 | sleep.weights.plasticity       | INFO  | Hard-clipped 3 w_cons parameters to delta_max=0.0500 bound.
2026-08-11 17:19:16 | sleep.weights.plasticity       | INFO  | Hard-clipped 3 w_cons parameters to delta_max=0.0500 bound.
2026-08-11 17:19:16 | sleep.weights.plasticity       | INFO  | Hard-clipped 3 w_cons parameters to delta_max=0.0500 bound.
2026-08-11 17:19:17 | sleep.weights.plasticity       | INFO  | Hard-clipped 5 w_cons parameters to delta_max=0.0500 bound.
2026-08-11 17:19:17 | sleep.weights.plasticity       | INFO  | Hard-clipped 6 w_cons parameters to delta_max=0.0500 bound.
2026-08-11 17:19:18 | sleep.weights.plasticity       | INFO  | Hard-clipped 11 w_cons parameters to delta_max=0.0500 bound.
2026-08-11 17:19:18 | sleep.weights.plasticity       | INFO  | Hard-clipped 13 w_cons parameters to delta_max=0.0500 bound.
2026-08-11 17:19:19 | sleep.weights.plasticity       | INFO  | Hard-clipped 13 w_cons parameters to delta_max=0.0500 bound.
2026-08-11 17:19:19 | sleep.weights.plasticity       | INFO  | Hard-clipped 13 w_cons parameters to delta_max=0.0500 bound.
2026-08-11 17:19:20 | sleep.weights.plasticity       | INFO  | Hard-clipped 13 w_cons parameters to delta_max=0.0500 bound.
2026-08-11 17:19:20 | sleep.weights.plasticity       | INFO  | Hard-clipped 13 w_cons parameters to delta_max=0.0500 bound.
2026-08-11 17:19:21 | sleep.weights.plasticity       | INFO  | Hard-clipped 13 w_cons parameters to delta_max=0.0500 bound.
2026-08-11 17:19:21 | sleep.weights.plasticity       | INFO  | Hard-clipped 13 w_cons parameters to delta_max=0.0500 bound.
2026-08-11 17:19:22 | sleep.weights.plasticity       | INFO  | Hard-clipped 13 w_cons parameters to delta_max=0.0500 bound.
2026-08-11 17:19:22 | sleep.weights.plasticity       | INFO  | Hard-clipped 13 w_cons parameters to delta_max=0.0500 bound.
2026-08-11 17:19:23 | sleep.weights.plasticity       | INFO  | Hard-clipped 13 w_cons parameters to delta_max=0.0500 bound.
2026-08-11 17:19:23 | sleep.weights.plasticity       | INFO  | Hard-clipped 13 w_cons parameters to delta_max=0.0500 bound.
2026-08-11 17:19:24 | sleep.weights.plasticity       | INFO  | Hard-clipped 13 w_cons parameters to delta_max=0.0500 bound.
2026-08-11 17:19:24 | sleep.weights.plasticity       | INFO  | Hard-clipped 13 w_cons parameters to delta_max=0.0500 bound.
2026-08-11 17:19:25 | sleep.weights.plasticity       | INFO  | Hard-clipped 13 w_cons parameters to delta_max=0.0500 bound.
2026-08-11 17:19:25 | sleep.weights.plasticity       | INFO  | Hard-clipped 13 w_cons parameters to delta_max=0.0500 bound.
2026-08-11 17:19:26 | sleep.weights.plasticity       | INFO  | Hard-clipped 13 w_cons parameters to delta_max=0.0500 bound.
2026-08-11 17:19:26 | sleep.weights.plasticity       | INFO  | Hard-clipped 13 w_cons parameters to delta_max=0.0500 bound.
2026-08-11 17:19:27 | sleep.weights.plasticity       | INFO  | Hard-clipped 13 w_cons parameters to delta_max=0.0500 bound.
2026-08-11 17:19:27 | sleep.weights.plasticity       | INFO  | Hard-clipped 13 w_cons parameters to delta_max=0.0500 bound.
2026-08-11 17:19:28 | sleep.weights.plasticity       | INFO  | Hard-clipped 13 w_cons parameters to delta_max=0.0500 bound.
2026-08-11 17:19:28 | sleep.weights.plasticity       | INFO  | Hard-clipped 3 w_cons parameters to delta_max=0.0500 bound.
2026-08-11 17:19:29 | sleep.weights.plasticity       | INFO  | Hard-clipped 5 w_cons parameters to delta_max=0.0500 bound.
2026-08-11 17:19:29 | sleep.weights.plasticity       | INFO  | Hard-clipped 5 w_cons parameters to delta_max=0.0500 bound.
2026-08-11 17:19:30 | sleep.weights.plasticity       | INFO  | Hard-clipped 3 w_cons parameters to delta_max=0.0500 bound.
2026-08-11 17:19:30 | sleep.weights.plasticity       | INFO  | Hard-clipped 3 w_cons parameters to delta_max=0.0500 bound.
2026-08-11 17:19:31 | sleep.weights.plasticity       | INFO  | Hard-clipped 3 w_cons parameters to delta_max=0.0500 bound.
2026-08-11 17:19:31 | sleep.weights.plasticity       | INFO  | Hard-clipped 3 w_cons parameters to delta_max=0.0500 bound.
2026-08-11 17:19:32 | sleep.weights.plasticity       | INFO  | Hard-clipped 3 w_cons parameters to delta_max=0.0500 bound.
2026-08-11 17:19:32 | sleep.weights.plasticity       | INFO  | Hard-clipped 3 w_cons parameters to delta_max=0.0500 bound.
2026-08-11 17:19:33 | sleep.weights.plasticity       | INFO  | Hard-clipped 3 w_cons parameters to delta_max=0.0500 bound.
2026-08-11 17:19:33 | sleep.weights.plasticity       | INFO  | Hard-clipped 5 w_cons parameters to delta_max=0.0500 bound.
2026-08-11 17:19:34 | sleep.weights.plasticity       | INFO  | Hard-clipped 8 w_cons parameters to delta_max=0.0500 bound.
2026-08-11 17:19:34 | sleep.weights.plasticity       | INFO  | Hard-clipped 8 w_cons parameters to delta_max=0.0500 bound.
2026-08-11 17:19:35 | sleep.weights.plasticity       | INFO  | Hard-clipped 10 w_cons parameters to delta_max=0.0500 bound.
2026-08-11 17:19:35 | sleep.weights.plasticity       | INFO  | Hard-clipped 13 w_cons parameters to delta_max=0.0500 bound.
2026-08-11 17:19:36 | sleep.weights.plasticity       | INFO  | Hard-clipped 13 w_cons parameters to delta_max=0.0500 bound.
2026-08-11 17:19:36 | sleep.weights.plasticity       | INFO  | Hard-clipped 14 w_cons parameters to delta_max=0.0500 bound.
2026-08-11 17:19:37 | sleep.weights.plasticity       | INFO  | Hard-clipped 13 w_cons parameters to delta_max=0.0500 bound.
2026-08-11 17:19:37 | sleep.weights.plasticity       | INFO  | Hard-clipped 13 w_cons parameters to delta_max=0.0500 bound.
2026-08-11 17:19:38 | sleep.weights.plasticity       | INFO  | Hard-clipped 14 w_cons parameters to delta_max=0.0500 bound.
2026-08-11 17:19:38 | sleep.weights.plasticity       | INFO  | Hard-clipped 14 w_cons parameters to delta_max=0.0500 bound.
2026-08-11 17:19:39 | sleep.weights.plasticity       | INFO  | Hard-clipped 13 w_cons parameters to delta_max=0.0500 bound.
2026-08-11 17:19:39 | sleep.weights.plasticity       | INFO  | Hard-clipped 14 w_cons parameters to delta_max=0.0500 bound.
2026-08-11 17:19:40 | sleep.weights.plasticity       | INFO  | Hard-clipped 4 w_cons parameters to delta_max=0.0500 bound.
2026-08-11 17:19:40 | sleep.weights.plasticity       | INFO  | Hard-clipped 4 w_cons parameters to delta_max=0.0500 bound.
2026-08-11 17:19:41 | sleep.weights.plasticity       | INFO  | Hard-clipped 4 w_cons parameters to delta_max=0.0500 bound.
2026-08-11 17:19:41 | sleep.weights.plasticity       | INFO  | Hard-clipped 4 w_cons parameters to delta_max=0.0500 bound.
2026-08-11 17:19:42 | sleep.weights.plasticity       | INFO  | Hard-clipped 4 w_cons parameters to delta_max=0.0500 bound.
2026-08-11 17:19:42 | sleep.weights.plasticity       | INFO  | Hard-clipped 4 w_cons parameters to delta_max=0.0500 bound.
2026-08-11 17:19:42 | sleep.weights.plasticity       | INFO  | Hard-clipped 5 w_cons parameters to delta_max=0.0500 bound.
2026-08-11 17:19:43 | sleep.weights.plasticity       | INFO  | Hard-clipped 4 w_cons parameters to delta_max=0.0500 bound.
2026-08-11 17:19:43 | sleep.weights.plasticity       | INFO  | Hard-clipped 7 w_cons parameters to delta_max=0.0500 bound.
2026-08-11 17:19:44 | sleep.weights.plasticity       | INFO  | Hard-clipped 7 w_cons parameters to delta_max=0.0500 bound.
2026-08-11 17:19:45 | sleep.weights.plasticity       | INFO  | Hard-clipped 4 w_cons parameters to delta_max=0.0500 bound.
2026-08-11 17:19:45 | sleep.weights.plasticity       | INFO  | Hard-clipped 3 w_cons parameters to delta_max=0.0500 bound.
2026-08-11 17:19:45 | sleep.weights.plasticity       | INFO  | Hard-clipped 2 w_cons parameters to delta_max=0.0500 bound.
2026-08-11 17:19:46 | sleep.weights.plasticity       | INFO  | Hard-clipped 2 w_cons parameters to delta_max=0.0500 bound.
2026-08-11 17:19:46 | sleep.weights.plasticity       | INFO  | Hard-clipped 2 w_cons parameters to delta_max=0.0500 bound.
2026-08-11 17:19:47 | sleep.weights.plasticity       | INFO  | Hard-clipped 2 w_cons parameters to delta_max=0.0500 bound.
2026-08-11 17:19:47 | sleep.weights.plasticity       | INFO  | Hard-clipped 2 w_cons parameters to delta_max=0.0500 bound.
2026-08-11 17:19:48 | sleep.weights.plasticity       | INFO  | Hard-clipped 2 w_cons parameters to delta_max=0.0500 bound.
2026-08-11 17:19:48 | sleep.weights.plasticity       | INFO  | Hard-clipped 2 w_cons parameters to delta_max=0.0500 bound.
2026-08-11 17:19:49 | sleep.weights.plasticity       | INFO  | Hard-clipped 2 w_cons parameters to delta_max=0.0500 bound.
2026-08-11 17:19:50 | sleep.weights.plasticity       | INFO  | Hard-clipped 1 w_cons parameters to delta_max=0.0500 bound.
2026-08-11 17:19:50 | sleep.weights.plasticity       | INFO  | Hard-clipped 3 w_cons parameters to delta_max=0.0500 bound.
2026-08-11 17:19:50 | sleep.weights.plasticity       | INFO  | Hard-clipped 3 w_cons parameters to delta_max=0.0500 bound.
2026-08-11 17:19:51 | sleep.weights.plasticity       | INFO  | Hard-clipped 2 w_cons parameters to delta_max=0.0500 bound.
2026-08-11 17:19:51 | sleep.weights.plasticity       | INFO  | Hard-clipped 3 w_cons parameters to delta_max=0.0500 bound.
2026-08-11 17:19:52 | sleep.weights.plasticity       | INFO  | Hard-clipped 3 w_cons parameters to delta_max=0.0500 bound.
2026-08-11 17:19:52 | sleep.weights.plasticity       | INFO  | Hard-clipped 2 w_cons parameters to delta_max=0.0500 bound.
2026-08-11 17:19:53 | sleep.weights.plasticity       | INFO  | Hard-clipped 3 w_cons parameters to delta_max=0.0500 bound.
2026-08-11 17:19:53 | sleep.weights.plasticity       | INFO  | Hard-clipped 3 w_cons parameters to delta_max=0.0500 bound.
2026-08-11 17:19:54 | sleep.weights.plasticity       | INFO  | Hard-clipped 5 w_cons parameters to delta_max=0.0500 bound.
2026-08-11 17:19:54 | sleep.weights.plasticity       | INFO  | Hard-clipped 4 w_cons parameters to delta_max=0.0500 bound.
2026-08-11 17:19:55 | sleep.weights.plasticity       | INFO  | Hard-clipped 4 w_cons parameters to delta_max=0.0500 bound.
2026-08-11 17:19:55 | sleep.weights.plasticity       | INFO  | Hard-clipped 2 w_cons parameters to delta_max=0.0500 bound.
2026-08-11 17:19:56 | sleep.weights.plasticity       | INFO  | Hard-clipped 4 w_cons parameters to delta_max=0.0500 bound.
2026-08-11 17:19:56 | sleep.weights.plasticity       | INFO  | Hard-clipped 1 w_cons parameters to delta_max=0.0500 bound.
2026-08-11 17:19:59 | sleep.weights.plasticity       | INFO  | Hard-clipped 1 w_cons parameters to delta_max=0.0500 bound.
2026-08-11 17:20:00 | sleep.weights.plasticity       | INFO  | Hard-clipped 1 w_cons parameters to delta_max=0.0500 bound.
2026-08-11 17:20:02 | sleep.sleep_engine.train       | INFO  |   step 1500/1500 | loss=0.2654 | mean_loss=0.5481 | eta=9 | lr=0.00e+00
2026-08-11 17:20:02 | sleep.sleep_engine.train       | INFO  | Sleep training complete | n_steps=1500 | final_loss=0.2654 | mean_loss=0.5481
2026-08-11 17:20:02 | sleep.metrics                  | INFO  | summary | {'sleep_train/final_loss': 0.2654075622558594, 'sleep_train/mean_loss': 0.5481064823369185, 'sleep_train/n_steps': 1500}
2026-08-11 17:20:02 | sleep.sleep_engine             | INFO  | Phase 3 complete: 1500 steps, final_loss=0.2654, mean_loss=0.5481
2026-08-11 17:20:02 | sleep.sleep_engine             | INFO  | Phase 4/5: PPL CHECK (skipped — no benchmark data)
2026-08-11 17:20:02 | sleep.sleep_engine             | INFO  | Phase 5/5: VALIDATE & CLEANUP
2026-08-11 17:20:02 | sleep.weights.plasticity       | INFO  | Saved checkpoint for adapter 'w_cons': 44 parameters.
2026-08-11 17:20:02 | sleep.weights.plasticity       | INFO  | Restored 44 parameters for adapter 'w_cons' from checkpoint.
2026-08-11 17:20:03 | sleep.weights.plasticity       | INFO  | Restored 44 parameters for adapter 'w_cons' from checkpoint.
[transformers] The attention mask is not set and cannot be inferred from input because pad token is same as eos token. As a consequence, you may observe unexpected behavior. Please pass your input's `attention_mask` to obtain reliable results.
2026-08-11 17:21:02 | sleep.sleep_engine             | INFO  | Two-stage validation: 41/41 passed surprise, 36 also passed the mini-recall gate (self-grading gap = 5)
2026-08-11 17:21:02 | sleep.sleep_engine.cleanup     | INFO  | Cleanup complete | passed=36 | failed=5 | permanently_removed=0
2026-08-11 17:21:02 | sleep.sleep_engine             | INFO  | Phase 5 complete: consolidated=36, failed=5, permanently_removed=0
2026-08-11 17:21:02 | sleep.metrics                  | INFO  | summary | {'sleep_engine/n_candidates': 41, 'sleep_engine/n_replays_generated': 950, 'sleep_engine/n_replays_accepted': 950, 'sleep_engine/n_consolidated': 36, 'sleep_engine/n_failed': 5, 'sleep_engine/n_permanently_removed': 0, 'sleep_engine/rolled_back': False}
2026-08-11 17:21:02 | sleep.weights.kv_memory        | INFO  | bank cleared: freed 127 tags / 4914 tokens
2026-08-11 17:21:02 | sleep.sleep_engine             | INFO  | KV bank cleared (127 entries removed)
2026-08-11 17:21:02 | sleep.sleep_engine             | INFO  | KV memory injection: ENABLED
2026-08-11 17:21:02 | sleep.sleep_engine             | INFO  | === Sleep cycle END ===
2026-08-11 17:21:10 | sleep.evaluation.recall_formats | INFO  | MC recall: accuracy=0.2500, mean_correct_prob=0.2372 across 200 facts
2026-08-11 17:23:31 | sleep.evaluation.recall_formats | INFO  | Cloze recall: accuracy=0.2000 across 200 facts
2026-08-11 17:29:24 | sleep.evaluation.recall_formats | INFO  | Free-form recall (greedy): mean_score=0.1883, accuracy=0.3700 across 200 facts
2026-08-11 17:29:24 | sleep.evaluation.preservation  | INFO  | Perplexity evaluation: PPL=33.2202 (mean_loss=3.5032, 31 tokens)
2026-08-11 17:29:24 | sleep.evaluation.preservation  | INFO  | BCP: 3.6418 (current_ppl=33.2202, original_ppl=9.1220)
2026-08-11 17:30:38 | sleep.evaluation.recall_formats | INFO  | Free-form recall (greedy): mean_score=0.5935, accuracy=0.8780 across 41 facts
2026-08-11 17:30:38 | sleep.experiment.common        | INFO  | Wrote results to /workspace/results/d_llama_pce_d05_s0.json

================================================================
FULL PIPELINE v2 — recipe=paraphrase_ce seed=0
================================================================
  tags=135  PRP=41  consolidated=36  recall-gate=36
  DRA (greedy):   0.1883  (trained subset: 0.5935 over 41)
  cloze:          0.2000
  MC:             0.2500
  BCP:            3.6418
  rolled_back:    False
  Results: /workspace/results/d_llama_pce_d05_s0.json
2026-08-11 17:30:38 | sleep.weights.kv_injection     | INFO  | KVInjector uninstalled from 10 layers
