2026-08-11 17:30:43 | sleep.utils.seed               | INFO  | Seeded all RNGs with seed=0 (deterministic_algorithms=False)
2026-08-11 17:30:43 | sleep.experiment.13            | INFO  | ======================================================================
2026-08-11 17:30:43 | sleep.experiment.13            | INFO  | EXPERIMENT 13: Full pipeline v2 | recipe=paraphrase_ce | seed=0
2026-08-11 17:30:43 | sleep.experiment.13            | INFO  | ======================================================================
2026-08-11 17:30:43 | sleep.experiment.13            | INFO  | Safety overrides: {'delta_max': (0.01, 0.03)}
Loading weights:   0%|          | 0/291 [00:00<?, ?it/s]Loading weights: 100%|██████████| 291/291 [00:00<00:00, 5698.01it/s]
2026-08-11 17:30:50 | sleep.experiment.common        | INFO  | Loaded /workspace/models/llama-3.1-8b | dtype=bfloat16 | attn=eager | device=cuda | layers=32
2026-08-11 17:30:50 | sleep.experiment.13            | INFO  | Loaded 200 facts (paraphrased: True)
2026-08-11 17:30:50 | sleep.weights.lora             | INFO  | LoRA target modules for llama: ['up_proj', 'down_proj']
2026-08-11 17:30:50 | sleep.weights.lora             | INFO  | LoRA config: rank=16, alpha=32, selection=middle, layers=[10, 11, 12, 13, 14, 15, 16, 17, 18, 19, 20] (of 32 total), targets=['up_proj', 'down_proj']
2026-08-11 17:30:50 | sleep.weights.lora             | INFO  | Created LoRA adapter 'w_fast': 6488064 trainable parameters (0.0807% of base model)
2026-08-11 17:30:50 | sleep.weights.lora             | INFO  | LoRA target modules for llama: ['up_proj', 'down_proj']
2026-08-11 17:30:50 | sleep.weights.lora             | INFO  | LoRA config: rank=16, alpha=32, selection=middle, layers=[10, 11, 12, 13, 14, 15, 16, 17, 18, 19, 20] (of 32 total), targets=['up_proj', 'down_proj']
2026-08-11 17:30:51 | sleep.weights.lora             | INFO  | Dual adapters ready: w_fast=6488064 params, w_cons=6488064 params
/usr/local/lib/python3.11/dist-packages/peft/tuners/tuners_utils.py:2193: UserWarning: Adapter cannot be set when the model is merged. Unmerging the model first.
  warnings.warn("Adapter cannot be set when the model is merged. Unmerging the model first.")
2026-08-11 17:30:51 | sleep.weights.fast_update      | INFO  | FastWeightUpdater initialized: 44 parameter groups, alpha_base=1.00e-04, momentum=0.90
2026-08-11 17:30:51 | sleep.weights.plasticity       | INFO  | Adapted layers: [10, 11, 12, 13, 14, 15, 16, 17, 18, 19, 20] (middle 33% of 32 layers)
2026-08-11 17:30:51 | sleep.weights.plasticity       | INFO  | Injection layers: [22, 23, 24, 25, 26, 27, 28, 29, 30, 31] (top 33% of 32 layers)
2026-08-11 17:30:52 | sleep.weights.plasticity       | INFO  | Computed Frobenius norms for 224 base model weight matrices.
2026-08-11 17:30:52 | sleep.weights.kv_injection     | INFO  | KVInjector installed on 10 layers: [22, 23, 24, 25, 26, 27, 28, 29, 30, 31]
2026-08-11 17:30:52 | sleep.weights                  | INFO  | KV memory mode enabled | adapted_layers=[10, 11, 12, 13, 14, 15, 16, 17, 18, 19, 20] | num_kv_heads=8 | head_dim=128 | max_total_tokens=20000 | top_k=64 | device=cuda:0 | dtype=torch.bfloat16
2026-08-11 17:30:52 | sleep.weights                  | INFO  | DualWeightSystem initialized | W_fast: 6,488,064 params | W_cons: 6,488,064 params | Adapted layers: [10, 11, 12, 13, 14, 15, 16, 17, 18, 19, 20] | Plasticity: 0.188–0.452 | KV bank installed
2026-08-11 17:30:52 | sleep.experiment.13            | INFO  | Adapter layers: [10, 11, 12, 13, 14, 15, 16, 17, 18, 19, 20] | injection layers: [22, 23, 24, 25, 26, 27, 28, 29, 30, 31]
/usr/local/lib/python3.11/dist-packages/peft/tuners/lora/layer.py:983: UserWarning: Already unmerged. Nothing to do.
  warnings.warn("Already unmerged. Nothing to do.")
2026-08-11 17:30:52 | sleep.evaluation.preservation  | INFO  | Perplexity evaluation: PPL=9.1220 (mean_loss=2.2107, 31 tokens)
2026-08-11 17:30:52 | sleep.experiment.13            | INFO  | WAKE: feeding 200 facts
2026-08-11 17:30:52 | sleep.tagging                  | INFO  | step=1 | 2 tags created from 2 spans | buffer: 2/40216 (0.0%)
2026-08-11 17:30:52 | sleep.tagging                  | INFO  | step=2 | 1 tags created from 1 spans | buffer: 3/40216 (0.0%)
2026-08-11 17:30:53 | sleep.tagging                  | INFO  | step=3 | 2 tags created from 2 spans | buffer: 5/40216 (0.0%)
2026-08-11 17:30:53 | sleep.tagging                  | INFO  | step=4 | 1 tags created from 1 spans | buffer: 6/40216 (0.0%)
2026-08-11 17:30:53 | sleep.tagging                  | INFO  | step=7 | 1 tags created from 1 spans | buffer: 7/40216 (0.0%)
2026-08-11 17:30:53 | sleep.tagging                  | INFO  | step=8 | 1 tags created from 1 spans | buffer: 8/40216 (0.0%)
2026-08-11 17:30:53 | sleep.tagging                  | INFO  | step=11 | 1 tags created from 1 spans | buffer: 9/40216 (0.0%)
2026-08-11 17:30:53 | sleep.tagging                  | INFO  | step=12 | 1 tags created from 1 spans | buffer: 10/40216 (0.0%)
2026-08-11 17:30:53 | sleep.tagging                  | INFO  | step=13 | 1 tags created from 1 spans | buffer: 11/40216 (0.0%)
2026-08-11 17:30:53 | sleep.tagging                  | INFO  | step=14 | 1 tags created from 1 spans | buffer: 12/40216 (0.0%)
2026-08-11 17:30:54 | sleep.tagging                  | INFO  | step=17 | 1 tags created from 1 spans | buffer: 13/40216 (0.0%)
2026-08-11 17:30:54 | sleep.tagging                  | INFO  | step=18 | 1 tags created from 1 spans | buffer: 14/40216 (0.0%)
2026-08-11 17:30:54 | sleep.tagging                  | INFO  | step=21 | 1 tags created from 1 spans | buffer: 15/40216 (0.0%)
2026-08-11 17:30:54 | sleep.tagging                  | INFO  | step=22 | 1 tags created from 1 spans | buffer: 16/40216 (0.0%)
2026-08-11 17:30:54 | sleep.tagging                  | INFO  | step=23 | 1 tags created from 1 spans | buffer: 17/40216 (0.0%)
2026-08-11 17:30:54 | sleep.tagging                  | INFO  | step=24 | 1 tags created from 1 spans | buffer: 18/40216 (0.0%)
2026-08-11 17:30:54 | sleep.tagging                  | INFO  | step=26 | 1 tags created from 1 spans | buffer: 19/40216 (0.0%)
2026-08-11 17:30:55 | sleep.tagging                  | INFO  | step=31 | 1 tags created from 1 spans | buffer: 20/40216 (0.0%)
2026-08-11 17:30:55 | sleep.tagging                  | INFO  | step=32 | 1 tags created from 1 spans | buffer: 21/40216 (0.1%)
2026-08-11 17:30:55 | sleep.tagging                  | INFO  | step=33 | 1 tags created from 1 spans | buffer: 22/40216 (0.1%)
2026-08-11 17:30:55 | sleep.tagging                  | INFO  | step=35 | 1 tags created from 1 spans | buffer: 23/40216 (0.1%)
2026-08-11 17:30:55 | sleep.tagging                  | INFO  | step=36 | 1 tags created from 1 spans | buffer: 24/40216 (0.1%)
2026-08-11 17:30:55 | sleep.tagging                  | INFO  | step=37 | 1 tags created from 1 spans | buffer: 25/40216 (0.1%)
2026-08-11 17:30:55 | sleep.tagging                  | INFO  | step=38 | 1 tags created from 1 spans | buffer: 26/40216 (0.1%)
2026-08-11 17:30:55 | sleep.tagging                  | INFO  | step=39 | 1 tags created from 1 spans | buffer: 27/40216 (0.1%)
2026-08-11 17:30:56 | sleep.tagging                  | INFO  | step=41 | 1 tags created from 1 spans | buffer: 28/40216 (0.1%)
2026-08-11 17:30:56 | sleep.tagging                  | INFO  | step=42 | 1 tags created from 1 spans | buffer: 29/40216 (0.1%)
2026-08-11 17:30:56 | sleep.tagging                  | INFO  | step=44 | 1 tags created from 1 spans | buffer: 30/40216 (0.1%)
2026-08-11 17:30:56 | sleep.tagging                  | INFO  | step=45 | 1 tags created from 1 spans | buffer: 31/40216 (0.1%)
2026-08-11 17:30:56 | sleep.tagging                  | INFO  | step=46 | 1 tags created from 1 spans | buffer: 32/40216 (0.1%)
2026-08-11 17:30:56 | sleep.tagging                  | INFO  | step=47 | 1 tags created from 1 spans | buffer: 33/40216 (0.1%)
2026-08-11 17:30:56 | sleep.tagging                  | INFO  | step=49 | 1 tags created from 1 spans | buffer: 34/40216 (0.1%)
2026-08-11 17:30:56 | sleep.tagging                  | INFO  | step=51 | 2 tags created from 2 spans | buffer: 36/40216 (0.1%)
2026-08-11 17:30:57 | sleep.tagging                  | INFO  | step=52 | 1 tags created from 1 spans | buffer: 37/40216 (0.1%)
2026-08-11 17:30:57 | sleep.tagging                  | INFO  | step=53 | 1 tags created from 1 spans | buffer: 38/40216 (0.1%)
2026-08-11 17:30:57 | sleep.tagging                  | INFO  | step=54 | 1 tags created from 1 spans | buffer: 39/40216 (0.1%)
2026-08-11 17:30:57 | sleep.tagging                  | INFO  | step=56 | 1 tags created from 1 spans | buffer: 40/40216 (0.1%)
2026-08-11 17:30:57 | sleep.tagging                  | INFO  | step=57 | 1 tags created from 1 spans | buffer: 41/40216 (0.1%)
2026-08-11 17:30:57 | sleep.tagging                  | INFO  | step=58 | 1 tags created from 1 spans | buffer: 42/40216 (0.1%)
2026-08-11 17:30:58 | sleep.tagging                  | INFO  | step=61 | 1 tags created from 1 spans | buffer: 43/40216 (0.1%)
2026-08-11 17:30:58 | sleep.tagging                  | INFO  | step=62 | 1 tags created from 1 spans | buffer: 44/40216 (0.1%)
2026-08-11 17:30:58 | sleep.tagging                  | INFO  | step=63 | 1 tags created from 1 spans | buffer: 45/40216 (0.1%)
2026-08-11 17:30:58 | sleep.tagging                  | INFO  | step=64 | 1 tags created from 1 spans | buffer: 46/40216 (0.1%)
2026-08-11 17:30:58 | sleep.tagging                  | INFO  | step=66 | 1 tags created from 1 spans | buffer: 47/40216 (0.1%)
2026-08-11 17:30:58 | sleep.tagging                  | INFO  | step=67 | 2 tags created from 2 spans | buffer: 49/40216 (0.1%)
2026-08-11 17:30:58 | sleep.tagging                  | INFO  | step=68 | 1 tags created from 1 spans | buffer: 50/40216 (0.1%)
2026-08-11 17:30:58 | sleep.tagging                  | INFO  | step=69 | 1 tags created from 1 spans | buffer: 51/40216 (0.1%)
2026-08-11 17:30:59 | sleep.tagging                  | INFO  | step=71 | 1 tags created from 1 spans | buffer: 52/40216 (0.1%)
2026-08-11 17:30:59 | sleep.tagging                  | INFO  | step=73 | 1 tags created from 1 spans | buffer: 53/40216 (0.1%)
2026-08-11 17:30:59 | sleep.tagging                  | INFO  | step=74 | 1 tags created from 1 spans | buffer: 54/40216 (0.1%)
2026-08-11 17:30:59 | sleep.tagging                  | INFO  | step=75 | 1 tags created from 1 spans | buffer: 55/40216 (0.1%)
2026-08-11 17:30:59 | sleep.tagging                  | INFO  | step=76 | 1 tags created from 1 spans | buffer: 56/40216 (0.1%)
2026-08-11 17:30:59 | sleep.tagging                  | INFO  | step=77 | 1 tags created from 1 spans | buffer: 57/40216 (0.1%)
2026-08-11 17:30:59 | sleep.tagging                  | INFO  | step=81 | 1 tags created from 1 spans | buffer: 58/40216 (0.1%)
2026-08-11 17:31:00 | sleep.tagging                  | INFO  | step=82 | 1 tags created from 1 spans | buffer: 59/40216 (0.1%)
2026-08-11 17:31:00 | sleep.tagging                  | INFO  | step=83 | 1 tags created from 1 spans | buffer: 60/40216 (0.1%)
2026-08-11 17:31:00 | sleep.tagging                  | INFO  | step=86 | 1 tags created from 1 spans | buffer: 61/40216 (0.2%)
2026-08-11 17:31:00 | sleep.tagging                  | INFO  | step=87 | 1 tags created from 1 spans | buffer: 62/40216 (0.2%)
2026-08-11 17:31:00 | sleep.tagging                  | INFO  | step=89 | 1 tags created from 1 spans | buffer: 63/40216 (0.2%)
2026-08-11 17:31:00 | sleep.tagging                  | INFO  | step=91 | 1 tags created from 1 spans | buffer: 64/40216 (0.2%)
2026-08-11 17:31:00 | sleep.tagging                  | INFO  | step=93 | 1 tags created from 1 spans | buffer: 65/40216 (0.2%)
2026-08-11 17:31:01 | sleep.tagging                  | INFO  | step=94 | 1 tags created from 1 spans | buffer: 66/40216 (0.2%)
2026-08-11 17:31:01 | sleep.tagging                  | INFO  | step=97 | 2 tags created from 2 spans | buffer: 68/40216 (0.2%)
2026-08-11 17:31:01 | sleep.tagging                  | INFO  | step=101 | 1 tags created from 1 spans | buffer: 69/40216 (0.2%)
2026-08-11 17:31:01 | sleep.tagging                  | INFO  | step=102 | 1 tags created from 1 spans | buffer: 70/40216 (0.2%)
2026-08-11 17:31:01 | sleep.tagging                  | INFO  | step=103 | 1 tags created from 1 spans | buffer: 71/40216 (0.2%)
2026-08-11 17:31:01 | sleep.tagging                  | INFO  | step=104 | 1 tags created from 1 spans | buffer: 72/40216 (0.2%)
2026-08-11 17:31:01 | sleep.tagging                  | INFO  | step=105 | 1 tags created from 1 spans | buffer: 73/40216 (0.2%)
2026-08-11 17:31:02 | sleep.tagging                  | INFO  | step=106 | 1 tags created from 1 spans | buffer: 74/40216 (0.2%)
2026-08-11 17:31:02 | sleep.tagging                  | INFO  | step=111 | 1 tags created from 1 spans | buffer: 75/40216 (0.2%)
2026-08-11 17:31:02 | sleep.tagging                  | INFO  | step=113 | 1 tags created from 1 spans | buffer: 76/40216 (0.2%)
2026-08-11 17:31:02 | sleep.tagging                  | INFO  | step=114 | 1 tags created from 1 spans | buffer: 77/40216 (0.2%)
2026-08-11 17:31:02 | sleep.tagging                  | INFO  | step=115 | 1 tags created from 1 spans | buffer: 78/40216 (0.2%)
2026-08-11 17:31:02 | sleep.tagging                  | INFO  | step=116 | 1 tags created from 1 spans | buffer: 79/40216 (0.2%)
2026-08-11 17:31:02 | sleep.tagging                  | INFO  | step=117 | 1 tags created from 1 spans | buffer: 80/40216 (0.2%)
2026-08-11 17:31:03 | sleep.tagging                  | INFO  | step=121 | 1 tags created from 1 spans | buffer: 81/40216 (0.2%)
2026-08-11 17:31:03 | sleep.tagging                  | INFO  | step=122 | 1 tags created from 1 spans | buffer: 82/40216 (0.2%)
2026-08-11 17:31:03 | sleep.tagging                  | INFO  | step=123 | 1 tags created from 1 spans | buffer: 83/40216 (0.2%)
2026-08-11 17:31:03 | sleep.tagging                  | INFO  | step=124 | 1 tags created from 1 spans | buffer: 84/40216 (0.2%)
2026-08-11 17:31:03 | sleep.tagging                  | INFO  | step=125 | 1 tags created from 1 spans | buffer: 85/40216 (0.2%)
2026-08-11 17:31:03 | sleep.tagging                  | INFO  | step=127 | 1 tags created from 1 spans | buffer: 86/40216 (0.2%)
2026-08-11 17:31:03 | sleep.tagging                  | INFO  | step=128 | 1 tags created from 1 spans | buffer: 87/40216 (0.2%)
2026-08-11 17:31:04 | sleep.tagging                  | INFO  | step=129 | 1 tags created from 1 spans | buffer: 88/40216 (0.2%)
2026-08-11 17:31:04 | sleep.tagging                  | INFO  | step=132 | 1 tags created from 1 spans | buffer: 89/40216 (0.2%)
2026-08-11 17:31:04 | sleep.tagging                  | INFO  | step=133 | 1 tags created from 1 spans | buffer: 90/40216 (0.2%)
2026-08-11 17:31:04 | sleep.tagging                  | INFO  | step=134 | 1 tags created from 1 spans | buffer: 91/40216 (0.2%)
2026-08-11 17:31:04 | sleep.tagging                  | INFO  | step=135 | 1 tags created from 1 spans | buffer: 92/40216 (0.2%)
2026-08-11 17:31:04 | sleep.tagging                  | INFO  | step=136 | 1 tags created from 1 spans | buffer: 93/40216 (0.2%)
2026-08-11 17:31:04 | sleep.tagging                  | INFO  | step=138 | 1 tags created from 1 spans | buffer: 94/40216 (0.2%)
2026-08-11 17:31:04 | sleep.tagging                  | INFO  | step=139 | 1 tags created from 1 spans | buffer: 95/40216 (0.2%)
2026-08-11 17:31:05 | sleep.tagging                  | INFO  | step=141 | 1 tags created from 1 spans | buffer: 96/40216 (0.2%)
2026-08-11 17:31:05 | sleep.tagging                  | INFO  | step=142 | 1 tags created from 1 spans | buffer: 97/40216 (0.2%)
2026-08-11 17:31:05 | sleep.tagging                  | INFO  | step=144 | 1 tags created from 1 spans | buffer: 98/40216 (0.2%)
2026-08-11 17:31:05 | sleep.tagging                  | INFO  | step=148 | 1 tags created from 1 spans | buffer: 99/40216 (0.2%)
2026-08-11 17:31:05 | sleep.tagging                  | INFO  | step=149 | 1 tags created from 1 spans | buffer: 100/40216 (0.2%)
2026-08-11 17:31:05 | sleep.tagging                  | INFO  | step=151 | 1 tags created from 1 spans | buffer: 101/40216 (0.3%)
2026-08-11 17:31:05 | sleep.tagging                  | INFO  | step=152 | 2 tags created from 2 spans | buffer: 103/40216 (0.3%)
2026-08-11 17:31:06 | sleep.tagging                  | INFO  | step=153 | 1 tags created from 1 spans | buffer: 104/40216 (0.3%)
2026-08-11 17:31:06 | sleep.tagging                  | INFO  | step=154 | 1 tags created from 1 spans | buffer: 105/40216 (0.3%)
2026-08-11 17:31:06 | sleep.tagging                  | INFO  | step=155 | 1 tags created from 1 spans | buffer: 106/40216 (0.3%)
2026-08-11 17:31:06 | sleep.tagging                  | INFO  | step=156 | 1 tags created from 1 spans | buffer: 107/40216 (0.3%)
2026-08-11 17:31:06 | sleep.tagging                  | INFO  | step=158 | 1 tags created from 1 spans | buffer: 108/40216 (0.3%)
2026-08-11 17:31:06 | sleep.tagging                  | INFO  | step=161 | 1 tags created from 1 spans | buffer: 109/40216 (0.3%)
2026-08-11 17:31:06 | sleep.tagging                  | INFO  | step=162 | 1 tags created from 1 spans | buffer: 110/40216 (0.3%)
2026-08-11 17:31:06 | sleep.tagging                  | INFO  | step=163 | 1 tags created from 1 spans | buffer: 111/40216 (0.3%)
2026-08-11 17:31:07 | sleep.tagging                  | INFO  | step=164 | 1 tags created from 1 spans | buffer: 112/40216 (0.3%)
2026-08-11 17:31:07 | sleep.tagging                  | INFO  | step=166 | 1 tags created from 1 spans | buffer: 113/40216 (0.3%)
2026-08-11 17:31:07 | sleep.tagging                  | INFO  | step=167 | 1 tags created from 1 spans | buffer: 114/40216 (0.3%)
2026-08-11 17:31:07 | sleep.tagging                  | INFO  | step=168 | 1 tags created from 1 spans | buffer: 115/40216 (0.3%)
2026-08-11 17:31:07 | sleep.tagging                  | INFO  | step=173 | 1 tags created from 1 spans | buffer: 116/40216 (0.3%)
2026-08-11 17:31:07 | sleep.tagging                  | INFO  | step=174 | 1 tags created from 1 spans | buffer: 117/40216 (0.3%)
2026-08-11 17:31:07 | sleep.tagging                  | INFO  | step=175 | 1 tags created from 1 spans | buffer: 118/40216 (0.3%)
2026-08-11 17:31:08 | sleep.tagging                  | INFO  | step=176 | 1 tags created from 1 spans | buffer: 119/40216 (0.3%)
2026-08-11 17:31:08 | sleep.tagging                  | INFO  | step=177 | 2 tags created from 2 spans | buffer: 121/40216 (0.3%)
2026-08-11 17:31:08 | sleep.tagging                  | INFO  | step=179 | 1 tags created from 1 spans | buffer: 122/40216 (0.3%)
2026-08-11 17:31:08 | sleep.tagging                  | INFO  | step=181 | 1 tags created from 1 spans | buffer: 123/40216 (0.3%)
2026-08-11 17:31:08 | sleep.tagging                  | INFO  | step=182 | 1 tags created from 1 spans | buffer: 124/40216 (0.3%)
2026-08-11 17:31:08 | sleep.tagging                  | INFO  | step=183 | 1 tags created from 1 spans | buffer: 125/40216 (0.3%)
2026-08-11 17:31:08 | sleep.tagging                  | INFO  | step=184 | 1 tags created from 1 spans | buffer: 126/40216 (0.3%)
2026-08-11 17:31:08 | sleep.tagging                  | INFO  | step=186 | 1 tags created from 1 spans | buffer: 127/40216 (0.3%)
2026-08-11 17:31:09 | sleep.tagging                  | INFO  | step=187 | 1 tags created from 1 spans | buffer: 128/40216 (0.3%)
2026-08-11 17:31:09 | sleep.tagging                  | INFO  | step=191 | 1 tags created from 1 spans | buffer: 129/40216 (0.3%)
2026-08-11 17:31:09 | sleep.tagging                  | INFO  | step=192 | 1 tags created from 1 spans | buffer: 130/40216 (0.3%)
2026-08-11 17:31:09 | sleep.tagging                  | INFO  | step=193 | 1 tags created from 1 spans | buffer: 131/40216 (0.3%)
2026-08-11 17:31:09 | sleep.tagging                  | INFO  | step=194 | 1 tags created from 1 spans | buffer: 132/40216 (0.3%)
2026-08-11 17:31:09 | sleep.tagging                  | INFO  | step=196 | 1 tags created from 1 spans | buffer: 133/40216 (0.3%)
2026-08-11 17:31:09 | sleep.tagging                  | INFO  | step=197 | 2 tags created from 2 spans | buffer: 135/40216 (0.3%)
2026-08-11 17:31:10 | sleep.experiment.13            | INFO  | WAKE done: 135 tags, 127 episodes in bank
2026-08-11 17:31:10 | sleep.prp                      | INFO  | step=200 | PRP update: 41/4021 allocated (1%) | +41 -0 | threshold=0.317 | mean_score=0.286
2026-08-11 17:31:10 | sleep.experiment.13            | INFO  | PRP: 41/135 allocated
2026-08-11 17:31:10 | sleep.sleep_engine             | INFO  | === Sleep cycle START | 41 candidates ===
2026-08-11 17:31:10 | sleep.sleep_engine             | INFO  | Phase 1/5: GENERATE (strategy=paraphrase)
2026-08-11 17:31:10 | sleep.sleep_engine             | INFO  | KV memory injection: DISABLED
2026-08-11 17:31:10 | sleep.sleep_engine             | INFO  | Phase 1 (paraphrase strategy): 950 wordings from 41 unique sources (41 candidates)
[transformers] Ignoring clean_up_tokenization_spaces=True for BPE tokenizer TokenizersBackend. The clean_up_tokenization post-processing step is designed for WordPiece tokenizers and is destructive for BPE (it strips spaces before punctuation). Set clean_up_tokenization_spaces=False to suppress this warning, or set clean_up_tokenization_spaces_for_bpe_even_though_it_will_corrupt_output=True to force cleanup anyway.
2026-08-11 17:31:10 | sleep.sleep_engine             | INFO  | Phase 1 complete: 950/41 replays generated
2026-08-11 17:31:10 | sleep.sleep_engine             | INFO  | Phase 2/5: QUALITY CHECK
2026-08-11 17:31:10 | sleep.sleep_engine             | INFO  | Phase 2 complete: 950/950 replays accepted
2026-08-11 17:31:10 | sleep.sleep_engine             | INFO  | Phase 3/5: TRAIN (950 accepted replays)
2026-08-11 17:31:10 | sleep.sleep_engine             | INFO  | KV memory injection: DISABLED
2026-08-11 17:31:10 | sleep.weights.plasticity       | INFO  | Saved checkpoint for adapter 'w_cons': 44 parameters.
2026-08-11 17:31:11 | sleep.weights.plasticity       | INFO  | Saved checkpoint for adapter 'w_cons': 44 parameters.
2026-08-11 17:31:11 | sleep.sleep_engine.train       | INFO  | Starting sleep training | n_steps=1500 | n_replay=950 | lr=1.00e-04 | device=cuda
2026-08-11 17:31:39 | sleep.weights.plasticity       | INFO  | Hard-clipped 1 w_cons parameters to delta_max=0.0300 bound.
2026-08-11 17:31:39 | sleep.weights.plasticity       | INFO  | Hard-clipped 1 w_cons parameters to delta_max=0.0300 bound.
2026-08-11 17:31:40 | sleep.weights.plasticity       | INFO  | Hard-clipped 2 w_cons parameters to delta_max=0.0300 bound.
2026-08-11 17:31:40 | sleep.weights.plasticity       | INFO  | Hard-clipped 2 w_cons parameters to delta_max=0.0300 bound.
2026-08-11 17:31:41 | sleep.weights.plasticity       | INFO  | Hard-clipped 2 w_cons parameters to delta_max=0.0300 bound.
2026-08-11 17:31:41 | sleep.weights.plasticity       | INFO  | Hard-clipped 2 w_cons parameters to delta_max=0.0300 bound.
2026-08-11 17:31:42 | sleep.weights.plasticity       | INFO  | Hard-clipped 3 w_cons parameters to delta_max=0.0300 bound.
2026-08-11 17:31:42 | sleep.weights.plasticity       | INFO  | Hard-clipped 3 w_cons parameters to delta_max=0.0300 bound.
2026-08-11 17:31:43 | sleep.weights.plasticity       | INFO  | Hard-clipped 3 w_cons parameters to delta_max=0.0300 bound.
2026-08-11 17:31:43 | sleep.weights.plasticity       | INFO  | Hard-clipped 3 w_cons parameters to delta_max=0.0300 bound.
2026-08-11 17:31:43 | sleep.weights.plasticity       | INFO  | Hard-clipped 4 w_cons parameters to delta_max=0.0300 bound.
2026-08-11 17:31:44 | sleep.weights.plasticity       | INFO  | Hard-clipped 4 w_cons parameters to delta_max=0.0300 bound.
2026-08-11 17:31:44 | sleep.weights.plasticity       | INFO  | Hard-clipped 4 w_cons parameters to delta_max=0.0300 bound.
2026-08-11 17:31:45 | sleep.weights.plasticity       | INFO  | Hard-clipped 4 w_cons parameters to delta_max=0.0300 bound.
2026-08-11 17:31:45 | sleep.weights.plasticity       | INFO  | Hard-clipped 4 w_cons parameters to delta_max=0.0300 bound.
2026-08-11 17:31:46 | sleep.weights.plasticity       | INFO  | Hard-clipped 4 w_cons parameters to delta_max=0.0300 bound.
2026-08-11 17:31:47 | sleep.weights.plasticity       | INFO  | Hard-clipped 5 w_cons parameters to delta_max=0.0300 bound.
2026-08-11 17:31:47 | sleep.weights.plasticity       | INFO  | Hard-clipped 5 w_cons parameters to delta_max=0.0300 bound.
2026-08-11 17:31:48 | sleep.weights.plasticity       | INFO  | Hard-clipped 5 w_cons parameters to delta_max=0.0300 bound.
2026-08-11 17:31:48 | sleep.weights.plasticity       | INFO  | Hard-clipped 5 w_cons parameters to delta_max=0.0300 bound.
2026-08-11 17:31:48 | sleep.weights.plasticity       | INFO  | Hard-clipped 5 w_cons parameters to delta_max=0.0300 bound.
2026-08-11 17:31:49 | sleep.weights.plasticity       | INFO  | Hard-clipped 5 w_cons parameters to delta_max=0.0300 bound.
2026-08-11 17:31:49 | sleep.weights.plasticity       | INFO  | Hard-clipped 5 w_cons parameters to delta_max=0.0300 bound.
2026-08-11 17:31:50 | sleep.weights.plasticity       | INFO  | Hard-clipped 5 w_cons parameters to delta_max=0.0300 bound.
2026-08-11 17:31:51 | sleep.weights.plasticity       | INFO  | Hard-clipped 5 w_cons parameters to delta_max=0.0300 bound.
2026-08-11 17:31:51 | sleep.weights.plasticity       | INFO  | Hard-clipped 6 w_cons parameters to delta_max=0.0300 bound.
2026-08-11 17:31:52 | sleep.weights.plasticity       | INFO  | Hard-clipped 7 w_cons parameters to delta_max=0.0300 bound.
2026-08-11 17:31:52 | sleep.weights.plasticity       | INFO  | Hard-clipped 7 w_cons parameters to delta_max=0.0300 bound.
2026-08-11 17:31:52 | sleep.weights.plasticity       | INFO  | Hard-clipped 7 w_cons parameters to delta_max=0.0300 bound.
2026-08-11 17:31:53 | sleep.weights.plasticity       | INFO  | Hard-clipped 7 w_cons parameters to delta_max=0.0300 bound.
2026-08-11 17:31:53 | sleep.weights.plasticity       | INFO  | Hard-clipped 8 w_cons parameters to delta_max=0.0300 bound.
2026-08-11 17:31:54 | sleep.weights.plasticity       | INFO  | Hard-clipped 8 w_cons parameters to delta_max=0.0300 bound.
2026-08-11 17:31:54 | sleep.weights.plasticity       | INFO  | Hard-clipped 8 w_cons parameters to delta_max=0.0300 bound.
2026-08-11 17:31:55 | sleep.weights.plasticity       | INFO  | Hard-clipped 8 w_cons parameters to delta_max=0.0300 bound.
2026-08-11 17:31:55 | sleep.weights.plasticity       | INFO  | Hard-clipped 8 w_cons parameters to delta_max=0.0300 bound.
2026-08-11 17:31:56 | sleep.weights.plasticity       | INFO  | Hard-clipped 8 w_cons parameters to delta_max=0.0300 bound.
2026-08-11 17:31:56 | sleep.weights.plasticity       | INFO  | Hard-clipped 9 w_cons parameters to delta_max=0.0300 bound.
2026-08-11 17:31:57 | sleep.weights.plasticity       | INFO  | Hard-clipped 9 w_cons parameters to delta_max=0.0300 bound.
2026-08-11 17:31:58 | sleep.weights.plasticity       | INFO  | Hard-clipped 9 w_cons parameters to delta_max=0.0300 bound.
2026-08-11 17:31:58 | sleep.weights.plasticity       | INFO  | Hard-clipped 10 w_cons parameters to delta_max=0.0300 bound.
2026-08-11 17:31:58 | sleep.weights.plasticity       | INFO  | Hard-clipped 10 w_cons parameters to delta_max=0.0300 bound.
2026-08-11 17:31:59 | sleep.weights.plasticity       | INFO  | Hard-clipped 10 w_cons parameters to delta_max=0.0300 bound.
2026-08-11 17:31:59 | sleep.weights.plasticity       | INFO  | Hard-clipped 10 w_cons parameters to delta_max=0.0300 bound.
2026-08-11 17:32:00 | sleep.weights.plasticity       | INFO  | Hard-clipped 11 w_cons parameters to delta_max=0.0300 bound.
2026-08-11 17:32:00 | sleep.weights.plasticity       | INFO  | Hard-clipped 11 w_cons parameters to delta_max=0.0300 bound.
2026-08-11 17:32:01 | sleep.weights.plasticity       | INFO  | Hard-clipped 11 w_cons parameters to delta_max=0.0300 bound.
2026-08-11 17:32:01 | sleep.weights.plasticity       | INFO  | Hard-clipped 12 w_cons parameters to delta_max=0.0300 bound.
2026-08-11 17:32:02 | sleep.weights.plasticity       | INFO  | Hard-clipped 12 w_cons parameters to delta_max=0.0300 bound.
2026-08-11 17:32:02 | sleep.weights.plasticity       | INFO  | Hard-clipped 12 w_cons parameters to delta_max=0.0300 bound.
2026-08-11 17:32:03 | sleep.weights.plasticity       | INFO  | Hard-clipped 12 w_cons parameters to delta_max=0.0300 bound.
2026-08-11 17:32:03 | sleep.weights.plasticity       | INFO  | Hard-clipped 12 w_cons parameters to delta_max=0.0300 bound.
2026-08-11 17:32:04 | sleep.weights.plasticity       | INFO  | Hard-clipped 12 w_cons parameters to delta_max=0.0300 bound.
2026-08-11 17:32:04 | sleep.weights.plasticity       | INFO  | Hard-clipped 12 w_cons parameters to delta_max=0.0300 bound.
2026-08-11 17:32:05 | sleep.weights.plasticity       | INFO  | Hard-clipped 12 w_cons parameters to delta_max=0.0300 bound.
2026-08-11 17:32:05 | sleep.weights.plasticity       | INFO  | Hard-clipped 13 w_cons parameters to delta_max=0.0300 bound.
2026-08-11 17:32:06 | sleep.weights.plasticity       | INFO  | Hard-clipped 13 w_cons parameters to delta_max=0.0300 bound.
2026-08-11 17:32:06 | sleep.weights.plasticity       | INFO  | Hard-clipped 13 w_cons parameters to delta_max=0.0300 bound.
2026-08-11 17:32:07 | sleep.weights.plasticity       | INFO  | Hard-clipped 13 w_cons parameters to delta_max=0.0300 bound.
2026-08-11 17:32:07 | sleep.weights.plasticity       | INFO  | Hard-clipped 14 w_cons parameters to delta_max=0.0300 bound.
2026-08-11 17:32:08 | sleep.weights.plasticity       | INFO  | Hard-clipped 14 w_cons parameters to delta_max=0.0300 bound.
2026-08-11 17:32:08 | sleep.weights.plasticity       | INFO  | Hard-clipped 14 w_cons parameters to delta_max=0.0300 bound.
2026-08-11 17:32:09 | sleep.weights.plasticity       | INFO  | Hard-clipped 14 w_cons parameters to delta_max=0.0300 bound.
2026-08-11 17:32:09 | sleep.weights.plasticity       | INFO  | Hard-clipped 14 w_cons parameters to delta_max=0.0300 bound.
2026-08-11 17:32:10 | sleep.weights.plasticity       | INFO  | Hard-clipped 13 w_cons parameters to delta_max=0.0300 bound.
2026-08-11 17:32:10 | sleep.weights.plasticity       | INFO  | Hard-clipped 14 w_cons parameters to delta_max=0.0300 bound.
2026-08-11 17:32:11 | sleep.weights.plasticity       | INFO  | Hard-clipped 14 w_cons parameters to delta_max=0.0300 bound.
2026-08-11 17:32:11 | sleep.weights.plasticity       | INFO  | Hard-clipped 13 w_cons parameters to delta_max=0.0300 bound.
2026-08-11 17:32:12 | sleep.weights.plasticity       | INFO  | Hard-clipped 14 w_cons parameters to delta_max=0.0300 bound.
2026-08-11 17:32:12 | sleep.weights.plasticity       | INFO  | Hard-clipped 14 w_cons parameters to delta_max=0.0300 bound.
2026-08-11 17:32:13 | sleep.weights.plasticity       | INFO  | Hard-clipped 14 w_cons parameters to delta_max=0.0300 bound.
2026-08-11 17:32:13 | sleep.weights.plasticity       | INFO  | Hard-clipped 15 w_cons parameters to delta_max=0.0300 bound.
2026-08-11 17:32:14 | sleep.weights.plasticity       | INFO  | Hard-clipped 15 w_cons parameters to delta_max=0.0300 bound.
2026-08-11 17:32:14 | sleep.weights.plasticity       | INFO  | Hard-clipped 15 w_cons parameters to delta_max=0.0300 bound.
2026-08-11 17:32:15 | sleep.weights.plasticity       | INFO  | Hard-clipped 16 w_cons parameters to delta_max=0.0300 bound.
2026-08-11 17:32:15 | sleep.weights.plasticity       | INFO  | Hard-clipped 16 w_cons parameters to delta_max=0.0300 bound.
2026-08-11 17:32:16 | sleep.weights.plasticity       | INFO  | Hard-clipped 16 w_cons parameters to delta_max=0.0300 bound.
2026-08-11 17:32:16 | sleep.weights.plasticity       | INFO  | Hard-clipped 16 w_cons parameters to delta_max=0.0300 bound.
2026-08-11 17:32:17 | sleep.weights.plasticity       | INFO  | Hard-clipped 16 w_cons parameters to delta_max=0.0300 bound.
2026-08-11 17:32:17 | sleep.weights.plasticity       | INFO  | Hard-clipped 16 w_cons parameters to delta_max=0.0300 bound.
2026-08-11 17:32:18 | sleep.weights.plasticity       | INFO  | Hard-clipped 17 w_cons parameters to delta_max=0.0300 bound.
2026-08-11 17:32:18 | sleep.weights.plasticity       | INFO  | Hard-clipped 17 w_cons parameters to delta_max=0.0300 bound.
2026-08-11 17:32:19 | sleep.weights.plasticity       | INFO  | Hard-clipped 17 w_cons parameters to delta_max=0.0300 bound.
2026-08-11 17:32:19 | sleep.weights.plasticity       | INFO  | Hard-clipped 17 w_cons parameters to delta_max=0.0300 bound.
2026-08-11 17:32:20 | sleep.weights.plasticity       | INFO  | Hard-clipped 17 w_cons parameters to delta_max=0.0300 bound.
2026-08-11 17:32:20 | sleep.weights.plasticity       | INFO  | Hard-clipped 17 w_cons parameters to delta_max=0.0300 bound.
2026-08-11 17:32:21 | sleep.weights.plasticity       | INFO  | Hard-clipped 17 w_cons parameters to delta_max=0.0300 bound.
2026-08-11 17:32:21 | sleep.weights.plasticity       | INFO  | Hard-clipped 17 w_cons parameters to delta_max=0.0300 bound.
2026-08-11 17:32:22 | sleep.weights.plasticity       | INFO  | Hard-clipped 17 w_cons parameters to delta_max=0.0300 bound.
2026-08-11 17:32:23 | sleep.weights.plasticity       | INFO  | Hard-clipped 17 w_cons parameters to delta_max=0.0300 bound.
2026-08-11 17:32:23 | sleep.weights.plasticity       | INFO  | Hard-clipped 17 w_cons parameters to delta_max=0.0300 bound.
2026-08-11 17:32:23 | sleep.weights.plasticity       | INFO  | Hard-clipped 18 w_cons parameters to delta_max=0.0300 bound.
2026-08-11 17:32:24 | sleep.weights.plasticity       | INFO  | Hard-clipped 18 w_cons parameters to delta_max=0.0300 bound.
2026-08-11 17:32:24 | sleep.weights.plasticity       | INFO  | Hard-clipped 18 w_cons parameters to delta_max=0.0300 bound.
2026-08-11 17:32:25 | sleep.weights.plasticity       | INFO  | Hard-clipped 18 w_cons parameters to delta_max=0.0300 bound.
2026-08-11 17:32:26 | sleep.weights.plasticity       | INFO  | Hard-clipped 18 w_cons parameters to delta_max=0.0300 bound.
2026-08-11 17:32:26 | sleep.sleep_engine.train       | INFO  |   step 150/1500 | loss=0.7576 | mean_loss=2.4916 | eta=9 | lr=1.00e-04
2026-08-11 17:32:26 | sleep.weights.plasticity       | INFO  | Hard-clipped 18 w_cons parameters to delta_max=0.0300 bound.
2026-08-11 17:32:27 | sleep.weights.plasticity       | INFO  | Hard-clipped 18 w_cons parameters to delta_max=0.0300 bound.
2026-08-11 17:32:27 | sleep.weights.plasticity       | INFO  | Hard-clipped 18 w_cons parameters to delta_max=0.0300 bound.
2026-08-11 17:32:28 | sleep.weights.plasticity       | INFO  | Hard-clipped 18 w_cons parameters to delta_max=0.0300 bound.
2026-08-11 17:32:28 | sleep.weights.plasticity       | INFO  | Hard-clipped 18 w_cons parameters to delta_max=0.0300 bound.
2026-08-11 17:32:29 | sleep.weights.plasticity       | INFO  | Hard-clipped 18 w_cons parameters to delta_max=0.0300 bound.
2026-08-11 17:32:29 | sleep.weights.plasticity       | INFO  | Hard-clipped 18 w_cons parameters to delta_max=0.0300 bound.
2026-08-11 17:32:30 | sleep.weights.plasticity       | INFO  | Hard-clipped 18 w_cons parameters to delta_max=0.0300 bound.
2026-08-11 17:32:30 | sleep.weights.plasticity       | INFO  | Hard-clipped 18 w_cons parameters to delta_max=0.0300 bound.
2026-08-11 17:32:31 | sleep.weights.plasticity       | INFO  | Hard-clipped 18 w_cons parameters to delta_max=0.0300 bound.
2026-08-11 17:32:31 | sleep.weights.plasticity       | INFO  | Hard-clipped 18 w_cons parameters to delta_max=0.0300 bound.
2026-08-11 17:32:32 | sleep.weights.plasticity       | INFO  | Hard-clipped 18 w_cons parameters to delta_max=0.0300 bound.
2026-08-11 17:32:32 | sleep.weights.plasticity       | INFO  | Hard-clipped 18 w_cons parameters to delta_max=0.0300 bound.
2026-08-11 17:32:33 | sleep.weights.plasticity       | INFO  | Hard-clipped 18 w_cons parameters to delta_max=0.0300 bound.
2026-08-11 17:32:33 | sleep.weights.plasticity       | INFO  | Hard-clipped 18 w_cons parameters to delta_max=0.0300 bound.
2026-08-11 17:32:33 | sleep.weights.plasticity       | INFO  | Hard-clipped 18 w_cons parameters to delta_max=0.0300 bound.
2026-08-11 17:32:34 | sleep.weights.plasticity       | INFO  | Hard-clipped 18 w_cons parameters to delta_max=0.0300 bound.
2026-08-11 17:32:34 | sleep.weights.plasticity       | INFO  | Hard-clipped 18 w_cons parameters to delta_max=0.0300 bound.
2026-08-11 17:32:35 | sleep.weights.plasticity       | INFO  | Hard-clipped 19 w_cons parameters to delta_max=0.0300 bound.
2026-08-11 17:32:36 | sleep.weights.plasticity       | INFO  | Hard-clipped 19 w_cons parameters to delta_max=0.0300 bound.
2026-08-11 17:32:36 | sleep.weights.plasticity       | INFO  | Hard-clipped 19 w_cons parameters to delta_max=0.0300 bound.
2026-08-11 17:32:37 | sleep.weights.plasticity       | INFO  | Hard-clipped 19 w_cons parameters to delta_max=0.0300 bound.
2026-08-11 17:32:37 | sleep.weights.plasticity       | INFO  | Hard-clipped 19 w_cons parameters to delta_max=0.0300 bound.
2026-08-11 17:32:38 | sleep.weights.plasticity       | INFO  | Hard-clipped 19 w_cons parameters to delta_max=0.0300 bound.
2026-08-11 17:32:38 | sleep.weights.plasticity       | INFO  | Hard-clipped 19 w_cons parameters to delta_max=0.0300 bound.
2026-08-11 17:32:39 | sleep.weights.plasticity       | INFO  | Hard-clipped 19 w_cons parameters to delta_max=0.0300 bound.
2026-08-11 17:32:39 | sleep.weights.plasticity       | INFO  | Hard-clipped 19 w_cons parameters to delta_max=0.0300 bound.
2026-08-11 17:32:40 | sleep.weights.plasticity       | INFO  | Hard-clipped 19 w_cons parameters to delta_max=0.0300 bound.
2026-08-11 17:32:40 | sleep.weights.plasticity       | INFO  | Hard-clipped 19 w_cons parameters to delta_max=0.0300 bound.
2026-08-11 17:32:41 | sleep.weights.plasticity       | INFO  | Hard-clipped 20 w_cons parameters to delta_max=0.0300 bound.
2026-08-11 17:32:41 | sleep.weights.plasticity       | INFO  | Hard-clipped 20 w_cons parameters to delta_max=0.0300 bound.
2026-08-11 17:32:42 | sleep.weights.plasticity       | INFO  | Hard-clipped 20 w_cons parameters to delta_max=0.0300 bound.
2026-08-11 17:32:42 | sleep.weights.plasticity       | INFO  | Hard-clipped 20 w_cons parameters to delta_max=0.0300 bound.
2026-08-11 17:32:43 | sleep.weights.plasticity       | INFO  | Hard-clipped 20 w_cons parameters to delta_max=0.0300 bound.
2026-08-11 17:32:43 | sleep.weights.plasticity       | INFO  | Hard-clipped 20 w_cons parameters to delta_max=0.0300 bound.
2026-08-11 17:32:44 | sleep.weights.plasticity       | INFO  | Hard-clipped 20 w_cons parameters to delta_max=0.0300 bound.
2026-08-11 17:32:44 | sleep.weights.plasticity       | INFO  | Hard-clipped 20 w_cons parameters to delta_max=0.0300 bound.
2026-08-11 17:32:45 | sleep.weights.plasticity       | INFO  | Hard-clipped 20 w_cons parameters to delta_max=0.0300 bound.
2026-08-11 17:32:45 | sleep.weights.plasticity       | INFO  | Hard-clipped 20 w_cons parameters to delta_max=0.0300 bound.
2026-08-11 17:32:46 | sleep.weights.plasticity       | INFO  | Hard-clipped 20 w_cons parameters to delta_max=0.0300 bound.
2026-08-11 17:32:46 | sleep.weights.plasticity       | INFO  | Hard-clipped 20 w_cons parameters to delta_max=0.0300 bound.
2026-08-11 17:32:47 | sleep.weights.plasticity       | INFO  | Hard-clipped 20 w_cons parameters to delta_max=0.0300 bound.
2026-08-11 17:32:47 | sleep.weights.plasticity       | INFO  | Hard-clipped 20 w_cons parameters to delta_max=0.0300 bound.
2026-08-11 17:32:48 | sleep.weights.plasticity       | INFO  | Hard-clipped 20 w_cons parameters to delta_max=0.0300 bound.
2026-08-11 17:32:48 | sleep.weights.plasticity       | INFO  | Hard-clipped 20 w_cons parameters to delta_max=0.0300 bound.
2026-08-11 17:32:49 | sleep.weights.plasticity       | INFO  | Hard-clipped 20 w_cons parameters to delta_max=0.0300 bound.
2026-08-11 17:32:49 | sleep.weights.plasticity       | INFO  | Hard-clipped 21 w_cons parameters to delta_max=0.0300 bound.
2026-08-11 17:32:50 | sleep.weights.plasticity       | INFO  | Hard-clipped 22 w_cons parameters to delta_max=0.0300 bound.
2026-08-11 17:32:50 | sleep.weights.plasticity       | INFO  | Hard-clipped 22 w_cons parameters to delta_max=0.0300 bound.
2026-08-11 17:32:51 | sleep.weights.plasticity       | INFO  | Hard-clipped 22 w_cons parameters to delta_max=0.0300 bound.
2026-08-11 17:32:51 | sleep.weights.plasticity       | INFO  | Hard-clipped 22 w_cons parameters to delta_max=0.0300 bound.
2026-08-11 17:32:52 | sleep.weights.plasticity       | INFO  | Hard-clipped 22 w_cons parameters to delta_max=0.0300 bound.
2026-08-11 17:32:52 | sleep.weights.plasticity       | INFO  | Hard-clipped 22 w_cons parameters to delta_max=0.0300 bound.
2026-08-11 17:32:53 | sleep.weights.plasticity       | INFO  | Hard-clipped 22 w_cons parameters to delta_max=0.0300 bound.
2026-08-11 17:32:53 | sleep.weights.plasticity       | INFO  | Hard-clipped 22 w_cons parameters to delta_max=0.0300 bound.
2026-08-11 17:32:54 | sleep.weights.plasticity       | INFO  | Hard-clipped 22 w_cons parameters to delta_max=0.0300 bound.
2026-08-11 17:32:54 | sleep.weights.plasticity       | INFO  | Hard-clipped 22 w_cons parameters to delta_max=0.0300 bound.
2026-08-11 17:32:55 | sleep.weights.plasticity       | INFO  | Hard-clipped 22 w_cons parameters to delta_max=0.0300 bound.
2026-08-11 17:32:55 | sleep.weights.plasticity       | INFO  | Hard-clipped 22 w_cons parameters to delta_max=0.0300 bound.
2026-08-11 17:32:56 | sleep.weights.plasticity       | INFO  | Hard-clipped 22 w_cons parameters to delta_max=0.0300 bound.
2026-08-11 17:32:56 | sleep.weights.plasticity       | INFO  | Hard-clipped 22 w_cons parameters to delta_max=0.0300 bound.
2026-08-11 17:32:57 | sleep.weights.plasticity       | INFO  | Hard-clipped 22 w_cons parameters to delta_max=0.0300 bound.
2026-08-11 17:32:57 | sleep.weights.plasticity       | INFO  | Hard-clipped 22 w_cons parameters to delta_max=0.0300 bound.
2026-08-11 17:32:58 | sleep.weights.plasticity       | INFO  | Hard-clipped 24 w_cons parameters to delta_max=0.0300 bound.
2026-08-11 17:32:58 | sleep.weights.plasticity       | INFO  | Hard-clipped 23 w_cons parameters to delta_max=0.0300 bound.
2026-08-11 17:32:59 | sleep.weights.plasticity       | INFO  | Hard-clipped 24 w_cons parameters to delta_max=0.0300 bound.
2026-08-11 17:32:59 | sleep.weights.plasticity       | INFO  | Hard-clipped 24 w_cons parameters to delta_max=0.0300 bound.
2026-08-11 17:33:00 | sleep.weights.plasticity       | INFO  | Hard-clipped 24 w_cons parameters to delta_max=0.0300 bound.
2026-08-11 17:33:00 | sleep.weights.plasticity       | INFO  | Hard-clipped 25 w_cons parameters to delta_max=0.0300 bound.
2026-08-11 17:33:01 | sleep.weights.plasticity       | INFO  | Hard-clipped 25 w_cons parameters to delta_max=0.0300 bound.
2026-08-11 17:33:01 | sleep.weights.plasticity       | INFO  | Hard-clipped 25 w_cons parameters to delta_max=0.0300 bound.
2026-08-11 17:33:02 | sleep.weights.plasticity       | INFO  | Hard-clipped 25 w_cons parameters to delta_max=0.0300 bound.
2026-08-11 17:33:02 | sleep.weights.plasticity       | INFO  | Hard-clipped 25 w_cons parameters to delta_max=0.0300 bound.
2026-08-11 17:33:03 | sleep.weights.plasticity       | INFO  | Hard-clipped 25 w_cons parameters to delta_max=0.0300 bound.
2026-08-11 17:33:03 | sleep.weights.plasticity       | INFO  | Hard-clipped 26 w_cons parameters to delta_max=0.0300 bound.
2026-08-11 17:33:04 | sleep.weights.plasticity       | INFO  | Hard-clipped 25 w_cons parameters to delta_max=0.0300 bound.
2026-08-11 17:33:04 | sleep.weights.plasticity       | INFO  | Hard-clipped 26 w_cons parameters to delta_max=0.0300 bound.
2026-08-11 17:33:05 | sleep.weights.plasticity       | INFO  | Hard-clipped 26 w_cons parameters to delta_max=0.0300 bound.
2026-08-11 17:33:05 | sleep.weights.plasticity       | INFO  | Hard-clipped 26 w_cons parameters to delta_max=0.0300 bound.
2026-08-11 17:33:06 | sleep.weights.plasticity       | INFO  | Hard-clipped 26 w_cons parameters to delta_max=0.0300 bound.
2026-08-11 17:33:06 | sleep.weights.plasticity       | INFO  | Hard-clipped 26 w_cons parameters to delta_max=0.0300 bound.
2026-08-11 17:33:07 | sleep.weights.plasticity       | INFO  | Hard-clipped 26 w_cons parameters to delta_max=0.0300 bound.
2026-08-11 17:33:07 | sleep.weights.plasticity       | INFO  | Hard-clipped 26 w_cons parameters to delta_max=0.0300 bound.
2026-08-11 17:33:08 | sleep.weights.plasticity       | INFO  | Hard-clipped 26 w_cons parameters to delta_max=0.0300 bound.
2026-08-11 17:33:08 | sleep.weights.plasticity       | INFO  | Hard-clipped 26 w_cons parameters to delta_max=0.0300 bound.
2026-08-11 17:33:09 | sleep.weights.plasticity       | INFO  | Hard-clipped 26 w_cons parameters to delta_max=0.0300 bound.
2026-08-11 17:33:09 | sleep.weights.plasticity       | INFO  | Hard-clipped 26 w_cons parameters to delta_max=0.0300 bound.
2026-08-11 17:33:10 | sleep.weights.plasticity       | INFO  | Hard-clipped 26 w_cons parameters to delta_max=0.0300 bound.
2026-08-11 17:33:10 | sleep.weights.plasticity       | INFO  | Hard-clipped 26 w_cons parameters to delta_max=0.0300 bound.
2026-08-11 17:33:11 | sleep.weights.plasticity       | INFO  | Hard-clipped 26 w_cons parameters to delta_max=0.0300 bound.
2026-08-11 17:33:11 | sleep.weights.plasticity       | INFO  | Hard-clipped 26 w_cons parameters to delta_max=0.0300 bound.
2026-08-11 17:33:12 | sleep.weights.plasticity       | INFO  | Hard-clipped 26 w_cons parameters to delta_max=0.0300 bound.
2026-08-11 17:33:12 | sleep.weights.plasticity       | INFO  | Hard-clipped 26 w_cons parameters to delta_max=0.0300 bound.
2026-08-11 17:33:13 | sleep.weights.plasticity       | INFO  | Hard-clipped 26 w_cons parameters to delta_max=0.0300 bound.
2026-08-11 17:33:13 | sleep.weights.plasticity       | INFO  | Hard-clipped 26 w_cons parameters to delta_max=0.0300 bound.
2026-08-11 17:33:14 | sleep.weights.plasticity       | INFO  | Hard-clipped 26 w_cons parameters to delta_max=0.0300 bound.
2026-08-11 17:33:14 | sleep.weights.plasticity       | INFO  | Hard-clipped 26 w_cons parameters to delta_max=0.0300 bound.
2026-08-11 17:33:15 | sleep.weights.plasticity       | INFO  | Hard-clipped 27 w_cons parameters to delta_max=0.0300 bound.
2026-08-11 17:33:15 | sleep.weights.plasticity       | INFO  | Hard-clipped 27 w_cons parameters to delta_max=0.0300 bound.
2026-08-11 17:33:16 | sleep.weights.plasticity       | INFO  | Hard-clipped 27 w_cons parameters to delta_max=0.0300 bound.
2026-08-11 17:33:16 | sleep.weights.plasticity       | INFO  | Hard-clipped 27 w_cons parameters to delta_max=0.0300 bound.
2026-08-11 17:33:17 | sleep.weights.plasticity       | INFO  | Hard-clipped 27 w_cons parameters to delta_max=0.0300 bound.
2026-08-11 17:33:17 | sleep.weights.plasticity       | INFO  | Hard-clipped 27 w_cons parameters to delta_max=0.0300 bound.
2026-08-11 17:33:18 | sleep.weights.plasticity       | INFO  | Hard-clipped 27 w_cons parameters to delta_max=0.0300 bound.
2026-08-11 17:33:18 | sleep.weights.plasticity       | INFO  | Hard-clipped 27 w_cons parameters to delta_max=0.0300 bound.
2026-08-11 17:33:18 | sleep.weights.plasticity       | INFO  | Hard-clipped 27 w_cons parameters to delta_max=0.0300 bound.
2026-08-11 17:33:19 | sleep.weights.plasticity       | INFO  | Hard-clipped 27 w_cons parameters to delta_max=0.0300 bound.
2026-08-11 17:33:20 | sleep.weights.plasticity       | INFO  | Hard-clipped 27 w_cons parameters to delta_max=0.0300 bound.
2026-08-11 17:33:20 | sleep.weights.plasticity       | INFO  | Hard-clipped 27 w_cons parameters to delta_max=0.0300 bound.
2026-08-11 17:33:21 | sleep.weights.plasticity       | INFO  | Hard-clipped 25 w_cons parameters to delta_max=0.0300 bound.
2026-08-11 17:33:21 | sleep.weights.plasticity       | INFO  | Hard-clipped 26 w_cons parameters to delta_max=0.0300 bound.
2026-08-11 17:33:22 | sleep.weights.plasticity       | INFO  | Hard-clipped 26 w_cons parameters to delta_max=0.0300 bound.
2026-08-11 17:33:22 | sleep.weights.plasticity       | INFO  | Hard-clipped 27 w_cons parameters to delta_max=0.0300 bound.
2026-08-11 17:33:23 | sleep.weights.plasticity       | INFO  | Hard-clipped 27 w_cons parameters to delta_max=0.0300 bound.
2026-08-11 17:33:23 | sleep.weights.plasticity       | INFO  | Hard-clipped 27 w_cons parameters to delta_max=0.0300 bound.
2026-08-11 17:33:24 | sleep.weights.plasticity       | INFO  | Hard-clipped 27 w_cons parameters to delta_max=0.0300 bound.
2026-08-11 17:33:24 | sleep.weights.plasticity       | INFO  | Hard-clipped 27 w_cons parameters to delta_max=0.0300 bound.
2026-08-11 17:33:25 | sleep.weights.plasticity       | INFO  | Hard-clipped 27 w_cons parameters to delta_max=0.0300 bound.
2026-08-11 17:33:25 | sleep.weights.plasticity       | INFO  | Hard-clipped 27 w_cons parameters to delta_max=0.0300 bound.
2026-08-11 17:33:26 | sleep.weights.plasticity       | INFO  | Hard-clipped 27 w_cons parameters to delta_max=0.0300 bound.
2026-08-11 17:33:26 | sleep.weights.plasticity       | INFO  | Hard-clipped 27 w_cons parameters to delta_max=0.0300 bound.
2026-08-11 17:33:27 | sleep.weights.plasticity       | INFO  | Hard-clipped 26 w_cons parameters to delta_max=0.0300 bound.
2026-08-11 17:33:27 | sleep.weights.plasticity       | INFO  | Hard-clipped 26 w_cons parameters to delta_max=0.0300 bound.
2026-08-11 17:33:28 | sleep.weights.plasticity       | INFO  | Hard-clipped 26 w_cons parameters to delta_max=0.0300 bound.
2026-08-11 17:33:28 | sleep.weights.plasticity       | INFO  | Hard-clipped 26 w_cons parameters to delta_max=0.0300 bound.
2026-08-11 17:33:29 | sleep.weights.plasticity       | INFO  | Hard-clipped 26 w_cons parameters to delta_max=0.0300 bound.
2026-08-11 17:33:29 | sleep.weights.plasticity       | INFO  | Hard-clipped 26 w_cons parameters to delta_max=0.0300 bound.
2026-08-11 17:33:30 | sleep.weights.plasticity       | INFO  | Hard-clipped 26 w_cons parameters to delta_max=0.0300 bound.
2026-08-11 17:33:30 | sleep.weights.plasticity       | INFO  | Hard-clipped 26 w_cons parameters to delta_max=0.0300 bound.
2026-08-11 17:33:31 | sleep.weights.plasticity       | INFO  | Hard-clipped 26 w_cons parameters to delta_max=0.0300 bound.
2026-08-11 17:33:31 | sleep.weights.plasticity       | INFO  | Hard-clipped 25 w_cons parameters to delta_max=0.0300 bound.
2026-08-11 17:33:32 | sleep.weights.plasticity       | INFO  | Hard-clipped 24 w_cons parameters to delta_max=0.0300 bound.
2026-08-11 17:33:32 | sleep.weights.plasticity       | INFO  | Hard-clipped 23 w_cons parameters to delta_max=0.0300 bound.
2026-08-11 17:33:33 | sleep.weights.plasticity       | INFO  | Hard-clipped 24 w_cons parameters to delta_max=0.0300 bound.
2026-08-11 17:33:33 | sleep.weights.plasticity       | INFO  | Hard-clipped 24 w_cons parameters to delta_max=0.0300 bound.
2026-08-11 17:33:34 | sleep.weights.plasticity       | INFO  | Hard-clipped 25 w_cons parameters to delta_max=0.0300 bound.
2026-08-11 17:33:34 | sleep.weights.plasticity       | INFO  | Hard-clipped 26 w_cons parameters to delta_max=0.0300 bound.
2026-08-11 17:33:35 | sleep.weights.plasticity       | INFO  | Hard-clipped 26 w_cons parameters to delta_max=0.0300 bound.
2026-08-11 17:33:35 | sleep.weights.plasticity       | INFO  | Hard-clipped 27 w_cons parameters to delta_max=0.0300 bound.
2026-08-11 17:33:36 | sleep.weights.plasticity       | INFO  | Hard-clipped 27 w_cons parameters to delta_max=0.0300 bound.
2026-08-11 17:33:36 | sleep.weights.plasticity       | INFO  | Hard-clipped 27 w_cons parameters to delta_max=0.0300 bound.
2026-08-11 17:33:37 | sleep.weights.plasticity       | INFO  | Hard-clipped 27 w_cons parameters to delta_max=0.0300 bound.
2026-08-11 17:33:37 | sleep.weights.plasticity       | INFO  | Hard-clipped 27 w_cons parameters to delta_max=0.0300 bound.
2026-08-11 17:33:38 | sleep.weights.plasticity       | INFO  | Hard-clipped 28 w_cons parameters to delta_max=0.0300 bound.
2026-08-11 17:33:38 | sleep.weights.plasticity       | INFO  | Hard-clipped 28 w_cons parameters to delta_max=0.0300 bound.
2026-08-11 17:33:39 | sleep.weights.plasticity       | INFO  | Hard-clipped 28 w_cons parameters to delta_max=0.0300 bound.
2026-08-11 17:33:39 | sleep.weights.plasticity       | INFO  | Hard-clipped 28 w_cons parameters to delta_max=0.0300 bound.
2026-08-11 17:33:40 | sleep.weights.plasticity       | INFO  | Hard-clipped 28 w_cons parameters to delta_max=0.0300 bound.
2026-08-11 17:33:40 | sleep.weights.plasticity       | INFO  | Hard-clipped 28 w_cons parameters to delta_max=0.0300 bound.
2026-08-11 17:33:41 | sleep.weights.plasticity       | INFO  | Hard-clipped 28 w_cons parameters to delta_max=0.0300 bound.
2026-08-11 17:33:41 | sleep.sleep_engine.train       | INFO  |   step 300/1500 | loss=0.4997 | mean_loss=1.5604 | eta=9 | lr=9.70e-05
2026-08-11 17:33:41 | sleep.weights.plasticity       | INFO  | Hard-clipped 28 w_cons parameters to delta_max=0.0300 bound.
2026-08-11 17:33:42 | sleep.weights.plasticity       | INFO  | Hard-clipped 28 w_cons parameters to delta_max=0.0300 bound.
2026-08-11 17:33:42 | sleep.weights.plasticity       | INFO  | Hard-clipped 28 w_cons parameters to delta_max=0.0300 bound.
2026-08-11 17:33:43 | sleep.weights.plasticity       | INFO  | Hard-clipped 28 w_cons parameters to delta_max=0.0300 bound.
2026-08-11 17:33:43 | sleep.weights.plasticity       | INFO  | Hard-clipped 28 w_cons parameters to delta_max=0.0300 bound.
2026-08-11 17:33:44 | sleep.weights.plasticity       | INFO  | Hard-clipped 28 w_cons parameters to delta_max=0.0300 bound.
2026-08-11 17:33:44 | sleep.weights.plasticity       | INFO  | Hard-clipped 28 w_cons parameters to delta_max=0.0300 bound.
2026-08-11 17:33:45 | sleep.weights.plasticity       | INFO  | Hard-clipped 28 w_cons parameters to delta_max=0.0300 bound.
2026-08-11 17:33:45 | sleep.weights.plasticity       | INFO  | Hard-clipped 28 w_cons parameters to delta_max=0.0300 bound.
2026-08-11 17:33:46 | sleep.weights.plasticity       | INFO  | Hard-clipped 27 w_cons parameters to delta_max=0.0300 bound.
2026-08-11 17:33:46 | sleep.weights.plasticity       | INFO  | Hard-clipped 27 w_cons parameters to delta_max=0.0300 bound.
2026-08-11 17:33:47 | sleep.weights.plasticity       | INFO  | Hard-clipped 27 w_cons parameters to delta_max=0.0300 bound.
2026-08-11 17:33:47 | sleep.weights.plasticity       | INFO  | Hard-clipped 28 w_cons parameters to delta_max=0.0300 bound.
2026-08-11 17:33:48 | sleep.weights.plasticity       | INFO  | Hard-clipped 28 w_cons parameters to delta_max=0.0300 bound.
2026-08-11 17:33:48 | sleep.weights.plasticity       | INFO  | Hard-clipped 28 w_cons parameters to delta_max=0.0300 bound.
2026-08-11 17:33:49 | sleep.weights.plasticity       | INFO  | Hard-clipped 28 w_cons parameters to delta_max=0.0300 bound.
2026-08-11 17:33:49 | sleep.weights.plasticity       | INFO  | Hard-clipped 28 w_cons parameters to delta_max=0.0300 bound.
2026-08-11 17:33:50 | sleep.weights.plasticity       | INFO  | Hard-clipped 28 w_cons parameters to delta_max=0.0300 bound.
2026-08-11 17:33:50 | sleep.weights.plasticity       | INFO  | Hard-clipped 28 w_cons parameters to delta_max=0.0300 bound.
2026-08-11 17:33:51 | sleep.weights.plasticity       | INFO  | Hard-clipped 28 w_cons parameters to delta_max=0.0300 bound.
2026-08-11 17:33:51 | sleep.weights.plasticity       | INFO  | Hard-clipped 28 w_cons parameters to delta_max=0.0300 bound.
2026-08-11 17:33:52 | sleep.weights.plasticity       | INFO  | Hard-clipped 27 w_cons parameters to delta_max=0.0300 bound.
2026-08-11 17:33:52 | sleep.weights.plasticity       | INFO  | Hard-clipped 25 w_cons parameters to delta_max=0.0300 bound.
2026-08-11 17:33:53 | sleep.weights.plasticity       | INFO  | Hard-clipped 25 w_cons parameters to delta_max=0.0300 bound.
2026-08-11 17:33:53 | sleep.weights.plasticity       | INFO  | Hard-clipped 26 w_cons parameters to delta_max=0.0300 bound.
2026-08-11 17:33:54 | sleep.weights.plasticity       | INFO  | Hard-clipped 27 w_cons parameters to delta_max=0.0300 bound.
2026-08-11 17:33:54 | sleep.weights.plasticity       | INFO  | Hard-clipped 27 w_cons parameters to delta_max=0.0300 bound.
2026-08-11 17:33:55 | sleep.weights.plasticity       | INFO  | Hard-clipped 28 w_cons parameters to delta_max=0.0300 bound.
2026-08-11 17:33:55 | sleep.weights.plasticity       | INFO  | Hard-clipped 28 w_cons parameters to delta_max=0.0300 bound.
2026-08-11 17:33:56 | sleep.weights.plasticity       | INFO  | Hard-clipped 28 w_cons parameters to delta_max=0.0300 bound.
2026-08-11 17:33:56 | sleep.weights.plasticity       | INFO  | Hard-clipped 29 w_cons parameters to delta_max=0.0300 bound.
2026-08-11 17:33:57 | sleep.weights.plasticity       | INFO  | Hard-clipped 29 w_cons parameters to delta_max=0.0300 bound.
2026-08-11 17:33:57 | sleep.weights.plasticity       | INFO  | Hard-clipped 29 w_cons parameters to delta_max=0.0300 bound.
2026-08-11 17:33:58 | sleep.weights.plasticity       | INFO  | Hard-clipped 29 w_cons parameters to delta_max=0.0300 bound.
2026-08-11 17:33:58 | sleep.weights.plasticity       | INFO  | Hard-clipped 29 w_cons parameters to delta_max=0.0300 bound.
2026-08-11 17:33:59 | sleep.weights.plasticity       | INFO  | Hard-clipped 30 w_cons parameters to delta_max=0.0300 bound.
2026-08-11 17:33:59 | sleep.weights.plasticity       | INFO  | Hard-clipped 30 w_cons parameters to delta_max=0.0300 bound.
2026-08-11 17:34:00 | sleep.weights.plasticity       | INFO  | Hard-clipped 30 w_cons parameters to delta_max=0.0300 bound.
2026-08-11 17:34:00 | sleep.weights.plasticity       | INFO  | Hard-clipped 30 w_cons parameters to delta_max=0.0300 bound.
2026-08-11 17:34:01 | sleep.weights.plasticity       | INFO  | Hard-clipped 30 w_cons parameters to delta_max=0.0300 bound.
2026-08-11 17:34:01 | sleep.weights.plasticity       | INFO  | Hard-clipped 30 w_cons parameters to delta_max=0.0300 bound.
2026-08-11 17:34:02 | sleep.weights.plasticity       | INFO  | Hard-clipped 29 w_cons parameters to delta_max=0.0300 bound.
2026-08-11 17:34:02 | sleep.weights.plasticity       | INFO  | Hard-clipped 26 w_cons parameters to delta_max=0.0300 bound.
2026-08-11 17:34:03 | sleep.weights.plasticity       | INFO  | Hard-clipped 24 w_cons parameters to delta_max=0.0300 bound.
2026-08-11 17:34:03 | sleep.weights.plasticity       | INFO  | Hard-clipped 27 w_cons parameters to delta_max=0.0300 bound.
2026-08-11 17:34:04 | sleep.weights.plasticity       | INFO  | Hard-clipped 27 w_cons parameters to delta_max=0.0300 bound.
2026-08-11 17:34:04 | sleep.weights.plasticity       | INFO  | Hard-clipped 28 w_cons parameters to delta_max=0.0300 bound.
2026-08-11 17:34:05 | sleep.weights.plasticity       | INFO  | Hard-clipped 29 w_cons parameters to delta_max=0.0300 bound.
2026-08-11 17:34:05 | sleep.weights.plasticity       | INFO  | Hard-clipped 29 w_cons parameters to delta_max=0.0300 bound.
2026-08-11 17:34:06 | sleep.weights.plasticity       | INFO  | Hard-clipped 30 w_cons parameters to delta_max=0.0300 bound.
2026-08-11 17:34:06 | sleep.weights.plasticity       | INFO  | Hard-clipped 30 w_cons parameters to delta_max=0.0300 bound.
2026-08-11 17:34:07 | sleep.weights.plasticity       | INFO  | Hard-clipped 30 w_cons parameters to delta_max=0.0300 bound.
2026-08-11 17:34:07 | sleep.weights.plasticity       | INFO  | Hard-clipped 30 w_cons parameters to delta_max=0.0300 bound.
2026-08-11 17:34:08 | sleep.weights.plasticity       | INFO  | Hard-clipped 29 w_cons parameters to delta_max=0.0300 bound.
2026-08-11 17:34:08 | sleep.weights.plasticity       | INFO  | Hard-clipped 29 w_cons parameters to delta_max=0.0300 bound.
2026-08-11 17:34:09 | sleep.weights.plasticity       | INFO  | Hard-clipped 28 w_cons parameters to delta_max=0.0300 bound.
2026-08-11 17:34:09 | sleep.weights.plasticity       | INFO  | Hard-clipped 29 w_cons parameters to delta_max=0.0300 bound.
2026-08-11 17:34:10 | sleep.weights.plasticity       | INFO  | Hard-clipped 30 w_cons parameters to delta_max=0.0300 bound.
2026-08-11 17:34:10 | sleep.weights.plasticity       | INFO  | Hard-clipped 30 w_cons parameters to delta_max=0.0300 bound.
2026-08-11 17:34:11 | sleep.weights.plasticity       | INFO  | Hard-clipped 31 w_cons parameters to delta_max=0.0300 bound.
2026-08-11 17:34:11 | sleep.weights.plasticity       | INFO  | Hard-clipped 31 w_cons parameters to delta_max=0.0300 bound.
2026-08-11 17:34:12 | sleep.weights.plasticity       | INFO  | Hard-clipped 31 w_cons parameters to delta_max=0.0300 bound.
2026-08-11 17:34:12 | sleep.weights.plasticity       | INFO  | Hard-clipped 31 w_cons parameters to delta_max=0.0300 bound.
2026-08-11 17:34:13 | sleep.weights.plasticity       | INFO  | Hard-clipped 31 w_cons parameters to delta_max=0.0300 bound.
2026-08-11 17:34:13 | sleep.weights.plasticity       | INFO  | Hard-clipped 31 w_cons parameters to delta_max=0.0300 bound.
2026-08-11 17:34:14 | sleep.weights.plasticity       | INFO  | Hard-clipped 31 w_cons parameters to delta_max=0.0300 bound.
2026-08-11 17:34:14 | sleep.weights.plasticity       | INFO  | Hard-clipped 31 w_cons parameters to delta_max=0.0300 bound.
2026-08-11 17:34:15 | sleep.weights.plasticity       | INFO  | Hard-clipped 31 w_cons parameters to delta_max=0.0300 bound.
2026-08-11 17:34:15 | sleep.weights.plasticity       | INFO  | Hard-clipped 30 w_cons parameters to delta_max=0.0300 bound.
2026-08-11 17:34:16 | sleep.weights.plasticity       | INFO  | Hard-clipped 30 w_cons parameters to delta_max=0.0300 bound.
2026-08-11 17:34:16 | sleep.weights.plasticity       | INFO  | Hard-clipped 30 w_cons parameters to delta_max=0.0300 bound.
2026-08-11 17:34:17 | sleep.weights.plasticity       | INFO  | Hard-clipped 30 w_cons parameters to delta_max=0.0300 bound.
2026-08-11 17:34:17 | sleep.weights.plasticity       | INFO  | Hard-clipped 30 w_cons parameters to delta_max=0.0300 bound.
2026-08-11 17:34:18 | sleep.weights.plasticity       | INFO  | Hard-clipped 31 w_cons parameters to delta_max=0.0300 bound.
2026-08-11 17:34:18 | sleep.weights.plasticity       | INFO  | Hard-clipped 31 w_cons parameters to delta_max=0.0300 bound.
2026-08-11 17:34:19 | sleep.weights.plasticity       | INFO  | Hard-clipped 31 w_cons parameters to delta_max=0.0300 bound.
2026-08-11 17:34:19 | sleep.weights.plasticity       | INFO  | Hard-clipped 32 w_cons parameters to delta_max=0.0300 bound.
2026-08-11 17:34:20 | sleep.weights.plasticity       | INFO  | Hard-clipped 32 w_cons parameters to delta_max=0.0300 bound.
2026-08-11 17:34:20 | sleep.weights.plasticity       | INFO  | Hard-clipped 32 w_cons parameters to delta_max=0.0300 bound.
2026-08-11 17:34:21 | sleep.weights.plasticity       | INFO  | Hard-clipped 32 w_cons parameters to delta_max=0.0300 bound.
2026-08-11 17:34:21 | sleep.weights.plasticity       | INFO  | Hard-clipped 32 w_cons parameters to delta_max=0.0300 bound.
2026-08-11 17:34:22 | sleep.weights.plasticity       | INFO  | Hard-clipped 32 w_cons parameters to delta_max=0.0300 bound.
2026-08-11 17:34:22 | sleep.weights.plasticity       | INFO  | Hard-clipped 31 w_cons parameters to delta_max=0.0300 bound.
2026-08-11 17:34:23 | sleep.weights.plasticity       | INFO  | Hard-clipped 31 w_cons parameters to delta_max=0.0300 bound.
2026-08-11 17:34:23 | sleep.weights.plasticity       | INFO  | Hard-clipped 31 w_cons parameters to delta_max=0.0300 bound.
2026-08-11 17:34:24 | sleep.weights.plasticity       | INFO  | Hard-clipped 31 w_cons parameters to delta_max=0.0300 bound.
2026-08-11 17:34:24 | sleep.weights.plasticity       | INFO  | Hard-clipped 31 w_cons parameters to delta_max=0.0300 bound.
2026-08-11 17:34:25 | sleep.weights.plasticity       | INFO  | Hard-clipped 32 w_cons parameters to delta_max=0.0300 bound.
2026-08-11 17:34:25 | sleep.weights.plasticity       | INFO  | Hard-clipped 32 w_cons parameters to delta_max=0.0300 bound.
2026-08-11 17:34:26 | sleep.weights.plasticity       | INFO  | Hard-clipped 32 w_cons parameters to delta_max=0.0300 bound.
2026-08-11 17:34:26 | sleep.weights.plasticity       | INFO  | Hard-clipped 32 w_cons parameters to delta_max=0.0300 bound.
2026-08-11 17:34:27 | sleep.weights.plasticity       | INFO  | Hard-clipped 29 w_cons parameters to delta_max=0.0300 bound.
2026-08-11 17:34:27 | sleep.weights.plasticity       | INFO  | Hard-clipped 30 w_cons parameters to delta_max=0.0300 bound.
2026-08-11 17:34:28 | sleep.weights.plasticity       | INFO  | Hard-clipped 30 w_cons parameters to delta_max=0.0300 bound.
2026-08-11 17:34:28 | sleep.weights.plasticity       | INFO  | Hard-clipped 29 w_cons parameters to delta_max=0.0300 bound.
2026-08-11 17:34:29 | sleep.weights.plasticity       | INFO  | Hard-clipped 29 w_cons parameters to delta_max=0.0300 bound.
2026-08-11 17:34:29 | sleep.weights.plasticity       | INFO  | Hard-clipped 28 w_cons parameters to delta_max=0.0300 bound.
2026-08-11 17:34:30 | sleep.weights.plasticity       | INFO  | Hard-clipped 28 w_cons parameters to delta_max=0.0300 bound.
2026-08-11 17:34:30 | sleep.weights.plasticity       | INFO  | Hard-clipped 28 w_cons parameters to delta_max=0.0300 bound.
2026-08-11 17:34:31 | sleep.weights.plasticity       | INFO  | Hard-clipped 28 w_cons parameters to delta_max=0.0300 bound.
2026-08-11 17:34:31 | sleep.weights.plasticity       | INFO  | Hard-clipped 28 w_cons parameters to delta_max=0.0300 bound.
2026-08-11 17:34:32 | sleep.weights.plasticity       | INFO  | Hard-clipped 29 w_cons parameters to delta_max=0.0300 bound.
2026-08-11 17:34:32 | sleep.weights.plasticity       | INFO  | Hard-clipped 31 w_cons parameters to delta_max=0.0300 bound.
2026-08-11 17:34:33 | sleep.weights.plasticity       | INFO  | Hard-clipped 32 w_cons parameters to delta_max=0.0300 bound.
2026-08-11 17:34:33 | sleep.weights.plasticity       | INFO  | Hard-clipped 32 w_cons parameters to delta_max=0.0300 bound.
2026-08-11 17:34:34 | sleep.weights.plasticity       | INFO  | Hard-clipped 32 w_cons parameters to delta_max=0.0300 bound.
2026-08-11 17:34:35 | sleep.weights.plasticity       | INFO  | Hard-clipped 32 w_cons parameters to delta_max=0.0300 bound.
2026-08-11 17:34:35 | sleep.weights.plasticity       | INFO  | Hard-clipped 32 w_cons parameters to delta_max=0.0300 bound.
2026-08-11 17:34:36 | sleep.weights.plasticity       | INFO  | Hard-clipped 31 w_cons parameters to delta_max=0.0300 bound.
2026-08-11 17:34:36 | sleep.weights.plasticity       | INFO  | Hard-clipped 30 w_cons parameters to delta_max=0.0300 bound.
2026-08-11 17:34:36 | sleep.weights.plasticity       | INFO  | Hard-clipped 31 w_cons parameters to delta_max=0.0300 bound.
2026-08-11 17:34:37 | sleep.weights.plasticity       | INFO  | Hard-clipped 31 w_cons parameters to delta_max=0.0300 bound.
2026-08-11 17:34:37 | sleep.weights.plasticity       | INFO  | Hard-clipped 31 w_cons parameters to delta_max=0.0300 bound.
2026-08-11 17:34:38 | sleep.weights.plasticity       | INFO  | Hard-clipped 30 w_cons parameters to delta_max=0.0300 bound.
2026-08-11 17:34:38 | sleep.weights.plasticity       | INFO  | Hard-clipped 30 w_cons parameters to delta_max=0.0300 bound.
2026-08-11 17:34:39 | sleep.weights.plasticity       | INFO  | Hard-clipped 31 w_cons parameters to delta_max=0.0300 bound.
2026-08-11 17:34:39 | sleep.weights.plasticity       | INFO  | Hard-clipped 32 w_cons parameters to delta_max=0.0300 bound.
2026-08-11 17:34:40 | sleep.weights.plasticity       | INFO  | Hard-clipped 32 w_cons parameters to delta_max=0.0300 bound.
2026-08-11 17:34:40 | sleep.weights.plasticity       | INFO  | Hard-clipped 33 w_cons parameters to delta_max=0.0300 bound.
2026-08-11 17:34:41 | sleep.weights.plasticity       | INFO  | Hard-clipped 33 w_cons parameters to delta_max=0.0300 bound.
2026-08-11 17:34:42 | sleep.weights.plasticity       | INFO  | Hard-clipped 33 w_cons parameters to delta_max=0.0300 bound.
2026-08-11 17:34:42 | sleep.weights.plasticity       | INFO  | Hard-clipped 32 w_cons parameters to delta_max=0.0300 bound.
2026-08-11 17:34:43 | sleep.weights.plasticity       | INFO  | Hard-clipped 32 w_cons parameters to delta_max=0.0300 bound.
2026-08-11 17:34:43 | sleep.weights.plasticity       | INFO  | Hard-clipped 31 w_cons parameters to delta_max=0.0300 bound.
2026-08-11 17:34:44 | sleep.weights.plasticity       | INFO  | Hard-clipped 32 w_cons parameters to delta_max=0.0300 bound.
2026-08-11 17:34:44 | sleep.weights.plasticity       | INFO  | Hard-clipped 33 w_cons parameters to delta_max=0.0300 bound.
2026-08-11 17:34:45 | sleep.weights.plasticity       | INFO  | Hard-clipped 33 w_cons parameters to delta_max=0.0300 bound.
2026-08-11 17:34:45 | sleep.weights.plasticity       | INFO  | Hard-clipped 33 w_cons parameters to delta_max=0.0300 bound.
2026-08-11 17:34:46 | sleep.weights.plasticity       | INFO  | Hard-clipped 33 w_cons parameters to delta_max=0.0300 bound.
2026-08-11 17:34:46 | sleep.weights.plasticity       | INFO  | Hard-clipped 33 w_cons parameters to delta_max=0.0300 bound.
2026-08-11 17:34:47 | sleep.weights.plasticity       | INFO  | Hard-clipped 33 w_cons parameters to delta_max=0.0300 bound.
2026-08-11 17:34:47 | sleep.weights.plasticity       | INFO  | Hard-clipped 33 w_cons parameters to delta_max=0.0300 bound.
2026-08-11 17:34:48 | sleep.weights.plasticity       | INFO  | Hard-clipped 33 w_cons parameters to delta_max=0.0300 bound.
2026-08-11 17:34:48 | sleep.weights.plasticity       | INFO  | Hard-clipped 33 w_cons parameters to delta_max=0.0300 bound.
2026-08-11 17:34:49 | sleep.weights.plasticity       | INFO  | Hard-clipped 32 w_cons parameters to delta_max=0.0300 bound.
2026-08-11 17:34:49 | sleep.weights.plasticity       | INFO  | Hard-clipped 28 w_cons parameters to delta_max=0.0300 bound.
2026-08-11 17:34:50 | sleep.weights.plasticity       | INFO  | Hard-clipped 29 w_cons parameters to delta_max=0.0300 bound.
2026-08-11 17:34:50 | sleep.weights.plasticity       | INFO  | Hard-clipped 28 w_cons parameters to delta_max=0.0300 bound.
2026-08-11 17:34:51 | sleep.weights.plasticity       | INFO  | Hard-clipped 29 w_cons parameters to delta_max=0.0300 bound.
2026-08-11 17:34:51 | sleep.weights.plasticity       | INFO  | Hard-clipped 30 w_cons parameters to delta_max=0.0300 bound.
2026-08-11 17:34:52 | sleep.weights.plasticity       | INFO  | Hard-clipped 31 w_cons parameters to delta_max=0.0300 bound.
2026-08-11 17:34:52 | sleep.weights.plasticity       | INFO  | Hard-clipped 32 w_cons parameters to delta_max=0.0300 bound.
2026-08-11 17:34:53 | sleep.weights.plasticity       | INFO  | Hard-clipped 33 w_cons parameters to delta_max=0.0300 bound.
2026-08-11 17:34:53 | sleep.weights.plasticity       | INFO  | Hard-clipped 33 w_cons parameters to delta_max=0.0300 bound.
2026-08-11 17:34:53 | sleep.weights.plasticity       | INFO  | Hard-clipped 33 w_cons parameters to delta_max=0.0300 bound.
2026-08-11 17:34:54 | sleep.weights.plasticity       | INFO  | Hard-clipped 33 w_cons parameters to delta_max=0.0300 bound.
2026-08-11 17:34:54 | sleep.weights.plasticity       | INFO  | Hard-clipped 33 w_cons parameters to delta_max=0.0300 bound.
2026-08-11 17:34:55 | sleep.weights.plasticity       | INFO  | Hard-clipped 33 w_cons parameters to delta_max=0.0300 bound.
2026-08-11 17:34:55 | sleep.weights.plasticity       | INFO  | Hard-clipped 33 w_cons parameters to delta_max=0.0300 bound.
2026-08-11 17:34:56 | sleep.weights.plasticity       | INFO  | Hard-clipped 32 w_cons parameters to delta_max=0.0300 bound.
2026-08-11 17:34:56 | sleep.sleep_engine.train       | INFO  |   step 450/1500 | loss=0.4892 | mean_loss=1.2034 | eta=4 | lr=8.83e-05
2026-08-11 17:34:56 | sleep.weights.plasticity       | INFO  | Hard-clipped 32 w_cons parameters to delta_max=0.0300 bound.
2026-08-11 17:34:57 | sleep.weights.plasticity       | INFO  | Hard-clipped 32 w_cons parameters to delta_max=0.0300 bound.
2026-08-11 17:34:57 | sleep.weights.plasticity       | INFO  | Hard-clipped 28 w_cons parameters to delta_max=0.0300 bound.
2026-08-11 17:34:58 | sleep.weights.plasticity       | INFO  | Hard-clipped 28 w_cons parameters to delta_max=0.0300 bound.
2026-08-11 17:34:58 | sleep.weights.plasticity       | INFO  | Hard-clipped 29 w_cons parameters to delta_max=0.0300 bound.
2026-08-11 17:34:59 | sleep.weights.plasticity       | INFO  | Hard-clipped 32 w_cons parameters to delta_max=0.0300 bound.
2026-08-11 17:34:59 | sleep.weights.plasticity       | INFO  | Hard-clipped 33 w_cons parameters to delta_max=0.0300 bound.
2026-08-11 17:35:00 | sleep.weights.plasticity       | INFO  | Hard-clipped 33 w_cons parameters to delta_max=0.0300 bound.
2026-08-11 17:35:00 | sleep.weights.plasticity       | INFO  | Hard-clipped 33 w_cons parameters to delta_max=0.0300 bound.
2026-08-11 17:35:01 | sleep.weights.plasticity       | INFO  | Hard-clipped 32 w_cons parameters to delta_max=0.0300 bound.
2026-08-11 17:35:01 | sleep.weights.plasticity       | INFO  | Hard-clipped 33 w_cons parameters to delta_max=0.0300 bound.
2026-08-11 17:35:02 | sleep.weights.plasticity       | INFO  | Hard-clipped 32 w_cons parameters to delta_max=0.0300 bound.
2026-08-11 17:35:02 | sleep.weights.plasticity       | INFO  | Hard-clipped 33 w_cons parameters to delta_max=0.0300 bound.
2026-08-11 17:35:03 | sleep.weights.plasticity       | INFO  | Hard-clipped 33 w_cons parameters to delta_max=0.0300 bound.
2026-08-11 17:35:03 | sleep.weights.plasticity       | INFO  | Hard-clipped 33 w_cons parameters to delta_max=0.0300 bound.
2026-08-11 17:35:04 | sleep.weights.plasticity       | INFO  | Hard-clipped 33 w_cons parameters to delta_max=0.0300 bound.
2026-08-11 17:35:04 | sleep.weights.plasticity       | INFO  | Hard-clipped 33 w_cons parameters to delta_max=0.0300 bound.
2026-08-11 17:35:05 | sleep.weights.plasticity       | INFO  | Hard-clipped 33 w_cons parameters to delta_max=0.0300 bound.
2026-08-11 17:35:06 | sleep.weights.plasticity       | INFO  | Hard-clipped 33 w_cons parameters to delta_max=0.0300 bound.
2026-08-11 17:35:06 | sleep.weights.plasticity       | INFO  | Hard-clipped 32 w_cons parameters to delta_max=0.0300 bound.
2026-08-11 17:35:07 | sleep.weights.plasticity       | INFO  | Hard-clipped 31 w_cons parameters to delta_max=0.0300 bound.
2026-08-11 17:35:07 | sleep.weights.plasticity       | INFO  | Hard-clipped 31 w_cons parameters to delta_max=0.0300 bound.
2026-08-11 17:35:08 | sleep.weights.plasticity       | INFO  | Hard-clipped 29 w_cons parameters to delta_max=0.0300 bound.
2026-08-11 17:35:08 | sleep.weights.plasticity       | INFO  | Hard-clipped 30 w_cons parameters to delta_max=0.0300 bound.
2026-08-11 17:35:08 | sleep.weights.plasticity       | INFO  | Hard-clipped 32 w_cons parameters to delta_max=0.0300 bound.
2026-08-11 17:35:09 | sleep.weights.plasticity       | INFO  | Hard-clipped 33 w_cons parameters to delta_max=0.0300 bound.
2026-08-11 17:35:09 | sleep.weights.plasticity       | INFO  | Hard-clipped 33 w_cons parameters to delta_max=0.0300 bound.
2026-08-11 17:35:10 | sleep.weights.plasticity       | INFO  | Hard-clipped 33 w_cons parameters to delta_max=0.0300 bound.
2026-08-11 17:35:10 | sleep.weights.plasticity       | INFO  | Hard-clipped 31 w_cons parameters to delta_max=0.0300 bound.
2026-08-11 17:35:11 | sleep.weights.plasticity       | INFO  | Hard-clipped 32 w_cons parameters to delta_max=0.0300 bound.
2026-08-11 17:35:11 | sleep.weights.plasticity       | INFO  | Hard-clipped 33 w_cons parameters to delta_max=0.0300 bound.
2026-08-11 17:35:12 | sleep.weights.plasticity       | INFO  | Hard-clipped 33 w_cons parameters to delta_max=0.0300 bound.
2026-08-11 17:35:12 | sleep.weights.plasticity       | INFO  | Hard-clipped 34 w_cons parameters to delta_max=0.0300 bound.
2026-08-11 17:35:13 | sleep.weights.plasticity       | INFO  | Hard-clipped 33 w_cons parameters to delta_max=0.0300 bound.
2026-08-11 17:35:13 | sleep.weights.plasticity       | INFO  | Hard-clipped 34 w_cons parameters to delta_max=0.0300 bound.
2026-08-11 17:35:14 | sleep.weights.plasticity       | INFO  | Hard-clipped 34 w_cons parameters to delta_max=0.0300 bound.
2026-08-11 17:35:14 | sleep.weights.plasticity       | INFO  | Hard-clipped 34 w_cons parameters to delta_max=0.0300 bound.
2026-08-11 17:35:15 | sleep.weights.plasticity       | INFO  | Hard-clipped 34 w_cons parameters to delta_max=0.0300 bound.
2026-08-11 17:35:16 | sleep.weights.plasticity       | INFO  | Hard-clipped 34 w_cons parameters to delta_max=0.0300 bound.
2026-08-11 17:35:16 | sleep.weights.plasticity       | INFO  | Hard-clipped 34 w_cons parameters to delta_max=0.0300 bound.
2026-08-11 17:35:17 | sleep.weights.plasticity       | INFO  | Hard-clipped 34 w_cons parameters to delta_max=0.0300 bound.
2026-08-11 17:35:17 | sleep.weights.plasticity       | INFO  | Hard-clipped 34 w_cons parameters to delta_max=0.0300 bound.
2026-08-11 17:35:17 | sleep.weights.plasticity       | INFO  | Hard-clipped 34 w_cons parameters to delta_max=0.0300 bound.
2026-08-11 17:35:18 | sleep.weights.plasticity       | INFO  | Hard-clipped 35 w_cons parameters to delta_max=0.0300 bound.
2026-08-11 17:35:19 | sleep.weights.plasticity       | INFO  | Hard-clipped 34 w_cons parameters to delta_max=0.0300 bound.
2026-08-11 17:35:19 | sleep.weights.plasticity       | INFO  | Hard-clipped 34 w_cons parameters to delta_max=0.0300 bound.
2026-08-11 17:35:20 | sleep.weights.plasticity       | INFO  | Hard-clipped 35 w_cons parameters to delta_max=0.0300 bound.
2026-08-11 17:35:20 | sleep.weights.plasticity       | INFO  | Hard-clipped 35 w_cons parameters to delta_max=0.0300 bound.
2026-08-11 17:35:20 | sleep.weights.plasticity       | INFO  | Hard-clipped 34 w_cons parameters to delta_max=0.0300 bound.
2026-08-11 17:35:21 | sleep.weights.plasticity       | INFO  | Hard-clipped 34 w_cons parameters to delta_max=0.0300 bound.
2026-08-11 17:35:21 | sleep.weights.plasticity       | INFO  | Hard-clipped 34 w_cons parameters to delta_max=0.0300 bound.
2026-08-11 17:35:22 | sleep.weights.plasticity       | INFO  | Hard-clipped 34 w_cons parameters to delta_max=0.0300 bound.
2026-08-11 17:35:22 | sleep.weights.plasticity       | INFO  | Hard-clipped 34 w_cons parameters to delta_max=0.0300 bound.
2026-08-11 17:35:23 | sleep.weights.plasticity       | INFO  | Hard-clipped 34 w_cons parameters to delta_max=0.0300 bound.
2026-08-11 17:35:23 | sleep.weights.plasticity       | INFO  | Hard-clipped 34 w_cons parameters to delta_max=0.0300 bound.
2026-08-11 17:35:24 | sleep.weights.plasticity       | INFO  | Hard-clipped 35 w_cons parameters to delta_max=0.0300 bound.
2026-08-11 17:35:25 | sleep.weights.plasticity       | INFO  | Hard-clipped 35 w_cons parameters to delta_max=0.0300 bound.
2026-08-11 17:35:25 | sleep.weights.plasticity       | INFO  | Hard-clipped 34 w_cons parameters to delta_max=0.0300 bound.
2026-08-11 17:35:26 | sleep.weights.plasticity       | INFO  | Hard-clipped 34 w_cons parameters to delta_max=0.0300 bound.
2026-08-11 17:35:26 | sleep.weights.plasticity       | INFO  | Hard-clipped 35 w_cons parameters to delta_max=0.0300 bound.
2026-08-11 17:35:27 | sleep.weights.plasticity       | INFO  | Hard-clipped 35 w_cons parameters to delta_max=0.0300 bound.
2026-08-11 17:35:27 | sleep.weights.plasticity       | INFO  | Hard-clipped 35 w_cons parameters to delta_max=0.0300 bound.
2026-08-11 17:35:28 | sleep.weights.plasticity       | INFO  | Hard-clipped 35 w_cons parameters to delta_max=0.0300 bound.
2026-08-11 17:35:28 | sleep.weights.plasticity       | INFO  | Hard-clipped 35 w_cons parameters to delta_max=0.0300 bound.
2026-08-11 17:35:28 | sleep.weights.plasticity       | INFO  | Hard-clipped 35 w_cons parameters to delta_max=0.0300 bound.
2026-08-11 17:35:29 | sleep.weights.plasticity       | INFO  | Hard-clipped 35 w_cons parameters to delta_max=0.0300 bound.
2026-08-11 17:35:29 | sleep.weights.plasticity       | INFO  | Hard-clipped 35 w_cons parameters to delta_max=0.0300 bound.
2026-08-11 17:35:30 | sleep.weights.plasticity       | INFO  | Hard-clipped 35 w_cons parameters to delta_max=0.0300 bound.
2026-08-11 17:35:30 | sleep.weights.plasticity       | INFO  | Hard-clipped 35 w_cons parameters to delta_max=0.0300 bound.
2026-08-11 17:35:31 | sleep.weights.plasticity       | INFO  | Hard-clipped 35 w_cons parameters to delta_max=0.0300 bound.
2026-08-11 17:35:32 | sleep.weights.plasticity       | INFO  | Hard-clipped 35 w_cons parameters to delta_max=0.0300 bound.
2026-08-11 17:35:32 | sleep.weights.plasticity       | INFO  | Hard-clipped 35 w_cons parameters to delta_max=0.0300 bound.
2026-08-11 17:35:33 | sleep.weights.plasticity       | INFO  | Hard-clipped 35 w_cons parameters to delta_max=0.0300 bound.
2026-08-11 17:35:33 | sleep.weights.plasticity       | INFO  | Hard-clipped 35 w_cons parameters to delta_max=0.0300 bound.
2026-08-11 17:35:34 | sleep.weights.plasticity       | INFO  | Hard-clipped 35 w_cons parameters to delta_max=0.0300 bound.
2026-08-11 17:35:34 | sleep.weights.plasticity       | INFO  | Hard-clipped 35 w_cons parameters to delta_max=0.0300 bound.
2026-08-11 17:35:35 | sleep.weights.plasticity       | INFO  | Hard-clipped 35 w_cons parameters to delta_max=0.0300 bound.
2026-08-11 17:35:35 | sleep.weights.plasticity       | INFO  | Hard-clipped 35 w_cons parameters to delta_max=0.0300 bound.
2026-08-11 17:35:36 | sleep.weights.plasticity       | INFO  | Hard-clipped 35 w_cons parameters to delta_max=0.0300 bound.
2026-08-11 17:35:36 | sleep.weights.plasticity       | INFO  | Hard-clipped 35 w_cons parameters to delta_max=0.0300 bound.
2026-08-11 17:35:37 | sleep.weights.plasticity       | INFO  | Hard-clipped 35 w_cons parameters to delta_max=0.0300 bound.
2026-08-11 17:35:37 | sleep.weights.plasticity       | INFO  | Hard-clipped 35 w_cons parameters to delta_max=0.0300 bound.
2026-08-11 17:35:37 | sleep.weights.plasticity       | INFO  | Hard-clipped 35 w_cons parameters to delta_max=0.0300 bound.
2026-08-11 17:35:38 | sleep.weights.plasticity       | INFO  | Hard-clipped 35 w_cons parameters to delta_max=0.0300 bound.
2026-08-11 17:35:39 | sleep.weights.plasticity       | INFO  | Hard-clipped 35 w_cons parameters to delta_max=0.0300 bound.
2026-08-11 17:35:39 | sleep.weights.plasticity       | INFO  | Hard-clipped 35 w_cons parameters to delta_max=0.0300 bound.
2026-08-11 17:35:40 | sleep.weights.plasticity       | INFO  | Hard-clipped 35 w_cons parameters to delta_max=0.0300 bound.
2026-08-11 17:35:40 | sleep.weights.plasticity       | INFO  | Hard-clipped 35 w_cons parameters to delta_max=0.0300 bound.
2026-08-11 17:35:41 | sleep.weights.plasticity       | INFO  | Hard-clipped 35 w_cons parameters to delta_max=0.0300 bound.
2026-08-11 17:35:41 | sleep.weights.plasticity       | INFO  | Hard-clipped 35 w_cons parameters to delta_max=0.0300 bound.
2026-08-11 17:35:42 | sleep.weights.plasticity       | INFO  | Hard-clipped 35 w_cons parameters to delta_max=0.0300 bound.
2026-08-11 17:35:42 | sleep.weights.plasticity       | INFO  | Hard-clipped 35 w_cons parameters to delta_max=0.0300 bound.
2026-08-11 17:35:43 | sleep.weights.plasticity       | INFO  | Hard-clipped 35 w_cons parameters to delta_max=0.0300 bound.
2026-08-11 17:35:43 | sleep.weights.plasticity       | INFO  | Hard-clipped 35 w_cons parameters to delta_max=0.0300 bound.
2026-08-11 17:35:44 | sleep.weights.plasticity       | INFO  | Hard-clipped 35 w_cons parameters to delta_max=0.0300 bound.
2026-08-11 17:35:44 | sleep.weights.plasticity       | INFO  | Hard-clipped 35 w_cons parameters to delta_max=0.0300 bound.
2026-08-11 17:35:45 | sleep.weights.plasticity       | INFO  | Hard-clipped 35 w_cons parameters to delta_max=0.0300 bound.
2026-08-11 17:35:45 | sleep.weights.plasticity       | INFO  | Hard-clipped 35 w_cons parameters to delta_max=0.0300 bound.
2026-08-11 17:35:46 | sleep.weights.plasticity       | INFO  | Hard-clipped 35 w_cons parameters to delta_max=0.0300 bound.
2026-08-11 17:35:46 | sleep.weights.plasticity       | INFO  | Hard-clipped 35 w_cons parameters to delta_max=0.0300 bound.
2026-08-11 17:35:47 | sleep.weights.plasticity       | INFO  | Hard-clipped 35 w_cons parameters to delta_max=0.0300 bound.
2026-08-11 17:35:47 | sleep.weights.plasticity       | INFO  | Hard-clipped 35 w_cons parameters to delta_max=0.0300 bound.
2026-08-11 17:35:48 | sleep.weights.plasticity       | INFO  | Hard-clipped 34 w_cons parameters to delta_max=0.0300 bound.
2026-08-11 17:35:48 | sleep.weights.plasticity       | INFO  | Hard-clipped 32 w_cons parameters to delta_max=0.0300 bound.
2026-08-11 17:35:49 | sleep.weights.plasticity       | INFO  | Hard-clipped 33 w_cons parameters to delta_max=0.0300 bound.
2026-08-11 17:35:49 | sleep.weights.plasticity       | INFO  | Hard-clipped 33 w_cons parameters to delta_max=0.0300 bound.
2026-08-11 17:35:50 | sleep.weights.plasticity       | INFO  | Hard-clipped 33 w_cons parameters to delta_max=0.0300 bound.
2026-08-11 17:35:50 | sleep.weights.plasticity       | INFO  | Hard-clipped 35 w_cons parameters to delta_max=0.0300 bound.
2026-08-11 17:35:51 | sleep.weights.plasticity       | INFO  | Hard-clipped 36 w_cons parameters to delta_max=0.0300 bound.
2026-08-11 17:35:51 | sleep.weights.plasticity       | INFO  | Hard-clipped 36 w_cons parameters to delta_max=0.0300 bound.
2026-08-11 17:35:52 | sleep.weights.plasticity       | INFO  | Hard-clipped 36 w_cons parameters to delta_max=0.0300 bound.
2026-08-11 17:35:52 | sleep.weights.plasticity       | INFO  | Hard-clipped 36 w_cons parameters to delta_max=0.0300 bound.
2026-08-11 17:35:53 | sleep.weights.plasticity       | INFO  | Hard-clipped 36 w_cons parameters to delta_max=0.0300 bound.
2026-08-11 17:35:53 | sleep.weights.plasticity       | INFO  | Hard-clipped 36 w_cons parameters to delta_max=0.0300 bound.
2026-08-11 17:35:54 | sleep.weights.plasticity       | INFO  | Hard-clipped 36 w_cons parameters to delta_max=0.0300 bound.
2026-08-11 17:35:54 | sleep.weights.plasticity       | INFO  | Hard-clipped 36 w_cons parameters to delta_max=0.0300 bound.
2026-08-11 17:35:55 | sleep.weights.plasticity       | INFO  | Hard-clipped 36 w_cons parameters to delta_max=0.0300 bound.
2026-08-11 17:35:55 | sleep.weights.plasticity       | INFO  | Hard-clipped 36 w_cons parameters to delta_max=0.0300 bound.
2026-08-11 17:35:56 | sleep.weights.plasticity       | INFO  | Hard-clipped 36 w_cons parameters to delta_max=0.0300 bound.
2026-08-11 17:35:56 | sleep.weights.plasticity       | INFO  | Hard-clipped 36 w_cons parameters to delta_max=0.0300 bound.
2026-08-11 17:35:57 | sleep.weights.plasticity       | INFO  | Hard-clipped 35 w_cons parameters to delta_max=0.0300 bound.
2026-08-11 17:35:58 | sleep.weights.plasticity       | INFO  | Hard-clipped 35 w_cons parameters to delta_max=0.0300 bound.
2026-08-11 17:35:58 | sleep.weights.plasticity       | INFO  | Hard-clipped 35 w_cons parameters to delta_max=0.0300 bound.
2026-08-11 17:35:58 | sleep.weights.plasticity       | INFO  | Hard-clipped 36 w_cons parameters to delta_max=0.0300 bound.
2026-08-11 17:35:59 | sleep.weights.plasticity       | INFO  | Hard-clipped 36 w_cons parameters to delta_max=0.0300 bound.
2026-08-11 17:35:59 | sleep.weights.plasticity       | INFO  | Hard-clipped 36 w_cons parameters to delta_max=0.0300 bound.
2026-08-11 17:36:00 | sleep.weights.plasticity       | INFO  | Hard-clipped 36 w_cons parameters to delta_max=0.0300 bound.
2026-08-11 17:36:00 | sleep.weights.plasticity       | INFO  | Hard-clipped 36 w_cons parameters to delta_max=0.0300 bound.
2026-08-11 17:36:01 | sleep.weights.plasticity       | INFO  | Hard-clipped 36 w_cons parameters to delta_max=0.0300 bound.
2026-08-11 17:36:01 | sleep.weights.plasticity       | INFO  | Hard-clipped 36 w_cons parameters to delta_max=0.0300 bound.
2026-08-11 17:36:02 | sleep.weights.plasticity       | INFO  | Hard-clipped 36 w_cons parameters to delta_max=0.0300 bound.
2026-08-11 17:36:02 | sleep.weights.plasticity       | INFO  | Hard-clipped 36 w_cons parameters to delta_max=0.0300 bound.
2026-08-11 17:36:03 | sleep.weights.plasticity       | INFO  | Hard-clipped 33 w_cons parameters to delta_max=0.0300 bound.
2026-08-11 17:36:03 | sleep.weights.plasticity       | INFO  | Hard-clipped 34 w_cons parameters to delta_max=0.0300 bound.
2026-08-11 17:36:04 | sleep.weights.plasticity       | INFO  | Hard-clipped 34 w_cons parameters to delta_max=0.0300 bound.
2026-08-11 17:36:05 | sleep.weights.plasticity       | INFO  | Hard-clipped 33 w_cons parameters to delta_max=0.0300 bound.
2026-08-11 17:36:05 | sleep.weights.plasticity       | INFO  | Hard-clipped 33 w_cons parameters to delta_max=0.0300 bound.
2026-08-11 17:36:06 | sleep.weights.plasticity       | INFO  | Hard-clipped 33 w_cons parameters to delta_max=0.0300 bound.
2026-08-11 17:36:06 | sleep.weights.plasticity       | INFO  | Hard-clipped 32 w_cons parameters to delta_max=0.0300 bound.
2026-08-11 17:36:07 | sleep.weights.plasticity       | INFO  | Hard-clipped 29 w_cons parameters to delta_max=0.0300 bound.
2026-08-11 17:36:07 | sleep.weights.plasticity       | INFO  | Hard-clipped 30 w_cons parameters to delta_max=0.0300 bound.
2026-08-11 17:36:08 | sleep.weights.plasticity       | INFO  | Hard-clipped 26 w_cons parameters to delta_max=0.0300 bound.
2026-08-11 17:36:08 | sleep.weights.plasticity       | INFO  | Hard-clipped 24 w_cons parameters to delta_max=0.0300 bound.
2026-08-11 17:36:09 | sleep.weights.plasticity       | INFO  | Hard-clipped 25 w_cons parameters to delta_max=0.0300 bound.
2026-08-11 17:36:09 | sleep.weights.plasticity       | INFO  | Hard-clipped 26 w_cons parameters to delta_max=0.0300 bound.
2026-08-11 17:36:10 | sleep.weights.plasticity       | INFO  | Hard-clipped 22 w_cons parameters to delta_max=0.0300 bound.
2026-08-11 17:36:10 | sleep.weights.plasticity       | INFO  | Hard-clipped 29 w_cons parameters to delta_max=0.0300 bound.
2026-08-11 17:36:11 | sleep.weights.plasticity       | INFO  | Hard-clipped 31 w_cons parameters to delta_max=0.0300 bound.
2026-08-11 17:36:11 | sleep.weights.plasticity       | INFO  | Hard-clipped 32 w_cons parameters to delta_max=0.0300 bound.
2026-08-11 17:36:12 | sleep.weights.plasticity       | INFO  | Hard-clipped 32 w_cons parameters to delta_max=0.0300 bound.
2026-08-11 17:36:12 | sleep.sleep_engine.train       | INFO  |   step 600/1500 | loss=0.3501 | mean_loss=1.0014 | eta=4 | lr=7.50e-05
2026-08-11 17:36:12 | sleep.weights.plasticity       | INFO  | Hard-clipped 33 w_cons parameters to delta_max=0.0300 bound.
2026-08-11 17:36:13 | sleep.weights.plasticity       | INFO  | Hard-clipped 32 w_cons parameters to delta_max=0.0300 bound.
2026-08-11 17:36:13 | sleep.weights.plasticity       | INFO  | Hard-clipped 33 w_cons parameters to delta_max=0.0300 bound.
2026-08-11 17:36:14 | sleep.weights.plasticity       | INFO  | Hard-clipped 33 w_cons parameters to delta_max=0.0300 bound.
2026-08-11 17:36:14 | sleep.weights.plasticity       | INFO  | Hard-clipped 33 w_cons parameters to delta_max=0.0300 bound.
2026-08-11 17:36:15 | sleep.weights.plasticity       | INFO  | Hard-clipped 33 w_cons parameters to delta_max=0.0300 bound.
2026-08-11 17:36:15 | sleep.weights.plasticity       | INFO  | Hard-clipped 34 w_cons parameters to delta_max=0.0300 bound.
2026-08-11 17:36:16 | sleep.weights.plasticity       | INFO  | Hard-clipped 34 w_cons parameters to delta_max=0.0300 bound.
2026-08-11 17:36:16 | sleep.weights.plasticity       | INFO  | Hard-clipped 36 w_cons parameters to delta_max=0.0300 bound.
2026-08-11 17:36:17 | sleep.weights.plasticity       | INFO  | Hard-clipped 36 w_cons parameters to delta_max=0.0300 bound.
2026-08-11 17:36:17 | sleep.weights.plasticity       | INFO  | Hard-clipped 36 w_cons parameters to delta_max=0.0300 bound.
2026-08-11 17:36:18 | sleep.weights.plasticity       | INFO  | Hard-clipped 36 w_cons parameters to delta_max=0.0300 bound.
2026-08-11 17:36:18 | sleep.weights.plasticity       | INFO  | Hard-clipped 36 w_cons parameters to delta_max=0.0300 bound.
2026-08-11 17:36:19 | sleep.weights.plasticity       | INFO  | Hard-clipped 36 w_cons parameters to delta_max=0.0300 bound.
2026-08-11 17:36:19 | sleep.weights.plasticity       | INFO  | Hard-clipped 36 w_cons parameters to delta_max=0.0300 bound.
2026-08-11 17:36:20 | sleep.weights.plasticity       | INFO  | Hard-clipped 35 w_cons parameters to delta_max=0.0300 bound.
2026-08-11 17:36:20 | sleep.weights.plasticity       | INFO  | Hard-clipped 35 w_cons parameters to delta_max=0.0300 bound.
2026-08-11 17:36:21 | sleep.weights.plasticity       | INFO  | Hard-clipped 35 w_cons parameters to delta_max=0.0300 bound.
2026-08-11 17:36:21 | sleep.weights.plasticity       | INFO  | Hard-clipped 33 w_cons parameters to delta_max=0.0300 bound.
2026-08-11 17:36:22 | sleep.weights.plasticity       | INFO  | Hard-clipped 30 w_cons parameters to delta_max=0.0300 bound.
2026-08-11 17:36:22 | sleep.weights.plasticity       | INFO  | Hard-clipped 31 w_cons parameters to delta_max=0.0300 bound.
2026-08-11 17:36:23 | sleep.weights.plasticity       | INFO  | Hard-clipped 31 w_cons parameters to delta_max=0.0300 bound.
2026-08-11 17:36:23 | sleep.weights.plasticity       | INFO  | Hard-clipped 26 w_cons parameters to delta_max=0.0300 bound.
2026-08-11 17:36:24 | sleep.weights.plasticity       | INFO  | Hard-clipped 26 w_cons parameters to delta_max=0.0300 bound.
2026-08-11 17:36:24 | sleep.weights.plasticity       | INFO  | Hard-clipped 25 w_cons parameters to delta_max=0.0300 bound.
2026-08-11 17:36:25 | sleep.weights.plasticity       | INFO  | Hard-clipped 28 w_cons parameters to delta_max=0.0300 bound.
2026-08-11 17:36:25 | sleep.weights.plasticity       | INFO  | Hard-clipped 31 w_cons parameters to delta_max=0.0300 bound.
2026-08-11 17:36:26 | sleep.weights.plasticity       | INFO  | Hard-clipped 33 w_cons parameters to delta_max=0.0300 bound.
2026-08-11 17:36:26 | sleep.weights.plasticity       | INFO  | Hard-clipped 35 w_cons parameters to delta_max=0.0300 bound.
2026-08-11 17:36:27 | sleep.weights.plasticity       | INFO  | Hard-clipped 37 w_cons parameters to delta_max=0.0300 bound.
2026-08-11 17:36:27 | sleep.weights.plasticity       | INFO  | Hard-clipped 36 w_cons parameters to delta_max=0.0300 bound.
2026-08-11 17:36:28 | sleep.weights.plasticity       | INFO  | Hard-clipped 36 w_cons parameters to delta_max=0.0300 bound.
2026-08-11 17:36:29 | sleep.weights.plasticity       | INFO  | Hard-clipped 36 w_cons parameters to delta_max=0.0300 bound.
2026-08-11 17:36:29 | sleep.weights.plasticity       | INFO  | Hard-clipped 34 w_cons parameters to delta_max=0.0300 bound.
2026-08-11 17:36:30 | sleep.weights.plasticity       | INFO  | Hard-clipped 33 w_cons parameters to delta_max=0.0300 bound.
2026-08-11 17:36:30 | sleep.weights.plasticity       | INFO  | Hard-clipped 30 w_cons parameters to delta_max=0.0300 bound.
2026-08-11 17:36:30 | sleep.weights.plasticity       | INFO  | Hard-clipped 32 w_cons parameters to delta_max=0.0300 bound.
2026-08-11 17:36:31 | sleep.weights.plasticity       | INFO  | Hard-clipped 34 w_cons parameters to delta_max=0.0300 bound.
2026-08-11 17:36:32 | sleep.weights.plasticity       | INFO  | Hard-clipped 36 w_cons parameters to delta_max=0.0300 bound.
2026-08-11 17:36:32 | sleep.weights.plasticity       | INFO  | Hard-clipped 37 w_cons parameters to delta_max=0.0300 bound.
2026-08-11 17:36:33 | sleep.weights.plasticity       | INFO  | Hard-clipped 37 w_cons parameters to delta_max=0.0300 bound.
2026-08-11 17:36:33 | sleep.weights.plasticity       | INFO  | Hard-clipped 37 w_cons parameters to delta_max=0.0300 bound.
2026-08-11 17:36:34 | sleep.weights.plasticity       | INFO  | Hard-clipped 37 w_cons parameters to delta_max=0.0300 bound.
2026-08-11 17:36:34 | sleep.weights.plasticity       | INFO  | Hard-clipped 36 w_cons parameters to delta_max=0.0300 bound.
2026-08-11 17:36:34 | sleep.weights.plasticity       | INFO  | Hard-clipped 34 w_cons parameters to delta_max=0.0300 bound.
2026-08-11 17:36:35 | sleep.weights.plasticity       | INFO  | Hard-clipped 31 w_cons parameters to delta_max=0.0300 bound.
2026-08-11 17:36:36 | sleep.weights.plasticity       | INFO  | Hard-clipped 31 w_cons parameters to delta_max=0.0300 bound.
2026-08-11 17:36:36 | sleep.weights.plasticity       | INFO  | Hard-clipped 32 w_cons parameters to delta_max=0.0300 bound.
2026-08-11 17:36:37 | sleep.weights.plasticity       | INFO  | Hard-clipped 32 w_cons parameters to delta_max=0.0300 bound.
2026-08-11 17:36:37 | sleep.weights.plasticity       | INFO  | Hard-clipped 28 w_cons parameters to delta_max=0.0300 bound.
2026-08-11 17:36:38 | sleep.weights.plasticity       | INFO  | Hard-clipped 31 w_cons parameters to delta_max=0.0300 bound.
2026-08-11 17:36:38 | sleep.weights.plasticity       | INFO  | Hard-clipped 32 w_cons parameters to delta_max=0.0300 bound.
2026-08-11 17:36:39 | sleep.weights.plasticity       | INFO  | Hard-clipped 29 w_cons parameters to delta_max=0.0300 bound.
2026-08-11 17:36:39 | sleep.weights.plasticity       | INFO  | Hard-clipped 33 w_cons parameters to delta_max=0.0300 bound.
2026-08-11 17:36:40 | sleep.weights.plasticity       | INFO  | Hard-clipped 36 w_cons parameters to delta_max=0.0300 bound.
2026-08-11 17:36:40 | sleep.weights.plasticity       | INFO  | Hard-clipped 37 w_cons parameters to delta_max=0.0300 bound.
2026-08-11 17:36:41 | sleep.weights.plasticity       | INFO  | Hard-clipped 38 w_cons parameters to delta_max=0.0300 bound.
2026-08-11 17:36:41 | sleep.weights.plasticity       | INFO  | Hard-clipped 38 w_cons parameters to delta_max=0.0300 bound.
2026-08-11 17:36:42 | sleep.weights.plasticity       | INFO  | Hard-clipped 35 w_cons parameters to delta_max=0.0300 bound.
2026-08-11 17:36:42 | sleep.weights.plasticity       | INFO  | Hard-clipped 26 w_cons parameters to delta_max=0.0300 bound.
2026-08-11 17:36:43 | sleep.weights.plasticity       | INFO  | Hard-clipped 26 w_cons parameters to delta_max=0.0300 bound.
2026-08-11 17:36:43 | sleep.weights.plasticity       | INFO  | Hard-clipped 27 w_cons parameters to delta_max=0.0300 bound.
2026-08-11 17:36:44 | sleep.weights.plasticity       | INFO  | Hard-clipped 26 w_cons parameters to delta_max=0.0300 bound.
2026-08-11 17:36:44 | sleep.weights.plasticity       | INFO  | Hard-clipped 28 w_cons parameters to delta_max=0.0300 bound.
2026-08-11 17:36:45 | sleep.weights.plasticity       | INFO  | Hard-clipped 29 w_cons parameters to delta_max=0.0300 bound.
2026-08-11 17:36:45 | sleep.weights.plasticity       | INFO  | Hard-clipped 32 w_cons parameters to delta_max=0.0300 bound.
2026-08-11 17:36:46 | sleep.weights.plasticity       | INFO  | Hard-clipped 33 w_cons parameters to delta_max=0.0300 bound.
2026-08-11 17:36:46 | sleep.weights.plasticity       | INFO  | Hard-clipped 33 w_cons parameters to delta_max=0.0300 bound.
2026-08-11 17:36:47 | sleep.weights.plasticity       | INFO  | Hard-clipped 34 w_cons parameters to delta_max=0.0300 bound.
2026-08-11 17:36:47 | sleep.weights.plasticity       | INFO  | Hard-clipped 35 w_cons parameters to delta_max=0.0300 bound.
2026-08-11 17:36:47 | sleep.weights.plasticity       | INFO  | Hard-clipped 36 w_cons parameters to delta_max=0.0300 bound.
2026-08-11 17:36:48 | sleep.weights.plasticity       | INFO  | Hard-clipped 36 w_cons parameters to delta_max=0.0300 bound.
2026-08-11 17:36:48 | sleep.weights.plasticity       | INFO  | Hard-clipped 28 w_cons parameters to delta_max=0.0300 bound.
2026-08-11 17:36:49 | sleep.weights.plasticity       | INFO  | Hard-clipped 26 w_cons parameters to delta_max=0.0300 bound.
2026-08-11 17:36:49 | sleep.weights.plasticity       | INFO  | Hard-clipped 27 w_cons parameters to delta_max=0.0300 bound.
2026-08-11 17:36:50 | sleep.weights.plasticity       | INFO  | Hard-clipped 28 w_cons parameters to delta_max=0.0300 bound.
2026-08-11 17:36:50 | sleep.weights.plasticity       | INFO  | Hard-clipped 33 w_cons parameters to delta_max=0.0300 bound.
2026-08-11 17:36:51 | sleep.weights.plasticity       | INFO  | Hard-clipped 34 w_cons parameters to delta_max=0.0300 bound.
2026-08-11 17:36:51 | sleep.weights.plasticity       | INFO  | Hard-clipped 36 w_cons parameters to delta_max=0.0300 bound.
2026-08-11 17:36:52 | sleep.weights.plasticity       | INFO  | Hard-clipped 36 w_cons parameters to delta_max=0.0300 bound.
2026-08-11 17:36:53 | sleep.weights.plasticity       | INFO  | Hard-clipped 36 w_cons parameters to delta_max=0.0300 bound.
2026-08-11 17:36:53 | sleep.weights.plasticity       | INFO  | Hard-clipped 36 w_cons parameters to delta_max=0.0300 bound.
2026-08-11 17:36:54 | sleep.weights.plasticity       | INFO  | Hard-clipped 37 w_cons parameters to delta_max=0.0300 bound.
2026-08-11 17:36:54 | sleep.weights.plasticity       | INFO  | Hard-clipped 37 w_cons parameters to delta_max=0.0300 bound.
2026-08-11 17:36:55 | sleep.weights.plasticity       | INFO  | Hard-clipped 38 w_cons parameters to delta_max=0.0300 bound.
2026-08-11 17:36:55 | sleep.weights.plasticity       | INFO  | Hard-clipped 38 w_cons parameters to delta_max=0.0300 bound.
2026-08-11 17:36:55 | sleep.weights.plasticity       | INFO  | Hard-clipped 38 w_cons parameters to delta_max=0.0300 bound.
2026-08-11 17:36:56 | sleep.weights.plasticity       | INFO  | Hard-clipped 38 w_cons parameters to delta_max=0.0300 bound.
2026-08-11 17:36:56 | sleep.weights.plasticity       | INFO  | Hard-clipped 34 w_cons parameters to delta_max=0.0300 bound.
2026-08-11 17:36:57 | sleep.weights.plasticity       | INFO  | Hard-clipped 32 w_cons parameters to delta_max=0.0300 bound.
2026-08-11 17:36:57 | sleep.weights.plasticity       | INFO  | Hard-clipped 31 w_cons parameters to delta_max=0.0300 bound.
2026-08-11 17:36:58 | sleep.weights.plasticity       | INFO  | Hard-clipped 32 w_cons parameters to delta_max=0.0300 bound.
2026-08-11 17:36:58 | sleep.weights.plasticity       | INFO  | Hard-clipped 33 w_cons parameters to delta_max=0.0300 bound.
2026-08-11 17:36:59 | sleep.weights.plasticity       | INFO  | Hard-clipped 34 w_cons parameters to delta_max=0.0300 bound.
2026-08-11 17:36:59 | sleep.weights.plasticity       | INFO  | Hard-clipped 35 w_cons parameters to delta_max=0.0300 bound.
2026-08-11 17:37:00 | sleep.weights.plasticity       | INFO  | Hard-clipped 36 w_cons parameters to delta_max=0.0300 bound.
2026-08-11 17:37:00 | sleep.weights.plasticity       | INFO  | Hard-clipped 36 w_cons parameters to delta_max=0.0300 bound.
2026-08-11 17:37:01 | sleep.weights.plasticity       | INFO  | Hard-clipped 35 w_cons parameters to delta_max=0.0300 bound.
2026-08-11 17:37:02 | sleep.weights.plasticity       | INFO  | Hard-clipped 35 w_cons parameters to delta_max=0.0300 bound.
2026-08-11 17:37:02 | sleep.weights.plasticity       | INFO  | Hard-clipped 35 w_cons parameters to delta_max=0.0300 bound.
2026-08-11 17:37:03 | sleep.weights.plasticity       | INFO  | Hard-clipped 36 w_cons parameters to delta_max=0.0300 bound.
2026-08-11 17:37:03 | sleep.weights.plasticity       | INFO  | Hard-clipped 36 w_cons parameters to delta_max=0.0300 bound.
2026-08-11 17:37:04 | sleep.weights.plasticity       | INFO  | Hard-clipped 36 w_cons parameters to delta_max=0.0300 bound.
2026-08-11 17:37:04 | sleep.weights.plasticity       | INFO  | Hard-clipped 34 w_cons parameters to delta_max=0.0300 bound.
2026-08-11 17:37:05 | sleep.weights.plasticity       | INFO  | Hard-clipped 28 w_cons parameters to delta_max=0.0300 bound.
2026-08-11 17:37:05 | sleep.weights.plasticity       | INFO  | Hard-clipped 29 w_cons parameters to delta_max=0.0300 bound.
2026-08-11 17:37:05 | sleep.weights.plasticity       | INFO  | Hard-clipped 26 w_cons parameters to delta_max=0.0300 bound.
2026-08-11 17:37:06 | sleep.weights.plasticity       | INFO  | Hard-clipped 29 w_cons parameters to delta_max=0.0300 bound.
2026-08-11 17:37:07 | sleep.weights.plasticity       | INFO  | Hard-clipped 29 w_cons parameters to delta_max=0.0300 bound.
2026-08-11 17:37:07 | sleep.weights.plasticity       | INFO  | Hard-clipped 32 w_cons parameters to delta_max=0.0300 bound.
2026-08-11 17:37:08 | sleep.weights.plasticity       | INFO  | Hard-clipped 34 w_cons parameters to delta_max=0.0300 bound.
2026-08-11 17:37:08 | sleep.weights.plasticity       | INFO  | Hard-clipped 35 w_cons parameters to delta_max=0.0300 bound.
2026-08-11 17:37:09 | sleep.weights.plasticity       | INFO  | Hard-clipped 36 w_cons parameters to delta_max=0.0300 bound.
2026-08-11 17:37:09 | sleep.weights.plasticity       | INFO  | Hard-clipped 35 w_cons parameters to delta_max=0.0300 bound.
2026-08-11 17:37:10 | sleep.weights.plasticity       | INFO  | Hard-clipped 37 w_cons parameters to delta_max=0.0300 bound.
2026-08-11 17:37:10 | sleep.weights.plasticity       | INFO  | Hard-clipped 38 w_cons parameters to delta_max=0.0300 bound.
2026-08-11 17:37:11 | sleep.weights.plasticity       | INFO  | Hard-clipped 38 w_cons parameters to delta_max=0.0300 bound.
2026-08-11 17:37:11 | sleep.weights.plasticity       | INFO  | Hard-clipped 38 w_cons parameters to delta_max=0.0300 bound.
2026-08-11 17:37:12 | sleep.weights.plasticity       | INFO  | Hard-clipped 38 w_cons parameters to delta_max=0.0300 bound.
2026-08-11 17:37:12 | sleep.weights.plasticity       | INFO  | Hard-clipped 38 w_cons parameters to delta_max=0.0300 bound.
2026-08-11 17:37:13 | sleep.weights.plasticity       | INFO  | Hard-clipped 38 w_cons parameters to delta_max=0.0300 bound.
2026-08-11 17:37:13 | sleep.weights.plasticity       | INFO  | Hard-clipped 38 w_cons parameters to delta_max=0.0300 bound.
2026-08-11 17:37:14 | sleep.weights.plasticity       | INFO  | Hard-clipped 31 w_cons parameters to delta_max=0.0300 bound.
2026-08-11 17:37:14 | sleep.weights.plasticity       | INFO  | Hard-clipped 26 w_cons parameters to delta_max=0.0300 bound.
2026-08-11 17:37:15 | sleep.weights.plasticity       | INFO  | Hard-clipped 28 w_cons parameters to delta_max=0.0300 bound.
2026-08-11 17:37:15 | sleep.weights.plasticity       | INFO  | Hard-clipped 30 w_cons parameters to delta_max=0.0300 bound.
2026-08-11 17:37:16 | sleep.weights.plasticity       | INFO  | Hard-clipped 35 w_cons parameters to delta_max=0.0300 bound.
2026-08-11 17:37:16 | sleep.weights.plasticity       | INFO  | Hard-clipped 37 w_cons parameters to delta_max=0.0300 bound.
2026-08-11 17:37:17 | sleep.weights.plasticity       | INFO  | Hard-clipped 37 w_cons parameters to delta_max=0.0300 bound.
2026-08-11 17:37:17 | sleep.weights.plasticity       | INFO  | Hard-clipped 38 w_cons parameters to delta_max=0.0300 bound.
2026-08-11 17:37:18 | sleep.weights.plasticity       | INFO  | Hard-clipped 38 w_cons parameters to delta_max=0.0300 bound.
2026-08-11 17:37:18 | sleep.weights.plasticity       | INFO  | Hard-clipped 39 w_cons parameters to delta_max=0.0300 bound.
2026-08-11 17:37:19 | sleep.weights.plasticity       | INFO  | Hard-clipped 39 w_cons parameters to delta_max=0.0300 bound.
2026-08-11 17:37:19 | sleep.weights.plasticity       | INFO  | Hard-clipped 39 w_cons parameters to delta_max=0.0300 bound.
2026-08-11 17:37:20 | sleep.weights.plasticity       | INFO  | Hard-clipped 39 w_cons parameters to delta_max=0.0300 bound.
2026-08-11 17:37:20 | sleep.weights.plasticity       | INFO  | Hard-clipped 38 w_cons parameters to delta_max=0.0300 bound.
2026-08-11 17:37:21 | sleep.weights.plasticity       | INFO  | Hard-clipped 39 w_cons parameters to delta_max=0.0300 bound.
2026-08-11 17:37:21 | sleep.weights.plasticity       | INFO  | Hard-clipped 39 w_cons parameters to delta_max=0.0300 bound.
2026-08-11 17:37:22 | sleep.weights.plasticity       | INFO  | Hard-clipped 39 w_cons parameters to delta_max=0.0300 bound.
2026-08-11 17:37:22 | sleep.weights.plasticity       | INFO  | Hard-clipped 39 w_cons parameters to delta_max=0.0300 bound.
2026-08-11 17:37:23 | sleep.weights.plasticity       | INFO  | Hard-clipped 39 w_cons parameters to delta_max=0.0300 bound.
2026-08-11 17:37:23 | sleep.weights.plasticity       | INFO  | Hard-clipped 39 w_cons parameters to delta_max=0.0300 bound.
2026-08-11 17:37:24 | sleep.weights.plasticity       | INFO  | Hard-clipped 36 w_cons parameters to delta_max=0.0300 bound.
2026-08-11 17:37:24 | sleep.weights.plasticity       | INFO  | Hard-clipped 36 w_cons parameters to delta_max=0.0300 bound.
2026-08-11 17:37:25 | sleep.weights.plasticity       | INFO  | Hard-clipped 33 w_cons parameters to delta_max=0.0300 bound.
2026-08-11 17:37:25 | sleep.weights.plasticity       | INFO  | Hard-clipped 32 w_cons parameters to delta_max=0.0300 bound.
2026-08-11 17:37:26 | sleep.weights.plasticity       | INFO  | Hard-clipped 32 w_cons parameters to delta_max=0.0300 bound.
2026-08-11 17:37:26 | sleep.weights.plasticity       | INFO  | Hard-clipped 30 w_cons parameters to delta_max=0.0300 bound.
2026-08-11 17:37:27 | sleep.weights.plasticity       | INFO  | Hard-clipped 33 w_cons parameters to delta_max=0.0300 bound.
2026-08-11 17:37:27 | sleep.weights.plasticity       | INFO  | Hard-clipped 34 w_cons parameters to delta_max=0.0300 bound.
2026-08-11 17:37:27 | sleep.sleep_engine.train       | INFO  |   step 750/1500 | loss=0.3415 | mean_loss=0.8646 | eta=4 | lr=5.87e-05
2026-08-11 17:37:28 | sleep.weights.plasticity       | INFO  | Hard-clipped 35 w_cons parameters to delta_max=0.0300 bound.
2026-08-11 17:37:28 | sleep.weights.plasticity       | INFO  | Hard-clipped 36 w_cons parameters to delta_max=0.0300 bound.
2026-08-11 17:37:29 | sleep.weights.plasticity       | INFO  | Hard-clipped 37 w_cons parameters to delta_max=0.0300 bound.
2026-08-11 17:37:29 | sleep.weights.plasticity       | INFO  | Hard-clipped 38 w_cons parameters to delta_max=0.0300 bound.
2026-08-11 17:37:30 | sleep.weights.plasticity       | INFO  | Hard-clipped 39 w_cons parameters to delta_max=0.0300 bound.
2026-08-11 17:37:30 | sleep.weights.plasticity       | INFO  | Hard-clipped 39 w_cons parameters to delta_max=0.0300 bound.
2026-08-11 17:37:31 | sleep.weights.plasticity       | INFO  | Hard-clipped 39 w_cons parameters to delta_max=0.0300 bound.
2026-08-11 17:37:31 | sleep.weights.plasticity       | INFO  | Hard-clipped 39 w_cons parameters to delta_max=0.0300 bound.
2026-08-11 17:37:32 | sleep.weights.plasticity       | INFO  | Hard-clipped 39 w_cons parameters to delta_max=0.0300 bound.
2026-08-11 17:37:32 | sleep.weights.plasticity       | INFO  | Hard-clipped 38 w_cons parameters to delta_max=0.0300 bound.
2026-08-11 17:37:33 | sleep.weights.plasticity       | INFO  | Hard-clipped 38 w_cons parameters to delta_max=0.0300 bound.
2026-08-11 17:37:33 | sleep.weights.plasticity       | INFO  | Hard-clipped 38 w_cons parameters to delta_max=0.0300 bound.
2026-08-11 17:37:34 | sleep.weights.plasticity       | INFO  | Hard-clipped 37 w_cons parameters to delta_max=0.0300 bound.
2026-08-11 17:37:34 | sleep.weights.plasticity       | INFO  | Hard-clipped 37 w_cons parameters to delta_max=0.0300 bound.
2026-08-11 17:37:35 | sleep.weights.plasticity       | INFO  | Hard-clipped 35 w_cons parameters to delta_max=0.0300 bound.
2026-08-11 17:37:35 | sleep.weights.plasticity       | INFO  | Hard-clipped 35 w_cons parameters to delta_max=0.0300 bound.
2026-08-11 17:37:36 | sleep.weights.plasticity       | INFO  | Hard-clipped 36 w_cons parameters to delta_max=0.0300 bound.
2026-08-11 17:37:36 | sleep.weights.plasticity       | INFO  | Hard-clipped 33 w_cons parameters to delta_max=0.0300 bound.
2026-08-11 17:37:37 | sleep.weights.plasticity       | INFO  | Hard-clipped 36 w_cons parameters to delta_max=0.0300 bound.
2026-08-11 17:37:37 | sleep.weights.plasticity       | INFO  | Hard-clipped 36 w_cons parameters to delta_max=0.0300 bound.
2026-08-11 17:37:38 | sleep.weights.plasticity       | INFO  | Hard-clipped 32 w_cons parameters to delta_max=0.0300 bound.
2026-08-11 17:37:38 | sleep.weights.plasticity       | INFO  | Hard-clipped 37 w_cons parameters to delta_max=0.0300 bound.
2026-08-11 17:37:39 | sleep.weights.plasticity       | INFO  | Hard-clipped 37 w_cons parameters to delta_max=0.0300 bound.
2026-08-11 17:37:39 | sleep.weights.plasticity       | INFO  | Hard-clipped 38 w_cons parameters to delta_max=0.0300 bound.
2026-08-11 17:37:40 | sleep.weights.plasticity       | INFO  | Hard-clipped 39 w_cons parameters to delta_max=0.0300 bound.
2026-08-11 17:37:40 | sleep.weights.plasticity       | INFO  | Hard-clipped 35 w_cons parameters to delta_max=0.0300 bound.
2026-08-11 17:37:41 | sleep.weights.plasticity       | INFO  | Hard-clipped 35 w_cons parameters to delta_max=0.0300 bound.
2026-08-11 17:37:41 | sleep.weights.plasticity       | INFO  | Hard-clipped 36 w_cons parameters to delta_max=0.0300 bound.
2026-08-11 17:37:42 | sleep.weights.plasticity       | INFO  | Hard-clipped 36 w_cons parameters to delta_max=0.0300 bound.
2026-08-11 17:37:42 | sleep.weights.plasticity       | INFO  | Hard-clipped 35 w_cons parameters to delta_max=0.0300 bound.
2026-08-11 17:37:43 | sleep.weights.plasticity       | INFO  | Hard-clipped 30 w_cons parameters to delta_max=0.0300 bound.
2026-08-11 17:37:43 | sleep.weights.plasticity       | INFO  | Hard-clipped 34 w_cons parameters to delta_max=0.0300 bound.
2026-08-11 17:37:44 | sleep.weights.plasticity       | INFO  | Hard-clipped 34 w_cons parameters to delta_max=0.0300 bound.
2026-08-11 17:37:44 | sleep.weights.plasticity       | INFO  | Hard-clipped 31 w_cons parameters to delta_max=0.0300 bound.
2026-08-11 17:37:45 | sleep.weights.plasticity       | INFO  | Hard-clipped 32 w_cons parameters to delta_max=0.0300 bound.
2026-08-11 17:37:45 | sleep.weights.plasticity       | INFO  | Hard-clipped 34 w_cons parameters to delta_max=0.0300 bound.
2026-08-11 17:37:46 | sleep.weights.plasticity       | INFO  | Hard-clipped 34 w_cons parameters to delta_max=0.0300 bound.
2026-08-11 17:37:46 | sleep.weights.plasticity       | INFO  | Hard-clipped 35 w_cons parameters to delta_max=0.0300 bound.
2026-08-11 17:37:47 | sleep.weights.plasticity       | INFO  | Hard-clipped 36 w_cons parameters to delta_max=0.0300 bound.
2026-08-11 17:37:47 | sleep.weights.plasticity       | INFO  | Hard-clipped 36 w_cons parameters to delta_max=0.0300 bound.
2026-08-11 17:37:48 | sleep.weights.plasticity       | INFO  | Hard-clipped 37 w_cons parameters to delta_max=0.0300 bound.
2026-08-11 17:37:48 | sleep.weights.plasticity       | INFO  | Hard-clipped 33 w_cons parameters to delta_max=0.0300 bound.
2026-08-11 17:37:49 | sleep.weights.plasticity       | INFO  | Hard-clipped 38 w_cons parameters to delta_max=0.0300 bound.
2026-08-11 17:37:49 | sleep.weights.plasticity       | INFO  | Hard-clipped 36 w_cons parameters to delta_max=0.0300 bound.
2026-08-11 17:37:50 | sleep.weights.plasticity       | INFO  | Hard-clipped 31 w_cons parameters to delta_max=0.0300 bound.
2026-08-11 17:37:50 | sleep.weights.plasticity       | INFO  | Hard-clipped 36 w_cons parameters to delta_max=0.0300 bound.
2026-08-11 17:37:51 | sleep.weights.plasticity       | INFO  | Hard-clipped 32 w_cons parameters to delta_max=0.0300 bound.
2026-08-11 17:37:51 | sleep.weights.plasticity       | INFO  | Hard-clipped 32 w_cons parameters to delta_max=0.0300 bound.
2026-08-11 17:37:52 | sleep.weights.plasticity       | INFO  | Hard-clipped 26 w_cons parameters to delta_max=0.0300 bound.
2026-08-11 17:37:52 | sleep.weights.plasticity       | INFO  | Hard-clipped 22 w_cons parameters to delta_max=0.0300 bound.
2026-08-11 17:37:53 | sleep.weights.plasticity       | INFO  | Hard-clipped 18 w_cons parameters to delta_max=0.0300 bound.
2026-08-11 17:37:53 | sleep.weights.plasticity       | INFO  | Hard-clipped 25 w_cons parameters to delta_max=0.0300 bound.
2026-08-11 17:37:54 | sleep.weights.plasticity       | INFO  | Hard-clipped 29 w_cons parameters to delta_max=0.0300 bound.
2026-08-11 17:37:54 | sleep.weights.plasticity       | INFO  | Hard-clipped 30 w_cons parameters to delta_max=0.0300 bound.
2026-08-11 17:37:55 | sleep.weights.plasticity       | INFO  | Hard-clipped 33 w_cons parameters to delta_max=0.0300 bound.
2026-08-11 17:37:55 | sleep.weights.plasticity       | INFO  | Hard-clipped 28 w_cons parameters to delta_max=0.0300 bound.
2026-08-11 17:37:56 | sleep.weights.plasticity       | INFO  | Hard-clipped 27 w_cons parameters to delta_max=0.0300 bound.
2026-08-11 17:37:56 | sleep.weights.plasticity       | INFO  | Hard-clipped 32 w_cons parameters to delta_max=0.0300 bound.
2026-08-11 17:37:57 | sleep.weights.plasticity       | INFO  | Hard-clipped 35 w_cons parameters to delta_max=0.0300 bound.
2026-08-11 17:37:57 | sleep.weights.plasticity       | INFO  | Hard-clipped 36 w_cons parameters to delta_max=0.0300 bound.
2026-08-11 17:37:58 | sleep.weights.plasticity       | INFO  | Hard-clipped 37 w_cons parameters to delta_max=0.0300 bound.
2026-08-11 17:37:58 | sleep.weights.plasticity       | INFO  | Hard-clipped 38 w_cons parameters to delta_max=0.0300 bound.
2026-08-11 17:37:59 | sleep.weights.plasticity       | INFO  | Hard-clipped 39 w_cons parameters to delta_max=0.0300 bound.
2026-08-11 17:37:59 | sleep.weights.plasticity       | INFO  | Hard-clipped 39 w_cons parameters to delta_max=0.0300 bound.
2026-08-11 17:38:00 | sleep.weights.plasticity       | INFO  | Hard-clipped 39 w_cons parameters to delta_max=0.0300 bound.
2026-08-11 17:38:00 | sleep.weights.plasticity       | INFO  | Hard-clipped 38 w_cons parameters to delta_max=0.0300 bound.
2026-08-11 17:38:01 | sleep.weights.plasticity       | INFO  | Hard-clipped 38 w_cons parameters to delta_max=0.0300 bound.
2026-08-11 17:38:01 | sleep.weights.plasticity       | INFO  | Hard-clipped 36 w_cons parameters to delta_max=0.0300 bound.
2026-08-11 17:38:02 | sleep.weights.plasticity       | INFO  | Hard-clipped 29 w_cons parameters to delta_max=0.0300 bound.
2026-08-11 17:38:02 | sleep.weights.plasticity       | INFO  | Hard-clipped 26 w_cons parameters to delta_max=0.0300 bound.
2026-08-11 17:38:03 | sleep.weights.plasticity       | INFO  | Hard-clipped 25 w_cons parameters to delta_max=0.0300 bound.
2026-08-11 17:38:03 | sleep.weights.plasticity       | INFO  | Hard-clipped 26 w_cons parameters to delta_max=0.0300 bound.
2026-08-11 17:38:04 | sleep.weights.plasticity       | INFO  | Hard-clipped 27 w_cons parameters to delta_max=0.0300 bound.
2026-08-11 17:38:04 | sleep.weights.plasticity       | INFO  | Hard-clipped 28 w_cons parameters to delta_max=0.0300 bound.
2026-08-11 17:38:05 | sleep.weights.plasticity       | INFO  | Hard-clipped 24 w_cons parameters to delta_max=0.0300 bound.
2026-08-11 17:38:05 | sleep.weights.plasticity       | INFO  | Hard-clipped 21 w_cons parameters to delta_max=0.0300 bound.
2026-08-11 17:38:06 | sleep.weights.plasticity       | INFO  | Hard-clipped 19 w_cons parameters to delta_max=0.0300 bound.
2026-08-11 17:38:06 | sleep.weights.plasticity       | INFO  | Hard-clipped 18 w_cons parameters to delta_max=0.0300 bound.
2026-08-11 17:38:07 | sleep.weights.plasticity       | INFO  | Hard-clipped 22 w_cons parameters to delta_max=0.0300 bound.
2026-08-11 17:38:07 | sleep.weights.plasticity       | INFO  | Hard-clipped 27 w_cons parameters to delta_max=0.0300 bound.
2026-08-11 17:38:08 | sleep.weights.plasticity       | INFO  | Hard-clipped 30 w_cons parameters to delta_max=0.0300 bound.
2026-08-11 17:38:08 | sleep.weights.plasticity       | INFO  | Hard-clipped 34 w_cons parameters to delta_max=0.0300 bound.
2026-08-11 17:38:09 | sleep.weights.plasticity       | INFO  | Hard-clipped 33 w_cons parameters to delta_max=0.0300 bound.
2026-08-11 17:38:09 | sleep.weights.plasticity       | INFO  | Hard-clipped 29 w_cons parameters to delta_max=0.0300 bound.
2026-08-11 17:38:10 | sleep.weights.plasticity       | INFO  | Hard-clipped 31 w_cons parameters to delta_max=0.0300 bound.
2026-08-11 17:38:10 | sleep.weights.plasticity       | INFO  | Hard-clipped 30 w_cons parameters to delta_max=0.0300 bound.
2026-08-11 17:38:11 | sleep.weights.plasticity       | INFO  | Hard-clipped 32 w_cons parameters to delta_max=0.0300 bound.
2026-08-11 17:38:11 | sleep.weights.plasticity       | INFO  | Hard-clipped 33 w_cons parameters to delta_max=0.0300 bound.
2026-08-11 17:38:12 | sleep.weights.plasticity       | INFO  | Hard-clipped 33 w_cons parameters to delta_max=0.0300 bound.
2026-08-11 17:38:12 | sleep.weights.plasticity       | INFO  | Hard-clipped 34 w_cons parameters to delta_max=0.0300 bound.
2026-08-11 17:38:13 | sleep.weights.plasticity       | INFO  | Hard-clipped 24 w_cons parameters to delta_max=0.0300 bound.
2026-08-11 17:38:13 | sleep.weights.plasticity       | INFO  | Hard-clipped 24 w_cons parameters to delta_max=0.0300 bound.
2026-08-11 17:38:14 | sleep.weights.plasticity       | INFO  | Hard-clipped 24 w_cons parameters to delta_max=0.0300 bound.
2026-08-11 17:38:14 | sleep.weights.plasticity       | INFO  | Hard-clipped 24 w_cons parameters to delta_max=0.0300 bound.
2026-08-11 17:38:15 | sleep.weights.plasticity       | INFO  | Hard-clipped 27 w_cons parameters to delta_max=0.0300 bound.
2026-08-11 17:38:15 | sleep.weights.plasticity       | INFO  | Hard-clipped 30 w_cons parameters to delta_max=0.0300 bound.
2026-08-11 17:38:16 | sleep.weights.plasticity       | INFO  | Hard-clipped 34 w_cons parameters to delta_max=0.0300 bound.
2026-08-11 17:38:16 | sleep.weights.plasticity       | INFO  | Hard-clipped 36 w_cons parameters to delta_max=0.0300 bound.
2026-08-11 17:38:17 | sleep.weights.plasticity       | INFO  | Hard-clipped 36 w_cons parameters to delta_max=0.0300 bound.
2026-08-11 17:38:17 | sleep.weights.plasticity       | INFO  | Hard-clipped 34 w_cons parameters to delta_max=0.0300 bound.
2026-08-11 17:38:18 | sleep.weights.plasticity       | INFO  | Hard-clipped 35 w_cons parameters to delta_max=0.0300 bound.
2026-08-11 17:38:18 | sleep.weights.plasticity       | INFO  | Hard-clipped 37 w_cons parameters to delta_max=0.0300 bound.
2026-08-11 17:38:19 | sleep.weights.plasticity       | INFO  | Hard-clipped 37 w_cons parameters to delta_max=0.0300 bound.
2026-08-11 17:38:19 | sleep.weights.plasticity       | INFO  | Hard-clipped 37 w_cons parameters to delta_max=0.0300 bound.
2026-08-11 17:38:20 | sleep.weights.plasticity       | INFO  | Hard-clipped 39 w_cons parameters to delta_max=0.0300 bound.
2026-08-11 17:38:20 | sleep.weights.plasticity       | INFO  | Hard-clipped 39 w_cons parameters to delta_max=0.0300 bound.
2026-08-11 17:38:21 | sleep.weights.plasticity       | INFO  | Hard-clipped 39 w_cons parameters to delta_max=0.0300 bound.
2026-08-11 17:38:21 | sleep.weights.plasticity       | INFO  | Hard-clipped 34 w_cons parameters to delta_max=0.0300 bound.
2026-08-11 17:38:22 | sleep.weights.plasticity       | INFO  | Hard-clipped 30 w_cons parameters to delta_max=0.0300 bound.
2026-08-11 17:38:22 | sleep.weights.plasticity       | INFO  | Hard-clipped 28 w_cons parameters to delta_max=0.0300 bound.
2026-08-11 17:38:23 | sleep.weights.plasticity       | INFO  | Hard-clipped 27 w_cons parameters to delta_max=0.0300 bound.
2026-08-11 17:38:23 | sleep.weights.plasticity       | INFO  | Hard-clipped 26 w_cons parameters to delta_max=0.0300 bound.
2026-08-11 17:38:24 | sleep.weights.plasticity       | INFO  | Hard-clipped 25 w_cons parameters to delta_max=0.0300 bound.
2026-08-11 17:38:24 | sleep.weights.plasticity       | INFO  | Hard-clipped 25 w_cons parameters to delta_max=0.0300 bound.
2026-08-11 17:38:25 | sleep.weights.plasticity       | INFO  | Hard-clipped 27 w_cons parameters to delta_max=0.0300 bound.
2026-08-11 17:38:25 | sleep.weights.plasticity       | INFO  | Hard-clipped 27 w_cons parameters to delta_max=0.0300 bound.
2026-08-11 17:38:26 | sleep.weights.plasticity       | INFO  | Hard-clipped 28 w_cons parameters to delta_max=0.0300 bound.
2026-08-11 17:38:26 | sleep.weights.plasticity       | INFO  | Hard-clipped 29 w_cons parameters to delta_max=0.0300 bound.
2026-08-11 17:38:27 | sleep.weights.plasticity       | INFO  | Hard-clipped 30 w_cons parameters to delta_max=0.0300 bound.
2026-08-11 17:38:27 | sleep.weights.plasticity       | INFO  | Hard-clipped 32 w_cons parameters to delta_max=0.0300 bound.
2026-08-11 17:38:28 | sleep.weights.plasticity       | INFO  | Hard-clipped 33 w_cons parameters to delta_max=0.0300 bound.
2026-08-11 17:38:28 | sleep.weights.plasticity       | INFO  | Hard-clipped 35 w_cons parameters to delta_max=0.0300 bound.
2026-08-11 17:38:29 | sleep.weights.plasticity       | INFO  | Hard-clipped 36 w_cons parameters to delta_max=0.0300 bound.
2026-08-11 17:38:29 | sleep.weights.plasticity       | INFO  | Hard-clipped 37 w_cons parameters to delta_max=0.0300 bound.
2026-08-11 17:38:30 | sleep.weights.plasticity       | INFO  | Hard-clipped 37 w_cons parameters to delta_max=0.0300 bound.
2026-08-11 17:38:30 | sleep.weights.plasticity       | INFO  | Hard-clipped 38 w_cons parameters to delta_max=0.0300 bound.
2026-08-11 17:38:31 | sleep.weights.plasticity       | INFO  | Hard-clipped 39 w_cons parameters to delta_max=0.0300 bound.
2026-08-11 17:38:31 | sleep.weights.plasticity       | INFO  | Hard-clipped 39 w_cons parameters to delta_max=0.0300 bound.
2026-08-11 17:38:32 | sleep.weights.plasticity       | INFO  | Hard-clipped 38 w_cons parameters to delta_max=0.0300 bound.
2026-08-11 17:38:32 | sleep.weights.plasticity       | INFO  | Hard-clipped 39 w_cons parameters to delta_max=0.0300 bound.
2026-08-11 17:38:33 | sleep.weights.plasticity       | INFO  | Hard-clipped 37 w_cons parameters to delta_max=0.0300 bound.
2026-08-11 17:38:33 | sleep.weights.plasticity       | INFO  | Hard-clipped 37 w_cons parameters to delta_max=0.0300 bound.
2026-08-11 17:38:34 | sleep.weights.plasticity       | INFO  | Hard-clipped 35 w_cons parameters to delta_max=0.0300 bound.
2026-08-11 17:38:34 | sleep.weights.plasticity       | INFO  | Hard-clipped 32 w_cons parameters to delta_max=0.0300 bound.
2026-08-11 17:38:35 | sleep.weights.plasticity       | INFO  | Hard-clipped 32 w_cons parameters to delta_max=0.0300 bound.
2026-08-11 17:38:35 | sleep.weights.plasticity       | INFO  | Hard-clipped 30 w_cons parameters to delta_max=0.0300 bound.
2026-08-11 17:38:36 | sleep.weights.plasticity       | INFO  | Hard-clipped 33 w_cons parameters to delta_max=0.0300 bound.
2026-08-11 17:38:36 | sleep.weights.plasticity       | INFO  | Hard-clipped 34 w_cons parameters to delta_max=0.0300 bound.
2026-08-11 17:38:37 | sleep.weights.plasticity       | INFO  | Hard-clipped 28 w_cons parameters to delta_max=0.0300 bound.
2026-08-11 17:38:37 | sleep.weights.plasticity       | INFO  | Hard-clipped 28 w_cons parameters to delta_max=0.0300 bound.
2026-08-11 17:38:38 | sleep.weights.plasticity       | INFO  | Hard-clipped 34 w_cons parameters to delta_max=0.0300 bound.
2026-08-11 17:38:39 | sleep.weights.plasticity       | INFO  | Hard-clipped 38 w_cons parameters to delta_max=0.0300 bound.
2026-08-11 17:38:39 | sleep.weights.plasticity       | INFO  | Hard-clipped 39 w_cons parameters to delta_max=0.0300 bound.
2026-08-11 17:38:40 | sleep.weights.plasticity       | INFO  | Hard-clipped 40 w_cons parameters to delta_max=0.0300 bound.
2026-08-11 17:38:40 | sleep.weights.plasticity       | INFO  | Hard-clipped 40 w_cons parameters to delta_max=0.0300 bound.
2026-08-11 17:38:41 | sleep.weights.plasticity       | INFO  | Hard-clipped 40 w_cons parameters to delta_max=0.0300 bound.
2026-08-11 17:38:41 | sleep.weights.plasticity       | INFO  | Hard-clipped 40 w_cons parameters to delta_max=0.0300 bound.
2026-08-11 17:38:42 | sleep.weights.plasticity       | INFO  | Hard-clipped 40 w_cons parameters to delta_max=0.0300 bound.
2026-08-11 17:38:42 | sleep.weights.plasticity       | INFO  | Hard-clipped 40 w_cons parameters to delta_max=0.0300 bound.
2026-08-11 17:38:43 | sleep.weights.plasticity       | INFO  | Hard-clipped 40 w_cons parameters to delta_max=0.0300 bound.
2026-08-11 17:38:43 | sleep.sleep_engine.train       | INFO  |   step 900/1500 | loss=0.2976 | mean_loss=0.7701 | eta=4 | lr=4.13e-05
2026-08-11 17:38:43 | sleep.weights.plasticity       | INFO  | Hard-clipped 40 w_cons parameters to delta_max=0.0300 bound.
2026-08-11 17:38:44 | sleep.weights.plasticity       | INFO  | Hard-clipped 39 w_cons parameters to delta_max=0.0300 bound.
2026-08-11 17:38:44 | sleep.weights.plasticity       | INFO  | Hard-clipped 37 w_cons parameters to delta_max=0.0300 bound.
2026-08-11 17:38:45 | sleep.weights.plasticity       | INFO  | Hard-clipped 38 w_cons parameters to delta_max=0.0300 bound.
2026-08-11 17:38:45 | sleep.weights.plasticity       | INFO  | Hard-clipped 37 w_cons parameters to delta_max=0.0300 bound.
2026-08-11 17:38:46 | sleep.weights.plasticity       | INFO  | Hard-clipped 38 w_cons parameters to delta_max=0.0300 bound.
2026-08-11 17:38:46 | sleep.weights.plasticity       | INFO  | Hard-clipped 38 w_cons parameters to delta_max=0.0300 bound.
2026-08-11 17:38:47 | sleep.weights.plasticity       | INFO  | Hard-clipped 33 w_cons parameters to delta_max=0.0300 bound.
2026-08-11 17:38:47 | sleep.weights.plasticity       | INFO  | Hard-clipped 30 w_cons parameters to delta_max=0.0300 bound.
2026-08-11 17:38:48 | sleep.weights.plasticity       | INFO  | Hard-clipped 29 w_cons parameters to delta_max=0.0300 bound.
2026-08-11 17:38:48 | sleep.weights.plasticity       | INFO  | Hard-clipped 16 w_cons parameters to delta_max=0.0300 bound.
2026-08-11 17:38:49 | sleep.weights.plasticity       | INFO  | Hard-clipped 12 w_cons parameters to delta_max=0.0300 bound.
2026-08-11 17:38:49 | sleep.weights.plasticity       | INFO  | Hard-clipped 12 w_cons parameters to delta_max=0.0300 bound.
2026-08-11 17:38:50 | sleep.weights.plasticity       | INFO  | Hard-clipped 11 w_cons parameters to delta_max=0.0300 bound.
2026-08-11 17:38:50 | sleep.weights.plasticity       | INFO  | Hard-clipped 12 w_cons parameters to delta_max=0.0300 bound.
2026-08-11 17:38:51 | sleep.weights.plasticity       | INFO  | Hard-clipped 12 w_cons parameters to delta_max=0.0300 bound.
2026-08-11 17:38:51 | sleep.weights.plasticity       | INFO  | Hard-clipped 14 w_cons parameters to delta_max=0.0300 bound.
2026-08-11 17:38:52 | sleep.weights.plasticity       | INFO  | Hard-clipped 17 w_cons parameters to delta_max=0.0300 bound.
2026-08-11 17:38:52 | sleep.weights.plasticity       | INFO  | Hard-clipped 22 w_cons parameters to delta_max=0.0300 bound.
2026-08-11 17:38:53 | sleep.weights.plasticity       | INFO  | Hard-clipped 30 w_cons parameters to delta_max=0.0300 bound.
2026-08-11 17:38:53 | sleep.weights.plasticity       | INFO  | Hard-clipped 35 w_cons parameters to delta_max=0.0300 bound.
2026-08-11 17:38:54 | sleep.weights.plasticity       | INFO  | Hard-clipped 37 w_cons parameters to delta_max=0.0300 bound.
2026-08-11 17:38:54 | sleep.weights.plasticity       | INFO  | Hard-clipped 37 w_cons parameters to delta_max=0.0300 bound.
2026-08-11 17:38:55 | sleep.weights.plasticity       | INFO  | Hard-clipped 40 w_cons parameters to delta_max=0.0300 bound.
2026-08-11 17:38:55 | sleep.weights.plasticity       | INFO  | Hard-clipped 39 w_cons parameters to delta_max=0.0300 bound.
2026-08-11 17:38:56 | sleep.weights.plasticity       | INFO  | Hard-clipped 37 w_cons parameters to delta_max=0.0300 bound.
2026-08-11 17:38:56 | sleep.weights.plasticity       | INFO  | Hard-clipped 35 w_cons parameters to delta_max=0.0300 bound.
2026-08-11 17:38:57 | sleep.weights.plasticity       | INFO  | Hard-clipped 38 w_cons parameters to delta_max=0.0300 bound.
2026-08-11 17:38:57 | sleep.weights.plasticity       | INFO  | Hard-clipped 39 w_cons parameters to delta_max=0.0300 bound.
2026-08-11 17:38:58 | sleep.weights.plasticity       | INFO  | Hard-clipped 38 w_cons parameters to delta_max=0.0300 bound.
2026-08-11 17:38:58 | sleep.weights.plasticity       | INFO  | Hard-clipped 38 w_cons parameters to delta_max=0.0300 bound.
2026-08-11 17:38:59 | sleep.weights.plasticity       | INFO  | Hard-clipped 38 w_cons parameters to delta_max=0.0300 bound.
2026-08-11 17:38:59 | sleep.weights.plasticity       | INFO  | Hard-clipped 37 w_cons parameters to delta_max=0.0300 bound.
2026-08-11 17:39:00 | sleep.weights.plasticity       | INFO  | Hard-clipped 38 w_cons parameters to delta_max=0.0300 bound.
2026-08-11 17:39:00 | sleep.weights.plasticity       | INFO  | Hard-clipped 30 w_cons parameters to delta_max=0.0300 bound.
2026-08-11 17:39:00 | sleep.weights.plasticity       | INFO  | Hard-clipped 35 w_cons parameters to delta_max=0.0300 bound.
2026-08-11 17:39:01 | sleep.weights.plasticity       | INFO  | Hard-clipped 36 w_cons parameters to delta_max=0.0300 bound.
2026-08-11 17:39:01 | sleep.weights.plasticity       | INFO  | Hard-clipped 35 w_cons parameters to delta_max=0.0300 bound.
2026-08-11 17:39:02 | sleep.weights.plasticity       | INFO  | Hard-clipped 35 w_cons parameters to delta_max=0.0300 bound.
2026-08-11 17:39:02 | sleep.weights.plasticity       | INFO  | Hard-clipped 34 w_cons parameters to delta_max=0.0300 bound.
2026-08-11 17:39:03 | sleep.weights.plasticity       | INFO  | Hard-clipped 32 w_cons parameters to delta_max=0.0300 bound.
2026-08-11 17:39:04 | sleep.weights.plasticity       | INFO  | Hard-clipped 30 w_cons parameters to delta_max=0.0300 bound.
2026-08-11 17:39:04 | sleep.weights.plasticity       | INFO  | Hard-clipped 29 w_cons parameters to delta_max=0.0300 bound.
2026-08-11 17:39:05 | sleep.weights.plasticity       | INFO  | Hard-clipped 33 w_cons parameters to delta_max=0.0300 bound.
2026-08-11 17:39:05 | sleep.weights.plasticity       | INFO  | Hard-clipped 33 w_cons parameters to delta_max=0.0300 bound.
2026-08-11 17:39:06 | sleep.weights.plasticity       | INFO  | Hard-clipped 37 w_cons parameters to delta_max=0.0300 bound.
2026-08-11 17:39:06 | sleep.weights.plasticity       | INFO  | Hard-clipped 38 w_cons parameters to delta_max=0.0300 bound.
2026-08-11 17:39:07 | sleep.weights.plasticity       | INFO  | Hard-clipped 39 w_cons parameters to delta_max=0.0300 bound.
2026-08-11 17:39:07 | sleep.weights.plasticity       | INFO  | Hard-clipped 38 w_cons parameters to delta_max=0.0300 bound.
2026-08-11 17:39:08 | sleep.weights.plasticity       | INFO  | Hard-clipped 37 w_cons parameters to delta_max=0.0300 bound.
2026-08-11 17:39:08 | sleep.weights.plasticity       | INFO  | Hard-clipped 37 w_cons parameters to delta_max=0.0300 bound.
2026-08-11 17:39:09 | sleep.weights.plasticity       | INFO  | Hard-clipped 38 w_cons parameters to delta_max=0.0300 bound.
2026-08-11 17:39:09 | sleep.weights.plasticity       | INFO  | Hard-clipped 39 w_cons parameters to delta_max=0.0300 bound.
2026-08-11 17:39:10 | sleep.weights.plasticity       | INFO  | Hard-clipped 38 w_cons parameters to delta_max=0.0300 bound.
2026-08-11 17:39:10 | sleep.weights.plasticity       | INFO  | Hard-clipped 33 w_cons parameters to delta_max=0.0300 bound.
2026-08-11 17:39:11 | sleep.weights.plasticity       | INFO  | Hard-clipped 36 w_cons parameters to delta_max=0.0300 bound.
2026-08-11 17:39:11 | sleep.weights.plasticity       | INFO  | Hard-clipped 36 w_cons parameters to delta_max=0.0300 bound.
2026-08-11 17:39:12 | sleep.weights.plasticity       | INFO  | Hard-clipped 37 w_cons parameters to delta_max=0.0300 bound.
2026-08-11 17:39:12 | sleep.weights.plasticity       | INFO  | Hard-clipped 37 w_cons parameters to delta_max=0.0300 bound.
2026-08-11 17:39:13 | sleep.weights.plasticity       | INFO  | Hard-clipped 38 w_cons parameters to delta_max=0.0300 bound.
2026-08-11 17:39:13 | sleep.weights.plasticity       | INFO  | Hard-clipped 38 w_cons parameters to delta_max=0.0300 bound.
2026-08-11 17:39:14 | sleep.weights.plasticity       | INFO  | Hard-clipped 39 w_cons parameters to delta_max=0.0300 bound.
2026-08-11 17:39:14 | sleep.weights.plasticity       | INFO  | Hard-clipped 39 w_cons parameters to delta_max=0.0300 bound.
2026-08-11 17:39:15 | sleep.weights.plasticity       | INFO  | Hard-clipped 39 w_cons parameters to delta_max=0.0300 bound.
2026-08-11 17:39:15 | sleep.weights.plasticity       | INFO  | Hard-clipped 39 w_cons parameters to delta_max=0.0300 bound.
2026-08-11 17:39:16 | sleep.weights.plasticity       | INFO  | Hard-clipped 34 w_cons parameters to delta_max=0.0300 bound.
2026-08-11 17:39:16 | sleep.weights.plasticity       | INFO  | Hard-clipped 37 w_cons parameters to delta_max=0.0300 bound.
2026-08-11 17:39:17 | sleep.weights.plasticity       | INFO  | Hard-clipped 40 w_cons parameters to delta_max=0.0300 bound.
2026-08-11 17:39:17 | sleep.weights.plasticity       | INFO  | Hard-clipped 40 w_cons parameters to delta_max=0.0300 bound.
2026-08-11 17:39:18 | sleep.weights.plasticity       | INFO  | Hard-clipped 40 w_cons parameters to delta_max=0.0300 bound.
2026-08-11 17:39:18 | sleep.weights.plasticity       | INFO  | Hard-clipped 35 w_cons parameters to delta_max=0.0300 bound.
2026-08-11 17:39:19 | sleep.weights.plasticity       | INFO  | Hard-clipped 37 w_cons parameters to delta_max=0.0300 bound.
2026-08-11 17:39:19 | sleep.weights.plasticity       | INFO  | Hard-clipped 39 w_cons parameters to delta_max=0.0300 bound.
2026-08-11 17:39:20 | sleep.weights.plasticity       | INFO  | Hard-clipped 39 w_cons parameters to delta_max=0.0300 bound.
2026-08-11 17:39:20 | sleep.weights.plasticity       | INFO  | Hard-clipped 39 w_cons parameters to delta_max=0.0300 bound.
2026-08-11 17:39:21 | sleep.weights.plasticity       | INFO  | Hard-clipped 37 w_cons parameters to delta_max=0.0300 bound.
2026-08-11 17:39:21 | sleep.weights.plasticity       | INFO  | Hard-clipped 37 w_cons parameters to delta_max=0.0300 bound.
2026-08-11 17:39:22 | sleep.weights.plasticity       | INFO  | Hard-clipped 38 w_cons parameters to delta_max=0.0300 bound.
2026-08-11 17:39:22 | sleep.weights.plasticity       | INFO  | Hard-clipped 38 w_cons parameters to delta_max=0.0300 bound.
2026-08-11 17:39:23 | sleep.weights.plasticity       | INFO  | Hard-clipped 37 w_cons parameters to delta_max=0.0300 bound.
2026-08-11 17:39:23 | sleep.weights.plasticity       | INFO  | Hard-clipped 40 w_cons parameters to delta_max=0.0300 bound.
2026-08-11 17:39:24 | sleep.weights.plasticity       | INFO  | Hard-clipped 39 w_cons parameters to delta_max=0.0300 bound.
2026-08-11 17:39:24 | sleep.weights.plasticity       | INFO  | Hard-clipped 40 w_cons parameters to delta_max=0.0300 bound.
2026-08-11 17:39:25 | sleep.weights.plasticity       | INFO  | Hard-clipped 38 w_cons parameters to delta_max=0.0300 bound.
2026-08-11 17:39:25 | sleep.weights.plasticity       | INFO  | Hard-clipped 38 w_cons parameters to delta_max=0.0300 bound.
2026-08-11 17:39:26 | sleep.weights.plasticity       | INFO  | Hard-clipped 38 w_cons parameters to delta_max=0.0300 bound.
2026-08-11 17:39:26 | sleep.weights.plasticity       | INFO  | Hard-clipped 38 w_cons parameters to delta_max=0.0300 bound.
2026-08-11 17:39:27 | sleep.weights.plasticity       | INFO  | Hard-clipped 39 w_cons parameters to delta_max=0.0300 bound.
2026-08-11 17:39:27 | sleep.weights.plasticity       | INFO  | Hard-clipped 39 w_cons parameters to delta_max=0.0300 bound.
2026-08-11 17:39:28 | sleep.weights.plasticity       | INFO  | Hard-clipped 39 w_cons parameters to delta_max=0.0300 bound.
2026-08-11 17:39:28 | sleep.weights.plasticity       | INFO  | Hard-clipped 39 w_cons parameters to delta_max=0.0300 bound.
2026-08-11 17:39:29 | sleep.weights.plasticity       | INFO  | Hard-clipped 39 w_cons parameters to delta_max=0.0300 bound.
2026-08-11 17:39:29 | sleep.weights.plasticity       | INFO  | Hard-clipped 39 w_cons parameters to delta_max=0.0300 bound.
2026-08-11 17:39:30 | sleep.weights.plasticity       | INFO  | Hard-clipped 31 w_cons parameters to delta_max=0.0300 bound.
2026-08-11 17:39:30 | sleep.weights.plasticity       | INFO  | Hard-clipped 33 w_cons parameters to delta_max=0.0300 bound.
2026-08-11 17:39:31 | sleep.weights.plasticity       | INFO  | Hard-clipped 30 w_cons parameters to delta_max=0.0300 bound.
2026-08-11 17:39:31 | sleep.weights.plasticity       | INFO  | Hard-clipped 23 w_cons parameters to delta_max=0.0300 bound.
2026-08-11 17:39:32 | sleep.weights.plasticity       | INFO  | Hard-clipped 20 w_cons parameters to delta_max=0.0300 bound.
2026-08-11 17:39:32 | sleep.weights.plasticity       | INFO  | Hard-clipped 20 w_cons parameters to delta_max=0.0300 bound.
2026-08-11 17:39:33 | sleep.weights.plasticity       | INFO  | Hard-clipped 17 w_cons parameters to delta_max=0.0300 bound.
2026-08-11 17:39:33 | sleep.weights.plasticity       | INFO  | Hard-clipped 19 w_cons parameters to delta_max=0.0300 bound.
2026-08-11 17:39:34 | sleep.weights.plasticity       | INFO  | Hard-clipped 19 w_cons parameters to delta_max=0.0300 bound.
2026-08-11 17:39:34 | sleep.weights.plasticity       | INFO  | Hard-clipped 18 w_cons parameters to delta_max=0.0300 bound.
2026-08-11 17:39:35 | sleep.weights.plasticity       | INFO  | Hard-clipped 17 w_cons parameters to delta_max=0.0300 bound.
2026-08-11 17:39:35 | sleep.weights.plasticity       | INFO  | Hard-clipped 18 w_cons parameters to delta_max=0.0300 bound.
2026-08-11 17:39:36 | sleep.weights.plasticity       | INFO  | Hard-clipped 23 w_cons parameters to delta_max=0.0300 bound.
2026-08-11 17:39:36 | sleep.weights.plasticity       | INFO  | Hard-clipped 24 w_cons parameters to delta_max=0.0300 bound.
2026-08-11 17:39:37 | sleep.weights.plasticity       | INFO  | Hard-clipped 27 w_cons parameters to delta_max=0.0300 bound.
2026-08-11 17:39:37 | sleep.weights.plasticity       | INFO  | Hard-clipped 28 w_cons parameters to delta_max=0.0300 bound.
2026-08-11 17:39:38 | sleep.weights.plasticity       | INFO  | Hard-clipped 30 w_cons parameters to delta_max=0.0300 bound.
2026-08-11 17:39:38 | sleep.weights.plasticity       | INFO  | Hard-clipped 31 w_cons parameters to delta_max=0.0300 bound.
2026-08-11 17:39:39 | sleep.weights.plasticity       | INFO  | Hard-clipped 32 w_cons parameters to delta_max=0.0300 bound.
2026-08-11 17:39:39 | sleep.weights.plasticity       | INFO  | Hard-clipped 35 w_cons parameters to delta_max=0.0300 bound.
2026-08-11 17:39:40 | sleep.weights.plasticity       | INFO  | Hard-clipped 35 w_cons parameters to delta_max=0.0300 bound.
2026-08-11 17:39:40 | sleep.weights.plasticity       | INFO  | Hard-clipped 36 w_cons parameters to delta_max=0.0300 bound.
2026-08-11 17:39:41 | sleep.weights.plasticity       | INFO  | Hard-clipped 35 w_cons parameters to delta_max=0.0300 bound.
2026-08-11 17:39:41 | sleep.weights.plasticity       | INFO  | Hard-clipped 28 w_cons parameters to delta_max=0.0300 bound.
2026-08-11 17:39:42 | sleep.weights.plasticity       | INFO  | Hard-clipped 31 w_cons parameters to delta_max=0.0300 bound.
2026-08-11 17:39:42 | sleep.weights.plasticity       | INFO  | Hard-clipped 32 w_cons parameters to delta_max=0.0300 bound.
2026-08-11 17:39:43 | sleep.weights.plasticity       | INFO  | Hard-clipped 32 w_cons parameters to delta_max=0.0300 bound.
2026-08-11 17:39:43 | sleep.weights.plasticity       | INFO  | Hard-clipped 30 w_cons parameters to delta_max=0.0300 bound.
2026-08-11 17:39:44 | sleep.weights.plasticity       | INFO  | Hard-clipped 28 w_cons parameters to delta_max=0.0300 bound.
2026-08-11 17:39:44 | sleep.weights.plasticity       | INFO  | Hard-clipped 28 w_cons parameters to delta_max=0.0300 bound.
2026-08-11 17:39:45 | sleep.weights.plasticity       | INFO  | Hard-clipped 27 w_cons parameters to delta_max=0.0300 bound.
2026-08-11 17:39:45 | sleep.weights.plasticity       | INFO  | Hard-clipped 29 w_cons parameters to delta_max=0.0300 bound.
2026-08-11 17:39:46 | sleep.weights.plasticity       | INFO  | Hard-clipped 30 w_cons parameters to delta_max=0.0300 bound.
2026-08-11 17:39:46 | sleep.weights.plasticity       | INFO  | Hard-clipped 32 w_cons parameters to delta_max=0.0300 bound.
2026-08-11 17:39:47 | sleep.weights.plasticity       | INFO  | Hard-clipped 26 w_cons parameters to delta_max=0.0300 bound.
2026-08-11 17:39:47 | sleep.weights.plasticity       | INFO  | Hard-clipped 26 w_cons parameters to delta_max=0.0300 bound.
2026-08-11 17:39:48 | sleep.weights.plasticity       | INFO  | Hard-clipped 29 w_cons parameters to delta_max=0.0300 bound.
2026-08-11 17:39:48 | sleep.weights.plasticity       | INFO  | Hard-clipped 32 w_cons parameters to delta_max=0.0300 bound.
2026-08-11 17:39:49 | sleep.weights.plasticity       | INFO  | Hard-clipped 34 w_cons parameters to delta_max=0.0300 bound.
2026-08-11 17:39:49 | sleep.weights.plasticity       | INFO  | Hard-clipped 35 w_cons parameters to delta_max=0.0300 bound.
2026-08-11 17:39:50 | sleep.weights.plasticity       | INFO  | Hard-clipped 37 w_cons parameters to delta_max=0.0300 bound.
2026-08-11 17:39:50 | sleep.weights.plasticity       | INFO  | Hard-clipped 37 w_cons parameters to delta_max=0.0300 bound.
2026-08-11 17:39:51 | sleep.weights.plasticity       | INFO  | Hard-clipped 39 w_cons parameters to delta_max=0.0300 bound.
2026-08-11 17:39:51 | sleep.weights.plasticity       | INFO  | Hard-clipped 39 w_cons parameters to delta_max=0.0300 bound.
2026-08-11 17:39:52 | sleep.weights.plasticity       | INFO  | Hard-clipped 40 w_cons parameters to delta_max=0.0300 bound.
2026-08-11 17:39:52 | sleep.weights.plasticity       | INFO  | Hard-clipped 40 w_cons parameters to delta_max=0.0300 bound.
2026-08-11 17:39:53 | sleep.weights.plasticity       | INFO  | Hard-clipped 39 w_cons parameters to delta_max=0.0300 bound.
2026-08-11 17:39:53 | sleep.weights.plasticity       | INFO  | Hard-clipped 38 w_cons parameters to delta_max=0.0300 bound.
2026-08-11 17:39:54 | sleep.weights.plasticity       | INFO  | Hard-clipped 39 w_cons parameters to delta_max=0.0300 bound.
2026-08-11 17:39:54 | sleep.weights.plasticity       | INFO  | Hard-clipped 39 w_cons parameters to delta_max=0.0300 bound.
2026-08-11 17:39:55 | sleep.weights.plasticity       | INFO  | Hard-clipped 39 w_cons parameters to delta_max=0.0300 bound.
2026-08-11 17:39:55 | sleep.weights.plasticity       | INFO  | Hard-clipped 40 w_cons parameters to delta_max=0.0300 bound.
2026-08-11 17:39:56 | sleep.weights.plasticity       | INFO  | Hard-clipped 40 w_cons parameters to delta_max=0.0300 bound.
2026-08-11 17:39:56 | sleep.weights.plasticity       | INFO  | Hard-clipped 40 w_cons parameters to delta_max=0.0300 bound.
2026-08-11 17:39:57 | sleep.weights.plasticity       | INFO  | Hard-clipped 40 w_cons parameters to delta_max=0.0300 bound.
2026-08-11 17:39:57 | sleep.weights.plasticity       | INFO  | Hard-clipped 39 w_cons parameters to delta_max=0.0300 bound.
2026-08-11 17:39:58 | sleep.weights.plasticity       | INFO  | Hard-clipped 39 w_cons parameters to delta_max=0.0300 bound.
2026-08-11 17:39:58 | sleep.sleep_engine.train       | INFO  |   step 1050/1500 | loss=0.3154 | mean_loss=0.7014 | eta=4 | lr=2.50e-05
2026-08-11 17:39:58 | sleep.weights.plasticity       | INFO  | Hard-clipped 39 w_cons parameters to delta_max=0.0300 bound.
2026-08-11 17:39:59 | sleep.weights.plasticity       | INFO  | Hard-clipped 35 w_cons parameters to delta_max=0.0300 bound.
2026-08-11 17:39:59 | sleep.weights.plasticity       | INFO  | Hard-clipped 29 w_cons parameters to delta_max=0.0300 bound.
2026-08-11 17:40:00 | sleep.weights.plasticity       | INFO  | Hard-clipped 21 w_cons parameters to delta_max=0.0300 bound.
2026-08-11 17:40:00 | sleep.weights.plasticity       | INFO  | Hard-clipped 13 w_cons parameters to delta_max=0.0300 bound.
2026-08-11 17:40:01 | sleep.weights.plasticity       | INFO  | Hard-clipped 13 w_cons parameters to delta_max=0.0300 bound.
2026-08-11 17:40:01 | sleep.weights.plasticity       | INFO  | Hard-clipped 12 w_cons parameters to delta_max=0.0300 bound.
2026-08-11 17:40:02 | sleep.weights.plasticity       | INFO  | Hard-clipped 12 w_cons parameters to delta_max=0.0300 bound.
2026-08-11 17:40:02 | sleep.weights.plasticity       | INFO  | Hard-clipped 18 w_cons parameters to delta_max=0.0300 bound.
2026-08-11 17:40:03 | sleep.weights.plasticity       | INFO  | Hard-clipped 18 w_cons parameters to delta_max=0.0300 bound.
2026-08-11 17:40:03 | sleep.weights.plasticity       | INFO  | Hard-clipped 20 w_cons parameters to delta_max=0.0300 bound.
2026-08-11 17:40:04 | sleep.weights.plasticity       | INFO  | Hard-clipped 21 w_cons parameters to delta_max=0.0300 bound.
2026-08-11 17:40:04 | sleep.weights.plasticity       | INFO  | Hard-clipped 22 w_cons parameters to delta_max=0.0300 bound.
2026-08-11 17:40:05 | sleep.weights.plasticity       | INFO  | Hard-clipped 23 w_cons parameters to delta_max=0.0300 bound.
2026-08-11 17:40:05 | sleep.weights.plasticity       | INFO  | Hard-clipped 24 w_cons parameters to delta_max=0.0300 bound.
2026-08-11 17:40:06 | sleep.weights.plasticity       | INFO  | Hard-clipped 27 w_cons parameters to delta_max=0.0300 bound.
2026-08-11 17:40:06 | sleep.weights.plasticity       | INFO  | Hard-clipped 26 w_cons parameters to delta_max=0.0300 bound.
2026-08-11 17:40:07 | sleep.weights.plasticity       | INFO  | Hard-clipped 26 w_cons parameters to delta_max=0.0300 bound.
2026-08-11 17:40:07 | sleep.weights.plasticity       | INFO  | Hard-clipped 25 w_cons parameters to delta_max=0.0300 bound.
2026-08-11 17:40:08 | sleep.weights.plasticity       | INFO  | Hard-clipped 26 w_cons parameters to delta_max=0.0300 bound.
2026-08-11 17:40:08 | sleep.weights.plasticity       | INFO  | Hard-clipped 27 w_cons parameters to delta_max=0.0300 bound.
2026-08-11 17:40:09 | sleep.weights.plasticity       | INFO  | Hard-clipped 27 w_cons parameters to delta_max=0.0300 bound.
2026-08-11 17:40:09 | sleep.weights.plasticity       | INFO  | Hard-clipped 29 w_cons parameters to delta_max=0.0300 bound.
2026-08-11 17:40:10 | sleep.weights.plasticity       | INFO  | Hard-clipped 31 w_cons parameters to delta_max=0.0300 bound.
2026-08-11 17:40:10 | sleep.weights.plasticity       | INFO  | Hard-clipped 33 w_cons parameters to delta_max=0.0300 bound.
2026-08-11 17:40:11 | sleep.weights.plasticity       | INFO  | Hard-clipped 26 w_cons parameters to delta_max=0.0300 bound.
2026-08-11 17:40:11 | sleep.weights.plasticity       | INFO  | Hard-clipped 30 w_cons parameters to delta_max=0.0300 bound.
2026-08-11 17:40:12 | sleep.weights.plasticity       | INFO  | Hard-clipped 29 w_cons parameters to delta_max=0.0300 bound.
2026-08-11 17:40:12 | sleep.weights.plasticity       | INFO  | Hard-clipped 33 w_cons parameters to delta_max=0.0300 bound.
2026-08-11 17:40:13 | sleep.weights.plasticity       | INFO  | Hard-clipped 31 w_cons parameters to delta_max=0.0300 bound.
2026-08-11 17:40:13 | sleep.weights.plasticity       | INFO  | Hard-clipped 37 w_cons parameters to delta_max=0.0300 bound.
2026-08-11 17:40:14 | sleep.weights.plasticity       | INFO  | Hard-clipped 37 w_cons parameters to delta_max=0.0300 bound.
2026-08-11 17:40:14 | sleep.weights.plasticity       | INFO  | Hard-clipped 38 w_cons parameters to delta_max=0.0300 bound.
2026-08-11 17:40:15 | sleep.weights.plasticity       | INFO  | Hard-clipped 39 w_cons parameters to delta_max=0.0300 bound.
2026-08-11 17:40:15 | sleep.weights.plasticity       | INFO  | Hard-clipped 40 w_cons parameters to delta_max=0.0300 bound.
2026-08-11 17:40:16 | sleep.weights.plasticity       | INFO  | Hard-clipped 39 w_cons parameters to delta_max=0.0300 bound.
2026-08-11 17:40:16 | sleep.weights.plasticity       | INFO  | Hard-clipped 38 w_cons parameters to delta_max=0.0300 bound.
2026-08-11 17:40:17 | sleep.weights.plasticity       | INFO  | Hard-clipped 36 w_cons parameters to delta_max=0.0300 bound.
2026-08-11 17:40:17 | sleep.weights.plasticity       | INFO  | Hard-clipped 38 w_cons parameters to delta_max=0.0300 bound.
2026-08-11 17:40:18 | sleep.weights.plasticity       | INFO  | Hard-clipped 37 w_cons parameters to delta_max=0.0300 bound.
2026-08-11 17:40:18 | sleep.weights.plasticity       | INFO  | Hard-clipped 34 w_cons parameters to delta_max=0.0300 bound.
2026-08-11 17:40:19 | sleep.weights.plasticity       | INFO  | Hard-clipped 30 w_cons parameters to delta_max=0.0300 bound.
2026-08-11 17:40:19 | sleep.weights.plasticity       | INFO  | Hard-clipped 29 w_cons parameters to delta_max=0.0300 bound.
2026-08-11 17:40:20 | sleep.weights.plasticity       | INFO  | Hard-clipped 29 w_cons parameters to delta_max=0.0300 bound.
2026-08-11 17:40:20 | sleep.weights.plasticity       | INFO  | Hard-clipped 29 w_cons parameters to delta_max=0.0300 bound.
2026-08-11 17:40:21 | sleep.weights.plasticity       | INFO  | Hard-clipped 27 w_cons parameters to delta_max=0.0300 bound.
2026-08-11 17:40:21 | sleep.weights.plasticity       | INFO  | Hard-clipped 21 w_cons parameters to delta_max=0.0300 bound.
2026-08-11 17:40:22 | sleep.weights.plasticity       | INFO  | Hard-clipped 22 w_cons parameters to delta_max=0.0300 bound.
2026-08-11 17:40:22 | sleep.weights.plasticity       | INFO  | Hard-clipped 21 w_cons parameters to delta_max=0.0300 bound.
2026-08-11 17:40:23 | sleep.weights.plasticity       | INFO  | Hard-clipped 22 w_cons parameters to delta_max=0.0300 bound.
2026-08-11 17:40:23 | sleep.weights.plasticity       | INFO  | Hard-clipped 22 w_cons parameters to delta_max=0.0300 bound.
2026-08-11 17:40:24 | sleep.weights.plasticity       | INFO  | Hard-clipped 22 w_cons parameters to delta_max=0.0300 bound.
2026-08-11 17:40:24 | sleep.weights.plasticity       | INFO  | Hard-clipped 22 w_cons parameters to delta_max=0.0300 bound.
2026-08-11 17:40:25 | sleep.weights.plasticity       | INFO  | Hard-clipped 22 w_cons parameters to delta_max=0.0300 bound.
2026-08-11 17:40:25 | sleep.weights.plasticity       | INFO  | Hard-clipped 23 w_cons parameters to delta_max=0.0300 bound.
2026-08-11 17:40:26 | sleep.weights.plasticity       | INFO  | Hard-clipped 23 w_cons parameters to delta_max=0.0300 bound.
2026-08-11 17:40:26 | sleep.weights.plasticity       | INFO  | Hard-clipped 27 w_cons parameters to delta_max=0.0300 bound.
2026-08-11 17:40:27 | sleep.weights.plasticity       | INFO  | Hard-clipped 29 w_cons parameters to delta_max=0.0300 bound.
2026-08-11 17:40:28 | sleep.weights.plasticity       | INFO  | Hard-clipped 30 w_cons parameters to delta_max=0.0300 bound.
2026-08-11 17:40:28 | sleep.weights.plasticity       | INFO  | Hard-clipped 31 w_cons parameters to delta_max=0.0300 bound.
2026-08-11 17:40:29 | sleep.weights.plasticity       | INFO  | Hard-clipped 31 w_cons parameters to delta_max=0.0300 bound.
2026-08-11 17:40:29 | sleep.weights.plasticity       | INFO  | Hard-clipped 30 w_cons parameters to delta_max=0.0300 bound.
2026-08-11 17:40:30 | sleep.weights.plasticity       | INFO  | Hard-clipped 30 w_cons parameters to delta_max=0.0300 bound.
2026-08-11 17:40:30 | sleep.weights.plasticity       | INFO  | Hard-clipped 31 w_cons parameters to delta_max=0.0300 bound.
2026-08-11 17:40:31 | sleep.weights.plasticity       | INFO  | Hard-clipped 35 w_cons parameters to delta_max=0.0300 bound.
2026-08-11 17:40:31 | sleep.weights.plasticity       | INFO  | Hard-clipped 37 w_cons parameters to delta_max=0.0300 bound.
2026-08-11 17:40:32 | sleep.weights.plasticity       | INFO  | Hard-clipped 38 w_cons parameters to delta_max=0.0300 bound.
2026-08-11 17:40:32 | sleep.weights.plasticity       | INFO  | Hard-clipped 38 w_cons parameters to delta_max=0.0300 bound.
2026-08-11 17:40:33 | sleep.weights.plasticity       | INFO  | Hard-clipped 39 w_cons parameters to delta_max=0.0300 bound.
2026-08-11 17:40:33 | sleep.weights.plasticity       | INFO  | Hard-clipped 39 w_cons parameters to delta_max=0.0300 bound.
2026-08-11 17:40:34 | sleep.weights.plasticity       | INFO  | Hard-clipped 40 w_cons parameters to delta_max=0.0300 bound.
2026-08-11 17:40:34 | sleep.weights.plasticity       | INFO  | Hard-clipped 39 w_cons parameters to delta_max=0.0300 bound.
2026-08-11 17:40:35 | sleep.weights.plasticity       | INFO  | Hard-clipped 39 w_cons parameters to delta_max=0.0300 bound.
2026-08-11 17:40:35 | sleep.weights.plasticity       | INFO  | Hard-clipped 37 w_cons parameters to delta_max=0.0300 bound.
2026-08-11 17:40:36 | sleep.weights.plasticity       | INFO  | Hard-clipped 37 w_cons parameters to delta_max=0.0300 bound.
2026-08-11 17:40:36 | sleep.weights.plasticity       | INFO  | Hard-clipped 37 w_cons parameters to delta_max=0.0300 bound.
2026-08-11 17:40:37 | sleep.weights.plasticity       | INFO  | Hard-clipped 37 w_cons parameters to delta_max=0.0300 bound.
2026-08-11 17:40:37 | sleep.weights.plasticity       | INFO  | Hard-clipped 39 w_cons parameters to delta_max=0.0300 bound.
2026-08-11 17:40:38 | sleep.weights.plasticity       | INFO  | Hard-clipped 39 w_cons parameters to delta_max=0.0300 bound.
2026-08-11 17:40:38 | sleep.weights.plasticity       | INFO  | Hard-clipped 37 w_cons parameters to delta_max=0.0300 bound.
2026-08-11 17:40:39 | sleep.weights.plasticity       | INFO  | Hard-clipped 36 w_cons parameters to delta_max=0.0300 bound.
2026-08-11 17:40:39 | sleep.weights.plasticity       | INFO  | Hard-clipped 36 w_cons parameters to delta_max=0.0300 bound.
2026-08-11 17:40:40 | sleep.weights.plasticity       | INFO  | Hard-clipped 37 w_cons parameters to delta_max=0.0300 bound.
2026-08-11 17:40:40 | sleep.weights.plasticity       | INFO  | Hard-clipped 38 w_cons parameters to delta_max=0.0300 bound.
2026-08-11 17:40:41 | sleep.weights.plasticity       | INFO  | Hard-clipped 34 w_cons parameters to delta_max=0.0300 bound.
2026-08-11 17:40:41 | sleep.weights.plasticity       | INFO  | Hard-clipped 35 w_cons parameters to delta_max=0.0300 bound.
2026-08-11 17:40:42 | sleep.weights.plasticity       | INFO  | Hard-clipped 36 w_cons parameters to delta_max=0.0300 bound.
2026-08-11 17:40:42 | sleep.weights.plasticity       | INFO  | Hard-clipped 36 w_cons parameters to delta_max=0.0300 bound.
2026-08-11 17:40:43 | sleep.weights.plasticity       | INFO  | Hard-clipped 34 w_cons parameters to delta_max=0.0300 bound.
2026-08-11 17:40:43 | sleep.weights.plasticity       | INFO  | Hard-clipped 35 w_cons parameters to delta_max=0.0300 bound.
2026-08-11 17:40:44 | sleep.weights.plasticity       | INFO  | Hard-clipped 26 w_cons parameters to delta_max=0.0300 bound.
2026-08-11 17:40:44 | sleep.weights.plasticity       | INFO  | Hard-clipped 19 w_cons parameters to delta_max=0.0300 bound.
2026-08-11 17:40:45 | sleep.weights.plasticity       | INFO  | Hard-clipped 23 w_cons parameters to delta_max=0.0300 bound.
2026-08-11 17:40:45 | sleep.weights.plasticity       | INFO  | Hard-clipped 25 w_cons parameters to delta_max=0.0300 bound.
2026-08-11 17:40:46 | sleep.weights.plasticity       | INFO  | Hard-clipped 25 w_cons parameters to delta_max=0.0300 bound.
2026-08-11 17:40:46 | sleep.weights.plasticity       | INFO  | Hard-clipped 26 w_cons parameters to delta_max=0.0300 bound.
2026-08-11 17:40:47 | sleep.weights.plasticity       | INFO  | Hard-clipped 27 w_cons parameters to delta_max=0.0300 bound.
2026-08-11 17:40:47 | sleep.weights.plasticity       | INFO  | Hard-clipped 28 w_cons parameters to delta_max=0.0300 bound.
2026-08-11 17:40:48 | sleep.weights.plasticity       | INFO  | Hard-clipped 25 w_cons parameters to delta_max=0.0300 bound.
2026-08-11 17:40:48 | sleep.weights.plasticity       | INFO  | Hard-clipped 25 w_cons parameters to delta_max=0.0300 bound.
2026-08-11 17:40:49 | sleep.weights.plasticity       | INFO  | Hard-clipped 24 w_cons parameters to delta_max=0.0300 bound.
2026-08-11 17:40:49 | sleep.weights.plasticity       | INFO  | Hard-clipped 27 w_cons parameters to delta_max=0.0300 bound.
2026-08-11 17:40:50 | sleep.weights.plasticity       | INFO  | Hard-clipped 29 w_cons parameters to delta_max=0.0300 bound.
2026-08-11 17:40:50 | sleep.weights.plasticity       | INFO  | Hard-clipped 30 w_cons parameters to delta_max=0.0300 bound.
2026-08-11 17:40:51 | sleep.weights.plasticity       | INFO  | Hard-clipped 32 w_cons parameters to delta_max=0.0300 bound.
2026-08-11 17:40:51 | sleep.weights.plasticity       | INFO  | Hard-clipped 33 w_cons parameters to delta_max=0.0300 bound.
2026-08-11 17:40:52 | sleep.weights.plasticity       | INFO  | Hard-clipped 34 w_cons parameters to delta_max=0.0300 bound.
2026-08-11 17:40:52 | sleep.weights.plasticity       | INFO  | Hard-clipped 34 w_cons parameters to delta_max=0.0300 bound.
2026-08-11 17:40:53 | sleep.weights.plasticity       | INFO  | Hard-clipped 36 w_cons parameters to delta_max=0.0300 bound.
2026-08-11 17:40:53 | sleep.weights.plasticity       | INFO  | Hard-clipped 37 w_cons parameters to delta_max=0.0300 bound.
2026-08-11 17:40:54 | sleep.weights.plasticity       | INFO  | Hard-clipped 40 w_cons parameters to delta_max=0.0300 bound.
2026-08-11 17:40:54 | sleep.weights.plasticity       | INFO  | Hard-clipped 38 w_cons parameters to delta_max=0.0300 bound.
2026-08-11 17:40:55 | sleep.weights.plasticity       | INFO  | Hard-clipped 38 w_cons parameters to delta_max=0.0300 bound.
2026-08-11 17:40:55 | sleep.weights.plasticity       | INFO  | Hard-clipped 37 w_cons parameters to delta_max=0.0300 bound.
2026-08-11 17:40:56 | sleep.weights.plasticity       | INFO  | Hard-clipped 36 w_cons parameters to delta_max=0.0300 bound.
2026-08-11 17:40:56 | sleep.weights.plasticity       | INFO  | Hard-clipped 36 w_cons parameters to delta_max=0.0300 bound.
2026-08-11 17:40:56 | sleep.weights.plasticity       | INFO  | Hard-clipped 37 w_cons parameters to delta_max=0.0300 bound.
2026-08-11 17:40:57 | sleep.weights.plasticity       | INFO  | Hard-clipped 37 w_cons parameters to delta_max=0.0300 bound.
2026-08-11 17:40:57 | sleep.weights.plasticity       | INFO  | Hard-clipped 38 w_cons parameters to delta_max=0.0300 bound.
2026-08-11 17:40:58 | sleep.weights.plasticity       | INFO  | Hard-clipped 38 w_cons parameters to delta_max=0.0300 bound.
2026-08-11 17:40:59 | sleep.weights.plasticity       | INFO  | Hard-clipped 39 w_cons parameters to delta_max=0.0300 bound.
2026-08-11 17:40:59 | sleep.weights.plasticity       | INFO  | Hard-clipped 38 w_cons parameters to delta_max=0.0300 bound.
2026-08-11 17:40:59 | sleep.weights.plasticity       | INFO  | Hard-clipped 33 w_cons parameters to delta_max=0.0300 bound.
2026-08-11 17:41:00 | sleep.weights.plasticity       | INFO  | Hard-clipped 31 w_cons parameters to delta_max=0.0300 bound.
2026-08-11 17:41:01 | sleep.weights.plasticity       | INFO  | Hard-clipped 29 w_cons parameters to delta_max=0.0300 bound.
2026-08-11 17:41:01 | sleep.weights.plasticity       | INFO  | Hard-clipped 29 w_cons parameters to delta_max=0.0300 bound.
2026-08-11 17:41:02 | sleep.weights.plasticity       | INFO  | Hard-clipped 29 w_cons parameters to delta_max=0.0300 bound.
2026-08-11 17:41:02 | sleep.weights.plasticity       | INFO  | Hard-clipped 30 w_cons parameters to delta_max=0.0300 bound.
2026-08-11 17:41:03 | sleep.weights.plasticity       | INFO  | Hard-clipped 30 w_cons parameters to delta_max=0.0300 bound.
2026-08-11 17:41:03 | sleep.weights.plasticity       | INFO  | Hard-clipped 29 w_cons parameters to delta_max=0.0300 bound.
2026-08-11 17:41:04 | sleep.weights.plasticity       | INFO  | Hard-clipped 31 w_cons parameters to delta_max=0.0300 bound.
2026-08-11 17:41:04 | sleep.weights.plasticity       | INFO  | Hard-clipped 31 w_cons parameters to delta_max=0.0300 bound.
2026-08-11 17:41:05 | sleep.weights.plasticity       | INFO  | Hard-clipped 31 w_cons parameters to delta_max=0.0300 bound.
2026-08-11 17:41:05 | sleep.weights.plasticity       | INFO  | Hard-clipped 30 w_cons parameters to delta_max=0.0300 bound.
2026-08-11 17:41:06 | sleep.weights.plasticity       | INFO  | Hard-clipped 30 w_cons parameters to delta_max=0.0300 bound.
2026-08-11 17:41:06 | sleep.weights.plasticity       | INFO  | Hard-clipped 29 w_cons parameters to delta_max=0.0300 bound.
2026-08-11 17:41:07 | sleep.weights.plasticity       | INFO  | Hard-clipped 30 w_cons parameters to delta_max=0.0300 bound.
2026-08-11 17:41:07 | sleep.weights.plasticity       | INFO  | Hard-clipped 28 w_cons parameters to delta_max=0.0300 bound.
2026-08-11 17:41:08 | sleep.weights.plasticity       | INFO  | Hard-clipped 27 w_cons parameters to delta_max=0.0300 bound.
2026-08-11 17:41:08 | sleep.weights.plasticity       | INFO  | Hard-clipped 26 w_cons parameters to delta_max=0.0300 bound.
2026-08-11 17:41:09 | sleep.weights.plasticity       | INFO  | Hard-clipped 27 w_cons parameters to delta_max=0.0300 bound.
2026-08-11 17:41:09 | sleep.weights.plasticity       | INFO  | Hard-clipped 27 w_cons parameters to delta_max=0.0300 bound.
2026-08-11 17:41:10 | sleep.weights.plasticity       | INFO  | Hard-clipped 29 w_cons parameters to delta_max=0.0300 bound.
2026-08-11 17:41:10 | sleep.weights.plasticity       | INFO  | Hard-clipped 30 w_cons parameters to delta_max=0.0300 bound.
2026-08-11 17:41:11 | sleep.weights.plasticity       | INFO  | Hard-clipped 31 w_cons parameters to delta_max=0.0300 bound.
2026-08-11 17:41:11 | sleep.weights.plasticity       | INFO  | Hard-clipped 33 w_cons parameters to delta_max=0.0300 bound.
2026-08-11 17:41:12 | sleep.weights.plasticity       | INFO  | Hard-clipped 35 w_cons parameters to delta_max=0.0300 bound.
2026-08-11 17:41:12 | sleep.weights.plasticity       | INFO  | Hard-clipped 33 w_cons parameters to delta_max=0.0300 bound.
2026-08-11 17:41:13 | sleep.weights.plasticity       | INFO  | Hard-clipped 34 w_cons parameters to delta_max=0.0300 bound.
2026-08-11 17:41:13 | sleep.weights.plasticity       | INFO  | Hard-clipped 28 w_cons parameters to delta_max=0.0300 bound.
2026-08-11 17:41:13 | sleep.sleep_engine.train       | INFO  |   step 1200/1500 | loss=0.2843 | mean_loss=0.6483 | eta=9 | lr=1.17e-05
2026-08-11 17:41:14 | sleep.weights.plasticity       | INFO  | Hard-clipped 28 w_cons parameters to delta_max=0.0300 bound.
2026-08-11 17:41:14 | sleep.weights.plasticity       | INFO  | Hard-clipped 29 w_cons parameters to delta_max=0.0300 bound.
2026-08-11 17:41:15 | sleep.weights.plasticity       | INFO  | Hard-clipped 29 w_cons parameters to delta_max=0.0300 bound.
2026-08-11 17:41:15 | sleep.weights.plasticity       | INFO  | Hard-clipped 24 w_cons parameters to delta_max=0.0300 bound.
2026-08-11 17:41:16 | sleep.weights.plasticity       | INFO  | Hard-clipped 28 w_cons parameters to delta_max=0.0300 bound.
2026-08-11 17:41:16 | sleep.weights.plasticity       | INFO  | Hard-clipped 27 w_cons parameters to delta_max=0.0300 bound.
2026-08-11 17:41:17 | sleep.weights.plasticity       | INFO  | Hard-clipped 26 w_cons parameters to delta_max=0.0300 bound.
2026-08-11 17:41:17 | sleep.weights.plasticity       | INFO  | Hard-clipped 27 w_cons parameters to delta_max=0.0300 bound.
2026-08-11 17:41:18 | sleep.weights.plasticity       | INFO  | Hard-clipped 26 w_cons parameters to delta_max=0.0300 bound.
2026-08-11 17:41:18 | sleep.weights.plasticity       | INFO  | Hard-clipped 27 w_cons parameters to delta_max=0.0300 bound.
2026-08-11 17:41:19 | sleep.weights.plasticity       | INFO  | Hard-clipped 28 w_cons parameters to delta_max=0.0300 bound.
2026-08-11 17:41:19 | sleep.weights.plasticity       | INFO  | Hard-clipped 29 w_cons parameters to delta_max=0.0300 bound.
2026-08-11 17:41:20 | sleep.weights.plasticity       | INFO  | Hard-clipped 29 w_cons parameters to delta_max=0.0300 bound.
2026-08-11 17:41:20 | sleep.weights.plasticity       | INFO  | Hard-clipped 25 w_cons parameters to delta_max=0.0300 bound.
2026-08-11 17:41:21 | sleep.weights.plasticity       | INFO  | Hard-clipped 24 w_cons parameters to delta_max=0.0300 bound.
2026-08-11 17:41:21 | sleep.weights.plasticity       | INFO  | Hard-clipped 28 w_cons parameters to delta_max=0.0300 bound.
2026-08-11 17:41:22 | sleep.weights.plasticity       | INFO  | Hard-clipped 30 w_cons parameters to delta_max=0.0300 bound.
2026-08-11 17:41:22 | sleep.weights.plasticity       | INFO  | Hard-clipped 30 w_cons parameters to delta_max=0.0300 bound.
2026-08-11 17:41:23 | sleep.weights.plasticity       | INFO  | Hard-clipped 23 w_cons parameters to delta_max=0.0300 bound.
2026-08-11 17:41:23 | sleep.weights.plasticity       | INFO  | Hard-clipped 22 w_cons parameters to delta_max=0.0300 bound.
2026-08-11 17:41:24 | sleep.weights.plasticity       | INFO  | Hard-clipped 28 w_cons parameters to delta_max=0.0300 bound.
2026-08-11 17:41:24 | sleep.weights.plasticity       | INFO  | Hard-clipped 31 w_cons parameters to delta_max=0.0300 bound.
2026-08-11 17:41:25 | sleep.weights.plasticity       | INFO  | Hard-clipped 34 w_cons parameters to delta_max=0.0300 bound.
2026-08-11 17:41:25 | sleep.weights.plasticity       | INFO  | Hard-clipped 37 w_cons parameters to delta_max=0.0300 bound.
2026-08-11 17:41:26 | sleep.weights.plasticity       | INFO  | Hard-clipped 38 w_cons parameters to delta_max=0.0300 bound.
2026-08-11 17:41:26 | sleep.weights.plasticity       | INFO  | Hard-clipped 40 w_cons parameters to delta_max=0.0300 bound.
2026-08-11 17:41:27 | sleep.weights.plasticity       | INFO  | Hard-clipped 41 w_cons parameters to delta_max=0.0300 bound.
2026-08-11 17:41:27 | sleep.weights.plasticity       | INFO  | Hard-clipped 41 w_cons parameters to delta_max=0.0300 bound.
2026-08-11 17:41:28 | sleep.weights.plasticity       | INFO  | Hard-clipped 41 w_cons parameters to delta_max=0.0300 bound.
2026-08-11 17:41:28 | sleep.weights.plasticity       | INFO  | Hard-clipped 40 w_cons parameters to delta_max=0.0300 bound.
2026-08-11 17:41:29 | sleep.weights.plasticity       | INFO  | Hard-clipped 38 w_cons parameters to delta_max=0.0300 bound.
2026-08-11 17:41:29 | sleep.weights.plasticity       | INFO  | Hard-clipped 39 w_cons parameters to delta_max=0.0300 bound.
2026-08-11 17:41:30 | sleep.weights.plasticity       | INFO  | Hard-clipped 38 w_cons parameters to delta_max=0.0300 bound.
2026-08-11 17:41:30 | sleep.weights.plasticity       | INFO  | Hard-clipped 39 w_cons parameters to delta_max=0.0300 bound.
2026-08-11 17:41:31 | sleep.weights.plasticity       | INFO  | Hard-clipped 39 w_cons parameters to delta_max=0.0300 bound.
2026-08-11 17:41:31 | sleep.weights.plasticity       | INFO  | Hard-clipped 39 w_cons parameters to delta_max=0.0300 bound.
2026-08-11 17:41:32 | sleep.weights.plasticity       | INFO  | Hard-clipped 41 w_cons parameters to delta_max=0.0300 bound.
2026-08-11 17:41:32 | sleep.weights.plasticity       | INFO  | Hard-clipped 40 w_cons parameters to delta_max=0.0300 bound.
2026-08-11 17:41:33 | sleep.weights.plasticity       | INFO  | Hard-clipped 39 w_cons parameters to delta_max=0.0300 bound.
2026-08-11 17:41:33 | sleep.weights.plasticity       | INFO  | Hard-clipped 39 w_cons parameters to delta_max=0.0300 bound.
2026-08-11 17:41:34 | sleep.weights.plasticity       | INFO  | Hard-clipped 40 w_cons parameters to delta_max=0.0300 bound.
2026-08-11 17:41:34 | sleep.weights.plasticity       | INFO  | Hard-clipped 40 w_cons parameters to delta_max=0.0300 bound.
2026-08-11 17:41:35 | sleep.weights.plasticity       | INFO  | Hard-clipped 40 w_cons parameters to delta_max=0.0300 bound.
2026-08-11 17:41:35 | sleep.weights.plasticity       | INFO  | Hard-clipped 38 w_cons parameters to delta_max=0.0300 bound.
2026-08-11 17:41:36 | sleep.weights.plasticity       | INFO  | Hard-clipped 40 w_cons parameters to delta_max=0.0300 bound.
2026-08-11 17:41:36 | sleep.weights.plasticity       | INFO  | Hard-clipped 38 w_cons parameters to delta_max=0.0300 bound.
2026-08-11 17:41:37 | sleep.weights.plasticity       | INFO  | Hard-clipped 40 w_cons parameters to delta_max=0.0300 bound.
2026-08-11 17:41:37 | sleep.weights.plasticity       | INFO  | Hard-clipped 39 w_cons parameters to delta_max=0.0300 bound.
2026-08-11 17:41:38 | sleep.weights.plasticity       | INFO  | Hard-clipped 38 w_cons parameters to delta_max=0.0300 bound.
2026-08-11 17:41:38 | sleep.weights.plasticity       | INFO  | Hard-clipped 41 w_cons parameters to delta_max=0.0300 bound.
2026-08-11 17:41:39 | sleep.weights.plasticity       | INFO  | Hard-clipped 40 w_cons parameters to delta_max=0.0300 bound.
2026-08-11 17:41:39 | sleep.weights.plasticity       | INFO  | Hard-clipped 41 w_cons parameters to delta_max=0.0300 bound.
2026-08-11 17:41:40 | sleep.weights.plasticity       | INFO  | Hard-clipped 40 w_cons parameters to delta_max=0.0300 bound.
2026-08-11 17:41:40 | sleep.weights.plasticity       | INFO  | Hard-clipped 40 w_cons parameters to delta_max=0.0300 bound.
2026-08-11 17:41:41 | sleep.weights.plasticity       | INFO  | Hard-clipped 40 w_cons parameters to delta_max=0.0300 bound.
2026-08-11 17:41:41 | sleep.weights.plasticity       | INFO  | Hard-clipped 40 w_cons parameters to delta_max=0.0300 bound.
2026-08-11 17:41:42 | sleep.weights.plasticity       | INFO  | Hard-clipped 34 w_cons parameters to delta_max=0.0300 bound.
2026-08-11 17:41:42 | sleep.weights.plasticity       | INFO  | Hard-clipped 32 w_cons parameters to delta_max=0.0300 bound.
2026-08-11 17:41:43 | sleep.weights.plasticity       | INFO  | Hard-clipped 32 w_cons parameters to delta_max=0.0300 bound.
2026-08-11 17:41:43 | sleep.weights.plasticity       | INFO  | Hard-clipped 35 w_cons parameters to delta_max=0.0300 bound.
2026-08-11 17:41:44 | sleep.weights.plasticity       | INFO  | Hard-clipped 33 w_cons parameters to delta_max=0.0300 bound.
2026-08-11 17:41:44 | sleep.weights.plasticity       | INFO  | Hard-clipped 32 w_cons parameters to delta_max=0.0300 bound.
2026-08-11 17:41:45 | sleep.weights.plasticity       | INFO  | Hard-clipped 33 w_cons parameters to delta_max=0.0300 bound.
2026-08-11 17:41:45 | sleep.weights.plasticity       | INFO  | Hard-clipped 34 w_cons parameters to delta_max=0.0300 bound.
2026-08-11 17:41:46 | sleep.weights.plasticity       | INFO  | Hard-clipped 32 w_cons parameters to delta_max=0.0300 bound.
2026-08-11 17:41:46 | sleep.weights.plasticity       | INFO  | Hard-clipped 27 w_cons parameters to delta_max=0.0300 bound.
2026-08-11 17:41:47 | sleep.weights.plasticity       | INFO  | Hard-clipped 27 w_cons parameters to delta_max=0.0300 bound.
2026-08-11 17:41:47 | sleep.weights.plasticity       | INFO  | Hard-clipped 25 w_cons parameters to delta_max=0.0300 bound.
2026-08-11 17:41:48 | sleep.weights.plasticity       | INFO  | Hard-clipped 26 w_cons parameters to delta_max=0.0300 bound.
2026-08-11 17:41:48 | sleep.weights.plasticity       | INFO  | Hard-clipped 29 w_cons parameters to delta_max=0.0300 bound.
2026-08-11 17:41:49 | sleep.weights.plasticity       | INFO  | Hard-clipped 29 w_cons parameters to delta_max=0.0300 bound.
2026-08-11 17:41:49 | sleep.weights.plasticity       | INFO  | Hard-clipped 29 w_cons parameters to delta_max=0.0300 bound.
2026-08-11 17:41:50 | sleep.weights.plasticity       | INFO  | Hard-clipped 23 w_cons parameters to delta_max=0.0300 bound.
2026-08-11 17:41:50 | sleep.weights.plasticity       | INFO  | Hard-clipped 20 w_cons parameters to delta_max=0.0300 bound.
2026-08-11 17:41:51 | sleep.weights.plasticity       | INFO  | Hard-clipped 9 w_cons parameters to delta_max=0.0300 bound.
2026-08-11 17:41:51 | sleep.weights.plasticity       | INFO  | Hard-clipped 14 w_cons parameters to delta_max=0.0300 bound.
2026-08-11 17:41:52 | sleep.weights.plasticity       | INFO  | Hard-clipped 5 w_cons parameters to delta_max=0.0300 bound.
2026-08-11 17:41:52 | sleep.weights.plasticity       | INFO  | Hard-clipped 7 w_cons parameters to delta_max=0.0300 bound.
2026-08-11 17:41:53 | sleep.weights.plasticity       | INFO  | Hard-clipped 6 w_cons parameters to delta_max=0.0300 bound.
2026-08-11 17:41:53 | sleep.weights.plasticity       | INFO  | Hard-clipped 8 w_cons parameters to delta_max=0.0300 bound.
2026-08-11 17:41:54 | sleep.weights.plasticity       | INFO  | Hard-clipped 16 w_cons parameters to delta_max=0.0300 bound.
2026-08-11 17:41:54 | sleep.weights.plasticity       | INFO  | Hard-clipped 17 w_cons parameters to delta_max=0.0300 bound.
2026-08-11 17:41:55 | sleep.weights.plasticity       | INFO  | Hard-clipped 14 w_cons parameters to delta_max=0.0300 bound.
2026-08-11 17:41:55 | sleep.weights.plasticity       | INFO  | Hard-clipped 15 w_cons parameters to delta_max=0.0300 bound.
2026-08-11 17:41:56 | sleep.weights.plasticity       | INFO  | Hard-clipped 20 w_cons parameters to delta_max=0.0300 bound.
2026-08-11 17:41:56 | sleep.weights.plasticity       | INFO  | Hard-clipped 19 w_cons parameters to delta_max=0.0300 bound.
2026-08-11 17:41:57 | sleep.weights.plasticity       | INFO  | Hard-clipped 21 w_cons parameters to delta_max=0.0300 bound.
2026-08-11 17:41:57 | sleep.weights.plasticity       | INFO  | Hard-clipped 23 w_cons parameters to delta_max=0.0300 bound.
2026-08-11 17:41:58 | sleep.weights.plasticity       | INFO  | Hard-clipped 26 w_cons parameters to delta_max=0.0300 bound.
2026-08-11 17:41:59 | sleep.weights.plasticity       | INFO  | Hard-clipped 28 w_cons parameters to delta_max=0.0300 bound.
2026-08-11 17:41:59 | sleep.weights.plasticity       | INFO  | Hard-clipped 30 w_cons parameters to delta_max=0.0300 bound.
2026-08-11 17:42:00 | sleep.weights.plasticity       | INFO  | Hard-clipped 27 w_cons parameters to delta_max=0.0300 bound.
2026-08-11 17:42:00 | sleep.weights.plasticity       | INFO  | Hard-clipped 33 w_cons parameters to delta_max=0.0300 bound.
2026-08-11 17:42:01 | sleep.weights.plasticity       | INFO  | Hard-clipped 35 w_cons parameters to delta_max=0.0300 bound.
2026-08-11 17:42:01 | sleep.weights.plasticity       | INFO  | Hard-clipped 35 w_cons parameters to delta_max=0.0300 bound.
2026-08-11 17:42:02 | sleep.weights.plasticity       | INFO  | Hard-clipped 36 w_cons parameters to delta_max=0.0300 bound.
2026-08-11 17:42:02 | sleep.weights.plasticity       | INFO  | Hard-clipped 37 w_cons parameters to delta_max=0.0300 bound.
2026-08-11 17:42:03 | sleep.weights.plasticity       | INFO  | Hard-clipped 36 w_cons parameters to delta_max=0.0300 bound.
2026-08-11 17:42:03 | sleep.weights.plasticity       | INFO  | Hard-clipped 36 w_cons parameters to delta_max=0.0300 bound.
2026-08-11 17:42:04 | sleep.weights.plasticity       | INFO  | Hard-clipped 37 w_cons parameters to delta_max=0.0300 bound.
2026-08-11 17:42:04 | sleep.weights.plasticity       | INFO  | Hard-clipped 37 w_cons parameters to delta_max=0.0300 bound.
2026-08-11 17:42:05 | sleep.weights.plasticity       | INFO  | Hard-clipped 37 w_cons parameters to delta_max=0.0300 bound.
2026-08-11 17:42:05 | sleep.weights.plasticity       | INFO  | Hard-clipped 34 w_cons parameters to delta_max=0.0300 bound.
2026-08-11 17:42:06 | sleep.weights.plasticity       | INFO  | Hard-clipped 27 w_cons parameters to delta_max=0.0300 bound.
2026-08-11 17:42:06 | sleep.weights.plasticity       | INFO  | Hard-clipped 25 w_cons parameters to delta_max=0.0300 bound.
2026-08-11 17:42:06 | sleep.weights.plasticity       | INFO  | Hard-clipped 29 w_cons parameters to delta_max=0.0300 bound.
2026-08-11 17:42:07 | sleep.weights.plasticity       | INFO  | Hard-clipped 30 w_cons parameters to delta_max=0.0300 bound.
2026-08-11 17:42:07 | sleep.weights.plasticity       | INFO  | Hard-clipped 31 w_cons parameters to delta_max=0.0300 bound.
2026-08-11 17:42:08 | sleep.weights.plasticity       | INFO  | Hard-clipped 32 w_cons parameters to delta_max=0.0300 bound.
2026-08-11 17:42:09 | sleep.weights.plasticity       | INFO  | Hard-clipped 32 w_cons parameters to delta_max=0.0300 bound.
2026-08-11 17:42:09 | sleep.weights.plasticity       | INFO  | Hard-clipped 34 w_cons parameters to delta_max=0.0300 bound.
2026-08-11 17:42:09 | sleep.weights.plasticity       | INFO  | Hard-clipped 33 w_cons parameters to delta_max=0.0300 bound.
2026-08-11 17:42:10 | sleep.weights.plasticity       | INFO  | Hard-clipped 35 w_cons parameters to delta_max=0.0300 bound.
2026-08-11 17:42:10 | sleep.weights.plasticity       | INFO  | Hard-clipped 35 w_cons parameters to delta_max=0.0300 bound.
2026-08-11 17:42:11 | sleep.weights.plasticity       | INFO  | Hard-clipped 37 w_cons parameters to delta_max=0.0300 bound.
2026-08-11 17:42:11 | sleep.weights.plasticity       | INFO  | Hard-clipped 37 w_cons parameters to delta_max=0.0300 bound.
2026-08-11 17:42:12 | sleep.weights.plasticity       | INFO  | Hard-clipped 38 w_cons parameters to delta_max=0.0300 bound.
2026-08-11 17:42:12 | sleep.weights.plasticity       | INFO  | Hard-clipped 38 w_cons parameters to delta_max=0.0300 bound.
2026-08-11 17:42:13 | sleep.weights.plasticity       | INFO  | Hard-clipped 39 w_cons parameters to delta_max=0.0300 bound.
2026-08-11 17:42:13 | sleep.weights.plasticity       | INFO  | Hard-clipped 39 w_cons parameters to delta_max=0.0300 bound.
2026-08-11 17:42:14 | sleep.weights.plasticity       | INFO  | Hard-clipped 37 w_cons parameters to delta_max=0.0300 bound.
2026-08-11 17:42:14 | sleep.weights.plasticity       | INFO  | Hard-clipped 34 w_cons parameters to delta_max=0.0300 bound.
2026-08-11 17:42:15 | sleep.weights.plasticity       | INFO  | Hard-clipped 38 w_cons parameters to delta_max=0.0300 bound.
2026-08-11 17:42:16 | sleep.weights.plasticity       | INFO  | Hard-clipped 40 w_cons parameters to delta_max=0.0300 bound.
2026-08-11 17:42:16 | sleep.weights.plasticity       | INFO  | Hard-clipped 39 w_cons parameters to delta_max=0.0300 bound.
2026-08-11 17:42:16 | sleep.weights.plasticity       | INFO  | Hard-clipped 19 w_cons parameters to delta_max=0.0300 bound.
2026-08-11 17:42:17 | sleep.weights.plasticity       | INFO  | Hard-clipped 18 w_cons parameters to delta_max=0.0300 bound.
2026-08-11 17:42:17 | sleep.weights.plasticity       | INFO  | Hard-clipped 16 w_cons parameters to delta_max=0.0300 bound.
2026-08-11 17:42:18 | sleep.weights.plasticity       | INFO  | Hard-clipped 16 w_cons parameters to delta_max=0.0300 bound.
2026-08-11 17:42:18 | sleep.weights.plasticity       | INFO  | Hard-clipped 18 w_cons parameters to delta_max=0.0300 bound.
2026-08-11 17:42:19 | sleep.weights.plasticity       | INFO  | Hard-clipped 23 w_cons parameters to delta_max=0.0300 bound.
2026-08-11 17:42:19 | sleep.weights.plasticity       | INFO  | Hard-clipped 27 w_cons parameters to delta_max=0.0300 bound.
2026-08-11 17:42:20 | sleep.weights.plasticity       | INFO  | Hard-clipped 29 w_cons parameters to delta_max=0.0300 bound.
2026-08-11 17:42:20 | sleep.weights.plasticity       | INFO  | Hard-clipped 31 w_cons parameters to delta_max=0.0300 bound.
2026-08-11 17:42:21 | sleep.weights.plasticity       | INFO  | Hard-clipped 32 w_cons parameters to delta_max=0.0300 bound.
2026-08-11 17:42:21 | sleep.weights.plasticity       | INFO  | Hard-clipped 33 w_cons parameters to delta_max=0.0300 bound.
2026-08-11 17:42:22 | sleep.weights.plasticity       | INFO  | Hard-clipped 34 w_cons parameters to delta_max=0.0300 bound.
2026-08-11 17:42:23 | sleep.weights.plasticity       | INFO  | Hard-clipped 38 w_cons parameters to delta_max=0.0300 bound.
2026-08-11 17:42:23 | sleep.weights.plasticity       | INFO  | Hard-clipped 37 w_cons parameters to delta_max=0.0300 bound.
2026-08-11 17:42:24 | sleep.weights.plasticity       | INFO  | Hard-clipped 38 w_cons parameters to delta_max=0.0300 bound.
2026-08-11 17:42:24 | sleep.weights.plasticity       | INFO  | Hard-clipped 37 w_cons parameters to delta_max=0.0300 bound.
2026-08-11 17:42:25 | sleep.weights.plasticity       | INFO  | Hard-clipped 37 w_cons parameters to delta_max=0.0300 bound.
2026-08-11 17:42:25 | sleep.weights.plasticity       | INFO  | Hard-clipped 37 w_cons parameters to delta_max=0.0300 bound.
2026-08-11 17:42:26 | sleep.weights.plasticity       | INFO  | Hard-clipped 37 w_cons parameters to delta_max=0.0300 bound.
2026-08-11 17:42:26 | sleep.weights.plasticity       | INFO  | Hard-clipped 36 w_cons parameters to delta_max=0.0300 bound.
2026-08-11 17:42:26 | sleep.weights.plasticity       | INFO  | Hard-clipped 34 w_cons parameters to delta_max=0.0300 bound.
2026-08-11 17:42:27 | sleep.weights.plasticity       | INFO  | Hard-clipped 34 w_cons parameters to delta_max=0.0300 bound.
2026-08-11 17:42:27 | sleep.weights.plasticity       | INFO  | Hard-clipped 35 w_cons parameters to delta_max=0.0300 bound.
2026-08-11 17:42:28 | sleep.weights.plasticity       | INFO  | Hard-clipped 35 w_cons parameters to delta_max=0.0300 bound.
2026-08-11 17:42:28 | sleep.weights.plasticity       | INFO  | Hard-clipped 35 w_cons parameters to delta_max=0.0300 bound.
2026-08-11 17:42:28 | sleep.sleep_engine.train       | INFO  |   step 1350/1500 | loss=0.2719 | mean_loss=0.6066 | eta=9 | lr=3.02e-06
2026-08-11 17:42:29 | sleep.weights.plasticity       | INFO  | Hard-clipped 33 w_cons parameters to delta_max=0.0300 bound.
2026-08-11 17:42:29 | sleep.weights.plasticity       | INFO  | Hard-clipped 34 w_cons parameters to delta_max=0.0300 bound.
2026-08-11 17:42:30 | sleep.weights.plasticity       | INFO  | Hard-clipped 25 w_cons parameters to delta_max=0.0300 bound.
2026-08-11 17:42:30 | sleep.weights.plasticity       | INFO  | Hard-clipped 25 w_cons parameters to delta_max=0.0300 bound.
2026-08-11 17:42:31 | sleep.weights.plasticity       | INFO  | Hard-clipped 25 w_cons parameters to delta_max=0.0300 bound.
2026-08-11 17:42:31 | sleep.weights.plasticity       | INFO  | Hard-clipped 25 w_cons parameters to delta_max=0.0300 bound.
2026-08-11 17:42:32 | sleep.weights.plasticity       | INFO  | Hard-clipped 21 w_cons parameters to delta_max=0.0300 bound.
2026-08-11 17:42:32 | sleep.weights.plasticity       | INFO  | Hard-clipped 21 w_cons parameters to delta_max=0.0300 bound.
2026-08-11 17:42:33 | sleep.weights.plasticity       | INFO  | Hard-clipped 23 w_cons parameters to delta_max=0.0300 bound.
2026-08-11 17:42:33 | sleep.weights.plasticity       | INFO  | Hard-clipped 25 w_cons parameters to delta_max=0.0300 bound.
2026-08-11 17:42:34 | sleep.weights.plasticity       | INFO  | Hard-clipped 25 w_cons parameters to delta_max=0.0300 bound.
2026-08-11 17:42:34 | sleep.weights.plasticity       | INFO  | Hard-clipped 28 w_cons parameters to delta_max=0.0300 bound.
2026-08-11 17:42:35 | sleep.weights.plasticity       | INFO  | Hard-clipped 26 w_cons parameters to delta_max=0.0300 bound.
2026-08-11 17:42:35 | sleep.weights.plasticity       | INFO  | Hard-clipped 26 w_cons parameters to delta_max=0.0300 bound.
2026-08-11 17:42:36 | sleep.weights.plasticity       | INFO  | Hard-clipped 30 w_cons parameters to delta_max=0.0300 bound.
2026-08-11 17:42:36 | sleep.weights.plasticity       | INFO  | Hard-clipped 31 w_cons parameters to delta_max=0.0300 bound.
2026-08-11 17:42:37 | sleep.weights.plasticity       | INFO  | Hard-clipped 31 w_cons parameters to delta_max=0.0300 bound.
2026-08-11 17:42:37 | sleep.weights.plasticity       | INFO  | Hard-clipped 31 w_cons parameters to delta_max=0.0300 bound.
2026-08-11 17:42:38 | sleep.weights.plasticity       | INFO  | Hard-clipped 28 w_cons parameters to delta_max=0.0300 bound.
2026-08-11 17:42:38 | sleep.weights.plasticity       | INFO  | Hard-clipped 24 w_cons parameters to delta_max=0.0300 bound.
2026-08-11 17:42:39 | sleep.weights.plasticity       | INFO  | Hard-clipped 23 w_cons parameters to delta_max=0.0300 bound.
2026-08-11 17:42:39 | sleep.weights.plasticity       | INFO  | Hard-clipped 23 w_cons parameters to delta_max=0.0300 bound.
2026-08-11 17:42:40 | sleep.weights.plasticity       | INFO  | Hard-clipped 24 w_cons parameters to delta_max=0.0300 bound.
2026-08-11 17:42:40 | sleep.weights.plasticity       | INFO  | Hard-clipped 23 w_cons parameters to delta_max=0.0300 bound.
2026-08-11 17:42:41 | sleep.weights.plasticity       | INFO  | Hard-clipped 23 w_cons parameters to delta_max=0.0300 bound.
2026-08-11 17:42:41 | sleep.weights.plasticity       | INFO  | Hard-clipped 26 w_cons parameters to delta_max=0.0300 bound.
2026-08-11 17:42:42 | sleep.weights.plasticity       | INFO  | Hard-clipped 25 w_cons parameters to delta_max=0.0300 bound.
2026-08-11 17:42:43 | sleep.weights.plasticity       | INFO  | Hard-clipped 27 w_cons parameters to delta_max=0.0300 bound.
2026-08-11 17:42:43 | sleep.weights.plasticity       | INFO  | Hard-clipped 29 w_cons parameters to delta_max=0.0300 bound.
2026-08-11 17:42:44 | sleep.weights.plasticity       | INFO  | Hard-clipped 28 w_cons parameters to delta_max=0.0300 bound.
2026-08-11 17:42:44 | sleep.weights.plasticity       | INFO  | Hard-clipped 20 w_cons parameters to delta_max=0.0300 bound.
2026-08-11 17:42:45 | sleep.weights.plasticity       | INFO  | Hard-clipped 21 w_cons parameters to delta_max=0.0300 bound.
2026-08-11 17:42:45 | sleep.weights.plasticity       | INFO  | Hard-clipped 21 w_cons parameters to delta_max=0.0300 bound.
2026-08-11 17:42:46 | sleep.weights.plasticity       | INFO  | Hard-clipped 21 w_cons parameters to delta_max=0.0300 bound.
2026-08-11 17:42:46 | sleep.weights.plasticity       | INFO  | Hard-clipped 21 w_cons parameters to delta_max=0.0300 bound.
2026-08-11 17:42:47 | sleep.weights.plasticity       | INFO  | Hard-clipped 23 w_cons parameters to delta_max=0.0300 bound.
2026-08-11 17:42:47 | sleep.weights.plasticity       | INFO  | Hard-clipped 22 w_cons parameters to delta_max=0.0300 bound.
2026-08-11 17:42:48 | sleep.weights.plasticity       | INFO  | Hard-clipped 22 w_cons parameters to delta_max=0.0300 bound.
2026-08-11 17:42:48 | sleep.weights.plasticity       | INFO  | Hard-clipped 22 w_cons parameters to delta_max=0.0300 bound.
2026-08-11 17:42:49 | sleep.weights.plasticity       | INFO  | Hard-clipped 22 w_cons parameters to delta_max=0.0300 bound.
2026-08-11 17:42:49 | sleep.weights.plasticity       | INFO  | Hard-clipped 22 w_cons parameters to delta_max=0.0300 bound.
2026-08-11 17:42:50 | sleep.weights.plasticity       | INFO  | Hard-clipped 22 w_cons parameters to delta_max=0.0300 bound.
2026-08-11 17:42:50 | sleep.weights.plasticity       | INFO  | Hard-clipped 20 w_cons parameters to delta_max=0.0300 bound.
2026-08-11 17:42:51 | sleep.weights.plasticity       | INFO  | Hard-clipped 21 w_cons parameters to delta_max=0.0300 bound.
2026-08-11 17:42:51 | sleep.weights.plasticity       | INFO  | Hard-clipped 22 w_cons parameters to delta_max=0.0300 bound.
2026-08-11 17:42:52 | sleep.weights.plasticity       | INFO  | Hard-clipped 22 w_cons parameters to delta_max=0.0300 bound.
2026-08-11 17:42:52 | sleep.weights.plasticity       | INFO  | Hard-clipped 26 w_cons parameters to delta_max=0.0300 bound.
2026-08-11 17:42:53 | sleep.weights.plasticity       | INFO  | Hard-clipped 26 w_cons parameters to delta_max=0.0300 bound.
2026-08-11 17:42:53 | sleep.weights.plasticity       | INFO  | Hard-clipped 26 w_cons parameters to delta_max=0.0300 bound.
2026-08-11 17:42:54 | sleep.weights.plasticity       | INFO  | Hard-clipped 27 w_cons parameters to delta_max=0.0300 bound.
2026-08-11 17:42:54 | sleep.weights.plasticity       | INFO  | Hard-clipped 25 w_cons parameters to delta_max=0.0300 bound.
2026-08-11 17:42:55 | sleep.weights.plasticity       | INFO  | Hard-clipped 25 w_cons parameters to delta_max=0.0300 bound.
2026-08-11 17:42:55 | sleep.weights.plasticity       | INFO  | Hard-clipped 27 w_cons parameters to delta_max=0.0300 bound.
2026-08-11 17:42:56 | sleep.weights.plasticity       | INFO  | Hard-clipped 27 w_cons parameters to delta_max=0.0300 bound.
2026-08-11 17:42:56 | sleep.weights.plasticity       | INFO  | Hard-clipped 28 w_cons parameters to delta_max=0.0300 bound.
2026-08-11 17:42:57 | sleep.weights.plasticity       | INFO  | Hard-clipped 30 w_cons parameters to delta_max=0.0300 bound.
2026-08-11 17:42:57 | sleep.weights.plasticity       | INFO  | Hard-clipped 30 w_cons parameters to delta_max=0.0300 bound.
2026-08-11 17:42:58 | sleep.weights.plasticity       | INFO  | Hard-clipped 30 w_cons parameters to delta_max=0.0300 bound.
2026-08-11 17:42:58 | sleep.weights.plasticity       | INFO  | Hard-clipped 30 w_cons parameters to delta_max=0.0300 bound.
2026-08-11 17:42:59 | sleep.weights.plasticity       | INFO  | Hard-clipped 27 w_cons parameters to delta_max=0.0300 bound.
2026-08-11 17:42:59 | sleep.weights.plasticity       | INFO  | Hard-clipped 26 w_cons parameters to delta_max=0.0300 bound.
2026-08-11 17:43:00 | sleep.weights.plasticity       | INFO  | Hard-clipped 28 w_cons parameters to delta_max=0.0300 bound.
2026-08-11 17:43:00 | sleep.weights.plasticity       | INFO  | Hard-clipped 29 w_cons parameters to delta_max=0.0300 bound.
2026-08-11 17:43:01 | sleep.weights.plasticity       | INFO  | Hard-clipped 30 w_cons parameters to delta_max=0.0300 bound.
2026-08-11 17:43:01 | sleep.weights.plasticity       | INFO  | Hard-clipped 31 w_cons parameters to delta_max=0.0300 bound.
2026-08-11 17:43:02 | sleep.weights.plasticity       | INFO  | Hard-clipped 31 w_cons parameters to delta_max=0.0300 bound.
2026-08-11 17:43:02 | sleep.weights.plasticity       | INFO  | Hard-clipped 31 w_cons parameters to delta_max=0.0300 bound.
2026-08-11 17:43:03 | sleep.weights.plasticity       | INFO  | Hard-clipped 33 w_cons parameters to delta_max=0.0300 bound.
2026-08-11 17:43:03 | sleep.weights.plasticity       | INFO  | Hard-clipped 32 w_cons parameters to delta_max=0.0300 bound.
2026-08-11 17:43:04 | sleep.weights.plasticity       | INFO  | Hard-clipped 34 w_cons parameters to delta_max=0.0300 bound.
2026-08-11 17:43:04 | sleep.weights.plasticity       | INFO  | Hard-clipped 34 w_cons parameters to delta_max=0.0300 bound.
2026-08-11 17:43:05 | sleep.weights.plasticity       | INFO  | Hard-clipped 34 w_cons parameters to delta_max=0.0300 bound.
2026-08-11 17:43:05 | sleep.weights.plasticity       | INFO  | Hard-clipped 34 w_cons parameters to delta_max=0.0300 bound.
2026-08-11 17:43:06 | sleep.weights.plasticity       | INFO  | Hard-clipped 32 w_cons parameters to delta_max=0.0300 bound.
2026-08-11 17:43:06 | sleep.weights.plasticity       | INFO  | Hard-clipped 30 w_cons parameters to delta_max=0.0300 bound.
2026-08-11 17:43:07 | sleep.weights.plasticity       | INFO  | Hard-clipped 31 w_cons parameters to delta_max=0.0300 bound.
2026-08-11 17:43:07 | sleep.weights.plasticity       | INFO  | Hard-clipped 31 w_cons parameters to delta_max=0.0300 bound.
2026-08-11 17:43:08 | sleep.weights.plasticity       | INFO  | Hard-clipped 31 w_cons parameters to delta_max=0.0300 bound.
2026-08-11 17:43:08 | sleep.weights.plasticity       | INFO  | Hard-clipped 31 w_cons parameters to delta_max=0.0300 bound.
2026-08-11 17:43:09 | sleep.weights.plasticity       | INFO  | Hard-clipped 32 w_cons parameters to delta_max=0.0300 bound.
2026-08-11 17:43:09 | sleep.weights.plasticity       | INFO  | Hard-clipped 32 w_cons parameters to delta_max=0.0300 bound.
2026-08-11 17:43:10 | sleep.weights.plasticity       | INFO  | Hard-clipped 32 w_cons parameters to delta_max=0.0300 bound.
2026-08-11 17:43:10 | sleep.weights.plasticity       | INFO  | Hard-clipped 32 w_cons parameters to delta_max=0.0300 bound.
2026-08-11 17:43:11 | sleep.weights.plasticity       | INFO  | Hard-clipped 32 w_cons parameters to delta_max=0.0300 bound.
2026-08-11 17:43:11 | sleep.weights.plasticity       | INFO  | Hard-clipped 18 w_cons parameters to delta_max=0.0300 bound.
2026-08-11 17:43:12 | sleep.weights.plasticity       | INFO  | Hard-clipped 22 w_cons parameters to delta_max=0.0300 bound.
2026-08-11 17:43:12 | sleep.weights.plasticity       | INFO  | Hard-clipped 31 w_cons parameters to delta_max=0.0300 bound.
2026-08-11 17:43:13 | sleep.weights.plasticity       | INFO  | Hard-clipped 30 w_cons parameters to delta_max=0.0300 bound.
2026-08-11 17:43:13 | sleep.weights.plasticity       | INFO  | Hard-clipped 34 w_cons parameters to delta_max=0.0300 bound.
2026-08-11 17:43:14 | sleep.weights.plasticity       | INFO  | Hard-clipped 34 w_cons parameters to delta_max=0.0300 bound.
2026-08-11 17:43:14 | sleep.weights.plasticity       | INFO  | Hard-clipped 35 w_cons parameters to delta_max=0.0300 bound.
2026-08-11 17:43:15 | sleep.weights.plasticity       | INFO  | Hard-clipped 35 w_cons parameters to delta_max=0.0300 bound.
2026-08-11 17:43:15 | sleep.weights.plasticity       | INFO  | Hard-clipped 35 w_cons parameters to delta_max=0.0300 bound.
2026-08-11 17:43:16 | sleep.weights.plasticity       | INFO  | Hard-clipped 36 w_cons parameters to delta_max=0.0300 bound.
2026-08-11 17:43:16 | sleep.weights.plasticity       | INFO  | Hard-clipped 36 w_cons parameters to delta_max=0.0300 bound.
2026-08-11 17:43:17 | sleep.weights.plasticity       | INFO  | Hard-clipped 36 w_cons parameters to delta_max=0.0300 bound.
2026-08-11 17:43:17 | sleep.weights.plasticity       | INFO  | Hard-clipped 37 w_cons parameters to delta_max=0.0300 bound.
2026-08-11 17:43:18 | sleep.weights.plasticity       | INFO  | Hard-clipped 37 w_cons parameters to delta_max=0.0300 bound.
2026-08-11 17:43:18 | sleep.weights.plasticity       | INFO  | Hard-clipped 37 w_cons parameters to delta_max=0.0300 bound.
2026-08-11 17:43:19 | sleep.weights.plasticity       | INFO  | Hard-clipped 37 w_cons parameters to delta_max=0.0300 bound.
2026-08-11 17:43:19 | sleep.weights.plasticity       | INFO  | Hard-clipped 37 w_cons parameters to delta_max=0.0300 bound.
2026-08-11 17:43:20 | sleep.weights.plasticity       | INFO  | Hard-clipped 37 w_cons parameters to delta_max=0.0300 bound.
2026-08-11 17:43:20 | sleep.weights.plasticity       | INFO  | Hard-clipped 37 w_cons parameters to delta_max=0.0300 bound.
2026-08-11 17:43:21 | sleep.weights.plasticity       | INFO  | Hard-clipped 37 w_cons parameters to delta_max=0.0300 bound.
2026-08-11 17:43:21 | sleep.weights.plasticity       | INFO  | Hard-clipped 37 w_cons parameters to delta_max=0.0300 bound.
2026-08-11 17:43:22 | sleep.weights.plasticity       | INFO  | Hard-clipped 37 w_cons parameters to delta_max=0.0300 bound.
2026-08-11 17:43:22 | sleep.weights.plasticity       | INFO  | Hard-clipped 37 w_cons parameters to delta_max=0.0300 bound.
2026-08-11 17:43:23 | sleep.weights.plasticity       | INFO  | Hard-clipped 37 w_cons parameters to delta_max=0.0300 bound.
2026-08-11 17:43:23 | sleep.weights.plasticity       | INFO  | Hard-clipped 37 w_cons parameters to delta_max=0.0300 bound.
2026-08-11 17:43:24 | sleep.weights.plasticity       | INFO  | Hard-clipped 37 w_cons parameters to delta_max=0.0300 bound.
2026-08-11 17:43:24 | sleep.weights.plasticity       | INFO  | Hard-clipped 37 w_cons parameters to delta_max=0.0300 bound.
2026-08-11 17:43:25 | sleep.weights.plasticity       | INFO  | Hard-clipped 37 w_cons parameters to delta_max=0.0300 bound.
2026-08-11 17:43:25 | sleep.weights.plasticity       | INFO  | Hard-clipped 37 w_cons parameters to delta_max=0.0300 bound.
2026-08-11 17:43:26 | sleep.weights.plasticity       | INFO  | Hard-clipped 37 w_cons parameters to delta_max=0.0300 bound.
2026-08-11 17:43:26 | sleep.weights.plasticity       | INFO  | Hard-clipped 37 w_cons parameters to delta_max=0.0300 bound.
2026-08-11 17:43:27 | sleep.weights.plasticity       | INFO  | Hard-clipped 37 w_cons parameters to delta_max=0.0300 bound.
2026-08-11 17:43:27 | sleep.weights.plasticity       | INFO  | Hard-clipped 37 w_cons parameters to delta_max=0.0300 bound.
2026-08-11 17:43:28 | sleep.weights.plasticity       | INFO  | Hard-clipped 37 w_cons parameters to delta_max=0.0300 bound.
2026-08-11 17:43:28 | sleep.weights.plasticity       | INFO  | Hard-clipped 37 w_cons parameters to delta_max=0.0300 bound.
2026-08-11 17:43:29 | sleep.weights.plasticity       | INFO  | Hard-clipped 28 w_cons parameters to delta_max=0.0300 bound.
2026-08-11 17:43:29 | sleep.weights.plasticity       | INFO  | Hard-clipped 28 w_cons parameters to delta_max=0.0300 bound.
2026-08-11 17:43:30 | sleep.weights.plasticity       | INFO  | Hard-clipped 34 w_cons parameters to delta_max=0.0300 bound.
2026-08-11 17:43:30 | sleep.weights.plasticity       | INFO  | Hard-clipped 31 w_cons parameters to delta_max=0.0300 bound.
2026-08-11 17:43:31 | sleep.weights.plasticity       | INFO  | Hard-clipped 34 w_cons parameters to delta_max=0.0300 bound.
2026-08-11 17:43:31 | sleep.weights.plasticity       | INFO  | Hard-clipped 24 w_cons parameters to delta_max=0.0300 bound.
2026-08-11 17:43:32 | sleep.weights.plasticity       | INFO  | Hard-clipped 26 w_cons parameters to delta_max=0.0300 bound.
2026-08-11 17:43:32 | sleep.weights.plasticity       | INFO  | Hard-clipped 23 w_cons parameters to delta_max=0.0300 bound.
2026-08-11 17:43:33 | sleep.weights.plasticity       | INFO  | Hard-clipped 27 w_cons parameters to delta_max=0.0300 bound.
2026-08-11 17:43:33 | sleep.weights.plasticity       | INFO  | Hard-clipped 27 w_cons parameters to delta_max=0.0300 bound.
2026-08-11 17:43:34 | sleep.weights.plasticity       | INFO  | Hard-clipped 29 w_cons parameters to delta_max=0.0300 bound.
2026-08-11 17:43:34 | sleep.weights.plasticity       | INFO  | Hard-clipped 30 w_cons parameters to delta_max=0.0300 bound.
2026-08-11 17:43:35 | sleep.weights.plasticity       | INFO  | Hard-clipped 30 w_cons parameters to delta_max=0.0300 bound.
2026-08-11 17:43:35 | sleep.weights.plasticity       | INFO  | Hard-clipped 30 w_cons parameters to delta_max=0.0300 bound.
2026-08-11 17:43:36 | sleep.weights.plasticity       | INFO  | Hard-clipped 35 w_cons parameters to delta_max=0.0300 bound.
2026-08-11 17:43:36 | sleep.weights.plasticity       | INFO  | Hard-clipped 33 w_cons parameters to delta_max=0.0300 bound.
2026-08-11 17:43:37 | sleep.weights.plasticity       | INFO  | Hard-clipped 29 w_cons parameters to delta_max=0.0300 bound.
2026-08-11 17:43:37 | sleep.weights.plasticity       | INFO  | Hard-clipped 24 w_cons parameters to delta_max=0.0300 bound.
2026-08-11 17:43:38 | sleep.weights.plasticity       | INFO  | Hard-clipped 25 w_cons parameters to delta_max=0.0300 bound.
2026-08-11 17:43:38 | sleep.weights.plasticity       | INFO  | Hard-clipped 23 w_cons parameters to delta_max=0.0300 bound.
2026-08-11 17:43:39 | sleep.weights.plasticity       | INFO  | Hard-clipped 19 w_cons parameters to delta_max=0.0300 bound.
2026-08-11 17:43:39 | sleep.weights.plasticity       | INFO  | Hard-clipped 20 w_cons parameters to delta_max=0.0300 bound.
2026-08-11 17:43:40 | sleep.weights.plasticity       | INFO  | Hard-clipped 8 w_cons parameters to delta_max=0.0300 bound.
2026-08-11 17:43:40 | sleep.weights.plasticity       | INFO  | Hard-clipped 8 w_cons parameters to delta_max=0.0300 bound.
2026-08-11 17:43:41 | sleep.weights.plasticity       | INFO  | Hard-clipped 7 w_cons parameters to delta_max=0.0300 bound.
2026-08-11 17:43:41 | sleep.weights.plasticity       | INFO  | Hard-clipped 12 w_cons parameters to delta_max=0.0300 bound.
2026-08-11 17:43:42 | sleep.weights.plasticity       | INFO  | Hard-clipped 15 w_cons parameters to delta_max=0.0300 bound.
2026-08-11 17:43:42 | sleep.weights.plasticity       | INFO  | Hard-clipped 11 w_cons parameters to delta_max=0.0300 bound.
2026-08-11 17:43:43 | sleep.weights.plasticity       | INFO  | Hard-clipped 6 w_cons parameters to delta_max=0.0300 bound.
2026-08-11 17:43:43 | sleep.weights.plasticity       | INFO  | Hard-clipped 4 w_cons parameters to delta_max=0.0300 bound.
2026-08-11 17:43:44 | sleep.weights.plasticity       | INFO  | Hard-clipped 2 w_cons parameters to delta_max=0.0300 bound.
2026-08-11 17:43:44 | sleep.sleep_engine.train       | INFO  |   step 1500/1500 | loss=0.2743 | mean_loss=0.5732 | eta=9 | lr=0.00e+00
2026-08-11 17:43:44 | sleep.sleep_engine.train       | INFO  | Sleep training complete | n_steps=1500 | final_loss=0.2743 | mean_loss=0.5732
2026-08-11 17:43:44 | sleep.metrics                  | INFO  | summary | {'sleep_train/final_loss': 0.27426502108573914, 'sleep_train/mean_loss': 0.5731864524781703, 'sleep_train/n_steps': 1500}
2026-08-11 17:43:44 | sleep.sleep_engine             | INFO  | Phase 3 complete: 1500 steps, final_loss=0.2743, mean_loss=0.5732
2026-08-11 17:43:44 | sleep.sleep_engine             | INFO  | Phase 4/5: PPL CHECK (skipped — no benchmark data)
2026-08-11 17:43:44 | sleep.sleep_engine             | INFO  | Phase 5/5: VALIDATE & CLEANUP
2026-08-11 17:43:44 | sleep.weights.plasticity       | INFO  | Saved checkpoint for adapter 'w_cons': 44 parameters.
2026-08-11 17:43:44 | sleep.weights.plasticity       | INFO  | Restored 44 parameters for adapter 'w_cons' from checkpoint.
2026-08-11 17:43:46 | sleep.weights.plasticity       | INFO  | Restored 44 parameters for adapter 'w_cons' from checkpoint.
[transformers] The attention mask is not set and cannot be inferred from input because pad token is same as eos token. As a consequence, you may observe unexpected behavior. Please pass your input's `attention_mask` to obtain reliable results.
2026-08-11 17:44:49 | sleep.sleep_engine             | INFO  | Two-stage validation: 41/41 passed surprise, 28 also passed the mini-recall gate (self-grading gap = 13)
2026-08-11 17:44:49 | sleep.sleep_engine.cleanup     | INFO  | Cleanup complete | passed=28 | failed=13 | permanently_removed=0
2026-08-11 17:44:49 | sleep.sleep_engine             | INFO  | Phase 5 complete: consolidated=28, failed=13, permanently_removed=0
2026-08-11 17:44:49 | sleep.metrics                  | INFO  | summary | {'sleep_engine/n_candidates': 41, 'sleep_engine/n_replays_generated': 950, 'sleep_engine/n_replays_accepted': 950, 'sleep_engine/n_consolidated': 28, 'sleep_engine/n_failed': 13, 'sleep_engine/n_permanently_removed': 0, 'sleep_engine/rolled_back': False}
2026-08-11 17:44:49 | sleep.weights.kv_memory        | INFO  | bank cleared: freed 127 tags / 4914 tokens
2026-08-11 17:44:49 | sleep.sleep_engine             | INFO  | KV bank cleared (127 entries removed)
2026-08-11 17:44:49 | sleep.sleep_engine             | INFO  | KV memory injection: ENABLED
2026-08-11 17:44:49 | sleep.sleep_engine             | INFO  | === Sleep cycle END ===
2026-08-11 17:44:57 | sleep.evaluation.recall_formats | INFO  | MC recall: accuracy=0.2550, mean_correct_prob=0.2415 across 200 facts
2026-08-11 17:47:28 | sleep.evaluation.recall_formats | INFO  | Cloze recall: accuracy=0.2050 across 200 facts
2026-08-11 17:53:37 | sleep.evaluation.recall_formats | INFO  | Free-form recall (greedy): mean_score=0.1417, accuracy=0.2400 across 200 facts
2026-08-11 17:53:37 | sleep.evaluation.preservation  | INFO  | Perplexity evaluation: PPL=19.4921 (mean_loss=2.9700, 31 tokens)
2026-08-11 17:53:37 | sleep.evaluation.preservation  | INFO  | BCP: 2.1368 (current_ppl=19.4921, original_ppl=9.1220)
2026-08-11 17:54:53 | sleep.evaluation.recall_formats | INFO  | Free-form recall (greedy): mean_score=0.5203, accuracy=0.6829 across 41 facts
2026-08-11 17:54:53 | sleep.experiment.common        | INFO  | Wrote results to /workspace/results/d_llama_pce_d03_s0.json

================================================================
FULL PIPELINE v2 — recipe=paraphrase_ce seed=0
================================================================
  tags=135  PRP=41  consolidated=28  recall-gate=28
  DRA (greedy):   0.1417  (trained subset: 0.5203 over 41)
  cloze:          0.2050
  MC:             0.2550
  BCP:            2.1368
  rolled_back:    False
  Results: /workspace/results/d_llama_pce_d03_s0.json
2026-08-11 17:54:53 | sleep.weights.kv_injection     | INFO  | KVInjector uninstalled from 10 layers
