2026-08-11 16:16:09 | sleep.utils.seed               | INFO  | Seeded all RNGs with seed=0 (deterministic_algorithms=False)
2026-08-11 16:16:09 | sleep.experiment.13            | INFO  | ======================================================================
2026-08-11 16:16:09 | sleep.experiment.13            | INFO  | EXPERIMENT 13: Full pipeline v2 | recipe=distill | seed=0
2026-08-11 16:16:09 | sleep.experiment.13            | INFO  | ======================================================================
2026-08-11 16:16:09 | sleep.experiment.13            | INFO  | Safety overrides: {'delta_max': (0.01, 0.1)}
Loading weights:   0%|          | 0/291 [00:00<?, ?it/s]Loading weights: 100%|██████████| 291/291 [00:00<00:00, 5272.48it/s]
2026-08-11 16:16:14 | sleep.experiment.common        | INFO  | Loaded /workspace/models/mistral-7b | dtype=bfloat16 | attn=eager | device=cuda | layers=32
2026-08-11 16:16:14 | sleep.experiment.13            | INFO  | Loaded 200 facts (paraphrased: True)
2026-08-11 16:16:14 | sleep.weights.lora             | INFO  | LoRA target modules for mistral: ['up_proj', 'down_proj']
2026-08-11 16:16:14 | sleep.weights.lora             | INFO  | LoRA config: rank=16, alpha=32, selection=middle, layers=[10, 11, 12, 13, 14, 15, 16, 17, 18, 19, 20] (of 32 total), targets=['up_proj', 'down_proj']
2026-08-11 16:16:15 | sleep.weights.lora             | INFO  | Created LoRA adapter 'w_fast': 6488064 trainable parameters (0.0895% of base model)
2026-08-11 16:16:15 | sleep.weights.lora             | INFO  | LoRA target modules for mistral: ['up_proj', 'down_proj']
2026-08-11 16:16:15 | sleep.weights.lora             | INFO  | LoRA config: rank=16, alpha=32, selection=middle, layers=[10, 11, 12, 13, 14, 15, 16, 17, 18, 19, 20] (of 32 total), targets=['up_proj', 'down_proj']
2026-08-11 16:16:16 | sleep.weights.lora             | INFO  | Dual adapters ready: w_fast=6488064 params, w_cons=6488064 params
/usr/local/lib/python3.11/dist-packages/peft/tuners/tuners_utils.py:2193: UserWarning: Adapter cannot be set when the model is merged. Unmerging the model first.
  warnings.warn("Adapter cannot be set when the model is merged. Unmerging the model first.")
2026-08-11 16:16:16 | sleep.weights.fast_update      | INFO  | FastWeightUpdater initialized: 44 parameter groups, alpha_base=1.00e-04, momentum=0.90
2026-08-11 16:16:16 | sleep.weights.plasticity       | INFO  | Adapted layers: [10, 11, 12, 13, 14, 15, 16, 17, 18, 19, 20] (middle 33% of 32 layers)
2026-08-11 16:16:16 | sleep.weights.plasticity       | INFO  | Injection layers: [22, 23, 24, 25, 26, 27, 28, 29, 30, 31] (top 33% of 32 layers)
2026-08-11 16:16:16 | sleep.weights.plasticity       | INFO  | Computed Frobenius norms for 224 base model weight matrices.
2026-08-11 16:16:16 | sleep.weights.kv_injection     | INFO  | KVInjector installed on 10 layers: [22, 23, 24, 25, 26, 27, 28, 29, 30, 31]
2026-08-11 16:16:16 | sleep.weights                  | INFO  | KV memory mode enabled | adapted_layers=[10, 11, 12, 13, 14, 15, 16, 17, 18, 19, 20] | num_kv_heads=8 | head_dim=128 | max_total_tokens=20000 | top_k=64 | device=cuda:0 | dtype=torch.bfloat16
2026-08-11 16:16:16 | sleep.weights                  | INFO  | DualWeightSystem initialized | W_fast: 6,488,064 params | W_cons: 6,488,064 params | Adapted layers: [10, 11, 12, 13, 14, 15, 16, 17, 18, 19, 20] | Plasticity: 0.188–0.452 | KV bank installed
2026-08-11 16:16:16 | sleep.experiment.13            | INFO  | Adapter layers: [10, 11, 12, 13, 14, 15, 16, 17, 18, 19, 20] | injection layers: [22, 23, 24, 25, 26, 27, 28, 29, 30, 31]
/usr/local/lib/python3.11/dist-packages/peft/tuners/lora/layer.py:983: UserWarning: Already unmerged. Nothing to do.
  warnings.warn("Already unmerged. Nothing to do.")
2026-08-11 16:16:16 | sleep.evaluation.preservation  | INFO  | Perplexity evaluation: PPL=6.5503 (mean_loss=1.8795, 36 tokens)
2026-08-11 16:16:16 | sleep.experiment.13            | INFO  | WAKE: feeding 200 facts
2026-08-11 16:16:17 | sleep.tagging                  | INFO  | step=1 | 2 tags created from 2 spans | buffer: 2/36273 (0.0%)
2026-08-11 16:16:17 | sleep.tagging                  | INFO  | step=2 | 2 tags created from 2 spans | buffer: 4/36273 (0.0%)
2026-08-11 16:16:17 | sleep.tagging                  | INFO  | step=3 | 2 tags created from 2 spans | buffer: 6/36273 (0.0%)
2026-08-11 16:16:17 | sleep.tagging                  | INFO  | step=4 | 1 tags created from 1 spans | buffer: 7/36273 (0.0%)
2026-08-11 16:16:17 | sleep.tagging                  | INFO  | step=6 | 1 tags created from 1 spans | buffer: 8/36273 (0.0%)
2026-08-11 16:16:17 | sleep.tagging                  | INFO  | step=7 | 1 tags created from 1 spans | buffer: 9/36273 (0.0%)
2026-08-11 16:16:17 | sleep.tagging                  | INFO  | step=8 | 1 tags created from 1 spans | buffer: 10/36273 (0.0%)
2026-08-11 16:16:17 | sleep.tagging                  | INFO  | step=9 | 1 tags created from 1 spans | buffer: 11/36273 (0.0%)
2026-08-11 16:16:18 | sleep.tagging                  | INFO  | step=11 | 1 tags created from 1 spans | buffer: 12/36273 (0.0%)
2026-08-11 16:16:18 | sleep.tagging                  | INFO  | step=12 | 1 tags created from 1 spans | buffer: 13/36273 (0.0%)
2026-08-11 16:16:18 | sleep.tagging                  | INFO  | step=14 | 1 tags created from 1 spans | buffer: 14/36273 (0.0%)
2026-08-11 16:16:18 | sleep.tagging                  | INFO  | step=16 | 1 tags created from 1 spans | buffer: 15/36273 (0.0%)
2026-08-11 16:16:18 | sleep.tagging                  | INFO  | step=18 | 1 tags created from 1 spans | buffer: 16/36273 (0.0%)
2026-08-11 16:16:18 | sleep.tagging                  | INFO  | step=21 | 1 tags created from 1 spans | buffer: 17/36273 (0.0%)
2026-08-11 16:16:19 | sleep.tagging                  | INFO  | step=22 | 2 tags created from 2 spans | buffer: 19/36273 (0.1%)
2026-08-11 16:16:19 | sleep.tagging                  | INFO  | step=26 | 1 tags created from 1 spans | buffer: 20/36273 (0.1%)
2026-08-11 16:16:19 | sleep.tagging                  | INFO  | step=27 | 1 tags created from 1 spans | buffer: 21/36273 (0.1%)
2026-08-11 16:16:19 | sleep.tagging                  | INFO  | step=29 | 1 tags created from 1 spans | buffer: 22/36273 (0.1%)
2026-08-11 16:16:19 | sleep.tagging                  | INFO  | step=31 | 1 tags created from 1 spans | buffer: 23/36273 (0.1%)
2026-08-11 16:16:19 | sleep.tagging                  | INFO  | step=32 | 1 tags created from 1 spans | buffer: 24/36273 (0.1%)
2026-08-11 16:16:20 | sleep.tagging                  | INFO  | step=36 | 1 tags created from 1 spans | buffer: 25/36273 (0.1%)
2026-08-11 16:16:20 | sleep.tagging                  | INFO  | step=37 | 1 tags created from 1 spans | buffer: 26/36273 (0.1%)
2026-08-11 16:16:20 | sleep.tagging                  | INFO  | step=38 | 1 tags created from 1 spans | buffer: 27/36273 (0.1%)
2026-08-11 16:16:20 | sleep.tagging                  | INFO  | step=39 | 1 tags created from 1 spans | buffer: 28/36273 (0.1%)
2026-08-11 16:16:20 | sleep.tagging                  | INFO  | step=41 | 1 tags created from 1 spans | buffer: 29/36273 (0.1%)
2026-08-11 16:16:20 | sleep.tagging                  | INFO  | step=42 | 1 tags created from 1 spans | buffer: 30/36273 (0.1%)
2026-08-11 16:16:20 | sleep.tagging                  | INFO  | step=44 | 1 tags created from 1 spans | buffer: 31/36273 (0.1%)
2026-08-11 16:16:20 | sleep.tagging                  | INFO  | step=46 | 1 tags created from 1 spans | buffer: 32/36273 (0.1%)
2026-08-11 16:16:21 | sleep.tagging                  | INFO  | step=47 | 1 tags created from 1 spans | buffer: 33/36273 (0.1%)
2026-08-11 16:16:21 | sleep.tagging                  | INFO  | step=49 | 1 tags created from 1 spans | buffer: 34/36273 (0.1%)
2026-08-11 16:16:21 | sleep.tagging                  | INFO  | step=51 | 2 tags created from 2 spans | buffer: 36/36273 (0.1%)
2026-08-11 16:16:21 | sleep.tagging                  | INFO  | step=52 | 1 tags created from 1 spans | buffer: 37/36273 (0.1%)
2026-08-11 16:16:21 | sleep.tagging                  | INFO  | step=54 | 1 tags created from 1 spans | buffer: 38/36273 (0.1%)
2026-08-11 16:16:21 | sleep.tagging                  | INFO  | step=56 | 1 tags created from 1 spans | buffer: 39/36273 (0.1%)
2026-08-11 16:16:21 | sleep.tagging                  | INFO  | step=57 | 1 tags created from 1 spans | buffer: 40/36273 (0.1%)
2026-08-11 16:16:21 | sleep.tagging                  | INFO  | step=58 | 1 tags created from 1 spans | buffer: 41/36273 (0.1%)
2026-08-11 16:16:22 | sleep.tagging                  | INFO  | step=61 | 2 tags created from 2 spans | buffer: 43/36273 (0.1%)
2026-08-11 16:16:22 | sleep.tagging                  | INFO  | step=62 | 1 tags created from 1 spans | buffer: 44/36273 (0.1%)
2026-08-11 16:16:22 | sleep.tagging                  | INFO  | step=64 | 1 tags created from 1 spans | buffer: 45/36273 (0.1%)
2026-08-11 16:16:22 | sleep.tagging                  | INFO  | step=67 | 1 tags created from 1 spans | buffer: 46/36273 (0.1%)
2026-08-11 16:16:22 | sleep.tagging                  | INFO  | step=68 | 1 tags created from 1 spans | buffer: 47/36273 (0.1%)
2026-08-11 16:16:22 | sleep.tagging                  | INFO  | step=71 | 1 tags created from 1 spans | buffer: 48/36273 (0.1%)
2026-08-11 16:16:23 | sleep.tagging                  | INFO  | step=72 | 1 tags created from 1 spans | buffer: 49/36273 (0.1%)
2026-08-11 16:16:23 | sleep.tagging                  | INFO  | step=76 | 1 tags created from 1 spans | buffer: 50/36273 (0.1%)
2026-08-11 16:16:23 | sleep.tagging                  | INFO  | step=78 | 1 tags created from 1 spans | buffer: 51/36273 (0.1%)
2026-08-11 16:16:23 | sleep.tagging                  | INFO  | step=79 | 1 tags created from 1 spans | buffer: 52/36273 (0.1%)
2026-08-11 16:16:23 | sleep.tagging                  | INFO  | step=81 | 2 tags created from 2 spans | buffer: 54/36273 (0.1%)
2026-08-11 16:16:23 | sleep.tagging                  | INFO  | step=82 | 1 tags created from 1 spans | buffer: 55/36273 (0.2%)
2026-08-11 16:16:24 | sleep.tagging                  | INFO  | step=87 | 1 tags created from 1 spans | buffer: 56/36273 (0.2%)
2026-08-11 16:16:24 | sleep.tagging                  | INFO  | step=89 | 1 tags created from 1 spans | buffer: 57/36273 (0.2%)
2026-08-11 16:16:24 | sleep.tagging                  | INFO  | step=91 | 1 tags created from 1 spans | buffer: 58/36273 (0.2%)
2026-08-11 16:16:24 | sleep.tagging                  | INFO  | step=92 | 1 tags created from 1 spans | buffer: 59/36273 (0.2%)
2026-08-11 16:16:24 | sleep.tagging                  | INFO  | step=94 | 1 tags created from 1 spans | buffer: 60/36273 (0.2%)
2026-08-11 16:16:24 | sleep.tagging                  | INFO  | step=95 | 1 tags created from 1 spans | buffer: 61/36273 (0.2%)
2026-08-11 16:16:24 | sleep.tagging                  | INFO  | step=96 | 1 tags created from 1 spans | buffer: 62/36273 (0.2%)
2026-08-11 16:16:25 | sleep.tagging                  | INFO  | step=99 | 1 tags created from 1 spans | buffer: 63/36273 (0.2%)
2026-08-11 16:16:25 | sleep.tagging                  | INFO  | step=101 | 2 tags created from 2 spans | buffer: 65/36273 (0.2%)
2026-08-11 16:16:25 | sleep.tagging                  | INFO  | step=102 | 1 tags created from 1 spans | buffer: 66/36273 (0.2%)
2026-08-11 16:16:25 | sleep.tagging                  | INFO  | step=105 | 1 tags created from 1 spans | buffer: 67/36273 (0.2%)
2026-08-11 16:16:25 | sleep.tagging                  | INFO  | step=106 | 1 tags created from 1 spans | buffer: 68/36273 (0.2%)
2026-08-11 16:16:25 | sleep.tagging                  | INFO  | step=107 | 1 tags created from 1 spans | buffer: 69/36273 (0.2%)
2026-08-11 16:16:26 | sleep.tagging                  | INFO  | step=109 | 2 tags created from 2 spans | buffer: 71/36273 (0.2%)
2026-08-11 16:16:26 | sleep.tagging                  | INFO  | step=111 | 2 tags created from 2 spans | buffer: 73/36273 (0.2%)
2026-08-11 16:16:26 | sleep.tagging                  | INFO  | step=112 | 1 tags created from 1 spans | buffer: 74/36273 (0.2%)
2026-08-11 16:16:26 | sleep.tagging                  | INFO  | step=115 | 1 tags created from 1 spans | buffer: 75/36273 (0.2%)
2026-08-11 16:16:26 | sleep.tagging                  | INFO  | step=116 | 1 tags created from 1 spans | buffer: 76/36273 (0.2%)
2026-08-11 16:16:26 | sleep.tagging                  | INFO  | step=117 | 1 tags created from 1 spans | buffer: 77/36273 (0.2%)
2026-08-11 16:16:27 | sleep.tagging                  | INFO  | step=122 | 1 tags created from 1 spans | buffer: 78/36273 (0.2%)
2026-08-11 16:16:27 | sleep.tagging                  | INFO  | step=125 | 1 tags created from 1 spans | buffer: 79/36273 (0.2%)
2026-08-11 16:16:27 | sleep.tagging                  | INFO  | step=126 | 1 tags created from 1 spans | buffer: 80/36273 (0.2%)
2026-08-11 16:16:27 | sleep.tagging                  | INFO  | step=127 | 1 tags created from 1 spans | buffer: 81/36273 (0.2%)
2026-08-11 16:16:27 | sleep.tagging                  | INFO  | step=129 | 1 tags created from 1 spans | buffer: 82/36273 (0.2%)
2026-08-11 16:16:27 | sleep.tagging                  | INFO  | step=132 | 1 tags created from 1 spans | buffer: 83/36273 (0.2%)
2026-08-11 16:16:28 | sleep.tagging                  | INFO  | step=135 | 1 tags created from 1 spans | buffer: 84/36273 (0.2%)
2026-08-11 16:16:28 | sleep.tagging                  | INFO  | step=136 | 1 tags created from 1 spans | buffer: 85/36273 (0.2%)
2026-08-11 16:16:28 | sleep.tagging                  | INFO  | step=137 | 1 tags created from 1 spans | buffer: 86/36273 (0.2%)
2026-08-11 16:16:28 | sleep.tagging                  | INFO  | step=139 | 2 tags created from 2 spans | buffer: 88/36273 (0.2%)
2026-08-11 16:16:28 | sleep.tagging                  | INFO  | step=141 | 2 tags created from 2 spans | buffer: 90/36273 (0.2%)
2026-08-11 16:16:28 | sleep.tagging                  | INFO  | step=142 | 1 tags created from 1 spans | buffer: 91/36273 (0.3%)
2026-08-11 16:16:29 | sleep.tagging                  | INFO  | step=146 | 1 tags created from 1 spans | buffer: 92/36273 (0.3%)
2026-08-11 16:16:29 | sleep.tagging                  | INFO  | step=148 | 1 tags created from 1 spans | buffer: 93/36273 (0.3%)
2026-08-11 16:16:29 | sleep.tagging                  | INFO  | step=149 | 1 tags created from 1 spans | buffer: 94/36273 (0.3%)
2026-08-11 16:16:29 | sleep.tagging                  | INFO  | step=152 | 1 tags created from 1 spans | buffer: 95/36273 (0.3%)
2026-08-11 16:16:29 | sleep.tagging                  | INFO  | step=154 | 1 tags created from 1 spans | buffer: 96/36273 (0.3%)
2026-08-11 16:16:29 | sleep.tagging                  | INFO  | step=155 | 1 tags created from 1 spans | buffer: 97/36273 (0.3%)
2026-08-11 16:16:29 | sleep.tagging                  | INFO  | step=156 | 1 tags created from 1 spans | buffer: 98/36273 (0.3%)
2026-08-11 16:16:30 | sleep.tagging                  | INFO  | step=162 | 1 tags created from 1 spans | buffer: 99/36273 (0.3%)
2026-08-11 16:16:30 | sleep.tagging                  | INFO  | step=165 | 1 tags created from 1 spans | buffer: 100/36273 (0.3%)
2026-08-11 16:16:30 | sleep.tagging                  | INFO  | step=167 | 1 tags created from 1 spans | buffer: 101/36273 (0.3%)
2026-08-11 16:16:31 | sleep.tagging                  | INFO  | step=172 | 1 tags created from 1 spans | buffer: 102/36273 (0.3%)
2026-08-11 16:16:31 | sleep.tagging                  | INFO  | step=174 | 1 tags created from 1 spans | buffer: 103/36273 (0.3%)
2026-08-11 16:16:31 | sleep.tagging                  | INFO  | step=176 | 1 tags created from 1 spans | buffer: 104/36273 (0.3%)
2026-08-11 16:16:31 | sleep.tagging                  | INFO  | step=178 | 1 tags created from 1 spans | buffer: 105/36273 (0.3%)
2026-08-11 16:16:31 | sleep.tagging                  | INFO  | step=179 | 1 tags created from 1 spans | buffer: 106/36273 (0.3%)
2026-08-11 16:16:31 | sleep.tagging                  | INFO  | step=181 | 1 tags created from 1 spans | buffer: 107/36273 (0.3%)
2026-08-11 16:16:31 | sleep.tagging                  | INFO  | step=182 | 1 tags created from 1 spans | buffer: 108/36273 (0.3%)
2026-08-11 16:16:32 | sleep.tagging                  | INFO  | step=183 | 1 tags created from 1 spans | buffer: 109/36273 (0.3%)
2026-08-11 16:16:32 | sleep.tagging                  | INFO  | step=191 | 1 tags created from 1 spans | buffer: 110/36273 (0.3%)
2026-08-11 16:16:32 | sleep.tagging                  | INFO  | step=192 | 1 tags created from 1 spans | buffer: 111/36273 (0.3%)
2026-08-11 16:16:33 | sleep.tagging                  | INFO  | step=197 | 1 tags created from 1 spans | buffer: 112/36273 (0.3%)
2026-08-11 16:16:33 | sleep.experiment.13            | INFO  | WAKE done: 112 tags, 100 episodes in bank
2026-08-11 16:16:33 | sleep.prp                      | INFO  | step=200 | PRP update: 31/3627 allocated (1%) | +31 -0 | threshold=0.319 | mean_score=0.284
2026-08-11 16:16:33 | sleep.experiment.13            | INFO  | PRP: 31/112 allocated
2026-08-11 16:16:33 | sleep.sleep_engine             | INFO  | === Sleep cycle START | 31 candidates ===
2026-08-11 16:16:33 | sleep.sleep_engine             | INFO  | Phase 1/5: GENERATE (strategy=paraphrase)
2026-08-11 16:16:33 | sleep.sleep_engine             | INFO  | KV memory injection: DISABLED
2026-08-11 16:16:33 | sleep.sleep_engine             | INFO  | Phase 1 (paraphrase strategy): 637 wordings from 28 unique sources (31 candidates)
2026-08-11 16:16:33 | sleep.sleep_engine             | INFO  | Phase 1 complete: 637/31 replays generated
2026-08-11 16:16:33 | sleep.sleep_engine             | INFO  | Phase 2/5: QUALITY CHECK
2026-08-11 16:16:33 | sleep.sleep_engine             | INFO  | Phase 2 complete: 637/637 replays accepted
2026-08-11 16:16:33 | sleep.sleep_engine             | INFO  | Phase 3/5: TRAIN (637 accepted replays)
2026-08-11 16:16:33 | sleep.sleep_engine             | INFO  | KV memory injection: DISABLED
2026-08-11 16:16:33 | sleep.weights.plasticity       | INFO  | Saved checkpoint for adapter 'w_cons': 44 parameters.
2026-08-11 16:16:33 | sleep.weights.plasticity       | INFO  | Saved checkpoint for adapter 'w_cons': 44 parameters.
2026-08-11 16:16:33 | sleep.sleep_engine.train       | INFO  | Sleep distill-training: 28 facts | 1500 steps | lr=1.00e-04 | T=2
2026-08-11 16:16:34 | sleep.sleep_engine.train       | INFO  |   distill step 1/1500 | loss=5.5677 (kl=3.5121 ce=4.1111) | lr=6.67e-07
2026-08-11 16:16:45 | sleep.weights.plasticity       | INFO  | Hard-clipped 1 w_cons parameters to delta_max=0.1000 bound.
2026-08-11 16:16:45 | sleep.weights.plasticity       | INFO  | Hard-clipped 2 w_cons parameters to delta_max=0.1000 bound.
2026-08-11 16:16:45 | sleep.weights.plasticity       | INFO  | Hard-clipped 2 w_cons parameters to delta_max=0.1000 bound.
2026-08-11 16:16:45 | sleep.weights.plasticity       | INFO  | Hard-clipped 2 w_cons parameters to delta_max=0.1000 bound.
2026-08-11 16:16:46 | sleep.weights.plasticity       | INFO  | Hard-clipped 2 w_cons parameters to delta_max=0.1000 bound.
2026-08-11 16:16:46 | sleep.weights.plasticity       | INFO  | Hard-clipped 2 w_cons parameters to delta_max=0.1000 bound.
2026-08-11 16:16:46 | sleep.weights.plasticity       | INFO  | Hard-clipped 2 w_cons parameters to delta_max=0.1000 bound.
2026-08-11 16:16:46 | sleep.weights.plasticity       | INFO  | Hard-clipped 2 w_cons parameters to delta_max=0.1000 bound.
2026-08-11 16:16:46 | sleep.weights.plasticity       | INFO  | Hard-clipped 2 w_cons parameters to delta_max=0.1000 bound.
2026-08-11 16:16:46 | sleep.weights.plasticity       | INFO  | Hard-clipped 2 w_cons parameters to delta_max=0.1000 bound.
2026-08-11 16:16:46 | sleep.weights.plasticity       | INFO  | Hard-clipped 2 w_cons parameters to delta_max=0.1000 bound.
2026-08-11 16:16:47 | sleep.weights.plasticity       | INFO  | Hard-clipped 2 w_cons parameters to delta_max=0.1000 bound.
2026-08-11 16:16:47 | sleep.weights.plasticity       | INFO  | Hard-clipped 2 w_cons parameters to delta_max=0.1000 bound.
2026-08-11 16:16:47 | sleep.weights.plasticity       | INFO  | Hard-clipped 2 w_cons parameters to delta_max=0.1000 bound.
2026-08-11 16:16:47 | sleep.weights.plasticity       | INFO  | Hard-clipped 2 w_cons parameters to delta_max=0.1000 bound.
2026-08-11 16:16:47 | sleep.weights.plasticity       | INFO  | Hard-clipped 3 w_cons parameters to delta_max=0.1000 bound.
2026-08-11 16:16:47 | sleep.weights.plasticity       | INFO  | Hard-clipped 3 w_cons parameters to delta_max=0.1000 bound.
2026-08-11 16:16:47 | sleep.weights.plasticity       | INFO  | Hard-clipped 3 w_cons parameters to delta_max=0.1000 bound.
2026-08-11 16:16:48 | sleep.weights.plasticity       | INFO  | Hard-clipped 3 w_cons parameters to delta_max=0.1000 bound.
2026-08-11 16:16:48 | sleep.weights.plasticity       | INFO  | Hard-clipped 3 w_cons parameters to delta_max=0.1000 bound.
2026-08-11 16:16:48 | sleep.weights.plasticity       | INFO  | Hard-clipped 3 w_cons parameters to delta_max=0.1000 bound.
2026-08-11 16:16:48 | sleep.weights.plasticity       | INFO  | Hard-clipped 3 w_cons parameters to delta_max=0.1000 bound.
2026-08-11 16:16:48 | sleep.weights.plasticity       | INFO  | Hard-clipped 3 w_cons parameters to delta_max=0.1000 bound.
2026-08-11 16:16:48 | sleep.weights.plasticity       | INFO  | Hard-clipped 3 w_cons parameters to delta_max=0.1000 bound.
2026-08-11 16:16:48 | sleep.weights.plasticity       | INFO  | Hard-clipped 3 w_cons parameters to delta_max=0.1000 bound.
2026-08-11 16:16:49 | sleep.weights.plasticity       | INFO  | Hard-clipped 3 w_cons parameters to delta_max=0.1000 bound.
2026-08-11 16:16:49 | sleep.weights.plasticity       | INFO  | Hard-clipped 3 w_cons parameters to delta_max=0.1000 bound.
2026-08-11 16:16:49 | sleep.weights.plasticity       | INFO  | Hard-clipped 3 w_cons parameters to delta_max=0.1000 bound.
2026-08-11 16:16:49 | sleep.weights.plasticity       | INFO  | Hard-clipped 3 w_cons parameters to delta_max=0.1000 bound.
2026-08-11 16:16:49 | sleep.weights.plasticity       | INFO  | Hard-clipped 3 w_cons parameters to delta_max=0.1000 bound.
2026-08-11 16:16:49 | sleep.weights.plasticity       | INFO  | Hard-clipped 3 w_cons parameters to delta_max=0.1000 bound.
2026-08-11 16:16:49 | sleep.weights.plasticity       | INFO  | Hard-clipped 3 w_cons parameters to delta_max=0.1000 bound.
2026-08-11 16:16:50 | sleep.weights.plasticity       | INFO  | Hard-clipped 3 w_cons parameters to delta_max=0.1000 bound.
2026-08-11 16:16:50 | sleep.weights.plasticity       | INFO  | Hard-clipped 3 w_cons parameters to delta_max=0.1000 bound.
2026-08-11 16:16:50 | sleep.weights.plasticity       | INFO  | Hard-clipped 3 w_cons parameters to delta_max=0.1000 bound.
2026-08-11 16:16:50 | sleep.weights.plasticity       | INFO  | Hard-clipped 3 w_cons parameters to delta_max=0.1000 bound.
2026-08-11 16:16:50 | sleep.weights.plasticity       | INFO  | Hard-clipped 3 w_cons parameters to delta_max=0.1000 bound.
2026-08-11 16:16:50 | sleep.weights.plasticity       | INFO  | Hard-clipped 3 w_cons parameters to delta_max=0.1000 bound.
2026-08-11 16:16:50 | sleep.weights.plasticity       | INFO  | Hard-clipped 2 w_cons parameters to delta_max=0.1000 bound.
2026-08-11 16:16:51 | sleep.weights.plasticity       | INFO  | Hard-clipped 2 w_cons parameters to delta_max=0.1000 bound.
2026-08-11 16:16:51 | sleep.weights.plasticity       | INFO  | Hard-clipped 2 w_cons parameters to delta_max=0.1000 bound.
2026-08-11 16:16:52 | sleep.weights.plasticity       | INFO  | Hard-clipped 1 w_cons parameters to delta_max=0.1000 bound.
2026-08-11 16:16:52 | sleep.weights.plasticity       | INFO  | Hard-clipped 2 w_cons parameters to delta_max=0.1000 bound.
2026-08-11 16:16:52 | sleep.weights.plasticity       | INFO  | Hard-clipped 2 w_cons parameters to delta_max=0.1000 bound.
2026-08-11 16:16:53 | sleep.weights.plasticity       | INFO  | Hard-clipped 3 w_cons parameters to delta_max=0.1000 bound.
2026-08-11 16:16:53 | sleep.weights.plasticity       | INFO  | Hard-clipped 3 w_cons parameters to delta_max=0.1000 bound.
2026-08-11 16:16:53 | sleep.weights.plasticity       | INFO  | Hard-clipped 3 w_cons parameters to delta_max=0.1000 bound.
2026-08-11 16:16:53 | sleep.weights.plasticity       | INFO  | Hard-clipped 3 w_cons parameters to delta_max=0.1000 bound.
2026-08-11 16:16:53 | sleep.weights.plasticity       | INFO  | Hard-clipped 4 w_cons parameters to delta_max=0.1000 bound.
2026-08-11 16:16:53 | sleep.weights.plasticity       | INFO  | Hard-clipped 5 w_cons parameters to delta_max=0.1000 bound.
2026-08-11 16:16:53 | sleep.weights.plasticity       | INFO  | Hard-clipped 5 w_cons parameters to delta_max=0.1000 bound.
2026-08-11 16:16:54 | sleep.weights.plasticity       | INFO  | Hard-clipped 5 w_cons parameters to delta_max=0.1000 bound.
2026-08-11 16:16:54 | sleep.weights.plasticity       | INFO  | Hard-clipped 5 w_cons parameters to delta_max=0.1000 bound.
2026-08-11 16:16:54 | sleep.weights.plasticity       | INFO  | Hard-clipped 5 w_cons parameters to delta_max=0.1000 bound.
2026-08-11 16:16:54 | sleep.weights.plasticity       | INFO  | Hard-clipped 5 w_cons parameters to delta_max=0.1000 bound.
2026-08-11 16:16:54 | sleep.weights.plasticity       | INFO  | Hard-clipped 5 w_cons parameters to delta_max=0.1000 bound.
2026-08-11 16:16:54 | sleep.weights.plasticity       | INFO  | Hard-clipped 5 w_cons parameters to delta_max=0.1000 bound.
2026-08-11 16:16:54 | sleep.weights.plasticity       | INFO  | Hard-clipped 5 w_cons parameters to delta_max=0.1000 bound.
2026-08-11 16:16:55 | sleep.weights.plasticity       | INFO  | Hard-clipped 5 w_cons parameters to delta_max=0.1000 bound.
2026-08-11 16:16:55 | sleep.weights.plasticity       | INFO  | Hard-clipped 5 w_cons parameters to delta_max=0.1000 bound.
2026-08-11 16:16:55 | sleep.weights.plasticity       | INFO  | Hard-clipped 5 w_cons parameters to delta_max=0.1000 bound.
2026-08-11 16:16:55 | sleep.weights.plasticity       | INFO  | Hard-clipped 5 w_cons parameters to delta_max=0.1000 bound.
2026-08-11 16:16:55 | sleep.weights.plasticity       | INFO  | Hard-clipped 5 w_cons parameters to delta_max=0.1000 bound.
2026-08-11 16:16:55 | sleep.sleep_engine.train       | INFO  |   distill step 150/1500 | loss=1.6229 (kl=0.9423 ce=1.3613) | lr=1.00e-04
2026-08-11 16:16:55 | sleep.weights.plasticity       | INFO  | Hard-clipped 5 w_cons parameters to delta_max=0.1000 bound.
2026-08-11 16:16:55 | sleep.weights.plasticity       | INFO  | Hard-clipped 5 w_cons parameters to delta_max=0.1000 bound.
2026-08-11 16:16:56 | sleep.weights.plasticity       | INFO  | Hard-clipped 5 w_cons parameters to delta_max=0.1000 bound.
2026-08-11 16:16:56 | sleep.weights.plasticity       | INFO  | Hard-clipped 5 w_cons parameters to delta_max=0.1000 bound.
2026-08-11 16:16:56 | sleep.weights.plasticity       | INFO  | Hard-clipped 5 w_cons parameters to delta_max=0.1000 bound.
2026-08-11 16:16:56 | sleep.weights.plasticity       | INFO  | Hard-clipped 5 w_cons parameters to delta_max=0.1000 bound.
2026-08-11 16:16:56 | sleep.weights.plasticity       | INFO  | Hard-clipped 5 w_cons parameters to delta_max=0.1000 bound.
2026-08-11 16:16:56 | sleep.weights.plasticity       | INFO  | Hard-clipped 5 w_cons parameters to delta_max=0.1000 bound.
2026-08-11 16:16:56 | sleep.weights.plasticity       | INFO  | Hard-clipped 5 w_cons parameters to delta_max=0.1000 bound.
2026-08-11 16:16:57 | sleep.weights.plasticity       | INFO  | Hard-clipped 6 w_cons parameters to delta_max=0.1000 bound.
2026-08-11 16:16:57 | sleep.weights.plasticity       | INFO  | Hard-clipped 6 w_cons parameters to delta_max=0.1000 bound.
2026-08-11 16:16:57 | sleep.weights.plasticity       | INFO  | Hard-clipped 6 w_cons parameters to delta_max=0.1000 bound.
2026-08-11 16:16:57 | sleep.weights.plasticity       | INFO  | Hard-clipped 6 w_cons parameters to delta_max=0.1000 bound.
2026-08-11 16:16:57 | sleep.weights.plasticity       | INFO  | Hard-clipped 6 w_cons parameters to delta_max=0.1000 bound.
2026-08-11 16:16:57 | sleep.weights.plasticity       | INFO  | Hard-clipped 6 w_cons parameters to delta_max=0.1000 bound.
2026-08-11 16:16:57 | sleep.weights.plasticity       | INFO  | Hard-clipped 6 w_cons parameters to delta_max=0.1000 bound.
2026-08-11 16:16:58 | sleep.weights.plasticity       | INFO  | Hard-clipped 6 w_cons parameters to delta_max=0.1000 bound.
2026-08-11 16:16:58 | sleep.weights.plasticity       | INFO  | Hard-clipped 6 w_cons parameters to delta_max=0.1000 bound.
2026-08-11 16:16:58 | sleep.weights.plasticity       | INFO  | Hard-clipped 6 w_cons parameters to delta_max=0.1000 bound.
2026-08-11 16:16:58 | sleep.weights.plasticity       | INFO  | Hard-clipped 6 w_cons parameters to delta_max=0.1000 bound.
2026-08-11 16:16:58 | sleep.weights.plasticity       | INFO  | Hard-clipped 6 w_cons parameters to delta_max=0.1000 bound.
2026-08-11 16:16:58 | sleep.weights.plasticity       | INFO  | Hard-clipped 6 w_cons parameters to delta_max=0.1000 bound.
2026-08-11 16:16:59 | sleep.weights.plasticity       | INFO  | Hard-clipped 6 w_cons parameters to delta_max=0.1000 bound.
2026-08-11 16:16:59 | sleep.weights.plasticity       | INFO  | Hard-clipped 6 w_cons parameters to delta_max=0.1000 bound.
2026-08-11 16:16:59 | sleep.weights.plasticity       | INFO  | Hard-clipped 6 w_cons parameters to delta_max=0.1000 bound.
2026-08-11 16:16:59 | sleep.weights.plasticity       | INFO  | Hard-clipped 6 w_cons parameters to delta_max=0.1000 bound.
2026-08-11 16:16:59 | sleep.weights.plasticity       | INFO  | Hard-clipped 6 w_cons parameters to delta_max=0.1000 bound.
2026-08-11 16:16:59 | sleep.weights.plasticity       | INFO  | Hard-clipped 6 w_cons parameters to delta_max=0.1000 bound.
2026-08-11 16:16:59 | sleep.weights.plasticity       | INFO  | Hard-clipped 6 w_cons parameters to delta_max=0.1000 bound.
2026-08-11 16:17:00 | sleep.weights.plasticity       | INFO  | Hard-clipped 6 w_cons parameters to delta_max=0.1000 bound.
2026-08-11 16:17:00 | sleep.weights.plasticity       | INFO  | Hard-clipped 6 w_cons parameters to delta_max=0.1000 bound.
2026-08-11 16:17:00 | sleep.weights.plasticity       | INFO  | Hard-clipped 6 w_cons parameters to delta_max=0.1000 bound.
2026-08-11 16:17:00 | sleep.weights.plasticity       | INFO  | Hard-clipped 6 w_cons parameters to delta_max=0.1000 bound.
2026-08-11 16:17:00 | sleep.weights.plasticity       | INFO  | Hard-clipped 6 w_cons parameters to delta_max=0.1000 bound.
2026-08-11 16:17:00 | sleep.weights.plasticity       | INFO  | Hard-clipped 7 w_cons parameters to delta_max=0.1000 bound.
2026-08-11 16:17:00 | sleep.weights.plasticity       | INFO  | Hard-clipped 7 w_cons parameters to delta_max=0.1000 bound.
2026-08-11 16:17:01 | sleep.weights.plasticity       | INFO  | Hard-clipped 7 w_cons parameters to delta_max=0.1000 bound.
2026-08-11 16:17:01 | sleep.weights.plasticity       | INFO  | Hard-clipped 4 w_cons parameters to delta_max=0.1000 bound.
2026-08-11 16:17:01 | sleep.weights.plasticity       | INFO  | Hard-clipped 5 w_cons parameters to delta_max=0.1000 bound.
2026-08-11 16:17:01 | sleep.weights.plasticity       | INFO  | Hard-clipped 4 w_cons parameters to delta_max=0.1000 bound.
2026-08-11 16:17:01 | sleep.weights.plasticity       | INFO  | Hard-clipped 5 w_cons parameters to delta_max=0.1000 bound.
2026-08-11 16:17:01 | sleep.weights.plasticity       | INFO  | Hard-clipped 5 w_cons parameters to delta_max=0.1000 bound.
2026-08-11 16:17:02 | sleep.weights.plasticity       | INFO  | Hard-clipped 6 w_cons parameters to delta_max=0.1000 bound.
2026-08-11 16:17:02 | sleep.weights.plasticity       | INFO  | Hard-clipped 6 w_cons parameters to delta_max=0.1000 bound.
2026-08-11 16:17:02 | sleep.weights.plasticity       | INFO  | Hard-clipped 7 w_cons parameters to delta_max=0.1000 bound.
2026-08-11 16:17:02 | sleep.weights.plasticity       | INFO  | Hard-clipped 7 w_cons parameters to delta_max=0.1000 bound.
2026-08-11 16:17:02 | sleep.weights.plasticity       | INFO  | Hard-clipped 7 w_cons parameters to delta_max=0.1000 bound.
2026-08-11 16:17:02 | sleep.weights.plasticity       | INFO  | Hard-clipped 7 w_cons parameters to delta_max=0.1000 bound.
2026-08-11 16:17:02 | sleep.weights.plasticity       | INFO  | Hard-clipped 7 w_cons parameters to delta_max=0.1000 bound.
2026-08-11 16:17:03 | sleep.weights.plasticity       | INFO  | Hard-clipped 9 w_cons parameters to delta_max=0.1000 bound.
2026-08-11 16:17:03 | sleep.weights.plasticity       | INFO  | Hard-clipped 9 w_cons parameters to delta_max=0.1000 bound.
2026-08-11 16:17:03 | sleep.weights.plasticity       | INFO  | Hard-clipped 10 w_cons parameters to delta_max=0.1000 bound.
2026-08-11 16:17:03 | sleep.weights.plasticity       | INFO  | Hard-clipped 10 w_cons parameters to delta_max=0.1000 bound.
2026-08-11 16:17:03 | sleep.weights.plasticity       | INFO  | Hard-clipped 10 w_cons parameters to delta_max=0.1000 bound.
2026-08-11 16:17:03 | sleep.weights.plasticity       | INFO  | Hard-clipped 11 w_cons parameters to delta_max=0.1000 bound.
2026-08-11 16:17:04 | sleep.weights.plasticity       | INFO  | Hard-clipped 11 w_cons parameters to delta_max=0.1000 bound.
2026-08-11 16:17:04 | sleep.weights.plasticity       | INFO  | Hard-clipped 11 w_cons parameters to delta_max=0.1000 bound.
2026-08-11 16:17:04 | sleep.weights.plasticity       | INFO  | Hard-clipped 11 w_cons parameters to delta_max=0.1000 bound.
2026-08-11 16:17:04 | sleep.weights.plasticity       | INFO  | Hard-clipped 11 w_cons parameters to delta_max=0.1000 bound.
2026-08-11 16:17:04 | sleep.weights.plasticity       | INFO  | Hard-clipped 11 w_cons parameters to delta_max=0.1000 bound.
2026-08-11 16:17:04 | sleep.weights.plasticity       | INFO  | Hard-clipped 11 w_cons parameters to delta_max=0.1000 bound.
2026-08-11 16:17:04 | sleep.weights.plasticity       | INFO  | Hard-clipped 11 w_cons parameters to delta_max=0.1000 bound.
2026-08-11 16:17:05 | sleep.weights.plasticity       | INFO  | Hard-clipped 11 w_cons parameters to delta_max=0.1000 bound.
2026-08-11 16:17:05 | sleep.weights.plasticity       | INFO  | Hard-clipped 11 w_cons parameters to delta_max=0.1000 bound.
2026-08-11 16:17:05 | sleep.weights.plasticity       | INFO  | Hard-clipped 12 w_cons parameters to delta_max=0.1000 bound.
2026-08-11 16:17:05 | sleep.weights.plasticity       | INFO  | Hard-clipped 13 w_cons parameters to delta_max=0.1000 bound.
2026-08-11 16:17:05 | sleep.weights.plasticity       | INFO  | Hard-clipped 13 w_cons parameters to delta_max=0.1000 bound.
2026-08-11 16:17:05 | sleep.weights.plasticity       | INFO  | Hard-clipped 13 w_cons parameters to delta_max=0.1000 bound.
2026-08-11 16:17:05 | sleep.weights.plasticity       | INFO  | Hard-clipped 13 w_cons parameters to delta_max=0.1000 bound.
2026-08-11 16:17:06 | sleep.weights.plasticity       | INFO  | Hard-clipped 13 w_cons parameters to delta_max=0.1000 bound.
2026-08-11 16:17:06 | sleep.weights.plasticity       | INFO  | Hard-clipped 13 w_cons parameters to delta_max=0.1000 bound.
2026-08-11 16:17:06 | sleep.weights.plasticity       | INFO  | Hard-clipped 13 w_cons parameters to delta_max=0.1000 bound.
2026-08-11 16:17:06 | sleep.weights.plasticity       | INFO  | Hard-clipped 13 w_cons parameters to delta_max=0.1000 bound.
2026-08-11 16:17:06 | sleep.weights.plasticity       | INFO  | Hard-clipped 13 w_cons parameters to delta_max=0.1000 bound.
2026-08-11 16:17:06 | sleep.weights.plasticity       | INFO  | Hard-clipped 13 w_cons parameters to delta_max=0.1000 bound.
2026-08-11 16:17:06 | sleep.weights.plasticity       | INFO  | Hard-clipped 13 w_cons parameters to delta_max=0.1000 bound.
2026-08-11 16:17:07 | sleep.weights.plasticity       | INFO  | Hard-clipped 13 w_cons parameters to delta_max=0.1000 bound.
2026-08-11 16:17:07 | sleep.weights.plasticity       | INFO  | Hard-clipped 13 w_cons parameters to delta_max=0.1000 bound.
2026-08-11 16:17:07 | sleep.weights.plasticity       | INFO  | Hard-clipped 14 w_cons parameters to delta_max=0.1000 bound.
2026-08-11 16:17:07 | sleep.weights.plasticity       | INFO  | Hard-clipped 14 w_cons parameters to delta_max=0.1000 bound.
2026-08-11 16:17:07 | sleep.weights.plasticity       | INFO  | Hard-clipped 14 w_cons parameters to delta_max=0.1000 bound.
2026-08-11 16:17:07 | sleep.weights.plasticity       | INFO  | Hard-clipped 15 w_cons parameters to delta_max=0.1000 bound.
2026-08-11 16:17:07 | sleep.weights.plasticity       | INFO  | Hard-clipped 15 w_cons parameters to delta_max=0.1000 bound.
2026-08-11 16:17:08 | sleep.weights.plasticity       | INFO  | Hard-clipped 15 w_cons parameters to delta_max=0.1000 bound.
2026-08-11 16:17:08 | sleep.weights.plasticity       | INFO  | Hard-clipped 16 w_cons parameters to delta_max=0.1000 bound.
2026-08-11 16:17:08 | sleep.weights.plasticity       | INFO  | Hard-clipped 16 w_cons parameters to delta_max=0.1000 bound.
2026-08-11 16:17:08 | sleep.weights.plasticity       | INFO  | Hard-clipped 16 w_cons parameters to delta_max=0.1000 bound.
2026-08-11 16:17:08 | sleep.weights.plasticity       | INFO  | Hard-clipped 16 w_cons parameters to delta_max=0.1000 bound.
2026-08-11 16:17:08 | sleep.weights.plasticity       | INFO  | Hard-clipped 16 w_cons parameters to delta_max=0.1000 bound.
2026-08-11 16:17:08 | sleep.weights.plasticity       | INFO  | Hard-clipped 16 w_cons parameters to delta_max=0.1000 bound.
2026-08-11 16:17:09 | sleep.weights.plasticity       | INFO  | Hard-clipped 16 w_cons parameters to delta_max=0.1000 bound.
2026-08-11 16:17:09 | sleep.weights.plasticity       | INFO  | Hard-clipped 16 w_cons parameters to delta_max=0.1000 bound.
2026-08-11 16:17:09 | sleep.weights.plasticity       | INFO  | Hard-clipped 16 w_cons parameters to delta_max=0.1000 bound.
2026-08-11 16:17:09 | sleep.weights.plasticity       | INFO  | Hard-clipped 16 w_cons parameters to delta_max=0.1000 bound.
2026-08-11 16:17:09 | sleep.weights.plasticity       | INFO  | Hard-clipped 16 w_cons parameters to delta_max=0.1000 bound.
2026-08-11 16:17:09 | sleep.weights.plasticity       | INFO  | Hard-clipped 16 w_cons parameters to delta_max=0.1000 bound.
2026-08-11 16:17:09 | sleep.weights.plasticity       | INFO  | Hard-clipped 16 w_cons parameters to delta_max=0.1000 bound.
2026-08-11 16:17:10 | sleep.weights.plasticity       | INFO  | Hard-clipped 16 w_cons parameters to delta_max=0.1000 bound.
2026-08-11 16:17:10 | sleep.weights.plasticity       | INFO  | Hard-clipped 16 w_cons parameters to delta_max=0.1000 bound.
2026-08-11 16:17:10 | sleep.weights.plasticity       | INFO  | Hard-clipped 16 w_cons parameters to delta_max=0.1000 bound.
2026-08-11 16:17:10 | sleep.weights.plasticity       | INFO  | Hard-clipped 16 w_cons parameters to delta_max=0.1000 bound.
2026-08-11 16:17:10 | sleep.weights.plasticity       | INFO  | Hard-clipped 16 w_cons parameters to delta_max=0.1000 bound.
2026-08-11 16:17:10 | sleep.weights.plasticity       | INFO  | Hard-clipped 16 w_cons parameters to delta_max=0.1000 bound.
2026-08-11 16:17:10 | sleep.weights.plasticity       | INFO  | Hard-clipped 16 w_cons parameters to delta_max=0.1000 bound.
2026-08-11 16:17:11 | sleep.weights.plasticity       | INFO  | Hard-clipped 16 w_cons parameters to delta_max=0.1000 bound.
2026-08-11 16:17:11 | sleep.weights.plasticity       | INFO  | Hard-clipped 16 w_cons parameters to delta_max=0.1000 bound.
2026-08-11 16:17:11 | sleep.weights.plasticity       | INFO  | Hard-clipped 16 w_cons parameters to delta_max=0.1000 bound.
2026-08-11 16:17:11 | sleep.weights.plasticity       | INFO  | Hard-clipped 17 w_cons parameters to delta_max=0.1000 bound.
2026-08-11 16:17:11 | sleep.weights.plasticity       | INFO  | Hard-clipped 17 w_cons parameters to delta_max=0.1000 bound.
2026-08-11 16:17:11 | sleep.weights.plasticity       | INFO  | Hard-clipped 17 w_cons parameters to delta_max=0.1000 bound.
2026-08-11 16:17:11 | sleep.weights.plasticity       | INFO  | Hard-clipped 17 w_cons parameters to delta_max=0.1000 bound.
2026-08-11 16:17:12 | sleep.weights.plasticity       | INFO  | Hard-clipped 17 w_cons parameters to delta_max=0.1000 bound.
2026-08-11 16:17:12 | sleep.weights.plasticity       | INFO  | Hard-clipped 17 w_cons parameters to delta_max=0.1000 bound.
2026-08-11 16:17:12 | sleep.weights.plasticity       | INFO  | Hard-clipped 17 w_cons parameters to delta_max=0.1000 bound.
2026-08-11 16:17:12 | sleep.weights.plasticity       | INFO  | Hard-clipped 17 w_cons parameters to delta_max=0.1000 bound.
2026-08-11 16:17:12 | sleep.weights.plasticity       | INFO  | Hard-clipped 17 w_cons parameters to delta_max=0.1000 bound.
2026-08-11 16:17:12 | sleep.weights.plasticity       | INFO  | Hard-clipped 17 w_cons parameters to delta_max=0.1000 bound.
2026-08-11 16:17:12 | sleep.weights.plasticity       | INFO  | Hard-clipped 17 w_cons parameters to delta_max=0.1000 bound.
2026-08-11 16:17:13 | sleep.weights.plasticity       | INFO  | Hard-clipped 18 w_cons parameters to delta_max=0.1000 bound.
2026-08-11 16:17:13 | sleep.weights.plasticity       | INFO  | Hard-clipped 18 w_cons parameters to delta_max=0.1000 bound.
2026-08-11 16:17:13 | sleep.weights.plasticity       | INFO  | Hard-clipped 17 w_cons parameters to delta_max=0.1000 bound.
2026-08-11 16:17:13 | sleep.weights.plasticity       | INFO  | Hard-clipped 18 w_cons parameters to delta_max=0.1000 bound.
2026-08-11 16:17:13 | sleep.weights.plasticity       | INFO  | Hard-clipped 18 w_cons parameters to delta_max=0.1000 bound.
2026-08-11 16:17:13 | sleep.weights.plasticity       | INFO  | Hard-clipped 18 w_cons parameters to delta_max=0.1000 bound.
2026-08-11 16:17:13 | sleep.weights.plasticity       | INFO  | Hard-clipped 18 w_cons parameters to delta_max=0.1000 bound.
2026-08-11 16:17:14 | sleep.weights.plasticity       | INFO  | Hard-clipped 19 w_cons parameters to delta_max=0.1000 bound.
2026-08-11 16:17:14 | sleep.weights.plasticity       | INFO  | Hard-clipped 20 w_cons parameters to delta_max=0.1000 bound.
2026-08-11 16:17:14 | sleep.weights.plasticity       | INFO  | Hard-clipped 20 w_cons parameters to delta_max=0.1000 bound.
2026-08-11 16:17:14 | sleep.weights.plasticity       | INFO  | Hard-clipped 20 w_cons parameters to delta_max=0.1000 bound.
2026-08-11 16:17:14 | sleep.weights.plasticity       | INFO  | Hard-clipped 20 w_cons parameters to delta_max=0.1000 bound.
2026-08-11 16:17:14 | sleep.weights.plasticity       | INFO  | Hard-clipped 20 w_cons parameters to delta_max=0.1000 bound.
2026-08-11 16:17:14 | sleep.weights.plasticity       | INFO  | Hard-clipped 20 w_cons parameters to delta_max=0.1000 bound.
2026-08-11 16:17:15 | sleep.weights.plasticity       | INFO  | Hard-clipped 20 w_cons parameters to delta_max=0.1000 bound.
2026-08-11 16:17:15 | sleep.weights.plasticity       | INFO  | Hard-clipped 20 w_cons parameters to delta_max=0.1000 bound.
2026-08-11 16:17:15 | sleep.weights.plasticity       | INFO  | Hard-clipped 20 w_cons parameters to delta_max=0.1000 bound.
2026-08-11 16:17:15 | sleep.weights.plasticity       | INFO  | Hard-clipped 20 w_cons parameters to delta_max=0.1000 bound.
2026-08-11 16:17:15 | sleep.weights.plasticity       | INFO  | Hard-clipped 19 w_cons parameters to delta_max=0.1000 bound.
2026-08-11 16:17:15 | sleep.weights.plasticity       | INFO  | Hard-clipped 19 w_cons parameters to delta_max=0.1000 bound.
2026-08-11 16:17:15 | sleep.weights.plasticity       | INFO  | Hard-clipped 19 w_cons parameters to delta_max=0.1000 bound.
2026-08-11 16:17:16 | sleep.weights.plasticity       | INFO  | Hard-clipped 19 w_cons parameters to delta_max=0.1000 bound.
2026-08-11 16:17:16 | sleep.weights.plasticity       | INFO  | Hard-clipped 16 w_cons parameters to delta_max=0.1000 bound.
2026-08-11 16:17:16 | sleep.weights.plasticity       | INFO  | Hard-clipped 16 w_cons parameters to delta_max=0.1000 bound.
2026-08-11 16:17:16 | sleep.weights.plasticity       | INFO  | Hard-clipped 16 w_cons parameters to delta_max=0.1000 bound.
2026-08-11 16:17:16 | sleep.weights.plasticity       | INFO  | Hard-clipped 17 w_cons parameters to delta_max=0.1000 bound.
2026-08-11 16:17:16 | sleep.weights.plasticity       | INFO  | Hard-clipped 19 w_cons parameters to delta_max=0.1000 bound.
2026-08-11 16:17:17 | sleep.weights.plasticity       | INFO  | Hard-clipped 20 w_cons parameters to delta_max=0.1000 bound.
2026-08-11 16:17:17 | sleep.weights.plasticity       | INFO  | Hard-clipped 20 w_cons parameters to delta_max=0.1000 bound.
2026-08-11 16:17:17 | sleep.weights.plasticity       | INFO  | Hard-clipped 20 w_cons parameters to delta_max=0.1000 bound.
2026-08-11 16:17:17 | sleep.weights.plasticity       | INFO  | Hard-clipped 20 w_cons parameters to delta_max=0.1000 bound.
2026-08-11 16:17:17 | sleep.weights.plasticity       | INFO  | Hard-clipped 20 w_cons parameters to delta_max=0.1000 bound.
2026-08-11 16:17:17 | sleep.sleep_engine.train       | INFO  |   distill step 300/1500 | loss=1.3369 (kl=0.8647 ce=0.9445) | lr=9.70e-05
2026-08-11 16:17:17 | sleep.weights.plasticity       | INFO  | Hard-clipped 20 w_cons parameters to delta_max=0.1000 bound.
2026-08-11 16:17:17 | sleep.weights.plasticity       | INFO  | Hard-clipped 20 w_cons parameters to delta_max=0.1000 bound.
2026-08-11 16:17:18 | sleep.weights.plasticity       | INFO  | Hard-clipped 20 w_cons parameters to delta_max=0.1000 bound.
2026-08-11 16:17:18 | sleep.weights.plasticity       | INFO  | Hard-clipped 20 w_cons parameters to delta_max=0.1000 bound.
2026-08-11 16:17:18 | sleep.weights.plasticity       | INFO  | Hard-clipped 20 w_cons parameters to delta_max=0.1000 bound.
2026-08-11 16:17:18 | sleep.weights.plasticity       | INFO  | Hard-clipped 20 w_cons parameters to delta_max=0.1000 bound.
2026-08-11 16:17:18 | sleep.weights.plasticity       | INFO  | Hard-clipped 20 w_cons parameters to delta_max=0.1000 bound.
2026-08-11 16:17:18 | sleep.weights.plasticity       | INFO  | Hard-clipped 20 w_cons parameters to delta_max=0.1000 bound.
2026-08-11 16:17:18 | sleep.weights.plasticity       | INFO  | Hard-clipped 20 w_cons parameters to delta_max=0.1000 bound.
2026-08-11 16:17:19 | sleep.weights.plasticity       | INFO  | Hard-clipped 21 w_cons parameters to delta_max=0.1000 bound.
2026-08-11 16:17:19 | sleep.weights.plasticity       | INFO  | Hard-clipped 21 w_cons parameters to delta_max=0.1000 bound.
2026-08-11 16:17:19 | sleep.weights.plasticity       | INFO  | Hard-clipped 22 w_cons parameters to delta_max=0.1000 bound.
2026-08-11 16:17:19 | sleep.weights.plasticity       | INFO  | Hard-clipped 22 w_cons parameters to delta_max=0.1000 bound.
2026-08-11 16:17:19 | sleep.weights.plasticity       | INFO  | Hard-clipped 21 w_cons parameters to delta_max=0.1000 bound.
2026-08-11 16:17:19 | sleep.weights.plasticity       | INFO  | Hard-clipped 21 w_cons parameters to delta_max=0.1000 bound.
2026-08-11 16:17:19 | sleep.weights.plasticity       | INFO  | Hard-clipped 21 w_cons parameters to delta_max=0.1000 bound.
2026-08-11 16:17:20 | sleep.weights.plasticity       | INFO  | Hard-clipped 22 w_cons parameters to delta_max=0.1000 bound.
2026-08-11 16:17:20 | sleep.weights.plasticity       | INFO  | Hard-clipped 22 w_cons parameters to delta_max=0.1000 bound.
2026-08-11 16:17:20 | sleep.weights.plasticity       | INFO  | Hard-clipped 23 w_cons parameters to delta_max=0.1000 bound.
2026-08-11 16:17:20 | sleep.weights.plasticity       | INFO  | Hard-clipped 23 w_cons parameters to delta_max=0.1000 bound.
2026-08-11 16:17:20 | sleep.weights.plasticity       | INFO  | Hard-clipped 23 w_cons parameters to delta_max=0.1000 bound.
2026-08-11 16:17:20 | sleep.weights.plasticity       | INFO  | Hard-clipped 23 w_cons parameters to delta_max=0.1000 bound.
2026-08-11 16:17:20 | sleep.weights.plasticity       | INFO  | Hard-clipped 23 w_cons parameters to delta_max=0.1000 bound.
2026-08-11 16:17:21 | sleep.weights.plasticity       | INFO  | Hard-clipped 22 w_cons parameters to delta_max=0.1000 bound.
2026-08-11 16:17:21 | sleep.weights.plasticity       | INFO  | Hard-clipped 21 w_cons parameters to delta_max=0.1000 bound.
2026-08-11 16:17:21 | sleep.weights.plasticity       | INFO  | Hard-clipped 23 w_cons parameters to delta_max=0.1000 bound.
2026-08-11 16:17:21 | sleep.weights.plasticity       | INFO  | Hard-clipped 23 w_cons parameters to delta_max=0.1000 bound.
2026-08-11 16:17:21 | sleep.weights.plasticity       | INFO  | Hard-clipped 23 w_cons parameters to delta_max=0.1000 bound.
2026-08-11 16:17:21 | sleep.weights.plasticity       | INFO  | Hard-clipped 23 w_cons parameters to delta_max=0.1000 bound.
2026-08-11 16:17:22 | sleep.weights.plasticity       | INFO  | Hard-clipped 23 w_cons parameters to delta_max=0.1000 bound.
2026-08-11 16:17:22 | sleep.weights.plasticity       | INFO  | Hard-clipped 23 w_cons parameters to delta_max=0.1000 bound.
2026-08-11 16:17:22 | sleep.weights.plasticity       | INFO  | Hard-clipped 23 w_cons parameters to delta_max=0.1000 bound.
2026-08-11 16:17:22 | sleep.weights.plasticity       | INFO  | Hard-clipped 23 w_cons parameters to delta_max=0.1000 bound.
2026-08-11 16:17:22 | sleep.weights.plasticity       | INFO  | Hard-clipped 23 w_cons parameters to delta_max=0.1000 bound.
2026-08-11 16:17:22 | sleep.weights.plasticity       | INFO  | Hard-clipped 23 w_cons parameters to delta_max=0.1000 bound.
2026-08-11 16:17:22 | sleep.weights.plasticity       | INFO  | Hard-clipped 23 w_cons parameters to delta_max=0.1000 bound.
2026-08-11 16:17:23 | sleep.weights.plasticity       | INFO  | Hard-clipped 23 w_cons parameters to delta_max=0.1000 bound.
2026-08-11 16:17:23 | sleep.weights.plasticity       | INFO  | Hard-clipped 23 w_cons parameters to delta_max=0.1000 bound.
2026-08-11 16:17:23 | sleep.weights.plasticity       | INFO  | Hard-clipped 23 w_cons parameters to delta_max=0.1000 bound.
2026-08-11 16:17:23 | sleep.weights.plasticity       | INFO  | Hard-clipped 23 w_cons parameters to delta_max=0.1000 bound.
2026-08-11 16:17:23 | sleep.weights.plasticity       | INFO  | Hard-clipped 23 w_cons parameters to delta_max=0.1000 bound.
2026-08-11 16:17:23 | sleep.weights.plasticity       | INFO  | Hard-clipped 23 w_cons parameters to delta_max=0.1000 bound.
2026-08-11 16:17:23 | sleep.weights.plasticity       | INFO  | Hard-clipped 23 w_cons parameters to delta_max=0.1000 bound.
2026-08-11 16:17:24 | sleep.weights.plasticity       | INFO  | Hard-clipped 23 w_cons parameters to delta_max=0.1000 bound.
2026-08-11 16:17:24 | sleep.weights.plasticity       | INFO  | Hard-clipped 23 w_cons parameters to delta_max=0.1000 bound.
2026-08-11 16:17:24 | sleep.weights.plasticity       | INFO  | Hard-clipped 23 w_cons parameters to delta_max=0.1000 bound.
2026-08-11 16:17:24 | sleep.weights.plasticity       | INFO  | Hard-clipped 23 w_cons parameters to delta_max=0.1000 bound.
2026-08-11 16:17:24 | sleep.weights.plasticity       | INFO  | Hard-clipped 23 w_cons parameters to delta_max=0.1000 bound.
2026-08-11 16:17:24 | sleep.weights.plasticity       | INFO  | Hard-clipped 23 w_cons parameters to delta_max=0.1000 bound.
2026-08-11 16:17:24 | sleep.weights.plasticity       | INFO  | Hard-clipped 24 w_cons parameters to delta_max=0.1000 bound.
2026-08-11 16:17:25 | sleep.weights.plasticity       | INFO  | Hard-clipped 24 w_cons parameters to delta_max=0.1000 bound.
2026-08-11 16:17:25 | sleep.weights.plasticity       | INFO  | Hard-clipped 24 w_cons parameters to delta_max=0.1000 bound.
2026-08-11 16:17:25 | sleep.weights.plasticity       | INFO  | Hard-clipped 24 w_cons parameters to delta_max=0.1000 bound.
2026-08-11 16:17:25 | sleep.weights.plasticity       | INFO  | Hard-clipped 24 w_cons parameters to delta_max=0.1000 bound.
2026-08-11 16:17:25 | sleep.weights.plasticity       | INFO  | Hard-clipped 25 w_cons parameters to delta_max=0.1000 bound.
2026-08-11 16:17:25 | sleep.weights.plasticity       | INFO  | Hard-clipped 25 w_cons parameters to delta_max=0.1000 bound.
2026-08-11 16:17:26 | sleep.weights.plasticity       | INFO  | Hard-clipped 25 w_cons parameters to delta_max=0.1000 bound.
2026-08-11 16:17:26 | sleep.weights.plasticity       | INFO  | Hard-clipped 25 w_cons parameters to delta_max=0.1000 bound.
2026-08-11 16:17:26 | sleep.weights.plasticity       | INFO  | Hard-clipped 25 w_cons parameters to delta_max=0.1000 bound.
2026-08-11 16:17:26 | sleep.weights.plasticity       | INFO  | Hard-clipped 25 w_cons parameters to delta_max=0.1000 bound.
2026-08-11 16:17:26 | sleep.weights.plasticity       | INFO  | Hard-clipped 25 w_cons parameters to delta_max=0.1000 bound.
2026-08-11 16:17:26 | sleep.weights.plasticity       | INFO  | Hard-clipped 25 w_cons parameters to delta_max=0.1000 bound.
2026-08-11 16:17:26 | sleep.weights.plasticity       | INFO  | Hard-clipped 25 w_cons parameters to delta_max=0.1000 bound.
2026-08-11 16:17:27 | sleep.weights.plasticity       | INFO  | Hard-clipped 26 w_cons parameters to delta_max=0.1000 bound.
2026-08-11 16:17:27 | sleep.weights.plasticity       | INFO  | Hard-clipped 26 w_cons parameters to delta_max=0.1000 bound.
2026-08-11 16:17:27 | sleep.weights.plasticity       | INFO  | Hard-clipped 26 w_cons parameters to delta_max=0.1000 bound.
2026-08-11 16:17:27 | sleep.weights.plasticity       | INFO  | Hard-clipped 24 w_cons parameters to delta_max=0.1000 bound.
2026-08-11 16:17:27 | sleep.weights.plasticity       | INFO  | Hard-clipped 23 w_cons parameters to delta_max=0.1000 bound.
2026-08-11 16:17:27 | sleep.weights.plasticity       | INFO  | Hard-clipped 22 w_cons parameters to delta_max=0.1000 bound.
2026-08-11 16:17:27 | sleep.weights.plasticity       | INFO  | Hard-clipped 20 w_cons parameters to delta_max=0.1000 bound.
2026-08-11 16:17:28 | sleep.weights.plasticity       | INFO  | Hard-clipped 23 w_cons parameters to delta_max=0.1000 bound.
2026-08-11 16:17:28 | sleep.weights.plasticity       | INFO  | Hard-clipped 24 w_cons parameters to delta_max=0.1000 bound.
2026-08-11 16:17:28 | sleep.weights.plasticity       | INFO  | Hard-clipped 25 w_cons parameters to delta_max=0.1000 bound.
2026-08-11 16:17:28 | sleep.weights.plasticity       | INFO  | Hard-clipped 25 w_cons parameters to delta_max=0.1000 bound.
2026-08-11 16:17:28 | sleep.weights.plasticity       | INFO  | Hard-clipped 26 w_cons parameters to delta_max=0.1000 bound.
2026-08-11 16:17:28 | sleep.weights.plasticity       | INFO  | Hard-clipped 27 w_cons parameters to delta_max=0.1000 bound.
2026-08-11 16:17:28 | sleep.weights.plasticity       | INFO  | Hard-clipped 27 w_cons parameters to delta_max=0.1000 bound.
2026-08-11 16:17:29 | sleep.weights.plasticity       | INFO  | Hard-clipped 27 w_cons parameters to delta_max=0.1000 bound.
2026-08-11 16:17:29 | sleep.weights.plasticity       | INFO  | Hard-clipped 27 w_cons parameters to delta_max=0.1000 bound.
2026-08-11 16:17:29 | sleep.weights.plasticity       | INFO  | Hard-clipped 27 w_cons parameters to delta_max=0.1000 bound.
2026-08-11 16:17:29 | sleep.weights.plasticity       | INFO  | Hard-clipped 28 w_cons parameters to delta_max=0.1000 bound.
2026-08-11 16:17:29 | sleep.weights.plasticity       | INFO  | Hard-clipped 28 w_cons parameters to delta_max=0.1000 bound.
2026-08-11 16:17:29 | sleep.weights.plasticity       | INFO  | Hard-clipped 28 w_cons parameters to delta_max=0.1000 bound.
2026-08-11 16:17:29 | sleep.weights.plasticity       | INFO  | Hard-clipped 28 w_cons parameters to delta_max=0.1000 bound.
2026-08-11 16:17:30 | sleep.weights.plasticity       | INFO  | Hard-clipped 28 w_cons parameters to delta_max=0.1000 bound.
2026-08-11 16:17:30 | sleep.weights.plasticity       | INFO  | Hard-clipped 28 w_cons parameters to delta_max=0.1000 bound.
2026-08-11 16:17:30 | sleep.weights.plasticity       | INFO  | Hard-clipped 28 w_cons parameters to delta_max=0.1000 bound.
2026-08-11 16:17:30 | sleep.weights.plasticity       | INFO  | Hard-clipped 28 w_cons parameters to delta_max=0.1000 bound.
2026-08-11 16:17:30 | sleep.weights.plasticity       | INFO  | Hard-clipped 28 w_cons parameters to delta_max=0.1000 bound.
2026-08-11 16:17:30 | sleep.weights.plasticity       | INFO  | Hard-clipped 28 w_cons parameters to delta_max=0.1000 bound.
2026-08-11 16:17:30 | sleep.weights.plasticity       | INFO  | Hard-clipped 28 w_cons parameters to delta_max=0.1000 bound.
2026-08-11 16:17:31 | sleep.weights.plasticity       | INFO  | Hard-clipped 27 w_cons parameters to delta_max=0.1000 bound.
2026-08-11 16:17:31 | sleep.weights.plasticity       | INFO  | Hard-clipped 24 w_cons parameters to delta_max=0.1000 bound.
2026-08-11 16:17:31 | sleep.weights.plasticity       | INFO  | Hard-clipped 25 w_cons parameters to delta_max=0.1000 bound.
2026-08-11 16:17:31 | sleep.weights.plasticity       | INFO  | Hard-clipped 26 w_cons parameters to delta_max=0.1000 bound.
2026-08-11 16:17:31 | sleep.weights.plasticity       | INFO  | Hard-clipped 26 w_cons parameters to delta_max=0.1000 bound.
2026-08-11 16:17:31 | sleep.weights.plasticity       | INFO  | Hard-clipped 24 w_cons parameters to delta_max=0.1000 bound.
2026-08-11 16:17:31 | sleep.weights.plasticity       | INFO  | Hard-clipped 27 w_cons parameters to delta_max=0.1000 bound.
2026-08-11 16:17:32 | sleep.weights.plasticity       | INFO  | Hard-clipped 27 w_cons parameters to delta_max=0.1000 bound.
2026-08-11 16:17:32 | sleep.weights.plasticity       | INFO  | Hard-clipped 28 w_cons parameters to delta_max=0.1000 bound.
2026-08-11 16:17:32 | sleep.weights.plasticity       | INFO  | Hard-clipped 28 w_cons parameters to delta_max=0.1000 bound.
2026-08-11 16:17:32 | sleep.weights.plasticity       | INFO  | Hard-clipped 28 w_cons parameters to delta_max=0.1000 bound.
2026-08-11 16:17:32 | sleep.weights.plasticity       | INFO  | Hard-clipped 28 w_cons parameters to delta_max=0.1000 bound.
2026-08-11 16:17:32 | sleep.weights.plasticity       | INFO  | Hard-clipped 28 w_cons parameters to delta_max=0.1000 bound.
2026-08-11 16:17:32 | sleep.weights.plasticity       | INFO  | Hard-clipped 28 w_cons parameters to delta_max=0.1000 bound.
2026-08-11 16:17:33 | sleep.weights.plasticity       | INFO  | Hard-clipped 28 w_cons parameters to delta_max=0.1000 bound.
2026-08-11 16:17:33 | sleep.weights.plasticity       | INFO  | Hard-clipped 28 w_cons parameters to delta_max=0.1000 bound.
2026-08-11 16:17:33 | sleep.weights.plasticity       | INFO  | Hard-clipped 28 w_cons parameters to delta_max=0.1000 bound.
2026-08-11 16:17:33 | sleep.weights.plasticity       | INFO  | Hard-clipped 28 w_cons parameters to delta_max=0.1000 bound.
2026-08-11 16:17:33 | sleep.weights.plasticity       | INFO  | Hard-clipped 28 w_cons parameters to delta_max=0.1000 bound.
2026-08-11 16:17:33 | sleep.weights.plasticity       | INFO  | Hard-clipped 28 w_cons parameters to delta_max=0.1000 bound.
2026-08-11 16:17:34 | sleep.weights.plasticity       | INFO  | Hard-clipped 28 w_cons parameters to delta_max=0.1000 bound.
2026-08-11 16:17:34 | sleep.weights.plasticity       | INFO  | Hard-clipped 28 w_cons parameters to delta_max=0.1000 bound.
2026-08-11 16:17:34 | sleep.weights.plasticity       | INFO  | Hard-clipped 28 w_cons parameters to delta_max=0.1000 bound.
2026-08-11 16:17:34 | sleep.weights.plasticity       | INFO  | Hard-clipped 28 w_cons parameters to delta_max=0.1000 bound.
2026-08-11 16:17:34 | sleep.weights.plasticity       | INFO  | Hard-clipped 28 w_cons parameters to delta_max=0.1000 bound.
2026-08-11 16:17:34 | sleep.weights.plasticity       | INFO  | Hard-clipped 26 w_cons parameters to delta_max=0.1000 bound.
2026-08-11 16:17:34 | sleep.weights.plasticity       | INFO  | Hard-clipped 26 w_cons parameters to delta_max=0.1000 bound.
2026-08-11 16:17:35 | sleep.weights.plasticity       | INFO  | Hard-clipped 27 w_cons parameters to delta_max=0.1000 bound.
2026-08-11 16:17:35 | sleep.weights.plasticity       | INFO  | Hard-clipped 27 w_cons parameters to delta_max=0.1000 bound.
2026-08-11 16:17:35 | sleep.weights.plasticity       | INFO  | Hard-clipped 27 w_cons parameters to delta_max=0.1000 bound.
2026-08-11 16:17:35 | sleep.weights.plasticity       | INFO  | Hard-clipped 28 w_cons parameters to delta_max=0.1000 bound.
2026-08-11 16:17:35 | sleep.weights.plasticity       | INFO  | Hard-clipped 28 w_cons parameters to delta_max=0.1000 bound.
2026-08-11 16:17:35 | sleep.weights.plasticity       | INFO  | Hard-clipped 27 w_cons parameters to delta_max=0.1000 bound.
2026-08-11 16:17:35 | sleep.weights.plasticity       | INFO  | Hard-clipped 21 w_cons parameters to delta_max=0.1000 bound.
2026-08-11 16:17:36 | sleep.weights.plasticity       | INFO  | Hard-clipped 22 w_cons parameters to delta_max=0.1000 bound.
2026-08-11 16:17:36 | sleep.weights.plasticity       | INFO  | Hard-clipped 23 w_cons parameters to delta_max=0.1000 bound.
2026-08-11 16:17:36 | sleep.weights.plasticity       | INFO  | Hard-clipped 26 w_cons parameters to delta_max=0.1000 bound.
2026-08-11 16:17:36 | sleep.weights.plasticity       | INFO  | Hard-clipped 28 w_cons parameters to delta_max=0.1000 bound.
2026-08-11 16:17:36 | sleep.weights.plasticity       | INFO  | Hard-clipped 29 w_cons parameters to delta_max=0.1000 bound.
2026-08-11 16:17:36 | sleep.weights.plasticity       | INFO  | Hard-clipped 29 w_cons parameters to delta_max=0.1000 bound.
2026-08-11 16:17:36 | sleep.weights.plasticity       | INFO  | Hard-clipped 29 w_cons parameters to delta_max=0.1000 bound.
2026-08-11 16:17:37 | sleep.weights.plasticity       | INFO  | Hard-clipped 29 w_cons parameters to delta_max=0.1000 bound.
2026-08-11 16:17:37 | sleep.weights.plasticity       | INFO  | Hard-clipped 29 w_cons parameters to delta_max=0.1000 bound.
2026-08-11 16:17:37 | sleep.weights.plasticity       | INFO  | Hard-clipped 29 w_cons parameters to delta_max=0.1000 bound.
2026-08-11 16:17:37 | sleep.weights.plasticity       | INFO  | Hard-clipped 29 w_cons parameters to delta_max=0.1000 bound.
2026-08-11 16:17:37 | sleep.weights.plasticity       | INFO  | Hard-clipped 30 w_cons parameters to delta_max=0.1000 bound.
2026-08-11 16:17:37 | sleep.weights.plasticity       | INFO  | Hard-clipped 30 w_cons parameters to delta_max=0.1000 bound.
2026-08-11 16:17:37 | sleep.weights.plasticity       | INFO  | Hard-clipped 30 w_cons parameters to delta_max=0.1000 bound.
2026-08-11 16:17:38 | sleep.weights.plasticity       | INFO  | Hard-clipped 30 w_cons parameters to delta_max=0.1000 bound.
2026-08-11 16:17:38 | sleep.weights.plasticity       | INFO  | Hard-clipped 30 w_cons parameters to delta_max=0.1000 bound.
2026-08-11 16:17:38 | sleep.weights.plasticity       | INFO  | Hard-clipped 30 w_cons parameters to delta_max=0.1000 bound.
2026-08-11 16:17:38 | sleep.weights.plasticity       | INFO  | Hard-clipped 30 w_cons parameters to delta_max=0.1000 bound.
2026-08-11 16:17:38 | sleep.weights.plasticity       | INFO  | Hard-clipped 30 w_cons parameters to delta_max=0.1000 bound.
2026-08-11 16:17:38 | sleep.weights.plasticity       | INFO  | Hard-clipped 30 w_cons parameters to delta_max=0.1000 bound.
2026-08-11 16:17:38 | sleep.weights.plasticity       | INFO  | Hard-clipped 30 w_cons parameters to delta_max=0.1000 bound.
2026-08-11 16:17:39 | sleep.weights.plasticity       | INFO  | Hard-clipped 30 w_cons parameters to delta_max=0.1000 bound.
2026-08-11 16:17:39 | sleep.weights.plasticity       | INFO  | Hard-clipped 31 w_cons parameters to delta_max=0.1000 bound.
2026-08-11 16:17:39 | sleep.weights.plasticity       | INFO  | Hard-clipped 31 w_cons parameters to delta_max=0.1000 bound.
2026-08-11 16:17:39 | sleep.weights.plasticity       | INFO  | Hard-clipped 30 w_cons parameters to delta_max=0.1000 bound.
2026-08-11 16:17:39 | sleep.sleep_engine.train       | INFO  |   distill step 450/1500 | loss=0.9781 (kl=0.5716 ce=0.8130) | lr=8.83e-05
2026-08-11 16:17:39 | sleep.weights.plasticity       | INFO  | Hard-clipped 31 w_cons parameters to delta_max=0.1000 bound.
2026-08-11 16:17:39 | sleep.weights.plasticity       | INFO  | Hard-clipped 31 w_cons parameters to delta_max=0.1000 bound.
2026-08-11 16:17:40 | sleep.weights.plasticity       | INFO  | Hard-clipped 31 w_cons parameters to delta_max=0.1000 bound.
2026-08-11 16:17:40 | sleep.weights.plasticity       | INFO  | Hard-clipped 31 w_cons parameters to delta_max=0.1000 bound.
2026-08-11 16:17:40 | sleep.weights.plasticity       | INFO  | Hard-clipped 31 w_cons parameters to delta_max=0.1000 bound.
2026-08-11 16:17:40 | sleep.weights.plasticity       | INFO  | Hard-clipped 31 w_cons parameters to delta_max=0.1000 bound.
2026-08-11 16:17:40 | sleep.weights.plasticity       | INFO  | Hard-clipped 31 w_cons parameters to delta_max=0.1000 bound.
2026-08-11 16:17:40 | sleep.weights.plasticity       | INFO  | Hard-clipped 31 w_cons parameters to delta_max=0.1000 bound.
2026-08-11 16:17:40 | sleep.weights.plasticity       | INFO  | Hard-clipped 31 w_cons parameters to delta_max=0.1000 bound.
2026-08-11 16:17:41 | sleep.weights.plasticity       | INFO  | Hard-clipped 31 w_cons parameters to delta_max=0.1000 bound.
2026-08-11 16:17:41 | sleep.weights.plasticity       | INFO  | Hard-clipped 31 w_cons parameters to delta_max=0.1000 bound.
2026-08-11 16:17:41 | sleep.weights.plasticity       | INFO  | Hard-clipped 31 w_cons parameters to delta_max=0.1000 bound.
2026-08-11 16:17:41 | sleep.weights.plasticity       | INFO  | Hard-clipped 31 w_cons parameters to delta_max=0.1000 bound.
2026-08-11 16:17:41 | sleep.weights.plasticity       | INFO  | Hard-clipped 31 w_cons parameters to delta_max=0.1000 bound.
2026-08-11 16:17:41 | sleep.weights.plasticity       | INFO  | Hard-clipped 31 w_cons parameters to delta_max=0.1000 bound.
2026-08-11 16:17:41 | sleep.weights.plasticity       | INFO  | Hard-clipped 31 w_cons parameters to delta_max=0.1000 bound.
2026-08-11 16:17:42 | sleep.weights.plasticity       | INFO  | Hard-clipped 31 w_cons parameters to delta_max=0.1000 bound.
2026-08-11 16:17:42 | sleep.weights.plasticity       | INFO  | Hard-clipped 30 w_cons parameters to delta_max=0.1000 bound.
2026-08-11 16:17:42 | sleep.weights.plasticity       | INFO  | Hard-clipped 31 w_cons parameters to delta_max=0.1000 bound.
2026-08-11 16:17:42 | sleep.weights.plasticity       | INFO  | Hard-clipped 31 w_cons parameters to delta_max=0.1000 bound.
2026-08-11 16:17:42 | sleep.weights.plasticity       | INFO  | Hard-clipped 31 w_cons parameters to delta_max=0.1000 bound.
2026-08-11 16:17:42 | sleep.weights.plasticity       | INFO  | Hard-clipped 31 w_cons parameters to delta_max=0.1000 bound.
2026-08-11 16:17:42 | sleep.weights.plasticity       | INFO  | Hard-clipped 30 w_cons parameters to delta_max=0.1000 bound.
2026-08-11 16:17:43 | sleep.weights.plasticity       | INFO  | Hard-clipped 31 w_cons parameters to delta_max=0.1000 bound.
2026-08-11 16:17:43 | sleep.weights.plasticity       | INFO  | Hard-clipped 32 w_cons parameters to delta_max=0.1000 bound.
2026-08-11 16:17:43 | sleep.weights.plasticity       | INFO  | Hard-clipped 32 w_cons parameters to delta_max=0.1000 bound.
2026-08-11 16:17:43 | sleep.weights.plasticity       | INFO  | Hard-clipped 32 w_cons parameters to delta_max=0.1000 bound.
2026-08-11 16:17:43 | sleep.weights.plasticity       | INFO  | Hard-clipped 32 w_cons parameters to delta_max=0.1000 bound.
2026-08-11 16:17:43 | sleep.weights.plasticity       | INFO  | Hard-clipped 32 w_cons parameters to delta_max=0.1000 bound.
2026-08-11 16:17:43 | sleep.weights.plasticity       | INFO  | Hard-clipped 32 w_cons parameters to delta_max=0.1000 bound.
2026-08-11 16:17:44 | sleep.weights.plasticity       | INFO  | Hard-clipped 32 w_cons parameters to delta_max=0.1000 bound.
2026-08-11 16:17:44 | sleep.weights.plasticity       | INFO  | Hard-clipped 31 w_cons parameters to delta_max=0.1000 bound.
2026-08-11 16:17:44 | sleep.weights.plasticity       | INFO  | Hard-clipped 31 w_cons parameters to delta_max=0.1000 bound.
2026-08-11 16:17:44 | sleep.weights.plasticity       | INFO  | Hard-clipped 32 w_cons parameters to delta_max=0.1000 bound.
2026-08-11 16:17:44 | sleep.weights.plasticity       | INFO  | Hard-clipped 33 w_cons parameters to delta_max=0.1000 bound.
2026-08-11 16:17:44 | sleep.weights.plasticity       | INFO  | Hard-clipped 33 w_cons parameters to delta_max=0.1000 bound.
2026-08-11 16:17:45 | sleep.weights.plasticity       | INFO  | Hard-clipped 33 w_cons parameters to delta_max=0.1000 bound.
2026-08-11 16:17:45 | sleep.weights.plasticity       | INFO  | Hard-clipped 33 w_cons parameters to delta_max=0.1000 bound.
2026-08-11 16:17:45 | sleep.weights.plasticity       | INFO  | Hard-clipped 33 w_cons parameters to delta_max=0.1000 bound.
2026-08-11 16:17:45 | sleep.weights.plasticity       | INFO  | Hard-clipped 33 w_cons parameters to delta_max=0.1000 bound.
2026-08-11 16:17:45 | sleep.weights.plasticity       | INFO  | Hard-clipped 33 w_cons parameters to delta_max=0.1000 bound.
2026-08-11 16:17:45 | sleep.weights.plasticity       | INFO  | Hard-clipped 33 w_cons parameters to delta_max=0.1000 bound.
2026-08-11 16:17:46 | sleep.weights.plasticity       | INFO  | Hard-clipped 33 w_cons parameters to delta_max=0.1000 bound.
2026-08-11 16:17:46 | sleep.weights.plasticity       | INFO  | Hard-clipped 33 w_cons parameters to delta_max=0.1000 bound.
2026-08-11 16:17:46 | sleep.weights.plasticity       | INFO  | Hard-clipped 33 w_cons parameters to delta_max=0.1000 bound.
2026-08-11 16:17:46 | sleep.weights.plasticity       | INFO  | Hard-clipped 32 w_cons parameters to delta_max=0.1000 bound.
2026-08-11 16:17:46 | sleep.weights.plasticity       | INFO  | Hard-clipped 29 w_cons parameters to delta_max=0.1000 bound.
2026-08-11 16:17:46 | sleep.weights.plasticity       | INFO  | Hard-clipped 30 w_cons parameters to delta_max=0.1000 bound.
2026-08-11 16:17:46 | sleep.weights.plasticity       | INFO  | Hard-clipped 32 w_cons parameters to delta_max=0.1000 bound.
2026-08-11 16:17:47 | sleep.weights.plasticity       | INFO  | Hard-clipped 32 w_cons parameters to delta_max=0.1000 bound.
2026-08-11 16:17:47 | sleep.weights.plasticity       | INFO  | Hard-clipped 33 w_cons parameters to delta_max=0.1000 bound.
2026-08-11 16:17:47 | sleep.weights.plasticity       | INFO  | Hard-clipped 33 w_cons parameters to delta_max=0.1000 bound.
2026-08-11 16:17:47 | sleep.weights.plasticity       | INFO  | Hard-clipped 33 w_cons parameters to delta_max=0.1000 bound.
2026-08-11 16:17:47 | sleep.weights.plasticity       | INFO  | Hard-clipped 33 w_cons parameters to delta_max=0.1000 bound.
2026-08-11 16:17:47 | sleep.weights.plasticity       | INFO  | Hard-clipped 33 w_cons parameters to delta_max=0.1000 bound.
2026-08-11 16:17:47 | sleep.weights.plasticity       | INFO  | Hard-clipped 33 w_cons parameters to delta_max=0.1000 bound.
2026-08-11 16:17:48 | sleep.weights.plasticity       | INFO  | Hard-clipped 33 w_cons parameters to delta_max=0.1000 bound.
2026-08-11 16:17:48 | sleep.weights.plasticity       | INFO  | Hard-clipped 33 w_cons parameters to delta_max=0.1000 bound.
2026-08-11 16:17:48 | sleep.weights.plasticity       | INFO  | Hard-clipped 33 w_cons parameters to delta_max=0.1000 bound.
2026-08-11 16:17:48 | sleep.weights.plasticity       | INFO  | Hard-clipped 33 w_cons parameters to delta_max=0.1000 bound.
2026-08-11 16:17:48 | sleep.weights.plasticity       | INFO  | Hard-clipped 33 w_cons parameters to delta_max=0.1000 bound.
2026-08-11 16:17:48 | sleep.weights.plasticity       | INFO  | Hard-clipped 33 w_cons parameters to delta_max=0.1000 bound.
2026-08-11 16:17:48 | sleep.weights.plasticity       | INFO  | Hard-clipped 31 w_cons parameters to delta_max=0.1000 bound.
2026-08-11 16:17:49 | sleep.weights.plasticity       | INFO  | Hard-clipped 31 w_cons parameters to delta_max=0.1000 bound.
2026-08-11 16:17:49 | sleep.weights.plasticity       | INFO  | Hard-clipped 30 w_cons parameters to delta_max=0.1000 bound.
2026-08-11 16:17:49 | sleep.weights.plasticity       | INFO  | Hard-clipped 30 w_cons parameters to delta_max=0.1000 bound.
2026-08-11 16:17:49 | sleep.weights.plasticity       | INFO  | Hard-clipped 30 w_cons parameters to delta_max=0.1000 bound.
2026-08-11 16:17:49 | sleep.weights.plasticity       | INFO  | Hard-clipped 30 w_cons parameters to delta_max=0.1000 bound.
2026-08-11 16:17:49 | sleep.weights.plasticity       | INFO  | Hard-clipped 31 w_cons parameters to delta_max=0.1000 bound.
2026-08-11 16:17:49 | sleep.weights.plasticity       | INFO  | Hard-clipped 31 w_cons parameters to delta_max=0.1000 bound.
2026-08-11 16:17:50 | sleep.weights.plasticity       | INFO  | Hard-clipped 31 w_cons parameters to delta_max=0.1000 bound.
2026-08-11 16:17:50 | sleep.weights.plasticity       | INFO  | Hard-clipped 31 w_cons parameters to delta_max=0.1000 bound.
2026-08-11 16:17:50 | sleep.weights.plasticity       | INFO  | Hard-clipped 31 w_cons parameters to delta_max=0.1000 bound.
2026-08-11 16:17:50 | sleep.weights.plasticity       | INFO  | Hard-clipped 31 w_cons parameters to delta_max=0.1000 bound.
2026-08-11 16:17:50 | sleep.weights.plasticity       | INFO  | Hard-clipped 32 w_cons parameters to delta_max=0.1000 bound.
2026-08-11 16:17:50 | sleep.weights.plasticity       | INFO  | Hard-clipped 32 w_cons parameters to delta_max=0.1000 bound.
2026-08-11 16:17:50 | sleep.weights.plasticity       | INFO  | Hard-clipped 32 w_cons parameters to delta_max=0.1000 bound.
2026-08-11 16:17:51 | sleep.weights.plasticity       | INFO  | Hard-clipped 31 w_cons parameters to delta_max=0.1000 bound.
2026-08-11 16:17:51 | sleep.weights.plasticity       | INFO  | Hard-clipped 28 w_cons parameters to delta_max=0.1000 bound.
2026-08-11 16:17:51 | sleep.weights.plasticity       | INFO  | Hard-clipped 25 w_cons parameters to delta_max=0.1000 bound.
2026-08-11 16:17:51 | sleep.weights.plasticity       | INFO  | Hard-clipped 27 w_cons parameters to delta_max=0.1000 bound.
2026-08-11 16:17:51 | sleep.weights.plasticity       | INFO  | Hard-clipped 26 w_cons parameters to delta_max=0.1000 bound.
2026-08-11 16:17:51 | sleep.weights.plasticity       | INFO  | Hard-clipped 26 w_cons parameters to delta_max=0.1000 bound.
2026-08-11 16:17:52 | sleep.weights.plasticity       | INFO  | Hard-clipped 28 w_cons parameters to delta_max=0.1000 bound.
2026-08-11 16:17:52 | sleep.weights.plasticity       | INFO  | Hard-clipped 29 w_cons parameters to delta_max=0.1000 bound.
2026-08-11 16:17:52 | sleep.weights.plasticity       | INFO  | Hard-clipped 29 w_cons parameters to delta_max=0.1000 bound.
2026-08-11 16:17:52 | sleep.weights.plasticity       | INFO  | Hard-clipped 29 w_cons parameters to delta_max=0.1000 bound.
2026-08-11 16:17:52 | sleep.weights.plasticity       | INFO  | Hard-clipped 30 w_cons parameters to delta_max=0.1000 bound.
2026-08-11 16:17:52 | sleep.weights.plasticity       | INFO  | Hard-clipped 30 w_cons parameters to delta_max=0.1000 bound.
2026-08-11 16:17:52 | sleep.weights.plasticity       | INFO  | Hard-clipped 31 w_cons parameters to delta_max=0.1000 bound.
2026-08-11 16:17:53 | sleep.weights.plasticity       | INFO  | Hard-clipped 31 w_cons parameters to delta_max=0.1000 bound.
2026-08-11 16:17:53 | sleep.weights.plasticity       | INFO  | Hard-clipped 32 w_cons parameters to delta_max=0.1000 bound.
2026-08-11 16:17:53 | sleep.weights.plasticity       | INFO  | Hard-clipped 32 w_cons parameters to delta_max=0.1000 bound.
2026-08-11 16:17:53 | sleep.weights.plasticity       | INFO  | Hard-clipped 33 w_cons parameters to delta_max=0.1000 bound.
2026-08-11 16:17:53 | sleep.weights.plasticity       | INFO  | Hard-clipped 33 w_cons parameters to delta_max=0.1000 bound.
2026-08-11 16:17:53 | sleep.weights.plasticity       | INFO  | Hard-clipped 33 w_cons parameters to delta_max=0.1000 bound.
2026-08-11 16:17:53 | sleep.weights.plasticity       | INFO  | Hard-clipped 33 w_cons parameters to delta_max=0.1000 bound.
2026-08-11 16:17:54 | sleep.weights.plasticity       | INFO  | Hard-clipped 33 w_cons parameters to delta_max=0.1000 bound.
2026-08-11 16:17:54 | sleep.weights.plasticity       | INFO  | Hard-clipped 33 w_cons parameters to delta_max=0.1000 bound.
2026-08-11 16:17:54 | sleep.weights.plasticity       | INFO  | Hard-clipped 33 w_cons parameters to delta_max=0.1000 bound.
2026-08-11 16:17:54 | sleep.weights.plasticity       | INFO  | Hard-clipped 33 w_cons parameters to delta_max=0.1000 bound.
2026-08-11 16:17:54 | sleep.weights.plasticity       | INFO  | Hard-clipped 33 w_cons parameters to delta_max=0.1000 bound.
2026-08-11 16:17:54 | sleep.weights.plasticity       | INFO  | Hard-clipped 33 w_cons parameters to delta_max=0.1000 bound.
2026-08-11 16:17:54 | sleep.weights.plasticity       | INFO  | Hard-clipped 33 w_cons parameters to delta_max=0.1000 bound.
2026-08-11 16:17:55 | sleep.weights.plasticity       | INFO  | Hard-clipped 33 w_cons parameters to delta_max=0.1000 bound.
2026-08-11 16:17:55 | sleep.weights.plasticity       | INFO  | Hard-clipped 32 w_cons parameters to delta_max=0.1000 bound.
2026-08-11 16:17:55 | sleep.weights.plasticity       | INFO  | Hard-clipped 31 w_cons parameters to delta_max=0.1000 bound.
2026-08-11 16:17:55 | sleep.weights.plasticity       | INFO  | Hard-clipped 31 w_cons parameters to delta_max=0.1000 bound.
2026-08-11 16:17:55 | sleep.weights.plasticity       | INFO  | Hard-clipped 31 w_cons parameters to delta_max=0.1000 bound.
2026-08-11 16:17:55 | sleep.weights.plasticity       | INFO  | Hard-clipped 31 w_cons parameters to delta_max=0.1000 bound.
2026-08-11 16:17:55 | sleep.weights.plasticity       | INFO  | Hard-clipped 30 w_cons parameters to delta_max=0.1000 bound.
2026-08-11 16:17:56 | sleep.weights.plasticity       | INFO  | Hard-clipped 31 w_cons parameters to delta_max=0.1000 bound.
2026-08-11 16:17:56 | sleep.weights.plasticity       | INFO  | Hard-clipped 31 w_cons parameters to delta_max=0.1000 bound.
2026-08-11 16:17:56 | sleep.weights.plasticity       | INFO  | Hard-clipped 31 w_cons parameters to delta_max=0.1000 bound.
2026-08-11 16:17:56 | sleep.weights.plasticity       | INFO  | Hard-clipped 31 w_cons parameters to delta_max=0.1000 bound.
2026-08-11 16:17:56 | sleep.weights.plasticity       | INFO  | Hard-clipped 31 w_cons parameters to delta_max=0.1000 bound.
2026-08-11 16:17:56 | sleep.weights.plasticity       | INFO  | Hard-clipped 30 w_cons parameters to delta_max=0.1000 bound.
2026-08-11 16:17:56 | sleep.weights.plasticity       | INFO  | Hard-clipped 30 w_cons parameters to delta_max=0.1000 bound.
2026-08-11 16:17:57 | sleep.weights.plasticity       | INFO  | Hard-clipped 31 w_cons parameters to delta_max=0.1000 bound.
2026-08-11 16:17:57 | sleep.weights.plasticity       | INFO  | Hard-clipped 32 w_cons parameters to delta_max=0.1000 bound.
2026-08-11 16:17:57 | sleep.weights.plasticity       | INFO  | Hard-clipped 32 w_cons parameters to delta_max=0.1000 bound.
2026-08-11 16:17:57 | sleep.weights.plasticity       | INFO  | Hard-clipped 32 w_cons parameters to delta_max=0.1000 bound.
2026-08-11 16:17:57 | sleep.weights.plasticity       | INFO  | Hard-clipped 32 w_cons parameters to delta_max=0.1000 bound.
2026-08-11 16:17:57 | sleep.weights.plasticity       | INFO  | Hard-clipped 32 w_cons parameters to delta_max=0.1000 bound.
2026-08-11 16:17:57 | sleep.weights.plasticity       | INFO  | Hard-clipped 32 w_cons parameters to delta_max=0.1000 bound.
2026-08-11 16:17:58 | sleep.weights.plasticity       | INFO  | Hard-clipped 33 w_cons parameters to delta_max=0.1000 bound.
2026-08-11 16:17:58 | sleep.weights.plasticity       | INFO  | Hard-clipped 33 w_cons parameters to delta_max=0.1000 bound.
2026-08-11 16:17:58 | sleep.weights.plasticity       | INFO  | Hard-clipped 33 w_cons parameters to delta_max=0.1000 bound.
2026-08-11 16:17:58 | sleep.weights.plasticity       | INFO  | Hard-clipped 33 w_cons parameters to delta_max=0.1000 bound.
2026-08-11 16:17:58 | sleep.weights.plasticity       | INFO  | Hard-clipped 33 w_cons parameters to delta_max=0.1000 bound.
2026-08-11 16:17:58 | sleep.weights.plasticity       | INFO  | Hard-clipped 33 w_cons parameters to delta_max=0.1000 bound.
2026-08-11 16:17:58 | sleep.weights.plasticity       | INFO  | Hard-clipped 33 w_cons parameters to delta_max=0.1000 bound.
2026-08-11 16:17:59 | sleep.weights.plasticity       | INFO  | Hard-clipped 33 w_cons parameters to delta_max=0.1000 bound.
2026-08-11 16:17:59 | sleep.weights.plasticity       | INFO  | Hard-clipped 33 w_cons parameters to delta_max=0.1000 bound.
2026-08-11 16:17:59 | sleep.weights.plasticity       | INFO  | Hard-clipped 34 w_cons parameters to delta_max=0.1000 bound.
2026-08-11 16:17:59 | sleep.weights.plasticity       | INFO  | Hard-clipped 34 w_cons parameters to delta_max=0.1000 bound.
2026-08-11 16:17:59 | sleep.weights.plasticity       | INFO  | Hard-clipped 34 w_cons parameters to delta_max=0.1000 bound.
2026-08-11 16:17:59 | sleep.weights.plasticity       | INFO  | Hard-clipped 34 w_cons parameters to delta_max=0.1000 bound.
2026-08-11 16:17:59 | sleep.weights.plasticity       | INFO  | Hard-clipped 34 w_cons parameters to delta_max=0.1000 bound.
2026-08-11 16:18:00 | sleep.weights.plasticity       | INFO  | Hard-clipped 34 w_cons parameters to delta_max=0.1000 bound.
2026-08-11 16:18:00 | sleep.weights.plasticity       | INFO  | Hard-clipped 34 w_cons parameters to delta_max=0.1000 bound.
2026-08-11 16:18:00 | sleep.weights.plasticity       | INFO  | Hard-clipped 34 w_cons parameters to delta_max=0.1000 bound.
2026-08-11 16:18:00 | sleep.weights.plasticity       | INFO  | Hard-clipped 34 w_cons parameters to delta_max=0.1000 bound.
2026-08-11 16:18:00 | sleep.weights.plasticity       | INFO  | Hard-clipped 34 w_cons parameters to delta_max=0.1000 bound.
2026-08-11 16:18:00 | sleep.weights.plasticity       | INFO  | Hard-clipped 34 w_cons parameters to delta_max=0.1000 bound.
2026-08-11 16:18:00 | sleep.weights.plasticity       | INFO  | Hard-clipped 34 w_cons parameters to delta_max=0.1000 bound.
2026-08-11 16:18:01 | sleep.weights.plasticity       | INFO  | Hard-clipped 34 w_cons parameters to delta_max=0.1000 bound.
2026-08-11 16:18:01 | sleep.weights.plasticity       | INFO  | Hard-clipped 34 w_cons parameters to delta_max=0.1000 bound.
2026-08-11 16:18:01 | sleep.weights.plasticity       | INFO  | Hard-clipped 34 w_cons parameters to delta_max=0.1000 bound.
2026-08-11 16:18:01 | sleep.weights.plasticity       | INFO  | Hard-clipped 34 w_cons parameters to delta_max=0.1000 bound.
2026-08-11 16:18:01 | sleep.sleep_engine.train       | INFO  |   distill step 600/1500 | loss=0.6559 (kl=0.4492 ce=0.4135) | lr=7.50e-05
2026-08-11 16:18:01 | sleep.weights.plasticity       | INFO  | Hard-clipped 34 w_cons parameters to delta_max=0.1000 bound.
2026-08-11 16:18:01 | sleep.weights.plasticity       | INFO  | Hard-clipped 34 w_cons parameters to delta_max=0.1000 bound.
2026-08-11 16:18:01 | sleep.weights.plasticity       | INFO  | Hard-clipped 33 w_cons parameters to delta_max=0.1000 bound.
2026-08-11 16:18:02 | sleep.weights.plasticity       | INFO  | Hard-clipped 33 w_cons parameters to delta_max=0.1000 bound.
2026-08-11 16:18:02 | sleep.weights.plasticity       | INFO  | Hard-clipped 33 w_cons parameters to delta_max=0.1000 bound.
2026-08-11 16:18:02 | sleep.weights.plasticity       | INFO  | Hard-clipped 33 w_cons parameters to delta_max=0.1000 bound.
2026-08-11 16:18:02 | sleep.weights.plasticity       | INFO  | Hard-clipped 33 w_cons parameters to delta_max=0.1000 bound.
2026-08-11 16:18:02 | sleep.weights.plasticity       | INFO  | Hard-clipped 34 w_cons parameters to delta_max=0.1000 bound.
2026-08-11 16:18:02 | sleep.weights.plasticity       | INFO  | Hard-clipped 34 w_cons parameters to delta_max=0.1000 bound.
2026-08-11 16:18:02 | sleep.weights.plasticity       | INFO  | Hard-clipped 34 w_cons parameters to delta_max=0.1000 bound.
2026-08-11 16:18:03 | sleep.weights.plasticity       | INFO  | Hard-clipped 32 w_cons parameters to delta_max=0.1000 bound.
2026-08-11 16:18:03 | sleep.weights.plasticity       | INFO  | Hard-clipped 27 w_cons parameters to delta_max=0.1000 bound.
2026-08-11 16:18:03 | sleep.weights.plasticity       | INFO  | Hard-clipped 30 w_cons parameters to delta_max=0.1000 bound.
2026-08-11 16:18:03 | sleep.weights.plasticity       | INFO  | Hard-clipped 30 w_cons parameters to delta_max=0.1000 bound.
2026-08-11 16:18:03 | sleep.weights.plasticity       | INFO  | Hard-clipped 30 w_cons parameters to delta_max=0.1000 bound.
2026-08-11 16:18:03 | sleep.weights.plasticity       | INFO  | Hard-clipped 30 w_cons parameters to delta_max=0.1000 bound.
2026-08-11 16:18:03 | sleep.weights.plasticity       | INFO  | Hard-clipped 31 w_cons parameters to delta_max=0.1000 bound.
2026-08-11 16:18:04 | sleep.weights.plasticity       | INFO  | Hard-clipped 31 w_cons parameters to delta_max=0.1000 bound.
2026-08-11 16:18:04 | sleep.weights.plasticity       | INFO  | Hard-clipped 32 w_cons parameters to delta_max=0.1000 bound.
2026-08-11 16:18:04 | sleep.weights.plasticity       | INFO  | Hard-clipped 31 w_cons parameters to delta_max=0.1000 bound.
2026-08-11 16:18:04 | sleep.weights.plasticity       | INFO  | Hard-clipped 31 w_cons parameters to delta_max=0.1000 bound.
2026-08-11 16:18:04 | sleep.weights.plasticity       | INFO  | Hard-clipped 32 w_cons parameters to delta_max=0.1000 bound.
2026-08-11 16:18:04 | sleep.weights.plasticity       | INFO  | Hard-clipped 33 w_cons parameters to delta_max=0.1000 bound.
2026-08-11 16:18:05 | sleep.weights.plasticity       | INFO  | Hard-clipped 34 w_cons parameters to delta_max=0.1000 bound.
2026-08-11 16:18:05 | sleep.weights.plasticity       | INFO  | Hard-clipped 34 w_cons parameters to delta_max=0.1000 bound.
2026-08-11 16:18:05 | sleep.weights.plasticity       | INFO  | Hard-clipped 34 w_cons parameters to delta_max=0.1000 bound.
2026-08-11 16:18:05 | sleep.weights.plasticity       | INFO  | Hard-clipped 34 w_cons parameters to delta_max=0.1000 bound.
2026-08-11 16:18:05 | sleep.weights.plasticity       | INFO  | Hard-clipped 34 w_cons parameters to delta_max=0.1000 bound.
2026-08-11 16:18:05 | sleep.weights.plasticity       | INFO  | Hard-clipped 34 w_cons parameters to delta_max=0.1000 bound.
2026-08-11 16:18:05 | sleep.weights.plasticity       | INFO  | Hard-clipped 34 w_cons parameters to delta_max=0.1000 bound.
2026-08-11 16:18:06 | sleep.weights.plasticity       | INFO  | Hard-clipped 34 w_cons parameters to delta_max=0.1000 bound.
2026-08-11 16:18:06 | sleep.weights.plasticity       | INFO  | Hard-clipped 34 w_cons parameters to delta_max=0.1000 bound.
2026-08-11 16:18:06 | sleep.weights.plasticity       | INFO  | Hard-clipped 34 w_cons parameters to delta_max=0.1000 bound.
2026-08-11 16:18:06 | sleep.weights.plasticity       | INFO  | Hard-clipped 34 w_cons parameters to delta_max=0.1000 bound.
2026-08-11 16:18:06 | sleep.weights.plasticity       | INFO  | Hard-clipped 34 w_cons parameters to delta_max=0.1000 bound.
2026-08-11 16:18:06 | sleep.weights.plasticity       | INFO  | Hard-clipped 34 w_cons parameters to delta_max=0.1000 bound.
2026-08-11 16:18:06 | sleep.weights.plasticity       | INFO  | Hard-clipped 34 w_cons parameters to delta_max=0.1000 bound.
2026-08-11 16:18:07 | sleep.weights.plasticity       | INFO  | Hard-clipped 34 w_cons parameters to delta_max=0.1000 bound.
2026-08-11 16:18:07 | sleep.weights.plasticity       | INFO  | Hard-clipped 34 w_cons parameters to delta_max=0.1000 bound.
2026-08-11 16:18:07 | sleep.weights.plasticity       | INFO  | Hard-clipped 33 w_cons parameters to delta_max=0.1000 bound.
2026-08-11 16:18:07 | sleep.weights.plasticity       | INFO  | Hard-clipped 31 w_cons parameters to delta_max=0.1000 bound.
2026-08-11 16:18:07 | sleep.weights.plasticity       | INFO  | Hard-clipped 32 w_cons parameters to delta_max=0.1000 bound.
2026-08-11 16:18:07 | sleep.weights.plasticity       | INFO  | Hard-clipped 34 w_cons parameters to delta_max=0.1000 bound.
2026-08-11 16:18:07 | sleep.weights.plasticity       | INFO  | Hard-clipped 34 w_cons parameters to delta_max=0.1000 bound.
2026-08-11 16:18:08 | sleep.weights.plasticity       | INFO  | Hard-clipped 34 w_cons parameters to delta_max=0.1000 bound.
2026-08-11 16:18:08 | sleep.weights.plasticity       | INFO  | Hard-clipped 33 w_cons parameters to delta_max=0.1000 bound.
2026-08-11 16:18:08 | sleep.weights.plasticity       | INFO  | Hard-clipped 33 w_cons parameters to delta_max=0.1000 bound.
2026-08-11 16:18:08 | sleep.weights.plasticity       | INFO  | Hard-clipped 33 w_cons parameters to delta_max=0.1000 bound.
2026-08-11 16:18:08 | sleep.weights.plasticity       | INFO  | Hard-clipped 32 w_cons parameters to delta_max=0.1000 bound.
2026-08-11 16:18:08 | sleep.weights.plasticity       | INFO  | Hard-clipped 33 w_cons parameters to delta_max=0.1000 bound.
2026-08-11 16:18:08 | sleep.weights.plasticity       | INFO  | Hard-clipped 33 w_cons parameters to delta_max=0.1000 bound.
2026-08-11 16:18:09 | sleep.weights.plasticity       | INFO  | Hard-clipped 33 w_cons parameters to delta_max=0.1000 bound.
2026-08-11 16:18:09 | sleep.weights.plasticity       | INFO  | Hard-clipped 33 w_cons parameters to delta_max=0.1000 bound.
2026-08-11 16:18:09 | sleep.weights.plasticity       | INFO  | Hard-clipped 34 w_cons parameters to delta_max=0.1000 bound.
2026-08-11 16:18:09 | sleep.weights.plasticity       | INFO  | Hard-clipped 34 w_cons parameters to delta_max=0.1000 bound.
2026-08-11 16:18:09 | sleep.weights.plasticity       | INFO  | Hard-clipped 34 w_cons parameters to delta_max=0.1000 bound.
2026-08-11 16:18:09 | sleep.weights.plasticity       | INFO  | Hard-clipped 34 w_cons parameters to delta_max=0.1000 bound.
2026-08-11 16:18:09 | sleep.weights.plasticity       | INFO  | Hard-clipped 34 w_cons parameters to delta_max=0.1000 bound.
2026-08-11 16:18:10 | sleep.weights.plasticity       | INFO  | Hard-clipped 34 w_cons parameters to delta_max=0.1000 bound.
2026-08-11 16:18:10 | sleep.weights.plasticity       | INFO  | Hard-clipped 34 w_cons parameters to delta_max=0.1000 bound.
2026-08-11 16:18:10 | sleep.weights.plasticity       | INFO  | Hard-clipped 34 w_cons parameters to delta_max=0.1000 bound.
2026-08-11 16:18:10 | sleep.weights.plasticity       | INFO  | Hard-clipped 34 w_cons parameters to delta_max=0.1000 bound.
2026-08-11 16:18:10 | sleep.weights.plasticity       | INFO  | Hard-clipped 34 w_cons parameters to delta_max=0.1000 bound.
2026-08-11 16:18:10 | sleep.weights.plasticity       | INFO  | Hard-clipped 32 w_cons parameters to delta_max=0.1000 bound.
2026-08-11 16:18:11 | sleep.weights.plasticity       | INFO  | Hard-clipped 30 w_cons parameters to delta_max=0.1000 bound.
2026-08-11 16:18:11 | sleep.weights.plasticity       | INFO  | Hard-clipped 30 w_cons parameters to delta_max=0.1000 bound.
2026-08-11 16:18:11 | sleep.weights.plasticity       | INFO  | Hard-clipped 32 w_cons parameters to delta_max=0.1000 bound.
2026-08-11 16:18:11 | sleep.weights.plasticity       | INFO  | Hard-clipped 32 w_cons parameters to delta_max=0.1000 bound.
2026-08-11 16:18:11 | sleep.weights.plasticity       | INFO  | Hard-clipped 31 w_cons parameters to delta_max=0.1000 bound.
2026-08-11 16:18:11 | sleep.weights.plasticity       | INFO  | Hard-clipped 33 w_cons parameters to delta_max=0.1000 bound.
2026-08-11 16:18:11 | sleep.weights.plasticity       | INFO  | Hard-clipped 33 w_cons parameters to delta_max=0.1000 bound.
2026-08-11 16:18:12 | sleep.weights.plasticity       | INFO  | Hard-clipped 33 w_cons parameters to delta_max=0.1000 bound.
2026-08-11 16:18:12 | sleep.weights.plasticity       | INFO  | Hard-clipped 33 w_cons parameters to delta_max=0.1000 bound.
2026-08-11 16:18:12 | sleep.weights.plasticity       | INFO  | Hard-clipped 34 w_cons parameters to delta_max=0.1000 bound.
2026-08-11 16:18:12 | sleep.weights.plasticity       | INFO  | Hard-clipped 34 w_cons parameters to delta_max=0.1000 bound.
2026-08-11 16:18:12 | sleep.weights.plasticity       | INFO  | Hard-clipped 33 w_cons parameters to delta_max=0.1000 bound.
2026-08-11 16:18:12 | sleep.weights.plasticity       | INFO  | Hard-clipped 33 w_cons parameters to delta_max=0.1000 bound.
2026-08-11 16:18:12 | sleep.weights.plasticity       | INFO  | Hard-clipped 33 w_cons parameters to delta_max=0.1000 bound.
2026-08-11 16:18:13 | sleep.weights.plasticity       | INFO  | Hard-clipped 33 w_cons parameters to delta_max=0.1000 bound.
2026-08-11 16:18:13 | sleep.weights.plasticity       | INFO  | Hard-clipped 33 w_cons parameters to delta_max=0.1000 bound.
2026-08-11 16:18:13 | sleep.weights.plasticity       | INFO  | Hard-clipped 33 w_cons parameters to delta_max=0.1000 bound.
2026-08-11 16:18:13 | sleep.weights.plasticity       | INFO  | Hard-clipped 34 w_cons parameters to delta_max=0.1000 bound.
2026-08-11 16:18:13 | sleep.weights.plasticity       | INFO  | Hard-clipped 34 w_cons parameters to delta_max=0.1000 bound.
2026-08-11 16:18:13 | sleep.weights.plasticity       | INFO  | Hard-clipped 34 w_cons parameters to delta_max=0.1000 bound.
2026-08-11 16:18:13 | sleep.weights.plasticity       | INFO  | Hard-clipped 34 w_cons parameters to delta_max=0.1000 bound.
2026-08-11 16:18:14 | sleep.weights.plasticity       | INFO  | Hard-clipped 34 w_cons parameters to delta_max=0.1000 bound.
2026-08-11 16:18:14 | sleep.weights.plasticity       | INFO  | Hard-clipped 34 w_cons parameters to delta_max=0.1000 bound.
2026-08-11 16:18:14 | sleep.weights.plasticity       | INFO  | Hard-clipped 34 w_cons parameters to delta_max=0.1000 bound.
2026-08-11 16:18:14 | sleep.weights.plasticity       | INFO  | Hard-clipped 34 w_cons parameters to delta_max=0.1000 bound.
2026-08-11 16:18:14 | sleep.weights.plasticity       | INFO  | Hard-clipped 34 w_cons parameters to delta_max=0.1000 bound.
2026-08-11 16:18:14 | sleep.weights.plasticity       | INFO  | Hard-clipped 34 w_cons parameters to delta_max=0.1000 bound.
2026-08-11 16:18:14 | sleep.weights.plasticity       | INFO  | Hard-clipped 33 w_cons parameters to delta_max=0.1000 bound.
2026-08-11 16:18:15 | sleep.weights.plasticity       | INFO  | Hard-clipped 28 w_cons parameters to delta_max=0.1000 bound.
2026-08-11 16:18:15 | sleep.weights.plasticity       | INFO  | Hard-clipped 27 w_cons parameters to delta_max=0.1000 bound.
2026-08-11 16:18:15 | sleep.weights.plasticity       | INFO  | Hard-clipped 26 w_cons parameters to delta_max=0.1000 bound.
2026-08-11 16:18:15 | sleep.weights.plasticity       | INFO  | Hard-clipped 25 w_cons parameters to delta_max=0.1000 bound.
2026-08-11 16:18:15 | sleep.weights.plasticity       | INFO  | Hard-clipped 25 w_cons parameters to delta_max=0.1000 bound.
2026-08-11 16:18:15 | sleep.weights.plasticity       | INFO  | Hard-clipped 26 w_cons parameters to delta_max=0.1000 bound.
2026-08-11 16:18:15 | sleep.weights.plasticity       | INFO  | Hard-clipped 28 w_cons parameters to delta_max=0.1000 bound.
2026-08-11 16:18:16 | sleep.weights.plasticity       | INFO  | Hard-clipped 29 w_cons parameters to delta_max=0.1000 bound.
2026-08-11 16:18:16 | sleep.weights.plasticity       | INFO  | Hard-clipped 27 w_cons parameters to delta_max=0.1000 bound.
2026-08-11 16:18:16 | sleep.weights.plasticity       | INFO  | Hard-clipped 25 w_cons parameters to delta_max=0.1000 bound.
2026-08-11 16:18:16 | sleep.weights.plasticity       | INFO  | Hard-clipped 25 w_cons parameters to delta_max=0.1000 bound.
2026-08-11 16:18:16 | sleep.weights.plasticity       | INFO  | Hard-clipped 25 w_cons parameters to delta_max=0.1000 bound.
2026-08-11 16:18:16 | sleep.weights.plasticity       | INFO  | Hard-clipped 25 w_cons parameters to delta_max=0.1000 bound.
2026-08-11 16:18:16 | sleep.weights.plasticity       | INFO  | Hard-clipped 27 w_cons parameters to delta_max=0.1000 bound.
2026-08-11 16:18:17 | sleep.weights.plasticity       | INFO  | Hard-clipped 27 w_cons parameters to delta_max=0.1000 bound.
2026-08-11 16:18:17 | sleep.weights.plasticity       | INFO  | Hard-clipped 27 w_cons parameters to delta_max=0.1000 bound.
2026-08-11 16:18:17 | sleep.weights.plasticity       | INFO  | Hard-clipped 28 w_cons parameters to delta_max=0.1000 bound.
2026-08-11 16:18:17 | sleep.weights.plasticity       | INFO  | Hard-clipped 29 w_cons parameters to delta_max=0.1000 bound.
2026-08-11 16:18:17 | sleep.weights.plasticity       | INFO  | Hard-clipped 31 w_cons parameters to delta_max=0.1000 bound.
2026-08-11 16:18:17 | sleep.weights.plasticity       | INFO  | Hard-clipped 31 w_cons parameters to delta_max=0.1000 bound.
2026-08-11 16:18:17 | sleep.weights.plasticity       | INFO  | Hard-clipped 31 w_cons parameters to delta_max=0.1000 bound.
2026-08-11 16:18:18 | sleep.weights.plasticity       | INFO  | Hard-clipped 32 w_cons parameters to delta_max=0.1000 bound.
2026-08-11 16:18:18 | sleep.weights.plasticity       | INFO  | Hard-clipped 32 w_cons parameters to delta_max=0.1000 bound.
2026-08-11 16:18:18 | sleep.weights.plasticity       | INFO  | Hard-clipped 33 w_cons parameters to delta_max=0.1000 bound.
2026-08-11 16:18:18 | sleep.weights.plasticity       | INFO  | Hard-clipped 33 w_cons parameters to delta_max=0.1000 bound.
2026-08-11 16:18:18 | sleep.weights.plasticity       | INFO  | Hard-clipped 33 w_cons parameters to delta_max=0.1000 bound.
2026-08-11 16:18:18 | sleep.weights.plasticity       | INFO  | Hard-clipped 33 w_cons parameters to delta_max=0.1000 bound.
2026-08-11 16:18:18 | sleep.weights.plasticity       | INFO  | Hard-clipped 32 w_cons parameters to delta_max=0.1000 bound.
2026-08-11 16:18:19 | sleep.weights.plasticity       | INFO  | Hard-clipped 32 w_cons parameters to delta_max=0.1000 bound.
2026-08-11 16:18:19 | sleep.weights.plasticity       | INFO  | Hard-clipped 32 w_cons parameters to delta_max=0.1000 bound.
2026-08-11 16:18:19 | sleep.weights.plasticity       | INFO  | Hard-clipped 32 w_cons parameters to delta_max=0.1000 bound.
2026-08-11 16:18:19 | sleep.weights.plasticity       | INFO  | Hard-clipped 32 w_cons parameters to delta_max=0.1000 bound.
2026-08-11 16:18:19 | sleep.weights.plasticity       | INFO  | Hard-clipped 32 w_cons parameters to delta_max=0.1000 bound.
2026-08-11 16:18:19 | sleep.weights.plasticity       | INFO  | Hard-clipped 33 w_cons parameters to delta_max=0.1000 bound.
2026-08-11 16:18:19 | sleep.weights.plasticity       | INFO  | Hard-clipped 33 w_cons parameters to delta_max=0.1000 bound.
2026-08-11 16:18:20 | sleep.weights.plasticity       | INFO  | Hard-clipped 33 w_cons parameters to delta_max=0.1000 bound.
2026-08-11 16:18:20 | sleep.weights.plasticity       | INFO  | Hard-clipped 33 w_cons parameters to delta_max=0.1000 bound.
2026-08-11 16:18:20 | sleep.weights.plasticity       | INFO  | Hard-clipped 33 w_cons parameters to delta_max=0.1000 bound.
2026-08-11 16:18:20 | sleep.weights.plasticity       | INFO  | Hard-clipped 33 w_cons parameters to delta_max=0.1000 bound.
2026-08-11 16:18:20 | sleep.weights.plasticity       | INFO  | Hard-clipped 33 w_cons parameters to delta_max=0.1000 bound.
2026-08-11 16:18:20 | sleep.weights.plasticity       | INFO  | Hard-clipped 33 w_cons parameters to delta_max=0.1000 bound.
2026-08-11 16:18:20 | sleep.weights.plasticity       | INFO  | Hard-clipped 34 w_cons parameters to delta_max=0.1000 bound.
2026-08-11 16:18:21 | sleep.weights.plasticity       | INFO  | Hard-clipped 34 w_cons parameters to delta_max=0.1000 bound.
2026-08-11 16:18:21 | sleep.weights.plasticity       | INFO  | Hard-clipped 34 w_cons parameters to delta_max=0.1000 bound.
2026-08-11 16:18:21 | sleep.weights.plasticity       | INFO  | Hard-clipped 34 w_cons parameters to delta_max=0.1000 bound.
2026-08-11 16:18:21 | sleep.weights.plasticity       | INFO  | Hard-clipped 34 w_cons parameters to delta_max=0.1000 bound.
2026-08-11 16:18:21 | sleep.weights.plasticity       | INFO  | Hard-clipped 34 w_cons parameters to delta_max=0.1000 bound.
2026-08-11 16:18:21 | sleep.weights.plasticity       | INFO  | Hard-clipped 34 w_cons parameters to delta_max=0.1000 bound.
2026-08-11 16:18:21 | sleep.weights.plasticity       | INFO  | Hard-clipped 34 w_cons parameters to delta_max=0.1000 bound.
2026-08-11 16:18:22 | sleep.weights.plasticity       | INFO  | Hard-clipped 34 w_cons parameters to delta_max=0.1000 bound.
2026-08-11 16:18:22 | sleep.weights.plasticity       | INFO  | Hard-clipped 34 w_cons parameters to delta_max=0.1000 bound.
2026-08-11 16:18:22 | sleep.weights.plasticity       | INFO  | Hard-clipped 34 w_cons parameters to delta_max=0.1000 bound.
2026-08-11 16:18:22 | sleep.weights.plasticity       | INFO  | Hard-clipped 34 w_cons parameters to delta_max=0.1000 bound.
2026-08-11 16:18:22 | sleep.weights.plasticity       | INFO  | Hard-clipped 34 w_cons parameters to delta_max=0.1000 bound.
2026-08-11 16:18:22 | sleep.weights.plasticity       | INFO  | Hard-clipped 34 w_cons parameters to delta_max=0.1000 bound.
2026-08-11 16:18:22 | sleep.weights.plasticity       | INFO  | Hard-clipped 34 w_cons parameters to delta_max=0.1000 bound.
2026-08-11 16:18:23 | sleep.weights.plasticity       | INFO  | Hard-clipped 34 w_cons parameters to delta_max=0.1000 bound.
2026-08-11 16:18:23 | sleep.weights.plasticity       | INFO  | Hard-clipped 34 w_cons parameters to delta_max=0.1000 bound.
2026-08-11 16:18:23 | sleep.sleep_engine.train       | INFO  |   distill step 750/1500 | loss=0.6138 (kl=0.4026 ce=0.4224) | lr=5.87e-05
2026-08-11 16:18:23 | sleep.weights.plasticity       | INFO  | Hard-clipped 34 w_cons parameters to delta_max=0.1000 bound.
2026-08-11 16:18:23 | sleep.weights.plasticity       | INFO  | Hard-clipped 33 w_cons parameters to delta_max=0.1000 bound.
2026-08-11 16:18:23 | sleep.weights.plasticity       | INFO  | Hard-clipped 34 w_cons parameters to delta_max=0.1000 bound.
2026-08-11 16:18:23 | sleep.weights.plasticity       | INFO  | Hard-clipped 34 w_cons parameters to delta_max=0.1000 bound.
2026-08-11 16:18:23 | sleep.weights.plasticity       | INFO  | Hard-clipped 34 w_cons parameters to delta_max=0.1000 bound.
2026-08-11 16:18:24 | sleep.weights.plasticity       | INFO  | Hard-clipped 34 w_cons parameters to delta_max=0.1000 bound.
2026-08-11 16:18:24 | sleep.weights.plasticity       | INFO  | Hard-clipped 34 w_cons parameters to delta_max=0.1000 bound.
2026-08-11 16:18:24 | sleep.weights.plasticity       | INFO  | Hard-clipped 33 w_cons parameters to delta_max=0.1000 bound.
2026-08-11 16:18:24 | sleep.weights.plasticity       | INFO  | Hard-clipped 33 w_cons parameters to delta_max=0.1000 bound.
2026-08-11 16:18:24 | sleep.weights.plasticity       | INFO  | Hard-clipped 33 w_cons parameters to delta_max=0.1000 bound.
2026-08-11 16:18:24 | sleep.weights.plasticity       | INFO  | Hard-clipped 34 w_cons parameters to delta_max=0.1000 bound.
2026-08-11 16:18:24 | sleep.weights.plasticity       | INFO  | Hard-clipped 34 w_cons parameters to delta_max=0.1000 bound.
2026-08-11 16:18:25 | sleep.weights.plasticity       | INFO  | Hard-clipped 33 w_cons parameters to delta_max=0.1000 bound.
2026-08-11 16:18:25 | sleep.weights.plasticity       | INFO  | Hard-clipped 34 w_cons parameters to delta_max=0.1000 bound.
2026-08-11 16:18:25 | sleep.weights.plasticity       | INFO  | Hard-clipped 35 w_cons parameters to delta_max=0.1000 bound.
2026-08-11 16:18:25 | sleep.weights.plasticity       | INFO  | Hard-clipped 35 w_cons parameters to delta_max=0.1000 bound.
2026-08-11 16:18:25 | sleep.weights.plasticity       | INFO  | Hard-clipped 34 w_cons parameters to delta_max=0.1000 bound.
2026-08-11 16:18:25 | sleep.weights.plasticity       | INFO  | Hard-clipped 34 w_cons parameters to delta_max=0.1000 bound.
2026-08-11 16:18:25 | sleep.weights.plasticity       | INFO  | Hard-clipped 34 w_cons parameters to delta_max=0.1000 bound.
2026-08-11 16:18:26 | sleep.weights.plasticity       | INFO  | Hard-clipped 35 w_cons parameters to delta_max=0.1000 bound.
2026-08-11 16:18:26 | sleep.weights.plasticity       | INFO  | Hard-clipped 35 w_cons parameters to delta_max=0.1000 bound.
2026-08-11 16:18:26 | sleep.weights.plasticity       | INFO  | Hard-clipped 35 w_cons parameters to delta_max=0.1000 bound.
2026-08-11 16:18:26 | sleep.weights.plasticity       | INFO  | Hard-clipped 35 w_cons parameters to delta_max=0.1000 bound.
2026-08-11 16:18:26 | sleep.weights.plasticity       | INFO  | Hard-clipped 35 w_cons parameters to delta_max=0.1000 bound.
2026-08-11 16:18:26 | sleep.weights.plasticity       | INFO  | Hard-clipped 35 w_cons parameters to delta_max=0.1000 bound.
2026-08-11 16:18:26 | sleep.weights.plasticity       | INFO  | Hard-clipped 35 w_cons parameters to delta_max=0.1000 bound.
2026-08-11 16:18:27 | sleep.weights.plasticity       | INFO  | Hard-clipped 35 w_cons parameters to delta_max=0.1000 bound.
2026-08-11 16:18:27 | sleep.weights.plasticity       | INFO  | Hard-clipped 35 w_cons parameters to delta_max=0.1000 bound.
2026-08-11 16:18:27 | sleep.weights.plasticity       | INFO  | Hard-clipped 35 w_cons parameters to delta_max=0.1000 bound.
2026-08-11 16:18:27 | sleep.weights.plasticity       | INFO  | Hard-clipped 35 w_cons parameters to delta_max=0.1000 bound.
2026-08-11 16:18:27 | sleep.weights.plasticity       | INFO  | Hard-clipped 34 w_cons parameters to delta_max=0.1000 bound.
2026-08-11 16:18:27 | sleep.weights.plasticity       | INFO  | Hard-clipped 35 w_cons parameters to delta_max=0.1000 bound.
2026-08-11 16:18:27 | sleep.weights.plasticity       | INFO  | Hard-clipped 35 w_cons parameters to delta_max=0.1000 bound.
2026-08-11 16:18:28 | sleep.weights.plasticity       | INFO  | Hard-clipped 35 w_cons parameters to delta_max=0.1000 bound.
2026-08-11 16:18:28 | sleep.weights.plasticity       | INFO  | Hard-clipped 35 w_cons parameters to delta_max=0.1000 bound.
2026-08-11 16:18:28 | sleep.weights.plasticity       | INFO  | Hard-clipped 35 w_cons parameters to delta_max=0.1000 bound.
2026-08-11 16:18:28 | sleep.weights.plasticity       | INFO  | Hard-clipped 35 w_cons parameters to delta_max=0.1000 bound.
2026-08-11 16:18:28 | sleep.weights.plasticity       | INFO  | Hard-clipped 35 w_cons parameters to delta_max=0.1000 bound.
2026-08-11 16:18:28 | sleep.weights.plasticity       | INFO  | Hard-clipped 35 w_cons parameters to delta_max=0.1000 bound.
2026-08-11 16:18:28 | sleep.weights.plasticity       | INFO  | Hard-clipped 32 w_cons parameters to delta_max=0.1000 bound.
2026-08-11 16:18:29 | sleep.weights.plasticity       | INFO  | Hard-clipped 31 w_cons parameters to delta_max=0.1000 bound.
2026-08-11 16:18:29 | sleep.weights.plasticity       | INFO  | Hard-clipped 29 w_cons parameters to delta_max=0.1000 bound.
2026-08-11 16:18:29 | sleep.weights.plasticity       | INFO  | Hard-clipped 28 w_cons parameters to delta_max=0.1000 bound.
2026-08-11 16:18:29 | sleep.weights.plasticity       | INFO  | Hard-clipped 27 w_cons parameters to delta_max=0.1000 bound.
2026-08-11 16:18:29 | sleep.weights.plasticity       | INFO  | Hard-clipped 27 w_cons parameters to delta_max=0.1000 bound.
2026-08-11 16:18:29 | sleep.weights.plasticity       | INFO  | Hard-clipped 30 w_cons parameters to delta_max=0.1000 bound.
2026-08-11 16:18:29 | sleep.weights.plasticity       | INFO  | Hard-clipped 31 w_cons parameters to delta_max=0.1000 bound.
2026-08-11 16:18:30 | sleep.weights.plasticity       | INFO  | Hard-clipped 31 w_cons parameters to delta_max=0.1000 bound.
2026-08-11 16:18:30 | sleep.weights.plasticity       | INFO  | Hard-clipped 32 w_cons parameters to delta_max=0.1000 bound.
2026-08-11 16:18:30 | sleep.weights.plasticity       | INFO  | Hard-clipped 32 w_cons parameters to delta_max=0.1000 bound.
2026-08-11 16:18:30 | sleep.weights.plasticity       | INFO  | Hard-clipped 32 w_cons parameters to delta_max=0.1000 bound.
2026-08-11 16:18:30 | sleep.weights.plasticity       | INFO  | Hard-clipped 33 w_cons parameters to delta_max=0.1000 bound.
2026-08-11 16:18:30 | sleep.weights.plasticity       | INFO  | Hard-clipped 34 w_cons parameters to delta_max=0.1000 bound.
2026-08-11 16:18:30 | sleep.weights.plasticity       | INFO  | Hard-clipped 35 w_cons parameters to delta_max=0.1000 bound.
2026-08-11 16:18:31 | sleep.weights.plasticity       | INFO  | Hard-clipped 35 w_cons parameters to delta_max=0.1000 bound.
2026-08-11 16:18:31 | sleep.weights.plasticity       | INFO  | Hard-clipped 35 w_cons parameters to delta_max=0.1000 bound.
2026-08-11 16:18:31 | sleep.weights.plasticity       | INFO  | Hard-clipped 35 w_cons parameters to delta_max=0.1000 bound.
2026-08-11 16:18:31 | sleep.weights.plasticity       | INFO  | Hard-clipped 35 w_cons parameters to delta_max=0.1000 bound.
2026-08-11 16:18:31 | sleep.weights.plasticity       | INFO  | Hard-clipped 35 w_cons parameters to delta_max=0.1000 bound.
2026-08-11 16:18:31 | sleep.weights.plasticity       | INFO  | Hard-clipped 35 w_cons parameters to delta_max=0.1000 bound.
2026-08-11 16:18:31 | sleep.weights.plasticity       | INFO  | Hard-clipped 35 w_cons parameters to delta_max=0.1000 bound.
2026-08-11 16:18:32 | sleep.weights.plasticity       | INFO  | Hard-clipped 35 w_cons parameters to delta_max=0.1000 bound.
2026-08-11 16:18:32 | sleep.weights.plasticity       | INFO  | Hard-clipped 35 w_cons parameters to delta_max=0.1000 bound.
2026-08-11 16:18:32 | sleep.weights.plasticity       | INFO  | Hard-clipped 35 w_cons parameters to delta_max=0.1000 bound.
2026-08-11 16:18:32 | sleep.weights.plasticity       | INFO  | Hard-clipped 35 w_cons parameters to delta_max=0.1000 bound.
2026-08-11 16:18:32 | sleep.weights.plasticity       | INFO  | Hard-clipped 35 w_cons parameters to delta_max=0.1000 bound.
2026-08-11 16:18:32 | sleep.weights.plasticity       | INFO  | Hard-clipped 35 w_cons parameters to delta_max=0.1000 bound.
2026-08-11 16:18:32 | sleep.weights.plasticity       | INFO  | Hard-clipped 35 w_cons parameters to delta_max=0.1000 bound.
2026-08-11 16:18:33 | sleep.weights.plasticity       | INFO  | Hard-clipped 35 w_cons parameters to delta_max=0.1000 bound.
2026-08-11 16:18:33 | sleep.weights.plasticity       | INFO  | Hard-clipped 35 w_cons parameters to delta_max=0.1000 bound.
2026-08-11 16:18:33 | sleep.weights.plasticity       | INFO  | Hard-clipped 35 w_cons parameters to delta_max=0.1000 bound.
2026-08-11 16:18:33 | sleep.weights.plasticity       | INFO  | Hard-clipped 35 w_cons parameters to delta_max=0.1000 bound.
2026-08-11 16:18:33 | sleep.weights.plasticity       | INFO  | Hard-clipped 35 w_cons parameters to delta_max=0.1000 bound.
2026-08-11 16:18:33 | sleep.weights.plasticity       | INFO  | Hard-clipped 31 w_cons parameters to delta_max=0.1000 bound.
2026-08-11 16:18:33 | sleep.weights.plasticity       | INFO  | Hard-clipped 27 w_cons parameters to delta_max=0.1000 bound.
2026-08-11 16:18:34 | sleep.weights.plasticity       | INFO  | Hard-clipped 26 w_cons parameters to delta_max=0.1000 bound.
2026-08-11 16:18:34 | sleep.weights.plasticity       | INFO  | Hard-clipped 24 w_cons parameters to delta_max=0.1000 bound.
2026-08-11 16:18:34 | sleep.weights.plasticity       | INFO  | Hard-clipped 25 w_cons parameters to delta_max=0.1000 bound.
2026-08-11 16:18:34 | sleep.weights.plasticity       | INFO  | Hard-clipped 25 w_cons parameters to delta_max=0.1000 bound.
2026-08-11 16:18:34 | sleep.weights.plasticity       | INFO  | Hard-clipped 27 w_cons parameters to delta_max=0.1000 bound.
2026-08-11 16:18:34 | sleep.weights.plasticity       | INFO  | Hard-clipped 28 w_cons parameters to delta_max=0.1000 bound.
2026-08-11 16:18:34 | sleep.weights.plasticity       | INFO  | Hard-clipped 29 w_cons parameters to delta_max=0.1000 bound.
2026-08-11 16:18:35 | sleep.weights.plasticity       | INFO  | Hard-clipped 29 w_cons parameters to delta_max=0.1000 bound.
2026-08-11 16:18:35 | sleep.weights.plasticity       | INFO  | Hard-clipped 29 w_cons parameters to delta_max=0.1000 bound.
2026-08-11 16:18:35 | sleep.weights.plasticity       | INFO  | Hard-clipped 30 w_cons parameters to delta_max=0.1000 bound.
2026-08-11 16:18:35 | sleep.weights.plasticity       | INFO  | Hard-clipped 31 w_cons parameters to delta_max=0.1000 bound.
2026-08-11 16:18:35 | sleep.weights.plasticity       | INFO  | Hard-clipped 32 w_cons parameters to delta_max=0.1000 bound.
2026-08-11 16:18:35 | sleep.weights.plasticity       | INFO  | Hard-clipped 32 w_cons parameters to delta_max=0.1000 bound.
2026-08-11 16:18:35 | sleep.weights.plasticity       | INFO  | Hard-clipped 33 w_cons parameters to delta_max=0.1000 bound.
2026-08-11 16:18:36 | sleep.weights.plasticity       | INFO  | Hard-clipped 34 w_cons parameters to delta_max=0.1000 bound.
2026-08-11 16:18:36 | sleep.weights.plasticity       | INFO  | Hard-clipped 34 w_cons parameters to delta_max=0.1000 bound.
2026-08-11 16:18:36 | sleep.weights.plasticity       | INFO  | Hard-clipped 34 w_cons parameters to delta_max=0.1000 bound.
2026-08-11 16:18:36 | sleep.weights.plasticity       | INFO  | Hard-clipped 34 w_cons parameters to delta_max=0.1000 bound.
2026-08-11 16:18:36 | sleep.weights.plasticity       | INFO  | Hard-clipped 34 w_cons parameters to delta_max=0.1000 bound.
2026-08-11 16:18:36 | sleep.weights.plasticity       | INFO  | Hard-clipped 33 w_cons parameters to delta_max=0.1000 bound.
2026-08-11 16:18:36 | sleep.weights.plasticity       | INFO  | Hard-clipped 33 w_cons parameters to delta_max=0.1000 bound.
2026-08-11 16:18:37 | sleep.weights.plasticity       | INFO  | Hard-clipped 34 w_cons parameters to delta_max=0.1000 bound.
2026-08-11 16:18:37 | sleep.weights.plasticity       | INFO  | Hard-clipped 34 w_cons parameters to delta_max=0.1000 bound.
2026-08-11 16:18:37 | sleep.weights.plasticity       | INFO  | Hard-clipped 35 w_cons parameters to delta_max=0.1000 bound.
2026-08-11 16:18:37 | sleep.weights.plasticity       | INFO  | Hard-clipped 35 w_cons parameters to delta_max=0.1000 bound.
2026-08-11 16:18:37 | sleep.weights.plasticity       | INFO  | Hard-clipped 35 w_cons parameters to delta_max=0.1000 bound.
2026-08-11 16:18:37 | sleep.weights.plasticity       | INFO  | Hard-clipped 35 w_cons parameters to delta_max=0.1000 bound.
2026-08-11 16:18:37 | sleep.weights.plasticity       | INFO  | Hard-clipped 35 w_cons parameters to delta_max=0.1000 bound.
2026-08-11 16:18:38 | sleep.weights.plasticity       | INFO  | Hard-clipped 35 w_cons parameters to delta_max=0.1000 bound.
2026-08-11 16:18:38 | sleep.weights.plasticity       | INFO  | Hard-clipped 35 w_cons parameters to delta_max=0.1000 bound.
2026-08-11 16:18:38 | sleep.weights.plasticity       | INFO  | Hard-clipped 35 w_cons parameters to delta_max=0.1000 bound.
2026-08-11 16:18:38 | sleep.weights.plasticity       | INFO  | Hard-clipped 35 w_cons parameters to delta_max=0.1000 bound.
2026-08-11 16:18:38 | sleep.weights.plasticity       | INFO  | Hard-clipped 35 w_cons parameters to delta_max=0.1000 bound.
2026-08-11 16:18:38 | sleep.weights.plasticity       | INFO  | Hard-clipped 35 w_cons parameters to delta_max=0.1000 bound.
2026-08-11 16:18:38 | sleep.weights.plasticity       | INFO  | Hard-clipped 35 w_cons parameters to delta_max=0.1000 bound.
2026-08-11 16:18:39 | sleep.weights.plasticity       | INFO  | Hard-clipped 35 w_cons parameters to delta_max=0.1000 bound.
2026-08-11 16:18:39 | sleep.weights.plasticity       | INFO  | Hard-clipped 35 w_cons parameters to delta_max=0.1000 bound.
2026-08-11 16:18:39 | sleep.weights.plasticity       | INFO  | Hard-clipped 35 w_cons parameters to delta_max=0.1000 bound.
2026-08-11 16:18:39 | sleep.weights.plasticity       | INFO  | Hard-clipped 35 w_cons parameters to delta_max=0.1000 bound.
2026-08-11 16:18:39 | sleep.weights.plasticity       | INFO  | Hard-clipped 35 w_cons parameters to delta_max=0.1000 bound.
2026-08-11 16:18:39 | sleep.weights.plasticity       | INFO  | Hard-clipped 35 w_cons parameters to delta_max=0.1000 bound.
2026-08-11 16:18:39 | sleep.weights.plasticity       | INFO  | Hard-clipped 35 w_cons parameters to delta_max=0.1000 bound.
2026-08-11 16:18:40 | sleep.weights.plasticity       | INFO  | Hard-clipped 34 w_cons parameters to delta_max=0.1000 bound.
2026-08-11 16:18:40 | sleep.weights.plasticity       | INFO  | Hard-clipped 34 w_cons parameters to delta_max=0.1000 bound.
2026-08-11 16:18:40 | sleep.weights.plasticity       | INFO  | Hard-clipped 34 w_cons parameters to delta_max=0.1000 bound.
2026-08-11 16:18:40 | sleep.weights.plasticity       | INFO  | Hard-clipped 32 w_cons parameters to delta_max=0.1000 bound.
2026-08-11 16:18:40 | sleep.weights.plasticity       | INFO  | Hard-clipped 33 w_cons parameters to delta_max=0.1000 bound.
2026-08-11 16:18:40 | sleep.weights.plasticity       | INFO  | Hard-clipped 34 w_cons parameters to delta_max=0.1000 bound.
2026-08-11 16:18:40 | sleep.weights.plasticity       | INFO  | Hard-clipped 33 w_cons parameters to delta_max=0.1000 bound.
2026-08-11 16:18:41 | sleep.weights.plasticity       | INFO  | Hard-clipped 35 w_cons parameters to delta_max=0.1000 bound.
2026-08-11 16:18:41 | sleep.weights.plasticity       | INFO  | Hard-clipped 35 w_cons parameters to delta_max=0.1000 bound.
2026-08-11 16:18:41 | sleep.weights.plasticity       | INFO  | Hard-clipped 35 w_cons parameters to delta_max=0.1000 bound.
2026-08-11 16:18:41 | sleep.weights.plasticity       | INFO  | Hard-clipped 34 w_cons parameters to delta_max=0.1000 bound.
2026-08-11 16:18:41 | sleep.weights.plasticity       | INFO  | Hard-clipped 33 w_cons parameters to delta_max=0.1000 bound.
2026-08-11 16:18:41 | sleep.weights.plasticity       | INFO  | Hard-clipped 31 w_cons parameters to delta_max=0.1000 bound.
2026-08-11 16:18:41 | sleep.weights.plasticity       | INFO  | Hard-clipped 30 w_cons parameters to delta_max=0.1000 bound.
2026-08-11 16:18:42 | sleep.weights.plasticity       | INFO  | Hard-clipped 32 w_cons parameters to delta_max=0.1000 bound.
2026-08-11 16:18:42 | sleep.weights.plasticity       | INFO  | Hard-clipped 33 w_cons parameters to delta_max=0.1000 bound.
2026-08-11 16:18:42 | sleep.weights.plasticity       | INFO  | Hard-clipped 33 w_cons parameters to delta_max=0.1000 bound.
2026-08-11 16:18:42 | sleep.weights.plasticity       | INFO  | Hard-clipped 33 w_cons parameters to delta_max=0.1000 bound.
2026-08-11 16:18:42 | sleep.weights.plasticity       | INFO  | Hard-clipped 33 w_cons parameters to delta_max=0.1000 bound.
2026-08-11 16:18:42 | sleep.weights.plasticity       | INFO  | Hard-clipped 33 w_cons parameters to delta_max=0.1000 bound.
2026-08-11 16:18:42 | sleep.weights.plasticity       | INFO  | Hard-clipped 33 w_cons parameters to delta_max=0.1000 bound.
2026-08-11 16:18:43 | sleep.weights.plasticity       | INFO  | Hard-clipped 35 w_cons parameters to delta_max=0.1000 bound.
2026-08-11 16:18:43 | sleep.weights.plasticity       | INFO  | Hard-clipped 35 w_cons parameters to delta_max=0.1000 bound.
2026-08-11 16:18:43 | sleep.weights.plasticity       | INFO  | Hard-clipped 35 w_cons parameters to delta_max=0.1000 bound.
2026-08-11 16:18:43 | sleep.weights.plasticity       | INFO  | Hard-clipped 35 w_cons parameters to delta_max=0.1000 bound.
2026-08-11 16:18:43 | sleep.weights.plasticity       | INFO  | Hard-clipped 35 w_cons parameters to delta_max=0.1000 bound.
2026-08-11 16:18:43 | sleep.weights.plasticity       | INFO  | Hard-clipped 35 w_cons parameters to delta_max=0.1000 bound.
2026-08-11 16:18:43 | sleep.weights.plasticity       | INFO  | Hard-clipped 35 w_cons parameters to delta_max=0.1000 bound.
2026-08-11 16:18:44 | sleep.weights.plasticity       | INFO  | Hard-clipped 35 w_cons parameters to delta_max=0.1000 bound.
2026-08-11 16:18:44 | sleep.weights.plasticity       | INFO  | Hard-clipped 35 w_cons parameters to delta_max=0.1000 bound.
2026-08-11 16:18:44 | sleep.weights.plasticity       | INFO  | Hard-clipped 35 w_cons parameters to delta_max=0.1000 bound.
2026-08-11 16:18:44 | sleep.weights.plasticity       | INFO  | Hard-clipped 35 w_cons parameters to delta_max=0.1000 bound.
2026-08-11 16:18:44 | sleep.weights.plasticity       | INFO  | Hard-clipped 35 w_cons parameters to delta_max=0.1000 bound.
2026-08-11 16:18:44 | sleep.sleep_engine.train       | INFO  |   distill step 900/1500 | loss=0.6005 (kl=0.4067 ce=0.3876) | lr=4.13e-05
2026-08-11 16:18:44 | sleep.weights.plasticity       | INFO  | Hard-clipped 33 w_cons parameters to delta_max=0.1000 bound.
2026-08-11 16:18:44 | sleep.weights.plasticity       | INFO  | Hard-clipped 30 w_cons parameters to delta_max=0.1000 bound.
2026-08-11 16:18:45 | sleep.weights.plasticity       | INFO  | Hard-clipped 31 w_cons parameters to delta_max=0.1000 bound.
2026-08-11 16:18:45 | sleep.weights.plasticity       | INFO  | Hard-clipped 34 w_cons parameters to delta_max=0.1000 bound.
2026-08-11 16:18:45 | sleep.weights.plasticity       | INFO  | Hard-clipped 35 w_cons parameters to delta_max=0.1000 bound.
2026-08-11 16:18:45 | sleep.weights.plasticity       | INFO  | Hard-clipped 35 w_cons parameters to delta_max=0.1000 bound.
2026-08-11 16:18:45 | sleep.weights.plasticity       | INFO  | Hard-clipped 35 w_cons parameters to delta_max=0.1000 bound.
2026-08-11 16:18:45 | sleep.weights.plasticity       | INFO  | Hard-clipped 34 w_cons parameters to delta_max=0.1000 bound.
2026-08-11 16:18:45 | sleep.weights.plasticity       | INFO  | Hard-clipped 35 w_cons parameters to delta_max=0.1000 bound.
2026-08-11 16:18:46 | sleep.weights.plasticity       | INFO  | Hard-clipped 35 w_cons parameters to delta_max=0.1000 bound.
2026-08-11 16:18:46 | sleep.weights.plasticity       | INFO  | Hard-clipped 35 w_cons parameters to delta_max=0.1000 bound.
2026-08-11 16:18:46 | sleep.weights.plasticity       | INFO  | Hard-clipped 34 w_cons parameters to delta_max=0.1000 bound.
2026-08-11 16:18:46 | sleep.weights.plasticity       | INFO  | Hard-clipped 34 w_cons parameters to delta_max=0.1000 bound.
2026-08-11 16:18:46 | sleep.weights.plasticity       | INFO  | Hard-clipped 34 w_cons parameters to delta_max=0.1000 bound.
2026-08-11 16:18:46 | sleep.weights.plasticity       | INFO  | Hard-clipped 34 w_cons parameters to delta_max=0.1000 bound.
2026-08-11 16:18:46 | sleep.weights.plasticity       | INFO  | Hard-clipped 35 w_cons parameters to delta_max=0.1000 bound.
2026-08-11 16:18:47 | sleep.weights.plasticity       | INFO  | Hard-clipped 35 w_cons parameters to delta_max=0.1000 bound.
2026-08-11 16:18:47 | sleep.weights.plasticity       | INFO  | Hard-clipped 35 w_cons parameters to delta_max=0.1000 bound.
2026-08-11 16:18:47 | sleep.weights.plasticity       | INFO  | Hard-clipped 35 w_cons parameters to delta_max=0.1000 bound.
2026-08-11 16:18:47 | sleep.weights.plasticity       | INFO  | Hard-clipped 35 w_cons parameters to delta_max=0.1000 bound.
2026-08-11 16:18:47 | sleep.weights.plasticity       | INFO  | Hard-clipped 35 w_cons parameters to delta_max=0.1000 bound.
2026-08-11 16:18:47 | sleep.weights.plasticity       | INFO  | Hard-clipped 35 w_cons parameters to delta_max=0.1000 bound.
2026-08-11 16:18:47 | sleep.weights.plasticity       | INFO  | Hard-clipped 35 w_cons parameters to delta_max=0.1000 bound.
2026-08-11 16:18:48 | sleep.weights.plasticity       | INFO  | Hard-clipped 35 w_cons parameters to delta_max=0.1000 bound.
2026-08-11 16:18:48 | sleep.weights.plasticity       | INFO  | Hard-clipped 35 w_cons parameters to delta_max=0.1000 bound.
2026-08-11 16:18:48 | sleep.weights.plasticity       | INFO  | Hard-clipped 35 w_cons parameters to delta_max=0.1000 bound.
2026-08-11 16:18:48 | sleep.weights.plasticity       | INFO  | Hard-clipped 35 w_cons parameters to delta_max=0.1000 bound.
2026-08-11 16:18:48 | sleep.weights.plasticity       | INFO  | Hard-clipped 35 w_cons parameters to delta_max=0.1000 bound.
2026-08-11 16:18:48 | sleep.weights.plasticity       | INFO  | Hard-clipped 35 w_cons parameters to delta_max=0.1000 bound.
2026-08-11 16:18:48 | sleep.weights.plasticity       | INFO  | Hard-clipped 35 w_cons parameters to delta_max=0.1000 bound.
2026-08-11 16:18:49 | sleep.weights.plasticity       | INFO  | Hard-clipped 31 w_cons parameters to delta_max=0.1000 bound.
2026-08-11 16:18:49 | sleep.weights.plasticity       | INFO  | Hard-clipped 30 w_cons parameters to delta_max=0.1000 bound.
2026-08-11 16:18:49 | sleep.weights.plasticity       | INFO  | Hard-clipped 30 w_cons parameters to delta_max=0.1000 bound.
2026-08-11 16:18:49 | sleep.weights.plasticity       | INFO  | Hard-clipped 26 w_cons parameters to delta_max=0.1000 bound.
2026-08-11 16:18:49 | sleep.weights.plasticity       | INFO  | Hard-clipped 24 w_cons parameters to delta_max=0.1000 bound.
2026-08-11 16:18:49 | sleep.weights.plasticity       | INFO  | Hard-clipped 23 w_cons parameters to delta_max=0.1000 bound.
2026-08-11 16:18:49 | sleep.weights.plasticity       | INFO  | Hard-clipped 23 w_cons parameters to delta_max=0.1000 bound.
2026-08-11 16:18:50 | sleep.weights.plasticity       | INFO  | Hard-clipped 29 w_cons parameters to delta_max=0.1000 bound.
2026-08-11 16:18:50 | sleep.weights.plasticity       | INFO  | Hard-clipped 27 w_cons parameters to delta_max=0.1000 bound.
2026-08-11 16:18:50 | sleep.weights.plasticity       | INFO  | Hard-clipped 24 w_cons parameters to delta_max=0.1000 bound.
2026-08-11 16:18:50 | sleep.weights.plasticity       | INFO  | Hard-clipped 28 w_cons parameters to delta_max=0.1000 bound.
2026-08-11 16:18:50 | sleep.weights.plasticity       | INFO  | Hard-clipped 30 w_cons parameters to delta_max=0.1000 bound.
2026-08-11 16:18:50 | sleep.weights.plasticity       | INFO  | Hard-clipped 33 w_cons parameters to delta_max=0.1000 bound.
2026-08-11 16:18:51 | sleep.weights.plasticity       | INFO  | Hard-clipped 35 w_cons parameters to delta_max=0.1000 bound.
2026-08-11 16:18:51 | sleep.weights.plasticity       | INFO  | Hard-clipped 35 w_cons parameters to delta_max=0.1000 bound.
2026-08-11 16:18:51 | sleep.weights.plasticity       | INFO  | Hard-clipped 35 w_cons parameters to delta_max=0.1000 bound.
2026-08-11 16:18:51 | sleep.weights.plasticity       | INFO  | Hard-clipped 35 w_cons parameters to delta_max=0.1000 bound.
2026-08-11 16:18:51 | sleep.weights.plasticity       | INFO  | Hard-clipped 35 w_cons parameters to delta_max=0.1000 bound.
2026-08-11 16:18:51 | sleep.weights.plasticity       | INFO  | Hard-clipped 35 w_cons parameters to delta_max=0.1000 bound.
2026-08-11 16:18:51 | sleep.weights.plasticity       | INFO  | Hard-clipped 35 w_cons parameters to delta_max=0.1000 bound.
2026-08-11 16:18:52 | sleep.weights.plasticity       | INFO  | Hard-clipped 35 w_cons parameters to delta_max=0.1000 bound.
2026-08-11 16:18:52 | sleep.weights.plasticity       | INFO  | Hard-clipped 35 w_cons parameters to delta_max=0.1000 bound.
2026-08-11 16:18:52 | sleep.weights.plasticity       | INFO  | Hard-clipped 35 w_cons parameters to delta_max=0.1000 bound.
2026-08-11 16:18:52 | sleep.weights.plasticity       | INFO  | Hard-clipped 35 w_cons parameters to delta_max=0.1000 bound.
2026-08-11 16:18:52 | sleep.weights.plasticity       | INFO  | Hard-clipped 35 w_cons parameters to delta_max=0.1000 bound.
2026-08-11 16:18:52 | sleep.weights.plasticity       | INFO  | Hard-clipped 35 w_cons parameters to delta_max=0.1000 bound.
2026-08-11 16:18:52 | sleep.weights.plasticity       | INFO  | Hard-clipped 35 w_cons parameters to delta_max=0.1000 bound.
2026-08-11 16:18:53 | sleep.weights.plasticity       | INFO  | Hard-clipped 35 w_cons parameters to delta_max=0.1000 bound.
2026-08-11 16:18:53 | sleep.weights.plasticity       | INFO  | Hard-clipped 35 w_cons parameters to delta_max=0.1000 bound.
2026-08-11 16:18:53 | sleep.weights.plasticity       | INFO  | Hard-clipped 34 w_cons parameters to delta_max=0.1000 bound.
2026-08-11 16:18:53 | sleep.weights.plasticity       | INFO  | Hard-clipped 31 w_cons parameters to delta_max=0.1000 bound.
2026-08-11 16:18:53 | sleep.weights.plasticity       | INFO  | Hard-clipped 33 w_cons parameters to delta_max=0.1000 bound.
2026-08-11 16:18:53 | sleep.weights.plasticity       | INFO  | Hard-clipped 31 w_cons parameters to delta_max=0.1000 bound.
2026-08-11 16:18:53 | sleep.weights.plasticity       | INFO  | Hard-clipped 34 w_cons parameters to delta_max=0.1000 bound.
2026-08-11 16:18:54 | sleep.weights.plasticity       | INFO  | Hard-clipped 33 w_cons parameters to delta_max=0.1000 bound.
2026-08-11 16:18:54 | sleep.weights.plasticity       | INFO  | Hard-clipped 32 w_cons parameters to delta_max=0.1000 bound.
2026-08-11 16:18:54 | sleep.weights.plasticity       | INFO  | Hard-clipped 34 w_cons parameters to delta_max=0.1000 bound.
2026-08-11 16:18:54 | sleep.weights.plasticity       | INFO  | Hard-clipped 34 w_cons parameters to delta_max=0.1000 bound.
2026-08-11 16:18:54 | sleep.weights.plasticity       | INFO  | Hard-clipped 34 w_cons parameters to delta_max=0.1000 bound.
2026-08-11 16:18:54 | sleep.weights.plasticity       | INFO  | Hard-clipped 34 w_cons parameters to delta_max=0.1000 bound.
2026-08-11 16:18:54 | sleep.weights.plasticity       | INFO  | Hard-clipped 34 w_cons parameters to delta_max=0.1000 bound.
2026-08-11 16:18:55 | sleep.weights.plasticity       | INFO  | Hard-clipped 34 w_cons parameters to delta_max=0.1000 bound.
2026-08-11 16:18:55 | sleep.weights.plasticity       | INFO  | Hard-clipped 35 w_cons parameters to delta_max=0.1000 bound.
2026-08-11 16:18:55 | sleep.weights.plasticity       | INFO  | Hard-clipped 35 w_cons parameters to delta_max=0.1000 bound.
2026-08-11 16:18:55 | sleep.weights.plasticity       | INFO  | Hard-clipped 35 w_cons parameters to delta_max=0.1000 bound.
2026-08-11 16:18:55 | sleep.weights.plasticity       | INFO  | Hard-clipped 35 w_cons parameters to delta_max=0.1000 bound.
2026-08-11 16:18:55 | sleep.weights.plasticity       | INFO  | Hard-clipped 35 w_cons parameters to delta_max=0.1000 bound.
2026-08-11 16:18:55 | sleep.weights.plasticity       | INFO  | Hard-clipped 35 w_cons parameters to delta_max=0.1000 bound.
2026-08-11 16:18:56 | sleep.weights.plasticity       | INFO  | Hard-clipped 35 w_cons parameters to delta_max=0.1000 bound.
2026-08-11 16:18:56 | sleep.weights.plasticity       | INFO  | Hard-clipped 32 w_cons parameters to delta_max=0.1000 bound.
2026-08-11 16:18:56 | sleep.weights.plasticity       | INFO  | Hard-clipped 33 w_cons parameters to delta_max=0.1000 bound.
2026-08-11 16:18:56 | sleep.weights.plasticity       | INFO  | Hard-clipped 35 w_cons parameters to delta_max=0.1000 bound.
2026-08-11 16:18:56 | sleep.weights.plasticity       | INFO  | Hard-clipped 35 w_cons parameters to delta_max=0.1000 bound.
2026-08-11 16:18:56 | sleep.weights.plasticity       | INFO  | Hard-clipped 35 w_cons parameters to delta_max=0.1000 bound.
2026-08-11 16:18:56 | sleep.weights.plasticity       | INFO  | Hard-clipped 35 w_cons parameters to delta_max=0.1000 bound.
2026-08-11 16:18:57 | sleep.weights.plasticity       | INFO  | Hard-clipped 35 w_cons parameters to delta_max=0.1000 bound.
2026-08-11 16:18:57 | sleep.weights.plasticity       | INFO  | Hard-clipped 35 w_cons parameters to delta_max=0.1000 bound.
2026-08-11 16:18:57 | sleep.weights.plasticity       | INFO  | Hard-clipped 35 w_cons parameters to delta_max=0.1000 bound.
2026-08-11 16:18:57 | sleep.weights.plasticity       | INFO  | Hard-clipped 35 w_cons parameters to delta_max=0.1000 bound.
2026-08-11 16:18:57 | sleep.weights.plasticity       | INFO  | Hard-clipped 35 w_cons parameters to delta_max=0.1000 bound.
2026-08-11 16:18:57 | sleep.weights.plasticity       | INFO  | Hard-clipped 35 w_cons parameters to delta_max=0.1000 bound.
2026-08-11 16:18:57 | sleep.weights.plasticity       | INFO  | Hard-clipped 35 w_cons parameters to delta_max=0.1000 bound.
2026-08-11 16:18:58 | sleep.weights.plasticity       | INFO  | Hard-clipped 34 w_cons parameters to delta_max=0.1000 bound.
2026-08-11 16:18:58 | sleep.weights.plasticity       | INFO  | Hard-clipped 34 w_cons parameters to delta_max=0.1000 bound.
2026-08-11 16:18:58 | sleep.weights.plasticity       | INFO  | Hard-clipped 34 w_cons parameters to delta_max=0.1000 bound.
2026-08-11 16:18:58 | sleep.weights.plasticity       | INFO  | Hard-clipped 34 w_cons parameters to delta_max=0.1000 bound.
2026-08-11 16:18:58 | sleep.weights.plasticity       | INFO  | Hard-clipped 33 w_cons parameters to delta_max=0.1000 bound.
2026-08-11 16:18:58 | sleep.weights.plasticity       | INFO  | Hard-clipped 32 w_cons parameters to delta_max=0.1000 bound.
2026-08-11 16:18:58 | sleep.weights.plasticity       | INFO  | Hard-clipped 33 w_cons parameters to delta_max=0.1000 bound.
2026-08-11 16:18:59 | sleep.weights.plasticity       | INFO  | Hard-clipped 33 w_cons parameters to delta_max=0.1000 bound.
2026-08-11 16:18:59 | sleep.weights.plasticity       | INFO  | Hard-clipped 34 w_cons parameters to delta_max=0.1000 bound.
2026-08-11 16:18:59 | sleep.weights.plasticity       | INFO  | Hard-clipped 34 w_cons parameters to delta_max=0.1000 bound.
2026-08-11 16:18:59 | sleep.weights.plasticity       | INFO  | Hard-clipped 34 w_cons parameters to delta_max=0.1000 bound.
2026-08-11 16:18:59 | sleep.weights.plasticity       | INFO  | Hard-clipped 34 w_cons parameters to delta_max=0.1000 bound.
2026-08-11 16:18:59 | sleep.weights.plasticity       | INFO  | Hard-clipped 34 w_cons parameters to delta_max=0.1000 bound.
2026-08-11 16:18:59 | sleep.weights.plasticity       | INFO  | Hard-clipped 34 w_cons parameters to delta_max=0.1000 bound.
2026-08-11 16:19:00 | sleep.weights.plasticity       | INFO  | Hard-clipped 33 w_cons parameters to delta_max=0.1000 bound.
2026-08-11 16:19:00 | sleep.weights.plasticity       | INFO  | Hard-clipped 35 w_cons parameters to delta_max=0.1000 bound.
2026-08-11 16:19:00 | sleep.weights.plasticity       | INFO  | Hard-clipped 35 w_cons parameters to delta_max=0.1000 bound.
2026-08-11 16:19:00 | sleep.weights.plasticity       | INFO  | Hard-clipped 34 w_cons parameters to delta_max=0.1000 bound.
2026-08-11 16:19:00 | sleep.weights.plasticity       | INFO  | Hard-clipped 34 w_cons parameters to delta_max=0.1000 bound.
2026-08-11 16:19:00 | sleep.weights.plasticity       | INFO  | Hard-clipped 34 w_cons parameters to delta_max=0.1000 bound.
2026-08-11 16:19:00 | sleep.weights.plasticity       | INFO  | Hard-clipped 33 w_cons parameters to delta_max=0.1000 bound.
2026-08-11 16:19:01 | sleep.weights.plasticity       | INFO  | Hard-clipped 33 w_cons parameters to delta_max=0.1000 bound.
2026-08-11 16:19:01 | sleep.weights.plasticity       | INFO  | Hard-clipped 33 w_cons parameters to delta_max=0.1000 bound.
2026-08-11 16:19:01 | sleep.weights.plasticity       | INFO  | Hard-clipped 33 w_cons parameters to delta_max=0.1000 bound.
2026-08-11 16:19:01 | sleep.weights.plasticity       | INFO  | Hard-clipped 32 w_cons parameters to delta_max=0.1000 bound.
2026-08-11 16:19:01 | sleep.weights.plasticity       | INFO  | Hard-clipped 33 w_cons parameters to delta_max=0.1000 bound.
2026-08-11 16:19:01 | sleep.weights.plasticity       | INFO  | Hard-clipped 33 w_cons parameters to delta_max=0.1000 bound.
2026-08-11 16:19:01 | sleep.weights.plasticity       | INFO  | Hard-clipped 33 w_cons parameters to delta_max=0.1000 bound.
2026-08-11 16:19:02 | sleep.weights.plasticity       | INFO  | Hard-clipped 33 w_cons parameters to delta_max=0.1000 bound.
2026-08-11 16:19:02 | sleep.weights.plasticity       | INFO  | Hard-clipped 34 w_cons parameters to delta_max=0.1000 bound.
2026-08-11 16:19:02 | sleep.weights.plasticity       | INFO  | Hard-clipped 34 w_cons parameters to delta_max=0.1000 bound.
2026-08-11 16:19:02 | sleep.weights.plasticity       | INFO  | Hard-clipped 33 w_cons parameters to delta_max=0.1000 bound.
2026-08-11 16:19:02 | sleep.weights.plasticity       | INFO  | Hard-clipped 23 w_cons parameters to delta_max=0.1000 bound.
2026-08-11 16:19:02 | sleep.weights.plasticity       | INFO  | Hard-clipped 25 w_cons parameters to delta_max=0.1000 bound.
2026-08-11 16:19:02 | sleep.weights.plasticity       | INFO  | Hard-clipped 29 w_cons parameters to delta_max=0.1000 bound.
2026-08-11 16:19:03 | sleep.weights.plasticity       | INFO  | Hard-clipped 33 w_cons parameters to delta_max=0.1000 bound.
2026-08-11 16:19:03 | sleep.weights.plasticity       | INFO  | Hard-clipped 34 w_cons parameters to delta_max=0.1000 bound.
2026-08-11 16:19:03 | sleep.weights.plasticity       | INFO  | Hard-clipped 35 w_cons parameters to delta_max=0.1000 bound.
2026-08-11 16:19:03 | sleep.weights.plasticity       | INFO  | Hard-clipped 35 w_cons parameters to delta_max=0.1000 bound.
2026-08-11 16:19:03 | sleep.weights.plasticity       | INFO  | Hard-clipped 35 w_cons parameters to delta_max=0.1000 bound.
2026-08-11 16:19:03 | sleep.weights.plasticity       | INFO  | Hard-clipped 35 w_cons parameters to delta_max=0.1000 bound.
2026-08-11 16:19:03 | sleep.weights.plasticity       | INFO  | Hard-clipped 31 w_cons parameters to delta_max=0.1000 bound.
2026-08-11 16:19:04 | sleep.weights.plasticity       | INFO  | Hard-clipped 35 w_cons parameters to delta_max=0.1000 bound.
2026-08-11 16:19:04 | sleep.weights.plasticity       | INFO  | Hard-clipped 35 w_cons parameters to delta_max=0.1000 bound.
2026-08-11 16:19:04 | sleep.weights.plasticity       | INFO  | Hard-clipped 35 w_cons parameters to delta_max=0.1000 bound.
2026-08-11 16:19:04 | sleep.weights.plasticity       | INFO  | Hard-clipped 35 w_cons parameters to delta_max=0.1000 bound.
2026-08-11 16:19:04 | sleep.weights.plasticity       | INFO  | Hard-clipped 35 w_cons parameters to delta_max=0.1000 bound.
2026-08-11 16:19:04 | sleep.weights.plasticity       | INFO  | Hard-clipped 34 w_cons parameters to delta_max=0.1000 bound.
2026-08-11 16:19:05 | sleep.weights.plasticity       | INFO  | Hard-clipped 34 w_cons parameters to delta_max=0.1000 bound.
2026-08-11 16:19:05 | sleep.weights.plasticity       | INFO  | Hard-clipped 34 w_cons parameters to delta_max=0.1000 bound.
2026-08-11 16:19:05 | sleep.weights.plasticity       | INFO  | Hard-clipped 35 w_cons parameters to delta_max=0.1000 bound.
2026-08-11 16:19:05 | sleep.weights.plasticity       | INFO  | Hard-clipped 35 w_cons parameters to delta_max=0.1000 bound.
2026-08-11 16:19:05 | sleep.weights.plasticity       | INFO  | Hard-clipped 32 w_cons parameters to delta_max=0.1000 bound.
2026-08-11 16:19:05 | sleep.weights.plasticity       | INFO  | Hard-clipped 29 w_cons parameters to delta_max=0.1000 bound.
2026-08-11 16:19:05 | sleep.weights.plasticity       | INFO  | Hard-clipped 28 w_cons parameters to delta_max=0.1000 bound.
2026-08-11 16:19:06 | sleep.weights.plasticity       | INFO  | Hard-clipped 29 w_cons parameters to delta_max=0.1000 bound.
2026-08-11 16:19:06 | sleep.weights.plasticity       | INFO  | Hard-clipped 28 w_cons parameters to delta_max=0.1000 bound.
2026-08-11 16:19:06 | sleep.weights.plasticity       | INFO  | Hard-clipped 30 w_cons parameters to delta_max=0.1000 bound.
2026-08-11 16:19:06 | sleep.sleep_engine.train       | INFO  |   distill step 1050/1500 | loss=1.0449 (kl=0.7201 ce=0.6497) | lr=2.50e-05
2026-08-11 16:19:06 | sleep.weights.plasticity       | INFO  | Hard-clipped 31 w_cons parameters to delta_max=0.1000 bound.
2026-08-11 16:19:06 | sleep.weights.plasticity       | INFO  | Hard-clipped 32 w_cons parameters to delta_max=0.1000 bound.
2026-08-11 16:19:06 | sleep.weights.plasticity       | INFO  | Hard-clipped 33 w_cons parameters to delta_max=0.1000 bound.
2026-08-11 16:19:06 | sleep.weights.plasticity       | INFO  | Hard-clipped 33 w_cons parameters to delta_max=0.1000 bound.
2026-08-11 16:19:07 | sleep.weights.plasticity       | INFO  | Hard-clipped 34 w_cons parameters to delta_max=0.1000 bound.
2026-08-11 16:19:07 | sleep.weights.plasticity       | INFO  | Hard-clipped 34 w_cons parameters to delta_max=0.1000 bound.
2026-08-11 16:19:07 | sleep.weights.plasticity       | INFO  | Hard-clipped 33 w_cons parameters to delta_max=0.1000 bound.
2026-08-11 16:19:07 | sleep.weights.plasticity       | INFO  | Hard-clipped 34 w_cons parameters to delta_max=0.1000 bound.
2026-08-11 16:19:07 | sleep.weights.plasticity       | INFO  | Hard-clipped 30 w_cons parameters to delta_max=0.1000 bound.
2026-08-11 16:19:07 | sleep.weights.plasticity       | INFO  | Hard-clipped 31 w_cons parameters to delta_max=0.1000 bound.
2026-08-11 16:19:07 | sleep.weights.plasticity       | INFO  | Hard-clipped 32 w_cons parameters to delta_max=0.1000 bound.
2026-08-11 16:19:08 | sleep.weights.plasticity       | INFO  | Hard-clipped 32 w_cons parameters to delta_max=0.1000 bound.
2026-08-11 16:19:08 | sleep.weights.plasticity       | INFO  | Hard-clipped 34 w_cons parameters to delta_max=0.1000 bound.
2026-08-11 16:19:08 | sleep.weights.plasticity       | INFO  | Hard-clipped 34 w_cons parameters to delta_max=0.1000 bound.
2026-08-11 16:19:08 | sleep.weights.plasticity       | INFO  | Hard-clipped 34 w_cons parameters to delta_max=0.1000 bound.
2026-08-11 16:19:08 | sleep.weights.plasticity       | INFO  | Hard-clipped 34 w_cons parameters to delta_max=0.1000 bound.
2026-08-11 16:19:08 | sleep.weights.plasticity       | INFO  | Hard-clipped 35 w_cons parameters to delta_max=0.1000 bound.
2026-08-11 16:19:08 | sleep.weights.plasticity       | INFO  | Hard-clipped 35 w_cons parameters to delta_max=0.1000 bound.
2026-08-11 16:19:09 | sleep.weights.plasticity       | INFO  | Hard-clipped 35 w_cons parameters to delta_max=0.1000 bound.
2026-08-11 16:19:09 | sleep.weights.plasticity       | INFO  | Hard-clipped 35 w_cons parameters to delta_max=0.1000 bound.
2026-08-11 16:19:09 | sleep.weights.plasticity       | INFO  | Hard-clipped 35 w_cons parameters to delta_max=0.1000 bound.
2026-08-11 16:19:09 | sleep.weights.plasticity       | INFO  | Hard-clipped 35 w_cons parameters to delta_max=0.1000 bound.
2026-08-11 16:19:09 | sleep.weights.plasticity       | INFO  | Hard-clipped 35 w_cons parameters to delta_max=0.1000 bound.
2026-08-11 16:19:09 | sleep.weights.plasticity       | INFO  | Hard-clipped 35 w_cons parameters to delta_max=0.1000 bound.
2026-08-11 16:19:09 | sleep.weights.plasticity       | INFO  | Hard-clipped 35 w_cons parameters to delta_max=0.1000 bound.
2026-08-11 16:19:10 | sleep.weights.plasticity       | INFO  | Hard-clipped 35 w_cons parameters to delta_max=0.1000 bound.
2026-08-11 16:19:10 | sleep.weights.plasticity       | INFO  | Hard-clipped 35 w_cons parameters to delta_max=0.1000 bound.
2026-08-11 16:19:10 | sleep.weights.plasticity       | INFO  | Hard-clipped 35 w_cons parameters to delta_max=0.1000 bound.
2026-08-11 16:19:10 | sleep.weights.plasticity       | INFO  | Hard-clipped 35 w_cons parameters to delta_max=0.1000 bound.
2026-08-11 16:19:10 | sleep.weights.plasticity       | INFO  | Hard-clipped 34 w_cons parameters to delta_max=0.1000 bound.
2026-08-11 16:19:10 | sleep.weights.plasticity       | INFO  | Hard-clipped 34 w_cons parameters to delta_max=0.1000 bound.
2026-08-11 16:19:10 | sleep.weights.plasticity       | INFO  | Hard-clipped 33 w_cons parameters to delta_max=0.1000 bound.
2026-08-11 16:19:11 | sleep.weights.plasticity       | INFO  | Hard-clipped 29 w_cons parameters to delta_max=0.1000 bound.
2026-08-11 16:19:11 | sleep.weights.plasticity       | INFO  | Hard-clipped 26 w_cons parameters to delta_max=0.1000 bound.
2026-08-11 16:19:11 | sleep.weights.plasticity       | INFO  | Hard-clipped 26 w_cons parameters to delta_max=0.1000 bound.
2026-08-11 16:19:11 | sleep.weights.plasticity       | INFO  | Hard-clipped 31 w_cons parameters to delta_max=0.1000 bound.
2026-08-11 16:19:11 | sleep.weights.plasticity       | INFO  | Hard-clipped 32 w_cons parameters to delta_max=0.1000 bound.
2026-08-11 16:19:11 | sleep.weights.plasticity       | INFO  | Hard-clipped 27 w_cons parameters to delta_max=0.1000 bound.
2026-08-11 16:19:11 | sleep.weights.plasticity       | INFO  | Hard-clipped 25 w_cons parameters to delta_max=0.1000 bound.
2026-08-11 16:19:11 | sleep.weights.plasticity       | INFO  | Hard-clipped 25 w_cons parameters to delta_max=0.1000 bound.
2026-08-11 16:19:12 | sleep.weights.plasticity       | INFO  | Hard-clipped 25 w_cons parameters to delta_max=0.1000 bound.
2026-08-11 16:19:12 | sleep.weights.plasticity       | INFO  | Hard-clipped 25 w_cons parameters to delta_max=0.1000 bound.
2026-08-11 16:19:12 | sleep.weights.plasticity       | INFO  | Hard-clipped 26 w_cons parameters to delta_max=0.1000 bound.
2026-08-11 16:19:12 | sleep.weights.plasticity       | INFO  | Hard-clipped 28 w_cons parameters to delta_max=0.1000 bound.
2026-08-11 16:19:12 | sleep.weights.plasticity       | INFO  | Hard-clipped 29 w_cons parameters to delta_max=0.1000 bound.
2026-08-11 16:19:12 | sleep.weights.plasticity       | INFO  | Hard-clipped 33 w_cons parameters to delta_max=0.1000 bound.
2026-08-11 16:19:12 | sleep.weights.plasticity       | INFO  | Hard-clipped 33 w_cons parameters to delta_max=0.1000 bound.
2026-08-11 16:19:13 | sleep.weights.plasticity       | INFO  | Hard-clipped 33 w_cons parameters to delta_max=0.1000 bound.
2026-08-11 16:19:13 | sleep.weights.plasticity       | INFO  | Hard-clipped 33 w_cons parameters to delta_max=0.1000 bound.
2026-08-11 16:19:13 | sleep.weights.plasticity       | INFO  | Hard-clipped 34 w_cons parameters to delta_max=0.1000 bound.
2026-08-11 16:19:13 | sleep.weights.plasticity       | INFO  | Hard-clipped 35 w_cons parameters to delta_max=0.1000 bound.
2026-08-11 16:19:13 | sleep.weights.plasticity       | INFO  | Hard-clipped 35 w_cons parameters to delta_max=0.1000 bound.
2026-08-11 16:19:13 | sleep.weights.plasticity       | INFO  | Hard-clipped 35 w_cons parameters to delta_max=0.1000 bound.
2026-08-11 16:19:14 | sleep.weights.plasticity       | INFO  | Hard-clipped 35 w_cons parameters to delta_max=0.1000 bound.
2026-08-11 16:19:14 | sleep.weights.plasticity       | INFO  | Hard-clipped 35 w_cons parameters to delta_max=0.1000 bound.
2026-08-11 16:19:14 | sleep.weights.plasticity       | INFO  | Hard-clipped 35 w_cons parameters to delta_max=0.1000 bound.
2026-08-11 16:19:14 | sleep.weights.plasticity       | INFO  | Hard-clipped 35 w_cons parameters to delta_max=0.1000 bound.
2026-08-11 16:19:14 | sleep.weights.plasticity       | INFO  | Hard-clipped 35 w_cons parameters to delta_max=0.1000 bound.
2026-08-11 16:19:14 | sleep.weights.plasticity       | INFO  | Hard-clipped 35 w_cons parameters to delta_max=0.1000 bound.
2026-08-11 16:19:14 | sleep.weights.plasticity       | INFO  | Hard-clipped 33 w_cons parameters to delta_max=0.1000 bound.
2026-08-11 16:19:15 | sleep.weights.plasticity       | INFO  | Hard-clipped 32 w_cons parameters to delta_max=0.1000 bound.
2026-08-11 16:19:15 | sleep.weights.plasticity       | INFO  | Hard-clipped 32 w_cons parameters to delta_max=0.1000 bound.
2026-08-11 16:19:15 | sleep.weights.plasticity       | INFO  | Hard-clipped 19 w_cons parameters to delta_max=0.1000 bound.
2026-08-11 16:19:15 | sleep.weights.plasticity       | INFO  | Hard-clipped 22 w_cons parameters to delta_max=0.1000 bound.
2026-08-11 16:19:15 | sleep.weights.plasticity       | INFO  | Hard-clipped 20 w_cons parameters to delta_max=0.1000 bound.
2026-08-11 16:19:15 | sleep.weights.plasticity       | INFO  | Hard-clipped 20 w_cons parameters to delta_max=0.1000 bound.
2026-08-11 16:19:15 | sleep.weights.plasticity       | INFO  | Hard-clipped 20 w_cons parameters to delta_max=0.1000 bound.
2026-08-11 16:19:16 | sleep.weights.plasticity       | INFO  | Hard-clipped 19 w_cons parameters to delta_max=0.1000 bound.
2026-08-11 16:19:16 | sleep.weights.plasticity       | INFO  | Hard-clipped 21 w_cons parameters to delta_max=0.1000 bound.
2026-08-11 16:19:16 | sleep.weights.plasticity       | INFO  | Hard-clipped 23 w_cons parameters to delta_max=0.1000 bound.
2026-08-11 16:19:16 | sleep.weights.plasticity       | INFO  | Hard-clipped 25 w_cons parameters to delta_max=0.1000 bound.
2026-08-11 16:19:16 | sleep.weights.plasticity       | INFO  | Hard-clipped 26 w_cons parameters to delta_max=0.1000 bound.
2026-08-11 16:19:16 | sleep.weights.plasticity       | INFO  | Hard-clipped 29 w_cons parameters to delta_max=0.1000 bound.
2026-08-11 16:19:16 | sleep.weights.plasticity       | INFO  | Hard-clipped 31 w_cons parameters to delta_max=0.1000 bound.
2026-08-11 16:19:17 | sleep.weights.plasticity       | INFO  | Hard-clipped 33 w_cons parameters to delta_max=0.1000 bound.
2026-08-11 16:19:17 | sleep.weights.plasticity       | INFO  | Hard-clipped 34 w_cons parameters to delta_max=0.1000 bound.
2026-08-11 16:19:17 | sleep.weights.plasticity       | INFO  | Hard-clipped 35 w_cons parameters to delta_max=0.1000 bound.
2026-08-11 16:19:17 | sleep.weights.plasticity       | INFO  | Hard-clipped 35 w_cons parameters to delta_max=0.1000 bound.
2026-08-11 16:19:17 | sleep.weights.plasticity       | INFO  | Hard-clipped 35 w_cons parameters to delta_max=0.1000 bound.
2026-08-11 16:19:17 | sleep.weights.plasticity       | INFO  | Hard-clipped 35 w_cons parameters to delta_max=0.1000 bound.
2026-08-11 16:19:17 | sleep.weights.plasticity       | INFO  | Hard-clipped 35 w_cons parameters to delta_max=0.1000 bound.
2026-08-11 16:19:18 | sleep.weights.plasticity       | INFO  | Hard-clipped 35 w_cons parameters to delta_max=0.1000 bound.
2026-08-11 16:19:18 | sleep.weights.plasticity       | INFO  | Hard-clipped 35 w_cons parameters to delta_max=0.1000 bound.
2026-08-11 16:19:18 | sleep.weights.plasticity       | INFO  | Hard-clipped 35 w_cons parameters to delta_max=0.1000 bound.
2026-08-11 16:19:18 | sleep.weights.plasticity       | INFO  | Hard-clipped 35 w_cons parameters to delta_max=0.1000 bound.
2026-08-11 16:19:18 | sleep.weights.plasticity       | INFO  | Hard-clipped 34 w_cons parameters to delta_max=0.1000 bound.
2026-08-11 16:19:18 | sleep.weights.plasticity       | INFO  | Hard-clipped 35 w_cons parameters to delta_max=0.1000 bound.
2026-08-11 16:19:18 | sleep.weights.plasticity       | INFO  | Hard-clipped 35 w_cons parameters to delta_max=0.1000 bound.
2026-08-11 16:19:19 | sleep.weights.plasticity       | INFO  | Hard-clipped 35 w_cons parameters to delta_max=0.1000 bound.
2026-08-11 16:19:19 | sleep.weights.plasticity       | INFO  | Hard-clipped 35 w_cons parameters to delta_max=0.1000 bound.
2026-08-11 16:19:19 | sleep.weights.plasticity       | INFO  | Hard-clipped 34 w_cons parameters to delta_max=0.1000 bound.
2026-08-11 16:19:19 | sleep.weights.plasticity       | INFO  | Hard-clipped 34 w_cons parameters to delta_max=0.1000 bound.
2026-08-11 16:19:19 | sleep.weights.plasticity       | INFO  | Hard-clipped 34 w_cons parameters to delta_max=0.1000 bound.
2026-08-11 16:19:19 | sleep.weights.plasticity       | INFO  | Hard-clipped 33 w_cons parameters to delta_max=0.1000 bound.
2026-08-11 16:19:19 | sleep.weights.plasticity       | INFO  | Hard-clipped 33 w_cons parameters to delta_max=0.1000 bound.
2026-08-11 16:19:20 | sleep.weights.plasticity       | INFO  | Hard-clipped 33 w_cons parameters to delta_max=0.1000 bound.
2026-08-11 16:19:20 | sleep.weights.plasticity       | INFO  | Hard-clipped 33 w_cons parameters to delta_max=0.1000 bound.
2026-08-11 16:19:20 | sleep.weights.plasticity       | INFO  | Hard-clipped 33 w_cons parameters to delta_max=0.1000 bound.
2026-08-11 16:19:20 | sleep.weights.plasticity       | INFO  | Hard-clipped 34 w_cons parameters to delta_max=0.1000 bound.
2026-08-11 16:19:20 | sleep.weights.plasticity       | INFO  | Hard-clipped 34 w_cons parameters to delta_max=0.1000 bound.
2026-08-11 16:19:20 | sleep.weights.plasticity       | INFO  | Hard-clipped 34 w_cons parameters to delta_max=0.1000 bound.
2026-08-11 16:19:20 | sleep.weights.plasticity       | INFO  | Hard-clipped 34 w_cons parameters to delta_max=0.1000 bound.
2026-08-11 16:19:21 | sleep.weights.plasticity       | INFO  | Hard-clipped 35 w_cons parameters to delta_max=0.1000 bound.
2026-08-11 16:19:21 | sleep.weights.plasticity       | INFO  | Hard-clipped 35 w_cons parameters to delta_max=0.1000 bound.
2026-08-11 16:19:21 | sleep.weights.plasticity       | INFO  | Hard-clipped 35 w_cons parameters to delta_max=0.1000 bound.
2026-08-11 16:19:21 | sleep.weights.plasticity       | INFO  | Hard-clipped 35 w_cons parameters to delta_max=0.1000 bound.
2026-08-11 16:19:21 | sleep.weights.plasticity       | INFO  | Hard-clipped 35 w_cons parameters to delta_max=0.1000 bound.
2026-08-11 16:19:21 | sleep.weights.plasticity       | INFO  | Hard-clipped 35 w_cons parameters to delta_max=0.1000 bound.
2026-08-11 16:19:21 | sleep.weights.plasticity       | INFO  | Hard-clipped 28 w_cons parameters to delta_max=0.1000 bound.
2026-08-11 16:19:22 | sleep.weights.plasticity       | INFO  | Hard-clipped 28 w_cons parameters to delta_max=0.1000 bound.
2026-08-11 16:19:22 | sleep.weights.plasticity       | INFO  | Hard-clipped 28 w_cons parameters to delta_max=0.1000 bound.
2026-08-11 16:19:22 | sleep.weights.plasticity       | INFO  | Hard-clipped 29 w_cons parameters to delta_max=0.1000 bound.
2026-08-11 16:19:22 | sleep.weights.plasticity       | INFO  | Hard-clipped 30 w_cons parameters to delta_max=0.1000 bound.
2026-08-11 16:19:22 | sleep.weights.plasticity       | INFO  | Hard-clipped 32 w_cons parameters to delta_max=0.1000 bound.
2026-08-11 16:19:22 | sleep.weights.plasticity       | INFO  | Hard-clipped 34 w_cons parameters to delta_max=0.1000 bound.
2026-08-11 16:19:22 | sleep.weights.plasticity       | INFO  | Hard-clipped 35 w_cons parameters to delta_max=0.1000 bound.
2026-08-11 16:19:23 | sleep.weights.plasticity       | INFO  | Hard-clipped 35 w_cons parameters to delta_max=0.1000 bound.
2026-08-11 16:19:23 | sleep.weights.plasticity       | INFO  | Hard-clipped 35 w_cons parameters to delta_max=0.1000 bound.
2026-08-11 16:19:23 | sleep.weights.plasticity       | INFO  | Hard-clipped 35 w_cons parameters to delta_max=0.1000 bound.
2026-08-11 16:19:23 | sleep.weights.plasticity       | INFO  | Hard-clipped 35 w_cons parameters to delta_max=0.1000 bound.
2026-08-11 16:19:23 | sleep.weights.plasticity       | INFO  | Hard-clipped 35 w_cons parameters to delta_max=0.1000 bound.
2026-08-11 16:19:23 | sleep.weights.plasticity       | INFO  | Hard-clipped 34 w_cons parameters to delta_max=0.1000 bound.
2026-08-11 16:19:23 | sleep.weights.plasticity       | INFO  | Hard-clipped 35 w_cons parameters to delta_max=0.1000 bound.
2026-08-11 16:19:24 | sleep.weights.plasticity       | INFO  | Hard-clipped 35 w_cons parameters to delta_max=0.1000 bound.
2026-08-11 16:19:24 | sleep.weights.plasticity       | INFO  | Hard-clipped 35 w_cons parameters to delta_max=0.1000 bound.
2026-08-11 16:19:24 | sleep.weights.plasticity       | INFO  | Hard-clipped 35 w_cons parameters to delta_max=0.1000 bound.
2026-08-11 16:19:24 | sleep.weights.plasticity       | INFO  | Hard-clipped 35 w_cons parameters to delta_max=0.1000 bound.
2026-08-11 16:19:24 | sleep.weights.plasticity       | INFO  | Hard-clipped 35 w_cons parameters to delta_max=0.1000 bound.
2026-08-11 16:19:24 | sleep.weights.plasticity       | INFO  | Hard-clipped 35 w_cons parameters to delta_max=0.1000 bound.
2026-08-11 16:19:24 | sleep.weights.plasticity       | INFO  | Hard-clipped 35 w_cons parameters to delta_max=0.1000 bound.
2026-08-11 16:19:25 | sleep.weights.plasticity       | INFO  | Hard-clipped 35 w_cons parameters to delta_max=0.1000 bound.
2026-08-11 16:19:25 | sleep.weights.plasticity       | INFO  | Hard-clipped 35 w_cons parameters to delta_max=0.1000 bound.
2026-08-11 16:19:25 | sleep.weights.plasticity       | INFO  | Hard-clipped 35 w_cons parameters to delta_max=0.1000 bound.
2026-08-11 16:19:25 | sleep.weights.plasticity       | INFO  | Hard-clipped 35 w_cons parameters to delta_max=0.1000 bound.
2026-08-11 16:19:25 | sleep.weights.plasticity       | INFO  | Hard-clipped 35 w_cons parameters to delta_max=0.1000 bound.
2026-08-11 16:19:25 | sleep.weights.plasticity       | INFO  | Hard-clipped 35 w_cons parameters to delta_max=0.1000 bound.
2026-08-11 16:19:25 | sleep.weights.plasticity       | INFO  | Hard-clipped 35 w_cons parameters to delta_max=0.1000 bound.
2026-08-11 16:19:26 | sleep.weights.plasticity       | INFO  | Hard-clipped 35 w_cons parameters to delta_max=0.1000 bound.
2026-08-11 16:19:26 | sleep.weights.plasticity       | INFO  | Hard-clipped 35 w_cons parameters to delta_max=0.1000 bound.
2026-08-11 16:19:26 | sleep.weights.plasticity       | INFO  | Hard-clipped 35 w_cons parameters to delta_max=0.1000 bound.
2026-08-11 16:19:26 | sleep.weights.plasticity       | INFO  | Hard-clipped 35 w_cons parameters to delta_max=0.1000 bound.
2026-08-11 16:19:26 | sleep.weights.plasticity       | INFO  | Hard-clipped 35 w_cons parameters to delta_max=0.1000 bound.
2026-08-11 16:19:26 | sleep.weights.plasticity       | INFO  | Hard-clipped 35 w_cons parameters to delta_max=0.1000 bound.
2026-08-11 16:19:26 | sleep.weights.plasticity       | INFO  | Hard-clipped 35 w_cons parameters to delta_max=0.1000 bound.
2026-08-11 16:19:27 | sleep.weights.plasticity       | INFO  | Hard-clipped 35 w_cons parameters to delta_max=0.1000 bound.
2026-08-11 16:19:27 | sleep.weights.plasticity       | INFO  | Hard-clipped 35 w_cons parameters to delta_max=0.1000 bound.
2026-08-11 16:19:27 | sleep.weights.plasticity       | INFO  | Hard-clipped 35 w_cons parameters to delta_max=0.1000 bound.
2026-08-11 16:19:27 | sleep.weights.plasticity       | INFO  | Hard-clipped 35 w_cons parameters to delta_max=0.1000 bound.
2026-08-11 16:19:27 | sleep.weights.plasticity       | INFO  | Hard-clipped 35 w_cons parameters to delta_max=0.1000 bound.
2026-08-11 16:19:27 | sleep.weights.plasticity       | INFO  | Hard-clipped 35 w_cons parameters to delta_max=0.1000 bound.
2026-08-11 16:19:27 | sleep.sleep_engine.train       | INFO  |   distill step 1200/1500 | loss=0.5188 (kl=0.3035 ce=0.4307) | lr=1.17e-05
2026-08-11 16:19:27 | sleep.weights.plasticity       | INFO  | Hard-clipped 35 w_cons parameters to delta_max=0.1000 bound.
2026-08-11 16:19:28 | sleep.weights.plasticity       | INFO  | Hard-clipped 34 w_cons parameters to delta_max=0.1000 bound.
2026-08-11 16:19:28 | sleep.weights.plasticity       | INFO  | Hard-clipped 35 w_cons parameters to delta_max=0.1000 bound.
2026-08-11 16:19:28 | sleep.weights.plasticity       | INFO  | Hard-clipped 35 w_cons parameters to delta_max=0.1000 bound.
2026-08-11 16:19:28 | sleep.weights.plasticity       | INFO  | Hard-clipped 34 w_cons parameters to delta_max=0.1000 bound.
2026-08-11 16:19:28 | sleep.weights.plasticity       | INFO  | Hard-clipped 34 w_cons parameters to delta_max=0.1000 bound.
2026-08-11 16:19:28 | sleep.weights.plasticity       | INFO  | Hard-clipped 35 w_cons parameters to delta_max=0.1000 bound.
2026-08-11 16:19:28 | sleep.weights.plasticity       | INFO  | Hard-clipped 35 w_cons parameters to delta_max=0.1000 bound.
2026-08-11 16:19:29 | sleep.weights.plasticity       | INFO  | Hard-clipped 32 w_cons parameters to delta_max=0.1000 bound.
2026-08-11 16:19:29 | sleep.weights.plasticity       | INFO  | Hard-clipped 34 w_cons parameters to delta_max=0.1000 bound.
2026-08-11 16:19:29 | sleep.weights.plasticity       | INFO  | Hard-clipped 34 w_cons parameters to delta_max=0.1000 bound.
2026-08-11 16:19:29 | sleep.weights.plasticity       | INFO  | Hard-clipped 33 w_cons parameters to delta_max=0.1000 bound.
2026-08-11 16:19:29 | sleep.weights.plasticity       | INFO  | Hard-clipped 33 w_cons parameters to delta_max=0.1000 bound.
2026-08-11 16:19:29 | sleep.weights.plasticity       | INFO  | Hard-clipped 32 w_cons parameters to delta_max=0.1000 bound.
2026-08-11 16:19:29 | sleep.weights.plasticity       | INFO  | Hard-clipped 30 w_cons parameters to delta_max=0.1000 bound.
2026-08-11 16:19:30 | sleep.weights.plasticity       | INFO  | Hard-clipped 31 w_cons parameters to delta_max=0.1000 bound.
2026-08-11 16:19:30 | sleep.weights.plasticity       | INFO  | Hard-clipped 32 w_cons parameters to delta_max=0.1000 bound.
2026-08-11 16:19:30 | sleep.weights.plasticity       | INFO  | Hard-clipped 33 w_cons parameters to delta_max=0.1000 bound.
2026-08-11 16:19:30 | sleep.weights.plasticity       | INFO  | Hard-clipped 34 w_cons parameters to delta_max=0.1000 bound.
2026-08-11 16:19:30 | sleep.weights.plasticity       | INFO  | Hard-clipped 34 w_cons parameters to delta_max=0.1000 bound.
2026-08-11 16:19:30 | sleep.weights.plasticity       | INFO  | Hard-clipped 34 w_cons parameters to delta_max=0.1000 bound.
2026-08-11 16:19:30 | sleep.weights.plasticity       | INFO  | Hard-clipped 34 w_cons parameters to delta_max=0.1000 bound.
2026-08-11 16:19:31 | sleep.weights.plasticity       | INFO  | Hard-clipped 35 w_cons parameters to delta_max=0.1000 bound.
2026-08-11 16:19:31 | sleep.weights.plasticity       | INFO  | Hard-clipped 34 w_cons parameters to delta_max=0.1000 bound.
2026-08-11 16:19:31 | sleep.weights.plasticity       | INFO  | Hard-clipped 29 w_cons parameters to delta_max=0.1000 bound.
2026-08-11 16:19:31 | sleep.weights.plasticity       | INFO  | Hard-clipped 29 w_cons parameters to delta_max=0.1000 bound.
2026-08-11 16:19:31 | sleep.weights.plasticity       | INFO  | Hard-clipped 29 w_cons parameters to delta_max=0.1000 bound.
2026-08-11 16:19:31 | sleep.weights.plasticity       | INFO  | Hard-clipped 30 w_cons parameters to delta_max=0.1000 bound.
2026-08-11 16:19:31 | sleep.weights.plasticity       | INFO  | Hard-clipped 31 w_cons parameters to delta_max=0.1000 bound.
2026-08-11 16:19:32 | sleep.weights.plasticity       | INFO  | Hard-clipped 32 w_cons parameters to delta_max=0.1000 bound.
2026-08-11 16:19:32 | sleep.weights.plasticity       | INFO  | Hard-clipped 31 w_cons parameters to delta_max=0.1000 bound.
2026-08-11 16:19:32 | sleep.weights.plasticity       | INFO  | Hard-clipped 35 w_cons parameters to delta_max=0.1000 bound.
2026-08-11 16:19:32 | sleep.weights.plasticity       | INFO  | Hard-clipped 35 w_cons parameters to delta_max=0.1000 bound.
2026-08-11 16:19:32 | sleep.weights.plasticity       | INFO  | Hard-clipped 35 w_cons parameters to delta_max=0.1000 bound.
2026-08-11 16:19:32 | sleep.weights.plasticity       | INFO  | Hard-clipped 35 w_cons parameters to delta_max=0.1000 bound.
2026-08-11 16:19:32 | sleep.weights.plasticity       | INFO  | Hard-clipped 35 w_cons parameters to delta_max=0.1000 bound.
2026-08-11 16:19:33 | sleep.weights.plasticity       | INFO  | Hard-clipped 35 w_cons parameters to delta_max=0.1000 bound.
2026-08-11 16:19:33 | sleep.weights.plasticity       | INFO  | Hard-clipped 35 w_cons parameters to delta_max=0.1000 bound.
2026-08-11 16:19:33 | sleep.weights.plasticity       | INFO  | Hard-clipped 35 w_cons parameters to delta_max=0.1000 bound.
2026-08-11 16:19:33 | sleep.weights.plasticity       | INFO  | Hard-clipped 35 w_cons parameters to delta_max=0.1000 bound.
2026-08-11 16:19:33 | sleep.weights.plasticity       | INFO  | Hard-clipped 35 w_cons parameters to delta_max=0.1000 bound.
2026-08-11 16:19:33 | sleep.weights.plasticity       | INFO  | Hard-clipped 35 w_cons parameters to delta_max=0.1000 bound.
2026-08-11 16:19:33 | sleep.weights.plasticity       | INFO  | Hard-clipped 34 w_cons parameters to delta_max=0.1000 bound.
2026-08-11 16:19:34 | sleep.weights.plasticity       | INFO  | Hard-clipped 31 w_cons parameters to delta_max=0.1000 bound.
2026-08-11 16:19:34 | sleep.weights.plasticity       | INFO  | Hard-clipped 31 w_cons parameters to delta_max=0.1000 bound.
2026-08-11 16:19:34 | sleep.weights.plasticity       | INFO  | Hard-clipped 31 w_cons parameters to delta_max=0.1000 bound.
2026-08-11 16:19:34 | sleep.weights.plasticity       | INFO  | Hard-clipped 34 w_cons parameters to delta_max=0.1000 bound.
2026-08-11 16:19:34 | sleep.weights.plasticity       | INFO  | Hard-clipped 33 w_cons parameters to delta_max=0.1000 bound.
2026-08-11 16:19:34 | sleep.weights.plasticity       | INFO  | Hard-clipped 30 w_cons parameters to delta_max=0.1000 bound.
2026-08-11 16:19:34 | sleep.weights.plasticity       | INFO  | Hard-clipped 29 w_cons parameters to delta_max=0.1000 bound.
2026-08-11 16:19:35 | sleep.weights.plasticity       | INFO  | Hard-clipped 29 w_cons parameters to delta_max=0.1000 bound.
2026-08-11 16:19:35 | sleep.weights.plasticity       | INFO  | Hard-clipped 28 w_cons parameters to delta_max=0.1000 bound.
2026-08-11 16:19:35 | sleep.weights.plasticity       | INFO  | Hard-clipped 26 w_cons parameters to delta_max=0.1000 bound.
2026-08-11 16:19:35 | sleep.weights.plasticity       | INFO  | Hard-clipped 28 w_cons parameters to delta_max=0.1000 bound.
2026-08-11 16:19:35 | sleep.weights.plasticity       | INFO  | Hard-clipped 28 w_cons parameters to delta_max=0.1000 bound.
2026-08-11 16:19:35 | sleep.weights.plasticity       | INFO  | Hard-clipped 27 w_cons parameters to delta_max=0.1000 bound.
2026-08-11 16:19:35 | sleep.weights.plasticity       | INFO  | Hard-clipped 29 w_cons parameters to delta_max=0.1000 bound.
2026-08-11 16:19:36 | sleep.weights.plasticity       | INFO  | Hard-clipped 29 w_cons parameters to delta_max=0.1000 bound.
2026-08-11 16:19:36 | sleep.weights.plasticity       | INFO  | Hard-clipped 30 w_cons parameters to delta_max=0.1000 bound.
2026-08-11 16:19:36 | sleep.weights.plasticity       | INFO  | Hard-clipped 29 w_cons parameters to delta_max=0.1000 bound.
2026-08-11 16:19:36 | sleep.weights.plasticity       | INFO  | Hard-clipped 29 w_cons parameters to delta_max=0.1000 bound.
2026-08-11 16:19:36 | sleep.weights.plasticity       | INFO  | Hard-clipped 30 w_cons parameters to delta_max=0.1000 bound.
2026-08-11 16:19:36 | sleep.weights.plasticity       | INFO  | Hard-clipped 30 w_cons parameters to delta_max=0.1000 bound.
2026-08-11 16:19:36 | sleep.weights.plasticity       | INFO  | Hard-clipped 32 w_cons parameters to delta_max=0.1000 bound.
2026-08-11 16:19:37 | sleep.weights.plasticity       | INFO  | Hard-clipped 33 w_cons parameters to delta_max=0.1000 bound.
2026-08-11 16:19:37 | sleep.weights.plasticity       | INFO  | Hard-clipped 33 w_cons parameters to delta_max=0.1000 bound.
2026-08-11 16:19:37 | sleep.weights.plasticity       | INFO  | Hard-clipped 34 w_cons parameters to delta_max=0.1000 bound.
2026-08-11 16:19:37 | sleep.weights.plasticity       | INFO  | Hard-clipped 35 w_cons parameters to delta_max=0.1000 bound.
2026-08-11 16:19:37 | sleep.weights.plasticity       | INFO  | Hard-clipped 33 w_cons parameters to delta_max=0.1000 bound.
2026-08-11 16:19:37 | sleep.weights.plasticity       | INFO  | Hard-clipped 33 w_cons parameters to delta_max=0.1000 bound.
2026-08-11 16:19:37 | sleep.weights.plasticity       | INFO  | Hard-clipped 32 w_cons parameters to delta_max=0.1000 bound.
2026-08-11 16:19:38 | sleep.weights.plasticity       | INFO  | Hard-clipped 33 w_cons parameters to delta_max=0.1000 bound.
2026-08-11 16:19:38 | sleep.weights.plasticity       | INFO  | Hard-clipped 33 w_cons parameters to delta_max=0.1000 bound.
2026-08-11 16:19:38 | sleep.weights.plasticity       | INFO  | Hard-clipped 32 w_cons parameters to delta_max=0.1000 bound.
2026-08-11 16:19:38 | sleep.weights.plasticity       | INFO  | Hard-clipped 32 w_cons parameters to delta_max=0.1000 bound.
2026-08-11 16:19:38 | sleep.weights.plasticity       | INFO  | Hard-clipped 34 w_cons parameters to delta_max=0.1000 bound.
2026-08-11 16:19:38 | sleep.weights.plasticity       | INFO  | Hard-clipped 34 w_cons parameters to delta_max=0.1000 bound.
2026-08-11 16:19:38 | sleep.weights.plasticity       | INFO  | Hard-clipped 34 w_cons parameters to delta_max=0.1000 bound.
2026-08-11 16:19:39 | sleep.weights.plasticity       | INFO  | Hard-clipped 35 w_cons parameters to delta_max=0.1000 bound.
2026-08-11 16:19:39 | sleep.weights.plasticity       | INFO  | Hard-clipped 35 w_cons parameters to delta_max=0.1000 bound.
2026-08-11 16:19:39 | sleep.weights.plasticity       | INFO  | Hard-clipped 35 w_cons parameters to delta_max=0.1000 bound.
2026-08-11 16:19:39 | sleep.weights.plasticity       | INFO  | Hard-clipped 35 w_cons parameters to delta_max=0.1000 bound.
2026-08-11 16:19:39 | sleep.weights.plasticity       | INFO  | Hard-clipped 35 w_cons parameters to delta_max=0.1000 bound.
2026-08-11 16:19:39 | sleep.weights.plasticity       | INFO  | Hard-clipped 35 w_cons parameters to delta_max=0.1000 bound.
2026-08-11 16:19:39 | sleep.weights.plasticity       | INFO  | Hard-clipped 35 w_cons parameters to delta_max=0.1000 bound.
2026-08-11 16:19:40 | sleep.weights.plasticity       | INFO  | Hard-clipped 35 w_cons parameters to delta_max=0.1000 bound.
2026-08-11 16:19:40 | sleep.weights.plasticity       | INFO  | Hard-clipped 35 w_cons parameters to delta_max=0.1000 bound.
2026-08-11 16:19:40 | sleep.weights.plasticity       | INFO  | Hard-clipped 35 w_cons parameters to delta_max=0.1000 bound.
2026-08-11 16:19:40 | sleep.weights.plasticity       | INFO  | Hard-clipped 34 w_cons parameters to delta_max=0.1000 bound.
2026-08-11 16:19:40 | sleep.weights.plasticity       | INFO  | Hard-clipped 34 w_cons parameters to delta_max=0.1000 bound.
2026-08-11 16:19:40 | sleep.weights.plasticity       | INFO  | Hard-clipped 34 w_cons parameters to delta_max=0.1000 bound.
2026-08-11 16:19:40 | sleep.weights.plasticity       | INFO  | Hard-clipped 34 w_cons parameters to delta_max=0.1000 bound.
2026-08-11 16:19:41 | sleep.weights.plasticity       | INFO  | Hard-clipped 29 w_cons parameters to delta_max=0.1000 bound.
2026-08-11 16:19:41 | sleep.weights.plasticity       | INFO  | Hard-clipped 27 w_cons parameters to delta_max=0.1000 bound.
2026-08-11 16:19:41 | sleep.weights.plasticity       | INFO  | Hard-clipped 25 w_cons parameters to delta_max=0.1000 bound.
2026-08-11 16:19:41 | sleep.weights.plasticity       | INFO  | Hard-clipped 23 w_cons parameters to delta_max=0.1000 bound.
2026-08-11 16:19:41 | sleep.weights.plasticity       | INFO  | Hard-clipped 26 w_cons parameters to delta_max=0.1000 bound.
2026-08-11 16:19:41 | sleep.weights.plasticity       | INFO  | Hard-clipped 27 w_cons parameters to delta_max=0.1000 bound.
2026-08-11 16:19:41 | sleep.weights.plasticity       | INFO  | Hard-clipped 27 w_cons parameters to delta_max=0.1000 bound.
2026-08-11 16:19:42 | sleep.weights.plasticity       | INFO  | Hard-clipped 28 w_cons parameters to delta_max=0.1000 bound.
2026-08-11 16:19:42 | sleep.weights.plasticity       | INFO  | Hard-clipped 28 w_cons parameters to delta_max=0.1000 bound.
2026-08-11 16:19:42 | sleep.weights.plasticity       | INFO  | Hard-clipped 29 w_cons parameters to delta_max=0.1000 bound.
2026-08-11 16:19:42 | sleep.weights.plasticity       | INFO  | Hard-clipped 30 w_cons parameters to delta_max=0.1000 bound.
2026-08-11 16:19:42 | sleep.weights.plasticity       | INFO  | Hard-clipped 30 w_cons parameters to delta_max=0.1000 bound.
2026-08-11 16:19:42 | sleep.weights.plasticity       | INFO  | Hard-clipped 30 w_cons parameters to delta_max=0.1000 bound.
2026-08-11 16:19:42 | sleep.weights.plasticity       | INFO  | Hard-clipped 30 w_cons parameters to delta_max=0.1000 bound.
2026-08-11 16:19:43 | sleep.weights.plasticity       | INFO  | Hard-clipped 31 w_cons parameters to delta_max=0.1000 bound.
2026-08-11 16:19:43 | sleep.weights.plasticity       | INFO  | Hard-clipped 31 w_cons parameters to delta_max=0.1000 bound.
2026-08-11 16:19:43 | sleep.weights.plasticity       | INFO  | Hard-clipped 32 w_cons parameters to delta_max=0.1000 bound.
2026-08-11 16:19:43 | sleep.weights.plasticity       | INFO  | Hard-clipped 34 w_cons parameters to delta_max=0.1000 bound.
2026-08-11 16:19:43 | sleep.weights.plasticity       | INFO  | Hard-clipped 34 w_cons parameters to delta_max=0.1000 bound.
2026-08-11 16:19:43 | sleep.weights.plasticity       | INFO  | Hard-clipped 35 w_cons parameters to delta_max=0.1000 bound.
2026-08-11 16:19:44 | sleep.weights.plasticity       | INFO  | Hard-clipped 35 w_cons parameters to delta_max=0.1000 bound.
2026-08-11 16:19:44 | sleep.weights.plasticity       | INFO  | Hard-clipped 35 w_cons parameters to delta_max=0.1000 bound.
2026-08-11 16:19:44 | sleep.weights.plasticity       | INFO  | Hard-clipped 35 w_cons parameters to delta_max=0.1000 bound.
2026-08-11 16:19:44 | sleep.weights.plasticity       | INFO  | Hard-clipped 35 w_cons parameters to delta_max=0.1000 bound.
2026-08-11 16:19:44 | sleep.weights.plasticity       | INFO  | Hard-clipped 35 w_cons parameters to delta_max=0.1000 bound.
2026-08-11 16:19:44 | sleep.weights.plasticity       | INFO  | Hard-clipped 35 w_cons parameters to delta_max=0.1000 bound.
2026-08-11 16:19:45 | sleep.weights.plasticity       | INFO  | Hard-clipped 35 w_cons parameters to delta_max=0.1000 bound.
2026-08-11 16:19:45 | sleep.weights.plasticity       | INFO  | Hard-clipped 35 w_cons parameters to delta_max=0.1000 bound.
2026-08-11 16:19:45 | sleep.weights.plasticity       | INFO  | Hard-clipped 35 w_cons parameters to delta_max=0.1000 bound.
2026-08-11 16:19:45 | sleep.weights.plasticity       | INFO  | Hard-clipped 35 w_cons parameters to delta_max=0.1000 bound.
2026-08-11 16:19:45 | sleep.weights.plasticity       | INFO  | Hard-clipped 35 w_cons parameters to delta_max=0.1000 bound.
2026-08-11 16:19:45 | sleep.weights.plasticity       | INFO  | Hard-clipped 35 w_cons parameters to delta_max=0.1000 bound.
2026-08-11 16:19:46 | sleep.weights.plasticity       | INFO  | Hard-clipped 35 w_cons parameters to delta_max=0.1000 bound.
2026-08-11 16:19:46 | sleep.weights.plasticity       | INFO  | Hard-clipped 35 w_cons parameters to delta_max=0.1000 bound.
2026-08-11 16:19:46 | sleep.weights.plasticity       | INFO  | Hard-clipped 35 w_cons parameters to delta_max=0.1000 bound.
2026-08-11 16:19:46 | sleep.weights.plasticity       | INFO  | Hard-clipped 35 w_cons parameters to delta_max=0.1000 bound.
2026-08-11 16:19:46 | sleep.weights.plasticity       | INFO  | Hard-clipped 35 w_cons parameters to delta_max=0.1000 bound.
2026-08-11 16:19:46 | sleep.weights.plasticity       | INFO  | Hard-clipped 35 w_cons parameters to delta_max=0.1000 bound.
2026-08-11 16:19:46 | sleep.weights.plasticity       | INFO  | Hard-clipped 35 w_cons parameters to delta_max=0.1000 bound.
2026-08-11 16:19:47 | sleep.weights.plasticity       | INFO  | Hard-clipped 35 w_cons parameters to delta_max=0.1000 bound.
2026-08-11 16:19:47 | sleep.weights.plasticity       | INFO  | Hard-clipped 35 w_cons parameters to delta_max=0.1000 bound.
2026-08-11 16:19:47 | sleep.weights.plasticity       | INFO  | Hard-clipped 35 w_cons parameters to delta_max=0.1000 bound.
2026-08-11 16:19:47 | sleep.weights.plasticity       | INFO  | Hard-clipped 35 w_cons parameters to delta_max=0.1000 bound.
2026-08-11 16:19:47 | sleep.weights.plasticity       | INFO  | Hard-clipped 33 w_cons parameters to delta_max=0.1000 bound.
2026-08-11 16:19:47 | sleep.weights.plasticity       | INFO  | Hard-clipped 33 w_cons parameters to delta_max=0.1000 bound.
2026-08-11 16:19:47 | sleep.weights.plasticity       | INFO  | Hard-clipped 33 w_cons parameters to delta_max=0.1000 bound.
2026-08-11 16:19:48 | sleep.weights.plasticity       | INFO  | Hard-clipped 32 w_cons parameters to delta_max=0.1000 bound.
2026-08-11 16:19:48 | sleep.weights.plasticity       | INFO  | Hard-clipped 31 w_cons parameters to delta_max=0.1000 bound.
2026-08-11 16:19:48 | sleep.weights.plasticity       | INFO  | Hard-clipped 30 w_cons parameters to delta_max=0.1000 bound.
2026-08-11 16:19:48 | sleep.weights.plasticity       | INFO  | Hard-clipped 26 w_cons parameters to delta_max=0.1000 bound.
2026-08-11 16:19:48 | sleep.weights.plasticity       | INFO  | Hard-clipped 27 w_cons parameters to delta_max=0.1000 bound.
2026-08-11 16:19:48 | sleep.weights.plasticity       | INFO  | Hard-clipped 21 w_cons parameters to delta_max=0.1000 bound.
2026-08-11 16:19:49 | sleep.weights.plasticity       | INFO  | Hard-clipped 18 w_cons parameters to delta_max=0.1000 bound.
2026-08-11 16:19:49 | sleep.weights.plasticity       | INFO  | Hard-clipped 26 w_cons parameters to delta_max=0.1000 bound.
2026-08-11 16:19:49 | sleep.weights.plasticity       | INFO  | Hard-clipped 27 w_cons parameters to delta_max=0.1000 bound.
2026-08-11 16:19:49 | sleep.weights.plasticity       | INFO  | Hard-clipped 28 w_cons parameters to delta_max=0.1000 bound.
2026-08-11 16:19:49 | sleep.weights.plasticity       | INFO  | Hard-clipped 30 w_cons parameters to delta_max=0.1000 bound.
2026-08-11 16:19:49 | sleep.weights.plasticity       | INFO  | Hard-clipped 29 w_cons parameters to delta_max=0.1000 bound.
2026-08-11 16:19:49 | sleep.sleep_engine.train       | INFO  |   distill step 1350/1500 | loss=0.5696 (kl=0.3966 ce=0.3461) | lr=3.02e-06
2026-08-11 16:19:49 | sleep.weights.plasticity       | INFO  | Hard-clipped 29 w_cons parameters to delta_max=0.1000 bound.
2026-08-11 16:19:50 | sleep.weights.plasticity       | INFO  | Hard-clipped 29 w_cons parameters to delta_max=0.1000 bound.
2026-08-11 16:19:50 | sleep.weights.plasticity       | INFO  | Hard-clipped 30 w_cons parameters to delta_max=0.1000 bound.
2026-08-11 16:19:50 | sleep.weights.plasticity       | INFO  | Hard-clipped 30 w_cons parameters to delta_max=0.1000 bound.
2026-08-11 16:19:50 | sleep.weights.plasticity       | INFO  | Hard-clipped 31 w_cons parameters to delta_max=0.1000 bound.
2026-08-11 16:19:50 | sleep.weights.plasticity       | INFO  | Hard-clipped 31 w_cons parameters to delta_max=0.1000 bound.
2026-08-11 16:19:50 | sleep.weights.plasticity       | INFO  | Hard-clipped 31 w_cons parameters to delta_max=0.1000 bound.
2026-08-11 16:19:50 | sleep.weights.plasticity       | INFO  | Hard-clipped 32 w_cons parameters to delta_max=0.1000 bound.
2026-08-11 16:19:51 | sleep.weights.plasticity       | INFO  | Hard-clipped 33 w_cons parameters to delta_max=0.1000 bound.
2026-08-11 16:19:51 | sleep.weights.plasticity       | INFO  | Hard-clipped 33 w_cons parameters to delta_max=0.1000 bound.
2026-08-11 16:19:51 | sleep.weights.plasticity       | INFO  | Hard-clipped 33 w_cons parameters to delta_max=0.1000 bound.
2026-08-11 16:19:51 | sleep.weights.plasticity       | INFO  | Hard-clipped 33 w_cons parameters to delta_max=0.1000 bound.
2026-08-11 16:19:51 | sleep.weights.plasticity       | INFO  | Hard-clipped 34 w_cons parameters to delta_max=0.1000 bound.
2026-08-11 16:19:51 | sleep.weights.plasticity       | INFO  | Hard-clipped 34 w_cons parameters to delta_max=0.1000 bound.
2026-08-11 16:19:51 | sleep.weights.plasticity       | INFO  | Hard-clipped 33 w_cons parameters to delta_max=0.1000 bound.
2026-08-11 16:19:52 | sleep.weights.plasticity       | INFO  | Hard-clipped 34 w_cons parameters to delta_max=0.1000 bound.
2026-08-11 16:19:52 | sleep.weights.plasticity       | INFO  | Hard-clipped 35 w_cons parameters to delta_max=0.1000 bound.
2026-08-11 16:19:52 | sleep.weights.plasticity       | INFO  | Hard-clipped 34 w_cons parameters to delta_max=0.1000 bound.
2026-08-11 16:19:52 | sleep.weights.plasticity       | INFO  | Hard-clipped 34 w_cons parameters to delta_max=0.1000 bound.
2026-08-11 16:19:52 | sleep.weights.plasticity       | INFO  | Hard-clipped 35 w_cons parameters to delta_max=0.1000 bound.
2026-08-11 16:19:52 | sleep.weights.plasticity       | INFO  | Hard-clipped 35 w_cons parameters to delta_max=0.1000 bound.
2026-08-11 16:19:53 | sleep.weights.plasticity       | INFO  | Hard-clipped 35 w_cons parameters to delta_max=0.1000 bound.
2026-08-11 16:19:53 | sleep.weights.plasticity       | INFO  | Hard-clipped 35 w_cons parameters to delta_max=0.1000 bound.
2026-08-11 16:19:53 | sleep.weights.plasticity       | INFO  | Hard-clipped 35 w_cons parameters to delta_max=0.1000 bound.
2026-08-11 16:19:53 | sleep.weights.plasticity       | INFO  | Hard-clipped 35 w_cons parameters to delta_max=0.1000 bound.
2026-08-11 16:19:53 | sleep.weights.plasticity       | INFO  | Hard-clipped 33 w_cons parameters to delta_max=0.1000 bound.
2026-08-11 16:19:53 | sleep.weights.plasticity       | INFO  | Hard-clipped 34 w_cons parameters to delta_max=0.1000 bound.
2026-08-11 16:19:53 | sleep.weights.plasticity       | INFO  | Hard-clipped 34 w_cons parameters to delta_max=0.1000 bound.
2026-08-11 16:19:54 | sleep.weights.plasticity       | INFO  | Hard-clipped 34 w_cons parameters to delta_max=0.1000 bound.
2026-08-11 16:19:54 | sleep.weights.plasticity       | INFO  | Hard-clipped 34 w_cons parameters to delta_max=0.1000 bound.
2026-08-11 16:19:54 | sleep.weights.plasticity       | INFO  | Hard-clipped 31 w_cons parameters to delta_max=0.1000 bound.
2026-08-11 16:19:54 | sleep.weights.plasticity       | INFO  | Hard-clipped 33 w_cons parameters to delta_max=0.1000 bound.
2026-08-11 16:19:54 | sleep.weights.plasticity       | INFO  | Hard-clipped 32 w_cons parameters to delta_max=0.1000 bound.
2026-08-11 16:19:54 | sleep.weights.plasticity       | INFO  | Hard-clipped 31 w_cons parameters to delta_max=0.1000 bound.
2026-08-11 16:19:54 | sleep.weights.plasticity       | INFO  | Hard-clipped 28 w_cons parameters to delta_max=0.1000 bound.
2026-08-11 16:19:55 | sleep.weights.plasticity       | INFO  | Hard-clipped 25 w_cons parameters to delta_max=0.1000 bound.
2026-08-11 16:19:55 | sleep.weights.plasticity       | INFO  | Hard-clipped 25 w_cons parameters to delta_max=0.1000 bound.
2026-08-11 16:19:55 | sleep.weights.plasticity       | INFO  | Hard-clipped 21 w_cons parameters to delta_max=0.1000 bound.
2026-08-11 16:19:55 | sleep.weights.plasticity       | INFO  | Hard-clipped 22 w_cons parameters to delta_max=0.1000 bound.
2026-08-11 16:19:55 | sleep.weights.plasticity       | INFO  | Hard-clipped 26 w_cons parameters to delta_max=0.1000 bound.
2026-08-11 16:19:55 | sleep.weights.plasticity       | INFO  | Hard-clipped 27 w_cons parameters to delta_max=0.1000 bound.
2026-08-11 16:19:55 | sleep.weights.plasticity       | INFO  | Hard-clipped 29 w_cons parameters to delta_max=0.1000 bound.
2026-08-11 16:19:56 | sleep.weights.plasticity       | INFO  | Hard-clipped 29 w_cons parameters to delta_max=0.1000 bound.
2026-08-11 16:19:56 | sleep.weights.plasticity       | INFO  | Hard-clipped 30 w_cons parameters to delta_max=0.1000 bound.
2026-08-11 16:19:56 | sleep.weights.plasticity       | INFO  | Hard-clipped 32 w_cons parameters to delta_max=0.1000 bound.
2026-08-11 16:19:56 | sleep.weights.plasticity       | INFO  | Hard-clipped 31 w_cons parameters to delta_max=0.1000 bound.
2026-08-11 16:19:56 | sleep.weights.plasticity       | INFO  | Hard-clipped 31 w_cons parameters to delta_max=0.1000 bound.
2026-08-11 16:19:56 | sleep.weights.plasticity       | INFO  | Hard-clipped 33 w_cons parameters to delta_max=0.1000 bound.
2026-08-11 16:19:56 | sleep.weights.plasticity       | INFO  | Hard-clipped 31 w_cons parameters to delta_max=0.1000 bound.
2026-08-11 16:19:57 | sleep.weights.plasticity       | INFO  | Hard-clipped 32 w_cons parameters to delta_max=0.1000 bound.
2026-08-11 16:19:57 | sleep.weights.plasticity       | INFO  | Hard-clipped 34 w_cons parameters to delta_max=0.1000 bound.
2026-08-11 16:19:57 | sleep.weights.plasticity       | INFO  | Hard-clipped 34 w_cons parameters to delta_max=0.1000 bound.
2026-08-11 16:19:57 | sleep.weights.plasticity       | INFO  | Hard-clipped 34 w_cons parameters to delta_max=0.1000 bound.
2026-08-11 16:19:57 | sleep.weights.plasticity       | INFO  | Hard-clipped 34 w_cons parameters to delta_max=0.1000 bound.
2026-08-11 16:19:57 | sleep.weights.plasticity       | INFO  | Hard-clipped 34 w_cons parameters to delta_max=0.1000 bound.
2026-08-11 16:19:58 | sleep.weights.plasticity       | INFO  | Hard-clipped 34 w_cons parameters to delta_max=0.1000 bound.
2026-08-11 16:19:58 | sleep.weights.plasticity       | INFO  | Hard-clipped 34 w_cons parameters to delta_max=0.1000 bound.
2026-08-11 16:19:58 | sleep.weights.plasticity       | INFO  | Hard-clipped 34 w_cons parameters to delta_max=0.1000 bound.
2026-08-11 16:19:58 | sleep.weights.plasticity       | INFO  | Hard-clipped 34 w_cons parameters to delta_max=0.1000 bound.
2026-08-11 16:19:58 | sleep.weights.plasticity       | INFO  | Hard-clipped 34 w_cons parameters to delta_max=0.1000 bound.
2026-08-11 16:19:58 | sleep.weights.plasticity       | INFO  | Hard-clipped 33 w_cons parameters to delta_max=0.1000 bound.
2026-08-11 16:19:58 | sleep.weights.plasticity       | INFO  | Hard-clipped 33 w_cons parameters to delta_max=0.1000 bound.
2026-08-11 16:19:59 | sleep.weights.plasticity       | INFO  | Hard-clipped 33 w_cons parameters to delta_max=0.1000 bound.
2026-08-11 16:19:59 | sleep.weights.plasticity       | INFO  | Hard-clipped 33 w_cons parameters to delta_max=0.1000 bound.
2026-08-11 16:19:59 | sleep.weights.plasticity       | INFO  | Hard-clipped 35 w_cons parameters to delta_max=0.1000 bound.
2026-08-11 16:19:59 | sleep.weights.plasticity       | INFO  | Hard-clipped 35 w_cons parameters to delta_max=0.1000 bound.
2026-08-11 16:19:59 | sleep.weights.plasticity       | INFO  | Hard-clipped 35 w_cons parameters to delta_max=0.1000 bound.
2026-08-11 16:19:59 | sleep.weights.plasticity       | INFO  | Hard-clipped 35 w_cons parameters to delta_max=0.1000 bound.
2026-08-11 16:19:59 | sleep.weights.plasticity       | INFO  | Hard-clipped 35 w_cons parameters to delta_max=0.1000 bound.
2026-08-11 16:20:00 | sleep.weights.plasticity       | INFO  | Hard-clipped 35 w_cons parameters to delta_max=0.1000 bound.
2026-08-11 16:20:00 | sleep.weights.plasticity       | INFO  | Hard-clipped 35 w_cons parameters to delta_max=0.1000 bound.
2026-08-11 16:20:00 | sleep.weights.plasticity       | INFO  | Hard-clipped 35 w_cons parameters to delta_max=0.1000 bound.
2026-08-11 16:20:00 | sleep.weights.plasticity       | INFO  | Hard-clipped 35 w_cons parameters to delta_max=0.1000 bound.
2026-08-11 16:20:00 | sleep.weights.plasticity       | INFO  | Hard-clipped 35 w_cons parameters to delta_max=0.1000 bound.
2026-08-11 16:20:00 | sleep.weights.plasticity       | INFO  | Hard-clipped 35 w_cons parameters to delta_max=0.1000 bound.
2026-08-11 16:20:00 | sleep.weights.plasticity       | INFO  | Hard-clipped 35 w_cons parameters to delta_max=0.1000 bound.
2026-08-11 16:20:01 | sleep.weights.plasticity       | INFO  | Hard-clipped 35 w_cons parameters to delta_max=0.1000 bound.
2026-08-11 16:20:01 | sleep.weights.plasticity       | INFO  | Hard-clipped 35 w_cons parameters to delta_max=0.1000 bound.
2026-08-11 16:20:01 | sleep.weights.plasticity       | INFO  | Hard-clipped 35 w_cons parameters to delta_max=0.1000 bound.
2026-08-11 16:20:01 | sleep.weights.plasticity       | INFO  | Hard-clipped 35 w_cons parameters to delta_max=0.1000 bound.
2026-08-11 16:20:01 | sleep.weights.plasticity       | INFO  | Hard-clipped 35 w_cons parameters to delta_max=0.1000 bound.
2026-08-11 16:20:01 | sleep.weights.plasticity       | INFO  | Hard-clipped 35 w_cons parameters to delta_max=0.1000 bound.
2026-08-11 16:20:01 | sleep.weights.plasticity       | INFO  | Hard-clipped 35 w_cons parameters to delta_max=0.1000 bound.
2026-08-11 16:20:02 | sleep.weights.plasticity       | INFO  | Hard-clipped 35 w_cons parameters to delta_max=0.1000 bound.
2026-08-11 16:20:02 | sleep.weights.plasticity       | INFO  | Hard-clipped 35 w_cons parameters to delta_max=0.1000 bound.
2026-08-11 16:20:02 | sleep.weights.plasticity       | INFO  | Hard-clipped 35 w_cons parameters to delta_max=0.1000 bound.
2026-08-11 16:20:02 | sleep.weights.plasticity       | INFO  | Hard-clipped 33 w_cons parameters to delta_max=0.1000 bound.
2026-08-11 16:20:02 | sleep.weights.plasticity       | INFO  | Hard-clipped 33 w_cons parameters to delta_max=0.1000 bound.
2026-08-11 16:20:02 | sleep.weights.plasticity       | INFO  | Hard-clipped 30 w_cons parameters to delta_max=0.1000 bound.
2026-08-11 16:20:02 | sleep.weights.plasticity       | INFO  | Hard-clipped 32 w_cons parameters to delta_max=0.1000 bound.
2026-08-11 16:20:03 | sleep.weights.plasticity       | INFO  | Hard-clipped 30 w_cons parameters to delta_max=0.1000 bound.
2026-08-11 16:20:03 | sleep.weights.plasticity       | INFO  | Hard-clipped 30 w_cons parameters to delta_max=0.1000 bound.
2026-08-11 16:20:03 | sleep.weights.plasticity       | INFO  | Hard-clipped 32 w_cons parameters to delta_max=0.1000 bound.
2026-08-11 16:20:03 | sleep.weights.plasticity       | INFO  | Hard-clipped 32 w_cons parameters to delta_max=0.1000 bound.
2026-08-11 16:20:03 | sleep.weights.plasticity       | INFO  | Hard-clipped 33 w_cons parameters to delta_max=0.1000 bound.
2026-08-11 16:20:03 | sleep.weights.plasticity       | INFO  | Hard-clipped 33 w_cons parameters to delta_max=0.1000 bound.
2026-08-11 16:20:04 | sleep.weights.plasticity       | INFO  | Hard-clipped 34 w_cons parameters to delta_max=0.1000 bound.
2026-08-11 16:20:04 | sleep.weights.plasticity       | INFO  | Hard-clipped 34 w_cons parameters to delta_max=0.1000 bound.
2026-08-11 16:20:04 | sleep.weights.plasticity       | INFO  | Hard-clipped 34 w_cons parameters to delta_max=0.1000 bound.
2026-08-11 16:20:04 | sleep.weights.plasticity       | INFO  | Hard-clipped 34 w_cons parameters to delta_max=0.1000 bound.
2026-08-11 16:20:04 | sleep.weights.plasticity       | INFO  | Hard-clipped 35 w_cons parameters to delta_max=0.1000 bound.
2026-08-11 16:20:04 | sleep.weights.plasticity       | INFO  | Hard-clipped 32 w_cons parameters to delta_max=0.1000 bound.
2026-08-11 16:20:04 | sleep.weights.plasticity       | INFO  | Hard-clipped 32 w_cons parameters to delta_max=0.1000 bound.
2026-08-11 16:20:05 | sleep.weights.plasticity       | INFO  | Hard-clipped 32 w_cons parameters to delta_max=0.1000 bound.
2026-08-11 16:20:05 | sleep.weights.plasticity       | INFO  | Hard-clipped 32 w_cons parameters to delta_max=0.1000 bound.
2026-08-11 16:20:05 | sleep.weights.plasticity       | INFO  | Hard-clipped 32 w_cons parameters to delta_max=0.1000 bound.
2026-08-11 16:20:05 | sleep.weights.plasticity       | INFO  | Hard-clipped 34 w_cons parameters to delta_max=0.1000 bound.
2026-08-11 16:20:05 | sleep.weights.plasticity       | INFO  | Hard-clipped 35 w_cons parameters to delta_max=0.1000 bound.
2026-08-11 16:20:05 | sleep.weights.plasticity       | INFO  | Hard-clipped 35 w_cons parameters to delta_max=0.1000 bound.
2026-08-11 16:20:06 | sleep.weights.plasticity       | INFO  | Hard-clipped 35 w_cons parameters to delta_max=0.1000 bound.
2026-08-11 16:20:06 | sleep.weights.plasticity       | INFO  | Hard-clipped 35 w_cons parameters to delta_max=0.1000 bound.
2026-08-11 16:20:06 | sleep.weights.plasticity       | INFO  | Hard-clipped 35 w_cons parameters to delta_max=0.1000 bound.
2026-08-11 16:20:06 | sleep.weights.plasticity       | INFO  | Hard-clipped 35 w_cons parameters to delta_max=0.1000 bound.
2026-08-11 16:20:06 | sleep.weights.plasticity       | INFO  | Hard-clipped 35 w_cons parameters to delta_max=0.1000 bound.
2026-08-11 16:20:06 | sleep.weights.plasticity       | INFO  | Hard-clipped 35 w_cons parameters to delta_max=0.1000 bound.
2026-08-11 16:20:06 | sleep.weights.plasticity       | INFO  | Hard-clipped 33 w_cons parameters to delta_max=0.1000 bound.
2026-08-11 16:20:07 | sleep.weights.plasticity       | INFO  | Hard-clipped 33 w_cons parameters to delta_max=0.1000 bound.
2026-08-11 16:20:07 | sleep.weights.plasticity       | INFO  | Hard-clipped 33 w_cons parameters to delta_max=0.1000 bound.
2026-08-11 16:20:07 | sleep.weights.plasticity       | INFO  | Hard-clipped 33 w_cons parameters to delta_max=0.1000 bound.
2026-08-11 16:20:07 | sleep.weights.plasticity       | INFO  | Hard-clipped 33 w_cons parameters to delta_max=0.1000 bound.
2026-08-11 16:20:07 | sleep.weights.plasticity       | INFO  | Hard-clipped 33 w_cons parameters to delta_max=0.1000 bound.
2026-08-11 16:20:07 | sleep.weights.plasticity       | INFO  | Hard-clipped 34 w_cons parameters to delta_max=0.1000 bound.
2026-08-11 16:20:07 | sleep.weights.plasticity       | INFO  | Hard-clipped 35 w_cons parameters to delta_max=0.1000 bound.
2026-08-11 16:20:08 | sleep.weights.plasticity       | INFO  | Hard-clipped 35 w_cons parameters to delta_max=0.1000 bound.
2026-08-11 16:20:08 | sleep.weights.plasticity       | INFO  | Hard-clipped 35 w_cons parameters to delta_max=0.1000 bound.
2026-08-11 16:20:08 | sleep.weights.plasticity       | INFO  | Hard-clipped 35 w_cons parameters to delta_max=0.1000 bound.
2026-08-11 16:20:08 | sleep.weights.plasticity       | INFO  | Hard-clipped 35 w_cons parameters to delta_max=0.1000 bound.
2026-08-11 16:20:08 | sleep.weights.plasticity       | INFO  | Hard-clipped 35 w_cons parameters to delta_max=0.1000 bound.
2026-08-11 16:20:08 | sleep.weights.plasticity       | INFO  | Hard-clipped 35 w_cons parameters to delta_max=0.1000 bound.
2026-08-11 16:20:08 | sleep.weights.plasticity       | INFO  | Hard-clipped 35 w_cons parameters to delta_max=0.1000 bound.
2026-08-11 16:20:09 | sleep.weights.plasticity       | INFO  | Hard-clipped 35 w_cons parameters to delta_max=0.1000 bound.
2026-08-11 16:20:09 | sleep.weights.plasticity       | INFO  | Hard-clipped 35 w_cons parameters to delta_max=0.1000 bound.
2026-08-11 16:20:09 | sleep.weights.plasticity       | INFO  | Hard-clipped 35 w_cons parameters to delta_max=0.1000 bound.
2026-08-11 16:20:09 | sleep.weights.plasticity       | INFO  | Hard-clipped 35 w_cons parameters to delta_max=0.1000 bound.
2026-08-11 16:20:09 | sleep.weights.plasticity       | INFO  | Hard-clipped 35 w_cons parameters to delta_max=0.1000 bound.
2026-08-11 16:20:09 | sleep.weights.plasticity       | INFO  | Hard-clipped 35 w_cons parameters to delta_max=0.1000 bound.
2026-08-11 16:20:10 | sleep.weights.plasticity       | INFO  | Hard-clipped 34 w_cons parameters to delta_max=0.1000 bound.
2026-08-11 16:20:10 | sleep.weights.plasticity       | INFO  | Hard-clipped 35 w_cons parameters to delta_max=0.1000 bound.
2026-08-11 16:20:10 | sleep.weights.plasticity       | INFO  | Hard-clipped 35 w_cons parameters to delta_max=0.1000 bound.
2026-08-11 16:20:10 | sleep.weights.plasticity       | INFO  | Hard-clipped 35 w_cons parameters to delta_max=0.1000 bound.
2026-08-11 16:20:10 | sleep.weights.plasticity       | INFO  | Hard-clipped 33 w_cons parameters to delta_max=0.1000 bound.
2026-08-11 16:20:10 | sleep.weights.plasticity       | INFO  | Hard-clipped 34 w_cons parameters to delta_max=0.1000 bound.
2026-08-11 16:20:10 | sleep.weights.plasticity       | INFO  | Hard-clipped 30 w_cons parameters to delta_max=0.1000 bound.
2026-08-11 16:20:11 | sleep.weights.plasticity       | INFO  | Hard-clipped 28 w_cons parameters to delta_max=0.1000 bound.
2026-08-11 16:20:11 | sleep.weights.plasticity       | INFO  | Hard-clipped 25 w_cons parameters to delta_max=0.1000 bound.
2026-08-11 16:20:11 | sleep.weights.plasticity       | INFO  | Hard-clipped 25 w_cons parameters to delta_max=0.1000 bound.
2026-08-11 16:20:11 | sleep.weights.plasticity       | INFO  | Hard-clipped 23 w_cons parameters to delta_max=0.1000 bound.
2026-08-11 16:20:11 | sleep.weights.plasticity       | INFO  | Hard-clipped 15 w_cons parameters to delta_max=0.1000 bound.
2026-08-11 16:20:11 | sleep.weights.plasticity       | INFO  | Hard-clipped 14 w_cons parameters to delta_max=0.1000 bound.
2026-08-11 16:20:11 | sleep.weights.plasticity       | INFO  | Hard-clipped 11 w_cons parameters to delta_max=0.1000 bound.
2026-08-11 16:20:11 | sleep.sleep_engine.train       | INFO  |   distill step 1500/1500 | loss=0.5262 (kl=0.2992 ce=0.4539) | lr=0.00e+00
2026-08-11 16:20:11 | sleep.sleep_engine.train       | INFO  | Sleep distill-training complete | n_steps=1500 | final_loss=0.5262 | mean_loss=1.2076
2026-08-11 16:20:11 | sleep.sleep_engine             | INFO  | Phase 3 complete: 1500 steps, final_loss=0.5262, mean_loss=1.2076
2026-08-11 16:20:11 | sleep.sleep_engine             | INFO  | Phase 4/5: PPL CHECK (skipped — no benchmark data)
2026-08-11 16:20:11 | sleep.sleep_engine             | INFO  | Phase 5/5: VALIDATE & CLEANUP
2026-08-11 16:20:12 | sleep.weights.plasticity       | INFO  | Saved checkpoint for adapter 'w_cons': 44 parameters.
2026-08-11 16:20:12 | sleep.weights.plasticity       | INFO  | Restored 44 parameters for adapter 'w_cons' from checkpoint.
2026-08-11 16:20:13 | sleep.weights.plasticity       | INFO  | Restored 44 parameters for adapter 'w_cons' from checkpoint.
[transformers] The attention mask is not set and cannot be inferred from input because pad token is same as eos token. As a consequence, you may observe unexpected behavior. Please pass your input's `attention_mask` to obtain reliable results.
2026-08-11 16:20:57 | sleep.sleep_engine             | INFO  | Two-stage validation: 31/31 passed surprise, 29 also passed the mini-recall gate (self-grading gap = 2)
2026-08-11 16:20:57 | sleep.sleep_engine.cleanup     | INFO  | Cleanup complete | passed=29 | failed=2 | permanently_removed=0
2026-08-11 16:20:57 | sleep.sleep_engine             | INFO  | Phase 5 complete: consolidated=29, failed=2, permanently_removed=0
2026-08-11 16:20:57 | sleep.metrics                  | INFO  | summary | {'sleep_engine/n_candidates': 31, 'sleep_engine/n_replays_generated': 637, 'sleep_engine/n_replays_accepted': 637, 'sleep_engine/n_consolidated': 29, 'sleep_engine/n_failed': 2, 'sleep_engine/n_permanently_removed': 0, 'sleep_engine/rolled_back': False}
2026-08-11 16:20:57 | sleep.weights.kv_memory        | INFO  | bank cleared: freed 100 tags / 4691 tokens
2026-08-11 16:20:57 | sleep.sleep_engine             | INFO  | KV bank cleared (100 entries removed)
2026-08-11 16:20:57 | sleep.sleep_engine             | INFO  | KV memory injection: ENABLED
2026-08-11 16:20:57 | sleep.sleep_engine             | INFO  | === Sleep cycle END ===
2026-08-11 16:21:06 | sleep.evaluation.recall_formats | INFO  | MC recall: accuracy=0.2200, mean_correct_prob=0.2429 across 200 facts
2026-08-11 16:23:27 | sleep.evaluation.recall_formats | INFO  | Cloze recall: accuracy=0.1950 across 200 facts
2026-08-11 16:29:13 | sleep.evaluation.recall_formats | INFO  | Free-form recall (greedy): mean_score=0.2050, accuracy=0.3950 across 200 facts
2026-08-11 16:29:13 | sleep.evaluation.preservation  | INFO  | Perplexity evaluation: PPL=8.5537 (mean_loss=2.1464, 36 tokens)
2026-08-11 16:29:13 | sleep.evaluation.preservation  | INFO  | BCP: 1.3058 (current_ppl=8.5537, original_ppl=6.5503)
2026-08-11 16:30:02 | sleep.evaluation.recall_formats | INFO  | Free-form recall (greedy): mean_score=0.7500, accuracy=0.9643 across 28 facts
2026-08-11 16:30:02 | sleep.experiment.common        | INFO  | Wrote results to /workspace/results/d_mistral_dist_mod_s0.json

================================================================
FULL PIPELINE v2 — recipe=distill seed=0
================================================================
  tags=112  PRP=31  consolidated=29  recall-gate=29
  DRA (greedy):   0.2050  (trained subset: 0.7500 over 28)
  cloze:          0.1950
  MC:             0.2200
  BCP:            1.3058
  rolled_back:    False
  Results: /workspace/results/d_mistral_dist_mod_s0.json
2026-08-11 16:30:02 | sleep.weights.kv_injection     | INFO  | KVInjector uninstalled from 10 layers
