2026-08-05 08:23:33 | sleep.utils.seed               | INFO  | Seeded all RNGs with seed=0 (deterministic_algorithms=False)
==============================================================================
EXPERIMENT 08: Multi-Cycle Continual Learning
  Method:     sleep
  Cycles:     10
  Batch size: 20
==============================================================================
  Loaded 200 facts (will run 10 cycles of 20 each)

Loading model: /workspace/models/qwen2.5-7b (eager attention)
[transformers] `torch_dtype` is deprecated! Use `dtype` instead!
Loading weights:   0%|          | 0/339 [00:00<?, ?it/s]Loading weights:  33%|███▎      | 113/339 [00:00<00:00, 1089.72it/s]Loading weights:  65%|██████▌   | 222/339 [00:00<00:00, 659.65it/s] Loading weights: 100%|██████████| 339/339 [00:00<00:00, 1029.38it/s]
  Model: 7.616B params
2026-08-05 08:24:12 | sleep.weights.lora             | INFO  | LoRA target modules for llama: ['v_proj', 'o_proj']
2026-08-05 08:24:12 | sleep.weights.lora             | INFO  | LoRA config: rank=16, alpha=32, layers=[19, 20, 21, 22, 23, 24, 25, 26, 27] (of 28 total), targets=['v_proj', 'o_proj']
2026-08-05 08:24:13 | sleep.weights.lora             | INFO  | Created LoRA adapter 'w_fast': 1622016 trainable parameters (0.0213% of base model)
2026-08-05 08:24:13 | sleep.weights.lora             | INFO  | LoRA target modules for llama: ['v_proj', 'o_proj']
2026-08-05 08:24:13 | sleep.weights.lora             | INFO  | LoRA config: rank=16, alpha=32, layers=[19, 20, 21, 22, 23, 24, 25, 26, 27] (of 28 total), targets=['v_proj', 'o_proj']
2026-08-05 08:24:13 | sleep.weights.lora             | INFO  | Dual adapters ready: w_fast=1622016 params, w_cons=1622016 params
/usr/local/lib/python3.11/dist-packages/peft/tuners/tuners_utils.py:2193: UserWarning: Adapter cannot be set when the model is merged. Unmerging the model first.
  warnings.warn("Adapter cannot be set when the model is merged. Unmerging the model first.")
2026-08-05 08:24:13 | sleep.weights.fast_update      | INFO  | FastWeightUpdater initialized: 36 parameter groups, alpha_base=1.00e-04, momentum=0.90
2026-08-05 08:24:13 | sleep.weights.plasticity       | INFO  | Adapted layers: [19, 20, 21, 22, 23, 24, 25, 26, 27] (top 33% of 28 layers)
2026-08-05 08:24:13 | sleep.weights.plasticity       | INFO  | Computed Frobenius norms for 196 base model weight matrices.
2026-08-05 08:24:13 | sleep.weights.kv_injection     | INFO  | KVInjector installed on 9 layers: [19, 20, 21, 22, 23, 24, 25, 26, 27]
2026-08-05 08:24:13 | sleep.weights                  | INFO  | KV memory mode enabled | adapted_layers=[19, 20, 21, 22, 23, 24, 25, 26, 27] | num_kv_heads=4 | head_dim=128 | max_total_tokens=20000 | top_k=64 | device=cuda:0 | dtype=torch.bfloat16
2026-08-05 08:24:13 | sleep.weights                  | INFO  | DualWeightSystem initialized | W_fast: 1,622,016 params | W_cons: 1,622,016 params | Adapted layers: [19, 20, 21, 22, 23, 24, 25, 26, 27] | Plasticity: 0.514–0.937 | KV bank installed
/usr/local/lib/python3.11/dist-packages/peft/tuners/lora/layer.py:983: UserWarning: Already unmerged. Nothing to do.
  warnings.warn("Already unmerged. Nothing to do.")
2026-08-05 08:24:14 | sleep.sleep_engine.quality     | INFO  | Baseline surprise computed: mu_surprise=1.4144 nats over 54 tokens

Measuring baseline PPL on controls...
2026-08-05 08:24:14 | sleep.evaluation.preservation  | INFO  | Perplexity evaluation: PPL=4.1217 (mean_loss=1.4163, 54 tokens)
  Baseline PPL: 4.1217
2026-08-05 08:24:14 | sleep.experiment.08            | INFO  | ======================================================================
2026-08-05 08:24:14 | sleep.experiment.08            | INFO  | [SLEEP Cycle 1] Wake phase: 20 facts
2026-08-05 08:24:14 | sleep.experiment.08            | INFO  | ======================================================================
2026-08-05 08:24:14 | sleep.tagging                  | INFO  | step=1 | 2 tags created from 2 spans | buffer: 2/38078 (0.0%)
2026-08-05 08:24:14 | sleep.tagging                  | INFO  | step=2 | 1 tags created from 1 spans | buffer: 3/38078 (0.0%)
2026-08-05 08:24:14 | sleep.tagging                  | INFO  | step=3 | 1 tags created from 1 spans | buffer: 4/38078 (0.0%)
2026-08-05 08:24:14 | sleep.tagging                  | INFO  | step=4 | 1 tags created from 1 spans | buffer: 5/38078 (0.0%)
2026-08-05 08:24:14 | sleep.tagging                  | INFO  | step=6 | 1 tags created from 1 spans | buffer: 6/38078 (0.0%)
2026-08-05 08:24:14 | sleep.tagging                  | INFO  | step=7 | 2 tags created from 2 spans | buffer: 8/38078 (0.0%)
2026-08-05 08:24:15 | sleep.tagging                  | INFO  | step=9 | 1 tags created from 1 spans | buffer: 9/38078 (0.0%)
2026-08-05 08:24:15 | sleep.tagging                  | INFO  | step=11 | 1 tags created from 1 spans | buffer: 10/38078 (0.0%)
2026-08-05 08:24:15 | sleep.tagging                  | INFO  | step=12 | 1 tags created from 1 spans | buffer: 11/38078 (0.0%)
2026-08-05 08:24:15 | sleep.tagging                  | INFO  | step=13 | 1 tags created from 1 spans | buffer: 12/38078 (0.0%)
2026-08-05 08:24:15 | sleep.tagging                  | INFO  | step=14 | 1 tags created from 1 spans | buffer: 13/38078 (0.0%)
2026-08-05 08:24:15 | sleep.tagging                  | INFO  | step=15 | 1 tags created from 1 spans | buffer: 14/38078 (0.0%)
2026-08-05 08:24:15 | sleep.tagging                  | INFO  | step=17 | 1 tags created from 1 spans | buffer: 15/38078 (0.0%)
2026-08-05 08:24:15 | sleep.tagging                  | INFO  | step=18 | 1 tags created from 1 spans | buffer: 16/38078 (0.0%)
2026-08-05 08:24:15 | sleep.tagging                  | INFO  | step=19 | 1 tags created from 1 spans | buffer: 17/38078 (0.0%)
2026-08-05 08:24:15 | sleep.experiment.08            | INFO  | [Cycle 1] Wake summary: 20 facts -> 15 KV writes; bank: 627/20000 tokens
2026-08-05 08:24:15 | sleep.prp                      | INFO  | step=20 | PRP update: 5/3807 allocated (0%) | +5 -0 | threshold=0.375 | mean_score=0.328
2026-08-05 08:24:15 | sleep.experiment.08            | INFO  | [Cycle 1] PRP: 5 allocated, 5 consolidation candidates
2026-08-05 08:24:15 | sleep.sleep_engine             | INFO  | === Sleep cycle START | 5 candidates ===
2026-08-05 08:24:15 | sleep.sleep_engine             | INFO  | Phase 1/5: GENERATE (strategy=original)
2026-08-05 08:24:15 | sleep.sleep_engine             | INFO  | KV memory injection: DISABLED
2026-08-05 08:24:15 | sleep.sleep_engine             | INFO  | Phase 1 (original strategy): 5 unique-source replays from 5 candidates
2026-08-05 08:24:15 | sleep.sleep_engine             | INFO  | Phase 1 complete: 5/5 replays generated
2026-08-05 08:24:15 | sleep.sleep_engine             | INFO  | Phase 2/5: QUALITY CHECK
2026-08-05 08:24:16 | sleep.sleep_engine             | INFO  | Phase 2 complete: 5/5 replays accepted
2026-08-05 08:24:16 | sleep.sleep_engine             | INFO  | Phase 3/5: TRAIN (5 accepted replays)
2026-08-05 08:24:16 | sleep.sleep_engine             | INFO  | KV memory injection: DISABLED
2026-08-05 08:24:16 | sleep.weights.plasticity       | INFO  | Saved checkpoint for adapter 'w_cons': 36 parameters.
2026-08-05 08:24:16 | sleep.weights.plasticity       | INFO  | Saved checkpoint for adapter 'w_cons': 36 parameters.
2026-08-05 08:24:16 | sleep.sleep_engine.train       | INFO  | Starting sleep training | n_steps=100 | n_replay=5 | lr=1.00e-04 | device=cuda
2026-08-05 08:24:20 | sleep.sleep_engine.train       | INFO  |   step 10/100 | loss=3.0882 | mean_loss=3.1084 | eta=9 | lr=1.00e-04
2026-08-05 08:24:23 | sleep.weights.plasticity       | INFO  | Hard-clipped 1 w_cons parameters to delta_max=0.0200 bound.
2026-08-05 08:24:23 | sleep.weights.plasticity       | INFO  | Hard-clipped 1 w_cons parameters to delta_max=0.0200 bound.
2026-08-05 08:24:23 | sleep.sleep_engine.train       | INFO  |   step 20/100 | loss=2.9030 | mean_loss=3.0243 | eta=9 | lr=9.70e-05
2026-08-05 08:24:24 | sleep.weights.plasticity       | INFO  | Hard-clipped 2 w_cons parameters to delta_max=0.0200 bound.
2026-08-05 08:24:24 | sleep.weights.plasticity       | INFO  | Hard-clipped 2 w_cons parameters to delta_max=0.0200 bound.
2026-08-05 08:24:25 | sleep.weights.plasticity       | INFO  | Hard-clipped 4 w_cons parameters to delta_max=0.0200 bound.
2026-08-05 08:24:25 | sleep.weights.plasticity       | INFO  | Hard-clipped 4 w_cons parameters to delta_max=0.0200 bound.
2026-08-05 08:24:25 | sleep.weights.plasticity       | INFO  | Hard-clipped 5 w_cons parameters to delta_max=0.0200 bound.
2026-08-05 08:24:26 | sleep.weights.plasticity       | INFO  | Hard-clipped 5 w_cons parameters to delta_max=0.0200 bound.
2026-08-05 08:24:26 | sleep.weights.plasticity       | INFO  | Hard-clipped 5 w_cons parameters to delta_max=0.0200 bound.
2026-08-05 08:24:26 | sleep.weights.plasticity       | INFO  | Hard-clipped 5 w_cons parameters to delta_max=0.0200 bound.
2026-08-05 08:24:27 | sleep.weights.plasticity       | INFO  | Hard-clipped 6 w_cons parameters to delta_max=0.0200 bound.
2026-08-05 08:24:27 | sleep.weights.plasticity       | INFO  | Hard-clipped 6 w_cons parameters to delta_max=0.0200 bound.
2026-08-05 08:24:27 | sleep.sleep_engine.train       | INFO  |   step 30/100 | loss=2.4690 | mean_loss=2.9050 | eta=4 | lr=8.83e-05
2026-08-05 08:24:28 | sleep.weights.plasticity       | INFO  | Hard-clipped 6 w_cons parameters to delta_max=0.0200 bound.
2026-08-05 08:24:28 | sleep.weights.plasticity       | INFO  | Hard-clipped 6 w_cons parameters to delta_max=0.0200 bound.
2026-08-05 08:24:28 | sleep.weights.plasticity       | INFO  | Hard-clipped 7 w_cons parameters to delta_max=0.0200 bound.
2026-08-05 08:24:29 | sleep.weights.plasticity       | INFO  | Hard-clipped 7 w_cons parameters to delta_max=0.0200 bound.
2026-08-05 08:24:29 | sleep.weights.plasticity       | INFO  | Hard-clipped 8 w_cons parameters to delta_max=0.0200 bound.
2026-08-05 08:24:30 | sleep.weights.plasticity       | INFO  | Hard-clipped 8 w_cons parameters to delta_max=0.0200 bound.
2026-08-05 08:24:30 | sleep.weights.plasticity       | INFO  | Hard-clipped 8 w_cons parameters to delta_max=0.0200 bound.
2026-08-05 08:24:30 | sleep.weights.plasticity       | INFO  | Hard-clipped 10 w_cons parameters to delta_max=0.0200 bound.
2026-08-05 08:24:31 | sleep.weights.plasticity       | INFO  | Hard-clipped 11 w_cons parameters to delta_max=0.0200 bound.
2026-08-05 08:24:31 | sleep.weights.plasticity       | INFO  | Hard-clipped 11 w_cons parameters to delta_max=0.0200 bound.
2026-08-05 08:24:31 | sleep.sleep_engine.train       | INFO  |   step 40/100 | loss=1.9066 | mean_loss=2.7444 | eta=4 | lr=7.50e-05
2026-08-05 08:24:32 | sleep.weights.plasticity       | INFO  | Hard-clipped 11 w_cons parameters to delta_max=0.0200 bound.
2026-08-05 08:24:32 | sleep.weights.plasticity       | INFO  | Hard-clipped 12 w_cons parameters to delta_max=0.0200 bound.
2026-08-05 08:24:32 | sleep.weights.plasticity       | INFO  | Hard-clipped 13 w_cons parameters to delta_max=0.0200 bound.
2026-08-05 08:24:33 | sleep.weights.plasticity       | INFO  | Hard-clipped 14 w_cons parameters to delta_max=0.0200 bound.
2026-08-05 08:24:33 | sleep.weights.plasticity       | INFO  | Hard-clipped 14 w_cons parameters to delta_max=0.0200 bound.
2026-08-05 08:24:33 | sleep.weights.plasticity       | INFO  | Hard-clipped 15 w_cons parameters to delta_max=0.0200 bound.
2026-08-05 08:24:34 | sleep.weights.plasticity       | INFO  | Hard-clipped 16 w_cons parameters to delta_max=0.0200 bound.
2026-08-05 08:24:34 | sleep.weights.plasticity       | INFO  | Hard-clipped 16 w_cons parameters to delta_max=0.0200 bound.
2026-08-05 08:24:35 | sleep.weights.plasticity       | INFO  | Hard-clipped 16 w_cons parameters to delta_max=0.0200 bound.
2026-08-05 08:24:35 | sleep.weights.plasticity       | INFO  | Hard-clipped 16 w_cons parameters to delta_max=0.0200 bound.
2026-08-05 08:24:35 | sleep.sleep_engine.train       | INFO  |   step 50/100 | loss=1.6286 | mean_loss=2.5584 | eta=4 | lr=5.87e-05
2026-08-05 08:24:35 | sleep.weights.plasticity       | INFO  | Hard-clipped 16 w_cons parameters to delta_max=0.0200 bound.
2026-08-05 08:24:36 | sleep.weights.plasticity       | INFO  | Hard-clipped 18 w_cons parameters to delta_max=0.0200 bound.
2026-08-05 08:24:36 | sleep.weights.plasticity       | INFO  | Hard-clipped 19 w_cons parameters to delta_max=0.0200 bound.
2026-08-05 08:24:37 | sleep.weights.plasticity       | INFO  | Hard-clipped 19 w_cons parameters to delta_max=0.0200 bound.
2026-08-05 08:24:37 | sleep.weights.plasticity       | INFO  | Hard-clipped 19 w_cons parameters to delta_max=0.0200 bound.
2026-08-05 08:24:37 | sleep.weights.plasticity       | INFO  | Hard-clipped 20 w_cons parameters to delta_max=0.0200 bound.
2026-08-05 08:24:38 | sleep.weights.plasticity       | INFO  | Hard-clipped 20 w_cons parameters to delta_max=0.0200 bound.
2026-08-05 08:24:38 | sleep.weights.plasticity       | INFO  | Hard-clipped 21 w_cons parameters to delta_max=0.0200 bound.
2026-08-05 08:24:38 | sleep.weights.plasticity       | INFO  | Hard-clipped 21 w_cons parameters to delta_max=0.0200 bound.
2026-08-05 08:24:39 | sleep.weights.plasticity       | INFO  | Hard-clipped 21 w_cons parameters to delta_max=0.0200 bound.
2026-08-05 08:24:39 | sleep.sleep_engine.train       | INFO  |   step 60/100 | loss=1.2685 | mean_loss=2.3707 | eta=4 | lr=4.13e-05
2026-08-05 08:24:39 | sleep.weights.plasticity       | INFO  | Hard-clipped 21 w_cons parameters to delta_max=0.0200 bound.
2026-08-05 08:24:40 | sleep.weights.plasticity       | INFO  | Hard-clipped 21 w_cons parameters to delta_max=0.0200 bound.
2026-08-05 08:24:40 | sleep.weights.plasticity       | INFO  | Hard-clipped 21 w_cons parameters to delta_max=0.0200 bound.
2026-08-05 08:24:40 | sleep.weights.plasticity       | INFO  | Hard-clipped 21 w_cons parameters to delta_max=0.0200 bound.
2026-08-05 08:24:41 | sleep.weights.plasticity       | INFO  | Hard-clipped 21 w_cons parameters to delta_max=0.0200 bound.
2026-08-05 08:24:41 | sleep.weights.plasticity       | INFO  | Hard-clipped 21 w_cons parameters to delta_max=0.0200 bound.
2026-08-05 08:24:42 | sleep.weights.plasticity       | INFO  | Hard-clipped 21 w_cons parameters to delta_max=0.0200 bound.
2026-08-05 08:24:42 | sleep.weights.plasticity       | INFO  | Hard-clipped 21 w_cons parameters to delta_max=0.0200 bound.
2026-08-05 08:24:42 | sleep.weights.plasticity       | INFO  | Hard-clipped 21 w_cons parameters to delta_max=0.0200 bound.
2026-08-05 08:24:43 | sleep.weights.plasticity       | INFO  | Hard-clipped 21 w_cons parameters to delta_max=0.0200 bound.
2026-08-05 08:24:43 | sleep.sleep_engine.train       | INFO  |   step 70/100 | loss=1.0576 | mean_loss=2.1892 | eta=4 | lr=2.50e-05
2026-08-05 08:24:43 | sleep.weights.plasticity       | INFO  | Hard-clipped 21 w_cons parameters to delta_max=0.0200 bound.
2026-08-05 08:24:43 | sleep.weights.plasticity       | INFO  | Hard-clipped 21 w_cons parameters to delta_max=0.0200 bound.
2026-08-05 08:24:44 | sleep.weights.plasticity       | INFO  | Hard-clipped 22 w_cons parameters to delta_max=0.0200 bound.
2026-08-05 08:24:44 | sleep.weights.plasticity       | INFO  | Hard-clipped 22 w_cons parameters to delta_max=0.0200 bound.
2026-08-05 08:24:45 | sleep.weights.plasticity       | INFO  | Hard-clipped 22 w_cons parameters to delta_max=0.0200 bound.
2026-08-05 08:24:45 | sleep.weights.plasticity       | INFO  | Hard-clipped 22 w_cons parameters to delta_max=0.0200 bound.
2026-08-05 08:24:45 | sleep.weights.plasticity       | INFO  | Hard-clipped 22 w_cons parameters to delta_max=0.0200 bound.
2026-08-05 08:24:46 | sleep.weights.plasticity       | INFO  | Hard-clipped 22 w_cons parameters to delta_max=0.0200 bound.
2026-08-05 08:24:46 | sleep.weights.plasticity       | INFO  | Hard-clipped 22 w_cons parameters to delta_max=0.0200 bound.
2026-08-05 08:24:47 | sleep.weights.plasticity       | INFO  | Hard-clipped 22 w_cons parameters to delta_max=0.0200 bound.
2026-08-05 08:24:47 | sleep.sleep_engine.train       | INFO  |   step 80/100 | loss=0.8221 | mean_loss=2.0299 | eta=9 | lr=1.17e-05
2026-08-05 08:24:47 | sleep.weights.plasticity       | INFO  | Hard-clipped 22 w_cons parameters to delta_max=0.0200 bound.
2026-08-05 08:24:47 | sleep.weights.plasticity       | INFO  | Hard-clipped 22 w_cons parameters to delta_max=0.0200 bound.
2026-08-05 08:24:48 | sleep.weights.plasticity       | INFO  | Hard-clipped 22 w_cons parameters to delta_max=0.0200 bound.
2026-08-05 08:24:48 | sleep.weights.plasticity       | INFO  | Hard-clipped 22 w_cons parameters to delta_max=0.0200 bound.
2026-08-05 08:24:48 | sleep.weights.plasticity       | INFO  | Hard-clipped 22 w_cons parameters to delta_max=0.0200 bound.
2026-08-05 08:24:49 | sleep.weights.plasticity       | INFO  | Hard-clipped 23 w_cons parameters to delta_max=0.0200 bound.
2026-08-05 08:24:49 | sleep.weights.plasticity       | INFO  | Hard-clipped 23 w_cons parameters to delta_max=0.0200 bound.
2026-08-05 08:24:50 | sleep.weights.plasticity       | INFO  | Hard-clipped 23 w_cons parameters to delta_max=0.0200 bound.
2026-08-05 08:24:50 | sleep.weights.plasticity       | INFO  | Hard-clipped 24 w_cons parameters to delta_max=0.0200 bound.
2026-08-05 08:24:50 | sleep.weights.plasticity       | INFO  | Hard-clipped 24 w_cons parameters to delta_max=0.0200 bound.
2026-08-05 08:24:50 | sleep.sleep_engine.train       | INFO  |   step 90/100 | loss=0.7966 | mean_loss=1.8995 | eta=9 | lr=3.02e-06
2026-08-05 08:24:51 | sleep.weights.plasticity       | INFO  | Hard-clipped 24 w_cons parameters to delta_max=0.0200 bound.
2026-08-05 08:24:51 | sleep.weights.plasticity       | INFO  | Hard-clipped 24 w_cons parameters to delta_max=0.0200 bound.
2026-08-05 08:24:52 | sleep.weights.plasticity       | INFO  | Hard-clipped 24 w_cons parameters to delta_max=0.0200 bound.
2026-08-05 08:24:52 | sleep.weights.plasticity       | INFO  | Hard-clipped 24 w_cons parameters to delta_max=0.0200 bound.
2026-08-05 08:24:52 | sleep.weights.plasticity       | INFO  | Hard-clipped 24 w_cons parameters to delta_max=0.0200 bound.
2026-08-05 08:24:53 | sleep.weights.plasticity       | INFO  | Hard-clipped 24 w_cons parameters to delta_max=0.0200 bound.
2026-08-05 08:24:53 | sleep.weights.plasticity       | INFO  | Hard-clipped 24 w_cons parameters to delta_max=0.0200 bound.
2026-08-05 08:24:53 | sleep.weights.plasticity       | INFO  | Hard-clipped 24 w_cons parameters to delta_max=0.0200 bound.
2026-08-05 08:24:54 | sleep.weights.plasticity       | INFO  | Hard-clipped 24 w_cons parameters to delta_max=0.0200 bound.
2026-08-05 08:24:54 | sleep.weights.plasticity       | INFO  | Hard-clipped 24 w_cons parameters to delta_max=0.0200 bound.
2026-08-05 08:24:54 | sleep.sleep_engine.train       | INFO  |   step 100/100 | loss=0.7633 | mean_loss=1.7932 | eta=9 | lr=0.00e+00
2026-08-05 08:24:54 | sleep.sleep_engine.train       | INFO  | Sleep training complete | n_steps=100 | final_loss=0.7633 | mean_loss=1.7932
2026-08-05 08:24:54 | sleep.metrics                  | INFO  | summary | {'sleep_train/final_loss': 0.7632949948310852, 'sleep_train/mean_loss': 1.793229815363884, 'sleep_train/n_steps': 100}
2026-08-05 08:24:54 | sleep.sleep_engine             | INFO  | Phase 3 complete: 100 steps, final_loss=0.7633, mean_loss=1.7932
2026-08-05 08:24:54 | sleep.sleep_engine             | INFO  | Phase 4/5: PPL CHECK (skipped — no benchmark data)
2026-08-05 08:24:54 | sleep.sleep_engine             | INFO  | Phase 5/5: VALIDATE & CLEANUP
2026-08-05 08:24:55 | sleep.weights.plasticity       | INFO  | Saved checkpoint for adapter 'w_cons': 36 parameters.
2026-08-05 08:24:55 | sleep.weights.plasticity       | INFO  | Restored 36 parameters for adapter 'w_cons' from checkpoint.
2026-08-05 08:24:55 | sleep.weights.plasticity       | INFO  | Restored 36 parameters for adapter 'w_cons' from checkpoint.
2026-08-05 08:24:56 | sleep.sleep_engine.cleanup     | INFO  | Cleanup complete | passed=5 | failed=0 | permanently_removed=0
2026-08-05 08:24:56 | sleep.sleep_engine             | INFO  | Phase 5 complete: consolidated=5, failed=0, permanently_removed=0
2026-08-05 08:24:56 | sleep.metrics                  | INFO  | summary | {'sleep_engine/n_candidates': 5, 'sleep_engine/n_replays_generated': 5, 'sleep_engine/n_replays_accepted': 5, 'sleep_engine/n_consolidated': 5, 'sleep_engine/n_failed': 0, 'sleep_engine/n_permanently_removed': 0, 'sleep_engine/rolled_back': False}
2026-08-05 08:24:56 | sleep.weights.kv_memory        | INFO  | bank cleared: freed 15 tags / 627 tokens
2026-08-05 08:24:56 | sleep.sleep_engine             | INFO  | KV bank cleared (15 entries removed)
2026-08-05 08:24:56 | sleep.sleep_engine             | INFO  | KV memory injection: ENABLED
2026-08-05 08:24:56 | sleep.sleep_engine             | INFO  | === Sleep cycle END ===
[transformers] The attention mask is not set and cannot be inferred from input because pad token is same as eos token. As a consequence, you may observe unexpected behavior. Please pass your input's `attention_mask` to obtain reliable results.
2026-08-05 08:25:22 | sleep.evaluation.recall        | INFO  | Recall evaluation: DRA=0.0000 across 20 cases
2026-08-05 08:25:48 | sleep.evaluation.recall        | INFO  | Recall evaluation: DRA=0.0000 across 20 cases
2026-08-05 08:25:48 | sleep.evaluation.preservation  | INFO  | Perplexity evaluation: PPL=4.8599 (mean_loss=1.5810, 54 tokens)
2026-08-05 08:25:48 | sleep.evaluation.preservation  | INFO  | BCP: 1.1791 (current_ppl=4.8599, original_ppl=4.1217)
2026-08-05 08:25:48 | sleep.experiment.08            | INFO  | [sleep Cycle 1 EVAL] DRA cumulative=0.000 (0/20 hits); DRA current=0.000 (0/20 hits); BCP=1.1791
2026-08-05 08:25:48 | sleep.experiment.08            | INFO  | ======================================================================
2026-08-05 08:25:48 | sleep.experiment.08            | INFO  | [SLEEP Cycle 2] Wake phase: 20 facts
2026-08-05 08:25:48 | sleep.experiment.08            | INFO  | ======================================================================
2026-08-05 08:25:48 | sleep.tagging                  | INFO  | step=21 | 2 tags created from 2 spans | buffer: 19/38078 (0.0%)
2026-08-05 08:25:48 | sleep.tagging                  | INFO  | step=22 | 1 tags created from 1 spans | buffer: 20/38078 (0.1%)
2026-08-05 08:25:48 | sleep.tagging                  | INFO  | step=23 | 1 tags created from 1 spans | buffer: 21/38078 (0.1%)
2026-08-05 08:25:48 | sleep.tagging                  | INFO  | step=24 | 1 tags created from 1 spans | buffer: 22/38078 (0.1%)
2026-08-05 08:25:49 | sleep.tagging                  | INFO  | step=26 | 1 tags created from 1 spans | buffer: 23/38078 (0.1%)
2026-08-05 08:25:49 | sleep.tagging                  | INFO  | step=28 | 1 tags created from 1 spans | buffer: 24/38078 (0.1%)
2026-08-05 08:25:49 | sleep.tagging                  | INFO  | step=31 | 1 tags created from 1 spans | buffer: 25/38078 (0.1%)
2026-08-05 08:25:49 | sleep.tagging                  | INFO  | step=32 | 1 tags created from 1 spans | buffer: 26/38078 (0.1%)
2026-08-05 08:25:49 | sleep.tagging                  | INFO  | step=33 | 1 tags created from 1 spans | buffer: 27/38078 (0.1%)
2026-08-05 08:25:49 | sleep.tagging                  | INFO  | step=34 | 1 tags created from 1 spans | buffer: 28/38078 (0.1%)
2026-08-05 08:25:49 | sleep.tagging                  | INFO  | step=35 | 1 tags created from 1 spans | buffer: 29/38078 (0.1%)
2026-08-05 08:25:49 | sleep.tagging                  | INFO  | step=36 | 1 tags created from 1 spans | buffer: 30/38078 (0.1%)
2026-08-05 08:25:49 | sleep.tagging                  | INFO  | step=37 | 2 tags created from 2 spans | buffer: 32/38078 (0.1%)
2026-08-05 08:25:49 | sleep.tagging                  | INFO  | step=39 | 1 tags created from 1 spans | buffer: 33/38078 (0.1%)
2026-08-05 08:25:49 | sleep.experiment.08            | INFO  | [Cycle 2] Wake summary: 20 facts -> 14 KV writes; bank: 575/20000 tokens
2026-08-05 08:25:49 | sleep.prp                      | INFO  | step=40 | PRP update: 11/3807 allocated (0%) | +6 -0 | threshold=0.372 | mean_score=0.327
2026-08-05 08:25:49 | sleep.experiment.08            | INFO  | [Cycle 2] PRP: 11 allocated, 11 consolidation candidates
2026-08-05 08:25:49 | sleep.sleep_engine             | INFO  | === Sleep cycle START | 11 candidates ===
2026-08-05 08:25:49 | sleep.sleep_engine             | INFO  | Phase 1/5: GENERATE (strategy=original)
2026-08-05 08:25:49 | sleep.sleep_engine             | INFO  | KV memory injection: DISABLED
2026-08-05 08:25:49 | sleep.sleep_engine             | INFO  | Phase 1 (original strategy): 6 unique-source replays from 11 candidates
2026-08-05 08:25:49 | sleep.sleep_engine             | INFO  | Phase 1 complete: 6/11 replays generated
2026-08-05 08:25:49 | sleep.sleep_engine             | INFO  | Phase 2/5: QUALITY CHECK
2026-08-05 08:25:49 | sleep.sleep_engine.quality     | INFO  | Quality check REJECTED (similarity): Replay drifted too far from original experience (cosine similarity 0.3555 < theta_quality 0.5)
2026-08-05 08:25:49 | sleep.sleep_engine             | INFO  | Phase 2 complete: 5/6 replays accepted
2026-08-05 08:25:49 | sleep.sleep_engine             | INFO  | Phase 3/5: TRAIN (5 accepted replays)
2026-08-05 08:25:49 | sleep.sleep_engine             | INFO  | KV memory injection: DISABLED
2026-08-05 08:25:50 | sleep.weights.plasticity       | INFO  | Saved checkpoint for adapter 'w_cons': 36 parameters.
2026-08-05 08:25:50 | sleep.weights.plasticity       | INFO  | Saved checkpoint for adapter 'w_cons': 36 parameters.
2026-08-05 08:25:50 | sleep.sleep_engine.train       | INFO  | Starting sleep training | n_steps=100 | n_replay=5 | lr=1.00e-04 | device=cuda
2026-08-05 08:25:53 | sleep.sleep_engine.train       | INFO  |   step 10/100 | loss=2.0268 | mean_loss=2.2609 | eta=9 | lr=1.00e-04
2026-08-05 08:25:56 | sleep.weights.plasticity       | INFO  | Hard-clipped 1 w_cons parameters to delta_max=0.0200 bound.
2026-08-05 08:25:56 | sleep.sleep_engine.train       | INFO  |   step 20/100 | loss=1.1649 | mean_loss=1.8665 | eta=9 | lr=9.70e-05
2026-08-05 08:25:56 | sleep.weights.plasticity       | INFO  | Hard-clipped 1 w_cons parameters to delta_max=0.0200 bound.
2026-08-05 08:25:57 | sleep.weights.plasticity       | INFO  | Hard-clipped 1 w_cons parameters to delta_max=0.0200 bound.
2026-08-05 08:25:57 | sleep.weights.plasticity       | INFO  | Hard-clipped 1 w_cons parameters to delta_max=0.0200 bound.
2026-08-05 08:25:57 | sleep.weights.plasticity       | INFO  | Hard-clipped 1 w_cons parameters to delta_max=0.0200 bound.
2026-08-05 08:25:58 | sleep.weights.plasticity       | INFO  | Hard-clipped 1 w_cons parameters to delta_max=0.0200 bound.
2026-08-05 08:25:58 | sleep.weights.plasticity       | INFO  | Hard-clipped 1 w_cons parameters to delta_max=0.0200 bound.
2026-08-05 08:25:58 | sleep.weights.plasticity       | INFO  | Hard-clipped 2 w_cons parameters to delta_max=0.0200 bound.
2026-08-05 08:25:59 | sleep.weights.plasticity       | INFO  | Hard-clipped 2 w_cons parameters to delta_max=0.0200 bound.
2026-08-05 08:25:59 | sleep.weights.plasticity       | INFO  | Hard-clipped 2 w_cons parameters to delta_max=0.0200 bound.
2026-08-05 08:25:59 | sleep.weights.plasticity       | INFO  | Hard-clipped 2 w_cons parameters to delta_max=0.0200 bound.
2026-08-05 08:25:59 | sleep.sleep_engine.train       | INFO  |   step 30/100 | loss=0.5109 | mean_loss=1.5006 | eta=4 | lr=8.83e-05
2026-08-05 08:26:00 | sleep.weights.plasticity       | INFO  | Hard-clipped 3 w_cons parameters to delta_max=0.0200 bound.
2026-08-05 08:26:00 | sleep.weights.plasticity       | INFO  | Hard-clipped 3 w_cons parameters to delta_max=0.0200 bound.
2026-08-05 08:26:00 | sleep.weights.plasticity       | INFO  | Hard-clipped 3 w_cons parameters to delta_max=0.0200 bound.
2026-08-05 08:26:01 | sleep.weights.plasticity       | INFO  | Hard-clipped 3 w_cons parameters to delta_max=0.0200 bound.
2026-08-05 08:26:01 | sleep.weights.plasticity       | INFO  | Hard-clipped 3 w_cons parameters to delta_max=0.0200 bound.
2026-08-05 08:26:01 | sleep.weights.plasticity       | INFO  | Hard-clipped 3 w_cons parameters to delta_max=0.0200 bound.
2026-08-05 08:26:02 | sleep.weights.plasticity       | INFO  | Hard-clipped 3 w_cons parameters to delta_max=0.0200 bound.
2026-08-05 08:26:02 | sleep.weights.plasticity       | INFO  | Hard-clipped 4 w_cons parameters to delta_max=0.0200 bound.
2026-08-05 08:26:02 | sleep.weights.plasticity       | INFO  | Hard-clipped 5 w_cons parameters to delta_max=0.0200 bound.
2026-08-05 08:26:03 | sleep.weights.plasticity       | INFO  | Hard-clipped 5 w_cons parameters to delta_max=0.0200 bound.
2026-08-05 08:26:03 | sleep.sleep_engine.train       | INFO  |   step 40/100 | loss=0.1628 | mean_loss=1.2020 | eta=4 | lr=7.50e-05
2026-08-05 08:26:03 | sleep.weights.plasticity       | INFO  | Hard-clipped 5 w_cons parameters to delta_max=0.0200 bound.
2026-08-05 08:26:03 | sleep.weights.plasticity       | INFO  | Hard-clipped 5 w_cons parameters to delta_max=0.0200 bound.
2026-08-05 08:26:04 | sleep.weights.plasticity       | INFO  | Hard-clipped 5 w_cons parameters to delta_max=0.0200 bound.
2026-08-05 08:26:04 | sleep.weights.plasticity       | INFO  | Hard-clipped 5 w_cons parameters to delta_max=0.0200 bound.
2026-08-05 08:26:04 | sleep.weights.plasticity       | INFO  | Hard-clipped 5 w_cons parameters to delta_max=0.0200 bound.
2026-08-05 08:26:04 | sleep.weights.plasticity       | INFO  | Hard-clipped 5 w_cons parameters to delta_max=0.0200 bound.
2026-08-05 08:26:05 | sleep.weights.plasticity       | INFO  | Hard-clipped 5 w_cons parameters to delta_max=0.0200 bound.
2026-08-05 08:26:05 | sleep.weights.plasticity       | INFO  | Hard-clipped 5 w_cons parameters to delta_max=0.0200 bound.
2026-08-05 08:26:05 | sleep.weights.plasticity       | INFO  | Hard-clipped 5 w_cons parameters to delta_max=0.0200 bound.
2026-08-05 08:26:06 | sleep.weights.plasticity       | INFO  | Hard-clipped 5 w_cons parameters to delta_max=0.0200 bound.
2026-08-05 08:26:06 | sleep.sleep_engine.train       | INFO  |   step 50/100 | loss=0.0686 | mean_loss=0.9806 | eta=4 | lr=5.87e-05
2026-08-05 08:26:06 | sleep.weights.plasticity       | INFO  | Hard-clipped 5 w_cons parameters to delta_max=0.0200 bound.
2026-08-05 08:26:06 | sleep.weights.plasticity       | INFO  | Hard-clipped 5 w_cons parameters to delta_max=0.0200 bound.
2026-08-05 08:26:07 | sleep.weights.plasticity       | INFO  | Hard-clipped 5 w_cons parameters to delta_max=0.0200 bound.
2026-08-05 08:26:07 | sleep.weights.plasticity       | INFO  | Hard-clipped 5 w_cons parameters to delta_max=0.0200 bound.
2026-08-05 08:26:07 | sleep.weights.plasticity       | INFO  | Hard-clipped 5 w_cons parameters to delta_max=0.0200 bound.
2026-08-05 08:26:08 | sleep.weights.plasticity       | INFO  | Hard-clipped 5 w_cons parameters to delta_max=0.0200 bound.
2026-08-05 08:26:08 | sleep.weights.plasticity       | INFO  | Hard-clipped 5 w_cons parameters to delta_max=0.0200 bound.
2026-08-05 08:26:08 | sleep.weights.plasticity       | INFO  | Hard-clipped 5 w_cons parameters to delta_max=0.0200 bound.
2026-08-05 08:26:09 | sleep.weights.plasticity       | INFO  | Hard-clipped 5 w_cons parameters to delta_max=0.0200 bound.
2026-08-05 08:26:09 | sleep.weights.plasticity       | INFO  | Hard-clipped 5 w_cons parameters to delta_max=0.0200 bound.
2026-08-05 08:26:09 | sleep.sleep_engine.train       | INFO  |   step 60/100 | loss=0.0568 | mean_loss=0.8265 | eta=4 | lr=4.13e-05
2026-08-05 08:26:09 | sleep.weights.plasticity       | INFO  | Hard-clipped 5 w_cons parameters to delta_max=0.0200 bound.
2026-08-05 08:26:10 | sleep.weights.plasticity       | INFO  | Hard-clipped 5 w_cons parameters to delta_max=0.0200 bound.
2026-08-05 08:26:10 | sleep.weights.plasticity       | INFO  | Hard-clipped 5 w_cons parameters to delta_max=0.0200 bound.
2026-08-05 08:26:10 | sleep.weights.plasticity       | INFO  | Hard-clipped 5 w_cons parameters to delta_max=0.0200 bound.
2026-08-05 08:26:11 | sleep.weights.plasticity       | INFO  | Hard-clipped 5 w_cons parameters to delta_max=0.0200 bound.
2026-08-05 08:26:11 | sleep.weights.plasticity       | INFO  | Hard-clipped 5 w_cons parameters to delta_max=0.0200 bound.
2026-08-05 08:26:11 | sleep.weights.plasticity       | INFO  | Hard-clipped 5 w_cons parameters to delta_max=0.0200 bound.
2026-08-05 08:26:12 | sleep.weights.plasticity       | INFO  | Hard-clipped 5 w_cons parameters to delta_max=0.0200 bound.
2026-08-05 08:26:12 | sleep.weights.plasticity       | INFO  | Hard-clipped 5 w_cons parameters to delta_max=0.0200 bound.
2026-08-05 08:26:12 | sleep.weights.plasticity       | INFO  | Hard-clipped 4 w_cons parameters to delta_max=0.0200 bound.
2026-08-05 08:26:12 | sleep.sleep_engine.train       | INFO  |   step 70/100 | loss=0.0474 | mean_loss=0.7154 | eta=4 | lr=2.50e-05
2026-08-05 08:26:13 | sleep.weights.plasticity       | INFO  | Hard-clipped 4 w_cons parameters to delta_max=0.0200 bound.
2026-08-05 08:26:13 | sleep.weights.plasticity       | INFO  | Hard-clipped 4 w_cons parameters to delta_max=0.0200 bound.
2026-08-05 08:26:13 | sleep.weights.plasticity       | INFO  | Hard-clipped 1 w_cons parameters to delta_max=0.0200 bound.
2026-08-05 08:26:14 | sleep.weights.plasticity       | INFO  | Hard-clipped 4 w_cons parameters to delta_max=0.0200 bound.
2026-08-05 08:26:14 | sleep.weights.plasticity       | INFO  | Hard-clipped 4 w_cons parameters to delta_max=0.0200 bound.
2026-08-05 08:26:14 | sleep.weights.plasticity       | INFO  | Hard-clipped 4 w_cons parameters to delta_max=0.0200 bound.
2026-08-05 08:26:15 | sleep.weights.plasticity       | INFO  | Hard-clipped 4 w_cons parameters to delta_max=0.0200 bound.
2026-08-05 08:26:15 | sleep.weights.plasticity       | INFO  | Hard-clipped 4 w_cons parameters to delta_max=0.0200 bound.
2026-08-05 08:26:15 | sleep.weights.plasticity       | INFO  | Hard-clipped 4 w_cons parameters to delta_max=0.0200 bound.
2026-08-05 08:26:16 | sleep.weights.plasticity       | INFO  | Hard-clipped 5 w_cons parameters to delta_max=0.0200 bound.
2026-08-05 08:26:16 | sleep.sleep_engine.train       | INFO  |   step 80/100 | loss=0.0485 | mean_loss=0.6319 | eta=9 | lr=1.17e-05
2026-08-05 08:26:16 | sleep.weights.plasticity       | INFO  | Hard-clipped 5 w_cons parameters to delta_max=0.0200 bound.
2026-08-05 08:26:16 | sleep.weights.plasticity       | INFO  | Hard-clipped 5 w_cons parameters to delta_max=0.0200 bound.
2026-08-05 08:26:16 | sleep.weights.plasticity       | INFO  | Hard-clipped 5 w_cons parameters to delta_max=0.0200 bound.
2026-08-05 08:26:17 | sleep.weights.plasticity       | INFO  | Hard-clipped 5 w_cons parameters to delta_max=0.0200 bound.
2026-08-05 08:26:17 | sleep.weights.plasticity       | INFO  | Hard-clipped 5 w_cons parameters to delta_max=0.0200 bound.
2026-08-05 08:26:17 | sleep.weights.plasticity       | INFO  | Hard-clipped 5 w_cons parameters to delta_max=0.0200 bound.
2026-08-05 08:26:18 | sleep.weights.plasticity       | INFO  | Hard-clipped 5 w_cons parameters to delta_max=0.0200 bound.
2026-08-05 08:26:18 | sleep.weights.plasticity       | INFO  | Hard-clipped 5 w_cons parameters to delta_max=0.0200 bound.
2026-08-05 08:26:18 | sleep.weights.plasticity       | INFO  | Hard-clipped 5 w_cons parameters to delta_max=0.0200 bound.
2026-08-05 08:26:19 | sleep.weights.plasticity       | INFO  | Hard-clipped 5 w_cons parameters to delta_max=0.0200 bound.
2026-08-05 08:26:19 | sleep.sleep_engine.train       | INFO  |   step 90/100 | loss=0.0462 | mean_loss=0.5668 | eta=9 | lr=3.02e-06
2026-08-05 08:26:19 | sleep.weights.plasticity       | INFO  | Hard-clipped 5 w_cons parameters to delta_max=0.0200 bound.
2026-08-05 08:26:19 | sleep.weights.plasticity       | INFO  | Hard-clipped 5 w_cons parameters to delta_max=0.0200 bound.
2026-08-05 08:26:20 | sleep.weights.plasticity       | INFO  | Hard-clipped 5 w_cons parameters to delta_max=0.0200 bound.
2026-08-05 08:26:20 | sleep.weights.plasticity       | INFO  | Hard-clipped 5 w_cons parameters to delta_max=0.0200 bound.
2026-08-05 08:26:20 | sleep.weights.plasticity       | INFO  | Hard-clipped 5 w_cons parameters to delta_max=0.0200 bound.
2026-08-05 08:26:21 | sleep.weights.plasticity       | INFO  | Hard-clipped 5 w_cons parameters to delta_max=0.0200 bound.
2026-08-05 08:26:21 | sleep.weights.plasticity       | INFO  | Hard-clipped 5 w_cons parameters to delta_max=0.0200 bound.
2026-08-05 08:26:21 | sleep.weights.plasticity       | INFO  | Hard-clipped 5 w_cons parameters to delta_max=0.0200 bound.
2026-08-05 08:26:22 | sleep.weights.plasticity       | INFO  | Hard-clipped 5 w_cons parameters to delta_max=0.0200 bound.
2026-08-05 08:26:22 | sleep.weights.plasticity       | INFO  | Hard-clipped 5 w_cons parameters to delta_max=0.0200 bound.
2026-08-05 08:26:22 | sleep.sleep_engine.train       | INFO  |   step 100/100 | loss=0.0468 | mean_loss=0.5147 | eta=9 | lr=0.00e+00
2026-08-05 08:26:22 | sleep.sleep_engine.train       | INFO  | Sleep training complete | n_steps=100 | final_loss=0.0468 | mean_loss=0.5147
2026-08-05 08:26:22 | sleep.metrics                  | INFO  | summary | {'sleep_train/final_loss': 0.04676957055926323, 'sleep_train/mean_loss': 0.5147267093881964, 'sleep_train/n_steps': 100}
2026-08-05 08:26:22 | sleep.sleep_engine             | INFO  | Phase 3 complete: 100 steps, final_loss=0.0468, mean_loss=0.5147
2026-08-05 08:26:22 | sleep.sleep_engine             | INFO  | Phase 4/5: PPL CHECK (skipped — no benchmark data)
2026-08-05 08:26:22 | sleep.sleep_engine             | INFO  | Phase 5/5: VALIDATE & CLEANUP
2026-08-05 08:26:22 | sleep.weights.plasticity       | INFO  | Saved checkpoint for adapter 'w_cons': 36 parameters.
2026-08-05 08:26:22 | sleep.weights.plasticity       | INFO  | Restored 36 parameters for adapter 'w_cons' from checkpoint.
2026-08-05 08:26:22 | sleep.weights.plasticity       | INFO  | Restored 36 parameters for adapter 'w_cons' from checkpoint.
2026-08-05 08:26:22 | sleep.sleep_engine.cleanup     | INFO  | Cleanup complete | passed=5 | failed=6 | permanently_removed=0
2026-08-05 08:26:22 | sleep.sleep_engine             | INFO  | Phase 5 complete: consolidated=5, failed=6, permanently_removed=0
2026-08-05 08:26:22 | sleep.metrics                  | INFO  | summary | {'sleep_engine/n_candidates': 11, 'sleep_engine/n_replays_generated': 6, 'sleep_engine/n_replays_accepted': 5, 'sleep_engine/n_consolidated': 5, 'sleep_engine/n_failed': 6, 'sleep_engine/n_permanently_removed': 0, 'sleep_engine/rolled_back': False}
2026-08-05 08:26:22 | sleep.weights.kv_memory        | INFO  | bank cleared: freed 14 tags / 575 tokens
2026-08-05 08:26:22 | sleep.sleep_engine             | INFO  | KV bank cleared (14 entries removed)
2026-08-05 08:26:22 | sleep.sleep_engine             | INFO  | KV memory injection: ENABLED
2026-08-05 08:26:22 | sleep.sleep_engine             | INFO  | === Sleep cycle END ===
2026-08-05 08:27:16 | sleep.evaluation.recall        | INFO  | Recall evaluation: DRA=0.0917 across 40 cases
2026-08-05 08:27:43 | sleep.evaluation.recall        | INFO  | Recall evaluation: DRA=0.1333 across 20 cases
2026-08-05 08:27:43 | sleep.evaluation.preservation  | INFO  | Perplexity evaluation: PPL=8.1620 (mean_loss=2.0995, 54 tokens)
2026-08-05 08:27:43 | sleep.evaluation.preservation  | INFO  | BCP: 1.9802 (current_ppl=8.1620, original_ppl=4.1217)
2026-08-05 08:27:43 | sleep.experiment.08            | INFO  | [sleep Cycle 2 EVAL] DRA cumulative=0.092 (9/40 hits); DRA current=0.133 (6/20 hits); BCP=1.9802
2026-08-05 08:27:43 | sleep.experiment.08            | INFO  | ======================================================================
2026-08-05 08:27:43 | sleep.experiment.08            | INFO  | [SLEEP Cycle 3] Wake phase: 20 facts
2026-08-05 08:27:43 | sleep.experiment.08            | INFO  | ======================================================================
2026-08-05 08:27:43 | sleep.tagging                  | INFO  | step=41 | 1 tags created from 1 spans | buffer: 34/38078 (0.1%)
2026-08-05 08:27:43 | sleep.tagging                  | INFO  | step=42 | 1 tags created from 1 spans | buffer: 35/38078 (0.1%)
2026-08-05 08:27:44 | sleep.tagging                  | INFO  | step=43 | 1 tags created from 1 spans | buffer: 36/38078 (0.1%)
2026-08-05 08:27:44 | sleep.tagging                  | INFO  | step=44 | 1 tags created from 1 spans | buffer: 37/38078 (0.1%)
2026-08-05 08:27:44 | sleep.tagging                  | INFO  | step=45 | 1 tags created from 1 spans | buffer: 38/38078 (0.1%)
2026-08-05 08:27:44 | sleep.tagging                  | INFO  | step=46 | 1 tags created from 1 spans | buffer: 39/38078 (0.1%)
2026-08-05 08:27:44 | sleep.tagging                  | INFO  | step=47 | 1 tags created from 1 spans | buffer: 40/38078 (0.1%)
2026-08-05 08:27:44 | sleep.tagging                  | INFO  | step=49 | 1 tags created from 1 spans | buffer: 41/38078 (0.1%)
2026-08-05 08:27:44 | sleep.tagging                  | INFO  | step=51 | 2 tags created from 2 spans | buffer: 43/38078 (0.1%)
2026-08-05 08:27:44 | sleep.tagging                  | INFO  | step=52 | 1 tags created from 1 spans | buffer: 44/38078 (0.1%)
2026-08-05 08:27:44 | sleep.tagging                  | INFO  | step=53 | 1 tags created from 1 spans | buffer: 45/38078 (0.1%)
2026-08-05 08:27:44 | sleep.tagging                  | INFO  | step=54 | 1 tags created from 1 spans | buffer: 46/38078 (0.1%)
2026-08-05 08:27:44 | sleep.tagging                  | INFO  | step=56 | 1 tags created from 1 spans | buffer: 47/38078 (0.1%)
2026-08-05 08:27:44 | sleep.tagging                  | INFO  | step=57 | 1 tags created from 1 spans | buffer: 48/38078 (0.1%)
2026-08-05 08:27:44 | sleep.experiment.08            | INFO  | [Cycle 3] Wake summary: 20 facts -> 14 KV writes; bank: 578/20000 tokens
2026-08-05 08:27:44 | sleep.prp                      | INFO  | step=60 | PRP update: 15/3807 allocated (0%) | +10 -0 | threshold=0.349 | mean_score=0.313
2026-08-05 08:27:44 | sleep.experiment.08            | INFO  | [Cycle 3] PRP: 15 allocated, 15 consolidation candidates
2026-08-05 08:27:44 | sleep.sleep_engine             | INFO  | === Sleep cycle START | 15 candidates ===
2026-08-05 08:27:44 | sleep.sleep_engine             | INFO  | Phase 1/5: GENERATE (strategy=original)
2026-08-05 08:27:44 | sleep.sleep_engine             | INFO  | KV memory injection: DISABLED
2026-08-05 08:27:44 | sleep.sleep_engine             | INFO  | Phase 1 (original strategy): 7 unique-source replays from 15 candidates
2026-08-05 08:27:44 | sleep.sleep_engine             | INFO  | Phase 1 complete: 7/15 replays generated
2026-08-05 08:27:44 | sleep.sleep_engine             | INFO  | Phase 2/5: QUALITY CHECK
2026-08-05 08:27:45 | sleep.sleep_engine.quality     | INFO  | Quality check REJECTED (similarity): Replay drifted too far from original experience (cosine similarity 0.0596 < theta_quality 0.5)
2026-08-05 08:27:45 | sleep.sleep_engine.quality     | INFO  | Quality check REJECTED (similarity): Replay drifted too far from original experience (cosine similarity 0.1553 < theta_quality 0.5)
2026-08-05 08:27:45 | sleep.sleep_engine.quality     | INFO  | Quality check REJECTED (similarity): Replay drifted too far from original experience (cosine similarity 0.1660 < theta_quality 0.5)
2026-08-05 08:27:45 | sleep.sleep_engine.quality     | INFO  | Quality check REJECTED (similarity): Replay drifted too far from original experience (cosine similarity 0.1094 < theta_quality 0.5)
2026-08-05 08:27:45 | sleep.sleep_engine.quality     | INFO  | Quality check REJECTED (similarity): Replay drifted too far from original experience (cosine similarity 0.1426 < theta_quality 0.5)
2026-08-05 08:27:45 | sleep.sleep_engine.quality     | INFO  | Quality check REJECTED (similarity): Replay drifted too far from original experience (cosine similarity 0.0947 < theta_quality 0.5)
2026-08-05 08:27:45 | sleep.sleep_engine.quality     | INFO  | Quality check REJECTED (similarity): Replay drifted too far from original experience (cosine similarity 0.4766 < theta_quality 0.5)
2026-08-05 08:27:45 | sleep.sleep_engine             | INFO  | Phase 2 complete: 0/7 replays accepted
2026-08-05 08:27:45 | sleep.sleep_engine             | INFO  | No replays accepted — skipping training, marking all candidates as failed
2026-08-05 08:27:45 | sleep.sleep_engine.cleanup     | INFO  | Cleanup complete | passed=0 | failed=15 | permanently_removed=0
2026-08-05 08:27:45 | sleep.sleep_engine             | INFO  | KV memory injection: ENABLED
2026-08-05 08:27:45 | sleep.sleep_engine             | INFO  | === Sleep cycle END (no accepted replays) ===
2026-08-05 08:29:05 | sleep.evaluation.recall        | INFO  | Recall evaluation: DRA=0.0833 across 60 cases
2026-08-05 08:29:31 | sleep.evaluation.recall        | INFO  | Recall evaluation: DRA=0.0500 across 20 cases
2026-08-05 08:29:31 | sleep.evaluation.preservation  | INFO  | Perplexity evaluation: PPL=8.4163 (mean_loss=2.1302, 54 tokens)
2026-08-05 08:29:31 | sleep.evaluation.preservation  | INFO  | BCP: 2.0419 (current_ppl=8.4163, original_ppl=4.1217)
2026-08-05 08:29:31 | sleep.experiment.08            | INFO  | [sleep Cycle 3 EVAL] DRA cumulative=0.083 (13/60 hits); DRA current=0.050 (3/20 hits); BCP=2.0419
2026-08-05 08:29:31 | sleep.experiment.08            | INFO  | ======================================================================
2026-08-05 08:29:31 | sleep.experiment.08            | INFO  | [SLEEP Cycle 4] Wake phase: 20 facts
2026-08-05 08:29:31 | sleep.experiment.08            | INFO  | ======================================================================
2026-08-05 08:29:31 | sleep.tagging                  | INFO  | step=61 | 2 tags created from 2 spans | buffer: 50/38078 (0.1%)
2026-08-05 08:29:31 | sleep.tagging                  | INFO  | step=62 | 1 tags created from 1 spans | buffer: 51/38078 (0.1%)
2026-08-05 08:29:31 | sleep.tagging                  | INFO  | step=63 | 1 tags created from 1 spans | buffer: 52/38078 (0.1%)
2026-08-05 08:29:31 | sleep.tagging                  | INFO  | step=64 | 2 tags created from 2 spans | buffer: 54/38078 (0.1%)
2026-08-05 08:29:31 | sleep.tagging                  | INFO  | step=66 | 1 tags created from 1 spans | buffer: 55/38078 (0.1%)
2026-08-05 08:29:31 | sleep.tagging                  | INFO  | step=67 | 1 tags created from 1 spans | buffer: 56/38078 (0.1%)
2026-08-05 08:29:31 | sleep.tagging                  | INFO  | step=68 | 1 tags created from 1 spans | buffer: 57/38078 (0.1%)
2026-08-05 08:29:31 | sleep.tagging                  | INFO  | step=69 | 1 tags created from 1 spans | buffer: 58/38078 (0.2%)
2026-08-05 08:29:32 | sleep.tagging                  | INFO  | step=71 | 1 tags created from 1 spans | buffer: 59/38078 (0.2%)
2026-08-05 08:29:32 | sleep.tagging                  | INFO  | step=73 | 1 tags created from 1 spans | buffer: 60/38078 (0.2%)
2026-08-05 08:29:32 | sleep.tagging                  | INFO  | step=75 | 1 tags created from 1 spans | buffer: 61/38078 (0.2%)
2026-08-05 08:29:32 | sleep.tagging                  | INFO  | step=76 | 1 tags created from 1 spans | buffer: 62/38078 (0.2%)
2026-08-05 08:29:32 | sleep.tagging                  | INFO  | step=77 | 1 tags created from 1 spans | buffer: 63/38078 (0.2%)
2026-08-05 08:29:32 | sleep.tagging                  | INFO  | step=78 | 1 tags created from 1 spans | buffer: 64/38078 (0.2%)
2026-08-05 08:29:32 | sleep.tagging                  | INFO  | step=79 | 1 tags created from 1 spans | buffer: 65/38078 (0.2%)
2026-08-05 08:29:32 | sleep.experiment.08            | INFO  | [Cycle 4] Wake summary: 20 facts -> 15 KV writes; bank: 1218/20000 tokens
2026-08-05 08:29:32 | sleep.prp                      | INFO  | step=80 | PRP update: 13/3807 allocated (0%) | +13 -0 | threshold=0.314 | mean_score=0.286
2026-08-05 08:29:32 | sleep.experiment.08            | INFO  | [Cycle 4] PRP: 13 allocated, 13 consolidation candidates
2026-08-05 08:29:32 | sleep.sleep_engine             | INFO  | === Sleep cycle START | 13 candidates ===
2026-08-05 08:29:32 | sleep.sleep_engine             | INFO  | Phase 1/5: GENERATE (strategy=original)
2026-08-05 08:29:32 | sleep.sleep_engine             | INFO  | KV memory injection: DISABLED
2026-08-05 08:29:32 | sleep.sleep_engine             | INFO  | Phase 1 (original strategy): 10 unique-source replays from 13 candidates
2026-08-05 08:29:32 | sleep.sleep_engine             | INFO  | Phase 1 complete: 10/13 replays generated
2026-08-05 08:29:32 | sleep.sleep_engine             | INFO  | Phase 2/5: QUALITY CHECK
2026-08-05 08:29:32 | sleep.sleep_engine.quality     | INFO  | Quality check REJECTED (similarity): Replay drifted too far from original experience (cosine similarity 0.1079 < theta_quality 0.5)
2026-08-05 08:29:32 | sleep.sleep_engine.quality     | INFO  | Quality check REJECTED (similarity): Replay drifted too far from original experience (cosine similarity 0.0752 < theta_quality 0.5)
2026-08-05 08:29:32 | sleep.sleep_engine.quality     | INFO  | Quality check REJECTED (similarity): Replay drifted too far from original experience (cosine similarity 0.4297 < theta_quality 0.5)
2026-08-05 08:29:32 | sleep.sleep_engine.quality     | INFO  | Quality check REJECTED (similarity): Replay drifted too far from original experience (cosine similarity 0.1016 < theta_quality 0.5)
2026-08-05 08:29:32 | sleep.sleep_engine.quality     | INFO  | Quality check REJECTED (similarity): Replay drifted too far from original experience (cosine similarity 0.1201 < theta_quality 0.5)
2026-08-05 08:29:32 | sleep.sleep_engine.quality     | INFO  | Quality check REJECTED (similarity): Replay drifted too far from original experience (cosine similarity 0.1182 < theta_quality 0.5)
2026-08-05 08:29:32 | sleep.sleep_engine.quality     | INFO  | Quality check REJECTED (similarity): Replay drifted too far from original experience (cosine similarity 0.1416 < theta_quality 0.5)
2026-08-05 08:29:32 | sleep.sleep_engine.quality     | INFO  | Quality check REJECTED (similarity): Replay drifted too far from original experience (cosine similarity 0.2520 < theta_quality 0.5)
2026-08-05 08:29:32 | sleep.sleep_engine.quality     | INFO  | Quality check REJECTED (similarity): Replay drifted too far from original experience (cosine similarity 0.1621 < theta_quality 0.5)
2026-08-05 08:29:32 | sleep.sleep_engine             | INFO  | Phase 2 complete: 1/10 replays accepted
2026-08-05 08:29:32 | sleep.sleep_engine             | INFO  | Phase 3/5: TRAIN (1 accepted replays)
2026-08-05 08:29:32 | sleep.sleep_engine             | INFO  | KV memory injection: DISABLED
2026-08-05 08:29:32 | sleep.weights.plasticity       | INFO  | Saved checkpoint for adapter 'w_cons': 36 parameters.
2026-08-05 08:29:32 | sleep.weights.plasticity       | INFO  | Saved checkpoint for adapter 'w_cons': 36 parameters.
2026-08-05 08:29:33 | sleep.sleep_engine.train       | INFO  | Starting sleep training | n_steps=100 | n_replay=1 | lr=1.00e-04 | device=cuda
2026-08-05 08:29:35 | sleep.sleep_engine.train       | INFO  |   step 10/100 | loss=3.6444 | mean_loss=4.6572 | eta=9 | lr=1.00e-04
2026-08-05 08:29:38 | sleep.sleep_engine.train       | INFO  |   step 20/100 | loss=1.9703 | mean_loss=3.7198 | eta=9 | lr=9.70e-05
2026-08-05 08:29:41 | sleep.sleep_engine.train       | INFO  |   step 30/100 | loss=0.5081 | mean_loss=2.8368 | eta=4 | lr=8.83e-05
2026-08-05 08:29:43 | sleep.weights.plasticity       | INFO  | Hard-clipped 1 w_cons parameters to delta_max=0.0200 bound.
2026-08-05 08:29:44 | sleep.weights.plasticity       | INFO  | Hard-clipped 1 w_cons parameters to delta_max=0.0200 bound.
2026-08-05 08:29:44 | sleep.sleep_engine.train       | INFO  |   step 40/100 | loss=0.0252 | mean_loss=2.1705 | eta=4 | lr=7.50e-05
2026-08-05 08:29:44 | sleep.weights.plasticity       | INFO  | Hard-clipped 1 w_cons parameters to delta_max=0.0200 bound.
2026-08-05 08:29:44 | sleep.weights.plasticity       | INFO  | Hard-clipped 1 w_cons parameters to delta_max=0.0200 bound.
2026-08-05 08:29:45 | sleep.weights.plasticity       | INFO  | Hard-clipped 1 w_cons parameters to delta_max=0.0200 bound.
2026-08-05 08:29:45 | sleep.weights.plasticity       | INFO  | Hard-clipped 2 w_cons parameters to delta_max=0.0200 bound.
2026-08-05 08:29:45 | sleep.weights.plasticity       | INFO  | Hard-clipped 2 w_cons parameters to delta_max=0.0200 bound.
2026-08-05 08:29:45 | sleep.weights.plasticity       | INFO  | Hard-clipped 2 w_cons parameters to delta_max=0.0200 bound.
2026-08-05 08:29:46 | sleep.weights.plasticity       | INFO  | Hard-clipped 2 w_cons parameters to delta_max=0.0200 bound.
2026-08-05 08:29:46 | sleep.weights.plasticity       | INFO  | Hard-clipped 2 w_cons parameters to delta_max=0.0200 bound.
2026-08-05 08:29:46 | sleep.weights.plasticity       | INFO  | Hard-clipped 2 w_cons parameters to delta_max=0.0200 bound.
2026-08-05 08:29:47 | sleep.weights.plasticity       | INFO  | Hard-clipped 2 w_cons parameters to delta_max=0.0200 bound.
2026-08-05 08:29:47 | sleep.sleep_engine.train       | INFO  |   step 50/100 | loss=0.0007 | mean_loss=1.7370 | eta=4 | lr=5.87e-05
2026-08-05 08:29:47 | sleep.weights.plasticity       | INFO  | Hard-clipped 2 w_cons parameters to delta_max=0.0200 bound.
2026-08-05 08:29:47 | sleep.weights.plasticity       | INFO  | Hard-clipped 2 w_cons parameters to delta_max=0.0200 bound.
2026-08-05 08:29:47 | sleep.weights.plasticity       | INFO  | Hard-clipped 2 w_cons parameters to delta_max=0.0200 bound.
2026-08-05 08:29:48 | sleep.weights.plasticity       | INFO  | Hard-clipped 2 w_cons parameters to delta_max=0.0200 bound.
2026-08-05 08:29:48 | sleep.weights.plasticity       | INFO  | Hard-clipped 2 w_cons parameters to delta_max=0.0200 bound.
2026-08-05 08:29:48 | sleep.weights.plasticity       | INFO  | Hard-clipped 2 w_cons parameters to delta_max=0.0200 bound.
2026-08-05 08:29:49 | sleep.weights.plasticity       | INFO  | Hard-clipped 2 w_cons parameters to delta_max=0.0200 bound.
2026-08-05 08:29:49 | sleep.weights.plasticity       | INFO  | Hard-clipped 2 w_cons parameters to delta_max=0.0200 bound.
2026-08-05 08:29:49 | sleep.weights.plasticity       | INFO  | Hard-clipped 2 w_cons parameters to delta_max=0.0200 bound.
2026-08-05 08:29:49 | sleep.weights.plasticity       | INFO  | Hard-clipped 2 w_cons parameters to delta_max=0.0200 bound.
2026-08-05 08:29:49 | sleep.sleep_engine.train       | INFO  |   step 60/100 | loss=0.0005 | mean_loss=1.4476 | eta=4 | lr=4.13e-05
2026-08-05 08:29:50 | sleep.weights.plasticity       | INFO  | Hard-clipped 2 w_cons parameters to delta_max=0.0200 bound.
2026-08-05 08:29:50 | sleep.weights.plasticity       | INFO  | Hard-clipped 2 w_cons parameters to delta_max=0.0200 bound.
2026-08-05 08:29:50 | sleep.weights.plasticity       | INFO  | Hard-clipped 2 w_cons parameters to delta_max=0.0200 bound.
2026-08-05 08:29:51 | sleep.weights.plasticity       | INFO  | Hard-clipped 2 w_cons parameters to delta_max=0.0200 bound.
2026-08-05 08:29:51 | sleep.weights.plasticity       | INFO  | Hard-clipped 2 w_cons parameters to delta_max=0.0200 bound.
2026-08-05 08:29:51 | sleep.weights.plasticity       | INFO  | Hard-clipped 2 w_cons parameters to delta_max=0.0200 bound.
2026-08-05 08:29:51 | sleep.weights.plasticity       | INFO  | Hard-clipped 2 w_cons parameters to delta_max=0.0200 bound.
2026-08-05 08:29:52 | sleep.weights.plasticity       | INFO  | Hard-clipped 2 w_cons parameters to delta_max=0.0200 bound.
2026-08-05 08:29:52 | sleep.weights.plasticity       | INFO  | Hard-clipped 2 w_cons parameters to delta_max=0.0200 bound.
2026-08-05 08:29:52 | sleep.weights.plasticity       | INFO  | Hard-clipped 2 w_cons parameters to delta_max=0.0200 bound.
2026-08-05 08:29:52 | sleep.sleep_engine.train       | INFO  |   step 70/100 | loss=0.0003 | mean_loss=1.2408 | eta=4 | lr=2.50e-05
2026-08-05 08:29:53 | sleep.weights.plasticity       | INFO  | Hard-clipped 2 w_cons parameters to delta_max=0.0200 bound.
2026-08-05 08:29:53 | sleep.weights.plasticity       | INFO  | Hard-clipped 2 w_cons parameters to delta_max=0.0200 bound.
2026-08-05 08:29:53 | sleep.weights.plasticity       | INFO  | Hard-clipped 2 w_cons parameters to delta_max=0.0200 bound.
2026-08-05 08:29:53 | sleep.weights.plasticity       | INFO  | Hard-clipped 2 w_cons parameters to delta_max=0.0200 bound.
2026-08-05 08:29:54 | sleep.weights.plasticity       | INFO  | Hard-clipped 2 w_cons parameters to delta_max=0.0200 bound.
2026-08-05 08:29:54 | sleep.weights.plasticity       | INFO  | Hard-clipped 2 w_cons parameters to delta_max=0.0200 bound.
2026-08-05 08:29:54 | sleep.weights.plasticity       | INFO  | Hard-clipped 2 w_cons parameters to delta_max=0.0200 bound.
2026-08-05 08:29:55 | sleep.weights.plasticity       | INFO  | Hard-clipped 2 w_cons parameters to delta_max=0.0200 bound.
2026-08-05 08:29:55 | sleep.weights.plasticity       | INFO  | Hard-clipped 2 w_cons parameters to delta_max=0.0200 bound.
2026-08-05 08:29:55 | sleep.weights.plasticity       | INFO  | Hard-clipped 2 w_cons parameters to delta_max=0.0200 bound.
2026-08-05 08:29:55 | sleep.sleep_engine.train       | INFO  |   step 80/100 | loss=0.0003 | mean_loss=1.0858 | eta=9 | lr=1.17e-05
2026-08-05 08:29:55 | sleep.weights.plasticity       | INFO  | Hard-clipped 2 w_cons parameters to delta_max=0.0200 bound.
2026-08-05 08:29:56 | sleep.weights.plasticity       | INFO  | Hard-clipped 2 w_cons parameters to delta_max=0.0200 bound.
2026-08-05 08:29:56 | sleep.weights.plasticity       | INFO  | Hard-clipped 2 w_cons parameters to delta_max=0.0200 bound.
2026-08-05 08:29:56 | sleep.weights.plasticity       | INFO  | Hard-clipped 2 w_cons parameters to delta_max=0.0200 bound.
2026-08-05 08:29:56 | sleep.weights.plasticity       | INFO  | Hard-clipped 2 w_cons parameters to delta_max=0.0200 bound.
2026-08-05 08:29:57 | sleep.weights.plasticity       | INFO  | Hard-clipped 2 w_cons parameters to delta_max=0.0200 bound.
2026-08-05 08:29:57 | sleep.weights.plasticity       | INFO  | Hard-clipped 2 w_cons parameters to delta_max=0.0200 bound.
2026-08-05 08:29:57 | sleep.weights.plasticity       | INFO  | Hard-clipped 2 w_cons parameters to delta_max=0.0200 bound.
2026-08-05 08:29:58 | sleep.weights.plasticity       | INFO  | Hard-clipped 2 w_cons parameters to delta_max=0.0200 bound.
2026-08-05 08:29:58 | sleep.weights.plasticity       | INFO  | Hard-clipped 2 w_cons parameters to delta_max=0.0200 bound.
2026-08-05 08:29:58 | sleep.sleep_engine.train       | INFO  |   step 90/100 | loss=0.0003 | mean_loss=0.9652 | eta=9 | lr=3.02e-06
2026-08-05 08:29:58 | sleep.weights.plasticity       | INFO  | Hard-clipped 2 w_cons parameters to delta_max=0.0200 bound.
2026-08-05 08:29:58 | sleep.weights.plasticity       | INFO  | Hard-clipped 2 w_cons parameters to delta_max=0.0200 bound.
2026-08-05 08:29:59 | sleep.weights.plasticity       | INFO  | Hard-clipped 2 w_cons parameters to delta_max=0.0200 bound.
2026-08-05 08:29:59 | sleep.weights.plasticity       | INFO  | Hard-clipped 2 w_cons parameters to delta_max=0.0200 bound.
2026-08-05 08:29:59 | sleep.weights.plasticity       | INFO  | Hard-clipped 2 w_cons parameters to delta_max=0.0200 bound.
2026-08-05 08:30:00 | sleep.weights.plasticity       | INFO  | Hard-clipped 2 w_cons parameters to delta_max=0.0200 bound.
2026-08-05 08:30:00 | sleep.weights.plasticity       | INFO  | Hard-clipped 2 w_cons parameters to delta_max=0.0200 bound.
2026-08-05 08:30:00 | sleep.weights.plasticity       | INFO  | Hard-clipped 2 w_cons parameters to delta_max=0.0200 bound.
2026-08-05 08:30:00 | sleep.weights.plasticity       | INFO  | Hard-clipped 2 w_cons parameters to delta_max=0.0200 bound.
2026-08-05 08:30:01 | sleep.weights.plasticity       | INFO  | Hard-clipped 2 w_cons parameters to delta_max=0.0200 bound.
2026-08-05 08:30:01 | sleep.sleep_engine.train       | INFO  |   step 100/100 | loss=0.0003 | mean_loss=0.8687 | eta=9 | lr=0.00e+00
2026-08-05 08:30:01 | sleep.sleep_engine.train       | INFO  | Sleep training complete | n_steps=100 | final_loss=0.0003 | mean_loss=0.8687
2026-08-05 08:30:01 | sleep.metrics                  | INFO  | summary | {'sleep_train/final_loss': 0.0002800665679387748, 'sleep_train/mean_loss': 0.8686701812644606, 'sleep_train/n_steps': 100}
2026-08-05 08:30:01 | sleep.sleep_engine             | INFO  | Phase 3 complete: 100 steps, final_loss=0.0003, mean_loss=0.8687
2026-08-05 08:30:01 | sleep.sleep_engine             | INFO  | Phase 4/5: PPL CHECK (skipped — no benchmark data)
2026-08-05 08:30:01 | sleep.sleep_engine             | INFO  | Phase 5/5: VALIDATE & CLEANUP
2026-08-05 08:30:01 | sleep.weights.plasticity       | INFO  | Saved checkpoint for adapter 'w_cons': 36 parameters.
2026-08-05 08:30:01 | sleep.weights.plasticity       | INFO  | Restored 36 parameters for adapter 'w_cons' from checkpoint.
2026-08-05 08:30:01 | sleep.weights.plasticity       | INFO  | Restored 36 parameters for adapter 'w_cons' from checkpoint.
2026-08-05 08:30:01 | sleep.sleep_engine.cleanup     | INFO  | Cleanup complete | passed=2 | failed=11 | permanently_removed=0
2026-08-05 08:30:01 | sleep.sleep_engine             | INFO  | Phase 5 complete: consolidated=2, failed=11, permanently_removed=0
2026-08-05 08:30:01 | sleep.metrics                  | INFO  | summary | {'sleep_engine/n_candidates': 13, 'sleep_engine/n_replays_generated': 10, 'sleep_engine/n_replays_accepted': 1, 'sleep_engine/n_consolidated': 2, 'sleep_engine/n_failed': 11, 'sleep_engine/n_permanently_removed': 0, 'sleep_engine/rolled_back': False}
2026-08-05 08:30:01 | sleep.weights.kv_memory        | INFO  | bank cleared: freed 29 tags / 1218 tokens
2026-08-05 08:30:01 | sleep.sleep_engine             | INFO  | KV bank cleared (29 entries removed)
2026-08-05 08:30:01 | sleep.sleep_engine             | INFO  | KV memory injection: ENABLED
2026-08-05 08:30:01 | sleep.sleep_engine             | INFO  | === Sleep cycle END ===
2026-08-05 08:31:51 | sleep.evaluation.recall        | INFO  | Recall evaluation: DRA=0.0375 across 80 cases
2026-08-05 08:32:19 | sleep.evaluation.recall        | INFO  | Recall evaluation: DRA=0.0333 across 20 cases
2026-08-05 08:32:19 | sleep.evaluation.preservation  | INFO  | Perplexity evaluation: PPL=18.1486 (mean_loss=2.8986, 54 tokens)
2026-08-05 08:32:19 | sleep.evaluation.preservation  | INFO  | BCP: 4.4031 (current_ppl=18.1486, original_ppl=4.1217)
2026-08-05 08:32:19 | sleep.experiment.08            | INFO  | [sleep Cycle 4 EVAL] DRA cumulative=0.037 (9/80 hits); DRA current=0.033 (2/20 hits); BCP=4.4031
2026-08-05 08:32:19 | sleep.experiment.08            | INFO  | ======================================================================
2026-08-05 08:32:19 | sleep.experiment.08            | INFO  | [SLEEP Cycle 5] Wake phase: 20 facts
2026-08-05 08:32:19 | sleep.experiment.08            | INFO  | ======================================================================
2026-08-05 08:32:19 | sleep.tagging                  | INFO  | step=81 | 2 tags created from 2 spans | buffer: 67/38078 (0.2%)
2026-08-05 08:32:20 | sleep.tagging                  | INFO  | step=82 | 1 tags created from 1 spans | buffer: 68/38078 (0.2%)
2026-08-05 08:32:20 | sleep.tagging                  | INFO  | step=83 | 1 tags created from 1 spans | buffer: 69/38078 (0.2%)
2026-08-05 08:32:20 | sleep.tagging                  | INFO  | step=84 | 1 tags created from 1 spans | buffer: 70/38078 (0.2%)
2026-08-05 08:32:20 | sleep.tagging                  | INFO  | step=86 | 1 tags created from 1 spans | buffer: 71/38078 (0.2%)
2026-08-05 08:32:20 | sleep.tagging                  | INFO  | step=87 | 1 tags created from 1 spans | buffer: 72/38078 (0.2%)
2026-08-05 08:32:20 | sleep.tagging                  | INFO  | step=89 | 1 tags created from 1 spans | buffer: 73/38078 (0.2%)
2026-08-05 08:32:20 | sleep.tagging                  | INFO  | step=91 | 1 tags created from 1 spans | buffer: 74/38078 (0.2%)
2026-08-05 08:32:20 | sleep.tagging                  | INFO  | step=92 | 1 tags created from 1 spans | buffer: 75/38078 (0.2%)
2026-08-05 08:32:20 | sleep.tagging                  | INFO  | step=93 | 2 tags created from 2 spans | buffer: 77/38078 (0.2%)
2026-08-05 08:32:20 | sleep.tagging                  | INFO  | step=94 | 1 tags created from 1 spans | buffer: 78/38078 (0.2%)
2026-08-05 08:32:20 | sleep.tagging                  | INFO  | step=96 | 1 tags created from 1 spans | buffer: 79/38078 (0.2%)
2026-08-05 08:32:20 | sleep.tagging                  | INFO  | step=97 | 1 tags created from 1 spans | buffer: 80/38078 (0.2%)
2026-08-05 08:32:20 | sleep.tagging                  | INFO  | step=98 | 1 tags created from 1 spans | buffer: 81/38078 (0.2%)
2026-08-05 08:32:21 | sleep.tagging                  | INFO  | step=99 | 1 tags created from 1 spans | buffer: 82/38078 (0.2%)
2026-08-05 08:32:21 | sleep.experiment.08            | INFO  | [Cycle 5] Wake summary: 20 facts -> 15 KV writes; bank: 638/20000 tokens
2026-08-05 08:32:21 | sleep.prp                      | INFO  | step=100 | PRP update: 23/3807 allocated (1%) | +21 -0 | threshold=0.352 | mean_score=0.322
2026-08-05 08:32:21 | sleep.experiment.08            | INFO  | [Cycle 5] PRP: 23 allocated, 23 consolidation candidates
2026-08-05 08:32:21 | sleep.sleep_engine             | INFO  | === Sleep cycle START | 23 candidates ===
2026-08-05 08:32:21 | sleep.sleep_engine             | INFO  | Phase 1/5: GENERATE (strategy=original)
2026-08-05 08:32:21 | sleep.sleep_engine             | INFO  | KV memory injection: DISABLED
2026-08-05 08:32:21 | sleep.sleep_engine             | INFO  | Phase 1 (original strategy): 11 unique-source replays from 23 candidates
2026-08-05 08:32:21 | sleep.sleep_engine             | INFO  | Phase 1 complete: 11/23 replays generated
2026-08-05 08:32:21 | sleep.sleep_engine             | INFO  | Phase 2/5: QUALITY CHECK
2026-08-05 08:32:21 | sleep.sleep_engine.quality     | INFO  | Quality check REJECTED (similarity): Replay drifted too far from original experience (cosine similarity 0.4219 < theta_quality 0.5)
2026-08-05 08:32:21 | sleep.sleep_engine.quality     | INFO  | Quality check REJECTED (similarity): Replay drifted too far from original experience (cosine similarity 0.0039 < theta_quality 0.5)
2026-08-05 08:32:21 | sleep.sleep_engine.quality     | INFO  | Quality check REJECTED (similarity): Replay drifted too far from original experience (cosine similarity 0.0052 < theta_quality 0.5)
2026-08-05 08:32:21 | sleep.sleep_engine.quality     | INFO  | Quality check REJECTED (similarity): Replay drifted too far from original experience (cosine similarity 0.1406 < theta_quality 0.5)
2026-08-05 08:32:21 | sleep.sleep_engine.quality     | INFO  | Quality check REJECTED (similarity): Replay drifted too far from original experience (cosine similarity 0.0579 < theta_quality 0.5)
2026-08-05 08:32:21 | sleep.sleep_engine.quality     | INFO  | Quality check REJECTED (similarity): Replay drifted too far from original experience (cosine similarity 0.0240 < theta_quality 0.5)
2026-08-05 08:32:21 | sleep.sleep_engine.quality     | INFO  | Quality check REJECTED (similarity): Replay drifted too far from original experience (cosine similarity 0.3281 < theta_quality 0.5)
2026-08-05 08:32:21 | sleep.sleep_engine.quality     | INFO  | Quality check REJECTED (similarity): Replay drifted too far from original experience (cosine similarity 0.1128 < theta_quality 0.5)
2026-08-05 08:32:21 | sleep.sleep_engine.quality     | INFO  | Quality check REJECTED (similarity): Replay drifted too far from original experience (cosine similarity 0.3027 < theta_quality 0.5)
2026-08-05 08:32:21 | sleep.sleep_engine.quality     | INFO  | Quality check REJECTED (similarity): Replay drifted too far from original experience (cosine similarity 0.0457 < theta_quality 0.5)
2026-08-05 08:32:21 | sleep.sleep_engine.quality     | INFO  | Quality check REJECTED (similarity): Replay drifted too far from original experience (cosine similarity 0.0947 < theta_quality 0.5)
2026-08-05 08:32:21 | sleep.sleep_engine             | INFO  | Phase 2 complete: 0/11 replays accepted
2026-08-05 08:32:21 | sleep.sleep_engine             | INFO  | No replays accepted — skipping training, marking all candidates as failed
2026-08-05 08:32:21 | sleep.sleep_engine.cleanup     | INFO  | Cleanup complete | passed=0 | failed=23 | permanently_removed=0
2026-08-05 08:32:21 | sleep.sleep_engine             | INFO  | KV memory injection: ENABLED
2026-08-05 08:32:21 | sleep.sleep_engine             | INFO  | === Sleep cycle END (no accepted replays) ===
2026-08-05 08:34:35 | sleep.evaluation.recall        | INFO  | Recall evaluation: DRA=0.0400 across 100 cases
2026-08-05 08:35:01 | sleep.evaluation.recall        | INFO  | Recall evaluation: DRA=0.0333 across 20 cases
2026-08-05 08:35:01 | sleep.evaluation.preservation  | INFO  | Perplexity evaluation: PPL=18.8368 (mean_loss=2.9358, 54 tokens)
2026-08-05 08:35:01 | sleep.evaluation.preservation  | INFO  | BCP: 4.5701 (current_ppl=18.8368, original_ppl=4.1217)
2026-08-05 08:35:01 | sleep.experiment.08            | INFO  | [sleep Cycle 5 EVAL] DRA cumulative=0.040 (12/100 hits); DRA current=0.033 (2/20 hits); BCP=4.5701
2026-08-05 08:35:01 | sleep.experiment.08            | INFO  | ======================================================================
2026-08-05 08:35:01 | sleep.experiment.08            | INFO  | [SLEEP Cycle 6] Wake phase: 20 facts
2026-08-05 08:35:01 | sleep.experiment.08            | INFO  | ======================================================================
2026-08-05 08:35:01 | sleep.tagging                  | INFO  | step=101 | 1 tags created from 1 spans | buffer: 83/38078 (0.2%)
2026-08-05 08:35:01 | sleep.tagging                  | INFO  | step=102 | 1 tags created from 1 spans | buffer: 84/38078 (0.2%)
2026-08-05 08:35:01 | sleep.tagging                  | INFO  | step=103 | 1 tags created from 1 spans | buffer: 85/38078 (0.2%)
2026-08-05 08:35:01 | sleep.tagging                  | INFO  | step=104 | 1 tags created from 1 spans | buffer: 86/38078 (0.2%)
2026-08-05 08:35:01 | sleep.tagging                  | INFO  | step=105 | 1 tags created from 1 spans | buffer: 87/38078 (0.2%)
2026-08-05 08:35:02 | sleep.tagging                  | INFO  | step=106 | 1 tags created from 1 spans | buffer: 88/38078 (0.2%)
2026-08-05 08:35:02 | sleep.tagging                  | INFO  | step=108 | 1 tags created from 1 spans | buffer: 89/38078 (0.2%)
2026-08-05 08:35:02 | sleep.tagging                  | INFO  | step=109 | 1 tags created from 1 spans | buffer: 90/38078 (0.2%)
2026-08-05 08:35:02 | sleep.tagging                  | INFO  | step=111 | 1 tags created from 1 spans | buffer: 91/38078 (0.2%)
2026-08-05 08:35:02 | sleep.tagging                  | INFO  | step=112 | 1 tags created from 1 spans | buffer: 92/38078 (0.2%)
2026-08-05 08:35:02 | sleep.tagging                  | INFO  | step=113 | 1 tags created from 1 spans | buffer: 93/38078 (0.2%)
2026-08-05 08:35:02 | sleep.tagging                  | INFO  | step=114 | 1 tags created from 1 spans | buffer: 94/38078 (0.2%)
2026-08-05 08:35:02 | sleep.tagging                  | INFO  | step=115 | 1 tags created from 1 spans | buffer: 95/38078 (0.2%)
2026-08-05 08:35:02 | sleep.tagging                  | INFO  | step=116 | 1 tags created from 1 spans | buffer: 96/38078 (0.3%)
2026-08-05 08:35:02 | sleep.tagging                  | INFO  | step=117 | 1 tags created from 1 spans | buffer: 97/38078 (0.3%)
2026-08-05 08:35:02 | sleep.tagging                  | INFO  | step=119 | 1 tags created from 1 spans | buffer: 98/38078 (0.3%)
2026-08-05 08:35:02 | sleep.experiment.08            | INFO  | [Cycle 6] Wake summary: 20 facts -> 16 KV writes; bank: 1293/20000 tokens
2026-08-05 08:35:02 | sleep.prp                      | INFO  | step=120 | PRP update: 18/3807 allocated (0%) | +18 -0 | threshold=0.297 | mean_score=0.271
2026-08-05 08:35:02 | sleep.experiment.08            | INFO  | [Cycle 6] PRP: 18 allocated, 18 consolidation candidates
2026-08-05 08:35:02 | sleep.sleep_engine             | INFO  | === Sleep cycle START | 18 candidates ===
2026-08-05 08:35:02 | sleep.sleep_engine             | INFO  | Phase 1/5: GENERATE (strategy=original)
2026-08-05 08:35:02 | sleep.sleep_engine             | INFO  | KV memory injection: DISABLED
2026-08-05 08:35:02 | sleep.sleep_engine             | INFO  | Phase 1 (original strategy): 11 unique-source replays from 18 candidates
2026-08-05 08:35:02 | sleep.sleep_engine             | INFO  | Phase 1 complete: 11/18 replays generated
2026-08-05 08:35:02 | sleep.sleep_engine             | INFO  | Phase 2/5: QUALITY CHECK
2026-08-05 08:35:02 | sleep.sleep_engine.quality     | INFO  | Quality check REJECTED (similarity): Replay drifted too far from original experience (cosine similarity 0.0040 < theta_quality 0.5)
2026-08-05 08:35:02 | sleep.sleep_engine.quality     | INFO  | Quality check REJECTED (similarity): Replay drifted too far from original experience (cosine similarity 0.0109 < theta_quality 0.5)
2026-08-05 08:35:02 | sleep.sleep_engine.quality     | INFO  | Quality check REJECTED (similarity): Replay drifted too far from original experience (cosine similarity -0.0320 < theta_quality 0.5)
2026-08-05 08:35:02 | sleep.sleep_engine.quality     | INFO  | Quality check REJECTED (similarity): Replay drifted too far from original experience (cosine similarity -0.0210 < theta_quality 0.5)
2026-08-05 08:35:02 | sleep.sleep_engine.quality     | INFO  | Quality check REJECTED (similarity): Replay drifted too far from original experience (cosine similarity 0.0835 < theta_quality 0.5)
2026-08-05 08:35:03 | sleep.sleep_engine.quality     | INFO  | Quality check REJECTED (similarity): Replay drifted too far from original experience (cosine similarity 0.1064 < theta_quality 0.5)
2026-08-05 08:35:03 | sleep.sleep_engine.quality     | INFO  | Quality check REJECTED (similarity): Replay drifted too far from original experience (cosine similarity 0.1592 < theta_quality 0.5)
2026-08-05 08:35:03 | sleep.sleep_engine.quality     | INFO  | Quality check REJECTED (similarity): Replay drifted too far from original experience (cosine similarity 0.0869 < theta_quality 0.5)
2026-08-05 08:35:03 | sleep.sleep_engine.quality     | INFO  | Quality check REJECTED (similarity): Replay drifted too far from original experience (cosine similarity 0.0049 < theta_quality 0.5)
2026-08-05 08:35:03 | sleep.sleep_engine.quality     | INFO  | Quality check REJECTED (similarity): Replay drifted too far from original experience (cosine similarity 0.0908 < theta_quality 0.5)
2026-08-05 08:35:03 | sleep.sleep_engine.quality     | INFO  | Quality check REJECTED (similarity): Replay drifted too far from original experience (cosine similarity 0.0596 < theta_quality 0.5)
2026-08-05 08:35:03 | sleep.sleep_engine             | INFO  | Phase 2 complete: 0/11 replays accepted
2026-08-05 08:35:03 | sleep.sleep_engine             | INFO  | No replays accepted — skipping training, marking all candidates as failed
2026-08-05 08:35:03 | sleep.sleep_engine.cleanup     | INFO  | Cleanup complete | passed=0 | failed=18 | permanently_removed=0
2026-08-05 08:35:03 | sleep.sleep_engine             | INFO  | KV memory injection: ENABLED
2026-08-05 08:35:03 | sleep.sleep_engine             | INFO  | === Sleep cycle END (no accepted replays) ===
2026-08-05 08:37:43 | sleep.evaluation.recall        | INFO  | Recall evaluation: DRA=0.0444 across 120 cases
2026-08-05 08:38:10 | sleep.evaluation.recall        | INFO  | Recall evaluation: DRA=0.0667 across 20 cases
2026-08-05 08:38:10 | sleep.evaluation.preservation  | INFO  | Perplexity evaluation: PPL=18.3547 (mean_loss=2.9099, 54 tokens)
2026-08-05 08:38:10 | sleep.evaluation.preservation  | INFO  | BCP: 4.4532 (current_ppl=18.3547, original_ppl=4.1217)
2026-08-05 08:38:10 | sleep.experiment.08            | INFO  | [sleep Cycle 6 EVAL] DRA cumulative=0.044 (15/120 hits); DRA current=0.067 (3/20 hits); BCP=4.4532
2026-08-05 08:38:10 | sleep.experiment.08            | INFO  | ======================================================================
2026-08-05 08:38:10 | sleep.experiment.08            | INFO  | [SLEEP Cycle 7] Wake phase: 20 facts
2026-08-05 08:38:10 | sleep.experiment.08            | INFO  | ======================================================================
2026-08-05 08:38:10 | sleep.tagging                  | INFO  | step=121 | 2 tags created from 2 spans | buffer: 100/38078 (0.3%)
2026-08-05 08:38:10 | sleep.tagging                  | INFO  | step=122 | 1 tags created from 1 spans | buffer: 101/38078 (0.3%)
2026-08-05 08:38:10 | sleep.tagging                  | INFO  | step=123 | 1 tags created from 1 spans | buffer: 102/38078 (0.3%)
2026-08-05 08:38:10 | sleep.tagging                  | INFO  | step=124 | 1 tags created from 1 spans | buffer: 103/38078 (0.3%)
2026-08-05 08:38:10 | sleep.tagging                  | INFO  | step=126 | 1 tags created from 1 spans | buffer: 104/38078 (0.3%)
2026-08-05 08:38:10 | sleep.tagging                  | INFO  | step=127 | 2 tags created from 2 spans | buffer: 106/38078 (0.3%)
2026-08-05 08:38:10 | sleep.tagging                  | INFO  | step=128 | 1 tags created from 1 spans | buffer: 107/38078 (0.3%)
2026-08-05 08:38:10 | sleep.tagging                  | INFO  | step=129 | 1 tags created from 1 spans | buffer: 108/38078 (0.3%)
2026-08-05 08:38:10 | sleep.tagging                  | INFO  | step=131 | 2 tags created from 2 spans | buffer: 110/38078 (0.3%)
2026-08-05 08:38:10 | sleep.tagging                  | INFO  | step=132 | 1 tags created from 1 spans | buffer: 111/38078 (0.3%)
2026-08-05 08:38:10 | sleep.tagging                  | INFO  | step=134 | 1 tags created from 1 spans | buffer: 112/38078 (0.3%)
2026-08-05 08:38:11 | sleep.tagging                  | INFO  | step=135 | 1 tags created from 1 spans | buffer: 113/38078 (0.3%)
2026-08-05 08:38:11 | sleep.tagging                  | INFO  | step=136 | 1 tags created from 1 spans | buffer: 114/38078 (0.3%)
2026-08-05 08:38:11 | sleep.tagging                  | INFO  | step=137 | 1 tags created from 1 spans | buffer: 115/38078 (0.3%)
2026-08-05 08:38:11 | sleep.tagging                  | INFO  | step=139 | 1 tags created from 1 spans | buffer: 116/38078 (0.3%)
2026-08-05 08:38:11 | sleep.experiment.08            | INFO  | [Cycle 7] Wake summary: 20 facts -> 15 KV writes; bank: 1907/20000 tokens
2026-08-05 08:38:11 | sleep.prp                      | INFO  | step=140 | PRP update: 26/3807 allocated (1%) | +26 -0 | threshold=0.306 | mean_score=0.280
2026-08-05 08:38:11 | sleep.experiment.08            | INFO  | [Cycle 7] PRP: 26 allocated, 26 consolidation candidates
2026-08-05 08:38:11 | sleep.sleep_engine             | INFO  | === Sleep cycle START | 26 candidates ===
2026-08-05 08:38:11 | sleep.sleep_engine             | INFO  | Phase 1/5: GENERATE (strategy=original)
2026-08-05 08:38:11 | sleep.sleep_engine             | INFO  | KV memory injection: DISABLED
2026-08-05 08:38:11 | sleep.sleep_engine             | INFO  | Phase 1 (original strategy): 13 unique-source replays from 26 candidates
2026-08-05 08:38:11 | sleep.sleep_engine             | INFO  | Phase 1 complete: 13/26 replays generated
2026-08-05 08:38:11 | sleep.sleep_engine             | INFO  | Phase 2/5: QUALITY CHECK
2026-08-05 08:38:11 | sleep.sleep_engine.quality     | INFO  | Quality check REJECTED (similarity): Replay drifted too far from original experience (cosine similarity 0.0608 < theta_quality 0.5)
2026-08-05 08:38:11 | sleep.sleep_engine.quality     | INFO  | Quality check REJECTED (similarity): Replay drifted too far from original experience (cosine similarity -0.0630 < theta_quality 0.5)
2026-08-05 08:38:11 | sleep.sleep_engine.quality     | INFO  | Quality check REJECTED (similarity): Replay drifted too far from original experience (cosine similarity 0.1484 < theta_quality 0.5)
2026-08-05 08:38:11 | sleep.sleep_engine.quality     | INFO  | Quality check REJECTED (similarity): Replay drifted too far from original experience (cosine similarity 0.1084 < theta_quality 0.5)
2026-08-05 08:38:11 | sleep.sleep_engine.quality     | INFO  | Quality check REJECTED (similarity): Replay drifted too far from original experience (cosine similarity 0.0908 < theta_quality 0.5)
2026-08-05 08:38:11 | sleep.sleep_engine.quality     | INFO  | Quality check REJECTED (similarity): Replay drifted too far from original experience (cosine similarity 0.3047 < theta_quality 0.5)
2026-08-05 08:38:11 | sleep.sleep_engine.quality     | INFO  | Quality check REJECTED (similarity): Replay drifted too far from original experience (cosine similarity 0.0708 < theta_quality 0.5)
2026-08-05 08:38:11 | sleep.sleep_engine.quality     | INFO  | Quality check REJECTED (similarity): Replay drifted too far from original experience (cosine similarity 0.0081 < theta_quality 0.5)
2026-08-05 08:38:11 | sleep.sleep_engine.quality     | INFO  | Quality check REJECTED (similarity): Replay drifted too far from original experience (cosine similarity 0.0378 < theta_quality 0.5)
2026-08-05 08:38:11 | sleep.sleep_engine.quality     | INFO  | Quality check REJECTED (similarity): Replay drifted too far from original experience (cosine similarity 0.0084 < theta_quality 0.5)
2026-08-05 08:38:11 | sleep.sleep_engine.quality     | INFO  | Quality check REJECTED (similarity): Replay drifted too far from original experience (cosine similarity 0.2217 < theta_quality 0.5)
2026-08-05 08:38:11 | sleep.sleep_engine.quality     | INFO  | Quality check REJECTED (similarity): Replay drifted too far from original experience (cosine similarity 0.1641 < theta_quality 0.5)
2026-08-05 08:38:11 | sleep.sleep_engine.quality     | INFO  | Quality check REJECTED (similarity): Replay drifted too far from original experience (cosine similarity 0.1216 < theta_quality 0.5)
2026-08-05 08:38:11 | sleep.sleep_engine             | INFO  | Phase 2 complete: 0/13 replays accepted
2026-08-05 08:38:11 | sleep.sleep_engine             | INFO  | No replays accepted — skipping training, marking all candidates as failed
2026-08-05 08:38:11 | sleep.sleep_engine.cleanup     | INFO  | Cleanup complete | passed=0 | failed=26 | permanently_removed=0
2026-08-05 08:38:11 | sleep.sleep_engine             | INFO  | KV memory injection: ENABLED
2026-08-05 08:38:11 | sleep.sleep_engine             | INFO  | === Sleep cycle END (no accepted replays) ===
2026-08-05 08:41:19 | sleep.evaluation.recall        | INFO  | Recall evaluation: DRA=0.0452 across 140 cases
2026-08-05 08:41:46 | sleep.evaluation.recall        | INFO  | Recall evaluation: DRA=0.0667 across 20 cases
2026-08-05 08:41:46 | sleep.evaluation.preservation  | INFO  | Perplexity evaluation: PPL=18.9288 (mean_loss=2.9407, 54 tokens)
2026-08-05 08:41:46 | sleep.evaluation.preservation  | INFO  | BCP: 4.5924 (current_ppl=18.9288, original_ppl=4.1217)
2026-08-05 08:41:46 | sleep.experiment.08            | INFO  | [sleep Cycle 7 EVAL] DRA cumulative=0.045 (16/140 hits); DRA current=0.067 (2/20 hits); BCP=4.5924
2026-08-05 08:41:46 | sleep.experiment.08            | INFO  | ======================================================================
2026-08-05 08:41:46 | sleep.experiment.08            | INFO  | [SLEEP Cycle 8] Wake phase: 20 facts
2026-08-05 08:41:46 | sleep.experiment.08            | INFO  | ======================================================================
2026-08-05 08:41:46 | sleep.tagging                  | INFO  | step=141 | 2 tags created from 2 spans | buffer: 118/38078 (0.3%)
2026-08-05 08:41:46 | sleep.tagging                  | INFO  | step=142 | 1 tags created from 1 spans | buffer: 119/38078 (0.3%)
2026-08-05 08:41:47 | sleep.tagging                  | INFO  | step=143 | 1 tags created from 1 spans | buffer: 120/38078 (0.3%)
2026-08-05 08:41:47 | sleep.tagging                  | INFO  | step=144 | 1 tags created from 1 spans | buffer: 121/38078 (0.3%)
2026-08-05 08:41:47 | sleep.tagging                  | INFO  | step=148 | 1 tags created from 1 spans | buffer: 122/38078 (0.3%)
2026-08-05 08:41:47 | sleep.tagging                  | INFO  | step=149 | 1 tags created from 1 spans | buffer: 123/38078 (0.3%)
2026-08-05 08:41:47 | sleep.tagging                  | INFO  | step=151 | 1 tags created from 1 spans | buffer: 124/38078 (0.3%)
2026-08-05 08:41:47 | sleep.tagging                  | INFO  | step=153 | 2 tags created from 2 spans | buffer: 126/38078 (0.3%)
2026-08-05 08:41:47 | sleep.tagging                  | INFO  | step=154 | 1 tags created from 1 spans | buffer: 127/38078 (0.3%)
2026-08-05 08:41:47 | sleep.tagging                  | INFO  | step=156 | 1 tags created from 1 spans | buffer: 128/38078 (0.3%)
2026-08-05 08:41:47 | sleep.tagging                  | INFO  | step=157 | 1 tags created from 1 spans | buffer: 129/38078 (0.3%)
2026-08-05 08:41:47 | sleep.tagging                  | INFO  | step=159 | 1 tags created from 1 spans | buffer: 130/38078 (0.3%)
2026-08-05 08:41:47 | sleep.experiment.08            | INFO  | [Cycle 8] Wake summary: 20 facts -> 12 KV writes; bank: 2420/20000 tokens
2026-08-05 08:41:47 | sleep.prp                      | INFO  | step=160 | PRP update: 22/3807 allocated (1%) | +22 -0 | threshold=0.281 | mean_score=0.258
2026-08-05 08:41:47 | sleep.experiment.08            | INFO  | [Cycle 8] PRP: 22 allocated, 22 consolidation candidates
2026-08-05 08:41:47 | sleep.sleep_engine             | INFO  | === Sleep cycle START | 22 candidates ===
2026-08-05 08:41:47 | sleep.sleep_engine             | INFO  | Phase 1/5: GENERATE (strategy=original)
2026-08-05 08:41:47 | sleep.sleep_engine             | INFO  | KV memory injection: DISABLED
2026-08-05 08:41:47 | sleep.sleep_engine             | INFO  | Phase 1 (original strategy): 10 unique-source replays from 22 candidates
2026-08-05 08:41:47 | sleep.sleep_engine             | INFO  | Phase 1 complete: 10/22 replays generated
2026-08-05 08:41:47 | sleep.sleep_engine             | INFO  | Phase 2/5: QUALITY CHECK
2026-08-05 08:41:47 | sleep.sleep_engine.quality     | INFO  | Quality check REJECTED (similarity): Replay drifted too far from original experience (cosine similarity 0.0122 < theta_quality 0.5)
2026-08-05 08:41:48 | sleep.sleep_engine.quality     | INFO  | Quality check REJECTED (similarity): Replay drifted too far from original experience (cosine similarity -0.0068 < theta_quality 0.5)
2026-08-05 08:41:48 | sleep.sleep_engine.quality     | INFO  | Quality check REJECTED (similarity): Replay drifted too far from original experience (cosine similarity 0.0192 < theta_quality 0.5)
2026-08-05 08:41:48 | sleep.sleep_engine.quality     | INFO  | Quality check REJECTED (similarity): Replay drifted too far from original experience (cosine similarity 0.2031 < theta_quality 0.5)
2026-08-05 08:41:48 | sleep.sleep_engine.quality     | INFO  | Quality check REJECTED (similarity): Replay drifted too far from original experience (cosine similarity 0.0640 < theta_quality 0.5)
2026-08-05 08:41:48 | sleep.sleep_engine.quality     | INFO  | Quality check REJECTED (similarity): Replay drifted too far from original experience (cosine similarity 0.1001 < theta_quality 0.5)
2026-08-05 08:41:48 | sleep.sleep_engine.quality     | INFO  | Quality check REJECTED (similarity): Replay drifted too far from original experience (cosine similarity 0.0214 < theta_quality 0.5)
2026-08-05 08:41:48 | sleep.sleep_engine.quality     | INFO  | Quality check REJECTED (similarity): Replay drifted too far from original experience (cosine similarity 0.1299 < theta_quality 0.5)
2026-08-05 08:41:48 | sleep.sleep_engine.quality     | INFO  | Quality check REJECTED (similarity): Replay drifted too far from original experience (cosine similarity 0.0408 < theta_quality 0.5)
2026-08-05 08:41:48 | sleep.sleep_engine.quality     | INFO  | Quality check REJECTED (similarity): Replay drifted too far from original experience (cosine similarity 0.0884 < theta_quality 0.5)
2026-08-05 08:41:48 | sleep.sleep_engine             | INFO  | Phase 2 complete: 0/10 replays accepted
2026-08-05 08:41:48 | sleep.sleep_engine             | INFO  | No replays accepted — skipping training, marking all candidates as failed
2026-08-05 08:41:48 | sleep.sleep_engine.cleanup     | INFO  | Cleanup complete | passed=0 | failed=22 | permanently_removed=0
2026-08-05 08:41:48 | sleep.sleep_engine             | INFO  | KV memory injection: ENABLED
2026-08-05 08:41:48 | sleep.sleep_engine             | INFO  | === Sleep cycle END (no accepted replays) ===
2026-08-05 08:45:23 | sleep.evaluation.recall        | INFO  | Recall evaluation: DRA=0.0458 across 160 cases
2026-08-05 08:45:50 | sleep.evaluation.recall        | INFO  | Recall evaluation: DRA=0.0333 across 20 cases
2026-08-05 08:45:51 | sleep.evaluation.preservation  | INFO  | Perplexity evaluation: PPL=18.4041 (mean_loss=2.9126, 54 tokens)
2026-08-05 08:45:51 | sleep.evaluation.preservation  | INFO  | BCP: 4.4651 (current_ppl=18.4041, original_ppl=4.1217)
2026-08-05 08:45:51 | sleep.experiment.08            | INFO  | [sleep Cycle 8 EVAL] DRA cumulative=0.046 (19/160 hits); DRA current=0.033 (2/20 hits); BCP=4.4651
2026-08-05 08:45:51 | sleep.experiment.08            | INFO  | ======================================================================
2026-08-05 08:45:51 | sleep.experiment.08            | INFO  | [SLEEP Cycle 9] Wake phase: 20 facts
2026-08-05 08:45:51 | sleep.experiment.08            | INFO  | ======================================================================
2026-08-05 08:45:51 | sleep.tagging                  | INFO  | step=161 | 2 tags created from 2 spans | buffer: 132/38078 (0.3%)
2026-08-05 08:45:51 | sleep.tagging                  | INFO  | step=162 | 1 tags created from 1 spans | buffer: 133/38078 (0.3%)
2026-08-05 08:45:51 | sleep.tagging                  | INFO  | step=163 | 1 tags created from 1 spans | buffer: 134/38078 (0.4%)
2026-08-05 08:45:51 | sleep.tagging                  | INFO  | step=166 | 1 tags created from 1 spans | buffer: 135/38078 (0.4%)
2026-08-05 08:45:51 | sleep.tagging                  | INFO  | step=167 | 2 tags created from 2 spans | buffer: 137/38078 (0.4%)
2026-08-05 08:45:51 | sleep.tagging                  | INFO  | step=168 | 1 tags created from 1 spans | buffer: 138/38078 (0.4%)
2026-08-05 08:45:51 | sleep.tagging                  | INFO  | step=171 | 2 tags created from 2 spans | buffer: 140/38078 (0.4%)
2026-08-05 08:45:51 | sleep.tagging                  | INFO  | step=173 | 2 tags created from 2 spans | buffer: 142/38078 (0.4%)
2026-08-05 08:45:51 | sleep.tagging                  | INFO  | step=174 | 2 tags created from 2 spans | buffer: 144/38078 (0.4%)
2026-08-05 08:45:51 | sleep.tagging                  | INFO  | step=175 | 1 tags created from 1 spans | buffer: 145/38078 (0.4%)
2026-08-05 08:45:51 | sleep.tagging                  | INFO  | step=176 | 1 tags created from 1 spans | buffer: 146/38078 (0.4%)
2026-08-05 08:45:52 | sleep.tagging                  | INFO  | step=179 | 1 tags created from 1 spans | buffer: 147/38078 (0.4%)
2026-08-05 08:45:52 | sleep.experiment.08            | INFO  | [Cycle 9] Wake summary: 20 facts -> 12 KV writes; bank: 2927/20000 tokens
2026-08-05 08:45:52 | sleep.prp                      | INFO  | step=180 | PRP update: 19/3807 allocated (0%) | +19 -0 | threshold=0.290 | mean_score=0.264
2026-08-05 08:45:52 | sleep.experiment.08            | INFO  | [Cycle 9] PRP: 19 allocated, 19 consolidation candidates
2026-08-05 08:45:52 | sleep.sleep_engine             | INFO  | === Sleep cycle START | 19 candidates ===
2026-08-05 08:45:52 | sleep.sleep_engine             | INFO  | Phase 1/5: GENERATE (strategy=original)
2026-08-05 08:45:52 | sleep.sleep_engine             | INFO  | KV memory injection: DISABLED
2026-08-05 08:45:52 | sleep.sleep_engine             | INFO  | Phase 1 (original strategy): 11 unique-source replays from 19 candidates
2026-08-05 08:45:52 | sleep.sleep_engine             | INFO  | Phase 1 complete: 11/19 replays generated
2026-08-05 08:45:52 | sleep.sleep_engine             | INFO  | Phase 2/5: QUALITY CHECK
2026-08-05 08:45:52 | sleep.sleep_engine.quality     | INFO  | Quality check REJECTED (similarity): Replay drifted too far from original experience (cosine similarity 0.0055 < theta_quality 0.5)
2026-08-05 08:45:52 | sleep.sleep_engine.quality     | INFO  | Quality check REJECTED (similarity): Replay drifted too far from original experience (cosine similarity 0.0466 < theta_quality 0.5)
2026-08-05 08:45:52 | sleep.sleep_engine.quality     | INFO  | Quality check REJECTED (similarity): Replay drifted too far from original experience (cosine similarity 0.2715 < theta_quality 0.5)
2026-08-05 08:45:52 | sleep.sleep_engine.quality     | INFO  | Quality check REJECTED (similarity): Replay drifted too far from original experience (cosine similarity 0.1221 < theta_quality 0.5)
2026-08-05 08:45:52 | sleep.sleep_engine.quality     | INFO  | Quality check REJECTED (similarity): Replay drifted too far from original experience (cosine similarity 0.0466 < theta_quality 0.5)
2026-08-05 08:45:52 | sleep.sleep_engine.quality     | INFO  | Quality check REJECTED (similarity): Replay drifted too far from original experience (cosine similarity 0.0645 < theta_quality 0.5)
2026-08-05 08:45:52 | sleep.sleep_engine.quality     | INFO  | Quality check REJECTED (similarity): Replay drifted too far from original experience (cosine similarity 0.0067 < theta_quality 0.5)
2026-08-05 08:45:52 | sleep.sleep_engine.quality     | INFO  | Quality check REJECTED (similarity): Replay drifted too far from original experience (cosine similarity 0.0354 < theta_quality 0.5)
2026-08-05 08:45:52 | sleep.sleep_engine.quality     | INFO  | Quality check REJECTED (similarity): Replay drifted too far from original experience (cosine similarity 0.1211 < theta_quality 0.5)
2026-08-05 08:45:52 | sleep.sleep_engine.quality     | INFO  | Quality check REJECTED (similarity): Replay drifted too far from original experience (cosine similarity 0.0366 < theta_quality 0.5)
2026-08-05 08:45:52 | sleep.sleep_engine.quality     | INFO  | Quality check REJECTED (similarity): Replay drifted too far from original experience (cosine similarity 0.1177 < theta_quality 0.5)
2026-08-05 08:45:52 | sleep.sleep_engine             | INFO  | Phase 2 complete: 0/11 replays accepted
2026-08-05 08:45:52 | sleep.sleep_engine             | INFO  | No replays accepted — skipping training, marking all candidates as failed
2026-08-05 08:45:52 | sleep.sleep_engine.cleanup     | INFO  | Cleanup complete | passed=0 | failed=19 | permanently_removed=0
2026-08-05 08:45:52 | sleep.sleep_engine             | INFO  | KV memory injection: ENABLED
2026-08-05 08:45:52 | sleep.sleep_engine             | INFO  | === Sleep cycle END (no accepted replays) ===
2026-08-05 08:49:52 | sleep.evaluation.recall        | INFO  | Recall evaluation: DRA=0.0444 across 180 cases
2026-08-05 08:50:19 | sleep.evaluation.recall        | INFO  | Recall evaluation: DRA=0.0333 across 20 cases
2026-08-05 08:50:19 | sleep.evaluation.preservation  | INFO  | Perplexity evaluation: PPL=18.6284 (mean_loss=2.9247, 54 tokens)
2026-08-05 08:50:19 | sleep.evaluation.preservation  | INFO  | BCP: 4.5196 (current_ppl=18.6284, original_ppl=4.1217)
2026-08-05 08:50:19 | sleep.experiment.08            | INFO  | [sleep Cycle 9 EVAL] DRA cumulative=0.044 (21/180 hits); DRA current=0.033 (2/20 hits); BCP=4.5196
2026-08-05 08:50:19 | sleep.experiment.08            | INFO  | ======================================================================
2026-08-05 08:50:19 | sleep.experiment.08            | INFO  | [SLEEP Cycle 10] Wake phase: 20 facts
2026-08-05 08:50:19 | sleep.experiment.08            | INFO  | ======================================================================
2026-08-05 08:50:19 | sleep.tagging                  | INFO  | step=181 | 1 tags created from 1 spans | buffer: 148/38078 (0.4%)
2026-08-05 08:50:19 | sleep.tagging                  | INFO  | step=182 | 1 tags created from 1 spans | buffer: 149/38078 (0.4%)
2026-08-05 08:50:19 | sleep.tagging                  | INFO  | step=183 | 1 tags created from 1 spans | buffer: 150/38078 (0.4%)
2026-08-05 08:50:19 | sleep.tagging                  | INFO  | step=184 | 1 tags created from 1 spans | buffer: 151/38078 (0.4%)
2026-08-05 08:50:20 | sleep.tagging                  | INFO  | step=186 | 1 tags created from 1 spans | buffer: 152/38078 (0.4%)
2026-08-05 08:50:20 | sleep.tagging                  | INFO  | step=187 | 2 tags created from 2 spans | buffer: 154/38078 (0.4%)
2026-08-05 08:50:20 | sleep.tagging                  | INFO  | step=189 | 1 tags created from 1 spans | buffer: 155/38078 (0.4%)
2026-08-05 08:50:20 | sleep.tagging                  | INFO  | step=191 | 2 tags created from 2 spans | buffer: 157/38078 (0.4%)
2026-08-05 08:50:20 | sleep.tagging                  | INFO  | step=193 | 1 tags created from 1 spans | buffer: 158/38078 (0.4%)
2026-08-05 08:50:20 | sleep.tagging                  | INFO  | step=194 | 1 tags created from 1 spans | buffer: 159/38078 (0.4%)
2026-08-05 08:50:20 | sleep.tagging                  | INFO  | step=196 | 1 tags created from 1 spans | buffer: 160/38078 (0.4%)
2026-08-05 08:50:20 | sleep.experiment.08            | INFO  | [Cycle 10] Wake summary: 20 facts -> 11 KV writes; bank: 3387/20000 tokens
2026-08-05 08:50:20 | sleep.prp                      | INFO  | step=200 | PRP update: 34/3807 allocated (1%) | +34 -0 | threshold=0.300 | mean_score=0.276
2026-08-05 08:50:20 | sleep.experiment.08            | INFO  | [Cycle 10] PRP: 34 allocated, 34 consolidation candidates
2026-08-05 08:50:20 | sleep.sleep_engine             | INFO  | === Sleep cycle START | 34 candidates ===
2026-08-05 08:50:20 | sleep.sleep_engine             | INFO  | Phase 1/5: GENERATE (strategy=original)
2026-08-05 08:50:20 | sleep.sleep_engine             | INFO  | KV memory injection: DISABLED
2026-08-05 08:50:20 | sleep.sleep_engine             | INFO  | Phase 1 (original strategy): 10 unique-source replays from 34 candidates
2026-08-05 08:50:20 | sleep.sleep_engine             | INFO  | Phase 1 complete: 10/34 replays generated
2026-08-05 08:50:20 | sleep.sleep_engine             | INFO  | Phase 2/5: QUALITY CHECK
2026-08-05 08:50:20 | sleep.sleep_engine.quality     | INFO  | Quality check REJECTED (similarity): Replay drifted too far from original experience (cosine similarity 0.0277 < theta_quality 0.5)
2026-08-05 08:50:20 | sleep.sleep_engine.quality     | INFO  | Quality check REJECTED (similarity): Replay drifted too far from original experience (cosine similarity 0.0500 < theta_quality 0.5)
2026-08-05 08:50:20 | sleep.sleep_engine.quality     | INFO  | Quality check REJECTED (similarity): Replay drifted too far from original experience (cosine similarity 0.1162 < theta_quality 0.5)
2026-08-05 08:50:20 | sleep.sleep_engine.quality     | INFO  | Quality check REJECTED (similarity): Replay drifted too far from original experience (cosine similarity -0.0299 < theta_quality 0.5)
2026-08-05 08:50:20 | sleep.sleep_engine.quality     | INFO  | Quality check REJECTED (similarity): Replay drifted too far from original experience (cosine similarity 0.1182 < theta_quality 0.5)
2026-08-05 08:50:20 | sleep.sleep_engine.quality     | INFO  | Quality check REJECTED (similarity): Replay drifted too far from original experience (cosine similarity 0.0457 < theta_quality 0.5)
2026-08-05 08:50:20 | sleep.sleep_engine.quality     | INFO  | Quality check REJECTED (similarity): Replay drifted too far from original experience (cosine similarity 0.0439 < theta_quality 0.5)
2026-08-05 08:50:21 | sleep.sleep_engine.quality     | INFO  | Quality check REJECTED (similarity): Replay drifted too far from original experience (cosine similarity 0.1582 < theta_quality 0.5)
2026-08-05 08:50:21 | sleep.sleep_engine.quality     | INFO  | Quality check REJECTED (similarity): Replay drifted too far from original experience (cosine similarity 0.0957 < theta_quality 0.5)
2026-08-05 08:50:21 | sleep.sleep_engine.quality     | INFO  | Quality check REJECTED (similarity): Replay drifted too far from original experience (cosine similarity 0.4844 < theta_quality 0.5)
2026-08-05 08:50:21 | sleep.sleep_engine             | INFO  | Phase 2 complete: 0/10 replays accepted
2026-08-05 08:50:21 | sleep.sleep_engine             | INFO  | No replays accepted — skipping training, marking all candidates as failed
2026-08-05 08:50:21 | sleep.sleep_engine.cleanup     | INFO  | Cleanup complete | passed=0 | failed=34 | permanently_removed=0
2026-08-05 08:50:21 | sleep.sleep_engine             | INFO  | KV memory injection: ENABLED
2026-08-05 08:50:21 | sleep.sleep_engine             | INFO  | === Sleep cycle END (no accepted replays) ===
2026-08-05 08:54:45 | sleep.evaluation.recall        | INFO  | Recall evaluation: DRA=0.0500 across 200 cases
2026-08-05 08:55:12 | sleep.evaluation.recall        | INFO  | Recall evaluation: DRA=0.0667 across 20 cases
2026-08-05 08:55:12 | sleep.evaluation.preservation  | INFO  | Perplexity evaluation: PPL=18.6900 (mean_loss=2.9280, 54 tokens)
2026-08-05 08:55:12 | sleep.evaluation.preservation  | INFO  | BCP: 4.5345 (current_ppl=18.6900, original_ppl=4.1217)
2026-08-05 08:55:12 | sleep.experiment.08            | INFO  | [sleep Cycle 10 EVAL] DRA cumulative=0.050 (25/200 hits); DRA current=0.067 (2/20 hits); BCP=4.5345

==============================================================================
MULTI-CYCLE SUMMARY (sleep)
==============================================================================
Cycle  Cum N   DRA cum    DRA cur    BCP       
--------------------------------------------------
1      20      0.0000     0.0000     1.1791    
2      40      0.0917     0.1333     1.9802    
3      60      0.0833     0.0500     2.0419    
4      80      0.0375     0.0333     4.4031    
5      100     0.0400     0.0333     4.5701    
6      120     0.0444     0.0667     4.4532    
7      140     0.0452     0.0667     4.5924    
8      160     0.0458     0.0333     4.4651    
9      180     0.0444     0.0333     4.5196    
10     200     0.0500     0.0667     4.5345    

Results saved to: /workspace/results/multicycle_sleep_10c.json
